contract_id,source,buyer_key,cpv_div2,category_label,start_date,declared_duration_months,event,observed_duration_months,censoring_duration_months,renewal_duration_months,renewal_contract_id,amount_clean,type_procedure,type_marche,dur_was_imputed,estimated_end_date,start_date_source,link_method,composite_score,text_similarity,cpv_match_score,cpv_used_in_score,temporal_score,flag_amount_zero,flag_amount_tiny,flag_amount_ceiling,best_composite_score,second_best_composite_score,score_margin,n_candidates_for_source,single_candidate_match,high_confidence_strict,rule_name,event_definition,is_censored
BOAMP:15-30947,BOAMP,NAME:smictom de la vallee de l authion,48.0,Software & Applications,2015-03-02,12.0,0,118.0,118.0,,,150000.0,OUVERT,SERVICES,False,2016-03-01,publication_date,none,,,,,,0,0,0,,,,0,False,False,broad,calibrated_broad,1
BOAMP:15-31464,BOAMP,SIREN:285300018,,Unknown,2015-03-02,36.0,1,33.54,,33.54,BOAMP:17-176560,,OUVERT,FOURNITURES,False,2018-03-01,publication_date,calibrated_rule,0.7265,0.6922,,False,0.59,0,0,0,0.7265,,,1,True,False,broad,calibrated_broad,0
BOAMP:15-31513,BOAMP,SIREN:214401432,38.0,Unknown,2015-03-02,48.0,0,118.0,118.0,,,,OUVERT,FOURNITURES,False,2019-03-02,publication_date,none,,,,,,0,0,0,,,,0,False,False,broad,calibrated_broad,1
BOAMP:15-20937,BOAMP,SIREN:214401093,44.0,Unknown,2015-03-03,48.0,1,47.17,,47.17,BOAMP:19-17307,,OUVERT,FOURNITURES,False,2019-03-03,publication_date,calibrated_rule,0.8467,0.686,1.0,True,0.8617,0,0,0,0.8467,,,1,True,False,broad,calibrated_broad,0
BOAMP:15-32168,BOAMP,SIREN:234400034,72.0,IT Services & Consulting,2015-07-21,24.0,1,24.11,,24.11,BOAMP:17-48788,,OUVERT,SERVICES,False,2017-07-20,attribution_award_date,calibrated_rule,0.5967,0.5009,0.2,True,0.9817,0,0,0,0.5967,0.5589,0.0378,11,False,False,broad,calibrated_broad,0
BOAMP:15-31641,BOAMP,SIREN:784301525,,Data & AI,2015-03-04,12.0,0,117.94,117.94,,,800000.0,OUVERT,FOURNITURES,False,2016-03-03,publication_date,none,,,,,,0,0,0,,,,0,False,False,broad,calibrated_broad,1
BOAMP:15-31797,BOAMP,NAME:acoss,72.0,IT Services & Consulting,2015-03-04,12.0,0,117.94,117.94,,,,OUVERT,SERVICES,False,2016-03-03,publication_date,none,,,,,,0,0,0,,,,0,False,False,broad,calibrated_broad,1
BOAMP:15-33241,BOAMP,SIREN:264400136,32.0,Telecom & Networks,2015-09-11,48.0,1,52.96,,52.96,BOAMP:20-19986,,OUVERT,FOURNITURES,True,2019-09-11,attribution_award_date,calibrated_rule,0.6689,0.5856,1.0,True,0.1733,0,0,0,0.6689,0.4908,0.1781,2,False,False,broad,calibrated_broad,0
BOAMP:15-33752,BOAMP,SIREN:234400034,72.0,Cybersecurity,2015-06-29,48.0,1,52.76,,52.76,BOAMP:19-174098,,OUVERT,SERVICES,True,2019-06-29,attribution_award_date,calibrated_rule,0.4552,0.5347,0.2,True,0.2067,0,0,0,0.4552,0.4383,0.0169,3,False,False,broad,calibrated_broad,0
BOAMP:15-34520,BOAMP,NAME:d angers,32.0,Telecom & Networks,2015-03-06,48.0,0,117.87,117.87,,,,PROCEDURE_ADAPTE,FOURNITURES,True,2019-03-06,publication_date,none,,,,,,0,0,0,,,,0,False,False,broad,calibrated_broad,1
BOAMP:15-37182,BOAMP,NAME:mindef dga dt scat,35.0,Cybersecurity,2015-03-11,48.0,0,117.71,117.71,,,,NEGOCIE,,False,2019-03-11,publication_date,none,,,,,,0,0,0,,,,0,False,False,broad,calibrated_broad,1
BOAMP:15-42843,BOAMP,NAME:cte de cnes de l ile de noirmoutier,72.0,IT Services & Consulting,2015-03-24,48.0,0,117.28,117.28,,,,OUVERT,SERVICES,False,2019-03-24,publication_date,none,,,,,,0,0,0,,,,0,False,False,broad,calibrated_broad,1
BOAMP:15-44999,BOAMP,NAME:conseil general de la vendee,39.0,Cybersecurity,2015-03-24,48.0,0,117.28,117.28,,,,OUVERT,,True,2019-03-24,publication_date,none,,,,,,0,0,0,,,,0,False,False,broad,calibrated_broad,1
BOAMP:15-47591,BOAMP,SIREN:532458809,32.0,Telecom & Networks,2015-03-27,36.0,0,117.18,117.18,,,,PROCEDURE_ADAPTE,,False,2018-03-26,publication_date,none,,,,,,0,0,0,,,,0,False,False,broad,calibrated_broad,1
BOAMP:15-47696,BOAMP,SIREN:110006012,72.0,IT Services & Consulting,2015-03-30,48.0,1,47.21,,47.21,BOAMP:19-34512,,OUVERT,SERVICES,False,2019-03-30,publication_date,calibrated_rule,0.5259,0.5056,0.0,True,0.8683,0,0,0,0.5259,,,1,True,False,broad,calibrated_broad,0
BOAMP:15-31076,BOAMP,SIREN:218501914,35.0,Cybersecurity,2015-04-01,48.0,0,117.02,117.02,,,,PROCEDURE_ADAPTE,,False,2019-04-01,publication_date,none,,,,,,0,0,0,,,,0,False,False,broad,calibrated_broad,1
BOAMP:15-50314,BOAMP,SIREN:110006012,72.0,IT Services & Consulting,2015-04-02,48.0,0,116.98,116.98,,,,OUVERT,,True,2019-04-02,publication_date,none,,,,,,0,0,0,,,,0,False,False,broad,calibrated_broad,1
BOAMP:15-51571,BOAMP,NAME:residences saint alexandre,48.0,Software & Applications,2015-04-07,48.0,0,116.82,116.82,,,,OUVERT,,True,2019-04-07,publication_date,none,,,,,,0,0,0,,,,0,False,False,broad,calibrated_broad,1
BOAMP:15-52664,BOAMP,SIREN:110006012,72.0,IT Services & Consulting,2015-04-08,48.0,1,46.91,,46.91,BOAMP:19-34512,,OUVERT,SERVICES,False,2019-04-08,publication_date,calibrated_rule,0.4972,0.4589,0.0,True,0.8183,0,0,0,0.4972,,,1,True,False,broad,calibrated_broad,0
BOAMP:15-53947,BOAMP,SIREN:214401622,48.0,Software & Applications,2015-04-10,48.0,0,116.72,116.72,,,,PROCEDURE_ADAPTE,SERVICES,True,2019-04-10,publication_date,none,,,,,,0,0,0,,,,0,False,False,broad,calibrated_broad,1
BOAMP:15-54892,BOAMP,SIREN:288500010,32.0,Telecom & Networks,2015-04-10,48.0,0,116.72,116.72,,,,OUVERT,,True,2019-04-10,publication_date,none,,,,,,0,0,0,,,,0,False,False,broad,calibrated_broad,1
BOAMP:15-54272,BOAMP,SIREN:264900390,,Unknown,2015-04-10,44.0,0,116.72,116.72,,,,OUVERT,,False,2018-12-09,publication_date,none,,,,,,0,0,0,,,,0,False,False,broad,calibrated_broad,1
BOAMP:15-54977,BOAMP,NAME:conseil general de la sarthe,64.0,Digital Workplace & Collaboration,2015-04-13,48.0,0,116.62,116.62,,,,OUVERT,SERVICES,True,2019-04-13,publication_date,none,,,,,,0,0,0,,,,0,False,False,broad,calibrated_broad,1
BOAMP:15-55213,BOAMP,SIREN:451324974,32.0,Telecom & Networks,2015-04-13,12.0,0,116.62,116.62,,,,OUVERT,,False,2016-04-12,publication_date,none,,,,,,0,0,0,,,,0,False,False,broad,calibrated_broad,1
BOAMP:15-56123,BOAMP,SIREN:247200132,45.0,Unknown,2015-04-14,48.0,1,47.37,,47.37,BOAMP:18-146639,,PROCEDURE_ADAPTE,,True,2019-04-14,publication_date,calibrated_rule,0.5058,0.4421,0.0,True,0.895,0,0,0,0.5058,,,1,True,False,broad,calibrated_broad,0
BOAMP:15-56649,BOAMP,SIREN:234400034,72.0,IT Services & Consulting,2015-04-14,12.0,1,16.13,,16.13,BOAMP:16-84309,,OUVERT,SERVICES,False,2016-04-13,publication_date,calibrated_rule,0.4049,0.4814,0.0,True,0.3117,0,0,0,0.4049,,,1,True,False,broad,calibrated_broad,0
BOAMP:15-55527,BOAMP,NAME:cdc du pays de saint gilles cx de vie,48.0,Software & Applications,2015-04-14,48.0,1,42.18,,42.18,BOAMP:18-52482,,OUVERT,SERVICES,True,2019-04-14,publication_date,calibrated_rule,0.3881,0.4552,0.2,True,0.03,0,0,0,0.3881,,,1,True,False,broad,calibrated_broad,0
BOAMP:15-56918,BOAMP,NAME:vallet,32.0,Telecom & Networks,2015-04-15,12.0,0,116.56,116.56,,,,PROCEDURE_ADAPTE,,False,2016-04-14,publication_date,none,,,,,,0,0,0,,,,0,False,False,broad,calibrated_broad,1
BOAMP:15-56776,BOAMP,SIREN:532458809,32.0,Telecom & Networks,2015-04-15,48.0,1,45.24,,45.24,BOAMP:19-10579,,PROCEDURE_ADAPTE,,True,2019-04-15,publication_date,calibrated_rule,0.421,0.4074,0.0,True,0.54,0,0,0,0.421,,,1,True,False,broad,calibrated_broad,0
BOAMP:15-58339,BOAMP,NAME:cnieg,72.0,IT Services & Consulting,2015-07-22,48.0,0,113.34,113.34,,,,OUVERT,SERVICES,False,2019-07-22,attribution_award_date,none,,,,,,0,0,0,,,,0,False,False,broad,calibrated_broad,1
BOAMP:15-58989,BOAMP,NAME:ccir pays de la loire,48.0,Software & Applications,2015-04-17,48.0,1,44.32,,44.32,BOAMP:18-148384,,OUVERT,,True,2019-04-17,publication_date,calibrated_rule,0.48,0.6317,0.0,True,0.3867,0,0,0,0.48,0.396,0.084,2,False,False,broad,calibrated_broad,0
BOAMP:15-59370,BOAMP,SIREN:264400136,72.0,IT Services & Consulting,2015-04-20,48.0,0,116.39,116.39,,,,PROCEDURE_ADAPTE,SERVICES,False,2019-04-20,publication_date,none,,,,,,0,0,0,,,,0,False,False,broad,calibrated_broad,1
BOAMP:15-59556,BOAMP,NAME:conseil general de loire atlantique,35.0,Cybersecurity,2015-08-24,48.0,0,112.25,112.25,,,200000.0,OUVERT,,False,2019-08-24,attribution_award_date,none,,,,,,0,0,0,,,,0,False,False,broad,calibrated_broad,1
BOAMP:15-64142,BOAMP,SIREN:264400136,48.0,Software & Applications,2015-04-24,48.0,1,47.77,,47.77,BOAMP:19-59985,,PROCEDURE_ADAPTE,,True,2019-04-24,publication_date,calibrated_rule,0.5735,0.4528,0.2,True,0.9617,0,0,0,0.5735,0.3852,0.1883,2,False,False,broad,calibrated_broad,0
BOAMP:15-50024,BOAMP,SIREN:258500222,35.0,Cybersecurity,2015-06-25,6.0,0,114.22,114.22,,,,PROCEDURE_ADAPTE,,False,2015-12-24,attribution_award_date,none,,,,,,0,0,0,,,,0,False,False,broad,calibrated_broad,1
BOAMP:15-63153,BOAMP,SIREN:258500222,45.0,Unknown,2015-04-27,48.0,1,48.59,,48.59,BOAMP:19-75795,,PROCEDURE_ADAPTE,,True,2019-04-27,publication_date,calibrated_rule,0.5157,0.4633,0.0,True,0.9017,0,0,0,0.5157,,,1,True,False,broad,calibrated_broad,0
BOAMP:15-64904,BOAMP,SIREN:288500010,48.0,Software & Applications,2015-04-28,68.0,1,71.48,,71.48,BOAMP:20-137315,,PROCEDURE_ADAPTE,,False,2020-12-26,publication_date,calibrated_rule,0.4066,0.4315,0.0,True,0.42,0,0,0,0.4066,,,1,True,False,broad,calibrated_broad,0
BOAMP:15-65940,BOAMP,NAME:pole sante sarthe et loire,72.0,IT Maintenance & Support,2015-04-29,48.0,0,116.1,116.1,,,,PROCEDURE_ADAPTE,SERVICES,True,2019-04-29,publication_date,none,,,,,,0,0,0,,,,0,False,False,broad,calibrated_broad,1
BOAMP:15-65742,BOAMP,NAME:ville du mans,32.0,Telecom & Networks,2015-07-10,48.0,0,113.73,113.73,,,,PROCEDURE_ADAPTE,,True,2019-07-10,attribution_award_date,none,,,,,,0,0,0,,,,0,False,False,broad,calibrated_broad,1
BOAMP:15-68078,BOAMP,NAME:dir ouest,32.0,Telecom & Networks,2015-05-04,48.0,1,52.99,,52.99,BOAMP:19-71182,240000.0,OUVERT,SERVICES,False,2019-05-04,publication_date,calibrated_rule,0.7631,0.8236,1.0,True,0.1683,0,0,0,0.7631,,,1,True,False,broad,calibrated_broad,0
BOAMP:15-67480,BOAMP,NAME:syndicat departemental d energie,48.0,Software & Applications,2015-05-04,48.0,0,115.93,115.93,,,,PROCEDURE_ADAPTE,SERVICES,True,2019-05-04,publication_date,none,,,,,,0,0,0,,,,0,False,False,broad,calibrated_broad,1
BOAMP:15-70236,BOAMP,SIREN:288500010,72.0,IT Services & Consulting,2015-05-06,42.0,0,115.87,115.87,,,,PROCEDURE_ADAPTE,SERVICES,False,2018-11-04,publication_date,none,,,,,,0,0,0,,,,0,False,False,broad,calibrated_broad,1
BOAMP:15-71156,BOAMP,SIREN:194909701,48.0,Software & Applications,2015-10-06,48.0,0,110.84,110.84,,,,OUVERT,,False,2019-10-06,attribution_award_date,none,,,,,,0,0,0,,,,0,False,False,broad,calibrated_broad,1
BOAMP:15-72457,BOAMP,SIREN:234400034,72.0,IT Services & Consulting,2015-05-12,12.0,1,17.25,,17.25,BOAMP:16-96174,,OUVERT,SERVICES,False,2016-05-11,publication_date,calibrated_rule,0.374,0.4976,0.0,True,0.125,0,0,0,0.374,,,1,True,False,broad,calibrated_broad,0
BOAMP:15-78724,BOAMP,NAME:e collectivites vendee,72.0,IT Services & Consulting,2015-05-22,48.0,0,115.34,115.34,,,,PROCEDURE_ADAPTE,SERVICES,True,2019-05-22,publication_date,none,,,,,,0,0,0,,,,0,False,False,broad,calibrated_broad,1
BOAMP:15-78916,BOAMP,SIREN:264400136,72.0,IT Services & Consulting,2015-05-22,48.0,0,115.34,115.34,,,,PROCEDURE_ADAPTE,SERVICES,True,2019-05-22,publication_date,none,,,,,,0,0,0,,,,0,False,False,broad,calibrated_broad,1
BOAMP:15-78924,BOAMP,SIREN:234400034,,Telecom & Networks,2015-05-26,12.0,1,14.09,,14.09,BOAMP:16-61484,,OUVERT,SERVICES,False,2016-05-25,publication_date,calibrated_rule,0.6068,0.437,,False,0.6517,0,0,0,0.6068,0.5534,0.0535,4,False,False,broad,calibrated_broad,0
BOAMP:15-81386,BOAMP,NAME:gpm de nantes st nazaire,48.0,Software & Applications,2015-05-28,48.0,1,48.29,,48.29,BOAMP:19-87510,600000.0,DIALOGUE_COMPETITIF,SERVICES,True,2019-05-28,publication_date,calibrated_rule,0.576,0.4641,0.2,True,0.9517,0,0,0,0.576,,,1,True,False,broad,calibrated_broad,0
BOAMP:15-81231,BOAMP,NAME:saem vendee,72.0,IT Services & Consulting,2015-09-28,48.0,0,111.1,111.1,,,,OUVERT,SERVICES,True,2019-09-28,attribution_award_date,none,,,,,,0,0,0,,,,0,False,False,broad,calibrated_broad,1
BOAMP:15-82510,BOAMP,NAME:cg49,,Data & AI,2015-06-01,48.0,0,115.01,115.01,,,,OUVERT,,True,2019-06-01,publication_date,none,,,,,,0,0,0,,,,0,False,False,broad,calibrated_broad,1
BOAMP:15-82236,BOAMP,SIREN:214401432,38.0,Unknown,2015-06-01,48.0,0,115.01,115.01,,,1090000.0,OUVERT,,False,2019-06-01,publication_date,none,,,,,,0,0,0,,,,0,False,False,broad,calibrated_broad,1
BOAMP:15-83632,BOAMP,SIREN:264400136,72.0,IT Services & Consulting,2015-06-03,48.0,1,49.08,,49.08,BOAMP:19-103545,,PROCEDURE_ADAPTE,SERVICES,True,2019-06-03,publication_date,calibrated_rule,0.5302,0.5405,0.0,True,0.82,0,0,0,0.5302,,,1,True,False,broad,calibrated_broad,0
BOAMP:15-85320,BOAMP,SIREN:110006012,48.0,Software & Applications,2015-06-04,48.0,0,114.91,114.91,,,,PROCEDURE_ADAPTE,,True,2019-06-04,publication_date,none,,,,,,0,0,0,,,,0,False,False,broad,calibrated_broad,1
BOAMP:15-84881,BOAMP,NAME:nantes metropole,48.0,Software & Applications,2015-10-14,48.0,1,47.83,,47.83,BOAMP:19-151382,,OUVERT,SERVICES,False,2019-10-14,attribution_award_date,calibrated_rule,0.6598,0.6637,0.2,True,0.9717,0,0,0,0.6598,0.5181,0.1417,4,False,False,broad,calibrated_broad,0
BOAMP:15-86218,BOAMP,SIREN:264400136,35.0,Cybersecurity,2015-06-05,48.0,0,114.88,114.88,,,,PROCEDURE_ADAPTE,,False,2019-06-05,publication_date,none,,,,,,0,0,0,,,,0,False,False,broad,calibrated_broad,1
BOAMP:15-87511,BOAMP,SIREN:265300087,,Telecom & Networks,2015-06-09,48.0,0,114.75,114.75,,,,OUVERT,SERVICES,True,2019-06-09,publication_date,none,,,,,,0,0,0,,,,0,False,False,broad,calibrated_broad,1
BOAMP:15-69493,BOAMP,NAME:ademe,72.0,Data & AI,2015-06-10,11.0,1,7.29,,7.29,BOAMP:16-1046,,OUVERT,SERVICES,False,2016-05-09,publication_date,calibrated_rule,0.4461,0.4245,0.2,True,0.3817,0,0,0,0.4461,,,1,True,False,broad,calibrated_broad,0
BOAMP:15-89415,BOAMP,NAME:le mans,,Software & Applications,2015-06-11,48.0,1,42.97,,42.97,BOAMP:19-3707,,PROCEDURE_ADAPTE,SERVICES,True,2019-06-11,publication_date,calibrated_rule,0.4767,0.438,,False,0.1617,0,0,0,0.4767,,,1,True,False,broad,calibrated_broad,0
BOAMP:15-89263,BOAMP,SIREN:258500222,72.0,Data & AI,2015-07-22,48.0,1,45.76,,45.76,BOAMP:19-75795,,PROCEDURE_ADAPTE,SERVICES,True,2019-07-22,attribution_award_date,calibrated_rule,0.6243,0.6224,0.4,True,0.6267,0,0,0,0.6243,,,1,True,False,broad,calibrated_broad,0
BOAMP:15-90549,BOAMP,SIREN:242900769,72.0,IT Services & Consulting,2015-06-15,48.0,0,114.55,114.55,,,,PROCEDURE_ADAPTE,SERVICES,True,2019-06-15,publication_date,none,,,,,,0,0,0,,,,0,False,False,broad,calibrated_broad,1
BOAMP:15-90148,BOAMP,SIREN:242900769,30.0,IT Hardware & Equipment,2015-06-15,48.0,0,114.55,114.55,,,,OUVERT,,True,2019-06-15,publication_date,none,,,,,,0,0,0,,,,0,False,False,broad,calibrated_broad,1
BOAMP:15-92216,BOAMP,SIREN:264400136,72.0,IT Services & Consulting,2015-06-16,48.0,1,48.65,,48.65,BOAMP:19-103545,,PROCEDURE_ADAPTE,,True,2019-06-16,publication_date,calibrated_rule,0.5402,0.5297,0.0,True,0.8917,0,0,0,0.5402,,,1,True,False,broad,calibrated_broad,0
BOAMP:15-92588,BOAMP,SIREN:234400034,72.0,IT Services & Consulting,2015-10-08,12.0,1,12.35,,12.35,BOAMP:16-96174,,OUVERT,SERVICES,False,2016-10-07,attribution_award_date,calibrated_rule,0.574,0.5891,0.0,True,0.9417,0,0,0,0.574,0.5667,0.0073,5,False,False,broad,calibrated_broad,0
BOAMP:15-94958,BOAMP,SIREN:791052491,,Telecom & Networks,2015-06-22,48.0,0,114.32,114.32,,,,OUVERT,SERVICES,True,2019-06-22,publication_date,none,,,,,,0,0,0,,,,0,False,False,broad,calibrated_broad,1
BOAMP:15-93928,BOAMP,NAME:cte d agglomeration du choletais,39.0,Cloud & Infrastructure,2015-06-22,48.0,0,114.32,114.32,,,,OUVERT,,True,2019-06-22,publication_date,none,,,,,,0,0,0,,,,0,False,False,broad,calibrated_broad,1
BOAMP:15-95100,BOAMP,SIREN:247200132,31.0,Telecom & Networks,2015-06-22,48.0,1,48.59,,48.59,BOAMP:19-105444,,OUVERT,,True,2019-06-22,publication_date,calibrated_rule,0.6785,0.8704,0.0,True,0.9017,0,0,0,0.6785,,,1,True,False,broad,calibrated_broad,0
BOAMP:15-95253,BOAMP,SIREN:264400136,35.0,Cybersecurity,2015-06-22,48.0,0,114.32,114.32,,,,PROCEDURE_ADAPTE,,True,2019-06-22,publication_date,none,,,,,,0,0,0,,,,0,False,False,broad,calibrated_broad,1
BOAMP:15-95813,BOAMP,SIREN:214401622,48.0,Software & Applications,2015-10-14,48.0,0,110.58,110.58,,,,OUVERT,,True,2019-10-14,attribution_award_date,none,,,,,,0,0,0,,,,0,False,False,broad,calibrated_broad,1
BOAMP:15-96106,BOAMP,NAME:cnieg,72.0,IT Services & Consulting,2015-06-24,48.0,1,48.32,,48.32,BOAMP:19-103125,,PROCEDURE_ADAPTE,SERVICES,True,2019-06-24,publication_date,calibrated_rule,0.6181,0.572,0.2,True,0.9467,0,0,0,0.6181,0.5217,0.0964,3,False,False,broad,calibrated_broad,0
BOAMP:15-96786,BOAMP,NAME:conseil general de la sarthe,72.0,IT Services & Consulting,2015-06-24,48.0,0,114.26,114.26,,,,PROCEDURE_ADAPTE,SERVICES,True,2019-06-24,publication_date,none,,,,,,0,0,0,,,,0,False,False,broad,calibrated_broad,1
BOAMP:15-96870,BOAMP,SIREN:244900015,72.0,IT Services & Consulting,2015-06-25,48.0,0,114.22,114.22,,,,PROCEDURE_ADAPTE,SERVICES,True,2019-06-25,publication_date,none,,,,,,0,0,0,,,,0,False,False,broad,calibrated_broad,1
BOAMP:15-98976,BOAMP,SIREN:110006012,48.0,Software & Applications,2015-06-29,24.0,0,114.09,114.09,,,,PROCEDURE_ADAPTE,SERVICES,False,2017-06-28,publication_date,none,,,,,,0,0,0,,,,0,False,False,broad,calibrated_broad,1
BOAMP:15-100830,BOAMP,SIREN:247200132,45.0,Unknown,2015-07-01,48.0,0,114.03,114.03,,,,PROCEDURE_ADAPTE,,True,2019-07-01,publication_date,none,,,,,,0,0,0,,,,0,False,False,broad,calibrated_broad,1
BOAMP:15-100455,BOAMP,NAME:nantes metropole,35.0,Cybersecurity,2015-11-20,48.0,1,50.07,,50.07,BOAMP:19-156899,,OUVERT,SERVICES,False,2019-11-20,attribution_award_date,calibrated_rule,0.6916,0.4014,1.0,True,0.655,0,0,0,0.6916,0.5563,0.1353,12,False,False,broad,calibrated_broad,0
BOAMP:15-102510,BOAMP,NAME:conseil general de la sarthe,72.0,Digital Workplace & Collaboration,2016-01-26,48.0,0,107.16,107.16,,,,OUVERT,SERVICES,True,2020-01-26,attribution_award_date,none,,,,,,0,0,0,,,,0,False,False,broad,calibrated_broad,1
BOAMP:15-105085,BOAMP,NAME:ccir pays de la loire,48.0,Software & Applications,2015-07-07,48.0,0,113.83,113.83,,,,DIALOGUE_COMPETITIF,SERVICES,True,2019-07-07,publication_date,none,,,,,,0,0,0,,,,0,False,False,broad,calibrated_broad,1
BOAMP:15-104125,BOAMP,SIREN:214401093,48.0,Software & Applications,2015-07-08,48.0,0,113.8,113.8,,,,PROCEDURE_ADAPTE,SERVICES,False,2019-07-08,publication_date,none,,,,,,0,0,0,,,,0,False,False,broad,calibrated_broad,1
BOAMP:15-107245,BOAMP,SIREN:247200132,48.0,Software & Applications,2016-02-02,48.0,1,52.04,,52.04,BOAMP:19-177021,,PROCEDURE_ADAPTE,,True,2020-02-02,attribution_award_date,calibrated_rule,0.4807,0.5384,0.2,True,0.3267,0,0,0,0.4807,,,1,True,False,broad,calibrated_broad,0
BOAMP:15-108955,BOAMP,SIREN:247200132,,Telecom & Networks,2015-07-13,48.0,1,47.9,,47.9,BOAMP:19-105444,,OUVERT,,True,2019-07-13,publication_date,calibrated_rule,0.8016,0.6364,,False,0.9833,0,0,0,0.8016,0.5781,0.2235,3,False,True,broad,calibrated_broad,0
BOAMP:15-108645,BOAMP,SIREN:218502888,32.0,Telecom & Networks,2015-07-13,48.0,0,113.63,113.63,,,,PROCEDURE_ADAPTE,,True,2019-07-13,publication_date,none,,,,,,0,0,0,,,,0,False,False,broad,calibrated_broad,1
BOAMP:15-111481,BOAMP,SIREN:264400136,48.0,Software & Applications,2015-07-20,48.0,1,44.91,,44.91,BOAMP:19-59985,,OUVERT,,True,2019-07-20,publication_date,calibrated_rule,0.6992,0.5054,1.0,True,0.485,0,0,0,0.6992,0.5015,0.1977,3,False,False,broad,calibrated_broad,0
BOAMP:15-111661,BOAMP,NAME:inra formation permanente nationale,48.0,Software & Applications,2015-07-21,36.0,0,113.37,113.37,,,129000.0,OUVERT,SERVICES,False,2018-07-20,publication_date,none,,,,,,0,0,0,,,,0,False,False,broad,calibrated_broad,1
BOAMP:15-114783,BOAMP,NAME:cnieg,72.0,IT Services & Consulting,2015-07-23,48.0,1,47.37,,47.37,BOAMP:19-103125,,PROCEDURE_ADAPTE,SERVICES,True,2019-07-23,publication_date,calibrated_rule,0.5712,0.4805,0.2,True,0.895,0,0,0,0.5712,,,1,True,False,broad,calibrated_broad,0
BOAMP:15-115709,BOAMP,SIREN:214401846,72.0,IT Services & Consulting,2015-11-26,48.0,1,51.97,,51.97,BOAMP:19-187147,,PROCEDURE_ADAPTE,SERVICES,False,2019-11-26,attribution_award_date,calibrated_rule,0.3922,0.4364,0.0,True,0.3383,0,0,0,0.3922,,,1,True,False,broad,calibrated_broad,0
BOAMP:15-115988,BOAMP,SIREN:244900015,32.0,Telecom & Networks,2015-07-27,48.0,1,53.35,,53.35,BOAMP:19-176963,,PROCEDURE_ADAPTE,,False,2019-07-27,publication_date,calibrated_rule,0.3329,0.403,0.0,True,0.1083,0,0,0,0.3329,,,1,True,False,broad,calibrated_broad,0
BOAMP:15-115336,BOAMP,NAME:d angers,72.0,IT Services & Consulting,2016-07-19,60.0,0,101.41,101.41,,,,DIALOGUE_COMPETITIF,SERVICES,False,2021-07-19,attribution_award_date,none,,,,,,0,0,0,,,,0,False,False,broad,calibrated_broad,1
BOAMP:15-119589,BOAMP,SIREN:214402158,32.0,Telecom & Networks,2015-08-03,48.0,0,112.94,112.94,,,,PROCEDURE_ADAPTE,,True,2019-08-03,publication_date,none,,,,,,0,0,0,,,,0,False,False,broad,calibrated_broad,1
BOAMP:15-119639,BOAMP,SIREN:194401006,32.0,Telecom & Networks,2015-11-03,48.0,0,109.92,109.92,,,,OUVERT,,True,2019-11-03,attribution_award_date,none,,,,,,0,0,0,,,,0,False,False,broad,calibrated_broad,1
BOAMP:15-122609,BOAMP,SIREN:214400269,32.0,Telecom & Networks,2015-12-18,60.0,0,108.44,108.44,,,,PROCEDURE_ADAPTE,,False,2020-12-17,attribution_award_date,none,,,,,,0,0,0,,,,0,False,False,broad,calibrated_broad,1
BOAMP:15-90876,BOAMP,SIREN:214401317,32.0,Telecom & Networks,2015-08-10,48.0,0,112.71,112.71,,,,OUVERT,SERVICES,True,2019-08-10,publication_date,none,,,,,,0,0,0,,,,0,False,False,broad,calibrated_broad,1
BOAMP:15-124226,BOAMP,SIREN:227200029,64.0,Digital Workplace & Collaboration,2015-08-10,48.0,1,47.73,,47.73,BOAMP:19-71679,,OUVERT,SERVICES,True,2019-08-10,publication_date,calibrated_rule,0.9849,0.9847,1.0,True,0.955,0,0,0,0.9849,0.5815,0.4033,6,False,True,broad,calibrated_broad,0
BOAMP:15-133200,BOAMP,NAME:saelsi,32.0,Telecom & Networks,2015-08-31,6.0,0,112.02,112.02,,,,PROCEDURE_ADAPTE,,False,2016-02-29,publication_date,none,,,,,,0,0,0,,,,0,False,False,broad,calibrated_broad,1
BOAMP:15-134263,BOAMP,SIREN:940022890,32.0,Telecom & Networks,2015-09-02,48.0,0,111.96,111.96,,,,OUVERT,,False,2019-09-02,publication_date,none,,,,,,0,0,0,,,,0,False,False,broad,calibrated_broad,1
BOAMP:15-136371,BOAMP,SIREN:285300018,,Data & AI,2015-09-07,48.0,0,111.79,111.79,,,,OUVERT,,False,2019-09-07,publication_date,none,,,,,,0,0,0,,,,0,False,False,broad,calibrated_broad,1
BOAMP:15-139094,BOAMP,SIREN:288500010,35.0,Cybersecurity,2015-12-03,38.0,0,108.94,108.94,,,,PROCEDURE_ADAPTE,,False,2019-02-01,attribution_award_date,none,,,,,,0,0,0,,,,0,False,False,broad,calibrated_broad,1
BOAMP:15-141361,BOAMP,SIREN:234400034,72.0,IT Services & Consulting,2015-12-07,48.0,1,47.47,,47.47,BOAMP:19-174098,,OUVERT,SERVICES,False,2019-12-07,attribution_award_date,calibrated_rule,0.5589,0.4414,0.2,True,0.9117,0,0,0,0.5589,,,1,True,False,broad,calibrated_broad,0
BOAMP:15-142353,BOAMP,NAME:ville du mans,32.0,Telecom & Networks,2016-01-21,48.0,1,53.25,,53.25,BOAMP:20-2441,,OUVERT,,True,2020-01-21,attribution_award_date,calibrated_rule,0.7358,0.777,1.0,True,0.125,0,0,0,0.7358,0.3499,0.3859,2,False,True,broad,calibrated_broad,0
BOAMP:15-143083,BOAMP,SIREN:264900390,35.0,Cybersecurity,2015-09-18,48.0,0,111.43,111.43,,,,PROCEDURE_ADAPTE,,False,2019-09-18,publication_date,none,,,,,,0,0,0,,,,0,False,False,broad,calibrated_broad,1
BOAMP:15-144405,BOAMP,NAME:regie dept passages d eau de vendee,72.0,IT Services & Consulting,2015-09-22,48.0,0,111.3,111.3,,,,PROCEDURE_ADAPTE,SERVICES,True,2019-09-22,publication_date,none,,,,,,0,0,0,,,,0,False,False,broad,calibrated_broad,1
BOAMP:15-146024,BOAMP,SIREN:214401093,32.0,Telecom & Networks,2015-12-17,48.0,0,108.48,108.48,,,,OUVERT,,True,2019-12-17,attribution_award_date,none,,,,,,0,0,0,,,,0,False,False,broad,calibrated_broad,1
BOAMP:15-150393,BOAMP,SIREN:794885913,48.0,Software & Applications,2015-10-05,12.0,0,110.87,110.87,,,,PROCEDURE_ADAPTE,SERVICES,False,2016-10-04,publication_date,none,,,,,,0,0,0,,,,0,False,False,broad,calibrated_broad,1
BOAMP:15-153008,BOAMP,NAME:ville du mans,37.0,Data & AI,2016-04-12,48.0,1,46.91,,46.91,BOAMP:19-172734,,OUVERT,,True,2020-04-12,attribution_award_date,calibrated_rule,0.8894,0.8144,1.0,True,0.8183,0,0,0,0.8894,,,1,True,False,broad,calibrated_broad,0
BOAMP:15-154566,BOAMP,NAME:cnieg,72.0,IT Services & Consulting,2016-01-28,48.0,1,52.0,,52.0,BOAMP:20-4011,,OUVERT,SERVICES,True,2020-01-28,attribution_award_date,calibrated_rule,0.4923,0.5641,0.2,True,0.3333,0,0,0,0.4923,0.4864,0.0059,2,False,False,broad,calibrated_broad,0
BOAMP:15-160688,BOAMP,SIREN:532458809,72.0,IT Services & Consulting,2015-10-20,48.0,0,110.38,110.38,,,,PROCEDURE_ADAPTE,SERVICES,True,2019-10-20,publication_date,none,,,,,,0,0,0,,,,0,False,False,broad,calibrated_broad,1
BOAMP:15-159244,BOAMP,NAME:nantes metropole,48.0,Software & Applications,2015-10-23,12.0,1,11.7,,11.7,BOAMP:16-63342,,OUVERT,,False,2016-10-22,publication_date,calibrated_rule,0.5342,0.4854,0.0,True,0.95,0,0,0,0.5342,0.4506,0.0836,3,False,False,broad,calibrated_broad,0
BOAMP:15-164088,BOAMP,SIREN:214401622,48.0,Cloud & Infrastructure,2015-10-28,48.0,1,44.22,,44.22,BOAMP:19-104228,,PROCEDURE_ADAPTE,,True,2019-10-28,publication_date,calibrated_rule,0.4038,0.4494,0.0,True,0.37,0,0,0,0.4038,,,1,True,False,broad,calibrated_broad,0
BOAMP:15-164187,BOAMP,SIREN:391722881,72.0,IT Services & Consulting,2015-10-28,48.0,0,110.12,110.12,,,,OUVERT,SERVICES,True,2019-10-28,publication_date,none,,,,,,0,0,0,,,,0,False,False,broad,calibrated_broad,1
BOAMP:15-165050,BOAMP,SIREN:244900015,72.0,IT Services & Consulting,2015-10-29,12.0,0,110.09,110.09,,,,PROCEDURE_ADAPTE,SERVICES,False,2016-10-28,publication_date,none,,,,,,0,0,0,,,,0,False,False,broad,calibrated_broad,1
BOAMP:15-165845,BOAMP,SIREN:214401200,35.0,Cybersecurity,2016-02-16,3.0,0,106.47,106.47,,,,PROCEDURE_ADAPTE,SERVICES,False,2016-05-17,attribution_award_date,none,,,,,,0,0,0,,,,0,False,False,broad,calibrated_broad,1
BOAMP:15-168917,BOAMP,NAME:sictom loir et sarthe,48.0,Software & Applications,2015-11-09,48.0,0,109.72,109.72,,,,PROCEDURE_ADAPTE,,True,2019-11-09,publication_date,none,,,,,,0,0,0,,,,0,False,False,broad,calibrated_broad,1
BOAMP:15-169809,BOAMP,SIREN:264400136,48.0,Software & Applications,2015-11-09,48.0,1,47.67,,47.67,BOAMP:19-165120,,PROCEDURE_ADAPTE,,True,2019-11-09,publication_date,calibrated_rule,0.519,0.4499,0.0,True,0.945,0,0,0,0.519,0.4319,0.087,3,False,False,broad,calibrated_broad,0
BOAMP:15-171325,BOAMP,SIREN:130031487,32.0,Telecom & Networks,2015-11-10,24.0,0,109.69,109.69,,,,OUVERT,SERVICES,False,2017-11-09,publication_date,none,,,,,,0,0,0,,,,0,False,False,broad,calibrated_broad,1
BOAMP:15-173700,BOAMP,SIREN:214401432,48.0,Software & Applications,2015-11-17,36.0,0,109.46,109.46,,,,PROCEDURE_ADAPTE,,False,2018-11-16,publication_date,none,,,,,,0,0,0,,,,0,False,False,broad,calibrated_broad,1
BOAMP:15-174987,BOAMP,SIREN:244900015,72.0,IT Services & Consulting,2015-11-18,48.0,1,45.73,,45.73,BOAMP:19-136955,,PROCEDURE_ADAPTE,,True,2019-11-18,publication_date,calibrated_rule,0.8828,0.8962,1.0,True,0.6217,0,0,0,0.8828,0.5443,0.3386,3,False,True,broad,calibrated_broad,0
BOAMP:15-175210,BOAMP,NAME:nantes metropole,72.0,Cybersecurity,2016-02-25,48.0,1,47.93,,47.93,BOAMP:20-26585,,OUVERT,SERVICES,True,2020-02-25,attribution_award_date,calibrated_rule,0.6032,0.5138,0.2,True,0.9883,0,0,0,0.6032,0.5472,0.056,7,False,False,broad,calibrated_broad,0
BOAMP:15-175690,BOAMP,NAME:cnieg,72.0,IT Services & Consulting,2016-02-23,24.0,0,106.24,106.24,,,,OUVERT,SERVICES,False,2018-02-22,attribution_award_date,none,,,,,,0,0,0,,,,0,False,False,broad,calibrated_broad,1
BOAMP:15-177015,BOAMP,NAME:conseil general de loire atlantique,18.0,Telecom & Networks,2016-04-28,48.0,0,104.11,104.11,,,548000.0,OUVERT,,False,2020-04-28,attribution_award_date,none,,,,,,0,0,0,,,,0,False,False,broad,calibrated_broad,1
BOAMP:15-178728,BOAMP,SIREN:247200132,48.0,Software & Applications,2016-03-14,48.0,1,50.69,,50.69,BOAMP:19-177021,,PROCEDURE_ADAPTE,,True,2020-03-14,attribution_award_date,calibrated_rule,0.5581,0.6193,0.2,True,0.5517,0,0,0,0.5581,,,1,True,False,broad,calibrated_broad,0
BOAMP:15-179034,BOAMP,NAME:c h s de la sarthe,,Data & AI,2015-11-27,48.0,0,109.13,109.13,,,,PROCEDURE_ADAPTE,SERVICES,False,2019-11-27,publication_date,none,,,,,,0,0,0,,,,0,False,False,broad,calibrated_broad,1
BOAMP:15-179747,BOAMP,SIREN:264400136,48.0,Software & Applications,2015-11-27,48.0,1,47.08,,47.08,BOAMP:19-165120,,PROCEDURE_ADAPTE,,True,2019-11-27,publication_date,calibrated_rule,0.5015,0.4554,0.0,True,0.8467,0,0,0,0.5015,0.4555,0.046,3,False,False,broad,calibrated_broad,0
BOAMP:15-178791,BOAMP,NAME:nantes metropole,72.0,Cybersecurity,2015-11-30,48.0,1,49.87,,49.87,BOAMP:20-12070,,OUVERT,SERVICES,False,2019-11-30,publication_date,calibrated_rule,0.8229,0.7132,1.0,True,0.6883,0,0,0,0.8229,0.7544,0.0685,9,False,True,broad,calibrated_broad,0
BOAMP:15-182957,BOAMP,SIREN:264400136,48.0,Software & Applications,2015-12-04,48.0,1,46.85,,46.85,BOAMP:19-165120,,PROCEDURE_ADAPTE,,True,2019-12-04,publication_date,calibrated_rule,0.4879,0.4405,0.0,True,0.8083,0,0,0,0.4879,0.4627,0.0252,3,False,False,broad,calibrated_broad,0
BOAMP:15-184251,BOAMP,SIREN:194909701,48.0,Software & Applications,2016-05-02,36.0,0,103.98,103.98,,,,OUVERT,,False,2019-05-02,attribution_award_date,none,,,,,,0,0,0,,,,0,False,False,broad,calibrated_broad,1
BOAMP:15-185112,BOAMP,NAME:conseil general de la vendee,72.0,IT Services & Consulting,2015-12-10,48.0,1,44.28,,44.28,BOAMP:19-126819,,PROCEDURE_ADAPTE,SERVICES,True,2019-12-10,publication_date,calibrated_rule,0.6141,0.5864,,False,0.38,0,0,0,0.6141,0.4562,0.1578,2,False,False,broad,calibrated_broad,0
BOAMP:15-186668,BOAMP,NAME:e c a s gendarmerie nationale,32.0,Telecom & Networks,2016-04-04,48.0,0,104.89,104.89,,,140000.0,OUVERT,,False,2020-04-04,attribution_award_date,none,,,,,,0,0,0,,,,0,False,False,broad,calibrated_broad,1
BOAMP:15-187883,BOAMP,SIREN:227200029,,Telecom & Networks,2015-12-16,48.0,1,47.14,,47.14,BOAMP:19-174809,,OUVERT,,True,2019-12-16,publication_date,calibrated_rule,0.7288,0.5632,,False,0.8567,0,0,0,0.7288,0.6864,0.0424,6,False,False,broad,calibrated_broad,0
BOAMP:15-189271,BOAMP,SIREN:227200029,72.0,IT Services & Consulting,2015-12-18,48.0,1,47.08,,47.08,BOAMP:19-174809,200000.0,PROCEDURE_ADAPTE,SERVICES,True,2019-12-18,publication_date,calibrated_rule,0.6301,0.652,0.2,True,0.8467,0,0,0,0.6301,0.567,0.0631,6,False,False,broad,calibrated_broad,0
BOAMP:15-191209,BOAMP,SIREN:218501096,32.0,IT Hardware & Equipment,2015-12-24,48.0,1,48.46,,48.46,BOAMP:20-892,,OUVERT,SERVICES,True,2019-12-24,publication_date,calibrated_rule,0.6872,0.4518,,False,0.9233,0,0,0,0.6872,,,1,True,False,broad,calibrated_broad,0
BOAMP:15-192356,BOAMP,NAME:nantes metropole,72.0,IT Services & Consulting,2015-12-24,12.0,1,13.21,,13.21,BOAMP:17-13461,,PROCEDURE_ADAPTE,SERVICES,False,2016-12-23,publication_date,calibrated_rule,0.5633,0.509,0.2,True,0.7983,0,0,0,0.5633,0.4495,0.1138,2,False,False,broad,calibrated_broad,0
BOAMP:16-2771,BOAMP,NAME:conseil general de la vendee,72.0,IT Services & Consulting,2016-01-08,48.0,1,43.33,,43.33,BOAMP:19-126819,,PROCEDURE_ADAPTE,,True,2020-01-08,publication_date,calibrated_rule,0.5656,0.5747,,False,0.2217,0,0,0,0.5656,0.4817,0.084,2,False,False,broad,calibrated_broad,0
BOAMP:16-3447,BOAMP,SIREN:268504453,48.0,Cloud & Infrastructure,2016-01-11,48.0,0,107.65,107.65,,,,PROCEDURE_ADAPTE,,True,2020-01-11,publication_date,none,,,,,,0,0,0,,,,0,False,False,broad,calibrated_broad,1
BOAMP:16-4040,BOAMP,NAME:cte de communes du pays des herbiers,72.0,IT Services & Consulting,2016-01-12,48.0,0,107.62,107.62,,,,OUVERT,SERVICES,True,2020-01-12,publication_date,none,,,,,,0,0,0,,,,0,False,False,broad,calibrated_broad,1
BOAMP:16-6135,BOAMP,SIREN:287200265,48.0,Digital Workplace & Collaboration,2016-04-12,48.0,1,49.24,,49.24,BOAMP:20-23861,,PROCEDURE_ADAPTE,,True,2020-04-12,attribution_award_date,calibrated_rule,0.4926,0.4599,0.0,True,0.7933,0,0,0,0.4926,,,1,True,False,broad,calibrated_broad,0
BOAMP:16-5206,BOAMP,SIREN:214401846,,Unknown,2016-01-14,28.0,1,28.32,,28.32,BOAMP:18-70110,,PROCEDURE_ADAPTE,,False,2018-05-15,publication_date,calibrated_rule,0.688,0.4416,,False,0.9467,0,0,0,0.688,0.6655,0.0225,5,False,False,broad,calibrated_broad,0
BOAMP:16-7712,BOAMP,NAME:cnieg,72.0,IT Services & Consulting,2016-05-24,24.0,1,21.25,,21.25,BOAMP:18-29896,,OUVERT,SERVICES,False,2018-05-24,attribution_award_date,calibrated_rule,0.5317,0.5584,0.2,True,0.5417,0,0,0,0.5317,,,1,True,False,broad,calibrated_broad,0
BOAMP:16-1046,BOAMP,NAME:ademe,72.0,Digital Workplace & Collaboration,2016-01-18,55.0,0,107.42,107.42,,,,OUVERT,SERVICES,False,2020-08-18,publication_date,none,,,,,,0,0,0,,,,0,False,False,broad,calibrated_broad,1
BOAMP:16-7640,BOAMP,SIREN:264400136,48.0,Software & Applications,2016-01-18,48.0,1,48.72,,48.72,BOAMP:20-19986,,OUVERT,,True,2020-01-18,publication_date,calibrated_rule,0.5156,0.4739,0.0,True,0.88,0,0,0,0.5156,0.4673,0.0482,2,False,False,broad,calibrated_broad,0
BOAMP:16-7903,BOAMP,SIREN:523699148,32.0,IT Hardware & Equipment,2016-04-05,48.0,0,104.86,104.86,,,,OUVERT,,True,2020-04-05,attribution_award_date,none,,,,,,0,0,0,,,,0,False,False,broad,calibrated_broad,1
BOAMP:16-10778,BOAMP,SIREN:391722881,72.0,IT Maintenance & Support,2016-10-20,24.0,1,26.71,,26.71,BOAMP:18-8879,,RESTREINT,SERVICES,False,2018-10-20,attribution_award_date,calibrated_rule,0.6169,0.6431,0.4,True,0.5483,0,0,0,0.6169,0.5534,0.0635,3,False,False,broad,calibrated_broad,0
BOAMP:16-10414,BOAMP,NAME:conseil general de loire atlantique,72.0,IT Services & Consulting,2016-01-22,24.0,0,107.29,107.29,,,,PROCEDURE_ADAPTE,SERVICES,False,2018-01-21,publication_date,none,,,,,,0,0,0,,,,0,False,False,broad,calibrated_broad,1
BOAMP:16-10649,BOAMP,SIREN:284400017,,Cybersecurity,2016-01-25,48.0,1,43.1,,43.1,BOAMP:19-131601,,OUVERT,,True,2020-01-25,publication_date,calibrated_rule,0.481,0.4353,,False,0.1833,0,0,0,0.481,0.473,0.008,2,False,False,broad,calibrated_broad,0
BOAMP:16-12477,BOAMP,NAME:gpm de nantes st nazaire,32.0,Telecom & Networks,2016-05-17,48.0,0,103.48,103.48,,,,OUVERT,,True,2020-05-17,attribution_award_date,none,,,,,,0,0,0,,,,0,False,False,broad,calibrated_broad,1
BOAMP:16-14558,BOAMP,NAME:inra angers nantes,72.0,IT Services & Consulting,2016-07-05,36.0,0,101.87,101.87,,,129000.0,OUVERT,SERVICES,False,2019-07-05,attribution_award_date,none,,,,,,0,0,0,,,,0,False,False,broad,calibrated_broad,1
BOAMP:16-15282,BOAMP,SIREN:200054302,48.0,Software & Applications,2016-02-02,48.0,0,106.93,106.93,,,,PROCEDURE_ADAPTE,,True,2020-02-02,publication_date,none,,,,,,0,0,0,,,,0,False,False,broad,calibrated_broad,1
BOAMP:16-16627,BOAMP,SIREN:247200132,72.0,Digital Workplace & Collaboration,2016-02-04,48.0,1,49.34,,49.34,BOAMP:19-160471,,PROCEDURE_ADAPTE,SERVICES,True,2020-02-04,publication_date,calibrated_rule,0.5698,0.5361,0.2,True,0.7767,0,0,0,0.5698,,,1,True,False,broad,calibrated_broad,0
BOAMP:16-17002,BOAMP,SIREN:214401432,48.0,Software & Applications,2016-02-04,36.0,0,106.87,106.87,,,,PROCEDURE_ADAPTE,,False,2019-02-03,publication_date,none,,,,,,0,0,0,,,,0,False,False,broad,calibrated_broad,1
BOAMP:16-19705,BOAMP,SIREN:242900769,,Software & Applications,2016-06-21,48.0,0,102.33,102.33,,,,OUVERT,SERVICES,False,2020-06-21,attribution_award_date,none,,,,,,0,0,0,,,,0,False,False,broad,calibrated_broad,1
BOAMP:16-21939,BOAMP,SIREN:214401432,39.0,Software & Applications,2016-02-12,48.0,0,106.6,106.6,,,,PROCEDURE_ADAPTE,,True,2020-02-12,publication_date,none,,,,,,0,0,0,,,,0,False,False,broad,calibrated_broad,1
BOAMP:16-23686,BOAMP,NAME:cte cnes coeur d estuaire,72.0,IT Services & Consulting,2016-06-17,48.0,0,102.46,102.46,,,,OUVERT,SERVICES,True,2020-06-17,attribution_award_date,none,,,,,,0,0,0,,,,0,False,False,broad,calibrated_broad,1
BOAMP:16-26260,BOAMP,SIREN:214400269,48.0,Software & Applications,2016-06-09,12.0,0,102.73,102.73,,,,PROCEDURE_ADAPTE,,False,2017-06-09,attribution_award_date,none,,,,,,0,0,0,,,,0,False,False,broad,calibrated_broad,1
BOAMP:16-20531,BOAMP,NAME:dreal pays de la loire,72.0,IT Services & Consulting,2016-02-23,48.0,0,106.24,106.24,,,,PROCEDURE_ADAPTE,SERVICES,True,2020-02-23,publication_date,none,,,,,,0,0,0,,,,0,False,False,broad,calibrated_broad,1
BOAMP:16-25827,BOAMP,NAME:cg49,72.0,IT Services & Consulting,2016-02-23,48.0,0,106.24,106.24,,,,OUVERT,SERVICES,True,2020-02-23,publication_date,none,,,,,,0,0,0,,,,0,False,False,broad,calibrated_broad,1
BOAMP:16-27767,BOAMP,SIREN:264900390,48.0,Software & Applications,2016-02-25,48.0,0,106.18,106.18,,,,PROCEDURE_ADAPTE,,False,2020-02-25,publication_date,none,,,,,,0,0,0,,,,0,False,False,broad,calibrated_broad,1
BOAMP:16-28465,BOAMP,NAME:syndicat departemental d energie,72.0,IT Services & Consulting,2016-03-01,48.0,0,106.01,106.01,,,,PROCEDURE_ADAPTE,SERVICES,True,2020-03-01,publication_date,none,,,,,,0,0,0,,,,0,False,False,broad,calibrated_broad,1
BOAMP:16-30120,BOAMP,SIREN:391722881,72.0,IT Services & Consulting,2016-03-02,48.0,1,47.73,,47.73,BOAMP:20-27358,,RESTREINT,SERVICES,False,2020-03-02,publication_date,calibrated_rule,0.9463,0.8882,1.0,True,0.955,0,0,0,0.9463,0.4878,0.4585,2,False,True,broad,calibrated_broad,0
BOAMP:16-30715,BOAMP,NAME:cg49,72.0,IT Services & Consulting,2016-03-02,48.0,0,105.98,105.98,,,,OUVERT,,True,2020-03-02,publication_date,none,,,,,,0,0,0,,,,0,False,False,broad,calibrated_broad,1
BOAMP:16-30963,BOAMP,SIREN:228500013,35.0,Cybersecurity,2016-06-09,48.0,1,51.35,,51.35,BOAMP:20-70265,,OUVERT,,True,2020-06-09,attribution_award_date,calibrated_rule,0.804,0.7892,1.0,True,0.4417,0,0,0,0.804,0.4636,0.3404,2,False,True,broad,calibrated_broad,0
BOAMP:16-32105,BOAMP,SIREN:214400269,32.0,Telecom & Networks,2016-06-02,12.0,0,102.96,102.96,,,,PROCEDURE_ADAPTE,,False,2017-06-02,attribution_award_date,none,,,,,,0,0,0,,,,0,False,False,broad,calibrated_broad,1
BOAMP:16-33283,BOAMP,NAME:nantes metropole,72.0,IT Services & Consulting,2016-03-10,12.0,1,13.11,,13.11,BOAMP:16-135042,,PROCEDURE_ADAPTE,SERVICES,False,2017-03-10,publication_date,calibrated_rule,0.5899,0.5672,0.2,True,0.815,0,0,0,0.5899,0.5348,0.055,4,False,False,broad,calibrated_broad,0
BOAMP:16-33632,BOAMP,NAME:nantes metropole,72.0,Digital Workplace & Collaboration,2016-03-11,48.0,1,47.44,,47.44,BOAMP:20-26585,,OUVERT,SERVICES,False,2020-03-11,publication_date,calibrated_rule,0.6787,0.6183,0.4,True,0.9067,0,0,0,0.6787,0.6131,0.0656,10,False,False,broad,calibrated_broad,0
BOAMP:16-27384,BOAMP,NAME:mindef dga do s2a,35.0,Cybersecurity,2016-03-15,48.0,0,105.55,105.55,,,,RESTREINT,,False,2020-03-15,publication_date,none,,,,,,0,0,0,,,,0,False,False,broad,calibrated_broad,1
BOAMP:16-38113,BOAMP,SIREN:247200132,72.0,Digital Workplace & Collaboration,2016-03-16,48.0,1,48.0,,48.0,BOAMP:19-160471,,PROCEDURE_ADAPTE,,True,2020-03-16,publication_date,calibrated_rule,0.6251,0.5628,0.2,True,1.0,0,0,0,0.6251,,,1,True,False,broad,calibrated_broad,0
BOAMP:16-40838,BOAMP,SIREN:200083392,,Telecom & Networks,2016-03-22,48.0,1,50.85,,50.85,BOAMP:20-76288,,OUVERT,,True,2020-03-22,publication_date,calibrated_rule,0.5641,0.4201,,False,0.525,0,0,0,0.5641,,,1,True,False,broad,calibrated_broad,0
BOAMP:16-42023,BOAMP,NAME:gpm de nantes st nazaire,32.0,Telecom & Networks,2016-03-24,48.0,0,105.26,105.26,,,,PROCEDURE_ADAPTE,,True,2020-03-24,publication_date,none,,,,,,0,0,0,,,,0,False,False,broad,calibrated_broad,1
BOAMP:16-42170,BOAMP,NAME:gpm de nantes st nazaire,48.0,Software & Applications,2016-07-29,48.0,0,101.08,101.08,,,,OUVERT,SERVICES,True,2020-07-29,attribution_award_date,none,,,,,,0,0,0,,,,0,False,False,broad,calibrated_broad,1
BOAMP:16-42996,BOAMP,SIREN:288500010,,Unknown,2016-07-29,19.0,0,101.08,101.08,,,,OUVERT,,False,2018-02-27,attribution_award_date,none,,,,,,0,0,0,,,,0,False,False,broad,calibrated_broad,1
BOAMP:16-43654,BOAMP,NAME:mindef dga do s2a,35.0,Cybersecurity,2016-03-29,48.0,0,105.09,105.09,,,,NEGOCIE,,True,2020-03-29,publication_date,none,,,,,,0,0,0,,,,0,False,False,broad,calibrated_broad,1
BOAMP:16-45436,BOAMP,NAME:hopital intercommunal sevre et loire,45.0,Unknown,2016-09-05,48.0,0,99.84,99.84,,,,OUVERT,,True,2020-09-05,attribution_award_date,none,,,,,,0,0,0,,,,0,False,False,broad,calibrated_broad,1
BOAMP:16-45870,BOAMP,SIREN:244900015,72.0,IT Services & Consulting,2016-03-30,36.0,1,35.22,,35.22,BOAMP:19-35566,,PROCEDURE_ADAPTE,SERVICES,False,2019-03-30,publication_date,calibrated_rule,0.7136,0.474,0.8,True,0.87,0,0,0,0.7136,,,1,True,False,broad,calibrated_broad,0
BOAMP:16-44890,BOAMP,SIREN:264400268,,Unknown,2016-03-30,12.0,0,105.06,105.06,,,,OUVERT,,False,2017-03-30,publication_date,none,,,,,,0,0,0,,,,0,False,False,broad,calibrated_broad,1
BOAMP:16-48130,BOAMP,SIREN:228500013,,Data & AI,2017-01-09,48.0,1,49.67,,49.67,BOAMP:20-133527,,OUVERT,SERVICES,True,2021-01-09,attribution_award_date,calibrated_rule,0.6271,0.4399,,False,0.7217,0,0,0,0.6271,0.6246,0.0025,5,False,False,broad,calibrated_broad,0
BOAMP:16-48232,BOAMP,SIREN:391722881,72.0,IT Services & Consulting,2016-03-31,48.0,1,46.78,,46.78,BOAMP:20-27358,,RESTREINT,,True,2020-03-31,publication_date,calibrated_rule,0.9141,0.8869,1.0,True,0.7967,0,0,0,0.9141,0.5229,0.3912,2,False,True,broad,calibrated_broad,0
BOAMP:16-46830,BOAMP,SIREN:194909701,32.0,Telecom & Networks,2016-06-16,36.0,1,35.22,,35.22,BOAMP:19-82021,,OUVERT,,False,2019-06-16,attribution_award_date,calibrated_rule,0.5225,0.4963,0.0,True,0.87,0,0,0,0.5225,,,1,True,False,broad,calibrated_broad,0
BOAMP:16-54252,BOAMP,SIREN:200054302,48.0,Software & Applications,2016-04-15,12.0,0,104.53,104.53,,,,PROCEDURE_ADAPTE,,False,2017-04-15,publication_date,none,,,,,,0,0,0,,,,0,False,False,broad,calibrated_broad,1
BOAMP:16-53642,BOAMP,NAME:cci de maine et loire,79.0,Unknown,2016-07-18,48.0,0,101.45,101.45,,,32500.0,OUVERT,SERVICES,True,2020-07-18,attribution_award_date,none,,,,,,0,0,0,,,,0,False,False,broad,calibrated_broad,1
BOAMP:16-54197,BOAMP,NAME:nantes metropole,48.0,Software & Applications,2016-04-17,48.0,1,49.15,,49.15,BOAMP:20-66643,250000.0,OUVERT,SERVICES,False,2020-04-17,publication_date,calibrated_rule,0.548,0.5908,0.0,True,0.8083,0,0,0,0.548,0.4959,0.0521,6,False,False,broad,calibrated_broad,0
BOAMP:16-54370,BOAMP,NAME:nantes metropole,48.0,Software & Applications,2016-04-17,48.0,1,49.15,,49.15,BOAMP:20-66643,250000.0,OUVERT,SERVICES,False,2020-04-17,publication_date,calibrated_rule,0.5368,0.5629,0.0,True,0.8083,0,0,0,0.5368,0.4869,0.0499,5,False,False,broad,calibrated_broad,0
BOAMP:16-55219,BOAMP,SIREN:225300011,32.0,Telecom & Networks,2016-04-18,48.0,0,104.43,104.43,,,750000.0,OUVERT,SERVICES,False,2020-04-18,publication_date,none,,,,,,0,0,0,,,,0,False,False,broad,calibrated_broad,1
BOAMP:16-34964,BOAMP,SIREN:173501115,35.0,Cybersecurity,2016-04-19,48.0,0,104.4,104.4,,,,OUVERT,SERVICES,True,2020-04-19,publication_date,none,,,,,,0,0,0,,,,0,False,False,broad,calibrated_broad,1
BOAMP:16-55493,BOAMP,NAME:ccas d angers,48.0,Software & Applications,2016-04-19,14.0,0,104.4,104.4,,,,PROCEDURE_ADAPTE,SERVICES,False,2017-06-19,publication_date,none,,,,,,0,0,0,,,,0,False,False,broad,calibrated_broad,1
BOAMP:16-56502,BOAMP,NAME:caf de la somme,72.0,Digital Workplace & Collaboration,2016-04-22,60.0,0,104.3,104.3,,,875000.0,OUVERT,FOURNITURES,False,2021-04-22,publication_date,none,,,,,,0,0,0,,,,0,False,False,broad,calibrated_broad,1
BOAMP:16-57562,BOAMP,SIREN:244900015,72.0,IT Services & Consulting,2016-04-25,48.0,0,104.2,104.2,,,,PROCEDURE_ADAPTE,SERVICES,True,2020-04-25,publication_date,none,,,,,,0,0,0,,,,0,False,False,broad,calibrated_broad,1
BOAMP:16-61061,BOAMP,SIREN:227200029,72.0,IT Services & Consulting,2016-04-29,48.0,1,42.71,,42.71,BOAMP:19-174809,,PROCEDURE_ADAPTE,SERVICES,True,2020-04-29,publication_date,calibrated_rule,0.4374,0.4093,0.4,True,0.1183,0,0,0,0.4374,,,1,True,False,broad,calibrated_broad,0
BOAMP:16-61484,BOAMP,SIREN:234400034,72.0,IT Services & Consulting,2016-07-28,48.0,1,46.45,,46.45,BOAMP:20-12202,600000.0,OUVERT,SERVICES,False,2020-07-28,attribution_award_date,calibrated_rule,0.6028,0.6362,0.2,True,0.7417,0,0,0,0.6028,0.5384,0.0644,5,False,False,broad,calibrated_broad,0
BOAMP:16-62960,BOAMP,SIREN:130029747,48.0,Software & Applications,2016-07-07,48.0,1,43.89,,43.89,BOAMP:20-31844,130000.0,OUVERT,SERVICES,False,2020-07-07,attribution_award_date,calibrated_rule,0.4341,0.5527,0.0,True,0.315,0,0,0,0.4341,0.4156,0.0185,2,False,False,broad,calibrated_broad,0
BOAMP:16-63210,BOAMP,SIREN:265300236,32.0,Telecom & Networks,2016-05-03,48.0,0,103.94,103.94,,,,PROCEDURE_ADAPTE,,True,2020-05-03,publication_date,none,,,,,,0,0,0,,,,0,False,False,broad,calibrated_broad,1
BOAMP:16-63741,BOAMP,NAME:conseil general de loire atlantique,64.0,Telecom & Networks,2016-08-03,12.0,0,100.92,100.92,,,1000000.0,OUVERT,SERVICES,False,2017-08-03,attribution_award_date,none,,,,,,0,0,0,,,,0,False,False,broad,calibrated_broad,1
BOAMP:16-65569,BOAMP,SIREN:214400558,45.0,Unknown,2016-05-06,48.0,0,103.84,103.84,,,,PROCEDURE_ADAPTE,,True,2020-05-06,publication_date,none,,,,,,0,0,0,,,,0,False,False,broad,calibrated_broad,1
BOAMP:16-64280,BOAMP,SIREN:445400104,72.0,IT Services & Consulting,2016-09-12,60.0,0,99.61,99.61,,,250000.0,OUVERT,SERVICES,False,2021-09-12,attribution_award_date,none,,,,,,0,0,0,,,,0,False,False,broad,calibrated_broad,1
BOAMP:16-63342,BOAMP,NAME:nantes metropole,45.0,Unknown,2016-10-13,48.0,1,48.85,,48.85,BOAMP:20-132336,700000.0,OUVERT,FOURNITURES,False,2020-10-13,attribution_award_date,calibrated_rule,0.5183,0.4916,0.0,True,0.8583,0,0,0,0.5183,0.4893,0.029,8,False,False,broad,calibrated_broad,0
BOAMP:16-66951,BOAMP,SIREN:264900259,39.0,Data & AI,2016-05-12,3.0,0,103.65,103.65,,,,OUVERT,FOURNITURES,False,2016-08-11,publication_date,none,,,,,,0,0,0,,,,0,False,False,broad,calibrated_broad,1
BOAMP:16-67267,BOAMP,NAME:ademe,48.0,Software & Applications,2016-11-24,39.0,0,97.21,97.21,,,,PROCEDURE_ADAPTE,SERVICES,False,2020-02-24,attribution_award_date,none,,,,,,0,0,0,,,,0,False,False,broad,calibrated_broad,1
BOAMP:16-68875,BOAMP,SIREN:264900390,48.0,Software & Applications,2016-05-12,48.0,0,103.65,103.65,,,,PROCEDURE_ADAPTE,,False,2020-05-12,publication_date,none,,,,,,0,0,0,,,,0,False,False,broad,calibrated_broad,1
BOAMP:16-69641,BOAMP,NAME:specialise de blain,48.0,Software & Applications,2016-05-13,48.0,0,103.61,103.61,,,100000.0,PROCEDURE_ADAPTE,SERVICES,True,2020-05-13,publication_date,none,,,,,,0,0,0,,,,0,False,False,broad,calibrated_broad,1
BOAMP:16-63298,BOAMP,SIREN:535164412,45.0,Telecom & Networks,2016-05-17,5.0,0,103.48,103.48,,,,PROCEDURE_ADAPTE,,False,2016-10-16,publication_date,none,,,,,,0,0,0,,,,0,False,False,broad,calibrated_broad,1
BOAMP:16-70203,BOAMP,SIREN:130029747,72.0,IT Services & Consulting,2016-07-07,37.0,0,101.81,101.81,,,,OUVERT,SERVICES,False,2019-08-07,attribution_award_date,none,,,,,,0,0,0,,,,0,False,False,broad,calibrated_broad,1
BOAMP:16-72442,BOAMP,SIREN:264400136,72.0,IT Services & Consulting,2016-11-16,48.0,1,47.6,,47.6,BOAMP:20-50446,,NEGOCIE,SERVICES,True,2020-11-16,attribution_award_date,calibrated_rule,0.7338,0.8678,0.2,True,0.9333,0,0,0,0.7338,0.5331,0.2006,4,False,True,broad,calibrated_broad,0
BOAMP:16-73215,BOAMP,NAME:nantes metropole,72.0,IT Services & Consulting,2016-05-23,36.0,1,36.17,,36.17,BOAMP:19-36958,75000.0,OUVERT,SERVICES,False,2019-05-23,publication_date,calibrated_rule,0.5967,0.5059,0.2,True,0.9717,0,0,0,0.5967,0.5517,0.045,8,False,False,broad,calibrated_broad,0
BOAMP:16-73358,BOAMP,NAME:ville du mans,32.0,Telecom & Networks,2016-07-05,48.0,1,47.8,,47.8,BOAMP:20-2441,,PROCEDURE_ADAPTE,,True,2020-07-05,attribution_award_date,calibrated_rule,0.7196,0.6907,0.4,True,0.9667,0,0,0,0.7196,0.5493,0.1703,3,False,True,broad,calibrated_broad,0
BOAMP:16-73319,BOAMP,SIREN:214401846,72.0,IT Services & Consulting,2016-09-09,48.0,1,48.62,,48.62,BOAMP:20-70268,,PROCEDURE_ADAPTE,SERVICES,True,2020-09-09,attribution_award_date,calibrated_rule,0.8782,0.7471,1.0,True,0.8967,0,0,0,0.8782,,,1,True,False,broad,calibrated_broad,0
BOAMP:16-74130,BOAMP,SIREN:449073014,72.0,IT Services & Consulting,2016-07-26,48.0,0,101.18,101.18,,,210000.0,OUVERT,SERVICES,False,2020-07-26,attribution_award_date,none,,,,,,0,0,0,,,,0,False,False,broad,calibrated_broad,1
BOAMP:16-74267,BOAMP,SIREN:214401093,72.0,IT Services & Consulting,2016-05-28,48.0,1,51.84,,51.84,BOAMP:20-115620,300000.0,NEGOCIE,SERVICES,True,2020-05-28,publication_date,calibrated_rule,0.4425,0.4262,0.2,True,0.36,0,0,0,0.4425,,,1,True,False,broad,calibrated_broad,0
BOAMP:16-77563,BOAMP,SIREN:198513905,32.0,Telecom & Networks,2016-05-30,48.0,1,53.58,,53.58,BOAMP:20-140005,,PROCEDURE_ADAPTE,,True,2020-05-30,publication_date,calibrated_rule,0.7979,0.9597,1.0,True,0.07,0,0,0,0.7979,,,1,True,False,broad,calibrated_broad,0
BOAMP:16-78018,BOAMP,NAME:o p h le mans habitat,72.0,IT Services & Consulting,2016-05-30,72.0,0,103.06,103.06,,,700000.0,DIALOGUE_COMPETITIF,SERVICES,False,2022-05-30,publication_date,none,,,,,,0,0,0,,,,0,False,False,broad,calibrated_broad,1
BOAMP:16-81005,BOAMP,NAME:arafer,48.0,Software & Applications,2016-06-04,12.0,1,11.47,,11.47,BOAMP:17-68883,,OUVERT,SERVICES,False,2017-06-04,publication_date,calibrated_rule,0.6051,0.682,0.0,True,0.9117,0,0,0,0.6051,0.5821,0.023,3,False,False,broad,calibrated_broad,0
BOAMP:16-81774,BOAMP,SIREN:391722881,72.0,Digital Workplace & Collaboration,2016-06-05,48.0,0,102.86,102.86,,,,OUVERT,SERVICES,False,2020-06-05,publication_date,none,,,,,,0,0,0,,,,0,False,False,broad,calibrated_broad,1
BOAMP:16-79797,BOAMP,SIREN:214401846,50.0,Telecom & Networks,2016-06-06,12.0,1,17.25,,17.25,BOAMP:17-109941,,OUVERT,SERVICES,False,2017-06-06,publication_date,calibrated_rule,0.3493,0.4358,0.0,True,0.125,0,0,0,0.3493,,,1,True,False,broad,calibrated_broad,0
BOAMP:16-83187,BOAMP,SIREN:532458809,32.0,Telecom & Networks,2016-06-07,48.0,0,102.79,102.79,,,,PROCEDURE_ADAPTE,SERVICES|FOURNITURES,True,2020-06-07,publication_date,none,,,,,,0,0,0,,,,0,False,False,broad,calibrated_broad,1
BOAMP:16-84309,BOAMP,SIREN:234400034,32.0,Telecom & Networks,2016-08-17,12.0,0,100.46,100.46,,,,PROCEDURE_ADAPTE,SERVICES,False,2017-08-17,attribution_award_date,none,,,,,,0,0,0,,,,0,False,False,broad,calibrated_broad,1
BOAMP:16-81907,BOAMP,SIREN:244900015,72.0,Cybersecurity,2016-11-28,48.0,0,97.08,97.08,,,646000.0,OUVERT,SERVICES,True,2020-11-28,attribution_award_date,none,,,,,,0,0,0,,,,0,False,False,broad,calibrated_broad,1
BOAMP:16-81846,BOAMP,NAME:nantes metropole habitat,48.0,Software & Applications,2016-09-27,48.0,0,99.11,99.11,,,300000.0,OUVERT,SERVICES,False,2020-09-27,attribution_award_date,none,,,,,,0,0,0,,,,0,False,False,broad,calibrated_broad,1
BOAMP:16-83013,BOAMP,NAME:dir ouest,72.0,IT Services & Consulting,2017-01-26,48.0,0,95.14,95.14,,,,OUVERT,SERVICES,False,2021-01-26,attribution_award_date,none,,,,,,0,0,0,,,,0,False,False,broad,calibrated_broad,1
BOAMP:16-79523,BOAMP,SIREN:214401846,30.0,IT Hardware & Equipment,2016-10-03,12.0,1,9.53,,9.53,BOAMP:17-100105,,OUVERT,FOURNITURES,False,2017-10-03,attribution_award_date,calibrated_rule,0.4795,0.5297,0.0,True,0.5883,0,0,0,0.4795,0.4306,0.049,4,False,False,broad,calibrated_broad,0
BOAMP:16-84729,BOAMP,SIREN:228500013,72.0,Digital Workplace & Collaboration,2016-09-13,48.0,1,48.19,,48.19,BOAMP:20-70265,,PROCEDURE_ADAPTE,SERVICES,True,2020-09-13,attribution_award_date,calibrated_rule,0.6206,0.6924,0.0,True,0.9683,0,0,0,0.6206,0.5066,0.114,3,False,False,broad,calibrated_broad,0
BOAMP:16-85552,BOAMP,SIREN:234400034,35.0,Cybersecurity,2016-10-14,12.0,1,11.66,,11.66,BOAMP:17-77862,,PROCEDURE_ADAPTE,,False,2017-10-14,attribution_award_date,calibrated_rule,0.5004,0.4044,0.0,True,0.9433,0,0,0,0.5004,0.4324,0.0681,3,False,False,broad,calibrated_broad,0
BOAMP:16-85545,BOAMP,NAME:crous de nantes,32.0,IT Hardware & Equipment,2016-06-11,48.0,0,102.66,102.66,,,,OUVERT,FOURNITURES,False,2020-06-11,publication_date,none,,,,,,0,0,0,,,,0,False,False,broad,calibrated_broad,1
BOAMP:16-85662,BOAMP,SIREN:234400034,72.0,GIS & Mapping,2016-10-14,6.0,1,6.64,,6.64,BOAMP:17-62129,41700.0,OUVERT,SERVICES,False,2017-04-14,attribution_award_date,calibrated_rule,0.553,0.4358,0.2,True,0.8933,0,0,0,0.553,0.5107,0.0422,3,False,False,broad,calibrated_broad,0
BOAMP:16-85619,BOAMP,SIREN:234400034,32.0,Telecom & Networks,2016-10-12,48.0,1,51.97,,51.97,BOAMP:20-138135,300000.0,OUVERT,FOURNITURES,False,2020-10-12,attribution_award_date,calibrated_rule,0.6182,0.7513,0.4,True,0.3383,0,0,0,0.6182,0.553,0.0652,8,False,False,broad,calibrated_broad,0
BOAMP:16-80474,BOAMP,NAME:com communes du pays d ancenis,48.0,Software & Applications,2016-12-30,48.0,0,96.02,96.02,,,,OUVERT,SERVICES,False,2020-12-30,attribution_award_date,none,,,,,,0,0,0,,,,0,False,False,broad,calibrated_broad,1
BOAMP:16-92101,BOAMP,SIREN:194401006,72.0,IT Services & Consulting,2016-10-12,41.0,0,98.62,98.62,,,,NEGOCIE,SERVICES,False,2020-03-13,attribution_award_date,none,,,,,,0,0,0,,,,0,False,False,broad,calibrated_broad,1
BOAMP:16-94328,BOAMP,NAME:smirgeom est sarthe,48.0,Software & Applications,2016-06-27,60.0,0,102.14,102.14,,,,PROCEDURE_ADAPTE,SERVICES,False,2021-06-27,publication_date,none,,,,,,0,0,0,,,,0,False,False,broad,calibrated_broad,1
BOAMP:16-96174,BOAMP,SIREN:234400034,48.0,Software & Applications,2016-10-18,12.0,1,14.39,,14.39,BOAMP:17-140948,,OUVERT,SERVICES,False,2017-10-18,attribution_award_date,calibrated_rule,0.6132,0.7322,0.2,True,0.6017,0,0,0,0.6132,0.606,0.0072,10,False,False,broad,calibrated_broad,0
BOAMP:16-95884,BOAMP,NAME:cap atlantique,64.0,Telecom & Networks,2016-06-30,24.0,1,27.56,,27.56,BOAMP:18-144441,300000.0,OUVERT,FOURNITURES,False,2018-06-30,publication_date,calibrated_rule,0.458,0.5666,0.0,True,0.4067,0,0,0,0.458,,,1,True,False,broad,calibrated_broad,0
BOAMP:16-98551,BOAMP,NAME:cnieg,72.0,IT Services & Consulting,2016-07-01,48.0,1,46.78,,46.78,BOAMP:20-6485,,PROCEDURE_ADAPTE,,True,2020-07-01,publication_date,calibrated_rule,0.5659,0.5165,0.2,True,0.7967,0,0,0,0.5659,0.5323,0.0337,2,False,False,broad,calibrated_broad,0
BOAMP:16-98698,BOAMP,SIREN:194909701,48.0,Software & Applications,2016-10-31,24.0,1,23.78,,23.78,BOAMP:18-74252,,OUVERT,FOURNITURES,False,2018-10-31,attribution_award_date,calibrated_rule,0.8927,1.0,0.6,True,0.9633,0,0,0,0.8927,,,1,True,False,broad,calibrated_broad,0
BOAMP:16-97484,BOAMP,SIREN:284900016,32.0,Telecom & Networks,2016-12-22,48.0,0,96.29,96.29,,,465000.0,OUVERT,FOURNITURES,False,2020-12-22,attribution_award_date,none,,,,,,0,0,0,,,,0,False,False,broad,calibrated_broad,1
BOAMP:16-92162,BOAMP,SIREN:218501914,35.0,Cybersecurity,2016-12-19,48.0,0,96.39,96.39,,,430000.0,OUVERT,SERVICES,True,2020-12-19,attribution_award_date,none,,,,,,0,0,0,,,,0,False,False,broad,calibrated_broad,1
BOAMP:16-98038,BOAMP,NAME:cte de cnes de la vallee de clisson,72.0,IT Services & Consulting,2016-07-04,36.0,0,101.91,101.91,,,,PROCEDURE_ADAPTE,SERVICES,False,2019-07-04,publication_date,none,,,,,,0,0,0,,,,0,False,False,broad,calibrated_broad,1
BOAMP:16-100426,BOAMP,SIREN:244900015,72.0,IT Services & Consulting,2016-11-30,48.0,1,50.99,,50.99,BOAMP:20-10269,2000000.0,OUVERT,SERVICES,False,2020-11-30,attribution_award_date,calibrated_rule,0.4831,0.5818,0.0,True,0.5017,0,0,0,0.4831,,,1,True,False,broad,calibrated_broad,0
BOAMP:16-98835,BOAMP,SIREN:445400104,72.0,IT Services & Consulting,2016-07-09,60.0,0,101.74,101.74,,,350000.0,OUVERT,SERVICES,False,2021-07-09,publication_date,none,,,,,,0,0,0,,,,0,False,False,broad,calibrated_broad,1
BOAMP:16-102238,BOAMP,NAME:c s t b,72.0,IT Services & Consulting,2016-07-09,24.0,0,101.74,101.74,,,1600000.0,OUVERT,SERVICES,False,2018-07-09,publication_date,none,,,,,,0,0,0,,,,0,False,False,broad,calibrated_broad,1
BOAMP:16-102715,BOAMP,NAME:nantes metropole,32.0,Telecom & Networks,2016-07-11,12.0,1,10.74,,10.74,BOAMP:17-76616,,OUVERT,SERVICES,False,2017-07-11,publication_date,calibrated_rule,0.4763,0.4207,0.0,True,0.79,0,0,0,0.4763,0.4706,0.0057,7,False,False,broad,calibrated_broad,0
BOAMP:16-103088,BOAMP,SIREN:247200132,30.0,IT Hardware & Equipment,2016-11-17,6.0,1,9.13,,9.13,BOAMP:17-73142,,OUVERT,FOURNITURES,False,2017-05-18,attribution_award_date,calibrated_rule,0.4467,0.5026,0.0,True,0.4783,0,0,0,0.4467,0.3827,0.064,2,False,False,broad,calibrated_broad,0
BOAMP:16-104455,BOAMP,SIREN:213503642,,Data & AI,2016-07-13,48.0,0,101.61,101.61,,,,PROCEDURE_ADAPTE,,True,2020-07-13,publication_date,none,,,,,,0,0,0,,,,0,False,False,broad,calibrated_broad,1
BOAMP:16-103802,BOAMP,NAME:arafer,72.0,Data & AI,2016-07-13,24.0,0,101.61,101.61,,,,PROCEDURE_ADAPTE,,False,2018-07-13,publication_date,none,,,,,,0,0,0,,,,0,False,False,broad,calibrated_broad,1
BOAMP:16-103833,BOAMP,NAME:nantes metropole,48.0,Cloud & Infrastructure,2016-07-13,48.0,1,50.85,,50.85,BOAMP:20-49949,,OUVERT,SERVICES,False,2020-07-13,publication_date,calibrated_rule,0.6914,0.841,0.4,True,0.525,0,0,0,0.6914,0.6045,0.0869,5,False,False,broad,calibrated_broad,0
BOAMP:16-106250,BOAMP,NAME:cpam de la sarthe,44.0,Unknown,2016-07-15,48.0,0,101.54,101.54,,,,OUVERT,FOURNITURES,True,2020-07-15,publication_date,none,,,,,,0,0,0,,,,0,False,False,broad,calibrated_broad,1
BOAMP:16-105530,BOAMP,SIREN:225300011,32.0,Telecom & Networks,2016-07-15,48.0,0,101.54,101.54,,,,OUVERT,SERVICES,False,2020-07-15,publication_date,none,,,,,,0,0,0,,,,0,False,False,broad,calibrated_broad,1
BOAMP:16-106204,BOAMP,SIREN:130029747,32.0,Telecom & Networks,2016-11-17,48.0,1,50.49,,50.49,BOAMP:21-14714,,OUVERT,SERVICES,True,2020-11-17,attribution_award_date,calibrated_rule,0.4533,0.4657,0.0,True,0.585,0,0,0,0.4533,0.3503,0.103,2,False,False,broad,calibrated_broad,0
BOAMP:16-106449,BOAMP,NAME:synd mixte du pays de coutances,,Data & AI,2016-07-15,48.0,0,101.54,101.54,,,,PROCEDURE_ADAPTE,SERVICES|FOURNITURES,True,2020-07-15,publication_date,none,,,,,,0,0,0,,,,0,False,False,broad,calibrated_broad,1
BOAMP:16-108815,BOAMP,SIREN:214400558,45.0,Unknown,2016-07-21,8.0,0,101.35,101.35,,,,PROCEDURE_ADAPTE,,False,2017-03-21,publication_date,none,,,,,,0,0,0,,,,0,False,False,broad,calibrated_broad,1
BOAMP:16-109013,BOAMP,SIREN:172104309,72.0,IT Services & Consulting,2016-07-22,12.0,0,101.31,101.31,,,626664.0,OUVERT,SERVICES,False,2017-07-22,publication_date,none,,,,,,0,0,0,,,,0,False,False,broad,calibrated_broad,1
BOAMP:16-109017,BOAMP,SIREN:391722881,48.0,Software & Applications,2016-07-22,12.0,1,10.97,,10.97,BOAMP:17-85294,,OUVERT,FOURNITURES,False,2017-07-22,publication_date,calibrated_rule,0.5693,0.5091,0.2,True,0.8283,0,0,0,0.5693,,,1,True,False,broad,calibrated_broad,0
BOAMP:16-107267,BOAMP,SIREN:214401846,72.0,IT Services & Consulting,2016-11-09,48.0,1,44.78,,44.78,BOAMP:20-98331,,OUVERT,SERVICES,False,2020-11-09,attribution_award_date,calibrated_rule,0.4345,0.4795,0.0,True,0.4633,0,0,0,0.4345,0.3318,0.1027,2,False,False,broad,calibrated_broad,0
BOAMP:16-109854,BOAMP,SIREN:180046013,,Unknown,2016-07-25,48.0,0,101.22,101.22,,,,PROCEDURE_ADAPTE,SERVICES,True,2020-07-25,publication_date,none,,,,,,0,0,0,,,,0,False,False,broad,calibrated_broad,1
BOAMP:16-99329,BOAMP,NAME:nantes metropole habitat,48.0,Software & Applications,2016-11-07,48.0,0,97.77,97.77,,,230000.0,OUVERT,SERVICES,False,2020-11-07,attribution_award_date,none,,,,,,0,0,0,,,,0,False,False,broad,calibrated_broad,1
BOAMP:16-110437,BOAMP,NAME:universite europeenne de bretagne,48.0,Software & Applications,2016-07-26,36.0,0,101.18,101.18,,,,PROCEDURE_ADAPTE,SERVICES,False,2019-07-26,publication_date,none,,,,,,0,0,0,,,,0,False,False,broad,calibrated_broad,1
BOAMP:16-111867,BOAMP,SIREN:224900019,72.0,IT Services & Consulting,2016-12-26,72.0,0,96.16,96.16,,,450000.0,OUVERT,SERVICES,False,2022-12-26,attribution_award_date,none,,,,,,0,0,0,,,,0,False,False,broad,calibrated_broad,1
BOAMP:16-114007,BOAMP,NAME:c s t b,72.0,IT Services & Consulting,2016-07-30,12.0,0,101.05,101.05,,,400000.0,OUVERT,SERVICES,False,2017-07-30,publication_date,none,,,,,,0,0,0,,,,0,False,False,broad,calibrated_broad,1
BOAMP:16-114945,BOAMP,SIREN:264400136,72.0,IT Services & Consulting,2016-08-01,24.0,1,24.87,,24.87,BOAMP:18-120601,,PROCEDURE_ADAPTE,SERVICES,False,2018-08-01,publication_date,calibrated_rule,0.583,0.4051,0.4,True,0.855,0,0,0,0.583,0.5822,0.0008,5,False,False,broad,calibrated_broad,0
BOAMP:16-118533,BOAMP,SIREN:287200265,35.0,Cybersecurity,2016-10-31,12.0,0,98.0,98.0,,,,OUVERT,FOURNITURES,False,2017-10-31,attribution_award_date,none,,,,,,0,0,0,,,,0,False,False,broad,calibrated_broad,1
BOAMP:16-123498,BOAMP,SIREN:264400136,48.0,Software & Applications,2016-08-22,48.0,1,50.43,,50.43,BOAMP:20-50446,,PROCEDURE_ADAPTE,,True,2020-08-22,publication_date,calibrated_rule,0.4378,0.4219,0.0,True,0.595,0,0,0,0.4378,0.395,0.0427,2,False,False,broad,calibrated_broad,0
BOAMP:16-124376,BOAMP,SIREN:234400034,72.0,Digital Workplace & Collaboration,2016-10-31,24.0,1,23.85,,23.85,BOAMP:18-150422,,PROCEDURE_ADAPTE,SERVICES,False,2018-10-31,attribution_award_date,calibrated_rule,0.723,0.445,0.8,True,0.975,0,0,0,0.723,0.6325,0.0905,6,False,True,broad,calibrated_broad,0
BOAMP:16-125901,BOAMP,SIREN:515163749,,Telecom & Networks,2016-08-26,48.0,0,100.16,100.16,,,,PROCEDURE_ADAPTE,,True,2020-08-26,publication_date,none,,,,,,0,0,0,,,,0,False,False,broad,calibrated_broad,1
BOAMP:16-127032,BOAMP,SIREN:227200029,72.0,IT Services & Consulting,2016-12-07,48.0,0,96.78,96.78,,,80000.0,PROCEDURE_ADAPTE,,True,2020-12-07,attribution_award_date,none,,,,,,0,0,0,,,,0,False,False,broad,calibrated_broad,1
BOAMP:16-128900,BOAMP,SIREN:200033298,72.0,IT Services & Consulting,2016-09-02,48.0,0,99.93,99.93,,,,PROCEDURE_ADAPTE,SERVICES,True,2020-09-02,publication_date,none,,,,,,0,0,0,,,,0,False,False,broad,calibrated_broad,1
BOAMP:16-128870,BOAMP,SIREN:264400136,72.0,IT Maintenance & Support,2016-12-22,48.0,1,49.21,,49.21,BOAMP:20-118996,,OUVERT,SERVICES,False,2020-12-22,attribution_award_date,calibrated_rule,0.8017,0.605,1.0,True,0.7983,0,0,0,0.8017,0.5218,0.2799,5,False,True,broad,calibrated_broad,0
BOAMP:16-130215,BOAMP,SIREN:228500013,72.0,IT Services & Consulting,2017-02-08,12.0,1,12.61,,12.61,BOAMP:17-158731,50000.0,OUVERT,SERVICES,False,2018-02-08,attribution_award_date,calibrated_rule,0.6388,0.5229,0.4,True,0.8983,0,0,0,0.6388,0.4878,0.1511,3,False,False,broad,calibrated_broad,0
BOAMP:16-128161,BOAMP,NAME:nantes metropole,72.0,IT Services & Consulting,2016-09-09,48.0,1,52.3,,52.3,BOAMP:21-7561,,PROCEDURE_ADAPTE,SERVICES,False,2020-09-09,publication_date,calibrated_rule,0.7598,0.7579,1.0,True,0.2833,0,0,0,0.7598,0.5671,0.1927,5,False,True,broad,calibrated_broad,0
BOAMP:16-131471,BOAMP,NAME:insee,72.0,IT Services & Consulting,2016-12-05,48.0,0,96.85,96.85,,,,OUVERT,SERVICES,True,2020-12-05,attribution_award_date,none,,,,,,0,0,0,,,,0,False,False,broad,calibrated_broad,1
BOAMP:16-132878,BOAMP,NAME:ville d avrille,48.0,Software & Applications,2016-09-12,48.0,0,99.61,99.61,,,,PROCEDURE_ADAPTE,,True,2020-09-12,publication_date,none,,,,,,0,0,0,,,,0,False,False,broad,calibrated_broad,1
BOAMP:16-134501,BOAMP,SIREN:391722881,72.0,IT Services & Consulting,2016-09-15,12.0,1,9.4,,9.4,BOAMP:17-90049,,PROCEDURE_ADAPTE,SERVICES,False,2017-09-15,publication_date,calibrated_rule,0.487,0.5592,0.0,True,0.5667,0,0,0,0.487,0.4511,0.0359,2,False,False,broad,calibrated_broad,0
BOAMP:16-135042,BOAMP,NAME:nantes metropole,72.0,IT Services & Consulting,2017-04-13,60.0,1,59.13,,59.13,BOAMP:22-39212,,NEGOCIE,SERVICES,False,2022-04-13,attribution_award_date,calibrated_rule,0.6948,0.5594,0.6,True,0.855,0,0,0,0.6948,0.6696,0.0251,13,False,False,broad,calibrated_broad,0
BOAMP:16-136139,BOAMP,SIREN:234400034,72.0,IT Services & Consulting,2016-12-27,12.0,1,7.39,,7.39,BOAMP:17-68186,,PROCEDURE_ADAPTE,SERVICES,False,2017-12-27,attribution_award_date,calibrated_rule,0.6463,1.0,0.2,True,0.2317,0,0,0,0.6463,0.6344,0.012,14,False,False,broad,calibrated_broad,0
BOAMP:16-136057,BOAMP,NAME:ville du mans,32.0,Telecom & Networks,2016-11-15,2.0,1,6.01,,6.01,BOAMP:17-69161,,PROCEDURE_ADAPTE,,False,2017-01-14,attribution_award_date,calibrated_rule,0.4631,0.617,0.0,True,0.3317,0,0,0,0.4631,,,1,True,False,broad,calibrated_broad,0
BOAMP:16-139456,BOAMP,SIREN:284400017,48.0,Software & Applications,2016-09-23,48.0,1,45.99,,45.99,BOAMP:20-50911,,PROCEDURE_ADAPTE,SERVICES,True,2020-09-23,publication_date,calibrated_rule,0.5254,0.481,0.2,True,0.665,0,0,0,0.5254,0.4185,0.1069,2,False,False,broad,calibrated_broad,0
BOAMP:16-139147,BOAMP,SIREN:391722881,72.0,Digital Workplace & Collaboration,2017-06-21,12.0,1,10.74,,10.74,BOAMP:17-93952,,RESTREINT,SERVICES,False,2018-06-21,attribution_award_date,calibrated_rule,0.8126,0.6366,1.0,True,0.79,0,0,0,0.8126,0.5456,0.2671,2,False,True,broad,calibrated_broad,0
BOAMP:16-139674,BOAMP,SIREN:227200029,48.0,Cloud & Infrastructure,2017-01-06,48.0,1,50.23,,50.23,BOAMP:20-150503,,OUVERT,FOURNITURES,False,2021-01-06,attribution_award_date,calibrated_rule,0.5523,0.6917,0.0,True,0.6283,0,0,0,0.5523,,,1,True,False,broad,calibrated_broad,0
BOAMP:16-139386,BOAMP,SIREN:225300011,48.0,Software & Applications,2016-11-07,48.0,1,51.77,,51.77,BOAMP:20-152653,5000000.0,OUVERT,SERVICES,False,2020-11-07,attribution_award_date,calibrated_rule,0.4455,0.553,0.0,True,0.3717,0,0,0,0.4455,,,1,True,False,broad,calibrated_broad,0
BOAMP:16-137248,BOAMP,SIREN:403040850,45.0,Unknown,2016-12-30,48.0,0,96.02,96.02,,,632000.0,OUVERT,TRAVAUX,True,2020-12-30,attribution_award_date,none,,,,,,0,0,0,,,,0,False,False,broad,calibrated_broad,1
BOAMP:16-140691,BOAMP,SIREN:214402042,35.0,Cybersecurity,2016-09-29,24.0,0,99.05,99.05,,,250000.0,OUVERT,FOURNITURES,False,2018-09-29,publication_date,none,,,,,,0,0,0,,,,0,False,False,broad,calibrated_broad,1
BOAMP:16-142611,BOAMP,NAME:ville d orvault,48.0,Software & Applications,2016-09-30,48.0,0,99.01,99.01,,,,PROCEDURE_ADAPTE,SERVICES,False,2020-09-30,publication_date,none,,,,,,0,0,0,,,,0,False,False,broad,calibrated_broad,1
BOAMP:16-146809,BOAMP,SIREN:268502424,48.0,Software & Applications,2017-04-18,12.0,0,92.44,92.44,,,,OUVERT,FOURNITURES,False,2018-04-18,attribution_award_date,none,,,,,,0,0,0,,,,0,False,False,broad,calibrated_broad,1
BOAMP:16-149380,BOAMP,SIREN:214400418,32.0,Telecom & Networks,2016-10-13,3.0,0,98.59,98.59,,,,PROCEDURE_ADAPTE,,False,2017-01-12,publication_date,none,,,,,,0,0,0,,,,0,False,False,broad,calibrated_broad,1
BOAMP:16-151887,BOAMP,SIREN:214400269,32.0,Telecom & Networks,2017-02-01,12.0,0,94.94,94.94,,,,PROCEDURE_ADAPTE,,False,2018-02-01,attribution_award_date,none,,,,,,0,0,0,,,,0,False,False,broad,calibrated_broad,1
BOAMP:16-151274,BOAMP,SIREN:194401006,32.0,Telecom & Networks,2017-01-25,36.0,0,95.17,95.17,,,,OUVERT,FOURNITURES,False,2020-01-25,attribution_award_date,none,,,,,,0,0,0,,,,0,False,False,broad,calibrated_broad,1
BOAMP:16-153677,BOAMP,SIREN:214401432,72.0,Cybersecurity,2016-10-20,36.0,0,98.36,98.36,,,200000.0,PROCEDURE_ADAPTE,SERVICES,False,2019-10-20,publication_date,none,,,,,,0,0,0,,,,0,False,False,broad,calibrated_broad,1
BOAMP:16-153566,BOAMP,NAME:ville d orvault,35.0,Cybersecurity,2016-10-20,36.0,0,98.36,98.36,,,,PROCEDURE_ADAPTE,SERVICES,False,2019-10-20,publication_date,none,,,,,,0,0,0,,,,0,False,False,broad,calibrated_broad,1
BOAMP:16-153330,BOAMP,NAME:nantes metropole,48.0,Software & Applications,2018-01-16,60.0,1,59.03,,59.03,BOAMP:22-165917,,NEGOCIE,SERVICES,False,2023-01-16,attribution_award_date,calibrated_rule,0.6311,0.7836,0.0,True,0.8383,0,0,0,0.6311,0.4603,0.1708,4,False,False,broad,calibrated_broad,0
BOAMP:16-153188,BOAMP,SIREN:214401846,45.0,Telecom & Networks,2016-10-26,28.0,1,25.1,,25.1,BOAMP:18-122920,,OUVERT,TRAVAUX,False,2019-02-25,publication_date,calibrated_rule,0.4905,0.593,0.0,True,0.5167,0,0,0,0.4905,,,1,True,False,broad,calibrated_broad,0
BOAMP:16-153795,BOAMP,SIREN:214401846,32.0,Telecom & Networks,2016-10-26,24.0,1,25.1,,25.1,BOAMP:18-122920,400000.0,OUVERT,SERVICES,False,2018-10-26,publication_date,calibrated_rule,0.4782,0.4121,0.0,True,0.8167,0,0,0,0.4782,,,1,True,False,broad,calibrated_broad,0
BOAMP:16-155186,BOAMP,SIREN:546650169,72.0,IT Services & Consulting,2016-10-26,12.0,1,6.24,,6.24,BOAMP:17-61199,,OUVERT,SERVICES,False,2017-10-26,publication_date,calibrated_rule,0.5938,0.4644,1.0,True,0.04,0,0,0,0.5938,,,1,True,False,broad,calibrated_broad,0
BOAMP:16-158195,BOAMP,SIREN:218502268,72.0,Digital Workplace & Collaboration,2016-10-28,36.0,0,98.09,98.09,,,,PROCEDURE_ADAPTE,SERVICES,False,2019-10-28,publication_date,none,,,,,,0,0,0,,,,0,False,False,broad,calibrated_broad,1
BOAMP:16-158411,BOAMP,NAME:institut 4 10,48.0,Software & Applications,2016-10-28,12.0,0,98.09,98.09,,,,PROCEDURE_ADAPTE,,False,2017-10-28,publication_date,none,,,,,,0,0,0,,,,0,False,False,broad,calibrated_broad,1
BOAMP:16-158975,BOAMP,NAME:dirisi,48.0,Software & Applications,2016-11-04,90.0,0,97.86,97.86,,,,OUVERT,FOURNITURES,False,2024-05-05,publication_date,none,,,,,,0,0,0,,,,0,False,False,broad,calibrated_broad,1
BOAMP:16-161115,BOAMP,SIREN:288500010,35.0,Cybersecurity,2017-01-25,48.0,0,95.17,95.17,,,,PROCEDURE_ADAPTE,SERVICES,True,2021-01-25,attribution_award_date,none,,,,,,0,0,0,,,,0,False,False,broad,calibrated_broad,1
BOAMP:16-166758,BOAMP,NAME:ville du mans,,Unknown,2016-11-17,48.0,1,43.36,,43.36,BOAMP:20-2441,,PROCEDURE_ADAPTE,,True,2020-11-17,publication_date,calibrated_rule,0.5913,0.6203,,False,0.2267,0,0,0,0.5913,,,1,True,False,broad,calibrated_broad,0
BOAMP:16-167180,BOAMP,SIREN:546650169,72.0,IT Services & Consulting,2016-12-20,12.0,0,96.35,96.35,,,,OUVERT,SERVICES,False,2017-12-20,attribution_award_date,none,,,,,,0,0,0,,,,0,False,False,broad,calibrated_broad,1
BOAMP:16-170680,BOAMP,SIREN:264400136,72.0,IT Services & Consulting,2016-11-25,48.0,0,97.17,97.17,,,,PROCEDURE_ADAPTE,SERVICES,False,2020-11-25,publication_date,none,,,,,,0,0,0,,,,0,False,False,broad,calibrated_broad,1
BOAMP:16-172610,BOAMP,NAME:conseil general de la vendee,72.0,Digital Workplace & Collaboration,2017-04-13,48.0,1,42.51,,42.51,BOAMP:20-61728,,PROCEDURE_ADAPTE,SERVICES,True,2021-04-13,attribution_award_date,calibrated_rule,0.555,0.47,0.8,True,0.085,0,0,0,0.555,0.4917,0.0633,3,False,False,broad,calibrated_broad,0
BOAMP:16-171762,BOAMP,NAME:carene,45.0,Cloud & Infrastructure,2017-03-22,18.0,0,93.33,93.33,,,,OUVERT,TRAVAUX,False,2018-09-20,attribution_award_date,none,,,,,,0,0,0,,,,0,False,False,broad,calibrated_broad,1
BOAMP:16-172095,BOAMP,NAME:carene,72.0,Cybersecurity,2016-12-02,24.0,0,96.94,96.94,,,,PROCEDURE_ADAPTE,SERVICES,False,2018-12-02,publication_date,none,,,,,,0,0,0,,,,0,False,False,broad,calibrated_broad,1
BOAMP:16-173647,BOAMP,NAME:caf de la somme,72.0,Digital Workplace & Collaboration,2016-12-04,48.0,0,96.88,96.88,,,875000.0,OUVERT,FOURNITURES,False,2020-12-04,publication_date,none,,,,,,0,0,0,,,,0,False,False,broad,calibrated_broad,1
BOAMP:16-176618,BOAMP,NAME:ville d orvault,48.0,Software & Applications,2016-12-09,48.0,0,96.71,96.71,,,,PROCEDURE_ADAPTE,SERVICES|FOURNITURES,False,2020-12-09,publication_date,none,,,,,,0,0,0,,,,0,False,False,broad,calibrated_broad,1
BOAMP:16-176813,BOAMP,NAME:cte cnes coeur d estuaire,45.0,Unknown,2017-05-04,48.0,0,91.92,91.92,,,,OUVERT,TRAVAUX,True,2021-05-04,attribution_award_date,none,,,,,,0,0,0,,,,0,False,False,broad,calibrated_broad,1
BOAMP:16-179721,BOAMP,NAME:gpm de nantes st nazaire,32.0,Telecom & Networks,2016-12-15,48.0,0,96.52,96.52,,,,PROCEDURE_ADAPTE,,True,2020-12-15,publication_date,none,,,,,,0,0,0,,,,0,False,False,broad,calibrated_broad,1
BOAMP:16-180684,BOAMP,SIREN:777739160,32.0,Telecom & Networks,2016-12-16,1.0,0,96.48,96.48,,,,PROCEDURE_ADAPTE,SERVICES|FOURNITURES|TRAVAUX,False,2017-01-15,publication_date,none,,,,,,0,0,0,,,,0,False,False,broad,calibrated_broad,1
BOAMP:16-182034,BOAMP,SIREN:284400017,35.0,Cybersecurity,2016-12-22,7.0,0,96.29,96.29,,,,OUVERT,SERVICES,False,2017-07-23,publication_date,none,,,,,,0,0,0,,,,0,False,False,broad,calibrated_broad,1
BOAMP:16-184522,BOAMP,NAME:sdegm,32.0,Telecom & Networks,2016-12-23,48.0,0,96.25,96.25,,,,PROCEDURE_ADAPTE,,False,2020-12-23,publication_date,none,,,,,,0,0,0,,,,0,False,False,broad,calibrated_broad,1
BOAMP:16-183156,BOAMP,SIREN:227200029,72.0,Digital Workplace & Collaboration,2017-04-26,48.0,1,46.62,,46.62,BOAMP:20-150503,155000.0,OUVERT,SERVICES,False,2021-04-26,attribution_award_date,calibrated_rule,0.4776,0.4341,0.0,True,0.77,0,0,0,0.4776,,,1,True,False,broad,calibrated_broad,0
BOAMP:16-183705,BOAMP,SIREN:285300018,35.0,Cybersecurity,2016-12-24,12.0,1,11.76,,11.76,BOAMP:17-176560,,OUVERT,FOURNITURES,False,2017-12-24,publication_date,calibrated_rule,0.8828,0.7269,1.0,True,0.96,0,0,0,0.8828,,,1,True,False,broad,calibrated_broad,0
BOAMP:16-184210,BOAMP,SIREN:391722881,72.0,IT Services & Consulting,2017-10-12,48.0,1,45.5,,45.5,BOAMP:20-70832,,NEGOCIE,SERVICES,False,2021-10-12,attribution_award_date,calibrated_rule,0.539,0.6808,0.0,True,0.5833,0,0,0,0.539,,,1,True,False,broad,calibrated_broad,0
BOAMP:16-184750,BOAMP,NAME:arafer,72.0,IT Maintenance & Support,2016-12-28,24.0,0,96.09,96.09,,,,OUVERT,SERVICES,False,2018-12-28,publication_date,none,,,,,,0,0,0,,,,0,False,False,broad,calibrated_broad,1
BOAMP:17-1971,BOAMP,NAME:maine loire habitat office pub habitat,48.0,Software & Applications,2017-01-06,48.0,0,95.8,95.8,,,,PROCEDURE_ADAPTE,,False,2021-01-06,publication_date,none,,,,,,0,0,0,,,,0,False,False,broad,calibrated_broad,1
BOAMP:17-2924,BOAMP,NAME:sictiam,72.0,IT Services & Consulting,2017-01-08,12.0,0,95.73,95.73,,,,OUVERT,SERVICES,False,2018-01-08,publication_date,none,,,,,,0,0,0,,,,0,False,False,broad,calibrated_broad,1
BOAMP:17-4904,BOAMP,NAME:iphv les hauts thebaudieres,48.0,Software & Applications,2017-01-11,48.0,0,95.63,95.63,,,,PROCEDURE_ADAPTE,,True,2021-01-11,publication_date,none,,,,,,0,0,0,,,,0,False,False,broad,calibrated_broad,1
BOAMP:17-8592,BOAMP,NAME:communes de grand lieu,35.0,Cybersecurity,2017-01-18,12.0,0,95.4,95.4,,,,PROCEDURE_ADAPTE,,False,2018-01-18,publication_date,none,,,,,,0,0,0,,,,0,False,False,broad,calibrated_broad,1
BOAMP:17-6714,BOAMP,SIREN:194909701,72.0,IT Services & Consulting,2017-01-18,36.0,1,35.09,,35.09,BOAMP:19-190328,,OUVERT,SERVICES,False,2020-01-18,publication_date,calibrated_rule,0.5093,0.474,0.0,True,0.8483,0,0,0,0.5093,,,1,True,False,broad,calibrated_broad,0
BOAMP:17-8714,BOAMP,SIREN:227200029,72.0,IT Services & Consulting,2017-01-19,48.0,1,49.8,,49.8,BOAMP:20-150503,,PROCEDURE_ADAPTE,SERVICES,True,2021-01-19,publication_date,calibrated_rule,0.4827,0.4817,0.0,True,0.7,0,0,0,0.4827,,,1,True,False,broad,calibrated_broad,0
BOAMP:17-9361,BOAMP,SIREN:264400136,48.0,Software & Applications,2017-01-19,48.0,1,45.5,,45.5,BOAMP:20-50446,,PROCEDURE_ADAPTE,,True,2021-01-19,publication_date,calibrated_rule,0.43,0.4084,0.0,True,0.5833,0,0,0,0.43,0.3712,0.0588,3,False,False,broad,calibrated_broad,0
BOAMP:17-10167,BOAMP,SIREN:217203207,44.0,Unknown,2017-01-20,48.0,0,95.34,95.34,,,,PROCEDURE_ADAPTE,,True,2021-01-20,publication_date,none,,,,,,0,0,0,,,,0,False,False,broad,calibrated_broad,1
BOAMP:17-8483,BOAMP,SIREN:227200029,45.0,Telecom & Networks,2017-04-07,4.0,0,92.81,92.81,,,,OUVERT,FOURNITURES,False,2017-08-06,attribution_award_date,none,,,,,,0,0,0,,,,0,False,False,broad,calibrated_broad,1
BOAMP:17-12394,BOAMP,NAME:sdegm,32.0,Telecom & Networks,2017-01-26,48.0,0,95.14,95.14,,,,PROCEDURE_ADAPTE,,True,2021-01-26,publication_date,none,,,,,,0,0,0,,,,0,False,False,broad,calibrated_broad,1
BOAMP:17-13461,BOAMP,NAME:nantes metropole,72.0,IT Services & Consulting,2017-01-29,36.0,1,35.87,,35.87,BOAMP:20-12070,,OUVERT,SERVICES,False,2020-01-29,publication_date,calibrated_rule,0.5619,0.4157,0.2,True,0.9783,0,0,0,0.5619,0.5526,0.0094,6,False,False,broad,calibrated_broad,0
BOAMP:17-14320,BOAMP,NAME:agence regionale pays de la loire ti,72.0,IT Services & Consulting,2017-02-01,48.0,0,94.94,94.94,,,260000.0,OUVERT,SERVICES,False,2021-02-01,publication_date,none,,,,,,0,0,0,,,,0,False,False,broad,calibrated_broad,1
BOAMP:17-14986,BOAMP,SIREN:264400136,72.0,IT Services & Consulting,2017-06-02,12.0,1,12.12,,12.12,BOAMP:18-76556,600000.0,OUVERT,SERVICES,False,2018-06-02,attribution_award_date,calibrated_rule,0.573,0.4426,0.2,True,0.98,0,0,0,0.573,0.5535,0.0195,5,False,False,broad,calibrated_broad,0
BOAMP:17-16256,BOAMP,NAME:inst interdpt bassin sevre niortaise,45.0,Unknown,2017-02-02,48.0,0,94.91,94.91,,,,PROCEDURE_ADAPTE,,True,2021-02-02,publication_date,none,,,,,,0,0,0,,,,0,False,False,broad,calibrated_broad,1
BOAMP:17-15684,BOAMP,SIREN:214401846,72.0,IT Services & Consulting,2017-02-03,48.0,0,94.88,94.88,,,,PROCEDURE_ADAPTE,SERVICES,True,2021-02-03,publication_date,none,,,,,,0,0,0,,,,0,False,False,broad,calibrated_broad,1
BOAMP:17-20659,BOAMP,SIREN:288500010,72.0,IT Services & Consulting,2017-05-02,48.0,1,46.98,,46.98,BOAMP:21-44149,200000.0,PROCEDURE_ADAPTE,SERVICES,True,2021-05-02,attribution_award_date,calibrated_rule,0.6858,0.7994,0.2,True,0.83,0,0,0,0.6858,0.5135,0.1723,2,False,False,broad,calibrated_broad,0
BOAMP:17-19962,BOAMP,SIREN:194401006,32.0,Telecom & Networks,2017-04-06,12.0,1,12.88,,12.88,BOAMP:18-61507,,OUVERT,FOURNITURES,False,2018-04-06,attribution_award_date,calibrated_rule,0.4994,0.4468,0.0,True,0.8533,0,0,0,0.4994,0.3939,0.1055,2,False,False,broad,calibrated_broad,0
BOAMP:17-19635,BOAMP,NAME:mairie du croisic,32.0,Telecom & Networks,2017-02-11,1.0,0,94.61,94.61,,,,OUVERT,TRAVAUX,False,2017-03-13,publication_date,none,,,,,,0,0,0,,,,0,False,False,broad,calibrated_broad,1
BOAMP:17-20825,BOAMP,NAME:le mans,32.0,Telecom & Networks,2017-04-11,48.0,0,92.67,92.67,,,,OUVERT,SERVICES,False,2021-04-11,attribution_award_date,none,,,,,,0,0,0,,,,0,False,False,broad,calibrated_broad,1
BOAMP:17-23389,BOAMP,SIREN:865800767,45.0,Unknown,2017-02-16,9.0,1,8.18,,8.18,BOAMP:17-147216,,PROCEDURE_ADAPTE,,False,2017-11-16,publication_date,calibrated_rule,0.7409,0.6707,0.6,True,0.8633,0,0,0,0.7409,0.6751,0.0658,2,False,True,broad,calibrated_broad,0
BOAMP:17-22230,BOAMP,SIREN:214401622,35.0,Cybersecurity,2017-05-18,12.0,0,91.46,91.46,,,,OUVERT,SERVICES,False,2018-05-18,attribution_award_date,none,,,,,,0,0,0,,,,0,False,False,broad,calibrated_broad,1
BOAMP:17-23490,BOAMP,NAME:chd vendee,48.0,Software & Applications,2017-02-18,12.0,0,94.38,94.38,,,,OUVERT,FOURNITURES,False,2018-02-18,publication_date,none,,,,,,0,0,0,,,,0,False,False,broad,calibrated_broad,1
BOAMP:17-25253,BOAMP,NAME:le grand t theatre loire atlantique,48.0,Software & Applications,2017-02-21,48.0,0,94.28,94.28,,,,PROCEDURE_ADAPTE,,True,2021-02-21,publication_date,none,,,,,,0,0,0,,,,0,False,False,broad,calibrated_broad,1
BOAMP:17-25915,BOAMP,SIREN:264400136,48.0,Software & Applications,2017-02-22,48.0,1,47.17,,47.17,BOAMP:20-118996,,PROCEDURE_ADAPTE,,True,2021-02-22,publication_date,calibrated_rule,0.4971,0.4368,0.0,True,0.8617,0,0,0,0.4971,0.4232,0.0739,4,False,False,broad,calibrated_broad,0
BOAMP:17-26666,BOAMP,SIREN:546650169,72.0,IT Services & Consulting,2017-03-30,12.0,0,93.07,93.07,,,,OUVERT,SERVICES,False,2018-03-30,attribution_award_date,none,,,,,,0,0,0,,,,0,False,False,broad,calibrated_broad,1
BOAMP:17-27341,BOAMP,SIREN:935367433,50.0,Unknown,2017-02-26,44.0,0,94.12,94.12,,,450000.0,OUVERT,SERVICES,False,2020-10-27,publication_date,none,,,,,,0,0,0,,,,0,False,False,broad,calibrated_broad,1
BOAMP:17-29415,BOAMP,SIREN:935367433,72.0,IT Maintenance & Support,2017-03-03,48.0,1,51.25,,51.25,BOAMP:21-77546,2000000.0,OUVERT,SERVICES,False,2021-03-03,publication_date,calibrated_rule,0.7973,0.7641,1.0,True,0.4583,0,0,0,0.7973,0.7491,0.0482,8,False,False,broad,calibrated_broad,0
BOAMP:17-32686,BOAMP,SIREN:865800767,45.0,Unknown,2017-03-08,10.0,1,9.17,,9.17,BOAMP:17-123367,,PROCEDURE_ADAPTE,,False,2018-01-06,publication_date,calibrated_rule,0.679,0.5166,0.6,True,0.8617,0,0,0,0.679,0.6712,0.0078,2,False,False,broad,calibrated_broad,0
BOAMP:17-31647,BOAMP,SIREN:200052587,32.0,Telecom & Networks,2018-01-22,48.0,0,83.28,83.28,,,,,SERVICES,True,2022-01-22,attribution_award_date,none,,,,,,0,0,1,,,,0,False,False,broad,calibrated_broad,1
BOAMP:17-35511,BOAMP,SIREN:245300355,48.0,Software & Applications,2017-03-14,48.0,0,93.59,93.59,,,,PROCEDURE_ADAPTE,,True,2021-03-14,publication_date,none,,,,,,0,0,0,,,,0,False,False,broad,calibrated_broad,1
BOAMP:17-35759,BOAMP,SIREN:234400034,72.0,IT Services & Consulting,2017-06-02,24.0,0,90.97,90.97,,,,OUVERT,SERVICES,False,2019-06-02,attribution_award_date,none,,,,,,0,0,0,,,,0,False,False,broad,calibrated_broad,1
BOAMP:17-35545,BOAMP,SIREN:264400136,48.0,Software & Applications,2017-07-28,14.0,1,15.57,,15.57,BOAMP:18-159101,,NEGOCIE,FOURNITURES,False,2018-09-27,attribution_award_date,calibrated_rule,0.6981,0.876,0.2,True,0.7383,0,0,0,0.6981,0.5343,0.1638,7,False,False,broad,calibrated_broad,0
BOAMP:17-38797,BOAMP,SIREN:244900015,39.0,Telecom & Networks,2017-08-28,12.0,0,88.11,88.11,,,210000.0,NEGOCIE,FOURNITURES,False,2018-08-28,attribution_award_date,none,,,,,,0,0,0,,,,0,False,False,broad,calibrated_broad,1
BOAMP:17-39457,BOAMP,SIREN:130001704,72.0,IT Services & Consulting,2017-03-23,12.0,1,15.05,,15.05,BOAMP:18-87219,,OUVERT,SERVICES,False,2018-03-23,publication_date,calibrated_rule,0.8278,0.8236,1.0,True,0.4917,0,0,0,0.8278,0.7606,0.0672,2,False,True,broad,calibrated_broad,0
BOAMP:17-40324,BOAMP,SIREN:247200132,72.0,IT Services & Consulting,2017-07-10,48.0,1,45.76,,45.76,BOAMP:20-91088,,PROCEDURE_ADAPTE,SERVICES,True,2021-07-10,attribution_award_date,calibrated_rule,0.4493,0.435,0.0,True,0.6267,0,0,0,0.4493,,,1,True,False,broad,calibrated_broad,0
BOAMP:17-39093,BOAMP,SIREN:258500222,48.0,Software & Applications,2017-06-29,48.0,0,90.08,90.08,,,,PROCEDURE_ADAPTE,SERVICES,True,2021-06-29,attribution_award_date,none,,,,,,0,0,0,,,,0,False,False,broad,calibrated_broad,1
BOAMP:17-39998,BOAMP,SIREN:214401846,48.0,Software & Applications,2017-07-05,48.0,1,51.97,,51.97,BOAMP:21-101248,,PROCEDURE_ADAPTE,SERVICES,True,2021-07-05,attribution_award_date,calibrated_rule,0.4363,0.4215,0.2,True,0.3383,0,0,0,0.4363,,,1,True,False,broad,calibrated_broad,0
BOAMP:17-44758,BOAMP,SIREN:110006012,72.0,IT Services & Consulting,2017-08-23,48.0,0,88.27,88.27,,,,OUVERT,SERVICES,False,2021-08-23,attribution_award_date,none,,,,,,0,0,0,,,,0,False,False,broad,calibrated_broad,1
BOAMP:17-44607,BOAMP,SIREN:234400034,48.0,Cloud & Infrastructure,2017-07-21,48.0,1,47.31,,47.31,BOAMP:21-46043,,OUVERT,SERVICES,False,2021-07-21,attribution_award_date,calibrated_rule,0.6607,0.8342,0.0,True,0.885,0,0,0,0.6607,0.4394,0.2212,6,False,False,broad,calibrated_broad,0
BOAMP:17-45104,BOAMP,SIREN:214401622,32.0,Telecom & Networks,2017-08-09,12.0,0,88.73,88.73,,,,OUVERT,FOURNITURES,False,2018-08-09,attribution_award_date,none,,,,,,0,0,0,,,,0,False,False,broad,calibrated_broad,1
BOAMP:17-47832,BOAMP,NAME:centre de gestion fpt loire atlantique,32.0,Telecom & Networks,2017-04-05,48.0,0,92.87,92.87,,,,PROCEDURE_ADAPTE,,True,2021-04-05,publication_date,none,,,,,,0,0,0,,,,0,False,False,broad,calibrated_broad,1
BOAMP:17-48788,BOAMP,SIREN:234400034,72.0,IT Services & Consulting,2017-07-24,24.0,1,27.92,,27.92,BOAMP:19-174098,,PROCEDURE_ADAPTE,SERVICES,False,2019-07-24,attribution_award_date,calibrated_rule,0.4318,0.4062,0.2,True,0.3467,0,0,0,0.4318,0.4281,0.0037,3,False,False,broad,calibrated_broad,0
BOAMP:17-47703,BOAMP,NAME:semitan,72.0,IT Services & Consulting,2017-04-07,24.0,0,92.81,92.81,,,,NEGOCIE,SERVICES,False,2019-04-07,publication_date,none,,,,,,0,0,0,,,,0,False,False,broad,calibrated_broad,1
BOAMP:17-47930,BOAMP,SIREN:211703004,48.0,Software & Applications,2017-04-07,24.0,0,92.81,92.81,,,100000.0,DIALOGUE_COMPETITIF,FOURNITURES,False,2019-04-07,publication_date,none,,,,,,0,0,0,,,,0,False,False,broad,calibrated_broad,1
BOAMP:17-48519,BOAMP,NAME:carene,48.0,Software & Applications,2017-04-09,48.0,0,92.74,92.74,,,,NEGOCIE,FOURNITURES,False,2021-04-09,publication_date,none,,,,,,0,0,0,,,,0,False,False,broad,calibrated_broad,1
BOAMP:17-42319,BOAMP,NAME:cte de cnes de l ile de noirmoutier,92.0,Unknown,2017-10-25,12.0,0,86.2,86.2,,,,RESTREINT,SERVICES,False,2018-10-25,attribution_award_date,none,,,,,,0,0,0,,,,0,False,False,broad,calibrated_broad,1
BOAMP:17-47467,BOAMP,SIREN:860800077,32.0,Telecom & Networks,2017-06-29,48.0,0,90.08,90.08,,,,OUVERT,FOURNITURES,True,2021-06-29,attribution_award_date,none,,,,,,0,0,0,,,,0,False,False,broad,calibrated_broad,1
BOAMP:17-53475,BOAMP,SIREN:391722881,72.0,IT Services & Consulting,2018-01-02,12.0,1,12.29,,12.29,BOAMP:18-8879,,RESTREINT,SERVICES,False,2019-01-02,attribution_award_date,calibrated_rule,0.7078,0.7936,0.2,True,0.9517,0,0,0,0.7078,0.6759,0.0319,2,False,False,broad,calibrated_broad,0
BOAMP:17-55172,BOAMP,SIREN:532458809,50.0,Unknown,2017-04-21,16.0,1,21.02,,21.02,BOAMP:19-10579,,OUVERT,TRAVAUX,False,2018-08-21,publication_date,calibrated_rule,0.4166,0.5848,0.0,True,0.1633,0,0,0,0.4166,,,1,True,False,broad,calibrated_broad,0
BOAMP:17-54861,BOAMP,NAME:ville d orvault,48.0,Software & Applications,2017-06-20,36.0,0,90.37,90.37,,,,OUVERT,FOURNITURES,False,2020-06-19,attribution_award_date,none,,,,,,0,0,0,,,,0,False,False,broad,calibrated_broad,1
BOAMP:17-57345,BOAMP,SIREN:254902505,,Cybersecurity,2017-04-25,48.0,0,92.21,92.21,,,,PROCEDURE_ADAPTE,SERVICES,True,2021-04-25,publication_date,none,,,,,,0,0,0,,,,0,False,False,broad,calibrated_broad,1
BOAMP:17-56720,BOAMP,NAME:gcs esante pays de la loire,72.0,IT Services & Consulting,2017-08-29,12.0,0,88.07,88.07,,,,OUVERT,SERVICES,False,2018-08-29,attribution_award_date,none,,,,,,0,0,0,,,,0,False,False,broad,calibrated_broad,1
BOAMP:17-58486,BOAMP,SIREN:264400136,72.0,Digital Workplace & Collaboration,2017-04-28,12.0,1,11.17,,11.17,BOAMP:17-159373,,NEGOCIE,SERVICES,False,2018-04-28,publication_date,calibrated_rule,0.6694,0.6177,0.4,True,0.8617,0,0,0,0.6694,0.642,0.0274,6,False,False,broad,calibrated_broad,0
BOAMP:17-58113,BOAMP,NAME:arafer,72.0,IT Maintenance & Support,2017-04-28,24.0,0,92.12,92.12,,,,NEGOCIE,SERVICES,False,2019-04-28,publication_date,none,,,,,,0,0,0,,,,0,False,False,broad,calibrated_broad,1
BOAMP:17-58214,BOAMP,NAME:nantes metropole,72.0,Cybersecurity,2017-04-30,48.0,1,49.84,,49.84,BOAMP:21-85842,,OUVERT,SERVICES,False,2021-04-30,publication_date,calibrated_rule,0.6207,0.455,0.6,True,0.6933,0,0,0,0.6207,0.6064,0.0143,7,False,False,broad,calibrated_broad,0
BOAMP:17-56890,BOAMP,NAME:nantes metropole,90.0,Unknown,2017-08-21,12.0,0,88.34,88.34,,,,OUVERT,TRAVAUX,False,2018-08-21,attribution_award_date,none,,,,,,0,0,0,,,,0,False,False,broad,calibrated_broad,1
BOAMP:17-62129,BOAMP,SIREN:234400034,72.0,IT Services & Consulting,2017-05-04,18.0,1,20.27,,20.27,BOAMP:18-128655,,PROCEDURE_ADAPTE,SERVICES,False,2018-11-02,publication_date,calibrated_rule,0.5268,0.5062,0.2,True,0.6217,0,0,0,0.5268,0.4982,0.0287,3,False,False,broad,calibrated_broad,0
BOAMP:17-61199,BOAMP,SIREN:546650169,72.0,IT Services & Consulting,2017-05-04,12.0,0,91.92,91.92,,,,OUVERT,SERVICES,False,2018-05-04,publication_date,none,,,,,,0,0,0,,,,0,False,False,broad,calibrated_broad,1
BOAMP:17-61541,BOAMP,SIREN:264400136,72.0,IT Services & Consulting,2017-07-21,48.0,1,50.79,,50.79,BOAMP:21-76925,,OUVERT,SERVICES,False,2021-07-21,attribution_award_date,calibrated_rule,0.8492,0.8556,1.0,True,0.535,0,0,0,0.8492,,,1,True,False,broad,calibrated_broad,0
BOAMP:17-62974,BOAMP,NAME:cap atlantique,48.0,Software & Applications,2017-05-05,48.0,0,91.89,91.89,,,208000.0,PROCEDURE_ADAPTE,,False,2021-05-05,publication_date,none,,,,,,0,0,0,,,,0,False,False,broad,calibrated_broad,1
BOAMP:17-62873,BOAMP,SIREN:194909701,72.0,IT Services & Consulting,2017-05-07,36.0,1,40.44,,40.44,BOAMP:20-114106,,OUVERT,SERVICES,False,2020-05-06,publication_date,calibrated_rule,0.852,1.0,1.0,True,0.26,0,0,0,0.852,0.3896,0.4624,2,False,True,broad,calibrated_broad,0
BOAMP:17-56105,BOAMP,SIREN:264400268,48.0,Software & Applications,2017-05-07,60.0,0,91.82,91.82,,,466000.0,OUVERT,FOURNITURES,False,2022-05-07,publication_date,none,,,,,,0,0,0,,,,0,False,False,broad,calibrated_broad,1
BOAMP:17-66007,BOAMP,NAME:le mans,72.0,IT Services & Consulting,2017-05-12,48.0,1,46.29,,46.29,BOAMP:21-37354,,PROCEDURE_ADAPTE,SERVICES,True,2021-05-12,publication_date,calibrated_rule,0.559,0.6649,0.0,True,0.715,0,0,0,0.559,0.5492,0.0098,2,False,False,broad,calibrated_broad,0
BOAMP:17-67752,BOAMP,NAME:gpm de nantes st nazaire,32.0,Telecom & Networks,2017-05-16,48.0,1,52.04,,52.04,BOAMP:21-124527,,PROCEDURE_ADAPTE,,True,2021-05-16,publication_date,calibrated_rule,0.3969,0.4538,0.0,True,0.3267,0,0,0,0.3969,0.3829,0.014,2,False,False,broad,calibrated_broad,0
BOAMP:17-69161,BOAMP,NAME:ville du mans,37.0,Data & AI,2017-05-17,48.0,1,50.3,,50.3,BOAMP:21-103746,2000.0,PROCEDURE_ADAPTE,,True,2021-05-17,publication_date,calibrated_rule,0.8516,0.9135,,False,0.6167,0,0,0,0.8516,,,1,True,False,broad,calibrated_broad,0
BOAMP:17-69162,BOAMP,SIREN:247200132,72.0,IT Services & Consulting,2017-10-30,30.0,0,86.04,86.04,,,,PROCEDURE_ADAPTE,SERVICES,False,2020-04-30,attribution_award_date,none,,,,,,0,0,0,,,,0,False,False,broad,calibrated_broad,1
BOAMP:17-68186,BOAMP,SIREN:234400034,72.0,IT Services & Consulting,2017-08-09,12.0,1,11.33,,11.33,BOAMP:18-103319,500000.0,OUVERT,SERVICES,False,2018-08-09,attribution_award_date,calibrated_rule,0.6697,0.73,0.2,True,0.8883,0,0,0,0.6697,0.5688,0.1009,10,False,False,broad,calibrated_broad,0
BOAMP:17-59442,BOAMP,NAME:ademe,72.0,IT Services & Consulting,2017-05-19,48.0,0,91.43,91.43,,,,RESTREINT,SERVICES,False,2021-05-19,publication_date,none,,,,,,0,0,0,,,,0,False,False,broad,calibrated_broad,1
BOAMP:17-68883,BOAMP,NAME:arafer,72.0,IT Maintenance & Support,2017-05-19,24.0,0,91.43,91.43,,,,OUVERT,SERVICES,False,2019-05-19,publication_date,none,,,,,,0,0,0,,,,0,False,False,broad,calibrated_broad,1
BOAMP:17-71849,BOAMP,SIREN:234400034,72.0,Digital Workplace & Collaboration,2017-08-09,12.0,1,11.33,,11.33,BOAMP:18-103319,,OUVERT,SERVICES,False,2018-08-09,attribution_award_date,calibrated_rule,0.6073,0.574,0.2,True,0.8883,0,0,0,0.6073,0.5628,0.0444,7,False,False,broad,calibrated_broad,0
BOAMP:17-71852,BOAMP,SIREN:284900016,35.0,Cybersecurity,2017-05-24,48.0,0,91.26,91.26,,,,PROCEDURE_ADAPTE,SERVICES,True,2021-05-24,publication_date,none,,,,,,0,0,0,,,,0,False,False,broad,calibrated_broad,1
BOAMP:17-73536,BOAMP,NAME:nantes metropole,48.0,Software & Applications,2017-10-26,60.0,1,59.92,,59.92,BOAMP:22-142509,,NEGOCIE,SERVICES,False,2022-10-26,attribution_award_date,calibrated_rule,0.5955,0.4953,0.2,True,0.9867,0,0,0,0.5955,0.5926,0.0029,11,False,False,broad,calibrated_broad,0
BOAMP:17-73142,BOAMP,SIREN:247200132,48.0,Software & Applications,2017-08-22,36.0,1,33.41,,33.41,BOAMP:19-177021,,OUVERT,FOURNITURES,False,2020-08-21,attribution_award_date,calibrated_rule,0.5661,0.5061,0.4,True,0.5683,0,0,0,0.5661,,,1,True,False,broad,calibrated_broad,0
BOAMP:17-73357,BOAMP,NAME:syndicat departemental d energie,32.0,Telecom & Networks,2017-10-26,12.0,0,86.17,86.17,,,,OUVERT,SERVICES,False,2018-10-26,attribution_award_date,none,,,,,,0,0,0,,,,0,False,False,broad,calibrated_broad,1
BOAMP:17-72992,BOAMP,NAME:groupe d etude et de controle des vari,72.0,IT Services & Consulting,2017-07-17,24.0,0,89.49,89.49,,,,OUVERT,SERVICES,False,2019-07-17,attribution_award_date,none,,,,,,0,0,0,,,,0,False,False,broad,calibrated_broad,1
BOAMP:17-74632,BOAMP,SIREN:130029747,48.0,Software & Applications,2017-05-31,48.0,1,47.17,,47.17,BOAMP:21-61224,240000.0,OUVERT,SERVICES,True,2021-05-31,publication_date,calibrated_rule,0.57,0.4942,0.2,True,0.8617,0,0,0,0.57,0.4673,0.1027,3,False,False,broad,calibrated_broad,0
BOAMP:17-75817,BOAMP,SIREN:200053593,48.0,Software & Applications,2017-05-31,48.0,0,91.03,91.03,,,,PROCEDURE_ADAPTE,,True,2021-05-31,publication_date,none,,,,,,0,0,0,,,,0,False,False,broad,calibrated_broad,1
BOAMP:17-76729,BOAMP,NAME:dir interregionale sces penitentiaires,32.0,Telecom & Networks,2017-06-01,48.0,0,91.0,91.0,,,,PROCEDURE_ADAPTE,,True,2021-06-01,publication_date,none,,,,,,0,0,0,,,,0,False,False,broad,calibrated_broad,1
BOAMP:17-76616,BOAMP,NAME:nantes metropole,72.0,Cybersecurity,2017-06-03,48.0,1,48.03,,48.03,BOAMP:21-76081,,OUVERT,SERVICES,False,2021-06-03,publication_date,calibrated_rule,0.6008,0.5046,0.2,True,0.995,0,0,0,0.6008,0.5703,0.0306,5,False,False,broad,calibrated_broad,0
BOAMP:17-77862,BOAMP,SIREN:234400034,34.0,Unknown,2017-10-04,12.0,1,11.89,,11.89,BOAMP:18-87166,,OUVERT,SERVICES,False,2018-10-04,attribution_award_date,calibrated_rule,0.5295,0.4579,0.0,True,0.9817,0,0,0,0.5295,0.47,0.0595,8,False,False,broad,calibrated_broad,0
BOAMP:17-78402,BOAMP,SIREN:288500010,,Telecom & Networks,2017-06-06,48.0,1,46.19,,46.19,BOAMP:20-137315,,PROCEDURE_ADAPTE,,False,2021-06-06,publication_date,calibrated_rule,0.613,0.4253,,False,0.6983,0,0,0,0.613,,,1,True,False,broad,calibrated_broad,0
BOAMP:17-78663,BOAMP,NAME:les quinconces l espal,32.0,Telecom & Networks,2017-06-06,48.0,0,90.83,90.83,,,,PROCEDURE_ADAPTE,,True,2021-06-06,publication_date,none,,,,,,0,0,0,,,,0,False,False,broad,calibrated_broad,1
BOAMP:17-79002,BOAMP,SIREN:198513905,32.0,Telecom & Networks,2017-06-07,48.0,0,90.8,90.8,,,,PROCEDURE_ADAPTE,,True,2021-06-07,publication_date,none,,,,,,0,0,0,,,,0,False,False,broad,calibrated_broad,1
BOAMP:17-68985,BOAMP,NAME:nantes metropole,48.0,Software & Applications,2017-10-16,48.0,1,48.95,,48.95,BOAMP:21-150402,,OUVERT,SERVICES,False,2021-10-16,attribution_award_date,calibrated_rule,0.5541,0.4645,0.2,True,0.8417,0,0,0,0.5541,0.5048,0.0494,8,False,False,broad,calibrated_broad,0
BOAMP:17-80207,BOAMP,SIREN:214402042,,Unknown,2017-06-08,48.0,1,52.76,,52.76,BOAMP:21-146075,,PROCEDURE_ADAPTE,,True,2021-06-08,publication_date,calibrated_rule,0.5421,0.5381,,False,0.2067,0,0,0,0.5421,,,1,True,False,broad,calibrated_broad,0
BOAMP:17-80194,BOAMP,SIREN:935367433,72.0,IT Services & Consulting,2017-06-08,48.0,1,46.52,,46.52,BOAMP:21-53968,160000.0,PROCEDURE_ADAPTE,SERVICES,False,2021-06-08,publication_date,calibrated_rule,0.526,0.4383,0.2,True,0.7533,0,0,0,0.526,,,1,True,False,broad,calibrated_broad,0
BOAMP:17-80573,BOAMP,SIREN:284400017,32.0,Telecom & Networks,2017-10-17,48.0,1,51.61,,51.61,BOAMP:22-17364,,OUVERT,SERVICES,False,2021-10-17,attribution_award_date,calibrated_rule,0.4108,0.4529,0.0,True,0.3983,0,0,0,0.4108,0.3648,0.046,2,False,False,broad,calibrated_broad,0
BOAMP:17-80380,BOAMP,NAME:maine loire habitat office pub habitat,32.0,Telecom & Networks,2017-10-03,48.0,0,86.93,86.93,,,300000.0,OUVERT,SERVICES,False,2021-10-03,attribution_award_date,none,,,,,,0,0,0,,,,0,False,False,broad,calibrated_broad,1
BOAMP:17-82963,BOAMP,NAME:ville du mans,32.0,Telecom & Networks,2017-10-09,48.0,0,86.73,86.73,,,,PROCEDURE_ADAPTE,,True,2021-10-09,attribution_award_date,none,,,,,,0,0,0,,,,0,False,False,broad,calibrated_broad,1
BOAMP:17-85841,BOAMP,SIREN:234400034,48.0,Software & Applications,2017-10-23,12.0,1,11.27,,11.27,BOAMP:18-87166,,PROCEDURE_ADAPTE,SERVICES,False,2018-10-23,attribution_award_date,calibrated_rule,0.5535,0.4447,0.2,True,0.8783,0,0,0,0.5535,0.4116,0.1419,4,False,False,broad,calibrated_broad,0
BOAMP:17-85294,BOAMP,SIREN:391722881,48.0,Software & Applications,2017-06-21,12.0,1,9.07,,9.07,BOAMP:18-40176,,OUVERT,SERVICES,False,2018-06-21,publication_date,calibrated_rule,0.467,0.4116,0.2,True,0.5117,0,0,0,0.467,,,1,True,False,broad,calibrated_broad,0
BOAMP:17-88463,BOAMP,NAME:cesame de sainte gemmes sur loire,32.0,Telecom & Networks,2017-06-25,39.0,0,90.21,90.21,,,220000.0,OUVERT,FOURNITURES,False,2020-09-24,publication_date,none,,,,,,0,0,0,,,,0,False,False,broad,calibrated_broad,1
BOAMP:17-90424,BOAMP,NAME:regie dept passages d eau de vendee,72.0,IT Services & Consulting,2017-06-27,48.0,1,51.38,,51.38,BOAMP:21-135182,,PROCEDURE_ADAPTE,SERVICES,True,2021-06-27,publication_date,calibrated_rule,0.7289,0.6039,1.0,True,0.4367,0,0,0,0.7289,,,1,True,False,broad,calibrated_broad,0
BOAMP:17-90049,BOAMP,SIREN:391722881,35.0,Cybersecurity,2017-06-28,12.0,1,8.84,,8.84,BOAMP:18-40176,,OUVERT,SERVICES,False,2018-06-28,publication_date,calibrated_rule,0.4054,0.4018,0.0,True,0.4733,0,0,0,0.4054,0.331,0.0743,2,False,False,broad,calibrated_broad,0
BOAMP:17-91935,BOAMP,NAME:nantes metropole,32.0,Telecom & Networks,2017-07-01,48.0,1,53.52,,53.52,BOAMP:21-163822,,OUVERT,FOURNITURES,False,2021-07-01,publication_date,calibrated_rule,0.739,0.8075,1.0,True,0.08,0,0,0,0.739,0.6596,0.0794,9,False,True,broad,calibrated_broad,0
BOAMP:17-91530,BOAMP,SIREN:225300011,45.0,Unknown,2018-05-29,24.0,0,79.11,79.11,,,,OUVERT,TRAVAUX,False,2020-05-28,attribution_award_date,none,,,,,,0,0,0,,,,0,False,False,broad,calibrated_broad,1
BOAMP:17-93042,BOAMP,SIREN:391722881,72.0,IT Services & Consulting,2017-07-02,24.0,0,89.98,89.98,,,,OUVERT,SERVICES,False,2019-07-02,publication_date,none,,,,,,0,0,0,,,,0,False,False,broad,calibrated_broad,1
BOAMP:17-93666,BOAMP,SIREN:264400136,72.0,IT Services & Consulting,2017-07-03,48.0,1,49.57,,49.57,BOAMP:21-113953,,PROCEDURE_ADAPTE,SERVICES,True,2021-07-03,publication_date,calibrated_rule,0.7722,0.5613,1.0,True,0.7383,0,0,0,0.7722,0.7589,0.0133,2,False,False,broad,calibrated_broad,0
BOAMP:17-93952,BOAMP,SIREN:391722881,72.0,Digital Workplace & Collaboration,2018-05-14,24.0,0,79.6,79.6,,,,NEGOCIE,SERVICES,False,2020-05-13,attribution_award_date,none,,,,,,0,0,0,,,,0,False,False,broad,calibrated_broad,1
BOAMP:17-97519,BOAMP,SIREN:214402042,72.0,Digital Workplace & Collaboration,2017-07-07,48.0,1,51.81,,51.81,BOAMP:21-146075,,PROCEDURE_ADAPTE,SERVICES,True,2021-07-07,publication_date,calibrated_rule,0.5774,0.6359,0.4,True,0.365,0,0,0,0.5774,,,1,True,False,broad,calibrated_broad,0
BOAMP:17-97609,BOAMP,SIREN:284400017,35.0,Cybersecurity,2017-07-07,48.0,1,44.51,,44.51,BOAMP:21-38984,,PROCEDURE_ADAPTE,,True,2021-07-07,publication_date,calibrated_rule,0.6075,0.6846,0.4,True,0.4183,0,0,0,0.6075,,,1,True,False,broad,calibrated_broad,0
BOAMP:17-94724,BOAMP,SIREN:214401846,32.0,Telecom & Networks,2017-10-03,36.0,1,34.0,,34.0,BOAMP:20-98331,,OUVERT,FOURNITURES,False,2020-10-02,attribution_award_date,calibrated_rule,0.5133,0.5749,0.0,True,0.6667,0,0,0,0.5133,,,1,True,False,broad,calibrated_broad,0
BOAMP:17-98996,BOAMP,SIREN:214401622,72.0,IT Services & Consulting,2017-07-11,36.0,1,41.2,,41.2,BOAMP:20-118247,,PROCEDURE_ADAPTE,SERVICES,False,2020-07-10,publication_date,calibrated_rule,0.4829,0.6406,0.2,True,0.1333,0,0,0,0.4829,,,1,True,False,broad,calibrated_broad,0
BOAMP:17-96902,BOAMP,SIREN:214401846,48.0,Software & Applications,2017-07-13,48.0,0,89.62,89.62,,,,PROCEDURE_ADAPTE,,False,2021-07-13,publication_date,none,,,,,,0,0,0,,,,0,False,False,broad,calibrated_broad,1
BOAMP:17-82154,BOAMP,NAME:nantes metropole,79.0,Unknown,2017-07-13,36.0,1,36.76,,36.76,BOAMP:20-98264,,NEGOCIE,SERVICES,False,2020-07-12,publication_date,calibrated_rule,0.5667,0.605,0.0,True,0.8733,0,0,0,0.5667,0.5667,0.0,2,False,False,broad,calibrated_broad,0
BOAMP:17-100085,BOAMP,SIREN:244900015,42.0,Unknown,2017-11-10,24.0,0,85.68,85.68,,,300000.0,OUVERT,FOURNITURES,False,2019-11-10,attribution_award_date,none,,,,,,0,0,0,,,,0,False,False,broad,calibrated_broad,1
BOAMP:17-101340,BOAMP,NAME:crous de rennes,32.0,Telecom & Networks,2017-07-15,48.0,0,89.55,89.55,,,,OUVERT,SERVICES,True,2021-07-15,publication_date,none,,,,,,0,0,0,,,,0,False,False,broad,calibrated_broad,1
BOAMP:17-102708,BOAMP,SIREN:234400034,48.0,Software & Applications,2017-07-18,36.0,1,36.14,,36.14,BOAMP:20-65753,,PROCEDURE_ADAPTE,SERVICES,False,2020-07-17,publication_date,calibrated_rule,0.5979,0.5063,0.2,True,0.9767,0,0,0,0.5979,0.5293,0.0685,6,False,False,broad,calibrated_broad,0
BOAMP:17-102482,BOAMP,SIREN:264400136,72.0,IT Services & Consulting,2017-07-18,48.0,1,49.08,,49.08,BOAMP:21-113953,,PROCEDURE_ADAPTE,,True,2021-07-18,publication_date,calibrated_rule,0.7885,0.5613,1.0,True,0.82,0,0,0,0.7885,0.7755,0.013,2,False,False,broad,calibrated_broad,0
BOAMP:17-102187,BOAMP,SIREN:194909701,32.0,Telecom & Networks,2017-07-19,36.0,1,37.52,,37.52,BOAMP:20-47300,,OUVERT,FOURNITURES,False,2020-07-18,publication_date,calibrated_rule,0.5277,0.5708,0.0,True,0.7467,0,0,0,0.5277,,,1,True,False,broad,calibrated_broad,0
BOAMP:17-100105,BOAMP,SIREN:214401846,48.0,Software & Applications,2017-07-20,12.0,1,15.54,,15.54,BOAMP:18-88858,400000.0,OUVERT,FOURNITURES,False,2018-07-20,publication_date,calibrated_rule,0.4657,0.4593,0.2,True,0.41,0,0,0,0.4657,0.4388,0.027,5,False,False,broad,calibrated_broad,0
BOAMP:17-103193,BOAMP,SIREN:234400034,48.0,Software & Applications,2018-03-19,48.0,1,50.1,,50.1,BOAMP:22-72517,,NEGOCIE,SERVICES,True,2022-03-19,attribution_award_date,calibrated_rule,0.7008,0.927,0.2,True,0.65,0,0,0,0.7008,0.5757,0.1251,8,False,True,broad,calibrated_broad,0
BOAMP:17-102923,BOAMP,SIREN:234400034,48.0,Software & Applications,2017-07-20,48.0,1,47.21,,47.21,BOAMP:21-86773,,OUVERT,SERVICES,False,2021-07-20,publication_date,calibrated_rule,0.5408,0.5428,0.0,True,0.8683,0,0,0,0.5408,0.4975,0.0433,5,False,False,broad,calibrated_broad,0
BOAMP:17-103816,BOAMP,NAME:dirisi,32.0,Telecom & Networks,2017-12-20,66.0,0,84.36,84.36,,,360000.0,OUVERT,FOURNITURES,False,2023-06-21,attribution_award_date,none,,,,,,0,0,0,,,,0,False,False,broad,calibrated_broad,1
BOAMP:17-102568,BOAMP,NAME:carene,48.0,Software & Applications,2017-07-21,48.0,0,89.36,89.36,,,,PROCEDURE_ADAPTE,SERVICES,False,2021-07-21,publication_date,none,,,,,,0,0,0,,,,0,False,False,broad,calibrated_broad,1
BOAMP:17-104235,BOAMP,SIREN:391722881,48.0,Software & Applications,2017-07-22,36.0,1,31.37,,31.37,BOAMP:19-51224,,OUVERT,FOURNITURES,False,2020-07-21,publication_date,calibrated_rule,0.4588,0.5328,0.2,True,0.2283,0,0,0,0.4588,0.3274,0.1314,2,False,False,broad,calibrated_broad,0
BOAMP:17-104895,BOAMP,SIREN:264900390,35.0,Cybersecurity,2017-10-09,48.0,0,86.73,86.73,,,560000.0,OUVERT,SERVICES,True,2021-10-09,attribution_award_date,none,,,,,,0,0,0,,,,0,False,False,broad,calibrated_broad,1
BOAMP:17-104307,BOAMP,SIREN:214401846,39.0,Unknown,2017-11-09,48.0,1,52.79,,52.79,BOAMP:21-169350,100000.0,OUVERT,FOURNITURES,False,2021-11-09,attribution_award_date,calibrated_rule,0.5674,0.6927,0.4,True,0.2017,0,0,0,0.5674,,,1,True,False,broad,calibrated_broad,0
BOAMP:17-105683,BOAMP,SIREN:247200132,39.0,Software & Applications,2017-12-20,2.0,0,84.36,84.36,,,,OUVERT,FOURNITURES,False,2018-02-18,attribution_award_date,none,,,,,,0,0,0,,,,0,False,False,broad,calibrated_broad,1
BOAMP:17-106453,BOAMP,SIREN:214401580,,Telecom & Networks,2017-07-24,48.0,0,89.26,89.26,,,,PROCEDURE_ADAPTE,,True,2021-07-24,publication_date,none,,,,,,0,0,0,,,,0,False,False,broad,calibrated_broad,1
BOAMP:17-106009,BOAMP,NAME:nantes metropole,72.0,Cybersecurity,2017-11-26,48.0,1,46.94,,46.94,BOAMP:21-143183,,OUVERT,SERVICES,False,2021-11-26,attribution_award_date,calibrated_rule,0.5127,0.4952,0.0,True,0.8233,0,0,0,0.5127,0.477,0.0357,7,False,False,broad,calibrated_broad,0
BOAMP:17-106845,BOAMP,SIREN:214900201,45.0,Unknown,2017-07-28,14.0,0,89.13,89.13,,,820000.0,OUVERT,TRAVAUX,False,2018-09-27,publication_date,none,,,,,,0,0,0,,,,0,False,False,broad,calibrated_broad,1
BOAMP:17-109941,BOAMP,SIREN:214401846,48.0,Software & Applications,2017-11-13,12.0,1,12.52,,12.52,BOAMP:18-122920,,PROCEDURE_ADAPTE,SERVICES,False,2018-11-13,attribution_award_date,calibrated_rule,0.5067,0.4352,0.0,True,0.9133,0,0,0,0.5067,0.5007,0.006,3,False,False,broad,calibrated_broad,0
BOAMP:17-110921,BOAMP,SIREN:194401006,48.0,Software & Applications,2017-12-18,48.0,0,84.43,84.43,,,,OUVERT,FOURNITURES,False,2021-12-18,attribution_award_date,none,,,,,,0,0,0,,,,0,False,False,broad,calibrated_broad,1
BOAMP:17-103068,BOAMP,SIREN:241700434,32.0,Telecom & Networks,2017-08-10,48.0,0,88.7,88.7,,,7300000.0,,SERVICES,True,2021-08-10,publication_date,none,,,,,,0,0,0,,,,0,False,False,broad,calibrated_broad,1
BOAMP:17-115008,BOAMP,SIREN:281700252,,Data & AI,2017-08-10,12.0,0,88.7,88.7,,,34000.0,PROCEDURE_ADAPTE,,False,2018-08-10,publication_date,none,,,,,,0,0,0,,,,0,False,False,broad,calibrated_broad,1
BOAMP:17-114118,BOAMP,SIREN:234400034,48.0,Software & Applications,2017-12-28,48.0,1,48.49,,48.49,BOAMP:21-116891,,OUVERT,SERVICES,True,2021-12-28,attribution_award_date,calibrated_rule,0.6164,0.7069,0.0,True,0.9183,0,0,0,0.6164,0.591,0.0254,6,False,False,broad,calibrated_broad,0
BOAMP:17-114694,BOAMP,NAME:hop intercommunal du baugeois et val,32.0,Telecom & Networks,2017-12-12,12.0,0,84.63,84.63,,,,OUVERT,FOURNITURES,False,2018-12-12,attribution_award_date,none,,,,,,0,0,0,,,,0,False,False,broad,calibrated_broad,1
BOAMP:17-111330,BOAMP,NAME:nantes metropole,72.0,Cybersecurity,2018-01-16,12.0,1,16.36,,16.36,BOAMP:19-36958,,OUVERT,SERVICES,False,2019-01-16,attribution_award_date,calibrated_rule,0.6737,0.5476,1.0,True,0.2733,0,0,0,0.6737,0.621,0.0527,10,False,False,broad,calibrated_broad,0
BOAMP:17-115598,BOAMP,NAME:drac pays de la loire,92.0,Data & AI,2017-08-12,5.0,0,88.63,88.63,,,,OUVERT,SERVICES,False,2018-01-11,publication_date,none,,,,,,0,0,0,,,,0,False,False,broad,calibrated_broad,1
BOAMP:17-117075,BOAMP,NAME:syndicat mixte pour le dvlpt numerique,72.0,IT Services & Consulting,2017-08-17,48.0,1,49.61,,49.61,BOAMP:21-133433,,PROCEDURE_ADAPTE,,True,2021-08-17,publication_date,calibrated_rule,0.938,0.9791,1.0,True,0.7317,0,0,0,0.938,,,1,True,False,broad,calibrated_broad,0
BOAMP:17-117591,BOAMP,SIREN:217201540,45.0,Unknown,2017-08-18,48.0,0,88.44,88.44,,,,PROCEDURE_ADAPTE,,True,2021-08-18,publication_date,none,,,,,,0,0,0,,,,0,False,False,broad,calibrated_broad,1
BOAMP:17-118765,BOAMP,SIREN:234400034,48.0,Software & Applications,2017-12-14,12.0,1,10.41,,10.41,BOAMP:18-150422,,PROCEDURE_ADAPTE,SERVICES,False,2018-12-14,attribution_award_date,calibrated_rule,0.503,0.5149,0.0,True,0.735,0,0,0,0.503,0.4908,0.0122,6,False,False,broad,calibrated_broad,0
BOAMP:17-119142,BOAMP,NAME:prefecture,72.0,IT Services & Consulting,2017-08-23,48.0,0,88.27,88.27,,,,PROCEDURE_ADAPTE,SERVICES,True,2021-08-23,publication_date,none,,,,,,0,0,0,,,,0,False,False,broad,calibrated_broad,1
BOAMP:17-120212,BOAMP,SIREN:234400034,72.0,IT Services & Consulting,2017-12-15,12.0,1,9.79,,9.79,BOAMP:18-79401,,PROCEDURE_ADAPTE,SERVICES,False,2018-12-15,attribution_award_date,calibrated_rule,0.5053,0.4475,0.2,True,0.6317,0,0,0,0.5053,0.4498,0.0555,4,False,False,broad,calibrated_broad,0
BOAMP:17-115928,BOAMP,NAME:ademe,72.0,IT Services & Consulting,2018-04-24,48.0,0,80.26,80.26,,,,RESTREINT,SERVICES,False,2022-04-24,attribution_award_date,none,,,,,,0,0,0,,,,0,False,False,broad,calibrated_broad,1
BOAMP:17-120545,BOAMP,NAME:e collectivites vendee,72.0,IT Services & Consulting,2017-11-06,12.0,0,85.81,85.81,,,,OUVERT,SERVICES,False,2018-11-06,attribution_award_date,none,,,,,,0,0,0,,,,0,False,False,broad,calibrated_broad,1
BOAMP:17-123450,BOAMP,SIREN:935367433,48.0,Software & Applications,2017-09-03,48.0,1,45.2,,45.2,BOAMP:21-77546,2500000.0,OUVERT,SERVICES,False,2021-09-03,publication_date,calibrated_rule,0.4941,0.5937,0.0,True,0.5333,0,0,0,0.4941,0.4853,0.0089,4,False,False,broad,calibrated_broad,0
BOAMP:17-123584,BOAMP,SIREN:200006971,45.0,Data & AI,2017-12-04,7.0,0,84.89,84.89,,,,OUVERT,TRAVAUX,False,2018-07-05,attribution_award_date,none,,,,,,0,0,0,,,,0,False,False,broad,calibrated_broad,1
BOAMP:17-124242,BOAMP,SIREN:287200265,35.0,Cybersecurity,2017-10-27,48.0,0,86.14,86.14,,,,PROCEDURE_ADAPTE,,True,2021-10-27,attribution_award_date,none,,,,,,0,0,0,,,,0,False,False,broad,calibrated_broad,1
BOAMP:17-123595,BOAMP,SIREN:244400404,44.0,Telecom & Networks,2018-01-18,12.0,1,9.1,,9.1,BOAMP:18-146989,75000.0,OUVERT,FOURNITURES,False,2019-01-18,attribution_award_date,calibrated_rule,0.5111,0.6444,0.0,True,0.5167,0,0,0,0.5111,0.4617,0.0494,2,False,False,broad,calibrated_broad,0
BOAMP:17-124586,BOAMP,SIREN:194909701,72.0,IT Services & Consulting,2017-12-15,36.0,1,33.15,,33.15,BOAMP:20-114106,,OUVERT,SERVICES,False,2020-12-14,attribution_award_date,calibrated_rule,0.905,1.0,1.0,True,0.525,0,0,0,0.905,,,1,True,False,broad,calibrated_broad,0
BOAMP:17-128615,BOAMP,NAME:inserm,72.0,IT Services & Consulting,2017-09-14,24.0,0,87.55,87.55,,,4000000.0,RESTREINT,SERVICES,False,2019-09-14,publication_date,none,,,,,,0,0,0,,,,0,False,False,broad,calibrated_broad,1
BOAMP:17-129931,BOAMP,NAME:cmar pays de la loire,72.0,IT Services & Consulting,2017-09-17,48.0,0,87.45,87.45,,,,OUVERT,FOURNITURES,False,2021-09-17,publication_date,none,,,,,,0,0,0,,,,0,False,False,broad,calibrated_broad,1
BOAMP:17-127198,BOAMP,NAME:carene,44.0,Unknown,2017-12-19,12.0,0,84.4,84.4,,,40000.0,OUVERT,FOURNITURES,False,2018-12-19,attribution_award_date,none,,,,,,0,0,0,,,,0,False,False,broad,calibrated_broad,1
BOAMP:17-130980,BOAMP,NAME:e collectivites vendee,72.0,IT Services & Consulting,2017-09-17,48.0,0,87.45,87.45,,,,PROCEDURE_ADAPTE,,False,2021-09-17,publication_date,none,,,,,,0,0,0,,,,0,False,False,broad,calibrated_broad,1
BOAMP:17-117419,BOAMP,NAME:dsna,32.0,Telecom & Networks,2017-12-13,48.0,0,84.59,84.59,,,300000.0,OUVERT,FOURNITURES,False,2021-12-13,attribution_award_date,none,,,,,,0,0,0,,,,0,False,False,broad,calibrated_broad,1
BOAMP:17-133782,BOAMP,SIREN:214401325,72.0,IT Services & Consulting,2017-09-22,12.0,0,87.29,87.29,,,,PROCEDURE_ADAPTE,SERVICES,False,2018-09-22,publication_date,none,,,,,,0,0,0,,,,0,False,False,broad,calibrated_broad,1
BOAMP:17-135447,BOAMP,SIREN:130029747,,Data & AI,2017-09-26,48.0,0,87.16,87.16,,,,PROCEDURE_ADAPTE,,True,2021-09-26,publication_date,none,,,,,,0,0,0,,,,0,False,False,broad,calibrated_broad,1
BOAMP:17-134575,BOAMP,SIREN:110006012,72.0,Cybersecurity,2018-01-16,48.0,0,83.48,83.48,,,2000000.0,OUVERT,SERVICES,False,2022-01-16,attribution_award_date,none,,,,,,0,0,0,,,,0,False,False,broad,calibrated_broad,1
BOAMP:17-135932,BOAMP,SIREN:188500490,45.0,Unknown,2017-09-28,48.0,0,87.09,87.09,,,,OUVERT,TRAVAUX,True,2021-09-28,publication_date,none,,,,,,0,0,0,,,,0,False,False,broad,calibrated_broad,1
BOAMP:17-136551,BOAMP,SIREN:130001704,72.0,IT Services & Consulting,2017-09-30,48.0,0,87.02,87.02,,,,OUVERT,SERVICES,False,2021-09-30,publication_date,none,,,,,,0,0,0,,,,0,False,False,broad,calibrated_broad,1
BOAMP:17-130666,BOAMP,NAME:ademe,72.0,IT Maintenance & Support,2017-10-01,48.0,0,86.99,86.99,,,,OUVERT,SERVICES,False,2021-10-01,publication_date,none,,,,,,0,0,0,,,,0,False,False,broad,calibrated_broad,1
BOAMP:17-138140,BOAMP,SIREN:214400558,32.0,Telecom & Networks,2017-10-04,12.0,0,86.89,86.89,,,,OUVERT,SERVICES,False,2018-10-04,publication_date,none,,,,,,0,0,0,,,,0,False,False,broad,calibrated_broad,1
BOAMP:17-140377,BOAMP,SIREN:234400034,72.0,Cybersecurity,2017-12-14,24.0,1,25.07,,25.07,BOAMP:20-5957,,PROCEDURE_ADAPTE,SERVICES,False,2019-12-14,attribution_award_date,calibrated_rule,0.5364,0.4301,0.2,True,0.8217,0,0,0,0.5364,0.4382,0.0981,3,False,False,broad,calibrated_broad,0
BOAMP:17-141116,BOAMP,NAME:ville du mans,18.0,Telecom & Networks,2017-10-06,48.0,0,86.83,86.83,,,25000.0,PROCEDURE_ADAPTE,,True,2021-10-06,publication_date,none,,,,,,0,0,0,,,,0,False,False,broad,calibrated_broad,1
BOAMP:17-140760,BOAMP,NAME:plate forme achats finances nord est,35.0,Cybersecurity,2017-10-08,12.0,0,86.76,86.76,,,49392.0,OUVERT,FOURNITURES,False,2018-10-08,publication_date,none,,,,,,0,0,0,,,,0,False,False,broad,calibrated_broad,1
BOAMP:17-140948,BOAMP,SIREN:234400034,48.0,Software & Applications,2017-12-30,48.0,1,48.42,,48.42,BOAMP:21-116891,,OUVERT,SERVICES,True,2021-12-30,attribution_award_date,calibrated_rule,0.6656,0.8239,0.0,True,0.93,0,0,0,0.6656,0.6003,0.0653,10,False,False,broad,calibrated_broad,0
BOAMP:17-142028,BOAMP,SIREN:130029747,72.0,IT Services & Consulting,2017-10-11,47.0,1,42.81,,42.81,BOAMP:21-61224,,OUVERT,SERVICES,False,2021-09-10,publication_date,calibrated_rule,0.4152,0.5121,0.0,True,0.3017,0,0,0,0.4152,,,1,True,False,broad,calibrated_broad,0
BOAMP:17-142035,BOAMP,SIREN:234400034,48.0,Software & Applications,2017-12-26,48.0,1,48.55,,48.55,BOAMP:21-116891,,OUVERT,SERVICES,False,2021-12-26,attribution_award_date,calibrated_rule,0.5101,0.4461,0.0,True,0.9083,0,0,0,0.5101,0.4981,0.012,2,False,False,broad,calibrated_broad,0
BOAMP:17-144102,BOAMP,SIREN:130029747,35.0,Cybersecurity,2018-02-01,48.0,0,82.95,82.95,,,,OUVERT,FOURNITURES,True,2022-02-01,attribution_award_date,none,,,,,,0,0,0,,,,0,False,False,broad,calibrated_broad,1
BOAMP:17-143241,BOAMP,NAME:nantes metropole,48.0,Software & Applications,2018-06-20,60.0,1,58.44,,58.44,BOAMP:23-60788,,NEGOCIE,SERVICES,False,2023-06-20,attribution_award_date,calibrated_rule,0.5319,0.5847,0.0,True,0.74,0,0,0,0.5319,0.4993,0.0326,10,False,False,broad,calibrated_broad,0
BOAMP:17-148560,BOAMP,NAME:cc du pays de chantonnay,72.0,IT Services & Consulting,2017-10-22,48.0,0,86.3,86.3,,,,OUVERT,SERVICES,False,2021-10-22,publication_date,none,,,,,,0,0,0,,,,0,False,False,broad,calibrated_broad,1
BOAMP:17-147216,BOAMP,SIREN:865800767,45.0,Unknown,2017-10-23,54.0,0,86.27,86.27,,,,PROCEDURE_ADAPTE,,False,2022-04-23,publication_date,none,,,,,,0,0,0,,,,0,False,False,broad,calibrated_broad,1
BOAMP:17-152746,BOAMP,NAME:ctre hosp universitaire angers,48.0,Software & Applications,2017-12-08,48.0,0,84.76,84.76,,,,OUVERT,SERVICES,False,2021-12-08,attribution_award_date,none,,,,,,0,0,0,,,,0,False,False,broad,calibrated_broad,1
BOAMP:17-155889,BOAMP,SIREN:180092025,32.0,Telecom & Networks,2018-02-09,6.0,0,82.69,82.69,,,,OUVERT,FOURNITURES,False,2018-08-10,attribution_award_date,none,,,,,,0,0,0,,,,0,False,False,broad,calibrated_broad,1
BOAMP:17-158731,BOAMP,SIREN:228500013,72.0,IT Services & Consulting,2018-02-27,48.0,1,52.96,,52.96,BOAMP:22-105832,,PROCEDURE_ADAPTE,SERVICES,True,2022-02-27,attribution_award_date,calibrated_rule,0.4475,0.4072,0.4,True,0.1733,0,0,0,0.4475,0.4367,0.0108,3,False,False,broad,calibrated_broad,0
BOAMP:17-159373,BOAMP,SIREN:264400136,72.0,IT Services & Consulting,2018-04-03,48.0,1,50.66,,50.66,BOAMP:22-87982,,OUVERT,SERVICES,False,2022-04-03,attribution_award_date,calibrated_rule,0.8062,0.7372,1.0,True,0.5567,0,0,0,0.8062,0.6278,0.1784,3,False,True,broad,calibrated_broad,0
BOAMP:17-158224,BOAMP,NAME:nantes metropole,48.0,Software & Applications,2018-04-24,48.0,1,47.63,,47.63,BOAMP:22-52027,,OUVERT,SERVICES,False,2022-04-24,attribution_award_date,calibrated_rule,0.5114,0.4343,0.0,True,0.9383,0,0,0,0.5114,0.4124,0.099,4,False,False,broad,calibrated_broad,0
BOAMP:17-159853,BOAMP,SIREN:244900015,72.0,IT Services & Consulting,2017-11-13,36.0,1,40.37,,40.37,BOAMP:20-66280,,PROCEDURE_ADAPTE,,False,2020-11-12,publication_date,calibrated_rule,0.5928,0.7212,0.4,True,0.2717,0,0,0,0.5928,0.4123,0.1805,2,False,False,broad,calibrated_broad,0
BOAMP:17-161917,BOAMP,SIREN:935367433,72.0,IT Maintenance & Support,2017-11-18,12.0,1,11.24,,11.24,BOAMP:18-149893,3200000.0,OUVERT,SERVICES,False,2018-11-18,publication_date,calibrated_rule,0.7905,0.5395,1.0,True,0.8733,0,0,0,0.7905,0.583,0.2074,2,False,True,broad,calibrated_broad,0
BOAMP:17-161006,BOAMP,SIREN:244900015,48.0,Software & Applications,2018-11-21,48.0,1,48.59,,48.59,BOAMP:22-162609,210000.0,NEGOCIE,SERVICES,False,2022-11-21,attribution_award_date,calibrated_rule,0.5434,0.4076,0.2,True,0.9017,0,0,0,0.5434,0.5426,0.0008,2,False,False,broad,calibrated_broad,0
BOAMP:17-163707,BOAMP,SIREN:391722881,72.0,IT Services & Consulting,2017-11-22,24.0,1,23.65,,23.65,BOAMP:19-169855,,OUVERT,SERVICES,False,2019-11-22,publication_date,calibrated_rule,0.5958,0.5186,0.2,True,0.9417,0,0,0,0.5958,,,1,True,False,broad,calibrated_broad,0
BOAMP:17-161606,BOAMP,NAME:carene,32.0,Telecom & Networks,2017-11-23,48.0,0,85.25,85.25,,,84000.0,PROCEDURE_ADAPTE,,True,2021-11-23,publication_date,none,,,,,,0,0,0,,,,0,False,False,broad,calibrated_broad,1
BOAMP:17-165149,BOAMP,NAME:oniris,72.0,Digital Workplace & Collaboration,2017-11-25,12.0,0,85.18,85.18,,,,NEGOCIE,SERVICES,False,2018-11-25,publication_date,none,,,,,,0,0,0,,,,0,False,False,broad,calibrated_broad,1
BOAMP:17-165815,BOAMP,NAME:dreal bretagne,48.0,Software & Applications,2018-06-05,48.0,1,45.63,,45.63,BOAMP:22-44037,,OUVERT,SERVICES,False,2022-06-05,attribution_award_date,calibrated_rule,0.5293,0.6457,0.0,True,0.605,0,0,0,0.5293,,,1,True,False,broad,calibrated_broad,0
BOAMP:17-165817,BOAMP,NAME:dreal bretagne,48.0,Software & Applications,2018-05-18,48.0,1,46.22,,46.22,BOAMP:22-44037,,OUVERT,SERVICES,False,2022-05-18,attribution_award_date,calibrated_rule,0.6907,1.0,0.0,True,0.7033,0,0,0,0.6907,,,1,True,False,broad,calibrated_broad,0
BOAMP:17-166932,BOAMP,SIREN:130025158,32.0,Telecom & Networks,2017-11-27,48.0,0,85.12,85.12,,,,PROCEDURE_ADAPTE,,True,2021-11-27,publication_date,none,,,,,,0,0,0,,,,0,False,False,broad,calibrated_broad,1
BOAMP:17-167643,BOAMP,SIREN:935367433,32.0,Telecom & Networks,2017-11-28,12.0,0,85.09,85.09,,,,PROCEDURE_ADAPTE,,False,2018-11-28,publication_date,none,,,,,,0,0,0,,,,0,False,False,broad,calibrated_broad,1
BOAMP:17-167707,BOAMP,NAME:nantes metropole,48.0,Software & Applications,2017-11-28,48.0,1,46.88,,46.88,BOAMP:21-143183,,PROCEDURE_ADAPTE,SERVICES,False,2021-11-28,publication_date,calibrated_rule,0.6101,0.6187,0.2,True,0.8133,0,0,0,0.6101,0.5889,0.0213,14,False,False,broad,calibrated_broad,0
BOAMP:17-168569,BOAMP,NAME:nantes metropole,72.0,GIS & Mapping,2017-11-29,48.0,1,50.39,,50.39,BOAMP:22-21573,,PROCEDURE_ADAPTE,,True,2021-11-29,publication_date,calibrated_rule,0.8348,0.7862,1.0,True,0.6017,0,0,0,0.8348,0.5616,0.2732,7,False,True,broad,calibrated_broad,0
BOAMP:17-171316,BOAMP,SIREN:234400034,72.0,Cybersecurity,2018-03-22,48.0,1,46.98,,46.98,BOAMP:22-25102,,OUVERT,SERVICES,False,2022-03-22,attribution_award_date,calibrated_rule,0.5372,0.553,0.0,True,0.83,0,0,0,0.5372,0.4307,0.1065,2,False,False,broad,calibrated_broad,0
BOAMP:17-172862,BOAMP,SIREN:528848153,72.0,Digital Workplace & Collaboration,2017-12-08,72.0,0,84.76,84.76,,,,PROCEDURE_ADAPTE,SERVICES,False,2023-12-08,publication_date,none,,,,,,0,0,0,,,,0,False,False,broad,calibrated_broad,1
BOAMP:17-173975,BOAMP,SIREN:234400034,48.0,Software & Applications,2017-12-13,24.0,1,25.1,,25.1,BOAMP:20-5957,,OUVERT,SERVICES,False,2019-12-13,publication_date,calibrated_rule,0.5337,0.5508,0.0,True,0.8167,0,0,0,0.5337,0.532,0.0017,4,False,False,broad,calibrated_broad,0
BOAMP:17-174760,BOAMP,SIREN:284400017,35.0,Cybersecurity,2018-01-30,48.0,0,83.02,83.02,,,,OUVERT,SERVICES,True,2022-01-30,attribution_award_date,none,,,,,,0,0,0,,,,0,False,False,broad,calibrated_broad,1
BOAMP:17-173663,BOAMP,NAME:nantes metropole,48.0,Software & Applications,2017-12-16,60.0,1,59.23,,59.23,BOAMP:22-154717,,NEGOCIE,SERVICES,False,2022-12-16,publication_date,calibrated_rule,0.5937,0.5483,0.2,True,0.8717,0,0,0,0.5937,0.5699,0.0238,18,False,False,broad,calibrated_broad,0
BOAMP:17-176560,BOAMP,SIREN:285300018,35.0,Cybersecurity,2017-12-17,24.0,0,84.46,84.46,,,976500.0,OUVERT,FOURNITURES,False,2019-12-17,publication_date,none,,,,,,0,0,0,,,,0,False,False,broad,calibrated_broad,1
BOAMP:17-177418,BOAMP,SIREN:214401846,32.0,Telecom & Networks,2017-12-20,48.0,1,52.83,,52.83,BOAMP:22-5921,50000.0,PROCEDURE_ADAPTE,FOURNITURES,False,2021-12-20,publication_date,calibrated_rule,0.4096,0.5516,0.0,True,0.195,0,0,0,0.4096,,,1,True,False,broad,calibrated_broad,0
BOAMP:17-129614,BOAMP,NAME:nantes metropole,72.0,Cybersecurity,2017-12-21,48.0,1,50.13,,50.13,BOAMP:22-26998,,OUVERT,SERVICES,False,2021-12-21,publication_date,calibrated_rule,0.8086,0.6989,1.0,True,0.645,0,0,0,0.8086,0.5982,0.2103,14,False,True,broad,calibrated_broad,0
BOAMP:17-179962,BOAMP,SIREN:234400034,45.0,Telecom & Networks,2017-12-21,6.0,1,6.57,,6.57,BOAMP:18-95630,,PROCEDURE_ADAPTE,TRAVAUX,False,2018-06-21,publication_date,calibrated_rule,0.981,1.0,1.0,True,0.905,0,0,0,0.981,,,1,True,False,broad,calibrated_broad,0
BOAMP:17-178496,BOAMP,SIREN:214401846,32.0,Telecom & Networks,2017-12-21,48.0,1,52.79,,52.79,BOAMP:22-5921,110000.0,PROCEDURE_ADAPTE,FOURNITURES,True,2021-12-21,publication_date,calibrated_rule,0.4016,0.5281,0.0,True,0.2017,0,0,0,0.4016,,,1,True,False,broad,calibrated_broad,0
BOAMP:17-179112,BOAMP,NAME:nantes metropole,72.0,IT Services & Consulting,2017-12-22,48.0,1,50.85,,50.85,BOAMP:22-39891,,OUVERT,SERVICES,False,2021-12-22,publication_date,calibrated_rule,0.4747,0.4242,0.2,True,0.525,0,0,0,0.4747,0.3984,0.0763,3,False,False,broad,calibrated_broad,0
BOAMP:18-265,BOAMP,SIREN:234400034,32.0,Telecom & Networks,2018-06-27,12.0,1,17.48,,17.48,BOAMP:19-128681,,PROCEDURE_ADAPTE,SERVICES,False,2019-06-27,attribution_award_date,calibrated_rule,0.3339,0.4165,0.0,True,0.0867,0,0,0,0.3339,,,1,True,False,broad,calibrated_broad,0
BOAMP:18-546,BOAMP,SIREN:244900015,48.0,Software & Applications,2018-04-25,24.0,1,20.4,,20.4,BOAMP:19-176963,500000.0,OUVERT,FOURNITURES,False,2020-04-24,attribution_award_date,calibrated_rule,0.429,0.4975,0.0,True,0.4,0,0,0,0.429,,,1,True,False,broad,calibrated_broad,0
BOAMP:18-2518,BOAMP,SIREN:264400136,72.0,IT Services & Consulting,2018-01-09,12.0,0,83.71,83.71,,,,PROCEDURE_ADAPTE,SERVICES,False,2019-01-09,publication_date,none,,,,,,0,0,0,,,,0,False,False,broad,calibrated_broad,1
BOAMP:18-4239,BOAMP,SIREN:200067346,35.0,Cybersecurity,2018-03-19,12.0,0,81.44,81.44,,,,OUVERT,FOURNITURES,False,2019-03-19,attribution_award_date,none,,,,,,0,0,0,,,,0,False,False,broad,calibrated_broad,1
BOAMP:18-6884,BOAMP,SIREN:264400136,72.0,IT Services & Consulting,2018-01-16,12.0,1,9.92,,9.92,BOAMP:18-159101,,PROCEDURE_ADAPTE,SERVICES,False,2019-01-16,publication_date,calibrated_rule,0.4481,0.4186,0.0,True,0.6533,0,0,0,0.4481,0.4241,0.024,4,False,False,broad,calibrated_broad,0
BOAMP:18-6138,BOAMP,SIREN:284400017,48.0,Software & Applications,2018-04-12,48.0,1,47.17,,47.17,BOAMP:22-39410,,OUVERT,FOURNITURES,False,2022-04-12,attribution_award_date,calibrated_rule,0.7723,1.0,0.2,True,0.8617,0,0,0,0.7723,0.7267,0.0457,2,False,False,broad,calibrated_broad,0
BOAMP:18-3854,BOAMP,SIREN:218501914,44.0,Unknown,2018-04-05,3.0,0,80.88,80.88,,,290000.0,OUVERT,FOURNITURES,False,2018-07-05,attribution_award_date,none,,,,,,0,0,0,,,,0,False,False,broad,calibrated_broad,1
BOAMP:18-8070,BOAMP,SIREN:244900015,72.0,IT Services & Consulting,2018-01-18,36.0,0,83.41,83.41,,,,PROCEDURE_ADAPTE,SERVICES,False,2021-01-17,publication_date,none,,,,,,0,0,0,,,,0,False,False,broad,calibrated_broad,1
BOAMP:18-8615,BOAMP,NAME:gcs esante pays de la loire,72.0,IT Services & Consulting,2018-01-20,48.0,0,83.34,83.34,,,250000.0,NEGOCIE,SERVICES,True,2022-01-20,publication_date,none,,,,,,0,0,0,,,,0,False,False,broad,calibrated_broad,1
BOAMP:18-8280,BOAMP,SIREN:248500589,48.0,Software & Applications,2018-05-02,48.0,0,79.99,79.99,,,300000.0,OUVERT,FOURNITURES,False,2022-05-02,attribution_award_date,none,,,,,,0,0,0,,,,0,False,False,broad,calibrated_broad,1
BOAMP:18-8879,BOAMP,SIREN:391722881,72.0,IT Services & Consulting,2019-01-11,24.0,1,24.24,,24.24,BOAMP:20-16671,,NEGOCIE,SERVICES,False,2021-01-10,attribution_award_date,calibrated_rule,0.641,0.4975,0.4,True,0.96,0,0,0,0.641,0.5291,0.1119,3,False,False,broad,calibrated_broad,0
BOAMP:18-10415,BOAMP,SIREN:130029747,35.0,Cybersecurity,2018-04-23,30.0,1,31.37,,31.37,BOAMP:20-111877,,PROCEDURE_ADAPTE,FOURNITURES,False,2020-10-22,attribution_award_date,calibrated_rule,0.4679,0.409,0.0,True,0.7717,0,0,0,0.4679,,,1,True,False,broad,calibrated_broad,0
BOAMP:18-9170,BOAMP,SIREN:248500415,48.0,Software & Applications,2018-01-24,48.0,0,83.21,83.21,,,221000.0,OUVERT,FOURNITURES,False,2022-01-24,publication_date,none,,,,,,0,0,0,,,,0,False,False,broad,calibrated_broad,1
BOAMP:18-11225,BOAMP,NAME:nantes metropole,72.0,IT Services & Consulting,2018-01-27,48.0,1,49.64,,49.64,BOAMP:22-39212,,RESTREINT,SERVICES,False,2022-01-27,publication_date,calibrated_rule,0.6005,0.6378,0.2,True,0.7267,0,0,0,0.6005,0.5865,0.0139,9,False,False,broad,calibrated_broad,0
BOAMP:18-12557,BOAMP,SIREN:381053768,32.0,Telecom & Networks,2018-01-28,12.0,0,83.08,83.08,,,,OUVERT,SERVICES,False,2019-01-28,publication_date,none,,,,,,0,0,0,,,,0,False,False,broad,calibrated_broad,1
BOAMP:18-12119,BOAMP,SIREN:234400034,72.0,IT Services & Consulting,2018-04-27,48.0,1,48.82,,48.82,BOAMP:22-72517,,OUVERT,SERVICES,True,2022-04-27,attribution_award_date,calibrated_rule,0.6645,0.8547,0.0,True,0.8633,0,0,0,0.6645,0.6193,0.0452,11,False,False,broad,calibrated_broad,0
BOAMP:18-13131,BOAMP,NAME:cte de communes d erdre et gesvres,48.0,Software & Applications,2018-01-29,39.0,0,83.05,83.05,,,,PROCEDURE_ADAPTE,SERVICES,False,2021-04-30,publication_date,none,,,,,,0,0,0,,,,0,False,False,broad,calibrated_broad,1
BOAMP:18-13243,BOAMP,SIREN:194909701,72.0,IT Services & Consulting,2018-04-17,48.0,1,46.75,,46.75,BOAMP:22-35499,,PROCEDURE_ADAPTE,SERVICES,False,2022-04-17,attribution_award_date,calibrated_rule,0.5352,0.5672,0.0,True,0.7917,0,0,0,0.5352,0.4428,0.0924,2,False,False,broad,calibrated_broad,0
BOAMP:18-14081,BOAMP,NAME:cdc du pays de saint gilles cx de vie,48.0,Software & Applications,2018-02-02,48.0,0,82.92,82.92,,,160000.0,OUVERT,SERVICES,False,2022-02-02,publication_date,none,,,,,,0,0,0,,,,0,False,False,broad,calibrated_broad,1
BOAMP:18-15680,BOAMP,SIREN:214401846,72.0,IT Services & Consulting,2018-02-07,48.0,1,52.89,,52.89,BOAMP:22-94408,160000.0,PROCEDURE_ADAPTE,SERVICES,False,2022-02-07,publication_date,calibrated_rule,0.3984,0.4036,0.2,True,0.185,0,0,0,0.3984,,,1,True,False,broad,calibrated_broad,0
BOAMP:18-17886,BOAMP,SIREN:228500013,72.0,IT Services & Consulting,2018-05-31,12.0,1,7.33,,7.33,BOAMP:18-133090,,PROCEDURE_ADAPTE,SERVICES,False,2019-05-31,attribution_award_date,calibrated_rule,0.4255,0.4528,0.2,True,0.2217,0,0,0,0.4255,,,1,True,False,broad,calibrated_broad,0
BOAMP:18-18750,BOAMP,NAME:comsopgn,,Telecom & Networks,2018-02-08,12.0,0,82.72,82.72,,,,PROCEDURE_ADAPTE,FOURNITURES,False,2019-02-08,publication_date,none,,,,,,0,0,0,,,,0,False,False,broad,calibrated_broad,1
BOAMP:18-18602,BOAMP,SIREN:130029747,72.0,IT Services & Consulting,2018-02-09,48.0,0,82.69,82.69,,,,OUVERT,SERVICES,False,2022-02-09,publication_date,none,,,,,,0,0,0,,,,0,False,False,broad,calibrated_broad,1
BOAMP:18-21470,BOAMP,NAME:ville d evron,32.0,Telecom & Networks,2018-06-05,48.0,0,78.88,78.88,,,225000.0,OUVERT,FOURNITURES,False,2022-06-05,attribution_award_date,none,,,,,,0,0,0,,,,0,False,False,broad,calibrated_broad,1
BOAMP:18-22345,BOAMP,NAME:uniha gcs,72.0,IT Services & Consulting,2018-02-17,12.0,0,82.42,82.42,,,,NEGOCIE,SERVICES,False,2019-02-17,publication_date,none,,,,,,0,0,0,,,,0,False,False,broad,calibrated_broad,1
BOAMP:18-22305,BOAMP,NAME:uniha gcs,72.0,IT Services & Consulting,2018-02-17,12.0,0,82.42,82.42,,,,NEGOCIE,SERVICES,False,2019-02-17,publication_date,none,,,,,,0,0,0,,,,0,False,False,broad,calibrated_broad,1
BOAMP:18-25344,BOAMP,NAME:conseil general de la vendee,,GIS & Mapping,2018-02-21,3.0,0,82.29,82.29,,,,PROCEDURE_ADAPTE,SERVICES,False,2018-05-23,publication_date,none,,,,,,0,0,0,,,,0,False,False,broad,calibrated_broad,1
BOAMP:18-25585,BOAMP,SIREN:244900015,32.0,Telecom & Networks,2018-02-22,12.0,1,8.94,,8.94,BOAMP:17-161006,5500000.0,PROCEDURE_ADAPTE,TRAVAUX,False,2019-02-22,publication_date,calibrated_rule,0.438,0.4749,0.0,True,0.49,0,0,0,0.438,,,1,True,False,broad,calibrated_broad,0
BOAMP:18-26430,BOAMP,SIREN:391722881,72.0,IT Services & Consulting,2019-01-11,48.0,1,46.75,,46.75,BOAMP:22-159813,,NEGOCIE,SERVICES,False,2023-01-11,attribution_award_date,calibrated_rule,0.6384,0.7002,0.2,True,0.7917,0,0,0,0.6384,0.5647,0.0737,5,False,False,broad,calibrated_broad,0
BOAMP:18-26654,BOAMP,NAME:gip vendee numerique,32.0,Telecom & Networks,2019-07-01,48.0,0,66.03,66.03,,,,NEGOCIE,TRAVAUX,True,2023-07-01,attribution_award_date,none,,,,,,0,0,0,,,,0,False,False,broad,calibrated_broad,1
BOAMP:18-26824,BOAMP,SIREN:234400034,72.0,Digital Workplace & Collaboration,2018-06-25,12.0,1,10.61,,10.61,BOAMP:19-1779,,OUVERT,SERVICES,False,2019-06-25,attribution_award_date,calibrated_rule,0.6772,0.4338,0.8,True,0.7683,0,0,0,0.6772,0.4096,0.2675,4,False,False,broad,calibrated_broad,0
BOAMP:18-27476,BOAMP,SIREN:194909701,32.0,Telecom & Networks,2018-06-01,12.0,1,11.73,,11.73,BOAMP:19-82021,,OUVERT,SERVICES,False,2019-06-01,attribution_award_date,calibrated_rule,0.5216,0.4516,0.0,True,0.955,0,0,0,0.5216,,,1,True,False,broad,calibrated_broad,0
BOAMP:18-29896,BOAMP,NAME:cnieg,72.0,IT Services & Consulting,2018-03-02,48.0,0,82.0,82.0,,,,PROCEDURE_ADAPTE,SERVICES,True,2022-03-02,publication_date,none,,,,,,0,0,0,,,,0,False,False,broad,calibrated_broad,1
BOAMP:18-28651,BOAMP,NAME:nantes metropole,72.0,IT Services & Consulting,2018-03-03,60.0,1,62.02,,62.02,BOAMP:23-60788,,NEGOCIE,SERVICES,False,2023-03-03,publication_date,calibrated_rule,0.6182,0.7138,0.2,True,0.6633,0,0,0,0.6182,0.6092,0.009,15,False,False,broad,calibrated_broad,0
BOAMP:18-28473,BOAMP,NAME:ademe,72.0,IT Services & Consulting,2018-03-03,12.0,0,81.96,81.96,,,1500000.0,OUVERT,SERVICES,False,2019-03-03,publication_date,none,,,,,,0,0,0,,,,0,False,False,broad,calibrated_broad,1
BOAMP:18-30222,BOAMP,SIREN:234400034,72.0,Digital Workplace & Collaboration,2018-07-12,12.0,1,14.03,,14.03,BOAMP:19-137030,,OUVERT,SERVICES,False,2019-07-12,attribution_award_date,calibrated_rule,0.46,0.4441,0.0,True,0.6617,0,0,0,0.46,0.4267,0.0333,4,False,False,broad,calibrated_broad,0
BOAMP:18-30024,BOAMP,SIREN:244900015,48.0,Software & Applications,2018-03-04,60.0,1,57.19,,57.19,BOAMP:22-162609,,OUVERT,SERVICES,False,2023-03-04,publication_date,calibrated_rule,0.4708,0.4111,0.2,True,0.5317,0,0,0,0.4708,,,1,True,False,broad,calibrated_broad,0
BOAMP:18-32739,BOAMP,SIREN:214400558,32.0,Telecom & Networks,2018-03-08,12.0,0,81.8,81.8,,,4000000.0,PROCEDURE_ADAPTE,TRAVAUX,False,2019-03-08,publication_date,none,,,,,,0,0,0,,,,0,False,False,broad,calibrated_broad,1
BOAMP:18-31687,BOAMP,SIREN:234400034,48.0,Software & Applications,2018-06-28,48.0,1,46.78,,46.78,BOAMP:22-72517,,OUVERT,SERVICES,False,2022-06-28,attribution_award_date,calibrated_rule,0.6666,0.7682,0.2,True,0.7967,0,0,0,0.6666,0.6111,0.0555,12,False,False,broad,calibrated_broad,0
BOAMP:18-31507,BOAMP,NAME:laval spla,45.0,Unknown,2018-05-14,11.0,0,79.6,79.6,,,1000000.0,OUVERT,TRAVAUX,False,2019-04-13,attribution_award_date,none,,,,,,0,0,0,,,,0,False,False,broad,calibrated_broad,1
BOAMP:18-34848,BOAMP,NAME:spic arena loire trelaze,79.0,Unknown,2018-03-14,48.0,0,81.6,81.6,,,,OUVERT,SERVICES,True,2022-03-14,publication_date,none,,,,,,0,0,0,,,,0,False,False,broad,calibrated_broad,1
BOAMP:18-35039,BOAMP,SIREN:180043010,79.0,Unknown,2018-09-11,12.0,0,75.66,75.66,,,,OUVERT,SERVICES,False,2019-09-11,attribution_award_date,none,,,,,,0,0,0,,,,0,False,False,broad,calibrated_broad,1
BOAMP:18-35804,BOAMP,NAME:ccir pays de la loire,30.0,IT Hardware & Equipment,2018-03-16,48.0,0,81.54,81.54,,,,OUVERT,FOURNITURES,True,2022-03-16,publication_date,none,,,,,,0,0,0,,,,0,False,False,broad,calibrated_broad,1
BOAMP:18-37425,BOAMP,SIREN:130029747,72.0,IT Services & Consulting,2018-07-03,48.0,0,77.96,77.96,,,,OUVERT,SERVICES,False,2022-07-03,attribution_award_date,none,,,,,,0,0,0,,,,0,False,False,broad,calibrated_broad,1
BOAMP:18-36652,BOAMP,SIREN:214401846,48.0,Software & Applications,2018-03-20,48.0,1,43.5,,43.5,BOAMP:21-101248,,PROCEDURE_ADAPTE,SERVICES,False,2022-03-20,publication_date,calibrated_rule,0.4104,0.401,0.2,True,0.25,0,0,0,0.4104,,,1,True,False,broad,calibrated_broad,0
BOAMP:18-38804,BOAMP,SIREN:214400558,32.0,Telecom & Networks,2018-03-20,48.0,0,81.41,81.41,,,,PROCEDURE_ADAPTE,TRAVAUX,True,2022-03-20,publication_date,none,,,,,,0,0,0,,,,0,False,False,broad,calibrated_broad,1
BOAMP:18-38591,BOAMP,SIREN:214401846,48.0,Software & Applications,2018-03-21,48.0,0,81.37,81.37,,,,PROCEDURE_ADAPTE,SERVICES,False,2022-03-21,publication_date,none,,,,,,0,0,0,,,,0,False,False,broad,calibrated_broad,1
BOAMP:18-37028,BOAMP,NAME:nantes metropole,32.0,Telecom & Networks,2018-07-13,72.0,0,77.63,77.63,,,,NEGOCIE,SERVICES,False,2024-07-12,attribution_award_date,none,,,,,,0,0,0,,,,0,False,False,broad,calibrated_broad,1
BOAMP:18-38747,BOAMP,NAME:ville du mans,75.0,GIS & Mapping,2018-08-30,12.0,0,76.05,76.05,,,25000.0,OUVERT,SERVICES,False,2019-08-30,attribution_award_date,none,,,,,,0,0,0,,,,0,False,False,broad,calibrated_broad,1
BOAMP:18-40625,BOAMP,SIREN:244900015,32.0,Telecom & Networks,2018-03-23,48.0,1,49.38,,49.38,BOAMP:22-51760,220999.0,PROCEDURE_ADAPTE,FOURNITURES,False,2022-03-23,publication_date,calibrated_rule,0.954,1.0,1.0,True,0.77,0,0,0,0.954,0.5836,0.3704,3,False,True,broad,calibrated_broad,0
BOAMP:18-40176,BOAMP,SIREN:391722881,48.0,Software & Applications,2018-03-24,24.0,1,28.35,,28.35,BOAMP:19-163024,,OUVERT,SERVICES,False,2020-03-23,publication_date,calibrated_rule,0.5367,0.8292,0.0,True,0.275,0,0,0,0.5367,0.4813,0.0553,2,False,False,broad,calibrated_broad,0
BOAMP:18-40946,BOAMP,NAME:synd dep d energie et d eqpt de vendee,32.0,Telecom & Networks,2018-07-11,48.0,0,77.69,77.69,,,,OUVERT,TRAVAUX,True,2022-07-11,attribution_award_date,none,,,,,,0,0,0,,,,0,False,False,broad,calibrated_broad,1
BOAMP:18-42613,BOAMP,SIREN:228500013,72.0,IT Services & Consulting,2018-07-19,12.0,1,9.89,,9.89,BOAMP:19-10428,200000.0,OUVERT,SERVICES,False,2019-07-19,attribution_award_date,calibrated_rule,0.4771,0.4935,0.0,True,0.6483,0,0,0,0.4771,0.4583,0.0188,3,False,False,broad,calibrated_broad,0
BOAMP:18-41248,BOAMP,SIREN:214401846,48.0,Software & Applications,2018-03-30,48.0,0,81.08,81.08,,,,PROCEDURE_ADAPTE,SERVICES,False,2022-03-30,publication_date,none,,,,,,0,0,0,,,,0,False,False,broad,calibrated_broad,1
BOAMP:18-46804,BOAMP,SIREN:234400034,66.0,Software & Applications,2018-04-05,12.0,1,6.14,,6.14,BOAMP:18-79401,,PROCEDURE_ADAPTE,SERVICES,False,2019-04-05,publication_date,calibrated_rule,0.363,0.5208,0.0,True,0.0233,0,0,0,0.363,,,1,True,False,broad,calibrated_broad,0
BOAMP:18-46346,BOAMP,SIREN:194909701,32.0,Telecom & Networks,2018-04-06,36.0,0,80.85,80.85,,,,OUVERT,FOURNITURES,False,2021-04-05,publication_date,none,,,,,,0,0,0,,,,0,False,False,broad,calibrated_broad,1
BOAMP:18-41182,BOAMP,NAME:cdc du pays de saint gilles cx de vie,30.0,IT Hardware & Equipment,2018-04-08,60.0,0,80.78,80.78,,,,OUVERT,FOURNITURES,False,2023-04-08,publication_date,none,,,,,,0,0,0,,,,0,False,False,broad,calibrated_broad,1
BOAMP:18-51459,BOAMP,SIREN:234400034,32.0,Telecom & Networks,2018-04-15,48.0,1,49.21,,49.21,BOAMP:22-72517,,OUVERT,FOURNITURES,False,2022-04-15,publication_date,calibrated_rule,0.5499,0.6006,0.0,True,0.7983,0,0,0,0.5499,0.5397,0.0102,5,False,False,broad,calibrated_broad,0
BOAMP:18-43289,BOAMP,NAME:ademe,72.0,Data & AI,2018-04-18,14.0,0,80.45,80.45,,,,OUVERT,SERVICES,False,2019-06-18,publication_date,none,,,,,,0,0,0,,,,0,False,False,broad,calibrated_broad,1
BOAMP:18-52389,BOAMP,NAME:uniha gcs,72.0,IT Services & Consulting,2018-04-18,12.0,0,80.45,80.45,,,,OUVERT,SERVICES,False,2019-04-18,publication_date,none,,,,,,0,0,0,,,,0,False,False,broad,calibrated_broad,1
BOAMP:18-55455,BOAMP,NAME:sdis49,72.0,IT Services & Consulting,2018-04-20,48.0,1,43.43,,43.43,BOAMP:21-113571,150000.0,PROCEDURE_ADAPTE,SERVICES,False,2022-04-20,publication_date,calibrated_rule,0.4547,0.5177,0.2,True,0.2383,0,0,0,0.4547,,,1,True,False,broad,calibrated_broad,0
BOAMP:18-53378,BOAMP,NAME:nantes metropole,72.0,IT Services & Consulting,2018-04-20,48.0,1,47.77,,47.77,BOAMP:22-52027,,OUVERT,SERVICES,False,2022-04-20,publication_date,calibrated_rule,0.9291,0.842,1.0,True,0.9617,0,0,0,0.9291,0.6512,0.2779,13,False,True,broad,calibrated_broad,0
BOAMP:18-52482,BOAMP,NAME:cdc du pays de saint gilles cx de vie,48.0,Software & Applications,2018-10-19,48.0,0,74.41,74.41,,,160000.0,NEGOCIE,SERVICES,False,2022-10-19,attribution_award_date,none,,,,,,0,0,0,,,,0,False,False,broad,calibrated_broad,1
BOAMP:18-54467,BOAMP,SIREN:130029747,72.0,IT Services & Consulting,2018-08-21,48.0,0,76.35,76.35,,,,OUVERT,SERVICES,False,2022-08-21,attribution_award_date,none,,,,,,0,0,0,,,,0,False,False,broad,calibrated_broad,1
BOAMP:18-53804,BOAMP,NAME:nantes metropole,48.0,Software & Applications,2018-08-21,48.0,0,76.35,76.35,,,,OUVERT,SERVICES,False,2022-08-21,attribution_award_date,none,,,,,,0,0,0,,,,0,False,False,broad,calibrated_broad,1
BOAMP:18-56546,BOAMP,NAME:nantes metropole,48.0,Software & Applications,2018-04-24,48.0,1,47.63,,47.63,BOAMP:22-52027,,PROCEDURE_ADAPTE,FOURNITURES,False,2022-04-24,publication_date,calibrated_rule,0.5533,0.539,0.0,True,0.9383,0,0,0,0.5533,0.5503,0.003,11,False,False,broad,calibrated_broad,0
BOAMP:18-58630,BOAMP,SIREN:227200029,72.0,IT Services & Consulting,2018-07-02,48.0,1,42.67,,42.67,BOAMP:21-138241,50000.0,PROCEDURE_ADAPTE,SERVICES,True,2022-07-02,attribution_award_date,calibrated_rule,0.5531,0.452,0.8,True,0.1117,0,0,0,0.5531,,,1,True,False,broad,calibrated_broad,0
BOAMP:18-55179,BOAMP,NAME:carene,32.0,Telecom & Networks,2018-04-27,48.0,0,80.16,80.16,,,,PROCEDURE_ADAPTE,FOURNITURES,True,2022-04-27,publication_date,none,,,,,,0,0,0,,,,0,False,False,broad,calibrated_broad,1
BOAMP:18-57918,BOAMP,NAME:agce pour l enst fr a l etranger,72.0,IT Services & Consulting,2018-04-27,24.0,0,80.16,80.16,,,1300000.0,NEGOCIE,SERVICES,False,2020-04-26,publication_date,none,,,,,,0,0,0,,,,0,False,False,broad,calibrated_broad,1
BOAMP:18-58840,BOAMP,SIREN:381053768,30.0,IT Hardware & Equipment,2018-04-28,12.0,0,80.12,80.12,,,,OUVERT,FOURNITURES,False,2019-04-28,publication_date,none,,,,,,0,0,0,,,,0,False,False,broad,calibrated_broad,1
BOAMP:18-61507,BOAMP,SIREN:194401006,48.0,Software & Applications,2018-05-03,48.0,0,79.96,79.96,,,,PROCEDURE_ADAPTE,,True,2022-05-03,publication_date,none,,,,,,0,0,0,,,,0,False,False,broad,calibrated_broad,1
BOAMP:18-60154,BOAMP,SIREN:244900015,32.0,Telecom & Networks,2018-12-06,12.0,0,72.83,72.83,,,240000.0,OUVERT,FOURNITURES,False,2019-12-06,attribution_award_date,none,,,,,,0,0,0,,,,0,False,False,broad,calibrated_broad,1
BOAMP:18-61256,BOAMP,NAME:nantes metropole,72.0,IT Services & Consulting,2018-07-10,48.0,0,77.73,77.73,,,,OUVERT,SERVICES,False,2022-07-10,attribution_award_date,none,,,,,,0,0,0,,,,0,False,False,broad,calibrated_broad,1
BOAMP:18-61655,BOAMP,NAME:nantes metropole,72.0,Cybersecurity,2018-07-10,48.0,1,48.88,,48.88,BOAMP:22-108057,,OUVERT,SERVICES,False,2022-07-10,attribution_award_date,calibrated_rule,0.751,0.4508,1.0,True,0.8533,0,0,0,0.751,0.5499,0.2011,4,False,True,broad,calibrated_broad,0
BOAMP:18-62528,BOAMP,SIREN:381053768,32.0,Telecom & Networks,2018-05-06,6.0,0,79.86,79.86,,,130000.0,OUVERT,FOURNITURES,False,2018-11-04,publication_date,none,,,,,,0,0,0,,,,0,False,False,broad,calibrated_broad,1
BOAMP:18-62916,BOAMP,NAME:cdc du pays de saint gilles cx de vie,64.0,Digital Workplace & Collaboration,2019-06-05,48.0,0,66.89,66.89,,,520000.0,NEGOCIE,SERVICES,False,2023-06-05,attribution_award_date,none,,,,,,0,0,0,,,,0,False,False,broad,calibrated_broad,1
BOAMP:18-66502,BOAMP,NAME:agce pour l enst fr a l etranger,72.0,IT Services & Consulting,2018-05-16,48.0,0,79.53,79.53,,,140000.0,PROCEDURE_ADAPTE,SERVICES,False,2022-05-16,publication_date,none,,,,,,0,0,0,,,,0,False,False,broad,calibrated_broad,1
BOAMP:18-62604,BOAMP,SIREN:214401093,72.0,Digital Workplace & Collaboration,2018-07-23,48.0,1,48.16,,48.16,BOAMP:22-54094,,OUVERT,SERVICES,False,2022-07-23,attribution_award_date,calibrated_rule,0.6771,0.706,0.2,True,0.9733,0,0,0,0.6771,,,1,True,False,broad,calibrated_broad,0
BOAMP:18-67939,BOAMP,SIREN:482414216,35.0,Cybersecurity,2018-05-20,48.0,0,79.4,79.4,,,100000.0,OUVERT,SERVICES,False,2022-05-20,publication_date,none,,,,,,0,0,0,,,,0,False,False,broad,calibrated_broad,1
BOAMP:18-66863,BOAMP,NAME:nantes metropole,72.0,IT Services & Consulting,2018-08-10,12.0,1,11.73,,11.73,BOAMP:19-119269,,OUVERT,SERVICES,False,2019-08-10,attribution_award_date,calibrated_rule,0.6514,0.5259,0.4,True,0.955,0,0,0,0.6514,0.6439,0.0075,10,False,False,broad,calibrated_broad,0
BOAMP:18-70110,BOAMP,SIREN:214401846,90.0,Unknown,2018-05-25,12.0,1,6.18,,6.18,BOAMP:18-122920,,PROCEDURE_ADAPTE,TRAVAUX,False,2019-05-25,publication_date,calibrated_rule,0.3726,0.5416,0.0,True,0.03,0,0,0,0.3726,,,1,True,False,broad,calibrated_broad,0
BOAMP:18-71355,BOAMP,NAME:ville du mans,72.0,Digital Workplace & Collaboration,2018-10-17,60.0,0,74.47,74.47,,,,OUVERT,SERVICES,False,2023-10-17,attribution_award_date,none,,,,,,0,0,0,,,,0,False,False,broad,calibrated_broad,1
BOAMP:18-71689,BOAMP,SIREN:234400034,48.0,Software & Applications,2018-10-08,48.0,1,45.01,,45.01,BOAMP:22-95015,,OUVERT,SERVICES,False,2022-10-08,attribution_award_date,calibrated_rule,0.4245,0.4355,0.0,True,0.5017,0,0,0,0.4245,,,1,True,False,broad,calibrated_broad,0
BOAMP:18-72093,BOAMP,NAME:ccir pays de la loire,30.0,IT Hardware & Equipment,2018-10-23,48.0,0,74.28,74.28,,,,OUVERT,FOURNITURES,True,2022-10-23,attribution_award_date,none,,,,,,0,0,0,,,,0,False,False,broad,calibrated_broad,1
BOAMP:18-73364,BOAMP,NAME:carene,72.0,IT Services & Consulting,2018-06-01,36.0,0,79.01,79.01,,,40000.0,PROCEDURE_ADAPTE,SERVICES,False,2021-05-31,publication_date,none,,,,,,0,0,0,,,,0,False,False,broad,calibrated_broad,1
BOAMP:18-74871,BOAMP,NAME:mairie du croisic,,Unknown,2018-06-01,12.0,0,79.01,79.01,,,1000000.0,PROCEDURE_ADAPTE,TRAVAUX,False,2019-06-01,publication_date,none,,,,,,0,0,0,,,,0,False,False,broad,calibrated_broad,1
BOAMP:18-74252,BOAMP,SIREN:194909701,48.0,Software & Applications,2018-10-25,24.0,1,22.14,,22.14,BOAMP:20-106379,,OUVERT,FOURNITURES,False,2020-10-24,attribution_award_date,calibrated_rule,0.938,1.0,1.0,True,0.69,0,0,0,0.938,0.4772,0.4608,2,False,True,broad,calibrated_broad,0
BOAMP:18-76556,BOAMP,SIREN:264400136,72.0,IT Services & Consulting,2018-06-06,48.0,1,48.55,,48.55,BOAMP:22-87982,,OUVERT,SERVICES,True,2022-06-06,publication_date,calibrated_rule,0.6856,0.5099,0.6,True,0.9083,0,0,0,0.6856,0.5015,0.1842,2,False,False,broad,calibrated_broad,0
BOAMP:18-79401,BOAMP,SIREN:234400034,72.0,Cybersecurity,2018-10-09,6.0,1,11.1,,11.1,BOAMP:19-137030,,OUVERT,SERVICES,False,2019-04-09,attribution_award_date,calibrated_rule,0.3471,0.4178,0.0,True,0.15,0,0,0,0.3471,,,1,True,False,broad,calibrated_broad,0
BOAMP:18-79743,BOAMP,SIREN:198513905,32.0,Telecom & Networks,2018-06-11,48.0,1,42.84,,42.84,BOAMP:22-1668,,PROCEDURE_ADAPTE,FOURNITURES,True,2022-06-11,publication_date,calibrated_rule,0.828,1.0,1.0,True,0.14,0,0,0,0.828,,,1,True,False,broad,calibrated_broad,0
BOAMP:18-80935,BOAMP,NAME:cmar pays de la loire,45.0,Unknown,2018-06-12,48.0,0,78.65,78.65,,,,PROCEDURE_ADAPTE,TRAVAUX,True,2022-06-12,publication_date,none,,,,,,0,0,0,,,,0,False,False,broad,calibrated_broad,1
BOAMP:18-80158,BOAMP,SIREN:935367433,72.0,IT Services & Consulting,2018-06-13,12.0,1,9.92,,9.92,BOAMP:19-56876,1000000.0,OUVERT,SERVICES,False,2019-06-13,publication_date,calibrated_rule,0.4589,0.4456,0.0,True,0.6533,0,0,0,0.4589,0.4029,0.056,2,False,False,broad,calibrated_broad,0
BOAMP:18-79940,BOAMP,NAME:esat foyers,48.0,Software & Applications,2018-06-13,48.0,0,78.61,78.61,,,,OUVERT,SERVICES,False,2022-06-13,publication_date,none,,,,,,0,0,0,,,,0,False,False,broad,calibrated_broad,1
BOAMP:18-86992,BOAMP,NAME:ville d arnage,72.0,IT Services & Consulting,2018-06-22,48.0,0,78.32,78.32,,,,PROCEDURE_ADAPTE,SERVICES,True,2022-06-22,publication_date,none,,,,,,0,0,0,,,,0,False,False,broad,calibrated_broad,1
BOAMP:18-87166,BOAMP,SIREN:234400034,48.0,Software & Applications,2018-10-01,24.0,1,25.69,,25.69,BOAMP:20-142015,,OUVERT,SERVICES,False,2020-09-30,attribution_award_date,calibrated_rule,0.5032,0.5238,0.0,True,0.7183,0,0,0,0.5032,0.4339,0.0693,2,False,False,broad,calibrated_broad,0
BOAMP:18-87219,BOAMP,SIREN:130001704,72.0,IT Services & Consulting,2018-06-24,12.0,0,78.25,78.25,,,,OUVERT,SERVICES,False,2019-06-24,publication_date,none,,,,,,0,0,0,,,,0,False,False,broad,calibrated_broad,1
BOAMP:18-87467,BOAMP,NAME:sna ouest,32.0,Telecom & Networks,2018-08-09,4.0,0,76.74,76.74,,,,OUVERT,SERVICES,False,2018-12-08,attribution_award_date,none,,,,,,0,0,0,,,,0,False,False,broad,calibrated_broad,1
BOAMP:18-91062,BOAMP,NAME:ville d arnage,48.0,Software & Applications,2018-06-29,48.0,0,78.09,78.09,,,,PROCEDURE_ADAPTE,FOURNITURES,True,2022-06-29,publication_date,none,,,,,,0,0,0,,,,0,False,False,broad,calibrated_broad,1
BOAMP:18-89409,BOAMP,NAME:crous de nantes,48.0,Software & Applications,2018-06-29,36.0,0,78.09,78.09,,,,OUVERT,SERVICES,False,2021-06-28,publication_date,none,,,,,,0,0,0,,,,0,False,False,broad,calibrated_broad,1
BOAMP:18-91090,BOAMP,SIREN:244900015,48.0,Software & Applications,2018-06-29,48.0,1,53.35,,53.35,BOAMP:22-162609,220999.0,PROCEDURE_ADAPTE,FOURNITURES,False,2022-06-29,publication_date,calibrated_rule,0.4491,0.5687,0.2,True,0.1083,0,0,0,0.4491,0.4446,0.0045,3,False,False,broad,calibrated_broad,0
BOAMP:18-90097,BOAMP,NAME:nantes metropole,48.0,Software & Applications,2019-04-05,60.0,1,63.9,,63.9,BOAMP:24-90280,,NEGOCIE,SERVICES,False,2024-04-04,attribution_award_date,calibrated_rule,0.4788,0.647,0.0,True,0.35,0,0,0,0.4788,0.4591,0.0197,5,False,False,broad,calibrated_broad,0
BOAMP:18-90616,BOAMP,NAME:cerema dtermed,72.0,Digital Workplace & Collaboration,2018-07-01,48.0,0,78.02,78.02,,,,OUVERT,FOURNITURES,True,2022-07-01,publication_date,none,,,,,,0,0,0,,,,0,False,False,broad,calibrated_broad,1
BOAMP:18-90932,BOAMP,NAME:agence regionale pays de la loire ti,72.0,IT Services & Consulting,2018-07-01,48.0,0,78.02,78.02,,,,OUVERT,SERVICES,False,2022-07-01,publication_date,none,,,,,,0,0,0,,,,0,False,False,broad,calibrated_broad,1
BOAMP:18-88858,BOAMP,SIREN:214401846,48.0,Software & Applications,2018-11-05,24.0,1,24.93,,24.93,BOAMP:20-109382,,OUVERT,FOURNITURES,False,2020-11-04,attribution_award_date,calibrated_rule,0.4814,0.4061,0.0,True,0.845,0,0,0,0.4814,,,1,True,False,broad,calibrated_broad,0
BOAMP:18-91798,BOAMP,NAME:communes de grand lieu,,Unknown,2018-07-02,7.0,0,77.99,77.99,,,,PROCEDURE_ADAPTE,TRAVAUX,False,2019-01-31,publication_date,none,,,,,,0,0,0,,,,0,False,False,broad,calibrated_broad,1
BOAMP:18-91441,BOAMP,SIREN:214900995,48.0,Software & Applications,2019-01-03,48.0,1,52.2,,52.2,BOAMP:23-24020,,OUVERT,SERVICES,True,2023-01-03,attribution_award_date,calibrated_rule,0.4483,0.5957,0.0,True,0.3,0,0,0,0.4483,,,1,True,False,broad,calibrated_broad,0
BOAMP:18-94803,BOAMP,SIREN:264400136,32.0,Telecom & Networks,2018-07-06,12.0,1,11.99,,11.99,BOAMP:19-103545,,PROCEDURE_ADAPTE,FOURNITURES,False,2019-07-06,publication_date,calibrated_rule,0.6309,0.5781,0.2,True,0.9983,0,0,0,0.6309,,,1,True,False,broad,calibrated_broad,0
BOAMP:18-93359,BOAMP,NAME:spr pays de la loire,45.0,Unknown,2018-07-06,18.0,1,19.19,,19.19,BOAMP:19-172484,,OUVERT,TRAVAUX,False,2020-01-04,publication_date,calibrated_rule,0.5055,0.4878,0.0,True,0.8017,0,0,0,0.5055,,,1,True,False,broad,calibrated_broad,0
BOAMP:18-93488,BOAMP,NAME:spr pays de la loire,45.0,Unknown,2019-05-06,18.0,0,67.87,67.87,,,,OUVERT,TRAVAUX,False,2020-11-03,attribution_award_date,none,,,,,,0,0,0,,,,0,False,False,broad,calibrated_broad,1
BOAMP:18-95630,BOAMP,SIREN:234400034,45.0,Unknown,2018-07-09,48.0,0,77.76,77.76,,,,PROCEDURE_ADAPTE,TRAVAUX,True,2022-07-09,publication_date,none,,,,,,0,0,0,,,,0,False,False,broad,calibrated_broad,1
BOAMP:18-96170,BOAMP,NAME:ctre hosp universitaire angers,45.0,Cloud & Infrastructure,2018-07-12,12.0,1,12.45,,12.45,BOAMP:19-117328,,OUVERT,TRAVAUX,False,2019-07-12,publication_date,calibrated_rule,0.567,0.58,0.0,True,0.925,0,0,0,0.567,0.5425,0.0245,3,False,False,broad,calibrated_broad,0
BOAMP:18-96470,BOAMP,SIREN:935367433,48.0,Software & Applications,2018-12-04,12.0,1,17.77,,17.77,BOAMP:20-68352,320000.0,OUVERT,SERVICES,False,2019-12-04,attribution_award_date,calibrated_rule,0.3467,0.4725,0.0,True,0.0383,0,0,0,0.3467,,,1,True,False,broad,calibrated_broad,0
BOAMP:18-98583,BOAMP,NAME:ville des sables d olonne,72.0,IT Services & Consulting,2018-07-13,2.0,0,77.63,77.63,,,,PROCEDURE_ADAPTE,SERVICES,False,2018-09-11,publication_date,none,,,,,,0,0,0,,,,0,False,False,broad,calibrated_broad,1
BOAMP:18-60137,BOAMP,SIREN:214401093,72.0,IT Services & Consulting,2019-04-29,48.0,0,68.1,68.1,,,,NEGOCIE,SERVICES,False,2023-04-29,attribution_award_date,none,,,,,,0,0,0,,,,0,False,False,broad,calibrated_broad,1
BOAMP:18-97260,BOAMP,SIREN:214401846,30.0,IT Hardware & Equipment,2018-11-29,48.0,1,48.52,,48.52,BOAMP:22-165686,800000.0,OUVERT,FOURNITURES,False,2022-11-29,attribution_award_date,calibrated_rule,0.5203,0.4691,0.0,True,0.9133,0,0,0,0.5203,0.4016,0.1187,3,False,False,broad,calibrated_broad,0
BOAMP:18-98603,BOAMP,SIREN:180043010,72.0,Cybersecurity,2018-11-12,24.0,0,73.62,73.62,,,,OUVERT,SERVICES,False,2020-11-11,attribution_award_date,none,,,,,,0,0,0,,,,0,False,False,broad,calibrated_broad,1
BOAMP:18-101437,BOAMP,SIREN:191700327,48.0,Software & Applications,2018-07-18,48.0,0,77.46,77.46,,,,PROCEDURE_ADAPTE,FOURNITURES,True,2022-07-18,publication_date,none,,,,,,0,0,0,,,,0,False,False,broad,calibrated_broad,1
BOAMP:18-100479,BOAMP,SIREN:860800077,72.0,IT Services & Consulting,2018-07-19,24.0,0,77.43,77.43,,,,OUVERT,SERVICES,False,2020-07-18,publication_date,none,,,,,,0,0,0,,,,0,False,False,broad,calibrated_broad,1
BOAMP:18-101350,BOAMP,SIREN:130029747,30.0,IT Hardware & Equipment,2018-12-21,48.0,1,52.33,,52.33,BOAMP:23-59845,,OUVERT,FOURNITURES,False,2022-12-21,attribution_award_date,calibrated_rule,0.3781,0.4311,0.0,True,0.2783,0,0,0,0.3781,0.3436,0.0345,2,False,False,broad,calibrated_broad,0
BOAMP:18-101085,BOAMP,NAME:maine loire habitat office pub habitat,72.0,IT Services & Consulting,2018-12-13,60.0,1,56.6,,56.6,BOAMP:23-72834,,NEGOCIE,SERVICES,False,2023-12-13,attribution_award_date,calibrated_rule,0.6487,0.9052,0.2,True,0.4333,0,0,0,0.6487,,,1,True,False,broad,calibrated_broad,0
BOAMP:18-103319,BOAMP,SIREN:234400034,72.0,IT Services & Consulting,2018-07-20,12.0,1,16.06,,16.06,BOAMP:19-174098,,PROCEDURE_ADAPTE,SERVICES,False,2019-07-20,publication_date,calibrated_rule,0.5119,0.618,0.2,True,0.3233,0,0,0,0.5119,0.4957,0.0162,3,False,False,broad,calibrated_broad,0
BOAMP:18-103911,BOAMP,NAME:nantes metropole,32.0,Telecom & Networks,2018-07-26,48.0,1,47.93,,47.93,BOAMP:22-102623,,OUVERT,SERVICES,False,2022-07-26,publication_date,calibrated_rule,0.9965,0.997,1.0,True,0.9883,0,0,0,0.9965,0.538,0.4584,11,False,True,broad,calibrated_broad,0
BOAMP:18-105237,BOAMP,SIREN:234400034,35.0,Cybersecurity,2018-07-26,12.0,1,11.04,,11.04,BOAMP:19-32405,,OUVERT,SERVICES,False,2019-07-26,publication_date,calibrated_rule,0.8539,0.8398,0.8,True,0.84,0,0,0,0.8539,,,1,True,False,broad,calibrated_broad,0
BOAMP:18-110962,BOAMP,NAME:regie dept passages d eau de vendee,72.0,IT Services & Consulting,2018-08-02,48.0,0,76.97,76.97,,,,PROCEDURE_ADAPTE,SERVICES,True,2022-08-02,publication_date,none,,,,,,0,0,0,,,,0,False,False,broad,calibrated_broad,1
BOAMP:18-110102,BOAMP,SIREN:218500478,48.0,Software & Applications,2018-10-23,12.0,0,74.28,74.28,,,,OUVERT,FOURNITURES,False,2019-10-23,attribution_award_date,none,,,,,,0,0,0,,,,0,False,False,broad,calibrated_broad,1
BOAMP:18-117157,BOAMP,NAME:le mans,72.0,IT Services & Consulting,2018-08-20,12.0,1,7.13,,7.13,BOAMP:19-46630,,PROCEDURE_ADAPTE,SERVICES,False,2019-08-20,publication_date,calibrated_rule,0.3773,0.4741,0.0,True,0.1883,0,0,0,0.3773,,,1,True,False,broad,calibrated_broad,0
BOAMP:18-110801,BOAMP,NAME:cte reg peches maritimes elevages mari,48.0,Software & Applications,2018-08-21,48.0,0,76.35,76.35,,,,AUTRE,SERVICES,True,2022-08-21,publication_date,none,,,,,,0,0,0,,,,0,False,False,broad,calibrated_broad,1
BOAMP:18-114671,BOAMP,SIREN:214401721,45.0,Unknown,2018-08-23,16.0,0,76.28,76.28,,,,NEGOCIE,TRAVAUX,False,2019-12-23,publication_date,none,,,,,,0,0,0,,,,0,False,False,broad,calibrated_broad,1
BOAMP:18-120601,BOAMP,SIREN:264400136,72.0,IT Services & Consulting,2018-08-28,12.0,1,14.06,,14.06,BOAMP:19-165120,,PROCEDURE_ADAPTE,SERVICES,False,2019-08-28,publication_date,calibrated_rule,0.4657,0.4609,0.0,True,0.6567,0,0,0,0.4657,0.4601,0.0056,4,False,False,broad,calibrated_broad,0
BOAMP:18-121819,BOAMP,SIREN:264400136,72.0,IT Services & Consulting,2018-08-30,48.0,1,45.76,,45.76,BOAMP:22-87982,,PROCEDURE_ADAPTE,,True,2022-08-30,publication_date,calibrated_rule,0.7934,0.6701,1.0,True,0.6267,0,0,0,0.7934,,,1,True,False,broad,calibrated_broad,0
BOAMP:18-122920,BOAMP,SIREN:214401846,72.0,IT Services & Consulting,2018-11-29,48.0,1,50.76,,50.76,BOAMP:23-24849,,PROCEDURE_ADAPTE,SERVICES,False,2022-11-29,attribution_award_date,calibrated_rule,0.5022,0.4855,0.2,True,0.54,0,0,0,0.5022,0.4627,0.0395,2,False,False,broad,calibrated_broad,0
BOAMP:18-123694,BOAMP,SIREN:227200029,72.0,IT Services & Consulting,2018-09-04,48.0,1,48.95,,48.95,BOAMP:22-77622,,PROCEDURE_ADAPTE,SERVICES,True,2022-09-04,publication_date,calibrated_rule,0.6044,0.5901,0.2,True,0.8417,0,0,0,0.6044,0.5211,0.0833,3,False,False,broad,calibrated_broad,0
BOAMP:18-124536,BOAMP,SIREN:214401358,35.0,Cybersecurity,2018-09-06,12.0,0,75.82,75.82,,,,PROCEDURE_ADAPTE,SERVICES,False,2019-09-06,publication_date,none,,,,,,0,0,0,,,,0,False,False,broad,calibrated_broad,1
BOAMP:18-125586,BOAMP,NAME:agce pour l enst fr a l etranger,72.0,IT Services & Consulting,2018-09-07,48.0,0,75.79,75.79,,,80000.0,PROCEDURE_ADAPTE,FOURNITURES,False,2022-09-07,publication_date,none,,,,,,0,0,0,,,,0,False,False,broad,calibrated_broad,1
BOAMP:18-125410,BOAMP,SIREN:409104007,32.0,Telecom & Networks,2018-09-07,48.0,0,75.79,75.79,,,,PROCEDURE_ADAPTE,FOURNITURES,True,2022-09-07,publication_date,none,,,,,,0,0,0,,,,0,False,False,broad,calibrated_broad,1
BOAMP:18-126368,BOAMP,SIREN:227200029,72.0,IT Services & Consulting,2018-11-12,48.0,1,46.68,,46.68,BOAMP:22-77622,,PROCEDURE_ADAPTE,SERVICES,True,2022-11-12,attribution_award_date,calibrated_rule,0.954,0.9949,1.0,True,0.78,0,0,0,0.954,0.4612,0.4928,3,False,True,broad,calibrated_broad,0
BOAMP:18-126631,BOAMP,SIREN:225300011,42.0,Unknown,2018-09-11,48.0,1,42.84,,42.84,BOAMP:22-49221,3000.0,PROCEDURE_ADAPTE,FOURNITURES,False,2022-09-11,publication_date,calibrated_rule,0.3663,0.4707,0.0,True,0.14,0,0,0,0.3663,,,1,True,False,broad,calibrated_broad,0
BOAMP:18-127908,BOAMP,SIREN:227200029,72.0,IT Services & Consulting,2018-09-13,48.0,1,46.48,,46.48,BOAMP:22-60784,,PROCEDURE_ADAPTE,SERVICES,True,2022-09-13,publication_date,calibrated_rule,0.7713,0.5548,1.0,True,0.7467,0,0,0,0.7713,0.6904,0.0808,4,False,True,broad,calibrated_broad,0
BOAMP:18-127661,BOAMP,NAME:ccir pays de la loire,72.0,IT Services & Consulting,2018-09-13,48.0,0,75.59,75.59,,,,PROCEDURE_ADAPTE,SERVICES,True,2022-09-13,publication_date,none,,,,,,0,0,0,,,,0,False,False,broad,calibrated_broad,1
BOAMP:18-126992,BOAMP,NAME:esat foyers,48.0,Software & Applications,2018-09-13,48.0,0,75.59,75.59,,,,OUVERT,SERVICES,False,2022-09-13,publication_date,none,,,,,,0,0,0,,,,0,False,False,broad,calibrated_broad,1
BOAMP:18-127511,BOAMP,NAME:le mans,35.0,Cybersecurity,2019-02-20,48.0,1,51.35,,51.35,BOAMP:22-148365,,OUVERT,FOURNITURES,True,2023-02-20,attribution_award_date,calibrated_rule,0.6034,0.9127,0.0,True,0.4417,0,0,0,0.6034,,,1,True,False,broad,calibrated_broad,0
BOAMP:18-127938,BOAMP,SIREN:935367433,45.0,Unknown,2018-09-15,20.0,0,75.53,75.53,,,,OUVERT,TRAVAUX,False,2020-05-15,publication_date,none,,,,,,0,0,0,,,,0,False,False,broad,calibrated_broad,1
BOAMP:18-128159,BOAMP,NAME:nantes metropole,72.0,IT Services & Consulting,2018-09-15,48.0,0,75.53,75.53,,,,OUVERT,SERVICES,False,2022-09-15,publication_date,none,,,,,,0,0,0,,,,0,False,False,broad,calibrated_broad,1
BOAMP:18-128655,BOAMP,SIREN:234400034,72.0,IT Services & Consulting,2019-01-11,48.0,1,51.97,,51.97,BOAMP:23-63763,,OUVERT,SERVICES,False,2023-01-11,attribution_award_date,calibrated_rule,0.5637,0.7401,0.2,True,0.3383,0,0,0,0.5637,0.5574,0.0063,5,False,False,broad,calibrated_broad,0
BOAMP:18-128950,BOAMP,SIREN:194909701,32.0,Telecom & Networks,2019-01-17,48.0,1,50.36,,50.36,BOAMP:22-150817,563800.0,OUVERT,FOURNITURES,False,2023-01-17,attribution_award_date,calibrated_rule,0.8793,0.8949,1.0,True,0.6067,0,0,0,0.8793,,,1,True,False,broad,calibrated_broad,0
BOAMP:18-129941,BOAMP,NAME:bretagne developpement innovation,72.0,IT Services & Consulting,2018-09-20,24.0,0,75.36,75.36,,,350000.0,OUVERT,SERVICES,False,2020-09-19,publication_date,none,,,,,,0,0,0,,,,0,False,False,broad,calibrated_broad,1
BOAMP:18-129881,BOAMP,SIREN:200083392,48.0,Software & Applications,2018-12-10,48.0,0,72.7,72.7,,,,OUVERT,SERVICES,False,2022-12-10,attribution_award_date,none,,,,,,0,0,0,,,,0,False,False,broad,calibrated_broad,1
BOAMP:18-133090,BOAMP,SIREN:228500013,72.0,IT Services & Consulting,2019-01-09,24.0,1,26.02,,26.02,BOAMP:20-155309,,OUVERT,SERVICES,False,2021-01-08,attribution_award_date,calibrated_rule,0.8266,0.8599,0.8,True,0.6633,0,0,0,0.8266,0.777,0.0496,3,False,False,broad,calibrated_broad,0
BOAMP:18-134465,BOAMP,SIREN:284400017,35.0,Cybersecurity,2018-01-03,12.0,0,83.9,83.9,,,,OUVERT,FOURNITURES,False,2019-01-03,attribution_award_date,none,,,,,,0,0,0,,,,0,False,False,broad,calibrated_broad,1
BOAMP:18-135728,BOAMP,NAME:sec gal pour l adm min interieur ouest,45.0,Unknown,2019-12-13,34.0,0,60.61,60.61,,,,OUVERT,TRAVAUX,False,2022-10-12,attribution_award_date,none,,,,,,0,0,0,,,,0,False,False,broad,calibrated_broad,1
BOAMP:18-125716,BOAMP,SIREN:575850490,72.0,IT Services & Consulting,2019-03-29,36.0,0,69.12,69.12,,,,OUVERT,SERVICES,False,2022-03-28,attribution_award_date,none,,,,,,0,0,0,,,,0,False,False,broad,calibrated_broad,1
BOAMP:18-137958,BOAMP,NAME:le grand t theatre loire atlantique,72.0,IT Services & Consulting,2018-10-03,48.0,0,74.93,74.93,,,,PROCEDURE_ADAPTE,SERVICES,True,2022-10-03,publication_date,none,,,,,,0,0,0,,,,0,False,False,broad,calibrated_broad,1
BOAMP:18-137945,BOAMP,NAME:ville d ecouflant,,Cloud & Infrastructure,2018-10-03,3.0,0,74.93,74.93,,,,PROCEDURE_ADAPTE,FOURNITURES,False,2019-01-02,publication_date,none,,,,,,0,0,0,,,,0,False,False,broad,calibrated_broad,1
BOAMP:18-139266,BOAMP,NAME:semitan mandataire de la cun,72.0,IT Services & Consulting,2019-03-01,54.0,0,70.04,70.04,,,,OUVERT,SERVICES,False,2023-08-30,attribution_award_date,none,,,,,,0,0,0,,,,0,False,False,broad,calibrated_broad,1
BOAMP:18-141219,BOAMP,SIREN:832970024,48.0,Software & Applications,2018-10-09,48.0,0,74.74,74.74,,,,PROCEDURE_ADAPTE,SERVICES,True,2022-10-09,publication_date,none,,,,,,0,0,0,,,,0,False,False,broad,calibrated_broad,1
BOAMP:18-144441,BOAMP,NAME:cap atlantique,30.0,IT Hardware & Equipment,2018-10-17,12.0,0,74.47,74.47,,,600000.0,OUVERT,FOURNITURES,False,2019-10-17,publication_date,none,,,,,,0,0,0,,,,0,False,False,broad,calibrated_broad,1
BOAMP:18-144285,BOAMP,NAME:agce pour l enst fr a l etranger,72.0,IT Services & Consulting,2019-02-12,48.0,0,70.6,70.6,,,2500000.0,OUVERT,SERVICES,False,2023-02-12,attribution_award_date,none,,,,,,0,0,0,,,,0,False,False,broad,calibrated_broad,1
BOAMP:18-146310,BOAMP,SIREN:214401325,45.0,Unknown,2018-10-18,48.0,0,74.44,74.44,,,,PROCEDURE_ADAPTE,TRAVAUX,True,2022-10-18,publication_date,none,,,,,,0,0,0,,,,0,False,False,broad,calibrated_broad,1
BOAMP:18-146639,BOAMP,SIREN:247200132,39.0,Unknown,2019-03-26,12.0,1,8.94,,8.94,BOAMP:19-119207,,OUVERT,FOURNITURES,False,2020-03-25,attribution_award_date,calibrated_rule,0.8366,0.8465,1.0,True,0.49,0,0,0,0.8366,,,1,True,False,broad,calibrated_broad,0
BOAMP:18-146489,BOAMP,SIREN:194909701,32.0,Telecom & Networks,2018-10-20,48.0,1,47.4,,47.4,BOAMP:22-131126,,OUVERT,SERVICES,False,2022-10-20,publication_date,calibrated_rule,0.7854,0.5136,1.0,True,0.9,0,0,0,0.7854,0.4741,0.3114,3,False,True,broad,calibrated_broad,0
BOAMP:18-146220,BOAMP,NAME:spr pays de la loire,45.0,Unknown,2018-10-20,3.0,1,6.5,,6.5,BOAMP:18-93488,,OUVERT,TRAVAUX,False,2019-01-19,publication_date,calibrated_rule,0.5785,0.4878,0.6,True,0.4167,0,0,0,0.5785,,,1,True,False,broad,calibrated_broad,0
BOAMP:18-146989,BOAMP,SIREN:244400404,48.0,Software & Applications,2018-10-22,48.0,0,74.31,74.31,,,,PROCEDURE_ADAPTE,SERVICES,True,2022-10-22,publication_date,none,,,,,,0,0,0,,,,0,False,False,broad,calibrated_broad,1
BOAMP:18-148384,BOAMP,NAME:ccir pays de la loire,72.0,IT Services & Consulting,2018-12-26,48.0,0,72.17,72.17,,,,OUVERT,SERVICES,False,2022-12-26,attribution_award_date,none,,,,,,0,0,0,,,,0,False,False,broad,calibrated_broad,1
BOAMP:18-149889,BOAMP,SIREN:191700327,48.0,Software & Applications,2018-10-26,48.0,0,74.18,74.18,,,,OUVERT,FOURNITURES,False,2022-10-26,publication_date,none,,,,,,0,0,0,,,,0,False,False,broad,calibrated_broad,1
BOAMP:18-149893,BOAMP,SIREN:935367433,72.0,IT Maintenance & Support,2018-10-26,12.0,1,8.77,,8.77,BOAMP:19-111839,9600000.0,NEGOCIE,SERVICES,False,2019-10-26,publication_date,calibrated_rule,0.4487,0.5158,0.0,True,0.4617,0,0,0,0.4487,,,1,True,False,broad,calibrated_broad,0
BOAMP:18-150422,BOAMP,SIREN:234400034,72.0,Digital Workplace & Collaboration,2018-10-27,24.0,1,24.84,,24.84,BOAMP:20-142015,,OUVERT,SERVICES,False,2020-10-26,publication_date,calibrated_rule,0.5389,0.4173,0.2,True,0.86,0,0,0,0.5389,0.51,0.029,2,False,False,broad,calibrated_broad,0
BOAMP:18-150889,BOAMP,SIREN:228500013,48.0,Software & Applications,2019-02-25,48.0,1,45.73,,45.73,BOAMP:22-166698,,OUVERT,SERVICES,True,2023-02-25,attribution_award_date,calibrated_rule,0.5617,0.7183,0.0,True,0.6217,0,0,0,0.5617,0.4982,0.0634,3,False,False,broad,calibrated_broad,0
BOAMP:18-151695,BOAMP,NAME:agce pour l enst fr a l etranger,72.0,IT Services & Consulting,2018-10-28,24.0,1,19.71,,19.71,BOAMP:20-79138,700000.0,NEGOCIE,SERVICES,False,2020-10-27,publication_date,calibrated_rule,0.5294,0.4752,,False,0.285,0,0,0,0.5294,,,1,True,False,broad,calibrated_broad,0
BOAMP:18-152399,BOAMP,SIREN:227200029,35.0,Cybersecurity,2019-02-25,48.0,1,49.97,,49.97,BOAMP:23-56040,400000.0,OUVERT,FOURNITURES,False,2023-02-25,attribution_award_date,calibrated_rule,0.4711,0.4668,0.0,True,0.6717,0,0,0,0.4711,0.3988,0.0722,2,False,False,broad,calibrated_broad,0
BOAMP:18-153394,BOAMP,SIREN:214402158,32.0,Telecom & Networks,2018-10-31,48.0,0,74.01,74.01,,,,PROCEDURE_ADAPTE,SERVICES,True,2022-10-31,publication_date,none,,,,,,0,0,0,,,,0,False,False,broad,calibrated_broad,1
BOAMP:18-153265,BOAMP,NAME:semitan,48.0,Software & Applications,2019-05-17,24.0,0,67.51,67.51,,,,NEGOCIE,SERVICES,False,2021-05-16,attribution_award_date,none,,,,,,0,0,0,,,,0,False,False,broad,calibrated_broad,1
BOAMP:18-154720,BOAMP,SIREN:247200348,45.0,Unknown,2018-11-05,48.0,0,73.85,73.85,,,,PROCEDURE_ADAPTE,TRAVAUX,True,2022-11-05,publication_date,none,,,,,,0,0,0,,,,0,False,False,broad,calibrated_broad,1
BOAMP:18-154770,BOAMP,SIREN:227200029,32.0,Telecom & Networks,2018-11-05,48.0,1,46.91,,46.91,BOAMP:22-77622,,PROCEDURE_ADAPTE,FOURNITURES,False,2022-11-05,publication_date,calibrated_rule,0.5345,0.552,0.0,True,0.8183,0,0,0,0.5345,0.3689,0.1656,3,False,False,broad,calibrated_broad,0
BOAMP:18-154990,BOAMP,SIREN:225300011,48.0,Software & Applications,2018-11-10,48.0,0,73.69,73.69,,,600000.0,DIALOGUE_COMPETITIF,SERVICES,False,2022-11-10,publication_date,none,,,,,,0,0,0,,,,0,False,False,broad,calibrated_broad,1
BOAMP:18-157794,BOAMP,NAME:communaute communes pays de redon,48.0,Software & Applications,2018-11-12,48.0,0,73.62,73.62,,,,PROCEDURE_ADAPTE,FOURNITURES,True,2022-11-12,publication_date,none,,,,,,0,0,0,,,,0,False,False,broad,calibrated_broad,1
BOAMP:18-158821,BOAMP,NAME:mindef sga dcsid esid bordeaux,45.0,Data & AI,2018-11-13,48.0,0,73.59,73.59,,,,PROCEDURE_ADAPTE,TRAVAUX,True,2022-11-13,publication_date,none,,,,,,0,0,0,,,,0,False,False,broad,calibrated_broad,1
BOAMP:18-159087,BOAMP,SIREN:194909701,,Cloud & Infrastructure,2018-11-14,11.0,1,6.27,,6.27,BOAMP:19-82021,,PROCEDURE_ADAPTE,TRAVAUX,False,2019-10-14,publication_date,calibrated_rule,0.6588,0.7545,,False,0.2117,0,0,0,0.6588,,,1,True,False,broad,calibrated_broad,0
BOAMP:18-159101,BOAMP,SIREN:264400136,48.0,Software & Applications,2018-11-14,48.0,1,43.0,,43.0,BOAMP:22-83864,,PROCEDURE_ADAPTE,SERVICES,True,2022-11-14,publication_date,calibrated_rule,0.422,0.4717,0.2,True,0.1667,0,0,0,0.422,0.402,0.02,4,False,False,broad,calibrated_broad,0
BOAMP:18-158087,BOAMP,NAME:sm megalis,32.0,Telecom & Networks,2018-11-15,36.0,0,73.52,73.52,,,,OUVERT,FOURNITURES,False,2021-11-14,publication_date,none,,,,,,0,0,0,,,,0,False,False,broad,calibrated_broad,1
BOAMP:18-160377,BOAMP,SIREN:287200265,48.0,Software & Applications,2019-03-29,48.0,0,69.12,69.12,,,,PROCEDURE_ADAPTE,FOURNITURES,True,2023-03-29,attribution_award_date,none,,,,,,0,0,0,,,,0,False,False,broad,calibrated_broad,1
BOAMP:18-163164,BOAMP,NAME:sisto,44.0,Data & AI,2018-11-22,48.0,0,73.29,73.29,,,,PROCEDURE_ADAPTE,TRAVAUX,True,2022-11-22,publication_date,none,,,,,,0,0,0,,,,0,False,False,broad,calibrated_broad,1
BOAMP:18-165012,BOAMP,NAME:le mans,32.0,Telecom & Networks,2018-11-26,12.0,0,73.16,73.16,,,,PROCEDURE_ADAPTE,FOURNITURES,False,2019-11-26,publication_date,none,,,,,,0,0,0,,,,0,False,False,broad,calibrated_broad,1
BOAMP:18-167367,BOAMP,SIREN:254901309,48.0,Software & Applications,2018-11-30,48.0,0,73.03,73.03,,,160000.0,PROCEDURE_ADAPTE,SERVICES,False,2022-11-30,publication_date,none,,,,,,0,0,0,,,,0,False,False,broad,calibrated_broad,1
BOAMP:18-166821,BOAMP,NAME:cnieg,72.0,Digital Workplace & Collaboration,2019-03-08,12.0,1,14.72,,14.72,BOAMP:20-4011,3900000.0,OUVERT,SERVICES,False,2020-03-07,attribution_award_date,calibrated_rule,0.5959,0.5915,0.4,True,0.5467,0,0,0,0.5959,,,1,True,False,broad,calibrated_broad,0
BOAMP:18-167431,BOAMP,NAME:cnieg,72.0,IT Maintenance & Support,2019-03-08,24.0,1,18.5,,18.5,BOAMP:20-64610,450000.0,OUVERT,SERVICES,False,2021-03-07,attribution_award_date,calibrated_rule,0.43,0.5333,0.2,True,0.0833,0,0,0,0.43,,,1,True,False,broad,calibrated_broad,0
BOAMP:18-168544,BOAMP,NAME:nantes metropole,35.0,Cybersecurity,2019-03-19,12.0,1,11.2,,11.2,BOAMP:20-26585,,OUVERT,SERVICES,False,2020-03-18,attribution_award_date,calibrated_rule,0.5588,0.5887,0.0,True,0.8667,0,0,0,0.5588,0.5529,0.0059,5,False,False,broad,calibrated_broad,0
BOAMP:18-169881,BOAMP,SIREN:535164412,45.0,Unknown,2018-12-06,35.0,0,72.83,72.83,,,,PROCEDURE_ADAPTE,TRAVAUX,False,2021-11-05,publication_date,none,,,,,,0,0,0,,,,0,False,False,broad,calibrated_broad,1
BOAMP:18-170789,BOAMP,NAME:ctre hosp universitaire angers,32.0,Telecom & Networks,2019-04-19,48.0,0,68.43,68.43,,,,OUVERT,SERVICES,False,2023-04-19,attribution_award_date,none,,,,,,0,0,0,,,,0,False,False,broad,calibrated_broad,1
BOAMP:18-171623,BOAMP,NAME:le mans,32.0,Telecom & Networks,2018-12-10,48.0,0,72.7,72.7,,,,PROCEDURE_ADAPTE,,True,2022-12-10,publication_date,none,,,,,,0,0,0,,,,0,False,False,broad,calibrated_broad,1
BOAMP:18-173792,BOAMP,SIREN:254901309,48.0,Software & Applications,2018-12-13,48.0,0,72.6,72.6,,,,PROCEDURE_ADAPTE,,True,2022-12-13,publication_date,none,,,,,,0,0,0,,,,0,False,False,broad,calibrated_broad,1
BOAMP:18-173960,BOAMP,NAME:cnieg,72.0,IT Services & Consulting,2018-12-15,24.0,1,21.22,,21.22,BOAMP:20-64610,,OUVERT,SERVICES,False,2020-12-14,publication_date,calibrated_rule,0.5076,0.5007,0.2,True,0.5367,0,0,0,0.5076,,,1,True,False,broad,calibrated_broad,0
BOAMP:18-174875,BOAMP,NAME:nantes metropole,72.0,IT Services & Consulting,2018-12-18,48.0,1,50.85,,50.85,BOAMP:23-34854,,PROCEDURE_ADAPTE,SERVICES,False,2022-12-18,publication_date,calibrated_rule,0.6416,0.8415,0.2,True,0.525,0,0,0,0.6416,0.5728,0.0688,13,False,False,broad,calibrated_broad,0
BOAMP:18-177619,BOAMP,NAME:ville du mans,72.0,IT Services & Consulting,2019-02-27,9.0,0,70.11,70.11,,,,PROCEDURE_ADAPTE,SERVICES,False,2019-11-27,attribution_award_date,none,,,,,,0,0,0,,,,0,False,False,broad,calibrated_broad,1
BOAMP:18-175843,BOAMP,NAME:gie des epl de vendee,72.0,IT Services & Consulting,2019-03-20,12.0,0,69.42,69.42,,,,OUVERT,SERVICES,False,2020-03-19,attribution_award_date,none,,,,,,0,0,0,,,,0,False,False,broad,calibrated_broad,1
BOAMP:18-177187,BOAMP,NAME:gie des epl de vendee,72.0,IT Services & Consulting,2019-06-12,12.0,0,66.66,66.66,,,,OUVERT,SERVICES,False,2020-06-11,attribution_award_date,none,,,,,,0,0,0,,,,0,False,False,broad,calibrated_broad,1
BOAMP:18-177300,BOAMP,SIREN:214401317,51.0,Unknown,2018-12-22,24.0,0,72.31,72.31,,,,OUVERT,SERVICES,False,2020-12-21,publication_date,none,,,,,,0,0,0,,,,0,False,False,broad,calibrated_broad,1
BOAMP:18-179065,BOAMP,NAME:agce pour l enst fr a l etranger,72.0,IT Services & Consulting,2019-03-25,48.0,0,69.25,69.25,,,800000.0,OUVERT,FOURNITURES,False,2023-03-25,attribution_award_date,none,,,,,,0,0,0,,,,0,False,False,broad,calibrated_broad,1
BOAMP:18-180161,BOAMP,NAME:ctre hosp universitaire angers,32.0,Telecom & Networks,2019-03-08,12.0,1,15.08,,15.08,BOAMP:20-6008,,OUVERT,FOURNITURES,False,2020-03-07,attribution_award_date,calibrated_rule,0.4769,0.574,0.0,True,0.4867,0,0,0,0.4769,,,1,True,False,broad,calibrated_broad,0
BOAMP:18-173397,BOAMP,NAME:syndicat trivalis,,Data & AI,2018-12-26,48.0,0,72.17,72.17,,,,PROCEDURE_ADAPTE,TRAVAUX,True,2022-12-26,publication_date,none,,,,,,0,0,0,,,,0,False,False,broad,calibrated_broad,1
BOAMP:19-3707,BOAMP,NAME:le mans,48.0,Software & Applications,2019-01-09,36.0,1,37.98,,37.98,BOAMP:21-139293,,PROCEDURE_ADAPTE,FOURNITURES,False,2022-01-08,publication_date,calibrated_rule,0.5969,0.6573,0.2,True,0.67,0,0,0,0.5969,0.5832,0.0137,5,False,False,broad,calibrated_broad,0
BOAMP:19-1779,BOAMP,SIREN:234400034,72.0,Digital Workplace & Collaboration,2019-05-14,12.0,0,67.61,67.61,,,,OUVERT,SERVICES,False,2020-05-13,attribution_award_date,none,,,,,,0,0,0,,,,0,False,False,broad,calibrated_broad,1
BOAMP:19-3078,BOAMP,SIREN:200083392,45.0,Unknown,2019-01-10,22.0,1,17.21,,17.21,BOAMP:20-76288,,OUVERT,TRAVAUX,False,2020-11-09,publication_date,calibrated_rule,0.4589,0.6715,0.0,True,0.2017,0,0,0,0.4589,,,1,True,False,broad,calibrated_broad,0
BOAMP:19-2530,BOAMP,NAME:ctre national d enst a distance,72.0,Cybersecurity,2019-01-10,12.0,0,71.68,71.68,,,,OUVERT,SERVICES,False,2020-01-10,publication_date,none,,,,,,0,0,0,,,,0,False,False,broad,calibrated_broad,1
BOAMP:19-8964,BOAMP,SIREN:227200029,72.0,IT Services & Consulting,2019-01-17,48.0,1,44.51,,44.51,BOAMP:22-77622,,PROCEDURE_ADAPTE,SERVICES,True,2023-01-17,publication_date,calibrated_rule,0.542,0.6458,0.2,True,0.4183,0,0,0,0.542,0.4636,0.0784,3,False,False,broad,calibrated_broad,0
BOAMP:19-8916,BOAMP,SIREN:244900015,48.0,Software & Applications,2019-01-17,12.0,0,71.45,71.45,,,208999.0,PROCEDURE_ADAPTE,SERVICES,False,2020-01-17,publication_date,none,,,,,,0,0,0,,,,0,False,False,broad,calibrated_broad,1
BOAMP:19-9782,BOAMP,NAME:com d agglo reg nazairienne estuaire,72.0,IT Services & Consulting,2019-01-18,12.0,1,8.05,,8.05,BOAMP:19-88976,,PROCEDURE_ADAPTE,SERVICES,False,2020-01-18,publication_date,calibrated_rule,0.4006,0.4556,0.0,True,0.3417,0,0,0,0.4006,,,1,True,False,broad,calibrated_broad,0
BOAMP:19-7404,BOAMP,SIREN:130001704,72.0,IT Services & Consulting,2020-06-04,12.0,0,54.89,54.89,,,,OUVERT,FOURNITURES,False,2021-06-04,attribution_award_date,none,,,,,,0,0,0,,,,0,False,False,broad,calibrated_broad,1
BOAMP:19-8820,BOAMP,NAME:agce pour l enst fr a l etranger,72.0,IT Services & Consulting,2019-06-25,24.0,0,66.23,66.23,,,350000.0,RESTREINT,SERVICES,False,2021-06-24,attribution_award_date,none,,,,,,0,0,0,,,,0,False,False,broad,calibrated_broad,1
BOAMP:19-10579,BOAMP,SIREN:532458809,35.0,Cybersecurity,2019-01-21,48.0,1,42.41,,42.41,BOAMP:22-72719,208000.0,PROCEDURE_ADAPTE,FOURNITURES,False,2023-01-21,publication_date,calibrated_rule,0.401,0.4683,0.2,True,0.0683,0,0,0,0.401,0.3964,0.0046,2,False,False,broad,calibrated_broad,0
BOAMP:19-10428,BOAMP,SIREN:228500013,35.0,Cybersecurity,2019-05-16,12.0,1,16.16,,16.16,BOAMP:20-70265,,OUVERT,FOURNITURES,False,2020-05-15,attribution_award_date,calibrated_rule,0.6338,0.4311,1.0,True,0.3067,0,0,0,0.6338,,,1,True,False,broad,calibrated_broad,0
BOAMP:19-12872,BOAMP,NAME:communaute d agglomeration du niortais,48.0,Software & Applications,2019-01-24,48.0,0,71.22,71.22,,,,PROCEDURE_ADAPTE,SERVICES,False,2023-01-24,publication_date,none,,,,,,0,0,0,,,,0,False,False,broad,calibrated_broad,1
BOAMP:19-13483,BOAMP,NAME:oniris,48.0,Software & Applications,2020-04-02,8.0,0,56.96,56.96,,,,DIALOGUE_COMPETITIF,SERVICES,False,2020-12-01,attribution_award_date,none,,,,,,0,0,0,,,,0,False,False,broad,calibrated_broad,1
BOAMP:19-16528,BOAMP,NAME:cdc du pays de saint gilles cx de vie,71.0,Unknown,2019-01-31,36.0,0,70.99,70.99,,,,PROCEDURE_ADAPTE,,False,2022-01-30,publication_date,none,,,,,,0,0,0,,,,0,False,False,broad,calibrated_broad,1
BOAMP:19-15670,BOAMP,NAME:ctre hosp universitaire angers,72.0,IT Services & Consulting,2019-07-30,48.0,1,45.2,,45.2,BOAMP:23-61217,,OUVERT,SERVICES,False,2023-07-30,attribution_award_date,calibrated_rule,0.4744,0.4194,0.2,True,0.5333,0,0,0,0.4744,0.4598,0.0147,2,False,False,broad,calibrated_broad,0
BOAMP:19-16942,BOAMP,NAME:nantes metropole,72.0,IT Services & Consulting,2019-04-29,48.0,1,46.58,,46.58,BOAMP:23-34705,,OUVERT,SERVICES,False,2023-04-29,attribution_award_date,calibrated_rule,0.5352,0.4564,0.2,True,0.7633,0,0,0,0.5352,0.476,0.0592,2,False,False,broad,calibrated_broad,0
BOAMP:19-17531,BOAMP,SIREN:409104007,32.0,Telecom & Networks,2019-05-09,6.0,0,67.77,67.77,,,,OUVERT,FOURNITURES,False,2019-11-07,attribution_award_date,none,,,,,,0,0,0,,,,0,False,False,broad,calibrated_broad,1
BOAMP:19-17058,BOAMP,SIREN:234400034,72.0,IT Services & Consulting,2019-05-24,12.0,0,67.28,67.28,,,,OUVERT,SERVICES,False,2020-05-23,attribution_award_date,none,,,,,,0,0,0,,,,0,False,False,broad,calibrated_broad,1
BOAMP:19-15197,BOAMP,NAME:syndicat trivalis,,Unknown,2019-02-04,48.0,0,70.86,70.86,,,,PROCEDURE_ADAPTE,TRAVAUX,True,2023-02-04,publication_date,none,,,,,,0,0,0,,,,0,False,False,broad,calibrated_broad,1
BOAMP:19-18202,BOAMP,SIREN:219300779,35.0,Cybersecurity,2019-02-04,48.0,0,70.86,70.86,,,,PROCEDURE_ADAPTE,SERVICES|FOURNITURES,False,2023-02-04,publication_date,none,,,,,,0,0,0,,,,0,False,False,broad,calibrated_broad,1
BOAMP:19-18263,BOAMP,SIREN:227200029,72.0,IT Services & Consulting,2019-07-30,12.0,1,6.41,,6.41,BOAMP:19-146419,,NEGOCIE,SERVICES,False,2020-07-29,attribution_award_date,calibrated_rule,0.4035,0.5997,0.0,True,0.0683,0,0,0,0.4035,,,1,True,False,broad,calibrated_broad,0
BOAMP:19-17307,BOAMP,SIREN:214401093,44.0,Unknown,2019-02-06,48.0,0,70.8,70.8,,,,OUVERT,FOURNITURES,False,2023-02-06,publication_date,none,,,,,,0,0,0,,,,0,False,False,broad,calibrated_broad,1
BOAMP:19-21370,BOAMP,NAME:esat foyers,48.0,Cloud & Infrastructure,2019-02-08,60.0,0,70.73,70.73,,,,PROCEDURE_ADAPTE,FOURNITURES,False,2024-02-08,publication_date,none,,,,,,0,0,0,,,,0,False,False,broad,calibrated_broad,1
BOAMP:19-21081,BOAMP,SIREN:214900201,32.0,Telecom & Networks,2019-03-27,24.0,0,69.19,69.19,,,465000.0,OUVERT,FOURNITURES,False,2021-03-26,attribution_award_date,none,,,,,,0,0,0,,,,0,False,False,broad,calibrated_broad,1
BOAMP:19-22390,BOAMP,NAME:agrocampus ouest,48.0,Software & Applications,2019-05-21,24.0,0,67.38,67.38,,,140000.0,OUVERT,SERVICES,False,2021-05-20,attribution_award_date,none,,,,,,0,0,0,,,,0,False,False,broad,calibrated_broad,1
BOAMP:19-22007,BOAMP,NAME:smictom de la vallee de l authion,45.0,Unknown,2019-02-13,9.0,0,70.57,70.57,,,,OUVERT,TRAVAUX,False,2019-11-13,publication_date,none,,,,,,0,0,0,,,,0,False,False,broad,calibrated_broad,1
BOAMP:19-21908,BOAMP,SIREN:935367433,35.0,Cybersecurity,2019-02-13,12.0,1,16.26,,16.26,BOAMP:19-54309,2400000.0,RESTREINT,FOURNITURES,False,2020-02-13,publication_date,calibrated_rule,0.4132,0.5129,0.0,True,0.29,0,0,0,0.4132,,,1,True,False,broad,calibrated_broad,0
BOAMP:19-27651,BOAMP,NAME:comm comm de doue la fontaine,48.0,Software & Applications,2019-02-20,48.0,0,70.34,70.34,,,,PROCEDURE_ADAPTE,FOURNITURES,True,2023-02-20,publication_date,none,,,,,,0,0,0,,,,0,False,False,broad,calibrated_broad,1
BOAMP:19-28845,BOAMP,SIREN:225300011,72.0,Digital Workplace & Collaboration,2019-02-21,48.0,1,45.57,,45.57,BOAMP:22-162095,,PROCEDURE_ADAPTE,SERVICES,False,2023-02-21,publication_date,calibrated_rule,0.5511,0.4552,0.4,True,0.595,0,0,0,0.5511,0.5291,0.022,2,False,False,broad,calibrated_broad,0
BOAMP:19-33752,BOAMP,NAME:chbr reg metiers artisanat nouv aquit,72.0,IT Services & Consulting,2019-03-01,48.0,0,70.04,70.04,,,,OUVERT,SERVICES,True,2023-03-01,publication_date,none,,,,,,0,0,0,,,,0,False,False,broad,calibrated_broad,1
BOAMP:19-32405,BOAMP,SIREN:234400034,35.0,Cybersecurity,2019-06-27,12.0,0,66.16,66.16,,,,OUVERT,SERVICES,False,2020-06-26,attribution_award_date,none,,,,,,0,0,0,,,,0,False,False,broad,calibrated_broad,1
BOAMP:19-34598,BOAMP,NAME:gpm de nantes st nazaire,72.0,IT Services & Consulting,2019-03-05,48.0,1,48.85,,48.85,BOAMP:23-42045,,PROCEDURE_ADAPTE,SERVICES,True,2023-03-05,publication_date,calibrated_rule,0.5389,0.5431,0.0,True,0.8583,0,0,0,0.5389,0.5051,0.0338,2,False,False,broad,calibrated_broad,0
BOAMP:19-34512,BOAMP,SIREN:110006012,32.0,Telecom & Networks,2019-03-06,6.0,0,69.88,69.88,,,,OUVERT,SERVICES,False,2019-09-04,publication_date,none,,,,,,0,0,0,,,,0,False,False,broad,calibrated_broad,1
BOAMP:19-35566,BOAMP,SIREN:244900015,72.0,IT Services & Consulting,2019-03-07,48.0,0,69.84,69.84,,,,PROCEDURE_ADAPTE,SERVICES,True,2023-03-07,publication_date,none,,,,,,0,0,0,,,,0,False,False,broad,calibrated_broad,1
BOAMP:19-35540,BOAMP,SIREN:224900019,72.0,Cybersecurity,2019-07-03,30.0,0,65.97,65.97,,,,OUVERT,SERVICES,False,2022-01-01,attribution_award_date,none,,,,,,0,0,0,,,,0,False,False,broad,calibrated_broad,1
BOAMP:19-37169,BOAMP,NAME:ctre hosp universitaire angers,32.0,Telecom & Networks,2019-05-01,12.0,1,13.3,,13.3,BOAMP:20-6008,,OUVERT,FOURNITURES,False,2020-04-30,attribution_award_date,calibrated_rule,0.5345,0.5695,0.0,True,0.7833,0,0,0,0.5345,,,1,True,False,broad,calibrated_broad,0
BOAMP:19-36958,BOAMP,NAME:nantes metropole,72.0,Cybersecurity,2019-05-29,48.0,1,47.17,,47.17,BOAMP:23-60788,,OUVERT,SERVICES,False,2023-05-29,attribution_award_date,calibrated_rule,0.6097,0.4683,0.4,True,0.8617,0,0,0,0.6097,0.5639,0.0457,10,False,False,broad,calibrated_broad,0
BOAMP:19-39464,BOAMP,NAME:universite du maine,64.0,Cybersecurity,2019-06-19,12.0,0,66.43,66.43,,,,OUVERT,SERVICES,False,2020-06-18,attribution_award_date,none,,,,,,0,0,0,,,,0,False,False,broad,calibrated_broad,1
BOAMP:19-39750,BOAMP,NAME:gpm de nantes st nazaire,32.0,Telecom & Networks,2019-11-05,48.0,0,61.86,61.86,,,,NEGOCIE,FOURNITURES,True,2023-11-05,attribution_award_date,none,,,,,,0,0,0,,,,0,False,False,broad,calibrated_broad,1
BOAMP:19-41115,BOAMP,SIREN:234400034,31.0,Unknown,2019-06-11,24.0,1,22.63,,22.63,BOAMP:21-57207,100000.0,OUVERT,SERVICES,False,2021-06-10,attribution_award_date,calibrated_rule,0.5878,0.7086,0.0,True,0.7717,0,0,0,0.5878,0.495,0.0928,3,False,False,broad,calibrated_broad,0
BOAMP:19-43213,BOAMP,NAME:ctre hosp universitaire angers,72.0,IT Services & Consulting,2019-03-20,48.0,1,49.05,,49.05,BOAMP:23-22379,,PROCEDURE_ADAPTE,SERVICES,True,2023-03-20,publication_date,calibrated_rule,0.5046,0.474,0.0,True,0.825,0,0,0,0.5046,,,1,True,False,broad,calibrated_broad,0
BOAMP:19-46630,BOAMP,NAME:le mans,35.0,Cybersecurity,2019-03-25,18.0,1,18.73,,18.73,BOAMP:20-70746,,PROCEDURE_ADAPTE,TRAVAUX,False,2020-09-22,publication_date,calibrated_rule,0.5472,0.5538,0.0,True,0.8783,0,0,0,0.5472,0.4948,0.0523,4,False,False,broad,calibrated_broad,0
BOAMP:19-47604,BOAMP,NAME:sgami ouest bzamp,45.0,Telecom & Networks,2019-03-26,12.0,0,69.22,69.22,,,,PROCEDURE_ADAPTE,TRAVAUX,False,2020-03-25,publication_date,none,,,,,,0,0,0,,,,0,False,False,broad,calibrated_broad,1
BOAMP:19-48376,BOAMP,NAME:gpm de nantes st nazaire,32.0,Telecom & Networks,2019-08-12,48.0,0,64.65,64.65,,,,OUVERT,SERVICES,False,2023-08-12,attribution_award_date,none,,,,,,0,0,0,,,,0,False,False,broad,calibrated_broad,1
BOAMP:19-51014,BOAMP,SIREN:110006012,32.0,IT Hardware & Equipment,2019-03-29,12.0,0,69.12,69.12,,,90000.0,PROCEDURE_ADAPTE,FOURNITURES,False,2020-03-28,publication_date,none,,,,,,0,0,0,,,,0,False,False,broad,calibrated_broad,1
BOAMP:19-50622,BOAMP,NAME:iphv les hauts thebaudieres,72.0,IT Services & Consulting,2019-03-29,48.0,0,69.12,69.12,,,,PROCEDURE_ADAPTE,SERVICES,True,2023-03-29,publication_date,none,,,,,,0,0,0,,,,0,False,False,broad,calibrated_broad,1
BOAMP:19-49300,BOAMP,SIREN:214900995,32.0,Telecom & Networks,2019-07-08,24.0,0,65.8,65.8,,,400000.0,OUVERT,FOURNITURES,False,2021-07-07,attribution_award_date,none,,,,,,0,0,0,,,,0,False,False,broad,calibrated_broad,1
BOAMP:19-50035,BOAMP,NAME:rennes 1,32.0,IT Hardware & Equipment,2019-03-30,12.0,0,69.09,69.09,,,300000.0,OUVERT,FOURNITURES,False,2020-03-29,publication_date,none,,,,,,0,0,0,,,,0,False,False,broad,calibrated_broad,1
BOAMP:19-51024,BOAMP,NAME:ville d ancenis saint gereon,35.0,Cybersecurity,2019-07-11,48.0,0,65.7,65.7,,,,OUVERT,FOURNITURES,True,2023-07-11,attribution_award_date,none,,,,,,0,0,0,,,,0,False,False,broad,calibrated_broad,1
BOAMP:19-51224,BOAMP,SIREN:391722881,48.0,Software & Applications,2020-03-03,36.0,1,35.38,,35.38,BOAMP:22-40191,,RESTREINT,FOURNITURES,False,2023-03-03,attribution_award_date,calibrated_rule,0.495,0.4142,0.0,True,0.8967,0,0,0,0.495,,,1,True,False,broad,calibrated_broad,0
BOAMP:19-51855,BOAMP,SIREN:228500013,39.0,Cybersecurity,2019-04-01,12.0,1,17.64,,17.64,BOAMP:20-70265,,OUVERT,FOURNITURES,False,2020-03-31,publication_date,calibrated_rule,0.349,0.4674,0.0,True,0.06,0,0,0,0.349,,,1,True,False,broad,calibrated_broad,0
BOAMP:19-52455,BOAMP,NAME:ars pays de la loire,48.0,Cloud & Infrastructure,2019-05-22,12.0,0,67.35,67.35,,,,OUVERT,SERVICES,False,2020-05-21,attribution_award_date,none,,,,,,0,0,0,,,,0,False,False,broad,calibrated_broad,1
BOAMP:19-48030,BOAMP,SIREN:224900019,72.0,IT Services & Consulting,2019-07-02,48.0,1,47.01,,47.01,BOAMP:23-43054,2000000.0,OUVERT,FOURNITURES,False,2023-07-02,attribution_award_date,calibrated_rule,0.9615,0.9863,1.0,True,0.835,0,0,0,0.9615,,,1,True,False,broad,calibrated_broad,0
BOAMP:19-53794,BOAMP,SIREN:224900019,48.0,Software & Applications,2019-04-05,48.0,1,51.71,,51.71,BOAMP:23-106776,,PROCEDURE_ADAPTE,FOURNITURES,True,2023-04-05,publication_date,calibrated_rule,0.4698,0.4837,0.2,True,0.3817,0,0,0,0.4698,0.4517,0.0181,2,False,False,broad,calibrated_broad,0
BOAMP:19-56150,BOAMP,SIREN:234400034,48.0,Software & Applications,2019-04-10,48.0,1,46.12,,46.12,BOAMP:23-20260,,OUVERT,FOURNITURES,False,2023-04-10,publication_date,calibrated_rule,0.4596,0.4306,0.0,True,0.6867,0,0,0,0.4596,0.4128,0.0467,2,False,False,broad,calibrated_broad,0
BOAMP:19-55808,BOAMP,SIREN:538208455,72.0,IT Services & Consulting,2019-06-19,48.0,1,49.28,,49.28,BOAMP:23-106736,400000.0,OUVERT,SERVICES,False,2023-06-19,attribution_award_date,calibrated_rule,0.608,0.5017,0.4,True,0.7867,0,0,0,0.608,0.4702,0.1378,2,False,False,broad,calibrated_broad,0
BOAMP:19-56876,BOAMP,SIREN:935367433,45.0,Unknown,2019-04-11,24.0,0,68.69,68.69,,,,OUVERT,TRAVAUX,False,2021-04-10,publication_date,none,,,,,,0,0,0,,,,0,False,False,broad,calibrated_broad,1
BOAMP:19-55110,BOAMP,NAME:nantes metropole,48.0,Software & Applications,2019-04-11,48.0,1,48.75,,48.75,BOAMP:23-60788,,PROCEDURE_ADAPTE,SERVICES,True,2023-04-11,publication_date,calibrated_rule,0.725,1.0,0.0,True,0.875,0,0,0,0.725,0.5789,0.1461,14,False,True,broad,calibrated_broad,0
BOAMP:19-62635,BOAMP,SIREN:218501914,50.0,Cybersecurity,2019-10-18,48.0,0,62.45,62.45,,,600000.0,NEGOCIE,SERVICES,False,2023-10-18,attribution_award_date,none,,,,,,0,0,0,,,,0,False,False,broad,calibrated_broad,1
BOAMP:19-64938,BOAMP,SIREN:214900995,32.0,Telecom & Networks,2019-04-24,48.0,1,48.55,,48.55,BOAMP:23-24020,,PROCEDURE_ADAPTE,FOURNITURES,False,2023-04-24,publication_date,calibrated_rule,0.5292,0.4939,0.0,True,0.9083,0,0,0,0.5292,,,1,True,False,broad,calibrated_broad,0
BOAMP:19-54309,BOAMP,SIREN:935367433,32.0,Telecom & Networks,2020-06-22,48.0,1,50.79,,50.79,BOAMP:24-104541,,,SERVICES,True,2024-06-22,attribution_award_date,calibrated_rule,0.5061,0.6227,0.0,True,0.535,0,0,1,0.5061,0.4997,0.0064,6,False,False,broad,calibrated_broad,0
BOAMP:19-66871,BOAMP,NAME:communes de grand lieu,72.0,IT Services & Consulting,2019-04-26,48.0,0,68.2,68.2,,,,PROCEDURE_ADAPTE,SERVICES,False,2023-04-26,publication_date,none,,,,,,0,0,0,,,,0,False,False,broad,calibrated_broad,1
BOAMP:19-66602,BOAMP,NAME:ctre hosp universitaire angers,48.0,Software & Applications,2019-04-26,48.0,0,68.2,68.2,,,,PROCEDURE_ADAPTE,SERVICES|FOURNITURES,True,2023-04-26,publication_date,none,,,,,,0,0,0,,,,0,False,False,broad,calibrated_broad,1
BOAMP:19-69736,BOAMP,NAME:nantes metropole,32.0,Telecom & Networks,2019-05-05,48.0,1,47.8,,47.8,BOAMP:23-58292,,OUVERT,FOURNITURES,True,2023-05-05,publication_date,calibrated_rule,0.5525,0.5228,0.0,True,0.9667,0,0,0,0.5525,0.5025,0.0499,6,False,False,broad,calibrated_broad,0
BOAMP:19-70735,BOAMP,SIREN:227200029,30.0,IT Hardware & Equipment,2019-08-02,48.0,1,50.1,,50.1,BOAMP:23-137663,,OUVERT,FOURNITURES,True,2023-08-02,attribution_award_date,calibrated_rule,0.7643,0.9608,0.4,True,0.65,0,0,0,0.7643,0.4735,0.2908,3,False,True,broad,calibrated_broad,0
BOAMP:19-71182,BOAMP,NAME:dir ouest,32.0,Telecom & Networks,2019-10-03,48.0,1,48.46,,48.46,BOAMP:23-73840,240000.0,OUVERT,SERVICES,False,2023-10-03,attribution_award_date,calibrated_rule,0.709,0.9359,0.0,True,0.9233,0,0,0,0.709,,,1,True,False,broad,calibrated_broad,0
BOAMP:19-67059,BOAMP,NAME:nantes metropole,48.0,Software & Applications,2019-05-08,48.0,1,46.22,,46.22,BOAMP:23-34854,,DIALOGUE_COMPETITIF,FOURNITURES,False,2023-05-08,publication_date,calibrated_rule,0.5951,0.7611,0.0,True,0.7033,0,0,0,0.5951,0.539,0.0561,10,False,False,broad,calibrated_broad,0
BOAMP:19-71679,BOAMP,SIREN:227200029,64.0,Digital Workplace & Collaboration,2019-08-02,48.0,1,50.1,,50.1,BOAMP:23-137663,,OUVERT,SERVICES,False,2023-08-02,attribution_award_date,calibrated_rule,0.5033,0.5583,0.0,True,0.65,0,0,0,0.5033,0.4707,0.0326,2,False,False,broad,calibrated_broad,0
BOAMP:19-73211,BOAMP,SIREN:218502888,48.0,Software & Applications,2019-05-09,60.0,0,67.77,67.77,,,,PROCEDURE_ADAPTE,FOURNITURES,False,2024-05-08,publication_date,none,,,,,,0,0,0,,,,0,False,False,broad,calibrated_broad,1
BOAMP:19-75615,BOAMP,SIREN:284400017,72.0,IT Maintenance & Support,2019-05-14,48.0,0,67.61,67.61,,,,PROCEDURE_ADAPTE,SERVICES,True,2023-05-14,publication_date,none,,,,,,0,0,0,,,,0,False,False,broad,calibrated_broad,1
BOAMP:19-75795,BOAMP,SIREN:258500222,72.0,Cybersecurity,2019-05-15,48.0,1,44.42,,44.42,BOAMP:23-12403,,PROCEDURE_ADAPTE,SERVICES,True,2023-05-15,publication_date,calibrated_rule,0.5127,0.705,0.0,True,0.4033,0,1,0,0.5127,,,1,True,False,broad,calibrated_broad,0
BOAMP:19-74485,BOAMP,NAME:nantes metropole,72.0,IT Services & Consulting,2019-08-01,48.0,1,49.93,,49.93,BOAMP:23-37068,,OUVERT,SERVICES,False,2023-08-01,attribution_award_date,calibrated_rule,0.8553,0.7992,1.0,True,0.6783,0,0,0,0.8553,0.4872,0.3681,2,False,True,broad,calibrated_broad,0
BOAMP:19-78493,BOAMP,NAME:ctre hosp universitaire angers,32.0,Telecom & Networks,2019-05-20,48.0,1,47.04,,47.04,BOAMP:23-22379,,PROCEDURE_ADAPTE,FOURNITURES,True,2023-05-20,publication_date,calibrated_rule,0.5633,0.4883,0.2,True,0.84,0,0,0,0.5633,0.4869,0.0764,2,False,False,broad,calibrated_broad,0
BOAMP:19-78854,BOAMP,NAME:vendee habitat oph de vendee,64.0,Digital Workplace & Collaboration,2019-08-06,12.0,0,64.85,64.85,,,143000.0,OUVERT,SERVICES,False,2020-08-05,attribution_award_date,none,,,,,,0,0,0,,,,0,False,False,broad,calibrated_broad,1
BOAMP:19-80774,BOAMP,NAME:ville du mans,,Unknown,2019-05-23,24.0,1,26.12,,26.12,BOAMP:21-103746,7500.0,PROCEDURE_ADAPTE,FOURNITURES,False,2021-05-22,publication_date,calibrated_rule,0.8505,0.8963,,False,0.6467,0,0,0,0.8505,,,1,True,False,broad,calibrated_broad,0
BOAMP:19-80016,BOAMP,NAME:universite du maine,32.0,Telecom & Networks,2019-10-10,24.0,0,62.71,62.71,,,850000.0,OUVERT,FOURNITURES,False,2021-10-09,attribution_award_date,none,,,,,,0,0,0,,,,0,False,False,broad,calibrated_broad,1
BOAMP:19-81470,BOAMP,SIREN:935367433,32.0,Telecom & Networks,2019-05-24,12.0,0,67.28,67.28,,,220000.0,PROCEDURE_ADAPTE,SERVICES,False,2020-05-23,publication_date,none,,,,,,0,0,0,,,,0,False,False,broad,calibrated_broad,1
BOAMP:19-82021,BOAMP,SIREN:194909701,45.0,Cloud & Infrastructure,2019-05-24,11.0,1,15.37,,15.37,BOAMP:20-47300,,PROCEDURE_ADAPTE,TRAVAUX,False,2020-04-22,publication_date,calibrated_rule,0.3741,0.4245,0.0,True,0.2717,0,0,0,0.3741,,,1,True,False,broad,calibrated_broad,0
BOAMP:19-80203,BOAMP,SIREN:130029747,32.0,Telecom & Networks,2019-05-24,48.0,1,47.27,,47.27,BOAMP:23-59845,,OUVERT,SERVICES,False,2023-05-24,publication_date,calibrated_rule,0.5238,0.4954,0.0,True,0.8783,0,0,0,0.5238,0.5194,0.0044,2,False,False,broad,calibrated_broad,0
BOAMP:19-79147,BOAMP,SIREN:248500589,45.0,Unknown,2019-05-26,19.0,0,67.21,67.21,,,,OUVERT,TRAVAUX,False,2020-12-24,publication_date,none,,,,,,0,0,0,,,,0,False,False,broad,calibrated_broad,1
BOAMP:19-85688,BOAMP,SIREN:244900015,72.0,IT Services & Consulting,2019-12-09,24.0,1,27.96,,27.96,BOAMP:22-42168,1200000.0,OUVERT,SERVICES,False,2021-12-08,attribution_award_date,calibrated_rule,0.4502,0.4555,0.2,True,0.34,0,0,0,0.4502,,,1,True,False,broad,calibrated_broad,0
BOAMP:19-87143,BOAMP,SIREN:214401432,,Software & Applications,2019-06-05,48.0,0,66.89,66.89,,,,PROCEDURE_ADAPTE,FOURNITURES,False,2023-06-05,publication_date,none,,,,,,0,0,0,,,,0,False,False,broad,calibrated_broad,1
BOAMP:19-87510,BOAMP,NAME:gpm de nantes st nazaire,48.0,Software & Applications,2019-06-06,48.0,1,45.8,,45.8,BOAMP:23-42045,,PROCEDURE_ADAPTE,FOURNITURES,True,2023-06-06,publication_date,calibrated_rule,0.5322,0.5139,0.2,True,0.6333,0,0,0,0.5322,,,1,True,False,broad,calibrated_broad,0
BOAMP:19-87023,BOAMP,NAME:sec gal pour l adm min interieur ouest,45.0,Unknown,2019-12-16,34.0,0,60.51,60.51,,,,OUVERT,TRAVAUX,False,2022-10-15,attribution_award_date,none,,,,,,0,0,0,,,,0,False,False,broad,calibrated_broad,1
BOAMP:19-88976,BOAMP,NAME:com d agglo reg nazairienne estuaire,35.0,Cybersecurity,2019-09-20,5.0,0,63.37,63.37,,,,OUVERT,FOURNITURES,False,2020-02-19,attribution_award_date,none,,,,,,0,0,0,,,,0,False,False,broad,calibrated_broad,1
BOAMP:19-91357,BOAMP,SIREN:200056679,45.0,Data & AI,2019-06-14,11.0,0,66.59,66.59,,,,PROCEDURE_ADAPTE,TRAVAUX,False,2020-05-13,publication_date,none,,,,,,0,0,0,,,,0,False,False,broad,calibrated_broad,1
BOAMP:19-90615,BOAMP,SIREN:214401846,50.0,Telecom & Networks,2019-06-14,48.0,0,66.59,66.59,,,,OUVERT,SERVICES,False,2023-06-14,publication_date,none,,,,,,0,0,0,,,,0,False,False,broad,calibrated_broad,1
BOAMP:19-91082,BOAMP,SIREN:224900019,32.0,Telecom & Networks,2019-06-16,12.0,1,6.14,,6.14,BOAMP:19-185581,60000.0,OUVERT,FOURNITURES,False,2020-06-15,publication_date,calibrated_rule,0.7396,1.0,,False,0.0233,0,0,0,0.7396,,,1,True,False,broad,calibrated_broad,0
BOAMP:19-93739,BOAMP,NAME:communaute d agglomeration du niortais,48.0,Software & Applications,2019-06-20,48.0,0,66.39,66.39,,,,NEGOCIE,FOURNITURES,False,2023-06-20,publication_date,none,,,,,,0,0,0,,,,0,False,False,broad,calibrated_broad,1
BOAMP:19-95263,BOAMP,SIREN:217200955,72.0,IT Services & Consulting,2019-06-20,48.0,0,66.39,66.39,,,,PROCEDURE_ADAPTE,SERVICES,True,2023-06-20,publication_date,none,,,,,,0,0,0,,,,0,False,False,broad,calibrated_broad,1
BOAMP:19-92498,BOAMP,NAME:nantes metropole,48.0,Software & Applications,2019-06-21,60.0,1,61.37,,61.37,BOAMP:24-90280,500000.0,NEGOCIE,SERVICES,False,2024-06-20,publication_date,calibrated_rule,0.5102,0.5147,0.0,True,0.7717,0,0,0,0.5102,0.5089,0.0013,6,False,False,broad,calibrated_broad,0
BOAMP:19-97686,BOAMP,NAME:synd dep d energie et d eqpt de vendee,48.0,Software & Applications,2020-02-10,48.0,0,58.67,58.67,,,230000.0,NEGOCIE,SERVICES,False,2024-02-10,attribution_award_date,none,,,,,,0,0,0,,,,0,False,False,broad,calibrated_broad,1
BOAMP:19-99589,BOAMP,SIREN:200052702,72.0,IT Services & Consulting,2019-09-24,48.0,1,45.57,,45.57,BOAMP:23-97071,,OUVERT,SERVICES,False,2023-09-24,attribution_award_date,calibrated_rule,0.442,0.4325,0.0,True,0.595,0,0,0,0.442,,,1,True,False,broad,calibrated_broad,0
BOAMP:19-100067,BOAMP,NAME:sec gal pour l adm min interieur ouest,,Unknown,2019-06-30,48.0,0,66.06,66.06,,,300000.0,OUVERT,FOURNITURES,True,2023-06-30,publication_date,none,,,,,,0,0,0,,,,0,False,False,broad,calibrated_broad,1
BOAMP:19-99928,BOAMP,NAME:sec gal pour l adm min interieur ouest,,Unknown,2019-06-30,10.0,0,66.06,66.06,,,,PROCEDURE_ADAPTE,TRAVAUX,False,2020-04-29,publication_date,none,,,,,,0,0,0,,,,0,False,False,broad,calibrated_broad,1
BOAMP:19-103125,BOAMP,NAME:cnieg,72.0,IT Services & Consulting,2019-07-04,12.0,1,10.71,,10.71,BOAMP:20-6485,,PROCEDURE_ADAPTE,SERVICES,False,2020-07-03,publication_date,calibrated_rule,0.5778,0.552,0.2,True,0.785,0,0,0,0.5778,0.5504,0.0274,2,False,False,broad,calibrated_broad,0
BOAMP:19-103833,BOAMP,SIREN:244400404,48.0,Software & Applications,2019-07-05,4.0,0,65.9,65.9,,,,PROCEDURE_ADAPTE,SERVICES,False,2019-11-03,publication_date,none,,,,,,0,0,0,,,,0,False,False,broad,calibrated_broad,1
BOAMP:19-104228,BOAMP,SIREN:214401622,72.0,IT Services & Consulting,2019-07-05,48.0,1,53.12,,53.12,BOAMP:23-171468,,PROCEDURE_ADAPTE,SERVICES,True,2023-07-05,publication_date,calibrated_rule,0.7515,0.8054,1.0,True,0.1467,0,0,0,0.7515,,,1,True,False,broad,calibrated_broad,0
BOAMP:19-102776,BOAMP,SIREN:214401432,48.0,Software & Applications,2019-11-06,48.0,0,61.83,61.83,,,,OUVERT,FOURNITURES,True,2023-11-06,attribution_award_date,none,,,,,,0,0,0,,,,0,False,False,broad,calibrated_broad,1
BOAMP:19-103897,BOAMP,SIREN:225300011,72.0,IT Services & Consulting,2019-10-21,48.0,1,46.91,,46.91,BOAMP:23-90833,,OUVERT,SERVICES,False,2023-10-21,attribution_award_date,calibrated_rule,0.5919,0.5707,0.2,True,0.8183,0,0,0,0.5919,0.5786,0.0134,3,False,False,broad,calibrated_broad,0
BOAMP:19-105133,BOAMP,SIREN:200084655,35.0,Cybersecurity,2019-07-10,12.0,0,65.74,65.74,,,,OUVERT,FOURNITURES,False,2020-07-09,publication_date,none,,,,,,0,0,0,,,,0,False,False,broad,calibrated_broad,1
BOAMP:19-105083,BOAMP,NAME:nantes metropole,48.0,Software & Applications,2019-07-10,48.0,1,47.01,,47.01,BOAMP:23-78413,,OUVERT,SERVICES,False,2023-07-10,publication_date,calibrated_rule,0.555,0.4701,0.2,True,0.835,0,0,0,0.555,0.4593,0.0958,2,False,False,broad,calibrated_broad,0
BOAMP:19-106429,BOAMP,NAME:ccir pays de la loire,48.0,Software & Applications,2019-10-21,48.0,0,62.35,62.35,,,,OUVERT,FOURNITURES,False,2023-10-21,attribution_award_date,none,,,,,,0,0,0,,,,0,False,False,broad,calibrated_broad,1
BOAMP:19-106682,BOAMP,NAME:gie loire ocean,72.0,IT Services & Consulting,2019-11-21,12.0,0,61.33,61.33,,,,PROCEDURE_ADAPTE,SERVICES,False,2020-11-20,attribution_award_date,none,,,,,,0,0,0,,,,0,False,False,broad,calibrated_broad,1
BOAMP:19-108442,BOAMP,SIREN:451518641,72.0,IT Services & Consulting,2019-12-17,12.0,1,8.51,,8.51,BOAMP:20-88562,,OUVERT,TRAVAUX,False,2020-12-16,attribution_award_date,calibrated_rule,0.4095,0.4397,0.0,True,0.4183,0,0,0,0.4095,,,1,True,False,broad,calibrated_broad,0
BOAMP:19-110311,BOAMP,NAME:epf de la vendee,72.0,IT Services & Consulting,2019-07-16,48.0,0,65.54,65.54,,,,PROCEDURE_ADAPTE,SERVICES,True,2023-07-16,publication_date,none,,,,,,0,0,0,,,,0,False,False,broad,calibrated_broad,1
BOAMP:19-109687,BOAMP,NAME:semitan mandataire de nantes metropole,48.0,Software & Applications,2020-10-08,36.0,1,30.62,,30.62,BOAMP:22-135485,,DIALOGUE_COMPETITIF,FOURNITURES,False,2023-10-08,attribution_award_date,calibrated_rule,0.3334,0.4069,0.0,True,0.1033,0,0,0,0.3334,,,1,True,False,broad,calibrated_broad,0
BOAMP:19-111839,BOAMP,SIREN:935367433,64.0,Telecom & Networks,2019-07-20,12.0,1,13.53,,13.53,BOAMP:20-107502,840000.0,OUVERT,SERVICES,False,2020-07-19,publication_date,calibrated_rule,0.5906,0.729,0.0,True,0.745,0,0,0,0.5906,0.5177,0.0729,3,False,False,broad,calibrated_broad,0
BOAMP:19-112517,BOAMP,NAME:gip vendee numerique,71.0,Unknown,2019-10-07,24.0,0,62.81,62.81,,,,OUVERT,SERVICES,False,2021-10-06,attribution_award_date,none,,,,,,0,0,0,,,,0,False,False,broad,calibrated_broad,1
BOAMP:19-114079,BOAMP,SIREN:278000013,72.0,Cybersecurity,2019-09-27,48.0,0,63.14,63.14,,,,RESTREINT,SERVICES,False,2023-09-27,attribution_award_date,none,,,,,,0,0,0,,,,0,False,False,broad,calibrated_broad,1
BOAMP:19-115344,BOAMP,SIREN:831928452,32.0,Telecom & Networks,2020-04-16,48.0,0,56.5,56.5,,,,NEGOCIE,FOURNITURES,True,2024-04-16,attribution_award_date,none,,,,,,0,0,0,,,,0,False,False,broad,calibrated_broad,1
BOAMP:19-117328,BOAMP,NAME:ctre hosp universitaire angers,72.0,IT Services & Consulting,2019-07-26,48.0,1,47.44,,47.44,BOAMP:23-96123,,PROCEDURE_ADAPTE,,True,2023-07-26,publication_date,calibrated_rule,0.5612,0.5747,0.0,True,0.9067,0,0,0,0.5612,0.5187,0.0425,2,False,False,broad,calibrated_broad,0
BOAMP:19-118102,BOAMP,NAME:le mans,32.0,Telecom & Networks,2019-11-28,48.0,0,61.1,61.1,,,,OUVERT,FOURNITURES,False,2023-11-28,attribution_award_date,none,,,,,,0,0,0,,,,0,False,False,broad,calibrated_broad,1
BOAMP:19-118142,BOAMP,NAME:comcom estuaire et sillon,71.0,Unknown,2019-11-29,48.0,0,61.07,61.07,,,47628.0,OUVERT,SERVICES,True,2023-11-29,attribution_award_date,none,,,,,,0,0,0,,,,0,False,False,broad,calibrated_broad,1
BOAMP:19-109269,BOAMP,SIREN:214401093,35.0,Cybersecurity,2019-08-02,24.0,0,64.98,64.98,,,,PROCEDURE_ADAPTE,FOURNITURES,False,2021-08-01,publication_date,none,,,,,,0,0,0,,,,0,False,False,broad,calibrated_broad,1
BOAMP:19-119207,BOAMP,SIREN:247200132,39.0,Unknown,2019-12-23,10.0,0,60.28,60.28,,,,OUVERT,FOURNITURES,False,2020-10-22,attribution_award_date,none,,,,,,0,0,0,,,,0,False,False,broad,calibrated_broad,1
BOAMP:19-119269,BOAMP,NAME:nantes metropole,72.0,Cybersecurity,2019-08-02,48.0,1,49.9,,49.9,BOAMP:23-37068,,NEGOCIE,SERVICES,False,2023-08-02,publication_date,calibrated_rule,0.6401,0.6336,0.4,True,0.6833,0,0,0,0.6401,0.5897,0.0504,12,False,False,broad,calibrated_broad,0
BOAMP:19-120649,BOAMP,NAME:le mans,33.0,Data & AI,2020-02-04,48.0,0,58.87,58.87,,,,OUVERT,FOURNITURES,True,2024-02-04,attribution_award_date,none,,,,,,0,0,0,,,,0,False,False,broad,calibrated_broad,1
BOAMP:19-123299,BOAMP,NAME:mindef ema dc sca pfaf co rennes,32.0,Telecom & Networks,2019-11-27,12.0,0,61.14,61.14,,,,OUVERT,FOURNITURES,False,2020-11-26,attribution_award_date,none,,,,,,0,0,0,,,,0,False,False,broad,calibrated_broad,1
BOAMP:19-124424,BOAMP,NAME:chd vendee,48.0,Software & Applications,2020-04-21,48.0,0,56.34,56.34,,,,OUVERT,FOURNITURES,False,2024-04-21,attribution_award_date,none,,,,,,0,0,0,,,,0,False,False,broad,calibrated_broad,1
BOAMP:19-125270,BOAMP,NAME:ctre hosp universitaire angers,72.0,IT Services & Consulting,2019-08-14,48.0,1,44.71,,44.71,BOAMP:23-61217,,OUVERT,SERVICES,False,2023-08-14,publication_date,calibrated_rule,0.5265,0.5903,0.2,True,0.4517,0,0,0,0.5265,0.5064,0.0201,3,False,False,broad,calibrated_broad,0
BOAMP:19-126819,BOAMP,NAME:conseil general de la vendee,,Unknown,2019-08-19,48.0,0,64.42,64.42,,,,PROCEDURE_ADAPTE,FOURNITURES,True,2023-08-19,publication_date,none,,,,,,0,0,0,,,,0,False,False,broad,calibrated_broad,1
BOAMP:19-128681,BOAMP,SIREN:234400034,72.0,IT Services & Consulting,2019-12-11,12.0,1,11.79,,11.79,BOAMP:20-111698,,OUVERT,SERVICES,False,2020-12-10,attribution_award_date,calibrated_rule,0.541,0.4949,0.0,True,0.965,0,0,0,0.541,0.4437,0.0973,3,False,False,broad,calibrated_broad,0
BOAMP:19-130305,BOAMP,NAME:communes de grand lieu,35.0,Cybersecurity,2019-12-20,48.0,0,60.38,60.38,,,,PROCEDURE_ADAPTE,TRAVAUX,True,2023-12-20,attribution_award_date,none,,,,,,0,0,0,,,,0,False,False,broad,calibrated_broad,1
BOAMP:19-131601,BOAMP,SIREN:284400017,35.0,Cybersecurity,2019-08-29,48.0,0,64.09,64.09,,,,PROCEDURE_ADAPTE,,True,2023-08-29,publication_date,none,,,,,,0,0,0,,,,0,False,False,broad,calibrated_broad,1
BOAMP:19-131225,BOAMP,SIREN:284400017,35.0,Cybersecurity,2019-08-29,48.0,0,64.09,64.09,,,,PROCEDURE_ADAPTE,FOURNITURES,True,2023-08-29,publication_date,none,,,,,,0,0,0,,,,0,False,False,broad,calibrated_broad,1
BOAMP:19-131092,BOAMP,SIREN:284400017,35.0,Cybersecurity,2019-08-30,12.0,1,8.84,,8.84,BOAMP:20-67439,,OUVERT,FOURNITURES,False,2020-08-29,publication_date,calibrated_rule,0.616,0.5533,0.6,True,0.4733,0,0,0,0.616,,,1,True,False,broad,calibrated_broad,0
BOAMP:19-136955,BOAMP,SIREN:244900015,72.0,IT Services & Consulting,2019-09-10,12.0,1,7.72,,7.72,BOAMP:19-127477,,PROCEDURE_ADAPTE,SERVICES,False,2020-09-09,publication_date,calibrated_rule,0.4682,0.5272,0.2,True,0.2867,0,0,0,0.4682,0.3244,0.1438,2,False,False,broad,calibrated_broad,0
BOAMP:19-137030,BOAMP,SIREN:234400034,48.0,Software & Applications,2019-09-12,24.0,1,24.87,,24.87,BOAMP:21-67771,,OUVERT,SERVICES,False,2021-09-11,publication_date,calibrated_rule,0.5338,0.4071,0.2,True,0.855,0,0,0,0.5338,0.4616,0.0722,7,False,False,broad,calibrated_broad,0
BOAMP:19-138013,BOAMP,NAME:chbr reg metiers artisanat nouv aquit,48.0,Software & Applications,2019-12-13,36.0,0,60.61,60.61,,,,OUVERT,SERVICES,False,2022-12-12,attribution_award_date,none,,,,,,0,0,0,,,,0,False,False,broad,calibrated_broad,1
BOAMP:19-141668,BOAMP,SIREN:288500010,35.0,Cybersecurity,2020-02-14,6.0,0,58.54,58.54,,,335000.0,RESTREINT,FOURNITURES,False,2020-08-14,attribution_award_date,none,,,,,,0,0,0,,,,0,False,False,broad,calibrated_broad,1
BOAMP:19-142610,BOAMP,SIREN:224900019,32.0,Telecom & Networks,2019-09-20,48.0,0,63.37,63.37,,,,PROCEDURE_ADAPTE,FOURNITURES,True,2023-09-20,publication_date,none,,,,,,0,0,0,,,,0,False,False,broad,calibrated_broad,1
BOAMP:19-145053,BOAMP,SIREN:227200029,72.0,IT Services & Consulting,2019-09-24,48.0,1,48.39,,48.39,BOAMP:23-139972,220000.0,PROCEDURE_ADAPTE,SERVICES,False,2023-09-24,publication_date,calibrated_rule,0.6258,0.5969,0.2,True,0.935,0,0,0,0.6258,0.5918,0.034,5,False,False,broad,calibrated_broad,0
BOAMP:19-145845,BOAMP,NAME:ctre hosp universitaire angers,72.0,IT Services & Consulting,2019-09-26,48.0,1,43.3,,43.3,BOAMP:23-61217,,PROCEDURE_ADAPTE,SERVICES,True,2023-09-26,publication_date,calibrated_rule,0.4323,0.4725,0.2,True,0.2167,0,0,0,0.4323,,,1,True,False,broad,calibrated_broad,0
BOAMP:19-144868,BOAMP,NAME:conseil general de la vendee,48.0,Cloud & Infrastructure,2019-09-26,24.0,0,63.17,63.17,,,,OUVERT,FOURNITURES,False,2021-09-25,publication_date,none,,,,,,0,0,0,,,,0,False,False,broad,calibrated_broad,1
BOAMP:19-146419,BOAMP,SIREN:227200029,32.0,Telecom & Networks,2020-02-10,48.0,1,48.19,,48.19,BOAMP:24-18790,360000.0,OUVERT,SERVICES,False,2024-02-10,attribution_award_date,calibrated_rule,0.5384,0.4868,0.0,True,0.9683,0,0,0,0.5384,0.5077,0.0307,3,False,False,broad,calibrated_broad,0
BOAMP:19-147943,BOAMP,SIREN:234400034,72.0,IT Services & Consulting,2019-12-27,24.0,1,24.77,,24.77,BOAMP:22-8616,,OUVERT,SERVICES,False,2021-12-26,attribution_award_date,calibrated_rule,0.5445,0.4254,0.2,True,0.8717,0,0,0,0.5445,,,1,True,False,broad,calibrated_broad,0
BOAMP:19-147530,BOAMP,SIREN:191700327,48.0,Software & Applications,2019-10-27,48.0,0,62.16,62.16,,,,OUVERT,FOURNITURES,False,2023-10-27,attribution_award_date,none,,,,,,0,0,0,,,,0,False,False,broad,calibrated_broad,1
BOAMP:19-150722,BOAMP,SIREN:214400475,31.0,Unknown,2019-10-04,48.0,0,62.91,62.91,,,,PROCEDURE_ADAPTE,FOURNITURES,True,2023-10-04,publication_date,none,,,,,,0,0,0,,,,0,False,False,broad,calibrated_broad,1
BOAMP:19-150176,BOAMP,NAME:chd vendee,72.0,IT Services & Consulting,2019-12-27,48.0,0,60.15,60.15,,,,OUVERT,SERVICES,False,2023-12-27,attribution_award_date,none,,,,,,0,0,0,,,,0,False,False,broad,calibrated_broad,1
BOAMP:19-151799,BOAMP,NAME:dir interregionale sces penitentiaires,45.0,Unknown,2019-10-07,48.0,0,62.81,62.81,,,,PROCEDURE_ADAPTE,TRAVAUX,True,2023-10-07,publication_date,none,,,,,,0,0,0,,,,0,False,False,broad,calibrated_broad,1
BOAMP:19-152227,BOAMP,NAME:ville du mans,72.0,IT Services & Consulting,2020-06-16,48.0,0,54.5,54.5,,,,NEGOCIE,SERVICES,False,2024-06-16,attribution_award_date,none,,,,,,0,0,0,,,,0,False,False,broad,calibrated_broad,1
BOAMP:19-153997,BOAMP,SIREN:200054336,48.0,Software & Applications,2019-10-10,48.0,1,53.38,,53.38,BOAMP:24-33909,,PROCEDURE_ADAPTE,SERVICES,True,2023-10-10,publication_date,calibrated_rule,0.3827,0.53,0.0,True,0.1033,0,0,0,0.3827,0.3153,0.0673,2,False,False,broad,calibrated_broad,0
BOAMP:19-154710,BOAMP,SIREN:218501914,72.0,IT Services & Consulting,2019-10-11,24.0,0,62.68,62.68,,,,PROCEDURE_ADAPTE,SERVICES,False,2021-10-10,publication_date,none,,,,,,0,0,0,,,,0,False,False,broad,calibrated_broad,1
BOAMP:19-155590,BOAMP,NAME:du marais poitevi,72.0,Digital Workplace & Collaboration,2019-12-20,48.0,0,60.38,60.38,,,330000.0,OUVERT,SERVICES,False,2023-12-20,attribution_award_date,none,,,,,,0,0,0,,,,0,False,False,broad,calibrated_broad,1
BOAMP:19-156899,BOAMP,NAME:nantes metropole,35.0,Cybersecurity,2020-01-22,48.0,1,44.91,,44.91,BOAMP:23-144303,,OUVERT,FOURNITURES,False,2024-01-22,attribution_award_date,calibrated_rule,0.4085,0.4038,0.0,True,0.485,0,0,0,0.4085,0.3872,0.0213,3,False,False,broad,calibrated_broad,0
BOAMP:19-157359,BOAMP,SIREN:214401846,32.0,Telecom & Networks,2019-12-26,12.0,1,11.27,,11.27,BOAMP:20-109382,,OUVERT,FOURNITURES,False,2020-12-25,attribution_award_date,calibrated_rule,0.5164,0.4769,0.0,True,0.8783,0,0,0,0.5164,0.3571,0.1593,2,False,False,broad,calibrated_broad,0
BOAMP:19-156761,BOAMP,NAME:ville d alencon,71.0,Software & Applications,2020-03-27,24.0,0,57.16,57.16,,,900000.0,OUVERT,SERVICES,False,2022-03-27,attribution_award_date,none,,,,,,0,0,0,,,,0,False,False,broad,calibrated_broad,1
BOAMP:19-159241,BOAMP,SIREN:130013097,48.0,Software & Applications,2019-10-20,12.0,0,62.39,62.39,,,,OUVERT,SERVICES,False,2020-10-19,publication_date,none,,,,,,0,0,0,,,,0,False,False,broad,calibrated_broad,1
BOAMP:19-160018,BOAMP,SIREN:198513905,32.0,Telecom & Networks,2019-10-21,1.0,0,62.35,62.35,,,,PROCEDURE_ADAPTE,FOURNITURES,False,2019-11-20,publication_date,none,,,,,,0,0,0,,,,0,False,False,broad,calibrated_broad,1
BOAMP:19-160471,BOAMP,SIREN:247200132,72.0,Data & AI,2020-03-16,48.0,1,44.71,,44.71,BOAMP:23-169082,,PROCEDURE_ADAPTE,SERVICES,False,2024-03-16,attribution_award_date,calibrated_rule,0.5598,0.5486,0.4,True,0.4517,0,0,0,0.5598,0.4229,0.1369,3,False,False,broad,calibrated_broad,0
BOAMP:19-160506,BOAMP,SIREN:200054336,35.0,Cybersecurity,2020-01-09,36.0,1,39.13,,39.13,BOAMP:23-49047,,OUVERT,SERVICES,False,2023-01-08,attribution_award_date,calibrated_rule,0.4151,0.4236,0.0,True,0.4783,0,0,0,0.4151,,,1,True,False,broad,calibrated_broad,0
BOAMP:19-161349,BOAMP,NAME:cci metropolitaine bretagne ouest,48.0,Software & Applications,2019-10-25,48.0,0,62.22,62.22,,,,NEGOCIE,SERVICES,True,2023-10-25,publication_date,none,,,,,,0,0,0,,,,0,False,False,broad,calibrated_broad,1
BOAMP:19-163024,BOAMP,SIREN:391722881,72.0,IT Services & Consulting,2020-08-03,54.0,0,52.92,52.92,,,,NEGOCIE,SERVICES,False,2025-02-01,attribution_award_date,none,,,,,,0,0,0,,,,0,False,False,broad,calibrated_broad,1
BOAMP:19-165120,BOAMP,SIREN:264400136,32.0,Telecom & Networks,2019-10-30,12.0,1,12.19,,12.19,BOAMP:20-50446,,PROCEDURE_ADAPTE,SERVICES|FOURNITURES,False,2020-10-29,publication_date,calibrated_rule,0.5113,0.4191,0.0,True,0.9683,0,0,0,0.5113,0.4629,0.0484,2,False,False,broad,calibrated_broad,0
BOAMP:19-164716,BOAMP,NAME:conservatoire du littoral,72.0,Cybersecurity,2019-10-31,48.0,1,48.49,,48.49,BOAMP:23-117051,,OUVERT,SERVICES,False,2023-10-31,publication_date,calibrated_rule,0.6721,0.7212,0.2,True,0.9183,0,0,0,0.6721,,,1,True,False,broad,calibrated_broad,0
BOAMP:19-169855,BOAMP,SIREN:391722881,72.0,IT Services & Consulting,2019-11-12,36.0,1,36.73,,36.73,BOAMP:22-159813,,PROCEDURE_ADAPTE,SERVICES,False,2022-11-11,publication_date,calibrated_rule,0.5709,0.4882,0.2,True,0.8783,0,0,0,0.5709,0.4211,0.1498,2,False,False,broad,calibrated_broad,0
BOAMP:19-172484,BOAMP,NAME:spr pays de la loire,72.0,IT Services & Consulting,2020-02-10,18.0,0,58.67,58.67,,,,OUVERT,SERVICES,False,2021-08-10,attribution_award_date,none,,,,,,0,0,0,,,,0,False,False,broad,calibrated_broad,1
BOAMP:19-172734,BOAMP,NAME:ville du mans,37.0,Data & AI,2020-03-10,48.0,0,57.72,57.72,,,,OUVERT,FOURNITURES,False,2024-03-10,attribution_award_date,none,,,,,,0,0,0,,,,0,False,False,broad,calibrated_broad,1
BOAMP:19-174809,BOAMP,SIREN:227200029,72.0,IT Services & Consulting,2019-11-20,48.0,1,46.52,,46.52,BOAMP:23-139972,220000.0,PROCEDURE_ADAPTE,SERVICES,True,2023-11-20,publication_date,calibrated_rule,0.6083,0.6441,0.2,True,0.7533,0,0,0,0.6083,0.5503,0.0581,4,False,False,broad,calibrated_broad,0
BOAMP:19-174098,BOAMP,SIREN:234400034,72.0,IT Services & Consulting,2019-11-21,24.0,1,25.72,,25.72,BOAMP:21-116891,,OUVERT,SERVICES,False,2021-11-20,publication_date,calibrated_rule,0.5667,0.5601,0.2,True,0.7133,0,0,0,0.5667,0.5276,0.0391,9,False,False,broad,calibrated_broad,0
BOAMP:19-175237,BOAMP,SIREN:217200542,45.0,Unknown,2019-11-21,48.0,0,61.33,61.33,,,,PROCEDURE_ADAPTE,TRAVAUX,True,2023-11-21,publication_date,none,,,,,,0,0,0,,,,0,False,False,broad,calibrated_broad,1
BOAMP:19-174412,BOAMP,NAME:semitan,72.0,IT Services & Consulting,2020-06-22,24.0,1,27.43,,27.43,BOAMP:22-74356,,NEGOCIE,SERVICES,False,2022-06-22,attribution_award_date,calibrated_rule,0.5444,0.5218,0.4,True,0.4283,0,0,0,0.5444,0.5401,0.0043,3,False,False,broad,calibrated_broad,0
BOAMP:19-177026,BOAMP,NAME:arafer,32.0,Telecom & Networks,2019-11-27,48.0,0,61.14,61.14,,,120000.0,OUVERT,SERVICES,False,2023-11-27,publication_date,none,,,,,,0,0,0,,,,0,False,False,broad,calibrated_broad,1
BOAMP:19-178175,BOAMP,SIREN:214401846,48.0,Software & Applications,2020-03-12,48.0,1,47.31,,47.31,BOAMP:24-20340,,PROCEDURE_ADAPTE,FOURNITURES,False,2024-03-12,attribution_award_date,calibrated_rule,0.5376,0.5266,0.0,True,0.885,0,0,0,0.5376,0.513,0.0247,4,False,False,broad,calibrated_broad,0
BOAMP:19-177220,BOAMP,NAME:shema,45.0,Unknown,2019-11-28,18.0,0,61.1,61.1,,,,OUVERT,TRAVAUX,False,2021-05-28,publication_date,none,,,,,,0,0,0,,,,0,False,False,broad,calibrated_broad,1
BOAMP:19-172419,BOAMP,NAME:syndicat trivalis,45.0,Unknown,2019-11-29,48.0,0,61.07,61.07,,,,PROCEDURE_ADAPTE,TRAVAUX,True,2023-11-29,publication_date,none,,,,,,0,0,0,,,,0,False,False,broad,calibrated_broad,1
BOAMP:19-179524,BOAMP,SIREN:200054336,32.0,Telecom & Networks,2020-03-13,48.0,1,48.29,,48.29,BOAMP:24-33909,221000.0,OUVERT,FOURNITURES,True,2024-03-13,attribution_award_date,calibrated_rule,0.6852,0.6122,0.4,True,0.9517,0,0,0,0.6852,,,1,True,False,broad,calibrated_broad,0
BOAMP:19-180395,BOAMP,NAME:e collectivites vendee,48.0,Software & Applications,2020-04-10,24.0,0,56.7,56.7,,,,OUVERT,SERVICES,False,2022-04-10,attribution_award_date,none,,,,,,0,0,0,,,,0,False,False,broad,calibrated_broad,1
BOAMP:19-181049,BOAMP,SIREN:233500016,72.0,Digital Workplace & Collaboration,2020-10-05,12.0,0,50.85,50.85,,,,NEGOCIE,SERVICES,False,2021-10-05,attribution_award_date,none,,,,,,0,0,0,,,,0,False,False,broad,calibrated_broad,1
BOAMP:19-181393,BOAMP,SIREN:228500013,72.0,IT Services & Consulting,2020-03-11,48.0,0,57.69,57.69,,,,OUVERT,SERVICES,True,2024-03-11,attribution_award_date,none,,,,,,0,0,0,,,,0,False,False,broad,calibrated_broad,1
BOAMP:19-184534,BOAMP,SIREN:214400202,79.0,Telecom & Networks,2019-12-11,12.0,1,10.38,,10.38,BOAMP:20-61130,,PROCEDURE_ADAPTE,SERVICES,False,2020-12-10,publication_date,calibrated_rule,0.5352,0.598,0.0,True,0.73,0,0,0,0.5352,,,1,True,False,broad,calibrated_broad,0
BOAMP:19-184300,BOAMP,NAME:cdc du pays de saint gilles cx de vie,32.0,Telecom & Networks,2019-12-12,24.0,0,60.64,60.64,,,,OUVERT,FOURNITURES,False,2021-12-11,publication_date,none,,,,,,0,0,0,,,,0,False,False,broad,calibrated_broad,1
BOAMP:19-184490,BOAMP,SIREN:234400034,72.0,IT Services & Consulting,2020-03-30,48.0,0,57.06,57.06,,,,OUVERT,SERVICES,False,2024-03-30,attribution_award_date,none,,,,,,0,0,0,,,,0,False,False,broad,calibrated_broad,1
BOAMP:19-187147,BOAMP,SIREN:214401846,48.0,Software & Applications,2020-03-26,48.0,1,46.85,,46.85,BOAMP:24-20340,500000.0,OUVERT,SERVICES,False,2024-03-26,attribution_award_date,calibrated_rule,0.5475,0.5895,0.0,True,0.8083,0,0,0,0.5475,,,1,True,False,broad,calibrated_broad,0
BOAMP:19-187630,BOAMP,NAME:conseil general de la vendee,32.0,Telecom & Networks,2020-04-15,48.0,0,56.54,56.54,,,,OUVERT,FOURNITURES,True,2024-04-15,attribution_award_date,none,,,,,,0,0,0,,,,0,False,False,broad,calibrated_broad,1
BOAMP:19-185581,BOAMP,SIREN:224900019,,Data & AI,2019-12-20,12.0,0,60.38,60.38,,,,PROCEDURE_ADAPTE,FOURNITURES,False,2020-12-19,publication_date,none,,,,,,0,0,0,,,,0,False,False,broad,calibrated_broad,1
BOAMP:19-190109,BOAMP,SIREN:200054302,35.0,Cybersecurity,2019-12-20,48.0,0,60.38,60.38,,,,PROCEDURE_ADAPTE,SERVICES,True,2023-12-20,publication_date,none,,,,,,0,0,0,,,,0,False,False,broad,calibrated_broad,1
BOAMP:19-189641,BOAMP,NAME:cnes terres de montaigu,72.0,Cybersecurity,2020-08-03,24.0,0,52.92,52.92,,,1220000.0,OUVERT,SERVICES,False,2022-08-03,attribution_award_date,none,,,,,,0,0,0,,,,0,False,False,broad,calibrated_broad,1
BOAMP:19-190328,BOAMP,SIREN:194909701,32.0,Telecom & Networks,2019-12-22,48.0,1,53.48,,53.48,BOAMP:24-65191,,OUVERT,FOURNITURES,False,2023-12-22,publication_date,calibrated_rule,0.3556,0.4706,0.0,True,0.0867,0,0,0,0.3556,,,1,True,False,broad,calibrated_broad,0
BOAMP:19-176963,BOAMP,SIREN:244900015,72.0,Digital Workplace & Collaboration,2020-01-06,48.0,1,46.45,,46.45,BOAMP:23-43939,,PROCEDURE_ADAPTE,SERVICES,False,2024-01-06,publication_date,calibrated_rule,0.684,0.5891,0.6,True,0.7417,0,0,0,0.684,0.5062,0.1778,3,False,False,broad,calibrated_broad,0
BOAMP:20-892,BOAMP,SIREN:218501096,,Data & AI,2020-01-07,48.0,0,59.79,59.79,,,,PROCEDURE_ADAPTE,FOURNITURES,True,2024-01-07,publication_date,none,,,,,,0,0,0,,,,0,False,False,broad,calibrated_broad,1
BOAMP:20-2441,BOAMP,NAME:ville du mans,32.0,Telecom & Networks,2020-06-29,48.0,0,54.07,54.07,,,,OUVERT,FOURNITURES,False,2024-06-29,attribution_award_date,none,,,,,,0,0,0,,,,0,False,False,broad,calibrated_broad,1
BOAMP:20-4011,BOAMP,NAME:cnieg,72.0,IT Services & Consulting,2020-05-29,24.0,0,55.09,55.09,,,1200000.0,OUVERT,SERVICES,False,2022-05-29,attribution_award_date,none,,,,,,0,0,0,,,,0,False,False,broad,calibrated_broad,1
BOAMP:20-6019,BOAMP,NAME:cte de communes de la blain,48.0,Software & Applications,2020-01-14,24.0,1,28.12,,28.12,BOAMP:22-71838,,PROCEDURE_ADAPTE,FOURNITURES,False,2022-01-13,publication_date,calibrated_rule,0.4504,0.4693,0.2,True,0.3133,0,0,0,0.4504,,,1,True,False,broad,calibrated_broad,0
BOAMP:20-5957,BOAMP,SIREN:234400034,72.0,IT Services & Consulting,2020-01-16,12.0,1,11.86,,11.86,BOAMP:20-110309,,OUVERT,SERVICES,False,2021-01-15,publication_date,calibrated_rule,0.5633,0.4198,0.2,True,0.9767,0,0,0,0.5633,0.5304,0.0329,5,False,False,broad,calibrated_broad,0
BOAMP:20-6008,BOAMP,NAME:ctre hosp universitaire angers,50.0,Data & AI,2020-06-09,12.0,0,54.73,54.73,,,,OUVERT,SERVICES,False,2021-06-09,attribution_award_date,none,,,,,,0,0,0,,,,0,False,False,broad,calibrated_broad,1
BOAMP:20-6485,BOAMP,NAME:cnieg,72.0,Cybersecurity,2020-05-25,24.0,0,55.22,55.22,,,2000000.0,OUVERT,SERVICES,False,2022-05-25,attribution_award_date,none,,,,,,0,0,0,,,,0,False,False,broad,calibrated_broad,1
BOAMP:20-8882,BOAMP,SIREN:532458809,,Unknown,2020-01-20,12.0,0,59.36,59.36,,,,PROCEDURE_ADAPTE,FOURNITURES,False,2021-01-19,publication_date,none,,,,,,0,0,0,,,,0,False,False,broad,calibrated_broad,1
BOAMP:20-9474,BOAMP,SIREN:935367433,35.0,Cybersecurity,2020-01-21,36.0,0,59.33,59.33,,,200000.0,PROCEDURE_ADAPTE,SERVICES,False,2023-01-20,publication_date,none,,,,,,0,0,0,,,,0,False,False,broad,calibrated_broad,1
BOAMP:20-8874,BOAMP,SIREN:110006012,72.0,IT Services & Consulting,2020-10-14,12.0,0,50.56,50.56,,,1000000.0,OUVERT,SERVICES,False,2021-10-14,attribution_award_date,none,,,,,,0,0,0,,,,0,False,False,broad,calibrated_broad,1
BOAMP:20-8819,BOAMP,SIREN:214401432,18.0,Unknown,2020-10-15,12.0,0,50.53,50.53,,,160000.0,OUVERT,FOURNITURES,False,2021-10-15,attribution_award_date,none,,,,,,0,0,0,,,,0,False,False,broad,calibrated_broad,1
BOAMP:20-10119,BOAMP,NAME:conseil general de la vendee,72.0,IT Services & Consulting,2020-09-10,48.0,0,51.68,51.68,,,,NEGOCIE,SERVICES,False,2024-09-10,attribution_award_date,none,,,,,,0,0,0,,,,0,False,False,broad,calibrated_broad,1
BOAMP:20-12202,BOAMP,SIREN:234400034,72.0,IT Services & Consulting,2020-06-11,12.0,1,10.94,,10.94,BOAMP:21-16505,,OUVERT,SERVICES,False,2021-06-11,attribution_award_date,calibrated_rule,0.6089,0.6106,0.2,True,0.8233,0,0,0,0.6089,0.5736,0.0353,9,False,False,broad,calibrated_broad,0
BOAMP:20-11443,BOAMP,SIREN:214401846,79.0,Cybersecurity,2020-05-29,12.0,0,55.09,55.09,,,,OUVERT,SERVICES,False,2021-05-29,attribution_award_date,none,,,,,,0,0,0,,,,0,False,False,broad,calibrated_broad,1
BOAMP:20-12070,BOAMP,NAME:nantes metropole,72.0,Cybersecurity,2020-01-26,48.0,1,44.09,,44.09,BOAMP:23-37068,,NEGOCIE,SERVICES,False,2024-01-26,publication_date,calibrated_rule,0.5222,0.5064,0.4,True,0.3483,0,0,0,0.5222,0.5123,0.0099,5,False,False,broad,calibrated_broad,0
BOAMP:20-13447,BOAMP,NAME:inra angers nantes,72.0,IT Services & Consulting,2020-10-20,48.0,0,50.36,50.36,,,,PROCEDURE_ADAPTE,SERVICES,True,2024-10-20,attribution_award_date,none,,,,,,0,0,0,,,,0,False,False,broad,calibrated_broad,1
BOAMP:20-15000,BOAMP,NAME:cci nantes saint nazaire,72.0,Digital Workplace & Collaboration,2020-02-01,48.0,0,58.97,58.97,,,,OUVERT,SERVICES,False,2024-02-01,publication_date,none,,,,,,0,0,0,,,,0,False,False,broad,calibrated_broad,1
BOAMP:20-16573,BOAMP,SIREN:247200132,45.0,Unknown,2020-02-03,48.0,1,46.09,,46.09,BOAMP:23-169082,,PROCEDURE_ADAPTE,TRAVAUX,True,2024-02-03,publication_date,calibrated_rule,0.4918,0.5137,0.0,True,0.6817,0,0,0,0.4918,,,1,True,False,broad,calibrated_broad,0
BOAMP:20-17362,BOAMP,NAME:vendee habitat oph de vendee,72.0,Cybersecurity,2020-02-04,48.0,0,58.87,58.87,,,,PROCEDURE_ADAPTE,SERVICES,True,2024-02-04,publication_date,none,,,,,,0,0,0,,,,0,False,False,broad,calibrated_broad,1
BOAMP:20-16671,BOAMP,SIREN:391722881,72.0,IT Maintenance & Support,2021-01-18,24.0,1,22.5,,22.5,BOAMP:22-159813,,NEGOCIE,SERVICES,False,2023-01-18,attribution_award_date,calibrated_rule,0.6348,0.5869,0.4,True,0.75,0,0,0,0.6348,0.5575,0.0772,4,False,False,broad,calibrated_broad,0
BOAMP:20-17802,BOAMP,NAME:conseil general de la vendee,72.0,IT Services & Consulting,2020-10-29,48.0,0,50.07,50.07,,,,NEGOCIE,SERVICES,False,2024-10-29,attribution_award_date,none,,,,,,0,0,0,,,,0,False,False,broad,calibrated_broad,1
BOAMP:20-19986,BOAMP,SIREN:264400136,32.0,Telecom & Networks,2020-02-09,48.0,1,48.62,,48.62,BOAMP:24-24049,,OUVERT,FOURNITURES,False,2024-02-09,publication_date,calibrated_rule,0.8969,0.794,1.0,True,0.8967,0,0,0,0.8969,0.4626,0.4344,2,False,True,broad,calibrated_broad,0
BOAMP:20-20633,BOAMP,NAME:semitan,35.0,Cybersecurity,2020-02-10,12.0,0,58.67,58.67,,,,PROCEDURE_ADAPTE,FOURNITURES,False,2021-02-09,publication_date,none,,,,,,0,0,0,,,,0,False,False,broad,calibrated_broad,1
BOAMP:20-20672,BOAMP,NAME:conseil general de la vendee,72.0,IT Services & Consulting,2020-10-28,48.0,0,50.1,50.1,,,,NEGOCIE,SERVICES,False,2024-10-28,attribution_award_date,none,,,,,,0,0,0,,,,0,False,False,broad,calibrated_broad,1
BOAMP:20-23104,BOAMP,SIREN:180043010,72.0,IT Services & Consulting,2020-02-15,12.0,0,58.51,58.51,,,,OUVERT,SERVICES,False,2021-02-14,publication_date,none,,,,,,0,0,0,,,,0,False,False,broad,calibrated_broad,1
BOAMP:20-23300,BOAMP,SIREN:200048551,45.0,Unknown,2020-02-16,36.0,0,58.48,58.48,,,3000000.0,OUVERT,TRAVAUX,False,2023-02-15,publication_date,none,,,,,,0,0,0,,,,0,False,False,broad,calibrated_broad,1
BOAMP:20-23864,BOAMP,SIREN:247200132,42.0,Telecom & Networks,2020-02-16,48.0,0,58.48,58.48,,,,OUVERT,FOURNITURES,False,2024-02-16,publication_date,none,,,,,,0,0,0,,,,0,False,False,broad,calibrated_broad,1
BOAMP:20-26328,BOAMP,NAME:nantes metropole,72.0,IT Services & Consulting,2020-02-21,48.0,1,53.32,,53.32,BOAMP:24-90280,,OUVERT,SERVICES,True,2024-02-21,publication_date,calibrated_rule,0.3905,0.4195,0.2,True,0.1133,0,0,0,0.3905,,,1,True,False,broad,calibrated_broad,0
BOAMP:20-26585,BOAMP,NAME:nantes metropole,72.0,Cybersecurity,2020-02-23,48.0,1,53.25,,53.25,BOAMP:24-90280,,NEGOCIE,SERVICES,False,2024-02-23,publication_date,calibrated_rule,0.5896,0.4116,1.0,True,0.125,0,0,0,0.5896,0.5432,0.0465,6,False,False,broad,calibrated_broad,0
BOAMP:20-27109,BOAMP,SIREN:214400202,32.0,Telecom & Networks,2020-02-23,12.0,1,7.95,,7.95,BOAMP:20-61130,,OUVERT,FOURNITURES,False,2021-02-22,publication_date,calibrated_rule,0.865,1.0,1.0,True,0.325,0,0,0,0.865,0.3792,0.4858,2,False,True,broad,calibrated_broad,0
BOAMP:20-27358,BOAMP,SIREN:391722881,72.0,IT Services & Consulting,2020-02-23,48.0,1,48.42,,48.42,BOAMP:24-27614,,NEGOCIE,SERVICES,True,2024-02-23,publication_date,calibrated_rule,0.986,1.0,1.0,True,0.93,0,0,0,0.986,0.5912,0.3948,2,False,True,broad,calibrated_broad,0
BOAMP:20-28158,BOAMP,NAME:sgami ouest,35.0,Cybersecurity,2020-02-26,48.0,0,58.15,58.15,,,,OUVERT,FOURNITURES,False,2024-02-26,publication_date,none,,,,,,0,0,0,,,,0,False,False,broad,calibrated_broad,1
BOAMP:20-29244,BOAMP,SIREN:214401093,35.0,Cybersecurity,2020-02-27,48.0,1,50.59,,50.59,BOAMP:24-56228,,OUVERT,FOURNITURES,False,2024-02-27,publication_date,calibrated_rule,0.5581,0.6111,0.2,True,0.5683,0,0,0,0.5581,,,1,True,False,broad,calibrated_broad,0
BOAMP:20-29934,BOAMP,SIREN:214401093,35.0,Cybersecurity,2020-02-28,48.0,1,50.56,,50.56,BOAMP:24-56228,,OUVERT,FOURNITURES,False,2024-02-28,publication_date,calibrated_rule,0.8997,0.9625,1.0,True,0.5733,0,0,0,0.8997,,,1,True,False,broad,calibrated_broad,0
BOAMP:20-31844,BOAMP,SIREN:130029747,72.0,IT Services & Consulting,2020-03-04,48.0,1,47.37,,47.37,BOAMP:24-17454,,OUVERT,SERVICES,True,2024-03-04,publication_date,calibrated_rule,0.8491,0.6752,1.0,True,0.895,0,0,0,0.8491,0.4848,0.3643,2,False,True,broad,calibrated_broad,0
BOAMP:20-32737,BOAMP,SIREN:234400034,72.0,Digital Workplace & Collaboration,2020-03-05,12.0,0,57.88,57.88,,,,OUVERT,SERVICES,False,2021-03-05,publication_date,none,,,,,,0,0,0,,,,0,False,False,broad,calibrated_broad,1
BOAMP:20-32203,BOAMP,NAME:nantes metropole,72.0,IT Services & Consulting,2020-03-06,48.0,1,48.23,,48.23,BOAMP:24-29463,,PROCEDURE_ADAPTE,SERVICES,False,2024-03-06,publication_date,calibrated_rule,0.5221,0.4493,0.0,True,0.9617,0,0,0,0.5221,,,1,True,False,broad,calibrated_broad,0
BOAMP:20-34709,BOAMP,SIREN:546650169,79.0,IT Hardware & Equipment,2020-03-08,6.0,0,57.79,57.79,,,,OUVERT,SERVICES,False,2020-09-06,publication_date,none,,,,,,0,0,0,,,,0,False,False,broad,calibrated_broad,1
BOAMP:20-36082,BOAMP,SIREN:214400491,,Unknown,2020-03-10,1.0,0,57.72,57.72,,,,PROCEDURE_ADAPTE,TRAVAUX,False,2020-04-09,publication_date,none,,,,,,0,0,0,,,,0,False,False,broad,calibrated_broad,1
BOAMP:20-35774,BOAMP,SIREN:935367433,72.0,IT Services & Consulting,2020-10-26,12.0,1,7.46,,7.46,BOAMP:21-77546,,NEGOCIE,SERVICES,False,2021-10-26,attribution_award_date,calibrated_rule,0.6352,0.8413,0.4,True,0.2433,0,0,0,0.6352,0.4786,0.1566,2,False,False,broad,calibrated_broad,0
BOAMP:20-28749,BOAMP,SIREN:214401093,32.0,Telecom & Networks,2020-03-11,48.0,1,50.16,,50.16,BOAMP:24-56228,,PROCEDURE_ADAPTE,FOURNITURES,False,2024-03-11,publication_date,calibrated_rule,0.5342,0.6404,0.0,True,0.64,0,0,0,0.5342,0.5034,0.0308,2,False,False,broad,calibrated_broad,0
BOAMP:20-35511,BOAMP,NAME:cci de reg ctre val de loire,30.0,IT Hardware & Equipment,2020-06-10,48.0,0,54.7,54.7,,,,OUVERT,FOURNITURES,False,2024-06-10,attribution_award_date,none,,,,,,0,0,0,,,,0,False,False,broad,calibrated_broad,1
BOAMP:20-34392,BOAMP,NAME:nantes metropole,72.0,Cybersecurity,2020-03-11,48.0,1,42.61,,42.61,BOAMP:23-132830,,NEGOCIE,SERVICES,False,2024-03-11,publication_date,calibrated_rule,0.3549,0.4613,0.0,True,0.1017,0,0,0,0.3549,,,1,True,False,broad,calibrated_broad,0
BOAMP:20-37796,BOAMP,NAME:communaute d agglomeration du niortais,72.0,IT Services & Consulting,2020-03-12,48.0,1,45.27,,45.27,BOAMP:23-138104,154000.0,PROCEDURE_ADAPTE,SERVICES,False,2024-03-12,publication_date,calibrated_rule,0.4199,0.4022,0.0,True,0.545,0,0,0,0.4199,,,1,True,False,broad,calibrated_broad,0
BOAMP:20-45001,BOAMP,SIREN:451518641,32.0,Telecom & Networks,2020-03-27,48.0,0,57.16,57.16,,,,OUVERT,FOURNITURES,True,2024-03-27,publication_date,none,,,,,,0,0,0,,,,0,False,False,broad,calibrated_broad,1
BOAMP:20-47300,BOAMP,SIREN:194909701,48.0,Software & Applications,2020-09-03,48.0,0,51.91,51.91,,,,OUVERT,FOURNITURES,False,2024-09-03,attribution_award_date,none,,,,,,0,0,0,,,,0,False,False,broad,calibrated_broad,1
BOAMP:20-47343,BOAMP,NAME:cci metropolitaine bretagne ouest,48.0,Software & Applications,2020-04-02,48.0,0,56.96,56.96,,,,NEGOCIE,FOURNITURES,False,2024-04-02,publication_date,none,,,,,,0,0,0,,,,0,False,False,broad,calibrated_broad,1
BOAMP:20-48669,BOAMP,NAME:ville d orvault,72.0,Data & AI,2020-04-03,48.0,0,56.93,56.93,,,,PROCEDURE_ADAPTE,,True,2024-04-03,publication_date,none,,,,,,0,0,0,,,,0,False,False,broad,calibrated_broad,1
BOAMP:20-50348,BOAMP,NAME:cte de communes de la blain,72.0,IT Services & Consulting,2020-04-08,48.0,0,56.77,56.77,,,,PROCEDURE_ADAPTE,SERVICES,False,2024-04-08,publication_date,none,,,,,,0,0,0,,,,0,False,False,broad,calibrated_broad,1
BOAMP:20-49128,BOAMP,NAME:epf de la vendee,79.0,Unknown,2020-07-07,6.0,0,53.81,53.81,,,,OUVERT,SERVICES,False,2021-01-05,attribution_award_date,none,,,,,,0,0,0,,,,0,False,False,broad,calibrated_broad,1
BOAMP:20-49221,BOAMP,NAME:conseil general de la vendee,72.0,IT Services & Consulting,2020-09-23,48.0,0,51.25,51.25,,,,OUVERT,SERVICES,False,2024-09-23,attribution_award_date,none,,,,,,0,0,0,,,,0,False,False,broad,calibrated_broad,1
BOAMP:20-50446,BOAMP,SIREN:264400136,72.0,IT Services & Consulting,2020-11-04,48.0,1,46.52,,46.52,BOAMP:24-106137,,NEGOCIE,SERVICES,True,2024-11-04,attribution_award_date,calibrated_rule,0.5325,0.4546,0.2,True,0.7533,0,0,0,0.5325,0.4636,0.0689,3,False,False,broad,calibrated_broad,0
BOAMP:20-50911,BOAMP,SIREN:284400017,48.0,Software & Applications,2020-07-24,48.0,0,53.25,53.25,,,,OUVERT,FOURNITURES,False,2024-07-24,attribution_award_date,none,,,,,,0,0,0,,,,0,False,False,broad,calibrated_broad,1
BOAMP:20-52846,BOAMP,SIREN:285300018,35.0,Cybersecurity,2020-11-12,12.0,0,49.61,49.61,,,40000.0,OUVERT,FOURNITURES,False,2021-11-12,attribution_award_date,none,,,,,,0,0,0,,,,0,False,False,broad,calibrated_broad,1
BOAMP:20-51762,BOAMP,SIREN:502035785,72.0,IT Services & Consulting,2020-07-16,12.0,0,53.52,53.52,,,,OUVERT,SERVICES,False,2021-07-16,attribution_award_date,none,,,,,,0,0,0,,,,0,False,False,broad,calibrated_broad,1
BOAMP:20-54010,BOAMP,SIREN:788058030,32.0,Telecom & Networks,2020-04-19,24.0,0,56.41,56.41,,,,OUVERT,FOURNITURES,False,2022-04-19,publication_date,none,,,,,,0,0,0,,,,0,False,False,broad,calibrated_broad,1
BOAMP:20-54626,BOAMP,SIREN:180043010,48.0,Software & Applications,2020-04-22,12.0,0,56.31,56.31,,,195000.0,NEGOCIE,FOURNITURES,False,2021-04-22,publication_date,none,,,,,,0,0,0,,,,0,False,False,broad,calibrated_broad,1
BOAMP:20-54283,BOAMP,NAME:nantes metropole,72.0,Cybersecurity,2020-04-23,48.0,0,56.27,56.27,,,,NEGOCIE,SERVICES,False,2024-04-23,publication_date,none,,,,,,0,0,0,,,,0,False,False,broad,calibrated_broad,1
BOAMP:20-56147,BOAMP,SIREN:200069474,32.0,Telecom & Networks,2020-04-23,12.0,1,6.57,,6.57,BOAMP:20-137453,,PROCEDURE_ADAPTE,TRAVAUX,False,2021-04-23,publication_date,calibrated_rule,0.499,0.5132,,False,0.095,0,0,0,0.499,,,1,True,False,broad,calibrated_broad,0
BOAMP:20-56877,BOAMP,NAME:ville d ecouflant,32.0,Telecom & Networks,2020-04-24,4.0,0,56.24,56.24,,,,PROCEDURE_ADAPTE,FOURNITURES,False,2020-08-23,publication_date,none,,,,,,0,0,0,,,,0,False,False,broad,calibrated_broad,1
BOAMP:20-58079,BOAMP,SIREN:228500013,79.0,IT Maintenance & Support,2020-08-20,36.0,1,34.72,,34.72,BOAMP:23-43183,,OUVERT,SERVICES,False,2023-08-20,attribution_award_date,calibrated_rule,0.9123,0.8874,1.0,True,0.7867,0,0,0,0.9123,0.4549,0.4574,2,False,True,broad,calibrated_broad,0
BOAMP:20-49949,BOAMP,NAME:nantes metropole,48.0,Software & Applications,2020-10-08,48.0,1,50.23,,50.23,BOAMP:24-140255,,OUVERT,FOURNITURES,False,2024-10-08,attribution_award_date,calibrated_rule,0.8249,0.748,1.0,True,0.6283,0,0,0,0.8249,0.5069,0.3179,2,False,True,broad,calibrated_broad,0
BOAMP:20-59734,BOAMP,NAME:gpm de nantes st nazaire,30.0,IT Hardware & Equipment,2020-05-06,48.0,0,55.85,55.85,,,200000.0,OUVERT,FOURNITURES,True,2024-05-06,publication_date,none,,,,,,0,0,0,,,,0,False,False,broad,calibrated_broad,1
BOAMP:20-57925,BOAMP,SIREN:248500589,32.0,Telecom & Networks,2020-09-24,24.0,0,51.22,51.22,,,370000.0,OUVERT,FOURNITURES,False,2022-09-24,attribution_award_date,none,,,,,,0,0,0,,,,0,False,False,broad,calibrated_broad,1
BOAMP:20-60923,BOAMP,SIREN:451518641,32.0,Telecom & Networks,2020-08-10,48.0,0,52.69,52.69,,,,OUVERT,FOURNITURES,True,2024-08-10,attribution_award_date,none,,,,,,0,0,0,,,,0,False,False,broad,calibrated_broad,1
BOAMP:20-61130,BOAMP,SIREN:214400202,32.0,Telecom & Networks,2020-10-22,12.0,1,9.03,,9.03,BOAMP:21-102565,,OUVERT,FOURNITURES,False,2021-10-22,attribution_award_date,calibrated_rule,0.4462,0.4879,0.0,True,0.505,0,0,0,0.4462,,,1,True,False,broad,calibrated_broad,0
BOAMP:20-61728,BOAMP,NAME:conseil general de la vendee,72.0,Digital Workplace & Collaboration,2020-10-28,48.0,0,50.1,50.1,,,,OUVERT,SERVICES,False,2024-10-28,attribution_award_date,none,,,,,,0,0,0,,,,0,False,False,broad,calibrated_broad,1
BOAMP:20-62727,BOAMP,SIREN:264400136,72.0,IT Services & Consulting,2020-08-05,12.0,1,11.04,,11.04,BOAMP:21-45622,,OUVERT,SERVICES,False,2021-08-05,attribution_award_date,calibrated_rule,0.5008,0.457,0.0,True,0.84,0,0,0,0.5008,0.4933,0.0075,2,False,False,broad,calibrated_broad,0
BOAMP:20-64610,BOAMP,NAME:cnieg,72.0,IT Services & Consulting,2020-09-21,48.0,0,51.31,51.31,,,,OUVERT,SERVICES,False,2024-09-21,attribution_award_date,none,,,,,,0,0,1,,,,0,False,False,broad,calibrated_broad,1
BOAMP:20-60975,BOAMP,SIREN:254902505,48.0,Software & Applications,2020-05-19,48.0,0,55.42,55.42,,,,PROCEDURE_ADAPTE,FOURNITURES,True,2024-05-19,publication_date,none,,,,,,0,0,0,,,,0,False,False,broad,calibrated_broad,1
BOAMP:20-65753,BOAMP,SIREN:234400034,48.0,Software & Applications,2020-07-22,12.0,1,14.55,,14.55,BOAMP:21-67771,,OUVERT,FOURNITURES,False,2021-07-22,attribution_award_date,calibrated_rule,0.6478,0.7071,0.4,True,0.575,0,0,0,0.6478,0.552,0.0958,9,False,False,broad,calibrated_broad,0
BOAMP:20-65717,BOAMP,SIREN:445400104,72.0,IT Services & Consulting,2020-05-20,48.0,0,55.39,55.39,,,,OUVERT,SERVICES,False,2024-05-20,publication_date,none,,,,,,0,0,0,,,,0,False,False,broad,calibrated_broad,1
BOAMP:20-66643,BOAMP,NAME:nantes metropole,72.0,Cybersecurity,2020-05-22,48.0,1,50.33,,50.33,BOAMP:24-90280,,OUVERT,SERVICES,False,2024-05-22,publication_date,calibrated_rule,0.6922,0.4247,1.0,True,0.6117,0,0,0,0.6922,0.6822,0.01,5,False,False,broad,calibrated_broad,0
BOAMP:20-67250,BOAMP,SIREN:174404301,32.0,Telecom & Networks,2020-05-22,48.0,0,55.32,55.32,,,,PROCEDURE_ADAPTE,FOURNITURES,True,2024-05-22,publication_date,none,,,,,,0,0,0,,,,0,False,False,broad,calibrated_broad,1
BOAMP:20-67439,BOAMP,SIREN:284400017,35.0,Cybersecurity,2020-05-25,48.0,1,42.58,,42.58,BOAMP:23-117688,,PROCEDURE_ADAPTE,FOURNITURES,True,2024-05-25,publication_date,calibrated_rule,0.5684,0.6227,0.6,True,0.0967,0,0,0,0.5684,,,1,True,False,broad,calibrated_broad,0
BOAMP:20-68370,BOAMP,NAME:synd dep d energie et d eqpt de vendee,72.0,Data & AI,2020-05-26,48.0,0,55.19,55.19,,,,PROCEDURE_ADAPTE,SERVICES,True,2024-05-26,publication_date,none,,,,,,0,0,0,,,,0,False,False,broad,calibrated_broad,1
BOAMP:20-68352,BOAMP,SIREN:935367433,72.0,IT Maintenance & Support,2020-05-28,12.0,1,12.42,,12.42,BOAMP:21-77546,,OUVERT,SERVICES,False,2021-05-28,publication_date,calibrated_rule,0.8396,0.634,1.0,True,0.93,0,0,0,0.8396,0.7299,0.1097,6,False,True,broad,calibrated_broad,0
BOAMP:20-68923,BOAMP,SIREN:264400136,72.0,IT Services & Consulting,2020-05-29,12.0,1,12.35,,12.35,BOAMP:21-78563,,OUVERT,SERVICES,False,2021-05-29,publication_date,calibrated_rule,0.6321,0.6094,0.2,True,0.9417,0,0,0,0.6321,0.4406,0.1915,2,False,False,broad,calibrated_broad,0
BOAMP:20-70268,BOAMP,SIREN:214401846,72.0,IT Services & Consulting,2020-09-28,25.0,1,26.54,,26.54,BOAMP:22-165686,208000.0,PROCEDURE_ADAPTE,SERVICES,False,2022-10-29,attribution_award_date,calibrated_rule,0.5164,0.4194,0.2,True,0.7433,0,0,0,0.5164,,,1,True,False,broad,calibrated_broad,0
BOAMP:20-70265,BOAMP,SIREN:228500013,35.0,Cybersecurity,2020-09-19,12.0,0,51.38,51.38,,,,OUVERT,FOURNITURES,False,2021-09-19,attribution_award_date,none,,,,,,0,0,0,,,,0,False,False,broad,calibrated_broad,1
BOAMP:20-70855,BOAMP,SIREN:234400034,32.0,Telecom & Networks,2020-06-02,12.0,0,54.96,54.96,,,,PROCEDURE_ADAPTE,SERVICES,False,2021-06-02,publication_date,none,,,,,,0,0,0,,,,0,False,False,broad,calibrated_broad,1
BOAMP:20-71814,BOAMP,SIREN:828620831,,GIS & Mapping,2020-06-04,48.0,0,54.89,54.89,,,,PROCEDURE_ADAPTE,SERVICES,True,2024-06-04,publication_date,none,,,,,,0,0,0,,,,0,False,False,broad,calibrated_broad,1
BOAMP:20-70746,BOAMP,NAME:le mans,45.0,Unknown,2020-10-15,36.0,1,31.54,,31.54,BOAMP:22-148365,,OUVERT,TRAVAUX,False,2023-10-15,attribution_award_date,calibrated_rule,0.4147,0.5334,0.0,True,0.2567,0,0,0,0.4147,,,1,True,False,broad,calibrated_broad,0
BOAMP:20-71239,BOAMP,NAME:shema,45.0,Telecom & Networks,2020-06-05,18.0,0,54.86,54.86,,,,OUVERT,TRAVAUX,False,2021-12-04,publication_date,none,,,,,,0,0,0,,,,0,False,False,broad,calibrated_broad,1
BOAMP:20-72064,BOAMP,NAME:dir ouest,32.0,Telecom & Networks,2020-06-06,8.0,0,54.83,54.83,,,,OUVERT,FOURNITURES,False,2021-02-04,publication_date,none,,,,,,0,0,0,,,,0,False,False,broad,calibrated_broad,1
BOAMP:20-72791,BOAMP,SIREN:983291931,72.0,IT Services & Consulting,2020-09-21,16.0,1,13.21,,13.21,BOAMP:21-126360,1600000.0,OUVERT,SERVICES,False,2022-01-21,attribution_award_date,calibrated_rule,0.907,1.0,1.0,True,0.535,0,0,0,0.907,0.9007,0.0063,2,False,False,broad,calibrated_broad,0
BOAMP:20-74988,BOAMP,SIREN:214401119,,Data & AI,2020-06-11,48.0,0,54.66,54.66,,,,PROCEDURE_ADAPTE,TRAVAUX,True,2024-06-11,publication_date,none,,,,,,0,0,0,,,,0,False,False,broad,calibrated_broad,1
BOAMP:20-75569,BOAMP,NAME:crous de nantes,72.0,IT Services & Consulting,2020-10-27,12.0,0,50.13,50.13,,,,OUVERT,SERVICES,False,2021-10-27,attribution_award_date,none,,,,,,0,0,0,,,,0,False,False,broad,calibrated_broad,1
BOAMP:20-76288,BOAMP,SIREN:200083392,35.0,Cybersecurity,2020-06-17,48.0,0,54.47,54.47,,,,NEGOCIE,FOURNITURES,False,2024-06-17,publication_date,none,,,,,,0,0,0,,,,0,False,False,broad,calibrated_broad,1
BOAMP:20-78012,BOAMP,NAME:nantes metropole,48.0,Software & Applications,2020-06-18,48.0,1,49.44,,49.44,BOAMP:24-90280,,PROCEDURE_ADAPTE,SERVICES,False,2024-06-18,publication_date,calibrated_rule,0.513,0.5274,0.0,True,0.76,0,0,0,0.513,0.5112,0.0017,5,False,False,broad,calibrated_broad,0
BOAMP:20-77757,BOAMP,SIREN:213502883,50.0,Unknown,2020-06-19,12.0,0,54.4,54.4,,,,OUVERT,SERVICES,False,2021-06-19,publication_date,none,,,,,,0,0,0,,,,0,False,False,broad,calibrated_broad,1
BOAMP:20-79138,BOAMP,NAME:agce pour l enst fr a l etranger,,Software & Applications,2020-06-19,48.0,0,54.4,54.4,,,120000.0,PROCEDURE_ADAPTE,SERVICES,False,2024-06-19,publication_date,none,,,,,,0,0,0,,,,0,False,False,broad,calibrated_broad,1
BOAMP:20-78639,BOAMP,SIREN:200052702,39.0,Unknown,2020-09-21,6.0,0,51.31,51.31,,,,OUVERT,FOURNITURES,False,2021-03-22,attribution_award_date,none,,,,,,0,0,0,,,,0,False,False,broad,calibrated_broad,1
BOAMP:20-81059,BOAMP,SIREN:200060010,48.0,Software & Applications,2020-06-24,48.0,0,54.24,54.24,,,,PROCEDURE_ADAPTE,FOURNITURES,True,2024-06-24,publication_date,none,,,,,,0,0,0,,,,0,False,False,broad,calibrated_broad,1
BOAMP:20-84141,BOAMP,SIREN:246100663,72.0,IT Services & Consulting,2020-10-30,12.0,0,50.03,50.03,,,300000.0,OUVERT,SERVICES,False,2021-10-30,attribution_award_date,none,,,,,,0,0,0,,,,0,False,False,broad,calibrated_broad,1
BOAMP:20-85580,BOAMP,NAME:communes vie et boulogne,72.0,IT Services & Consulting,2020-07-05,24.0,0,53.88,53.88,,,,OUVERT,SERVICES,False,2022-07-05,publication_date,none,,,,,,0,0,0,,,,0,False,False,broad,calibrated_broad,1
BOAMP:20-91479,BOAMP,SIREN:258500222,72.0,IT Services & Consulting,2021-01-07,24.0,1,24.61,,24.61,BOAMP:23-12403,,NEGOCIE,SERVICES,False,2023-01-07,attribution_award_date,calibrated_rule,0.6559,0.8156,0.0,True,0.8983,0,0,0,0.6559,0.653,0.0029,2,False,False,broad,calibrated_broad,0
BOAMP:20-85492,BOAMP,SIREN:244900015,32.0,Telecom & Networks,2020-12-03,24.0,0,48.92,48.92,,,1000000.0,OUVERT,FOURNITURES,False,2022-12-03,attribution_award_date,none,,,,,,0,0,0,,,,0,False,False,broad,calibrated_broad,1
BOAMP:20-94462,BOAMP,NAME:le mans,48.0,Software & Applications,2020-10-06,12.0,1,15.51,,15.51,BOAMP:21-148700,,OUVERT,FOURNITURES,False,2021-10-06,attribution_award_date,calibrated_rule,0.4568,0.5595,0.0,True,0.415,0,0,0,0.4568,0.4115,0.0453,2,False,False,broad,calibrated_broad,0
BOAMP:20-96647,BOAMP,SIREN:214401432,48.0,Software & Applications,2020-11-02,12.0,0,49.93,49.93,,,,OUVERT,FOURNITURES,False,2021-11-02,attribution_award_date,none,,,,,,0,0,0,,,,0,False,False,broad,calibrated_broad,1
BOAMP:20-97584,BOAMP,SIREN:391722881,72.0,IT Services & Consulting,2020-07-31,36.0,0,53.02,53.02,,,,PROCEDURE_ADAPTE,FOURNITURES,False,2023-07-31,publication_date,none,,,,,,0,0,0,,,,0,False,False,broad,calibrated_broad,1
BOAMP:20-98331,BOAMP,SIREN:214401846,79.0,Unknown,2020-08-03,36.0,1,35.94,,35.94,BOAMP:23-110154,210000.0,PROCEDURE_ADAPTE,SERVICES,False,2023-08-03,publication_date,calibrated_rule,0.6552,0.7679,0.0,True,0.99,0,0,0,0.6552,0.5207,0.1344,3,False,False,broad,calibrated_broad,0
BOAMP:20-98264,BOAMP,NAME:nantes metropole,72.0,IT Services & Consulting,2020-08-05,18.0,1,18.66,,18.66,BOAMP:22-26998,,OUVERT,SERVICES,False,2022-02-03,publication_date,calibrated_rule,0.6301,0.5053,0.4,True,0.89,0,0,0,0.6301,0.5995,0.0306,6,False,False,broad,calibrated_broad,0
BOAMP:20-98214,BOAMP,NAME:nantes metropole,72.0,IT Services & Consulting,2020-08-05,18.0,1,18.66,,18.66,BOAMP:22-26998,,OUVERT,SERVICES,False,2022-02-03,publication_date,calibrated_rule,0.6301,0.5053,0.4,True,0.89,0,0,0,0.6301,0.5995,0.0306,6,False,False,broad,calibrated_broad,0
BOAMP:20-98937,BOAMP,NAME:cap atlantique,35.0,Cybersecurity,2020-12-30,12.0,0,48.03,48.03,,,200000.0,OUVERT,FOURNITURES,False,2021-12-30,attribution_award_date,none,,,,,,0,0,0,,,,0,False,False,broad,calibrated_broad,1
BOAMP:20-100172,BOAMP,SIREN:246100663,72.0,IT Services & Consulting,2020-08-07,1.0,0,52.79,52.79,,,200000.0,PROCEDURE_ADAPTE,SERVICES,False,2020-09-06,publication_date,none,,,,,,0,0,0,,,,0,False,False,broad,calibrated_broad,1
BOAMP:20-106379,BOAMP,SIREN:194909701,48.0,Software & Applications,2020-08-29,36.0,1,30.98,,30.98,BOAMP:22-150817,,OUVERT,FOURNITURES,False,2023-08-29,publication_date,calibrated_rule,0.3521,0.4236,0.0,True,0.1633,0,0,0,0.3521,,,1,True,False,broad,calibrated_broad,0
BOAMP:20-107792,BOAMP,NAME:com d agglo reg nazairienne estuaire,72.0,IT Services & Consulting,2021-01-07,12.0,1,12.35,,12.35,BOAMP:22-8860,,PROCEDURE_ADAPTE,SERVICES,False,2022-01-07,attribution_award_date,calibrated_rule,0.5115,0.4328,0.0,True,0.9417,0,0,0,0.5115,,,1,True,False,broad,calibrated_broad,0
BOAMP:20-109382,BOAMP,SIREN:214401846,30.0,IT Hardware & Equipment,2020-12-03,12.0,1,11.01,,11.01,BOAMP:21-101248,,OUVERT,FOURNITURES,False,2021-12-03,attribution_award_date,calibrated_rule,0.4914,0.436,0.0,True,0.835,0,0,0,0.4914,,,1,True,False,broad,calibrated_broad,0
BOAMP:20-110872,BOAMP,NAME:cte de cnes du pays d ancenis,50.0,Telecom & Networks,2020-09-09,36.0,0,51.71,51.71,,,,PROCEDURE_ADAPTE,SERVICES,False,2023-09-09,publication_date,none,,,,,,0,0,0,,,,0,False,False,broad,calibrated_broad,1
BOAMP:20-110309,BOAMP,SIREN:234400034,72.0,IT Services & Consulting,2021-01-11,6.0,1,11.96,,11.96,BOAMP:21-126684,,OUVERT,SERVICES,False,2021-07-12,attribution_award_date,calibrated_rule,0.4825,0.5779,0.4,True,0.0067,0,0,0,0.4825,0.4744,0.0081,3,False,False,broad,calibrated_broad,0
BOAMP:20-111698,BOAMP,SIREN:234400034,32.0,Telecom & Networks,2020-12-04,12.0,1,10.12,,10.12,BOAMP:21-67771,,OUVERT,FOURNITURES,False,2021-12-04,attribution_award_date,calibrated_rule,0.5619,0.6863,0.0,True,0.6867,0,0,0,0.5619,0.5528,0.009,8,False,False,broad,calibrated_broad,0
BOAMP:20-114032,BOAMP,SIREN:214400269,35.0,Cybersecurity,2020-09-17,12.0,0,51.45,51.45,,,,PROCEDURE_ADAPTE,FOURNITURES,False,2021-09-17,publication_date,none,,,,,,0,0,0,,,,0,False,False,broad,calibrated_broad,1
BOAMP:20-114106,BOAMP,SIREN:194909701,72.0,IT Services & Consulting,2020-09-19,36.0,1,30.29,,30.29,BOAMP:22-150817,,OUVERT,SERVICES,False,2023-09-19,publication_date,calibrated_rule,0.3576,0.4949,0.0,True,0.0483,0,0,0,0.3576,,,1,True,False,broad,calibrated_broad,0
BOAMP:20-114714,BOAMP,SIREN:935367433,72.0,IT Maintenance & Support,2021-02-01,12.0,0,46.94,46.94,,,,OUVERT,SERVICES,False,2022-02-01,attribution_award_date,none,,,,,,0,0,0,,,,0,False,False,broad,calibrated_broad,1
BOAMP:20-115241,BOAMP,NAME:le mans,48.0,Software & Applications,2021-02-08,12.0,0,46.71,46.71,,,,OUVERT,FOURNITURES,False,2022-02-08,attribution_award_date,none,,,,,,0,0,0,,,,0,False,False,broad,calibrated_broad,1
BOAMP:20-117677,BOAMP,SIREN:935367433,30.0,IT Hardware & Equipment,2021-01-19,12.0,0,47.37,47.37,,,,OUVERT,FOURNITURES,False,2022-01-19,attribution_award_date,none,,,,,,0,0,0,,,,0,False,False,broad,calibrated_broad,1
BOAMP:20-118247,BOAMP,SIREN:214401622,72.0,Cybersecurity,2020-12-16,24.0,0,48.49,48.49,,,,OUVERT,SERVICES,False,2022-12-16,attribution_award_date,none,,,,,,0,0,0,,,,0,False,False,broad,calibrated_broad,1
BOAMP:20-119807,BOAMP,SIREN:200071876,,IT Maintenance & Support,2020-10-01,36.0,0,50.99,50.99,,,,PROCEDURE_ADAPTE,FOURNITURES,False,2023-10-01,publication_date,none,,,,,,0,0,0,,,,0,False,False,broad,calibrated_broad,1
BOAMP:20-120399,BOAMP,SIREN:194909701,90.0,Unknown,2021-02-02,36.0,0,46.91,46.91,,,,OUVERT,SERVICES,False,2024-02-02,attribution_award_date,none,,,,,,0,0,0,,,,0,False,False,broad,calibrated_broad,1
BOAMP:20-120545,BOAMP,SIREN:130001704,32.0,Telecom & Networks,2020-12-03,12.0,0,48.92,48.92,,,300000.0,OUVERT,FOURNITURES,False,2021-12-03,attribution_award_date,none,,,,,,0,0,0,,,,0,False,False,broad,calibrated_broad,1
BOAMP:20-124045,BOAMP,SIREN:234400034,72.0,Cybersecurity,2021-02-02,24.0,0,46.91,46.91,,,,OUVERT,SERVICES,False,2023-02-02,attribution_award_date,none,,,,,,0,0,0,,,,0,False,False,broad,calibrated_broad,1
BOAMP:20-125567,BOAMP,SIREN:234400034,48.0,Cloud & Infrastructure,2021-02-26,12.0,1,7.36,,7.36,BOAMP:21-67771,,OUVERT,FOURNITURES,False,2022-02-26,attribution_award_date,calibrated_rule,0.692,0.6166,1.0,True,0.2267,0,0,0,0.692,0.5917,0.1003,12,False,False,broad,calibrated_broad,0
BOAMP:20-133527,BOAMP,SIREN:228500013,72.0,IT Services & Consulting,2021-03-01,24.0,1,21.58,,21.58,BOAMP:22-166698,,OUVERT,SERVICES,False,2023-03-01,attribution_award_date,calibrated_rule,0.7548,0.7137,0.8,True,0.5967,0,0,0,0.7548,0.5976,0.1572,3,False,True,broad,calibrated_broad,0
BOAMP:20-137453,BOAMP,SIREN:200069474,,Data & AI,2020-11-09,4.0,0,49.7,49.7,,,,PROCEDURE_ADAPTE,FOURNITURES,False,2021-03-10,publication_date,none,,,,,,0,0,0,,,,0,False,False,broad,calibrated_broad,1
BOAMP:20-138135,BOAMP,SIREN:234400034,32.0,Telecom & Networks,2021-02-10,12.0,1,11.04,,11.04,BOAMP:21-116891,,OUVERT,FOURNITURES,False,2022-02-10,attribution_award_date,calibrated_rule,0.551,0.5825,0.0,True,0.84,0,0,0,0.551,0.5433,0.0077,7,False,False,broad,calibrated_broad,0
BOAMP:20-142134,BOAMP,NAME:nantes metropole,32.0,Telecom & Networks,2020-11-20,5.5,0,49.34,49.34,,,,PROCEDURE_ADAPTE,TRAVAUX,False,2021-05-06,publication_date,none,,,,,,0,0,0,,,,0,False,False,broad,calibrated_broad,1
BOAMP:20-142015,BOAMP,SIREN:234400034,72.0,IT Services & Consulting,2020-11-21,36.0,1,34.23,,34.23,BOAMP:23-134735,,OUVERT,SERVICES,False,2023-11-21,publication_date,calibrated_rule,0.5152,0.4356,0.2,True,0.705,0,0,0,0.5152,0.4084,0.1069,3,False,False,broad,calibrated_broad,0
BOAMP:20-143091,BOAMP,SIREN:130029747,38.0,Unknown,2021-04-27,12.0,0,44.15,44.15,,,,OUVERT,FOURNITURES,False,2022-04-27,attribution_award_date,none,,,,,,0,0,0,,,,0,False,False,broad,calibrated_broad,1
BOAMP:20-148013,BOAMP,SIREN:935367433,45.0,Data & AI,2020-12-05,22.0,0,48.85,48.85,,,,OUVERT,TRAVAUX,False,2022-10-05,publication_date,none,,,,,,0,0,0,,,,0,False,False,broad,calibrated_broad,1
BOAMP:20-149977,BOAMP,NAME:cte cnes du pays de chateau de gontier,64.0,Digital Workplace & Collaboration,2020-12-11,24.0,0,48.65,48.65,,,,OUVERT,SERVICES,False,2022-12-11,publication_date,none,,,,,,0,0,0,,,,0,False,False,broad,calibrated_broad,1
BOAMP:20-154115,BOAMP,SIREN:576150270,34.0,Cybersecurity,2021-02-11,3.0,0,46.62,46.62,,,,OUVERT,FOURNITURES,False,2021-05-13,attribution_award_date,none,,,,,,0,0,0,,,,0,False,False,broad,calibrated_broad,1
BOAMP:20-155284,BOAMP,SIREN:234400034,79.0,Unknown,2020-12-20,12.0,1,12.06,,12.06,BOAMP:21-130956,,OUVERT,SERVICES,False,2021-12-20,publication_date,calibrated_rule,0.5643,0.4158,0.2,True,0.99,0,0,0,0.5643,0.4973,0.067,3,False,False,broad,calibrated_broad,0
BOAMP:20-155309,BOAMP,SIREN:228500013,72.0,IT Services & Consulting,2021-03-11,24.0,1,21.25,,21.25,BOAMP:22-166698,,OUVERT,SERVICES,False,2023-03-11,attribution_award_date,calibrated_rule,0.7875,0.8228,0.8,True,0.5417,0,0,0,0.7875,0.6105,0.177,3,False,True,broad,calibrated_broad,0
BOAMP:21-11209,BOAMP,SIREN:180043010,72.0,IT Services & Consulting,2021-01-25,5.0,0,47.17,47.17,,,138500.0,PROCEDURE_ADAPTE,SERVICES,False,2021-06-26,publication_date,none,,,,,,0,0,0,,,,0,False,False,broad,calibrated_broad,1
BOAMP:21-12643,BOAMP,NAME:sec gal pour l adm min interieur ouest,45.0,Telecom & Networks,2021-01-27,6.0,0,47.11,47.11,,,,PROCEDURE_ADAPTE,TRAVAUX,False,2021-07-28,publication_date,none,,,,,,0,0,0,,,,0,False,False,broad,calibrated_broad,1
BOAMP:21-16407,BOAMP,NAME:communaute d agglomeration du niortais,72.0,IT Services & Consulting,2021-02-04,12.0,0,46.85,46.85,,,,PROCEDURE_ADAPTE,SERVICES,False,2022-02-04,publication_date,none,,,,,,0,0,0,,,,0,False,False,broad,calibrated_broad,1
BOAMP:21-16505,BOAMP,SIREN:234400034,72.0,Cybersecurity,2021-05-10,12.0,1,11.1,,11.1,BOAMP:22-20320,,OUVERT,SERVICES,False,2022-05-10,attribution_award_date,calibrated_rule,0.6142,0.6106,0.2,True,0.85,0,0,0,0.6142,0.527,0.0873,7,False,False,broad,calibrated_broad,0
BOAMP:21-20759,BOAMP,NAME:arafer,,Cloud & Infrastructure,2021-02-12,24.0,0,46.58,46.58,,,138000.0,PROCEDURE_ADAPTE,SERVICES,False,2023-02-12,publication_date,none,,,,,,0,0,0,,,,0,False,False,broad,calibrated_broad,1
BOAMP:21-19596,BOAMP,NAME:ville d alencon,72.0,IT Services & Consulting,2021-05-19,12.0,0,43.43,43.43,,,240000.0,OUVERT,SERVICES,False,2022-05-19,attribution_award_date,none,,,,,,0,0,0,,,,0,False,False,broad,calibrated_broad,1
BOAMP:21-22700,BOAMP,SIREN:110006012,72.0,IT Services & Consulting,2021-03-12,24.0,1,25.79,,25.79,BOAMP:23-61473,,OUVERT,SERVICES,False,2023-03-12,attribution_award_date,calibrated_rule,0.6379,0.744,0.2,True,0.7017,0,0,1,0.6379,,,1,True,False,broad,calibrated_broad,0
BOAMP:21-25043,BOAMP,SIREN:214400269,,Data & AI,2021-02-23,6.0,0,46.22,46.22,,,,PROCEDURE_ADAPTE,FOURNITURES,False,2021-08-24,publication_date,none,,,,,,0,0,0,,,,0,False,False,broad,calibrated_broad,1
BOAMP:21-25103,BOAMP,SIREN:200082139,22.0,Cybersecurity,2021-02-25,12.0,0,46.16,46.16,,,180000.0,OUVERT,FOURNITURES,False,2022-02-25,publication_date,none,,,,,,0,0,0,,,,0,False,False,broad,calibrated_broad,1
BOAMP:21-26779,BOAMP,SIREN:234400034,72.0,Cybersecurity,2021-06-14,24.0,1,23.59,,23.59,BOAMP:23-73693,,OUVERT,SERVICES,False,2023-06-14,attribution_award_date,calibrated_rule,0.5964,0.4001,0.4,True,0.9317,0,0,0,0.5964,0.497,0.0994,2,False,False,broad,calibrated_broad,0
BOAMP:21-29818,BOAMP,NAME:soc publique reg abe de fontevraud,32.0,Telecom & Networks,2021-05-10,5.0,0,43.73,43.73,,,380000.0,OUVERT,FOURNITURES,False,2021-10-09,attribution_award_date,none,,,,,,0,0,0,,,,0,False,False,broad,calibrated_broad,1
BOAMP:21-30450,BOAMP,NAME:crdc le lieu unique,32.0,Telecom & Networks,2021-03-11,5.0,0,45.7,45.7,,,38000.0,OUVERT,FOURNITURES,False,2021-08-10,publication_date,none,,,,,,0,0,0,,,,0,False,False,broad,calibrated_broad,1
BOAMP:21-32692,BOAMP,NAME:ircec,72.0,IT Maintenance & Support,2021-03-13,12.0,0,45.63,45.63,,,,OUVERT,SERVICES,False,2022-03-13,publication_date,none,,,,,,0,0,0,,,,0,False,False,broad,calibrated_broad,1
BOAMP:21-35939,BOAMP,SIREN:935367433,72.0,IT Services & Consulting,2021-03-19,12.0,0,45.43,45.43,,,,OUVERT,SERVICES,False,2022-03-19,publication_date,none,,,,,,0,0,0,,,,0,False,False,broad,calibrated_broad,1
BOAMP:21-36205,BOAMP,SIREN:935367433,72.0,IT Services & Consulting,2021-03-20,12.0,0,45.4,45.4,,,,OUVERT,SERVICES,False,2022-03-20,publication_date,none,,,,,,0,0,0,,,,0,False,False,broad,calibrated_broad,1
BOAMP:21-37354,BOAMP,NAME:le mans,48.0,Software & Applications,2021-03-21,12.0,0,45.37,45.37,,,,OUVERT,FOURNITURES,False,2022-03-21,publication_date,none,,,,,,0,0,0,,,,0,False,False,broad,calibrated_broad,1
BOAMP:21-39936,BOAMP,SIREN:214401580,32.0,Telecom & Networks,2021-06-24,4.0,0,42.25,42.25,,,,OUVERT,FOURNITURES,False,2021-10-23,attribution_award_date,none,,,,,,0,0,0,,,,0,False,False,broad,calibrated_broad,1
BOAMP:21-46043,BOAMP,SIREN:234400034,72.0,IT Services & Consulting,2021-06-30,12.0,1,12.35,,12.35,BOAMP:22-29878,,OUVERT,SERVICES,False,2022-06-30,attribution_award_date,calibrated_rule,0.6507,0.781,0.0,True,0.9417,0,0,0,0.6507,0.5839,0.0669,10,False,False,broad,calibrated_broad,0
BOAMP:21-49520,BOAMP,SIREN:200041333,32.0,Telecom & Networks,2021-04-13,36.0,0,44.61,44.61,,,,PROCEDURE_ADAPTE,SERVICES,False,2024-04-12,publication_date,none,,,,,,0,0,0,,,,0,False,False,broad,calibrated_broad,1
BOAMP:21-50713,BOAMP,NAME:le mans,,Software & Applications,2021-04-15,12.0,0,44.55,44.55,,,,PROCEDURE_ADAPTE,FOURNITURES,False,2022-04-15,publication_date,none,,,,,,0,0,0,,,,0,False,False,broad,calibrated_broad,1
BOAMP:21-50004,BOAMP,NAME:comcom estuaire et sillon,72.0,IT Services & Consulting,2021-07-27,36.0,0,41.16,41.16,,,,OUVERT,SERVICES,False,2024-07-26,attribution_award_date,none,,,,,,0,0,0,,,,0,False,False,broad,calibrated_broad,1
BOAMP:21-50635,BOAMP,SIREN:391722881,72.0,IT Services & Consulting,2022-02-21,36.0,0,34.3,34.3,,,,NEGOCIE,SERVICES,False,2025-02-20,attribution_award_date,none,,,,,,0,0,0,,,,0,False,False,broad,calibrated_broad,1
BOAMP:21-51104,BOAMP,SIREN:391722881,72.0,IT Services & Consulting,2022-02-21,12.0,1,9.4,,9.4,BOAMP:22-159813,,NEGOCIE,SERVICES,False,2023-02-21,attribution_award_date,calibrated_rule,0.6645,0.878,0.2,True,0.5667,0,0,0,0.6645,0.6343,0.0302,5,False,False,broad,calibrated_broad,0
BOAMP:21-51620,BOAMP,SIREN:935367433,72.0,IT Services & Consulting,2021-04-18,12.0,0,44.45,44.45,,,,OUVERT,SERVICES,False,2022-04-18,publication_date,none,,,,,,0,0,0,,,,0,False,False,broad,calibrated_broad,1
BOAMP:21-53976,BOAMP,SIREN:225300011,72.0,IT Services & Consulting,2021-04-22,12.0,1,17.18,,17.18,BOAMP:22-83349,,PROCEDURE_ADAPTE,SERVICES,False,2022-04-22,publication_date,calibrated_rule,0.5017,0.436,0.6,True,0.1367,0,0,0,0.5017,,,1,True,False,broad,calibrated_broad,0
BOAMP:21-53955,BOAMP,SIREN:130001704,72.0,IT Services & Consulting,2021-04-24,12.0,0,44.25,44.25,,,1000000.0,OUVERT,SERVICES,False,2022-04-24,publication_date,none,,,,,,0,0,0,,,,0,False,False,broad,calibrated_broad,1
BOAMP:21-53968,BOAMP,SIREN:935367433,72.0,IT Services & Consulting,2021-04-24,12.0,0,44.25,44.25,,,,OUVERT,SERVICES,False,2022-04-24,publication_date,none,,,,,,0,0,0,,,,0,False,False,broad,calibrated_broad,1
BOAMP:21-54966,BOAMP,NAME:syndicat mixte gigalis,72.0,IT Services & Consulting,2021-04-25,36.0,0,44.22,44.22,,,,OUVERT,SERVICES,False,2024-04-24,publication_date,none,,,,,,0,0,0,,,,0,False,False,broad,calibrated_broad,1
BOAMP:21-57207,BOAMP,SIREN:234400034,35.0,Cybersecurity,2021-04-30,7.0,0,44.05,44.05,,,,OUVERT,FOURNITURES,False,2021-11-29,publication_date,none,,,,,,0,0,0,,,,0,False,False,broad,calibrated_broad,1
BOAMP:21-60810,BOAMP,SIREN:214400475,32.0,Telecom & Networks,2021-05-05,36.0,0,43.89,43.89,,,,PROCEDURE_ADAPTE,FOURNITURES,False,2024-05-04,publication_date,none,,,,,,0,0,0,,,,0,False,False,broad,calibrated_broad,1
BOAMP:21-57288,BOAMP,SIREN:532458809,45.0,Data & AI,2021-08-31,30.0,0,40.01,40.01,,,,OUVERT,TRAVAUX,False,2024-03-01,attribution_award_date,none,,,,,,0,0,0,,,,0,False,False,broad,calibrated_broad,1
BOAMP:21-62138,BOAMP,SIREN:234400034,35.0,Cybersecurity,2021-05-07,4.0,0,43.82,43.82,,,,PROCEDURE_ADAPTE,FOURNITURES,False,2021-09-05,publication_date,none,,,,,,0,0,0,,,,0,False,False,broad,calibrated_broad,1
BOAMP:21-50135,BOAMP,NAME:cte de communes du pays des herbiers,18.0,Unknown,2021-08-09,12.0,0,40.74,40.74,,,38000.0,OUVERT,FOURNITURES,False,2022-08-09,attribution_award_date,none,,,,,,0,0,0,,,,0,False,False,broad,calibrated_broad,1
BOAMP:21-63730,BOAMP,SIREN:248500589,37.0,Unknown,2021-10-07,36.0,0,38.8,38.8,,,850000.0,OUVERT,FOURNITURES,False,2024-10-06,attribution_award_date,none,,,,,,0,0,0,,,,0,False,False,broad,calibrated_broad,1
BOAMP:21-66086,BOAMP,NAME:regie dept passages d eau de vendee,72.0,IT Services & Consulting,2021-05-17,36.0,0,43.5,43.5,,,,PROCEDURE_ADAPTE,SERVICES,False,2024-05-16,publication_date,none,,,,,,0,0,0,,,,0,False,False,broad,calibrated_broad,1
BOAMP:21-68348,BOAMP,NAME:inra angers nantes,32.0,Telecom & Networks,2021-12-14,12.0,0,36.56,36.56,,,,NEGOCIE,FOURNITURES,False,2022-12-14,attribution_award_date,none,,,,,,0,0,0,,,,0,False,False,broad,calibrated_broad,1
BOAMP:21-67771,BOAMP,SIREN:234400034,48.0,Cloud & Infrastructure,2021-10-08,12.0,1,13.01,,13.01,BOAMP:22-85365,,OUVERT,FOURNITURES,False,2022-10-08,attribution_award_date,calibrated_rule,0.6472,0.7021,0.2,True,0.8317,0,0,0,0.6472,0.6197,0.0275,9,False,False,broad,calibrated_broad,0
BOAMP:21-69124,BOAMP,SIREN:935367433,35.0,Cybersecurity,2021-05-23,12.0,0,43.3,43.3,,,,OUVERT,FOURNITURES,False,2022-05-23,publication_date,none,,,,,,0,0,0,,,,0,False,False,broad,calibrated_broad,1
BOAMP:21-67894,BOAMP,SIREN:200071678,43.0,Data & AI,2021-12-09,12.0,0,36.73,36.73,,,4500.0,OUVERT,FOURNITURES,False,2022-12-09,attribution_award_date,none,,,,,,0,0,0,,,,0,False,False,broad,calibrated_broad,1
BOAMP:21-76925,BOAMP,SIREN:264400136,72.0,IT Services & Consulting,2021-10-14,12.0,1,8.28,,8.28,BOAMP:22-87982,,OUVERT,SERVICES,False,2022-10-14,attribution_award_date,calibrated_rule,0.6652,0.4729,1.0,True,0.38,0,0,0,0.6652,0.4824,0.1827,2,False,False,broad,calibrated_broad,0
BOAMP:21-77546,BOAMP,SIREN:935367433,72.0,IT Maintenance & Support,2021-06-10,12.0,0,42.71,42.71,,,,OUVERT,SERVICES,False,2022-06-10,publication_date,none,,,,,,0,0,0,,,,0,False,False,broad,calibrated_broad,1
BOAMP:21-77933,BOAMP,SIREN:830955068,72.0,Digital Workplace & Collaboration,2021-07-27,12.0,0,41.16,41.16,,,300000.0,OUVERT,SERVICES,False,2022-07-27,attribution_award_date,none,,,,,,0,0,0,,,,0,False,False,broad,calibrated_broad,1
BOAMP:21-78101,BOAMP,SIREN:247200132,39.0,Unknown,2021-11-16,4.0,0,37.48,37.48,,,,OUVERT,FOURNITURES,False,2022-03-17,attribution_award_date,none,,,,,,0,0,0,,,,0,False,False,broad,calibrated_broad,1
BOAMP:21-78393,BOAMP,SIREN:935367433,72.0,IT Services & Consulting,2021-06-11,12.0,0,42.67,42.67,,,,OUVERT,SERVICES,False,2022-06-11,publication_date,none,,,,,,0,0,0,,,,0,False,False,broad,calibrated_broad,1
BOAMP:21-79975,BOAMP,NAME:epsilon centrale d achat informatique,72.0,IT Services & Consulting,2021-06-13,24.0,0,42.61,42.61,,,650000.0,OUVERT,SERVICES,False,2023-06-13,publication_date,none,,,,,,0,0,0,,,,0,False,False,broad,calibrated_broad,1
BOAMP:21-81812,BOAMP,SIREN:200071553,48.0,Cloud & Infrastructure,2021-10-27,12.0,0,38.14,38.14,,,360000.0,OUVERT,FOURNITURES,False,2022-10-27,attribution_award_date,none,,,,,,0,0,0,,,,0,False,False,broad,calibrated_broad,1
BOAMP:21-82605,BOAMP,SIREN:110043015,72.0,IT Services & Consulting,2021-06-18,36.0,0,42.44,42.44,,,5000000.0,OUVERT,SERVICES,False,2024-06-17,publication_date,none,,,,,,0,0,0,,,,0,False,False,broad,calibrated_broad,1
BOAMP:21-82013,BOAMP,SIREN:130025919,72.0,Cybersecurity,2021-06-18,18.0,0,42.44,42.44,,,1750000.0,OUVERT,SERVICES,False,2022-12-17,publication_date,none,,,,,,0,0,0,,,,0,False,False,broad,calibrated_broad,1
BOAMP:21-86124,BOAMP,NAME:sydela,32.0,Telecom & Networks,2021-06-23,24.0,0,42.28,42.28,,,,PROCEDURE_ADAPTE,SERVICES,False,2023-06-23,publication_date,none,,,,,,0,0,0,,,,0,False,False,broad,calibrated_broad,1
BOAMP:21-87993,BOAMP,SIREN:172800013,45.0,Unknown,2021-06-25,8.0,0,42.21,42.21,,,,PROCEDURE_ADAPTE,TRAVAUX,False,2022-02-23,publication_date,none,,,,,,0,0,0,,,,0,False,False,broad,calibrated_broad,1
BOAMP:21-86348,BOAMP,NAME:semitan,72.0,IT Services & Consulting,2021-11-29,24.0,1,24.41,,24.41,BOAMP:23-48532,,NEGOCIE,SERVICES,False,2023-11-29,attribution_award_date,calibrated_rule,0.6104,0.5602,0.2,True,0.9317,0,0,0,0.6104,0.4465,0.1639,3,False,False,broad,calibrated_broad,0
BOAMP:21-86773,BOAMP,SIREN:234400034,79.0,Unknown,2021-06-26,24.0,1,23.95,,23.95,BOAMP:23-87870,,OUVERT,SERVICES,False,2023-06-26,publication_date,calibrated_rule,0.5659,0.4189,0.2,True,0.9917,0,0,0,0.5659,0.5323,0.0336,4,False,False,broad,calibrated_broad,0
BOAMP:21-88699,BOAMP,NAME:semitan,72.0,IT Services & Consulting,2022-02-16,36.0,1,30.72,,30.72,BOAMP:24-102022,,NEGOCIE,SERVICES,False,2025-02-15,attribution_award_date,calibrated_rule,0.4119,0.4697,0.2,True,0.12,0,0,0,0.4119,,,1,True,False,broad,calibrated_broad,0
BOAMP:21-88585,BOAMP,SIREN:922749635,32.0,Telecom & Networks,2021-10-27,12.0,0,38.14,38.14,,,50000.0,OUVERT,FOURNITURES,False,2022-10-27,attribution_award_date,none,,,,,,0,0,0,,,,0,False,False,broad,calibrated_broad,1
BOAMP:21-88617,BOAMP,SIREN:200071876,48.0,Software & Applications,2021-06-30,12.0,0,42.05,42.05,,,,OUVERT,FOURNITURES,False,2022-06-30,publication_date,none,,,,,,0,0,0,,,,0,False,False,broad,calibrated_broad,1
BOAMP:21-89893,BOAMP,NAME:communaute d agglomeration du niortais,72.0,IT Services & Consulting,2021-07-02,24.0,1,20.2,,20.2,BOAMP:23-32316,250000.0,OUVERT,SERVICES,False,2023-07-02,publication_date,calibrated_rule,0.4121,0.4719,0.0,True,0.3667,0,0,0,0.4121,,,1,True,False,broad,calibrated_broad,0
BOAMP:21-91773,BOAMP,SIREN:391722881,72.0,Digital Workplace & Collaboration,2021-07-04,24.0,1,21.42,,21.42,BOAMP:22-74813,,NEGOCIE,SERVICES,False,2023-07-04,publication_date,calibrated_rule,0.6111,0.7427,0.2,True,0.57,0,0,1,0.6111,0.5986,0.0124,4,False,False,broad,calibrated_broad,0
BOAMP:21-93999,BOAMP,SIREN:200069474,35.0,Cybersecurity,2021-07-09,12.0,0,41.75,41.75,,,83200.0,OUVERT,FOURNITURES,False,2022-07-09,publication_date,none,,,,,,0,0,0,,,,0,False,False,broad,calibrated_broad,1
BOAMP:21-97121,BOAMP,SIREN:244400438,72.0,Cybersecurity,2021-10-11,24.0,0,38.67,38.67,,,1600000.0,OUVERT,SERVICES,False,2023-10-11,attribution_award_date,none,,,,,,0,0,0,,,,0,False,False,broad,calibrated_broad,1
BOAMP:21-99793,BOAMP,NAME:sgami ouest,32.0,Telecom & Networks,2021-07-16,5.0,0,41.52,41.52,,,,PROCEDURE_ADAPTE,TRAVAUX,False,2021-12-15,publication_date,none,,,,,,0,0,0,,,,0,False,False,broad,calibrated_broad,1
BOAMP:21-101248,BOAMP,SIREN:214401846,48.0,Software & Applications,2021-11-03,12.0,1,13.37,,13.37,BOAMP:22-165686,150000.0,OUVERT,FOURNITURES,False,2022-11-03,attribution_award_date,calibrated_rule,0.4755,0.4279,0.0,True,0.7717,0,0,0,0.4755,0.4088,0.0667,2,False,False,broad,calibrated_broad,0
BOAMP:21-102565,BOAMP,SIREN:214400202,35.0,Cybersecurity,2021-07-24,7.0,1,11.47,,11.47,BOAMP:22-19299,342282.0,OUVERT,FOURNITURES,False,2022-02-22,publication_date,calibrated_rule,0.3914,0.4759,0.0,True,0.255,0,0,0,0.3914,,,1,True,False,broad,calibrated_broad,0
BOAMP:21-103746,BOAMP,NAME:ville du mans,,Data & AI,2021-07-26,24.0,1,22.73,,22.73,BOAMP:23-83529,120600.0,PROCEDURE_ADAPTE,FOURNITURES,False,2023-07-26,publication_date,calibrated_rule,0.6975,0.5387,,False,0.7883,0,0,0,0.6975,,,1,True,False,broad,calibrated_broad,0
BOAMP:21-114338,BOAMP,NAME:cc du pays de st fulgent les essarts,72.0,IT Services & Consulting,2021-08-24,18.0,0,40.24,40.24,,,,PROCEDURE_ADAPTE,,False,2023-02-22,publication_date,none,,,,,,0,0,0,,,,0,False,False,broad,calibrated_broad,1
BOAMP:21-118586,BOAMP,NAME:le mans,35.0,Cybersecurity,2021-09-05,12.0,1,13.44,,13.44,BOAMP:22-69458,,OUVERT,FOURNITURES,False,2022-09-05,publication_date,calibrated_rule,0.6151,0.7828,0.0,True,0.76,0,0,0,0.6151,0.5407,0.0745,5,False,False,broad,calibrated_broad,0
BOAMP:21-120100,BOAMP,SIREN:215601071,35.0,Cybersecurity,2021-09-10,6.0,0,39.68,39.68,,,,OUVERT,FOURNITURES,False,2022-03-11,publication_date,none,,,,,,0,0,0,,,,0,False,False,broad,calibrated_broad,1
BOAMP:21-125862,BOAMP,NAME:groupement d achats de l herm,15.0,Unknown,2021-09-22,12.0,0,39.29,39.29,,,,OUVERT,FOURNITURES,False,2022-09-22,publication_date,none,,,,,,0,0,0,,,,0,False,False,broad,calibrated_broad,1
BOAMP:21-125536,BOAMP,NAME:crous de nantes,72.0,IT Services & Consulting,2021-09-22,12.0,0,39.29,39.29,,,,OUVERT,SERVICES,False,2022-09-22,publication_date,none,,,,,,0,0,0,,,,0,False,False,broad,calibrated_broad,1
BOAMP:21-125688,BOAMP,SIREN:546650169,72.0,IT Services & Consulting,2021-12-08,12.0,1,9.59,,9.59,BOAMP:22-93332,,OUVERT,SERVICES,False,2022-12-08,attribution_award_date,calibrated_rule,0.5401,0.5512,0.2,True,0.5983,0,0,0,0.5401,,,1,True,False,broad,calibrated_broad,0
BOAMP:21-126360,BOAMP,SIREN:983291931,72.0,IT Services & Consulting,2021-10-28,6.0,0,38.11,38.11,,,,OUVERT,SERVICES,False,2022-04-28,attribution_award_date,none,,,,,,0,0,0,,,,0,False,False,broad,calibrated_broad,1
BOAMP:21-126684,BOAMP,SIREN:234400034,72.0,Cybersecurity,2022-01-10,24.0,1,18.07,,18.07,BOAMP:23-98718,,OUVERT,SERVICES,False,2024-01-10,attribution_award_date,calibrated_rule,0.3767,0.4358,0.2,True,0.0117,0,0,0,0.3767,,,1,True,False,broad,calibrated_broad,0
BOAMP:21-128976,BOAMP,SIREN:327822177,72.0,IT Services & Consulting,2022-02-21,12.0,0,34.3,34.3,,,,NEGOCIE,SERVICES,False,2023-02-21,attribution_award_date,none,,,,,,0,0,0,,,,0,False,False,broad,calibrated_broad,1
BOAMP:21-121431,BOAMP,SIREN:532458809,32.0,Telecom & Networks,2021-09-30,12.0,0,39.03,39.03,,,,PROCEDURE_ADAPTE,FOURNITURES,False,2022-09-30,publication_date,none,,,,,,0,0,0,,,,0,False,False,broad,calibrated_broad,1
BOAMP:21-129937,BOAMP,SIREN:214401093,72.0,IT Services & Consulting,2021-10-01,24.0,1,18.33,,18.33,BOAMP:23-48831,214000.0,OUVERT,SERVICES,False,2023-10-01,publication_date,calibrated_rule,0.3231,0.4052,0.0,True,0.055,0,0,0,0.3231,,,1,True,False,broad,calibrated_broad,0
BOAMP:21-130956,BOAMP,SIREN:234400034,79.0,Software & Applications,2021-12-22,24.0,1,23.78,,23.78,BOAMP:23-174149,,OUVERT,SERVICES,False,2023-12-22,attribution_award_date,calibrated_rule,0.5028,0.4003,0.0,True,0.9633,0,0,0,0.5028,0.4108,0.092,2,False,False,broad,calibrated_broad,0
BOAMP:21-137487,BOAMP,SIREN:546650169,72.0,IT Services & Consulting,2021-12-08,12.0,1,9.59,,9.59,BOAMP:22-93332,,OUVERT,SERVICES,False,2022-12-08,attribution_award_date,calibrated_rule,0.8113,0.7291,1.0,True,0.5983,0,0,0,0.8113,,,1,True,False,broad,calibrated_broad,0
BOAMP:21-137461,BOAMP,NAME:cnes terres de montaigu,45.0,Unknown,2021-10-15,12.0,0,38.53,38.53,,,1600000.0,OUVERT,TRAVAUX,False,2022-10-15,publication_date,none,,,,,,0,0,0,,,,0,False,False,broad,calibrated_broad,1
BOAMP:21-141754,BOAMP,SIREN:200071900,45.0,Software & Applications,2021-10-21,5.0,0,38.34,38.34,,,,PROCEDURE_ADAPTE,TRAVAUX,False,2022-03-22,publication_date,none,,,,,,0,0,0,,,,0,False,False,broad,calibrated_broad,1
BOAMP:21-142218,BOAMP,SIREN:234400034,79.0,Unknown,2022-03-10,12.0,1,15.51,,15.51,BOAMP:23-87870,139000.0,OUVERT,SERVICES,False,2023-03-10,attribution_award_date,calibrated_rule,0.6685,0.4638,1.0,True,0.415,0,0,0,0.6685,0.5276,0.1409,9,False,False,broad,calibrated_broad,0
BOAMP:21-142703,BOAMP,NAME:chambre reg agri pays de la loire,72.0,Digital Workplace & Collaboration,2021-10-27,18.0,0,38.14,38.14,,,300000.0,OUVERT,SERVICES,False,2023-04-27,publication_date,none,,,,,,0,0,0,,,,0,False,False,broad,calibrated_broad,1
BOAMP:21-144079,BOAMP,NAME:ecole national sup d arts et metiers,32.0,Telecom & Networks,2021-10-28,24.0,0,38.11,38.11,,,,OUVERT,FOURNITURES,False,2023-10-28,publication_date,none,,,,,,0,0,0,,,,0,False,False,broad,calibrated_broad,1
BOAMP:21-139944,BOAMP,SIREN:200067346,30.0,IT Hardware & Equipment,2022-01-24,24.0,0,35.22,35.22,,,,OUVERT,FOURNITURES,False,2024-01-24,attribution_award_date,none,,,,,,0,0,0,,,,0,False,False,broad,calibrated_broad,1
BOAMP:21-146075,BOAMP,SIREN:214402042,72.0,IT Services & Consulting,2021-10-31,24.0,0,38.01,38.01,,,1200000.0,OUVERT,SERVICES,False,2023-10-31,publication_date,none,,,,,,0,0,0,,,,0,False,False,broad,calibrated_broad,1
BOAMP:21-148591,BOAMP,SIREN:200083392,32.0,Telecom & Networks,2021-11-10,6.0,0,37.68,37.68,,,,OUVERT,FOURNITURES,False,2022-05-11,publication_date,none,,,,,,0,0,0,,,,0,False,False,broad,calibrated_broad,1
BOAMP:21-148611,BOAMP,SIREN:247200132,39.0,Unknown,2022-02-14,4.0,0,34.53,34.53,,,,OUVERT,FOURNITURES,False,2022-06-15,attribution_award_date,none,,,,,,0,0,0,,,,0,False,False,broad,calibrated_broad,1
BOAMP:21-150615,BOAMP,SIREN:832970024,72.0,IT Services & Consulting,2021-11-14,12.0,0,37.55,37.55,,,,OUVERT,SERVICES,False,2022-11-14,publication_date,none,,,,,,0,0,0,,,,0,False,False,broad,calibrated_broad,1
BOAMP:21-152470,BOAMP,SIREN:214401093,32.0,Telecom & Networks,2021-11-17,24.0,0,37.45,37.45,,,,PROCEDURE_ADAPTE,FOURNITURES,False,2023-11-17,publication_date,none,,,,,,0,0,0,,,,0,False,False,broad,calibrated_broad,1
BOAMP:21-151331,BOAMP,SIREN:831928452,72.0,Digital Workplace & Collaboration,2021-11-17,12.0,0,37.45,37.45,,,180000.0,OUVERT,SERVICES,False,2022-11-17,publication_date,none,,,,,,0,0,0,,,,0,False,False,broad,calibrated_broad,1
BOAMP:21-153244,BOAMP,SIREN:180043010,30.0,IT Hardware & Equipment,2021-11-20,24.0,0,37.35,37.35,,,,OUVERT,FOURNITURES,False,2023-11-20,publication_date,none,,,,,,0,0,0,,,,0,False,False,broad,calibrated_broad,1
BOAMP:21-155430,BOAMP,NAME:gpm de nantes st nazaire,48.0,Software & Applications,2021-11-26,8.0,0,37.16,37.16,,,460000.0,NEGOCIE,FOURNITURES,False,2022-07-27,publication_date,none,,,,,,0,0,0,,,,0,False,False,broad,calibrated_broad,1
BOAMP:21-161507,BOAMP,NAME:sydela,32.0,Telecom & Networks,2022-01-27,24.0,0,35.12,35.12,,,,PROCEDURE_ADAPTE,,False,2024-01-27,attribution_award_date,none,,,,,,0,0,0,,,,0,False,False,broad,calibrated_broad,1
BOAMP:21-159075,BOAMP,SIREN:535164412,45.0,Unknown,2022-06-07,24.0,0,30.81,30.81,,,,RESTREINT,TRAVAUX,False,2024-06-06,attribution_award_date,none,,,,,,0,0,0,,,,0,False,False,broad,calibrated_broad,1
BOAMP:21-161904,BOAMP,NAME:cd 44,72.0,IT Maintenance & Support,2022-03-09,12.0,1,11.5,,11.5,BOAMP:22-90329,,OUVERT,SERVICES,False,2023-03-09,attribution_award_date,calibrated_rule,0.9043,0.8023,1.0,True,0.9167,0,0,0,0.9043,,,1,True,False,broad,calibrated_broad,0
BOAMP:21-170353,BOAMP,NAME:le mans,48.0,Software & Applications,2022-06-02,12.0,1,6.44,,6.44,BOAMP:22-165707,537500.0,OUVERT,FOURNITURES,False,2023-06-02,attribution_award_date,calibrated_rule,0.3361,0.4286,0.0,True,0.0733,0,0,0,0.3361,0.3343,0.0018,2,False,False,broad,calibrated_broad,0
BOAMP:22-7823,BOAMP,SIREN:381053768,32.0,Telecom & Networks,2022-05-03,24.0,1,23.95,,23.95,BOAMP:24-50959,400000.0,OUVERT,FOURNITURES,False,2024-05-02,attribution_award_date,calibrated_rule,0.8201,0.5543,1.0,True,0.9917,0,0,0,0.8201,0.7894,0.0307,2,False,False,broad,calibrated_broad,0
BOAMP:22-13142,BOAMP,SIREN:234400034,72.0,IT Services & Consulting,2022-07-11,12.0,1,10.02,,10.02,BOAMP:23-63763,,OUVERT,SERVICES,False,2023-07-11,attribution_award_date,calibrated_rule,0.5352,0.5029,0.2,True,0.67,0,0,0,0.5352,0.5158,0.0194,3,False,False,broad,calibrated_broad,0
BOAMP:22-15926,BOAMP,NAME:la garnache,32.0,Telecom & Networks,2022-01-31,3.0,0,34.99,34.99,,,,OUVERT,FOURNITURES,False,2022-05-02,publication_date,none,,,,,,0,0,0,,,,0,False,False,broad,calibrated_broad,1
BOAMP:22-12758,BOAMP,SIREN:532458809,35.0,Cybersecurity,2022-06-17,12.0,1,13.04,,13.04,BOAMP:23-47137,200000.0,OUVERT,FOURNITURES,False,2023-06-17,attribution_award_date,calibrated_rule,0.6793,0.7849,0.2,True,0.8267,0,0,0,0.6793,,,1,True,False,broad,calibrated_broad,0
BOAMP:22-15069,BOAMP,SIREN:244900015,32.0,Telecom & Networks,2022-05-13,12.0,1,6.9,,6.9,BOAMP:22-162609,800000.0,OUVERT,FOURNITURES,False,2023-05-13,attribution_award_date,calibrated_rule,0.3572,0.4431,0.0,True,0.15,0,0,0,0.3572,,,1,True,False,broad,calibrated_broad,0
BOAMP:22-19299,BOAMP,SIREN:214400202,48.0,Cloud & Infrastructure,2022-07-08,24.0,0,29.8,29.8,,,1040000.0,NEGOCIE,FOURNITURES,False,2024-07-07,attribution_award_date,none,,,,,,0,0,0,,,,0,False,False,broad,calibrated_broad,1
BOAMP:22-21573,BOAMP,NAME:nantes metropole,72.0,GIS & Mapping,2022-02-10,8.0,1,7.88,,7.88,BOAMP:22-133794,,OUVERT,SERVICES,False,2022-10-11,publication_date,calibrated_rule,0.6084,0.531,0.2,True,0.98,0,0,0,0.6084,0.5843,0.0241,5,False,False,broad,calibrated_broad,0
BOAMP:22-24571,BOAMP,SIREN:233500016,72.0,IT Services & Consulting,2022-02-16,24.0,0,34.46,34.46,,,45000.0,OUVERT,SERVICES,False,2024-02-16,publication_date,none,,,,,,0,0,0,,,,0,False,False,broad,calibrated_broad,1
BOAMP:22-25102,BOAMP,SIREN:234400034,48.0,Software & Applications,2022-02-19,12.0,1,8.67,,8.67,BOAMP:22-150264,,OUVERT,FOURNITURES,False,2023-02-19,publication_date,calibrated_rule,0.5129,0.5598,0.2,True,0.445,0,0,0,0.5129,0.5102,0.0027,7,False,False,broad,calibrated_broad,0
BOAMP:22-24902,BOAMP,SIREN:244900015,48.0,Cloud & Infrastructure,2022-02-21,7.0,1,7.95,,7.95,BOAMP:22-141594,,RESTREINT,TRAVAUX,False,2022-09-22,publication_date,calibrated_rule,0.4831,0.4118,0.0,True,0.8417,0,0,0,0.4831,,,1,True,False,broad,calibrated_broad,0
BOAMP:22-28144,BOAMP,SIREN:546650169,72.0,IT Services & Consulting,2022-02-23,12.0,1,7.06,,7.06,BOAMP:22-93332,,OUVERT,SERVICES,False,2023-02-23,publication_date,calibrated_rule,0.6573,0.555,1.0,True,0.1767,0,0,0,0.6573,,,1,True,False,broad,calibrated_broad,0
BOAMP:22-28887,BOAMP,NAME:soc publique reg abe de fontevraud,32.0,Telecom & Networks,2022-04-22,4.0,0,32.33,32.33,,,,OUVERT,FOURNITURES,False,2022-08-21,attribution_award_date,none,,,,,,0,0,0,,,,0,False,False,broad,calibrated_broad,1
BOAMP:22-30678,BOAMP,SIREN:225300011,72.0,Data & AI,2022-03-01,12.0,1,9.3,,9.3,BOAMP:22-162095,,OUVERT,SERVICES,False,2023-03-01,publication_date,calibrated_rule,0.5172,0.5179,0.2,True,0.55,0,0,0,0.5172,0.4999,0.0173,3,False,False,broad,calibrated_broad,0
BOAMP:22-29878,BOAMP,SIREN:234400034,48.0,Software & Applications,2022-07-11,12.0,0,29.7,29.7,,,,OUVERT,FOURNITURES,False,2023-07-11,attribution_award_date,none,,,,,,0,0,0,,,,0,False,False,broad,calibrated_broad,1
BOAMP:22-32770,BOAMP,SIREN:234400034,48.0,Software & Applications,2022-03-05,12.0,1,16.29,,16.29,BOAMP:23-98718,,OUVERT,FOURNITURES,False,2023-03-05,publication_date,calibrated_rule,0.3781,0.4277,0.0,True,0.285,0,0,0,0.3781,,,1,True,False,broad,calibrated_broad,0
BOAMP:22-35887,BOAMP,SIREN:200067635,45.0,Telecom & Networks,2022-06-21,12.0,0,30.35,30.35,,,,OUVERT,TRAVAUX,False,2023-06-21,attribution_award_date,none,,,,,,0,0,1,,,,0,False,False,broad,calibrated_broad,1
BOAMP:22-37294,BOAMP,SIREN:100492784,32.0,Telecom & Networks,2022-03-16,24.0,0,33.54,33.54,,,46000.0,OUVERT,FOURNITURES,False,2024-03-15,publication_date,none,,,,,,0,0,0,,,,0,False,False,broad,calibrated_broad,1
BOAMP:22-39342,BOAMP,SIREN:100492784,72.0,IT Services & Consulting,2022-03-16,24.0,0,33.54,33.54,,,4700.0,OUVERT,SERVICES,False,2024-03-15,publication_date,none,,,,,,0,0,0,,,,0,False,False,broad,calibrated_broad,1
BOAMP:22-38732,BOAMP,NAME:crous de nantes,72.0,IT Services & Consulting,2022-05-20,12.0,0,31.41,31.41,,,,OUVERT,SERVICES,False,2023-05-20,attribution_award_date,none,,,,,,0,0,0,,,,0,False,False,broad,calibrated_broad,1
BOAMP:22-39639,BOAMP,SIREN:225300011,72.0,Digital Workplace & Collaboration,2022-03-17,12.0,1,8.77,,8.77,BOAMP:22-162095,,OUVERT,SERVICES,False,2023-03-17,publication_date,calibrated_rule,0.5496,0.5181,0.4,True,0.4617,0,0,0,0.5496,,,1,True,False,broad,calibrated_broad,0
BOAMP:22-38397,BOAMP,SIREN:130023435,72.0,IT Services & Consulting,2022-03-17,12.0,0,33.51,33.51,,,,OUVERT,SERVICES,False,2023-03-17,publication_date,none,,,,,,0,0,0,,,,0,False,False,broad,calibrated_broad,1
BOAMP:22-39212,BOAMP,NAME:nantes metropole,72.0,IT Services & Consulting,2022-03-18,24.0,1,19.09,,19.09,BOAMP:23-144303,590000.0,OUVERT,SERVICES,False,2024-03-17,publication_date,calibrated_rule,0.4954,0.6476,0.2,True,0.1817,0,0,0,0.4954,0.4736,0.0218,7,False,False,broad,calibrated_broad,0
BOAMP:22-41063,BOAMP,SIREN:213500515,18.0,Unknown,2022-06-17,12.0,0,30.49,30.49,,,,OUVERT,FOURNITURES,False,2023-06-17,attribution_award_date,none,,,,,,0,0,0,,,,0,False,False,broad,calibrated_broad,1
BOAMP:22-41300,BOAMP,SIREN:535104756,72.0,IT Services & Consulting,2022-06-06,24.0,0,30.85,30.85,,,180000.0,OUVERT,SERVICES,False,2024-06-05,attribution_award_date,none,,,,,,0,0,0,,,,0,False,False,broad,calibrated_broad,1
BOAMP:22-51860,BOAMP,SIREN:228500013,72.0,IT Services & Consulting,2022-08-12,12.0,1,11.01,,11.01,BOAMP:23-43183,,OUVERT,SERVICES,False,2023-08-12,attribution_award_date,calibrated_rule,0.4892,0.4306,0.0,True,0.835,0,0,0,0.4892,0.4592,0.0301,4,False,False,broad,calibrated_broad,0
BOAMP:22-52158,BOAMP,NAME:cd 44,72.0,IT Services & Consulting,2022-04-11,19.0,0,32.69,32.69,,,,OUVERT,SERVICES,False,2023-11-10,publication_date,none,,,,,,0,0,0,,,,0,False,False,broad,calibrated_broad,1
BOAMP:22-55032,BOAMP,NAME:cd 44,72.0,IT Services & Consulting,2022-04-17,12.0,0,32.49,32.49,,,,OUVERT,SERVICES,False,2023-04-17,publication_date,none,,,,,,0,0,0,,,,0,False,False,broad,calibrated_broad,1
BOAMP:22-58525,BOAMP,NAME:communes de nozay,72.0,IT Services & Consulting,2022-09-09,18.0,0,27.73,27.73,,,14650.0,OUVERT,SERVICES,False,2024-03-09,attribution_award_date,none,,,,,,0,0,0,,,,0,False,False,broad,calibrated_broad,1
BOAMP:22-61807,BOAMP,NAME:cd 44,72.0,IT Services & Consulting,2022-04-29,12.0,1,9.82,,9.82,BOAMP:22-90329,,OUVERT,SERVICES,False,2023-04-29,publication_date,calibrated_rule,0.5043,0.4423,0.2,True,0.6367,0,0,0,0.5043,,,1,True,False,broad,calibrated_broad,0
BOAMP:22-64560,BOAMP,NAME:insee,72.0,Cybersecurity,2022-08-16,12.0,0,28.52,28.52,,,300000.0,OUVERT,SERVICES,False,2023-08-16,attribution_award_date,none,,,,,,0,0,0,,,,0,False,False,broad,calibrated_broad,1
BOAMP:22-66076,BOAMP,NAME:le mans,32.0,Telecom & Networks,2022-05-11,12.0,1,12.71,,12.71,BOAMP:22-148365,600000.0,OUVERT,FOURNITURES,False,2023-05-11,publication_date,calibrated_rule,0.4963,0.4249,0.0,True,0.8817,0,0,0,0.4963,,,1,True,False,broad,calibrated_broad,0
BOAMP:22-69952,BOAMP,SIREN:234400034,72.0,IT Services & Consulting,2022-05-16,24.0,1,19.02,,19.02,BOAMP:23-174149,,OUVERT,SERVICES,False,2024-05-15,publication_date,calibrated_rule,0.3954,0.4035,0.2,True,0.17,0,0,0,0.3954,,,1,True,False,broad,calibrated_broad,0
BOAMP:22-69458,BOAMP,NAME:le mans,32.0,Telecom & Networks,2022-10-19,12.0,1,7.42,,7.42,BOAMP:22-148365,600000.0,OUVERT,FOURNITURES,False,2023-10-19,attribution_award_date,calibrated_rule,0.3739,0.4413,0.0,True,0.2367,0,0,0,0.3739,,,1,True,False,broad,calibrated_broad,0
BOAMP:22-72719,BOAMP,SIREN:532458809,35.0,Cybersecurity,2022-08-04,12.0,1,11.47,,11.47,BOAMP:23-47137,100000.0,OUVERT,FOURNITURES,False,2023-08-04,attribution_award_date,calibrated_rule,0.7444,0.9052,0.2,True,0.9117,0,0,0,0.7444,0.3848,0.3596,2,False,True,broad,calibrated_broad,0
BOAMP:22-73696,BOAMP,NAME:ville du mans,18.0,Telecom & Networks,2022-08-16,12.0,0,28.52,28.52,,,,OUVERT,FOURNITURES,False,2023-08-16,attribution_award_date,none,,,,,,0,0,0,,,,0,False,False,broad,calibrated_broad,1
BOAMP:22-78731,BOAMP,SIREN:214400558,18.0,Unknown,2022-06-05,12.0,1,17.71,,17.71,BOAMP:23-165206,100000.0,OUVERT,FOURNITURES,False,2023-06-05,publication_date,calibrated_rule,0.3361,0.4411,0.0,True,0.0483,0,0,0,0.3361,,,1,True,False,broad,calibrated_broad,0
BOAMP:22-83444,BOAMP,SIREN:381053768,48.0,Software & Applications,2022-10-21,24.0,1,19.35,,19.35,BOAMP:24-62964,350000.0,OUVERT,FOURNITURES,False,2024-10-20,attribution_award_date,calibrated_rule,0.4269,0.5797,0.0,True,0.225,0,0,0,0.4269,0.3929,0.034,2,False,False,broad,calibrated_broad,0
BOAMP:22-87982,BOAMP,SIREN:264400136,72.0,IT Services & Consulting,2022-06-23,12.0,0,30.29,30.29,,,,OUVERT,FOURNITURES,False,2023-06-23,publication_date,none,,,,,,0,0,0,,,,0,False,False,broad,calibrated_broad,1
BOAMP:22-90330,BOAMP,SIREN:860800077,72.0,IT Maintenance & Support,2022-06-30,12.0,0,30.06,30.06,,,,OUVERT,SERVICES,False,2023-06-30,publication_date,none,,,,,,0,0,0,,,,0,False,False,broad,calibrated_broad,1
BOAMP:22-90329,BOAMP,NAME:cd 44,72.0,IT Maintenance & Support,2023-02-22,12.0,0,22.27,22.27,,,,NEGOCIE,SERVICES,False,2024-02-22,attribution_award_date,none,,,,,,0,0,1,,,,0,False,False,broad,calibrated_broad,1
BOAMP:22-93332,BOAMP,SIREN:546650169,72.0,IT Services & Consulting,2022-09-26,12.0,0,27.17,27.17,,,,OUVERT,SERVICES,False,2023-09-26,attribution_award_date,none,,,,,,0,0,0,,,,0,False,False,broad,calibrated_broad,1
BOAMP:22-94809,BOAMP,NAME:com d agglo reg nazairienne estuaire,48.0,Software & Applications,2022-12-06,6.0,1,6.87,,6.87,BOAMP:23-16355,,OUVERT,FOURNITURES,False,2023-06-06,attribution_award_date,calibrated_rule,0.5545,0.4588,0.2,True,0.855,0,0,0,0.5545,0.5353,0.0192,2,False,False,broad,calibrated_broad,0
BOAMP:22-95015,BOAMP,SIREN:234400034,32.0,Telecom & Networks,2022-07-09,12.0,1,12.45,,12.45,BOAMP:23-104062,,OUVERT,FOURNITURES,False,2023-07-09,publication_date,calibrated_rule,0.6561,0.4278,0.6,True,0.925,0,0,0,0.6561,0.5227,0.1334,4,False,False,broad,calibrated_broad,0
BOAMP:22-95969,BOAMP,SIREN:194909701,32.0,Telecom & Networks,2022-07-10,6.0,0,29.73,29.73,,,,OUVERT,FOURNITURES,False,2023-01-08,publication_date,none,,,,,,0,0,0,,,,0,False,False,broad,calibrated_broad,1
BOAMP:22-99915,BOAMP,NAME:ctre hosp universitaire angers,45.0,Cloud & Infrastructure,2023-01-01,12.0,1,7.06,,7.06,BOAMP:23-52464,,OUVERT,TRAVAUX,False,2024-01-01,attribution_award_date,calibrated_rule,0.4345,0.623,0.0,True,0.1767,0,0,0,0.4345,0.3804,0.0541,2,False,False,broad,calibrated_broad,0
BOAMP:22-101575,BOAMP,SIREN:184503019,72.0,Data & AI,2022-07-20,18.0,0,29.4,29.4,,,,OUVERT,SERVICES,False,2024-01-18,publication_date,none,,,,,,0,0,0,,,,0,False,False,broad,calibrated_broad,1
BOAMP:22-102191,BOAMP,NAME:rectorat division scus,32.0,Telecom & Networks,2022-07-24,1.0,0,29.27,29.27,,,,OUVERT,FOURNITURES,False,2022-08-23,publication_date,none,,,,,,0,0,0,,,,0,False,False,broad,calibrated_broad,1
BOAMP:22-102718,BOAMP,SIREN:200078079,72.0,IT Services & Consulting,2022-11-28,12.0,0,25.1,25.1,,,,OUVERT,SERVICES,False,2023-11-28,attribution_award_date,none,,,,,,0,0,0,,,,0,False,False,broad,calibrated_broad,1
BOAMP:22-105384,BOAMP,SIREN:247200132,39.0,Unknown,2023-02-03,20.0,0,22.9,22.9,,,,OUVERT,FOURNITURES,False,2024-10-03,attribution_award_date,none,,,,,,0,0,0,,,,0,False,False,broad,calibrated_broad,1
BOAMP:22-112462,BOAMP,NAME:semitan,72.0,IT Services & Consulting,2022-08-17,3.0,1,7.59,,7.59,BOAMP:22-141031,,OUVERT,SERVICES,False,2022-11-16,publication_date,calibrated_rule,0.4489,0.5047,0.2,True,0.235,0,0,0,0.4489,,,1,True,False,broad,calibrated_broad,0
BOAMP:22-118541,BOAMP,NAME:dgac dsna,72.0,IT Services & Consulting,2022-09-02,12.0,0,27.96,27.96,,,,OUVERT,SERVICES,False,2023-09-02,publication_date,none,,,,,,0,0,0,,,,0,False,False,broad,calibrated_broad,1
BOAMP:22-120791,BOAMP,SIREN:244900015,32.0,Telecom & Networks,2022-09-11,12.0,0,27.66,27.66,,,300000.0,OUVERT,FOURNITURES,False,2023-09-11,publication_date,none,,,,,,0,0,0,,,,0,False,False,broad,calibrated_broad,1
BOAMP:22-123056,BOAMP,NAME:de loire atlanti,72.0,IT Services & Consulting,2023-02-09,12.0,1,9.63,,9.63,BOAMP:23-166646,1000000.0,OUVERT,SERVICES,False,2024-02-09,attribution_award_date,calibrated_rule,0.5073,0.4658,0.2,True,0.605,0,0,0,0.5073,,,1,True,False,broad,calibrated_broad,0
BOAMP:22-126881,BOAMP,NAME:de loire atlanti,32.0,Telecom & Networks,2022-09-21,12.0,1,14.03,,14.03,BOAMP:23-163699,,OUVERT,FOURNITURES,False,2023-09-21,publication_date,calibrated_rule,0.4713,0.4724,0.0,True,0.6617,0,0,0,0.4713,,,1,True,False,broad,calibrated_broad,0
BOAMP:22-128177,BOAMP,SIREN:451518641,72.0,IT Services & Consulting,2022-12-13,12.0,1,6.44,,6.44,BOAMP:23-41937,,OUVERT,SERVICES,False,2023-12-13,attribution_award_date,calibrated_rule,0.4066,0.4798,0.2,True,0.0733,0,0,0,0.4066,,,1,True,False,broad,calibrated_broad,0
BOAMP:22-134715,BOAMP,NAME:de loire atlanti,48.0,Software & Applications,2022-10-07,12.0,1,14.26,,14.26,BOAMP:23-174764,,OUVERT,FOURNITURES,False,2023-10-07,publication_date,calibrated_rule,0.4367,0.4051,0.0,True,0.6233,0,0,0,0.4367,,,1,True,False,broad,calibrated_broad,0
BOAMP:22-141252,BOAMP,SIREN:180043010,72.0,Digital Workplace & Collaboration,2022-10-20,12.0,0,26.38,26.38,,,,OUVERT,SERVICES,False,2023-10-20,publication_date,none,,,,,,0,0,0,,,,0,False,False,broad,calibrated_broad,1
BOAMP:22-141594,BOAMP,SIREN:244900015,72.0,IT Services & Consulting,2022-10-21,12.0,0,26.35,26.35,,,,OUVERT,SERVICES,False,2023-10-21,publication_date,none,,,,,,0,0,0,,,,0,False,False,broad,calibrated_broad,1
BOAMP:22-144511,BOAMP,NAME:ubs,38.0,Unknown,2022-10-28,6.0,0,26.12,26.12,,,,OUVERT,FOURNITURES,False,2023-04-28,publication_date,none,,,,,,0,0,0,,,,0,False,False,broad,calibrated_broad,1
BOAMP:22-148365,BOAMP,NAME:le mans,50.0,Unknown,2023-06-02,12.0,0,18.99,18.99,,,264000.0,OUVERT,SERVICES,False,2024-06-01,attribution_award_date,none,,,,,,0,0,0,,,,0,False,False,broad,calibrated_broad,1
BOAMP:22-150567,BOAMP,NAME:geves,35.0,Cybersecurity,2022-11-12,12.0,0,25.62,25.62,,,160000.0,OUVERT,FOURNITURES,False,2023-11-12,publication_date,none,,,,,,0,0,0,,,,0,False,False,broad,calibrated_broad,1
BOAMP:22-153148,BOAMP,SIREN:234400034,72.0,IT Services & Consulting,2022-11-19,5.0,1,6.41,,6.41,BOAMP:23-73693,,OUVERT,SERVICES,False,2023-04-20,publication_date,calibrated_rule,0.5663,0.5332,0.2,True,0.765,0,0,0,0.5663,0.4321,0.1342,2,False,False,broad,calibrated_broad,0
BOAMP:22-162609,BOAMP,SIREN:244900015,48.0,Software & Applications,2022-12-09,12.0,1,11.14,,11.14,BOAMP:23-23753,,OUVERT,FOURNITURES,False,2023-12-09,publication_date,calibrated_rule,0.522,0.5017,0.0,True,0.8567,0,0,0,0.522,0.5064,0.0156,3,False,False,broad,calibrated_broad,0
BOAMP:22-162095,BOAMP,SIREN:225300011,72.0,IT Services & Consulting,2022-12-09,12.0,1,9.13,,9.13,BOAMP:23-66104,,OUVERT,SERVICES,False,2023-12-09,publication_date,calibrated_rule,0.656,0.6291,0.6,True,0.5217,0,0,0,0.656,0.6096,0.0464,4,False,False,broad,calibrated_broad,0
BOAMP:22-165707,BOAMP,NAME:le mans,72.0,Cybersecurity,2022-12-15,12.0,1,10.97,,10.97,BOAMP:23-105797,,OUVERT,SERVICES,False,2023-12-15,publication_date,calibrated_rule,0.5315,0.4146,0.2,True,0.8283,0,0,0,0.5315,,,1,True,False,broad,calibrated_broad,0
BOAMP:22-166133,BOAMP,NAME:gie des epl de vendee,48.0,Software & Applications,2022-12-18,12.0,1,9.33,,9.33,BOAMP:23-135203,,OUVERT,FOURNITURES,False,2023-12-18,publication_date,calibrated_rule,0.4538,0.4821,0.0,True,0.555,0,0,0,0.4538,,,1,True,False,broad,calibrated_broad,0
BOAMP:22-166149,BOAMP,NAME:gie des epl de vendee,48.0,Software & Applications,2023-02-20,2.0,0,22.34,22.34,,,,OUVERT,FOURNITURES,False,2023-04-21,attribution_award_date,none,,,,,,0,0,0,,,,0,False,False,broad,calibrated_broad,1
BOAMP:22-169110,BOAMP,NAME:shema,45.0,Data & AI,2023-03-20,16.0,0,21.42,21.42,,,38000.0,OUVERT,TRAVAUX,False,2024-07-19,attribution_award_date,none,,,,,,0,0,0,,,,0,False,False,broad,calibrated_broad,1
BOAMP:23-2072,BOAMP,SIREN:214400202,72.0,Digital Workplace & Collaboration,2023-04-19,12.0,0,20.43,20.43,,,540000.0,OUVERT,SERVICES,False,2024-04-18,attribution_award_date,none,,,,,,0,0,0,,,,0,False,False,broad,calibrated_broad,1
BOAMP:23-12742,BOAMP,NAME:ubs,43.0,Unknown,2023-01-28,4.0,0,23.09,23.09,,,15000.0,OUVERT,FOURNITURES,False,2023-05-29,publication_date,none,,,,,,0,0,0,,,,0,False,False,broad,calibrated_broad,1
BOAMP:23-12419,BOAMP,SIREN:234400034,72.0,Digital Workplace & Collaboration,2023-05-31,12.0,0,19.05,19.05,,,,OUVERT,SERVICES,False,2024-05-30,attribution_award_date,none,,,,,,0,0,0,,,,0,False,False,broad,calibrated_broad,1
BOAMP:23-20260,BOAMP,SIREN:234400034,72.0,IT Services & Consulting,2023-02-12,12.0,1,10.09,,10.09,BOAMP:23-174149,,OUVERT,SERVICES,False,2024-02-12,publication_date,calibrated_rule,0.5407,0.511,0.2,True,0.6817,0,0,0,0.5407,,,1,True,False,broad,calibrated_broad,0
BOAMP:23-22379,BOAMP,NAME:ctre hosp universitaire angers,32.0,Telecom & Networks,2023-04-21,12.0,0,20.37,20.37,,,,OUVERT,FOURNITURES,False,2024-04-20,attribution_award_date,none,,,,,,0,0,0,,,,0,False,False,broad,calibrated_broad,1
BOAMP:23-24020,BOAMP,SIREN:214900995,35.0,Cybersecurity,2023-05-11,12.0,0,19.71,19.71,,,,OUVERT,FOURNITURES,False,2024-05-10,attribution_award_date,none,,,,,,0,0,0,,,,0,False,False,broad,calibrated_broad,1
BOAMP:23-30054,BOAMP,SIREN:224900019,35.0,Cybersecurity,2023-03-07,3.0,0,21.85,21.85,,,,OUVERT,TRAVAUX,False,2023-06-06,publication_date,none,,,,,,0,0,0,,,,0,False,False,broad,calibrated_broad,1
BOAMP:23-31948,BOAMP,NAME:soc publique reg abe de fontevraud,32.0,Telecom & Networks,2023-03-11,4.0,0,21.71,21.71,,,,OUVERT,FOURNITURES,False,2023-07-10,publication_date,none,,,,,,0,0,0,,,,0,False,False,broad,calibrated_broad,1
BOAMP:23-41937,BOAMP,SIREN:451518641,72.0,IT Services & Consulting,2023-06-27,12.0,0,18.17,18.17,,,400000.0,OUVERT,SERVICES,False,2024-06-26,attribution_award_date,none,,,,,,0,0,0,,,,0,False,False,broad,calibrated_broad,1
BOAMP:23-42778,BOAMP,SIREN:264400136,72.0,Digital Workplace & Collaboration,2023-04-01,12.0,0,21.02,21.02,,,,NEGOCIE,SERVICES,False,2024-03-31,publication_date,none,,,,,,0,0,0,,,,0,False,False,broad,calibrated_broad,1
BOAMP:23-47137,BOAMP,SIREN:532458809,35.0,Cybersecurity,2023-07-19,12.0,0,17.44,17.44,,,70000.0,OUVERT,FOURNITURES,False,2024-07-18,attribution_award_date,none,,,,,,0,0,0,,,,0,False,False,broad,calibrated_broad,1
BOAMP:23-48831,BOAMP,SIREN:214401093,32.0,Telecom & Networks,2023-04-12,6.0,1,11.33,,11.33,BOAMP:24-33685,,OUVERT,SERVICES,False,2023-10-11,publication_date,calibrated_rule,0.4455,0.683,0.0,True,0.1117,0,0,0,0.4455,,,1,True,False,broad,calibrated_broad,0
BOAMP:23-53540,BOAMP,SIREN:218502888,30.0,IT Hardware & Equipment,2023-04-21,12.0,0,20.37,20.37,,,,OUVERT,FOURNITURES,False,2024-04-20,publication_date,none,,,,,,0,0,0,,,,0,False,False,broad,calibrated_broad,1
BOAMP:23-56091,BOAMP,NAME:ubs,32.0,Telecom & Networks,2023-04-26,4.0,0,20.2,20.2,,,150000.0,OUVERT,FOURNITURES,False,2023-08-25,publication_date,none,,,,,,0,0,0,,,,0,False,False,broad,calibrated_broad,1
BOAMP:23-61350,BOAMP,SIREN:834692402,45.0,Unknown,2023-12-19,13.0,0,12.42,12.42,,,,OUVERT,TRAVAUX,False,2025-01-17,attribution_award_date,none,,,,,,0,0,0,,,,0,False,False,broad,calibrated_broad,1
BOAMP:23-68037,BOAMP,NAME:cap atlantique,30.0,IT Hardware & Equipment,2023-07-21,12.0,0,17.38,17.38,,,214000.0,OUVERT,FOURNITURES,False,2024-07-20,attribution_award_date,none,,,,,,0,0,0,,,,0,False,False,broad,calibrated_broad,1
BOAMP:23-86585,BOAMP,SIREN:200071900,32.0,Telecom & Networks,2023-06-22,12.0,0,18.33,18.33,,,,OUVERT,SERVICES,False,2024-06-21,publication_date,none,,,,,,0,0,0,,,,0,False,False,broad,calibrated_broad,1
BOAMP:23-85344,BOAMP,SIREN:130026123,32.0,Telecom & Networks,2023-06-23,12.0,0,18.3,18.3,,,1200000.0,OUVERT,FOURNITURES,False,2024-06-22,publication_date,none,,,,,,0,0,0,,,,0,False,False,broad,calibrated_broad,1
BOAMP:23-85790,BOAMP,SIREN:130026123,32.0,Telecom & Networks,2023-06-23,12.0,0,18.3,18.3,,,1200000.0,OUVERT,FOURNITURES,False,2024-06-22,publication_date,none,,,,,,0,0,0,,,,0,False,False,broad,calibrated_broad,1
BOAMP:23-86121,BOAMP,SIREN:228500013,39.0,Cybersecurity,2023-11-28,12.0,1,10.22,,10.22,BOAMP:24-112213,75000.0,OUVERT,FOURNITURES,False,2024-11-27,attribution_award_date,calibrated_rule,0.4776,0.4674,0.0,True,0.7033,0,0,0,0.4776,0.3663,0.1114,2,False,False,broad,calibrated_broad,0
BOAMP:23-92003,BOAMP,SIREN:830955068,72.0,IT Services & Consulting,2023-09-11,12.0,0,15.67,15.67,,,400000.0,OUVERT,SERVICES,False,2024-09-10,attribution_award_date,none,,,,,,0,0,0,,,,0,False,False,broad,calibrated_broad,1
BOAMP:23-98097,BOAMP,SIREN:200071900,48.0,Software & Applications,2023-07-11,3.0,0,17.71,17.71,,,,OUVERT,SERVICES,False,2023-10-10,publication_date,none,,,,,,0,0,0,,,,0,False,False,broad,calibrated_broad,1
BOAMP:23-131022,BOAMP,SIREN:174404301,48.0,Software & Applications,2023-09-20,7.0,0,15.37,15.37,,,,OUVERT,TRAVAUX,False,2024-04-20,publication_date,none,,,,,,0,0,0,,,,0,False,False,broad,calibrated_broad,1
BOAMP:23-108932,BOAMP,SIREN:555650308,32.0,Telecom & Networks,2023-11-27,4.0,0,13.14,13.14,,,300000.0,OUVERT,FOURNITURES,False,2024-03-27,attribution_award_date,none,,,,,,0,0,0,,,,0,False,False,broad,calibrated_broad,1
BOAMP:23-137061,BOAMP,SIREN:214400434,32.0,Telecom & Networks,2023-10-03,2.0,0,14.95,14.95,,,,OUVERT,FOURNITURES,False,2023-12-02,publication_date,none,,,,,,0,0,0,,,,0,False,False,broad,calibrated_broad,1
BOAMP:23-180715,BOAMP,SIREN:245300355,48.0,Cloud & Infrastructure,2023-12-30,4.0,0,12.06,12.06,,,,OUVERT,FOURNITURES,False,2024-04-29,publication_date,none,,,,,,0,0,0,,,,0,False,False,broad,calibrated_broad,1
BOAMP:24-7288,BOAMP,SIREN:228500013,39.0,Cybersecurity,2024-01-24,4.0,1,8.34,,8.34,BOAMP:24-112213,,OUVERT,FOURNITURES,False,2024-05-24,publication_date,calibrated_rule,0.3966,0.4781,0.0,True,0.2767,0,0,0,0.3966,,,1,True,False,broad,calibrated_broad,0
BOAMP:24-10272,BOAMP,SIRET:83095506800044,71.0,Unknown,2024-01-31,3.942181340341656,0,11.01,11.01,,,1750000.0,OUVERT,SERVICES,False,2024-05-30,publication_date,none,,,,,,0,0,0,,,,0,False,False,broad,calibrated_broad,1
BOAMP:24-11668,BOAMP,SIREN:218500478,32.0,Telecom & Networks,2024-02-01,3.942181340341656,0,10.97,10.97,,,253000.0,OUVERT,FOURNITURES,False,2024-05-31,publication_date,none,,,,,,0,0,0,,,,0,False,False,broad,calibrated_broad,1
BOAMP:24-12133,BOAMP,SIREN:174400051,72.0,IT Services & Consulting,2024-02-02,2.9566360052562417,0,10.94,10.94,,,,OUVERT,SERVICES,False,2024-05-02,publication_date,none,,,,,,0,0,0,,,,0,False,False,broad,calibrated_broad,1
BOAMP:24-11800,BOAMP,NAME:ville du mans,75.0,GIS & Mapping,2024-02-02,4.0,0,10.94,10.94,,,2815000.0,OUVERT,SERVICES,False,2024-06-02,publication_date,none,,,,,,0,0,0,,,,0,False,False,broad,calibrated_broad,1
BOAMP:24-15971,BOAMP,SIREN:214401846,32.0,Telecom & Networks,2024-02-09,4.0,0,10.71,10.71,,,2792500.0,OUVERT,FOURNITURES,False,2024-06-09,publication_date,none,,,,,,0,0,0,,,,0,False,False,broad,calibrated_broad,1
BOAMP:24-18790,BOAMP,SIREN:227200029,50.0,Unknown,2024-02-16,4.0,0,10.48,10.48,,,,OUVERT,SERVICES,False,2024-06-16,publication_date,none,,,,,,0,0,0,,,,0,False,False,broad,calibrated_broad,1
BOAMP:24-20387,BOAMP,SIREN:935367433,71.0,Software & Applications,2024-02-20,4.0,0,10.35,10.35,,,,OUVERT,SERVICES,False,2024-06-20,publication_date,none,,,,,,0,0,0,,,,0,False,False,broad,calibrated_broad,1
BOAMP:24-21999,BOAMP,SIRET:20004248900019,72.0,IT Services & Consulting,2024-02-23,3.942181340341656,0,10.25,10.25,,,,OUVERT,SERVICES,False,2024-06-22,publication_date,none,,,,,,0,0,0,,,,0,False,False,broad,calibrated_broad,1
BOAMP:24-22970,BOAMP,NAME:ville du mans,75.0,GIS & Mapping,2024-02-25,4.0,0,10.18,10.18,,,2815000.0,OUVERT,SERVICES,False,2024-06-25,publication_date,none,,,,,,0,0,0,,,,0,False,False,broad,calibrated_broad,1
BOAMP:24-24883,BOAMP,NAME:lpo touchard washington,50.0,Unknown,2024-03-01,4.0,0,10.02,10.02,,,,,SERVICES,False,2024-06-30,publication_date,none,,,,,,0,0,0,,,,0,False,False,broad,calibrated_broad,1
BOAMP:24-25465,BOAMP,SIREN:200071876,30.0,IT Hardware & Equipment,2024-03-01,3.942181340341656,0,10.02,10.02,,,,,FOURNITURES,False,2024-06-29,publication_date,none,,,,,,0,0,0,,,,0,False,False,broad,calibrated_broad,1
BOAMP:24-34106,BOAMP,NAME:cnieg,72.0,IT Services & Consulting,2024-03-22,3.0,0,9.33,9.33,,,3000000.0,,SERVICES,False,2024-06-21,publication_date,none,,,,,,0,0,0,,,,0,False,False,broad,calibrated_broad,1
BOAMP:15-30947,BOAMP,NAME:smictom de la vallee de l authion,48.0,Software & Applications,2015-03-02,12.0,0,118.0,118.0,,,150000.0,OUVERT,SERVICES,False,2016-03-01,publication_date,none,,,,,,0,0,0,,,,0,False,False,balanced,calibrated_balanced,1
BOAMP:15-31464,BOAMP,SIREN:285300018,,Unknown,2015-03-02,36.0,1,33.54,,33.54,BOAMP:17-176560,,OUVERT,FOURNITURES,False,2018-03-01,publication_date,calibrated_rule,0.7265,0.6922,,False,0.59,0,0,0,0.7265,,,1,True,False,balanced,calibrated_balanced,0
BOAMP:15-31513,BOAMP,SIREN:214401432,38.0,Unknown,2015-03-02,48.0,0,118.0,118.0,,,,OUVERT,FOURNITURES,False,2019-03-02,publication_date,none,,,,,,0,0,0,,,,0,False,False,balanced,calibrated_balanced,1
BOAMP:15-20937,BOAMP,SIREN:214401093,44.0,Unknown,2015-03-03,48.0,1,47.17,,47.17,BOAMP:19-17307,,OUVERT,FOURNITURES,False,2019-03-03,publication_date,calibrated_rule,0.8467,0.686,1.0,True,0.8617,0,0,0,0.8467,,,1,True,False,balanced,calibrated_balanced,0
BOAMP:15-32168,BOAMP,SIREN:234400034,72.0,IT Services & Consulting,2015-07-21,24.0,1,24.11,,24.11,BOAMP:17-48788,,OUVERT,SERVICES,False,2017-07-20,attribution_award_date,calibrated_rule,0.5967,0.5009,0.2,True,0.9817,0,0,0,0.5967,,,1,True,False,balanced,calibrated_balanced,0
BOAMP:15-31641,BOAMP,SIREN:784301525,,Data & AI,2015-03-04,12.0,0,117.94,117.94,,,800000.0,OUVERT,FOURNITURES,False,2016-03-03,publication_date,none,,,,,,0,0,0,,,,0,False,False,balanced,calibrated_balanced,1
BOAMP:15-31797,BOAMP,NAME:acoss,72.0,IT Services & Consulting,2015-03-04,12.0,0,117.94,117.94,,,,OUVERT,SERVICES,False,2016-03-03,publication_date,none,,,,,,0,0,0,,,,0,False,False,balanced,calibrated_balanced,1
BOAMP:15-33241,BOAMP,SIREN:264400136,32.0,Telecom & Networks,2015-09-11,48.0,1,52.96,,52.96,BOAMP:20-19986,,OUVERT,FOURNITURES,True,2019-09-11,attribution_award_date,calibrated_rule,0.6689,0.5856,1.0,True,0.1733,0,0,0,0.6689,,,1,True,False,balanced,calibrated_balanced,0
BOAMP:15-33752,BOAMP,SIREN:234400034,72.0,Cybersecurity,2015-06-29,48.0,0,114.09,114.09,,,,OUVERT,SERVICES,True,2019-06-29,attribution_award_date,none,,,,,,0,0,0,,,,0,False,False,balanced,calibrated_balanced,1
BOAMP:15-34520,BOAMP,NAME:d angers,32.0,Telecom & Networks,2015-03-06,48.0,0,117.87,117.87,,,,PROCEDURE_ADAPTE,FOURNITURES,True,2019-03-06,publication_date,none,,,,,,0,0,0,,,,0,False,False,balanced,calibrated_balanced,1
BOAMP:15-37182,BOAMP,NAME:mindef dga dt scat,35.0,Cybersecurity,2015-03-11,48.0,0,117.71,117.71,,,,NEGOCIE,,False,2019-03-11,publication_date,none,,,,,,0,0,0,,,,0,False,False,balanced,calibrated_balanced,1
BOAMP:15-42843,BOAMP,NAME:cte de cnes de l ile de noirmoutier,72.0,IT Services & Consulting,2015-03-24,48.0,0,117.28,117.28,,,,OUVERT,SERVICES,False,2019-03-24,publication_date,none,,,,,,0,0,0,,,,0,False,False,balanced,calibrated_balanced,1
BOAMP:15-44999,BOAMP,NAME:conseil general de la vendee,39.0,Cybersecurity,2015-03-24,48.0,0,117.28,117.28,,,,OUVERT,,True,2019-03-24,publication_date,none,,,,,,0,0,0,,,,0,False,False,balanced,calibrated_balanced,1
BOAMP:15-47591,BOAMP,SIREN:532458809,32.0,Telecom & Networks,2015-03-27,36.0,0,117.18,117.18,,,,PROCEDURE_ADAPTE,,False,2018-03-26,publication_date,none,,,,,,0,0,0,,,,0,False,False,balanced,calibrated_balanced,1
BOAMP:15-47696,BOAMP,SIREN:110006012,72.0,IT Services & Consulting,2015-03-30,48.0,1,47.21,,47.21,BOAMP:19-34512,,OUVERT,SERVICES,False,2019-03-30,publication_date,calibrated_rule,0.5259,0.5056,0.0,True,0.8683,0,0,0,0.5259,,,1,True,False,balanced,calibrated_balanced,0
BOAMP:15-31076,BOAMP,SIREN:218501914,35.0,Cybersecurity,2015-04-01,48.0,0,117.02,117.02,,,,PROCEDURE_ADAPTE,,False,2019-04-01,publication_date,none,,,,,,0,0,0,,,,0,False,False,balanced,calibrated_balanced,1
BOAMP:15-50314,BOAMP,SIREN:110006012,72.0,IT Services & Consulting,2015-04-02,48.0,0,116.98,116.98,,,,OUVERT,,True,2019-04-02,publication_date,none,,,,,,0,0,0,,,,0,False,False,balanced,calibrated_balanced,1
BOAMP:15-51571,BOAMP,NAME:residences saint alexandre,48.0,Software & Applications,2015-04-07,48.0,0,116.82,116.82,,,,OUVERT,,True,2019-04-07,publication_date,none,,,,,,0,0,0,,,,0,False,False,balanced,calibrated_balanced,1
BOAMP:15-52664,BOAMP,SIREN:110006012,72.0,IT Services & Consulting,2015-04-08,48.0,0,116.79,116.79,,,,OUVERT,SERVICES,False,2019-04-08,publication_date,none,,,,,,0,0,0,,,,0,False,False,balanced,calibrated_balanced,1
BOAMP:15-53947,BOAMP,SIREN:214401622,48.0,Software & Applications,2015-04-10,48.0,0,116.72,116.72,,,,PROCEDURE_ADAPTE,SERVICES,True,2019-04-10,publication_date,none,,,,,,0,0,0,,,,0,False,False,balanced,calibrated_balanced,1
BOAMP:15-54892,BOAMP,SIREN:288500010,32.0,Telecom & Networks,2015-04-10,48.0,0,116.72,116.72,,,,OUVERT,,True,2019-04-10,publication_date,none,,,,,,0,0,0,,,,0,False,False,balanced,calibrated_balanced,1
BOAMP:15-54272,BOAMP,SIREN:264900390,,Unknown,2015-04-10,44.0,0,116.72,116.72,,,,OUVERT,,False,2018-12-09,publication_date,none,,,,,,0,0,0,,,,0,False,False,balanced,calibrated_balanced,1
BOAMP:15-54977,BOAMP,NAME:conseil general de la sarthe,64.0,Digital Workplace & Collaboration,2015-04-13,48.0,0,116.62,116.62,,,,OUVERT,SERVICES,True,2019-04-13,publication_date,none,,,,,,0,0,0,,,,0,False,False,balanced,calibrated_balanced,1
BOAMP:15-55213,BOAMP,SIREN:451324974,32.0,Telecom & Networks,2015-04-13,12.0,0,116.62,116.62,,,,OUVERT,,False,2016-04-12,publication_date,none,,,,,,0,0,0,,,,0,False,False,balanced,calibrated_balanced,1
BOAMP:15-56123,BOAMP,SIREN:247200132,45.0,Unknown,2015-04-14,48.0,0,116.59,116.59,,,,PROCEDURE_ADAPTE,,True,2019-04-14,publication_date,none,,,,,,0,0,0,,,,0,False,False,balanced,calibrated_balanced,1
BOAMP:15-56649,BOAMP,SIREN:234400034,72.0,IT Services & Consulting,2015-04-14,12.0,0,116.59,116.59,,,,OUVERT,SERVICES,False,2016-04-13,publication_date,none,,,,,,0,0,0,,,,0,False,False,balanced,calibrated_balanced,1
BOAMP:15-55527,BOAMP,NAME:cdc du pays de saint gilles cx de vie,48.0,Software & Applications,2015-04-14,48.0,0,116.59,116.59,,,,OUVERT,SERVICES,True,2019-04-14,publication_date,none,,,,,,0,0,0,,,,0,False,False,balanced,calibrated_balanced,1
BOAMP:15-56918,BOAMP,NAME:vallet,32.0,Telecom & Networks,2015-04-15,12.0,0,116.56,116.56,,,,PROCEDURE_ADAPTE,,False,2016-04-14,publication_date,none,,,,,,0,0,0,,,,0,False,False,balanced,calibrated_balanced,1
BOAMP:15-56776,BOAMP,SIREN:532458809,32.0,Telecom & Networks,2015-04-15,48.0,0,116.56,116.56,,,,PROCEDURE_ADAPTE,,True,2019-04-15,publication_date,none,,,,,,0,0,0,,,,0,False,False,balanced,calibrated_balanced,1
BOAMP:15-58339,BOAMP,NAME:cnieg,72.0,IT Services & Consulting,2015-07-22,48.0,0,113.34,113.34,,,,OUVERT,SERVICES,False,2019-07-22,attribution_award_date,none,,,,,,0,0,0,,,,0,False,False,balanced,calibrated_balanced,1
BOAMP:15-58989,BOAMP,NAME:ccir pays de la loire,48.0,Software & Applications,2015-04-17,48.0,0,116.49,116.49,,,,OUVERT,,True,2019-04-17,publication_date,none,,,,,,0,0,0,,,,0,False,False,balanced,calibrated_balanced,1
BOAMP:15-59370,BOAMP,SIREN:264400136,72.0,IT Services & Consulting,2015-04-20,48.0,0,116.39,116.39,,,,PROCEDURE_ADAPTE,SERVICES,False,2019-04-20,publication_date,none,,,,,,0,0,0,,,,0,False,False,balanced,calibrated_balanced,1
BOAMP:15-59556,BOAMP,NAME:conseil general de loire atlantique,35.0,Cybersecurity,2015-08-24,48.0,0,112.25,112.25,,,200000.0,OUVERT,,False,2019-08-24,attribution_award_date,none,,,,,,0,0,0,,,,0,False,False,balanced,calibrated_balanced,1
BOAMP:15-64142,BOAMP,SIREN:264400136,48.0,Software & Applications,2015-04-24,48.0,0,116.26,116.26,,,,PROCEDURE_ADAPTE,,True,2019-04-24,publication_date,none,,,,,,0,0,0,,,,0,False,False,balanced,calibrated_balanced,1
BOAMP:15-50024,BOAMP,SIREN:258500222,35.0,Cybersecurity,2015-06-25,6.0,0,114.22,114.22,,,,PROCEDURE_ADAPTE,,False,2015-12-24,attribution_award_date,none,,,,,,0,0,0,,,,0,False,False,balanced,calibrated_balanced,1
BOAMP:15-63153,BOAMP,SIREN:258500222,45.0,Unknown,2015-04-27,48.0,0,116.16,116.16,,,,PROCEDURE_ADAPTE,,True,2019-04-27,publication_date,none,,,,,,0,0,0,,,,0,False,False,balanced,calibrated_balanced,1
BOAMP:15-64904,BOAMP,SIREN:288500010,48.0,Software & Applications,2015-04-28,68.0,0,116.13,116.13,,,,PROCEDURE_ADAPTE,,False,2020-12-26,publication_date,none,,,,,,0,0,0,,,,0,False,False,balanced,calibrated_balanced,1
BOAMP:15-65940,BOAMP,NAME:pole sante sarthe et loire,72.0,IT Maintenance & Support,2015-04-29,48.0,0,116.1,116.1,,,,PROCEDURE_ADAPTE,SERVICES,True,2019-04-29,publication_date,none,,,,,,0,0,0,,,,0,False,False,balanced,calibrated_balanced,1
BOAMP:15-65742,BOAMP,NAME:ville du mans,32.0,Telecom & Networks,2015-07-10,48.0,0,113.73,113.73,,,,PROCEDURE_ADAPTE,,True,2019-07-10,attribution_award_date,none,,,,,,0,0,0,,,,0,False,False,balanced,calibrated_balanced,1
BOAMP:15-68078,BOAMP,NAME:dir ouest,32.0,Telecom & Networks,2015-05-04,48.0,1,52.99,,52.99,BOAMP:19-71182,240000.0,OUVERT,SERVICES,False,2019-05-04,publication_date,calibrated_rule,0.7631,0.8236,1.0,True,0.1683,0,0,0,0.7631,,,1,True,False,balanced,calibrated_balanced,0
BOAMP:15-67480,BOAMP,NAME:syndicat departemental d energie,48.0,Software & Applications,2015-05-04,48.0,0,115.93,115.93,,,,PROCEDURE_ADAPTE,SERVICES,True,2019-05-04,publication_date,none,,,,,,0,0,0,,,,0,False,False,balanced,calibrated_balanced,1
BOAMP:15-70236,BOAMP,SIREN:288500010,72.0,IT Services & Consulting,2015-05-06,42.0,0,115.87,115.87,,,,PROCEDURE_ADAPTE,SERVICES,False,2018-11-04,publication_date,none,,,,,,0,0,0,,,,0,False,False,balanced,calibrated_balanced,1
BOAMP:15-71156,BOAMP,SIREN:194909701,48.0,Software & Applications,2015-10-06,48.0,0,110.84,110.84,,,,OUVERT,,False,2019-10-06,attribution_award_date,none,,,,,,0,0,0,,,,0,False,False,balanced,calibrated_balanced,1
BOAMP:15-72457,BOAMP,SIREN:234400034,72.0,IT Services & Consulting,2015-05-12,12.0,0,115.67,115.67,,,,OUVERT,SERVICES,False,2016-05-11,publication_date,none,,,,,,0,0,0,,,,0,False,False,balanced,calibrated_balanced,1
BOAMP:15-78724,BOAMP,NAME:e collectivites vendee,72.0,IT Services & Consulting,2015-05-22,48.0,0,115.34,115.34,,,,PROCEDURE_ADAPTE,SERVICES,True,2019-05-22,publication_date,none,,,,,,0,0,0,,,,0,False,False,balanced,calibrated_balanced,1
BOAMP:15-78916,BOAMP,SIREN:264400136,72.0,IT Services & Consulting,2015-05-22,48.0,0,115.34,115.34,,,,PROCEDURE_ADAPTE,SERVICES,True,2019-05-22,publication_date,none,,,,,,0,0,0,,,,0,False,False,balanced,calibrated_balanced,1
BOAMP:15-78924,BOAMP,SIREN:234400034,,Telecom & Networks,2015-05-26,12.0,1,16.79,,16.79,BOAMP:16-96174,,OUVERT,SERVICES,False,2016-05-25,publication_date,calibrated_rule,0.5534,0.5617,,False,0.2017,0,0,0,0.5534,0.5046,0.0487,2,False,False,balanced,calibrated_balanced,0
BOAMP:15-81386,BOAMP,NAME:gpm de nantes st nazaire,48.0,Software & Applications,2015-05-28,48.0,0,115.14,115.14,,,600000.0,DIALOGUE_COMPETITIF,SERVICES,True,2019-05-28,publication_date,none,,,,,,0,0,0,,,,0,False,False,balanced,calibrated_balanced,1
BOAMP:15-81231,BOAMP,NAME:saem vendee,72.0,IT Services & Consulting,2015-09-28,48.0,0,111.1,111.1,,,,OUVERT,SERVICES,True,2019-09-28,attribution_award_date,none,,,,,,0,0,0,,,,0,False,False,balanced,calibrated_balanced,1
BOAMP:15-82510,BOAMP,NAME:cg49,,Data & AI,2015-06-01,48.0,0,115.01,115.01,,,,OUVERT,,True,2019-06-01,publication_date,none,,,,,,0,0,0,,,,0,False,False,balanced,calibrated_balanced,1
BOAMP:15-82236,BOAMP,SIREN:214401432,38.0,Unknown,2015-06-01,48.0,0,115.01,115.01,,,1090000.0,OUVERT,,False,2019-06-01,publication_date,none,,,,,,0,0,0,,,,0,False,False,balanced,calibrated_balanced,1
BOAMP:15-83632,BOAMP,SIREN:264400136,72.0,IT Services & Consulting,2015-06-03,48.0,1,49.08,,49.08,BOAMP:19-103545,,PROCEDURE_ADAPTE,SERVICES,True,2019-06-03,publication_date,calibrated_rule,0.5302,0.5405,0.0,True,0.82,0,0,0,0.5302,,,1,True,False,balanced,calibrated_balanced,0
BOAMP:15-85320,BOAMP,SIREN:110006012,48.0,Software & Applications,2015-06-04,48.0,0,114.91,114.91,,,,PROCEDURE_ADAPTE,,True,2019-06-04,publication_date,none,,,,,,0,0,0,,,,0,False,False,balanced,calibrated_balanced,1
BOAMP:15-84881,BOAMP,NAME:nantes metropole,48.0,Software & Applications,2015-10-14,48.0,1,47.83,,47.83,BOAMP:19-151382,,OUVERT,SERVICES,False,2019-10-14,attribution_award_date,calibrated_rule,0.6598,0.6637,0.2,True,0.9717,0,0,0,0.6598,0.5181,0.1417,2,False,False,balanced,calibrated_balanced,0
BOAMP:15-86218,BOAMP,SIREN:264400136,35.0,Cybersecurity,2015-06-05,48.0,0,114.88,114.88,,,,PROCEDURE_ADAPTE,,False,2019-06-05,publication_date,none,,,,,,0,0,0,,,,0,False,False,balanced,calibrated_balanced,1
BOAMP:15-87511,BOAMP,SIREN:265300087,,Telecom & Networks,2015-06-09,48.0,0,114.75,114.75,,,,OUVERT,SERVICES,True,2019-06-09,publication_date,none,,,,,,0,0,0,,,,0,False,False,balanced,calibrated_balanced,1
BOAMP:15-69493,BOAMP,NAME:ademe,72.0,Data & AI,2015-06-10,11.0,0,114.72,114.72,,,,OUVERT,SERVICES,False,2016-05-09,publication_date,none,,,,,,0,0,0,,,,0,False,False,balanced,calibrated_balanced,1
BOAMP:15-89415,BOAMP,NAME:le mans,,Software & Applications,2015-06-11,48.0,0,114.68,114.68,,,,PROCEDURE_ADAPTE,SERVICES,True,2019-06-11,publication_date,none,,,,,,0,0,0,,,,0,False,False,balanced,calibrated_balanced,1
BOAMP:15-89263,BOAMP,SIREN:258500222,72.0,Data & AI,2015-07-22,48.0,1,45.76,,45.76,BOAMP:19-75795,,PROCEDURE_ADAPTE,SERVICES,True,2019-07-22,attribution_award_date,calibrated_rule,0.6243,0.6224,0.4,True,0.6267,0,0,0,0.6243,,,1,True,False,balanced,calibrated_balanced,0
BOAMP:15-90549,BOAMP,SIREN:242900769,72.0,IT Services & Consulting,2015-06-15,48.0,0,114.55,114.55,,,,PROCEDURE_ADAPTE,SERVICES,True,2019-06-15,publication_date,none,,,,,,0,0,0,,,,0,False,False,balanced,calibrated_balanced,1
BOAMP:15-90148,BOAMP,SIREN:242900769,30.0,IT Hardware & Equipment,2015-06-15,48.0,0,114.55,114.55,,,,OUVERT,,True,2019-06-15,publication_date,none,,,,,,0,0,0,,,,0,False,False,balanced,calibrated_balanced,1
BOAMP:15-92216,BOAMP,SIREN:264400136,72.0,IT Services & Consulting,2015-06-16,48.0,1,48.65,,48.65,BOAMP:19-103545,,PROCEDURE_ADAPTE,,True,2019-06-16,publication_date,calibrated_rule,0.5402,0.5297,0.0,True,0.8917,0,0,0,0.5402,,,1,True,False,balanced,calibrated_balanced,0
BOAMP:15-92588,BOAMP,SIREN:234400034,72.0,IT Services & Consulting,2015-10-08,12.0,1,12.35,,12.35,BOAMP:16-96174,,OUVERT,SERVICES,False,2016-10-07,attribution_award_date,calibrated_rule,0.574,0.5891,0.0,True,0.9417,0,0,0,0.574,0.5165,0.0574,2,False,False,balanced,calibrated_balanced,0
BOAMP:15-94958,BOAMP,SIREN:791052491,,Telecom & Networks,2015-06-22,48.0,0,114.32,114.32,,,,OUVERT,SERVICES,True,2019-06-22,publication_date,none,,,,,,0,0,0,,,,0,False,False,balanced,calibrated_balanced,1
BOAMP:15-93928,BOAMP,NAME:cte d agglomeration du choletais,39.0,Cloud & Infrastructure,2015-06-22,48.0,0,114.32,114.32,,,,OUVERT,,True,2019-06-22,publication_date,none,,,,,,0,0,0,,,,0,False,False,balanced,calibrated_balanced,1
BOAMP:15-95100,BOAMP,SIREN:247200132,31.0,Telecom & Networks,2015-06-22,48.0,1,48.59,,48.59,BOAMP:19-105444,,OUVERT,,True,2019-06-22,publication_date,calibrated_rule,0.6785,0.8704,0.0,True,0.9017,0,0,0,0.6785,,,1,True,False,balanced,calibrated_balanced,0
BOAMP:15-95253,BOAMP,SIREN:264400136,35.0,Cybersecurity,2015-06-22,48.0,0,114.32,114.32,,,,PROCEDURE_ADAPTE,,True,2019-06-22,publication_date,none,,,,,,0,0,0,,,,0,False,False,balanced,calibrated_balanced,1
BOAMP:15-95813,BOAMP,SIREN:214401622,48.0,Software & Applications,2015-10-14,48.0,0,110.58,110.58,,,,OUVERT,,True,2019-10-14,attribution_award_date,none,,,,,,0,0,0,,,,0,False,False,balanced,calibrated_balanced,1
BOAMP:15-96106,BOAMP,NAME:cnieg,72.0,IT Services & Consulting,2015-06-24,48.0,1,48.32,,48.32,BOAMP:19-103125,,PROCEDURE_ADAPTE,SERVICES,True,2019-06-24,publication_date,calibrated_rule,0.6181,0.572,0.2,True,0.9467,0,0,0,0.6181,,,1,True,False,balanced,calibrated_balanced,0
BOAMP:15-96786,BOAMP,NAME:conseil general de la sarthe,72.0,IT Services & Consulting,2015-06-24,48.0,0,114.26,114.26,,,,PROCEDURE_ADAPTE,SERVICES,True,2019-06-24,publication_date,none,,,,,,0,0,0,,,,0,False,False,balanced,calibrated_balanced,1
BOAMP:15-96870,BOAMP,SIREN:244900015,72.0,IT Services & Consulting,2015-06-25,48.0,0,114.22,114.22,,,,PROCEDURE_ADAPTE,SERVICES,True,2019-06-25,publication_date,none,,,,,,0,0,0,,,,0,False,False,balanced,calibrated_balanced,1
BOAMP:15-98976,BOAMP,SIREN:110006012,48.0,Software & Applications,2015-06-29,24.0,0,114.09,114.09,,,,PROCEDURE_ADAPTE,SERVICES,False,2017-06-28,publication_date,none,,,,,,0,0,0,,,,0,False,False,balanced,calibrated_balanced,1
BOAMP:15-100830,BOAMP,SIREN:247200132,45.0,Unknown,2015-07-01,48.0,0,114.03,114.03,,,,PROCEDURE_ADAPTE,,True,2019-07-01,publication_date,none,,,,,,0,0,0,,,,0,False,False,balanced,calibrated_balanced,1
BOAMP:15-100455,BOAMP,NAME:nantes metropole,35.0,Cybersecurity,2015-11-20,48.0,1,46.62,,46.62,BOAMP:19-151382,,OUVERT,SERVICES,False,2019-11-20,attribution_award_date,calibrated_rule,0.5563,0.6307,0.0,True,0.77,0,0,0,0.5563,0.5128,0.0435,2,False,False,balanced,calibrated_balanced,0
BOAMP:15-102510,BOAMP,NAME:conseil general de la sarthe,72.0,Digital Workplace & Collaboration,2016-01-26,48.0,0,107.16,107.16,,,,OUVERT,SERVICES,True,2020-01-26,attribution_award_date,none,,,,,,0,0,0,,,,0,False,False,balanced,calibrated_balanced,1
BOAMP:15-105085,BOAMP,NAME:ccir pays de la loire,48.0,Software & Applications,2015-07-07,48.0,0,113.83,113.83,,,,DIALOGUE_COMPETITIF,SERVICES,True,2019-07-07,publication_date,none,,,,,,0,0,0,,,,0,False,False,balanced,calibrated_balanced,1
BOAMP:15-104125,BOAMP,SIREN:214401093,48.0,Software & Applications,2015-07-08,48.0,0,113.8,113.8,,,,PROCEDURE_ADAPTE,SERVICES,False,2019-07-08,publication_date,none,,,,,,0,0,0,,,,0,False,False,balanced,calibrated_balanced,1
BOAMP:15-107245,BOAMP,SIREN:247200132,48.0,Software & Applications,2016-02-02,48.0,0,106.93,106.93,,,,PROCEDURE_ADAPTE,,True,2020-02-02,attribution_award_date,none,,,,,,0,0,0,,,,0,False,False,balanced,calibrated_balanced,1
BOAMP:15-108955,BOAMP,SIREN:247200132,,Telecom & Networks,2015-07-13,48.0,1,47.9,,47.9,BOAMP:19-105444,,OUVERT,,True,2019-07-13,publication_date,calibrated_rule,0.8016,0.6364,,False,0.9833,0,0,0,0.8016,0.5781,0.2235,2,False,True,balanced,calibrated_balanced,0
BOAMP:15-108645,BOAMP,SIREN:218502888,32.0,Telecom & Networks,2015-07-13,48.0,0,113.63,113.63,,,,PROCEDURE_ADAPTE,,True,2019-07-13,publication_date,none,,,,,,0,0,0,,,,0,False,False,balanced,calibrated_balanced,1
BOAMP:15-111481,BOAMP,SIREN:264400136,48.0,Software & Applications,2015-07-20,48.0,1,44.91,,44.91,BOAMP:19-59985,,OUVERT,,True,2019-07-20,publication_date,calibrated_rule,0.6992,0.5054,1.0,True,0.485,0,0,0,0.6992,,,1,True,False,balanced,calibrated_balanced,0
BOAMP:15-111661,BOAMP,NAME:inra formation permanente nationale,48.0,Software & Applications,2015-07-21,36.0,0,113.37,113.37,,,129000.0,OUVERT,SERVICES,False,2018-07-20,publication_date,none,,,,,,0,0,0,,,,0,False,False,balanced,calibrated_balanced,1
BOAMP:15-114783,BOAMP,NAME:cnieg,72.0,IT Services & Consulting,2015-07-23,48.0,0,113.3,113.3,,,,PROCEDURE_ADAPTE,SERVICES,True,2019-07-23,publication_date,none,,,,,,0,0,0,,,,0,False,False,balanced,calibrated_balanced,1
BOAMP:15-115709,BOAMP,SIREN:214401846,72.0,IT Services & Consulting,2015-11-26,48.0,0,109.17,109.17,,,,PROCEDURE_ADAPTE,SERVICES,False,2019-11-26,attribution_award_date,none,,,,,,0,0,0,,,,0,False,False,balanced,calibrated_balanced,1
BOAMP:15-115988,BOAMP,SIREN:244900015,32.0,Telecom & Networks,2015-07-27,48.0,0,113.17,113.17,,,,PROCEDURE_ADAPTE,,False,2019-07-27,publication_date,none,,,,,,0,0,0,,,,0,False,False,balanced,calibrated_balanced,1
BOAMP:15-115336,BOAMP,NAME:d angers,72.0,IT Services & Consulting,2016-07-19,60.0,0,101.41,101.41,,,,DIALOGUE_COMPETITIF,SERVICES,False,2021-07-19,attribution_award_date,none,,,,,,0,0,0,,,,0,False,False,balanced,calibrated_balanced,1
BOAMP:15-119589,BOAMP,SIREN:214402158,32.0,Telecom & Networks,2015-08-03,48.0,0,112.94,112.94,,,,PROCEDURE_ADAPTE,,True,2019-08-03,publication_date,none,,,,,,0,0,0,,,,0,False,False,balanced,calibrated_balanced,1
BOAMP:15-119639,BOAMP,SIREN:194401006,32.0,Telecom & Networks,2015-11-03,48.0,0,109.92,109.92,,,,OUVERT,,True,2019-11-03,attribution_award_date,none,,,,,,0,0,0,,,,0,False,False,balanced,calibrated_balanced,1
BOAMP:15-122609,BOAMP,SIREN:214400269,32.0,Telecom & Networks,2015-12-18,60.0,0,108.44,108.44,,,,PROCEDURE_ADAPTE,,False,2020-12-17,attribution_award_date,none,,,,,,0,0,0,,,,0,False,False,balanced,calibrated_balanced,1
BOAMP:15-90876,BOAMP,SIREN:214401317,32.0,Telecom & Networks,2015-08-10,48.0,0,112.71,112.71,,,,OUVERT,SERVICES,True,2019-08-10,publication_date,none,,,,,,0,0,0,,,,0,False,False,balanced,calibrated_balanced,1
BOAMP:15-124226,BOAMP,SIREN:227200029,64.0,Digital Workplace & Collaboration,2015-08-10,48.0,1,47.73,,47.73,BOAMP:19-71679,,OUVERT,SERVICES,True,2019-08-10,publication_date,calibrated_rule,0.9849,0.9847,1.0,True,0.955,0,0,0,0.9849,0.5815,0.4033,4,False,True,balanced,calibrated_balanced,0
BOAMP:15-133200,BOAMP,NAME:saelsi,32.0,Telecom & Networks,2015-08-31,6.0,0,112.02,112.02,,,,PROCEDURE_ADAPTE,,False,2016-02-29,publication_date,none,,,,,,0,0,0,,,,0,False,False,balanced,calibrated_balanced,1
BOAMP:15-134263,BOAMP,SIREN:940022890,32.0,Telecom & Networks,2015-09-02,48.0,0,111.96,111.96,,,,OUVERT,,False,2019-09-02,publication_date,none,,,,,,0,0,0,,,,0,False,False,balanced,calibrated_balanced,1
BOAMP:15-136371,BOAMP,SIREN:285300018,,Data & AI,2015-09-07,48.0,0,111.79,111.79,,,,OUVERT,,False,2019-09-07,publication_date,none,,,,,,0,0,0,,,,0,False,False,balanced,calibrated_balanced,1
BOAMP:15-139094,BOAMP,SIREN:288500010,35.0,Cybersecurity,2015-12-03,38.0,0,108.94,108.94,,,,PROCEDURE_ADAPTE,,False,2019-02-01,attribution_award_date,none,,,,,,0,0,0,,,,0,False,False,balanced,calibrated_balanced,1
BOAMP:15-141361,BOAMP,SIREN:234400034,72.0,IT Services & Consulting,2015-12-07,48.0,0,108.8,108.8,,,,OUVERT,SERVICES,False,2019-12-07,attribution_award_date,none,,,,,,0,0,0,,,,0,False,False,balanced,calibrated_balanced,1
BOAMP:15-142353,BOAMP,NAME:ville du mans,32.0,Telecom & Networks,2016-01-21,48.0,1,53.25,,53.25,BOAMP:20-2441,,OUVERT,,True,2020-01-21,attribution_award_date,calibrated_rule,0.7358,0.777,1.0,True,0.125,0,0,0,0.7358,,,1,True,False,balanced,calibrated_balanced,0
BOAMP:15-143083,BOAMP,SIREN:264900390,35.0,Cybersecurity,2015-09-18,48.0,0,111.43,111.43,,,,PROCEDURE_ADAPTE,,False,2019-09-18,publication_date,none,,,,,,0,0,0,,,,0,False,False,balanced,calibrated_balanced,1
BOAMP:15-144405,BOAMP,NAME:regie dept passages d eau de vendee,72.0,IT Services & Consulting,2015-09-22,48.0,0,111.3,111.3,,,,PROCEDURE_ADAPTE,SERVICES,True,2019-09-22,publication_date,none,,,,,,0,0,0,,,,0,False,False,balanced,calibrated_balanced,1
BOAMP:15-146024,BOAMP,SIREN:214401093,32.0,Telecom & Networks,2015-12-17,48.0,0,108.48,108.48,,,,OUVERT,,True,2019-12-17,attribution_award_date,none,,,,,,0,0,0,,,,0,False,False,balanced,calibrated_balanced,1
BOAMP:15-150393,BOAMP,SIREN:794885913,48.0,Software & Applications,2015-10-05,12.0,0,110.87,110.87,,,,PROCEDURE_ADAPTE,SERVICES,False,2016-10-04,publication_date,none,,,,,,0,0,0,,,,0,False,False,balanced,calibrated_balanced,1
BOAMP:15-153008,BOAMP,NAME:ville du mans,37.0,Data & AI,2016-04-12,48.0,1,46.91,,46.91,BOAMP:19-172734,,OUVERT,,True,2020-04-12,attribution_award_date,calibrated_rule,0.8894,0.8144,1.0,True,0.8183,0,0,0,0.8894,,,1,True,False,balanced,calibrated_balanced,0
BOAMP:15-154566,BOAMP,NAME:cnieg,72.0,IT Services & Consulting,2016-01-28,48.0,0,107.1,107.1,,,,OUVERT,SERVICES,True,2020-01-28,attribution_award_date,none,,,,,,0,0,0,,,,0,False,False,balanced,calibrated_balanced,1
BOAMP:15-160688,BOAMP,SIREN:532458809,72.0,IT Services & Consulting,2015-10-20,48.0,0,110.38,110.38,,,,PROCEDURE_ADAPTE,SERVICES,True,2019-10-20,publication_date,none,,,,,,0,0,0,,,,0,False,False,balanced,calibrated_balanced,1
BOAMP:15-159244,BOAMP,NAME:nantes metropole,48.0,Software & Applications,2015-10-23,12.0,0,110.28,110.28,,,,OUVERT,,False,2016-10-22,publication_date,none,,,,,,0,0,0,,,,0,False,False,balanced,calibrated_balanced,1
BOAMP:15-164088,BOAMP,SIREN:214401622,48.0,Cloud & Infrastructure,2015-10-28,48.0,0,110.12,110.12,,,,PROCEDURE_ADAPTE,,True,2019-10-28,publication_date,none,,,,,,0,0,0,,,,0,False,False,balanced,calibrated_balanced,1
BOAMP:15-164187,BOAMP,SIREN:391722881,72.0,IT Services & Consulting,2015-10-28,48.0,0,110.12,110.12,,,,OUVERT,SERVICES,True,2019-10-28,publication_date,none,,,,,,0,0,0,,,,0,False,False,balanced,calibrated_balanced,1
BOAMP:15-165050,BOAMP,SIREN:244900015,72.0,IT Services & Consulting,2015-10-29,12.0,0,110.09,110.09,,,,PROCEDURE_ADAPTE,SERVICES,False,2016-10-28,publication_date,none,,,,,,0,0,0,,,,0,False,False,balanced,calibrated_balanced,1
BOAMP:15-165845,BOAMP,SIREN:214401200,35.0,Cybersecurity,2016-02-16,3.0,0,106.47,106.47,,,,PROCEDURE_ADAPTE,SERVICES,False,2016-05-17,attribution_award_date,none,,,,,,0,0,0,,,,0,False,False,balanced,calibrated_balanced,1
BOAMP:15-168917,BOAMP,NAME:sictom loir et sarthe,48.0,Software & Applications,2015-11-09,48.0,0,109.72,109.72,,,,PROCEDURE_ADAPTE,,True,2019-11-09,publication_date,none,,,,,,0,0,0,,,,0,False,False,balanced,calibrated_balanced,1
BOAMP:15-169809,BOAMP,SIREN:264400136,48.0,Software & Applications,2015-11-09,48.0,0,109.72,109.72,,,,PROCEDURE_ADAPTE,,True,2019-11-09,publication_date,none,,,,,,0,0,0,,,,0,False,False,balanced,calibrated_balanced,1
BOAMP:15-171325,BOAMP,SIREN:130031487,32.0,Telecom & Networks,2015-11-10,24.0,0,109.69,109.69,,,,OUVERT,SERVICES,False,2017-11-09,publication_date,none,,,,,,0,0,0,,,,0,False,False,balanced,calibrated_balanced,1
BOAMP:15-173700,BOAMP,SIREN:214401432,48.0,Software & Applications,2015-11-17,36.0,0,109.46,109.46,,,,PROCEDURE_ADAPTE,,False,2018-11-16,publication_date,none,,,,,,0,0,0,,,,0,False,False,balanced,calibrated_balanced,1
BOAMP:15-174987,BOAMP,SIREN:244900015,72.0,IT Services & Consulting,2015-11-18,48.0,1,45.73,,45.73,BOAMP:19-136955,,PROCEDURE_ADAPTE,,True,2019-11-18,publication_date,calibrated_rule,0.8828,0.8962,1.0,True,0.6217,0,0,0,0.8828,,,1,True,False,balanced,calibrated_balanced,0
BOAMP:15-175210,BOAMP,NAME:nantes metropole,72.0,Cybersecurity,2016-02-25,48.0,1,47.93,,47.93,BOAMP:20-26585,,OUVERT,SERVICES,True,2020-02-25,attribution_award_date,calibrated_rule,0.6032,0.5138,0.2,True,0.9883,0,0,0,0.6032,,,1,True,False,balanced,calibrated_balanced,0
BOAMP:15-175690,BOAMP,NAME:cnieg,72.0,IT Services & Consulting,2016-02-23,24.0,0,106.24,106.24,,,,OUVERT,SERVICES,False,2018-02-22,attribution_award_date,none,,,,,,0,0,0,,,,0,False,False,balanced,calibrated_balanced,1
BOAMP:15-177015,BOAMP,NAME:conseil general de loire atlantique,18.0,Telecom & Networks,2016-04-28,48.0,0,104.11,104.11,,,548000.0,OUVERT,,False,2020-04-28,attribution_award_date,none,,,,,,0,0,0,,,,0,False,False,balanced,calibrated_balanced,1
BOAMP:15-178728,BOAMP,SIREN:247200132,48.0,Software & Applications,2016-03-14,48.0,1,50.69,,50.69,BOAMP:19-177021,,PROCEDURE_ADAPTE,,True,2020-03-14,attribution_award_date,calibrated_rule,0.5581,0.6193,0.2,True,0.5517,0,0,0,0.5581,,,1,True,False,balanced,calibrated_balanced,0
BOAMP:15-179034,BOAMP,NAME:c h s de la sarthe,,Data & AI,2015-11-27,48.0,0,109.13,109.13,,,,PROCEDURE_ADAPTE,SERVICES,False,2019-11-27,publication_date,none,,,,,,0,0,0,,,,0,False,False,balanced,calibrated_balanced,1
BOAMP:15-179747,BOAMP,SIREN:264400136,48.0,Software & Applications,2015-11-27,48.0,0,109.13,109.13,,,,PROCEDURE_ADAPTE,,True,2019-11-27,publication_date,none,,,,,,0,0,0,,,,0,False,False,balanced,calibrated_balanced,1
BOAMP:15-178791,BOAMP,NAME:nantes metropole,72.0,Cybersecurity,2015-11-30,48.0,1,49.87,,49.87,BOAMP:20-12070,,OUVERT,SERVICES,False,2019-11-30,publication_date,calibrated_rule,0.8229,0.7132,1.0,True,0.6883,0,0,0,0.8229,0.7305,0.0925,3,False,True,balanced,calibrated_balanced,0
BOAMP:15-182957,BOAMP,SIREN:264400136,48.0,Software & Applications,2015-12-04,48.0,0,108.9,108.9,,,,PROCEDURE_ADAPTE,,True,2019-12-04,publication_date,none,,,,,,0,0,0,,,,0,False,False,balanced,calibrated_balanced,1
BOAMP:15-184251,BOAMP,SIREN:194909701,48.0,Software & Applications,2016-05-02,36.0,0,103.98,103.98,,,,OUVERT,,False,2019-05-02,attribution_award_date,none,,,,,,0,0,0,,,,0,False,False,balanced,calibrated_balanced,1
BOAMP:15-185112,BOAMP,NAME:conseil general de la vendee,72.0,IT Services & Consulting,2015-12-10,48.0,1,44.28,,44.28,BOAMP:19-126819,,PROCEDURE_ADAPTE,SERVICES,True,2019-12-10,publication_date,calibrated_rule,0.6141,0.5864,,False,0.38,0,0,0,0.6141,,,1,True,False,balanced,calibrated_balanced,0
BOAMP:15-186668,BOAMP,NAME:e c a s gendarmerie nationale,32.0,Telecom & Networks,2016-04-04,48.0,0,104.89,104.89,,,140000.0,OUVERT,,False,2020-04-04,attribution_award_date,none,,,,,,0,0,0,,,,0,False,False,balanced,calibrated_balanced,1
BOAMP:15-187883,BOAMP,SIREN:227200029,,Telecom & Networks,2015-12-16,48.0,1,47.14,,47.14,BOAMP:19-174809,,OUVERT,,True,2019-12-16,publication_date,calibrated_rule,0.7288,0.5632,,False,0.8567,0,0,0,0.7288,0.6864,0.0424,5,False,False,balanced,calibrated_balanced,0
BOAMP:15-189271,BOAMP,SIREN:227200029,72.0,IT Services & Consulting,2015-12-18,48.0,1,47.08,,47.08,BOAMP:19-174809,200000.0,PROCEDURE_ADAPTE,SERVICES,True,2019-12-18,publication_date,calibrated_rule,0.6301,0.652,0.2,True,0.8467,0,0,0,0.6301,0.567,0.0631,2,False,False,balanced,calibrated_balanced,0
BOAMP:15-191209,BOAMP,SIREN:218501096,32.0,IT Hardware & Equipment,2015-12-24,48.0,0,108.25,108.25,,,,OUVERT,SERVICES,True,2019-12-24,publication_date,none,,,,,,0,0,0,,,,0,False,False,balanced,calibrated_balanced,1
BOAMP:15-192356,BOAMP,NAME:nantes metropole,72.0,IT Services & Consulting,2015-12-24,12.0,1,13.21,,13.21,BOAMP:17-13461,,PROCEDURE_ADAPTE,SERVICES,False,2016-12-23,publication_date,calibrated_rule,0.5633,0.509,0.2,True,0.7983,0,0,0,0.5633,,,1,True,False,balanced,calibrated_balanced,0
BOAMP:16-2771,BOAMP,NAME:conseil general de la vendee,72.0,IT Services & Consulting,2016-01-08,48.0,1,43.33,,43.33,BOAMP:19-126819,,PROCEDURE_ADAPTE,,True,2020-01-08,publication_date,calibrated_rule,0.5656,0.5747,,False,0.2217,0,0,0,0.5656,,,1,True,False,balanced,calibrated_balanced,0
BOAMP:16-3447,BOAMP,SIREN:268504453,48.0,Cloud & Infrastructure,2016-01-11,48.0,0,107.65,107.65,,,,PROCEDURE_ADAPTE,,True,2020-01-11,publication_date,none,,,,,,0,0,0,,,,0,False,False,balanced,calibrated_balanced,1
BOAMP:16-4040,BOAMP,NAME:cte de communes du pays des herbiers,72.0,IT Services & Consulting,2016-01-12,48.0,0,107.62,107.62,,,,OUVERT,SERVICES,True,2020-01-12,publication_date,none,,,,,,0,0,0,,,,0,False,False,balanced,calibrated_balanced,1
BOAMP:16-6135,BOAMP,SIREN:287200265,48.0,Digital Workplace & Collaboration,2016-04-12,48.0,0,104.63,104.63,,,,PROCEDURE_ADAPTE,,True,2020-04-12,attribution_award_date,none,,,,,,0,0,0,,,,0,False,False,balanced,calibrated_balanced,1
BOAMP:16-5206,BOAMP,SIREN:214401846,,Unknown,2016-01-14,28.0,1,26.15,,26.15,BOAMP:18-36652,,PROCEDURE_ADAPTE,,False,2018-05-15,publication_date,calibrated_rule,0.6655,0.5269,,False,0.6917,0,0,0,0.6655,,,1,True,False,balanced,calibrated_balanced,0
BOAMP:16-7712,BOAMP,NAME:cnieg,72.0,IT Services & Consulting,2016-05-24,24.0,1,21.25,,21.25,BOAMP:18-29896,,OUVERT,SERVICES,False,2018-05-24,attribution_award_date,calibrated_rule,0.5317,0.5584,0.2,True,0.5417,0,0,0,0.5317,,,1,True,False,balanced,calibrated_balanced,0
BOAMP:16-1046,BOAMP,NAME:ademe,72.0,Digital Workplace & Collaboration,2016-01-18,55.0,0,107.42,107.42,,,,OUVERT,SERVICES,False,2020-08-18,publication_date,none,,,,,,0,0,0,,,,0,False,False,balanced,calibrated_balanced,1
BOAMP:16-7640,BOAMP,SIREN:264400136,48.0,Software & Applications,2016-01-18,48.0,0,107.42,107.42,,,,OUVERT,,True,2020-01-18,publication_date,none,,,,,,0,0,0,,,,0,False,False,balanced,calibrated_balanced,1
BOAMP:16-7903,BOAMP,SIREN:523699148,32.0,IT Hardware & Equipment,2016-04-05,48.0,0,104.86,104.86,,,,OUVERT,,True,2020-04-05,attribution_award_date,none,,,,,,0,0,0,,,,0,False,False,balanced,calibrated_balanced,1
BOAMP:16-10778,BOAMP,SIREN:391722881,72.0,IT Maintenance & Support,2016-10-20,24.0,1,26.71,,26.71,BOAMP:18-8879,,RESTREINT,SERVICES,False,2018-10-20,attribution_award_date,calibrated_rule,0.6169,0.6431,0.4,True,0.5483,0,0,0,0.6169,0.5534,0.0635,2,False,False,balanced,calibrated_balanced,0
BOAMP:16-10414,BOAMP,NAME:conseil general de loire atlantique,72.0,IT Services & Consulting,2016-01-22,24.0,0,107.29,107.29,,,,PROCEDURE_ADAPTE,SERVICES,False,2018-01-21,publication_date,none,,,,,,0,0,0,,,,0,False,False,balanced,calibrated_balanced,1
BOAMP:16-10649,BOAMP,SIREN:284400017,,Cybersecurity,2016-01-25,48.0,0,107.19,107.19,,,,OUVERT,,True,2020-01-25,publication_date,none,,,,,,0,0,0,,,,0,False,False,balanced,calibrated_balanced,1
BOAMP:16-12477,BOAMP,NAME:gpm de nantes st nazaire,32.0,Telecom & Networks,2016-05-17,48.0,0,103.48,103.48,,,,OUVERT,,True,2020-05-17,attribution_award_date,none,,,,,,0,0,0,,,,0,False,False,balanced,calibrated_balanced,1
BOAMP:16-14558,BOAMP,NAME:inra angers nantes,72.0,IT Services & Consulting,2016-07-05,36.0,0,101.87,101.87,,,129000.0,OUVERT,SERVICES,False,2019-07-05,attribution_award_date,none,,,,,,0,0,0,,,,0,False,False,balanced,calibrated_balanced,1
BOAMP:16-15282,BOAMP,SIREN:200054302,48.0,Software & Applications,2016-02-02,48.0,0,106.93,106.93,,,,PROCEDURE_ADAPTE,,True,2020-02-02,publication_date,none,,,,,,0,0,0,,,,0,False,False,balanced,calibrated_balanced,1
BOAMP:16-16627,BOAMP,SIREN:247200132,72.0,Digital Workplace & Collaboration,2016-02-04,48.0,1,49.34,,49.34,BOAMP:19-160471,,PROCEDURE_ADAPTE,SERVICES,True,2020-02-04,publication_date,calibrated_rule,0.5698,0.5361,0.2,True,0.7767,0,0,0,0.5698,,,1,True,False,balanced,calibrated_balanced,0
BOAMP:16-17002,BOAMP,SIREN:214401432,48.0,Software & Applications,2016-02-04,36.0,0,106.87,106.87,,,,PROCEDURE_ADAPTE,,False,2019-02-03,publication_date,none,,,,,,0,0,0,,,,0,False,False,balanced,calibrated_balanced,1
BOAMP:16-19705,BOAMP,SIREN:242900769,,Software & Applications,2016-06-21,48.0,0,102.33,102.33,,,,OUVERT,SERVICES,False,2020-06-21,attribution_award_date,none,,,,,,0,0,0,,,,0,False,False,balanced,calibrated_balanced,1
BOAMP:16-21939,BOAMP,SIREN:214401432,39.0,Software & Applications,2016-02-12,48.0,0,106.6,106.6,,,,PROCEDURE_ADAPTE,,True,2020-02-12,publication_date,none,,,,,,0,0,0,,,,0,False,False,balanced,calibrated_balanced,1
BOAMP:16-23686,BOAMP,NAME:cte cnes coeur d estuaire,72.0,IT Services & Consulting,2016-06-17,48.0,0,102.46,102.46,,,,OUVERT,SERVICES,True,2020-06-17,attribution_award_date,none,,,,,,0,0,0,,,,0,False,False,balanced,calibrated_balanced,1
BOAMP:16-26260,BOAMP,SIREN:214400269,48.0,Software & Applications,2016-06-09,12.0,0,102.73,102.73,,,,PROCEDURE_ADAPTE,,False,2017-06-09,attribution_award_date,none,,,,,,0,0,0,,,,0,False,False,balanced,calibrated_balanced,1
BOAMP:16-20531,BOAMP,NAME:dreal pays de la loire,72.0,IT Services & Consulting,2016-02-23,48.0,0,106.24,106.24,,,,PROCEDURE_ADAPTE,SERVICES,True,2020-02-23,publication_date,none,,,,,,0,0,0,,,,0,False,False,balanced,calibrated_balanced,1
BOAMP:16-25827,BOAMP,NAME:cg49,72.0,IT Services & Consulting,2016-02-23,48.0,0,106.24,106.24,,,,OUVERT,SERVICES,True,2020-02-23,publication_date,none,,,,,,0,0,0,,,,0,False,False,balanced,calibrated_balanced,1
BOAMP:16-27767,BOAMP,SIREN:264900390,48.0,Software & Applications,2016-02-25,48.0,0,106.18,106.18,,,,PROCEDURE_ADAPTE,,False,2020-02-25,publication_date,none,,,,,,0,0,0,,,,0,False,False,balanced,calibrated_balanced,1
BOAMP:16-28465,BOAMP,NAME:syndicat departemental d energie,72.0,IT Services & Consulting,2016-03-01,48.0,0,106.01,106.01,,,,PROCEDURE_ADAPTE,SERVICES,True,2020-03-01,publication_date,none,,,,,,0,0,0,,,,0,False,False,balanced,calibrated_balanced,1
BOAMP:16-30120,BOAMP,SIREN:391722881,72.0,IT Services & Consulting,2016-03-02,48.0,1,47.73,,47.73,BOAMP:20-27358,,RESTREINT,SERVICES,False,2020-03-02,publication_date,calibrated_rule,0.9463,0.8882,1.0,True,0.955,0,0,0,0.9463,,,1,True,False,balanced,calibrated_balanced,0
BOAMP:16-30715,BOAMP,NAME:cg49,72.0,IT Services & Consulting,2016-03-02,48.0,0,105.98,105.98,,,,OUVERT,,True,2020-03-02,publication_date,none,,,,,,0,0,0,,,,0,False,False,balanced,calibrated_balanced,1
BOAMP:16-30963,BOAMP,SIREN:228500013,35.0,Cybersecurity,2016-06-09,48.0,1,51.35,,51.35,BOAMP:20-70265,,OUVERT,,True,2020-06-09,attribution_award_date,calibrated_rule,0.804,0.7892,1.0,True,0.4417,0,0,0,0.804,,,1,True,False,balanced,calibrated_balanced,0
BOAMP:16-32105,BOAMP,SIREN:214400269,32.0,Telecom & Networks,2016-06-02,12.0,0,102.96,102.96,,,,PROCEDURE_ADAPTE,,False,2017-06-02,attribution_award_date,none,,,,,,0,0,0,,,,0,False,False,balanced,calibrated_balanced,1
BOAMP:16-33283,BOAMP,NAME:nantes metropole,72.0,IT Services & Consulting,2016-03-10,12.0,1,13.11,,13.11,BOAMP:16-135042,,PROCEDURE_ADAPTE,SERVICES,False,2017-03-10,publication_date,calibrated_rule,0.5899,0.5672,0.2,True,0.815,0,0,0,0.5899,,,1,True,False,balanced,calibrated_balanced,0
BOAMP:16-33632,BOAMP,NAME:nantes metropole,72.0,Digital Workplace & Collaboration,2016-03-11,48.0,1,47.44,,47.44,BOAMP:20-26585,,OUVERT,SERVICES,False,2020-03-11,publication_date,calibrated_rule,0.6787,0.6183,0.4,True,0.9067,0,0,0,0.6787,0.5951,0.0836,4,False,False,balanced,calibrated_balanced,0
BOAMP:16-27384,BOAMP,NAME:mindef dga do s2a,35.0,Cybersecurity,2016-03-15,48.0,0,105.55,105.55,,,,RESTREINT,,False,2020-03-15,publication_date,none,,,,,,0,0,0,,,,0,False,False,balanced,calibrated_balanced,1
BOAMP:16-38113,BOAMP,SIREN:247200132,72.0,Digital Workplace & Collaboration,2016-03-16,48.0,1,48.0,,48.0,BOAMP:19-160471,,PROCEDURE_ADAPTE,,True,2020-03-16,publication_date,calibrated_rule,0.6251,0.5628,0.2,True,1.0,0,0,0,0.6251,,,1,True,False,balanced,calibrated_balanced,0
BOAMP:16-40838,BOAMP,SIREN:200083392,,Telecom & Networks,2016-03-22,48.0,0,105.32,105.32,,,,OUVERT,,True,2020-03-22,publication_date,none,,,,,,0,0,0,,,,0,False,False,balanced,calibrated_balanced,1
BOAMP:16-42023,BOAMP,NAME:gpm de nantes st nazaire,32.0,Telecom & Networks,2016-03-24,48.0,0,105.26,105.26,,,,PROCEDURE_ADAPTE,,True,2020-03-24,publication_date,none,,,,,,0,0,0,,,,0,False,False,balanced,calibrated_balanced,1
BOAMP:16-42170,BOAMP,NAME:gpm de nantes st nazaire,48.0,Software & Applications,2016-07-29,48.0,0,101.08,101.08,,,,OUVERT,SERVICES,True,2020-07-29,attribution_award_date,none,,,,,,0,0,0,,,,0,False,False,balanced,calibrated_balanced,1
BOAMP:16-42996,BOAMP,SIREN:288500010,,Unknown,2016-07-29,19.0,0,101.08,101.08,,,,OUVERT,,False,2018-02-27,attribution_award_date,none,,,,,,0,0,0,,,,0,False,False,balanced,calibrated_balanced,1
BOAMP:16-43654,BOAMP,NAME:mindef dga do s2a,35.0,Cybersecurity,2016-03-29,48.0,0,105.09,105.09,,,,NEGOCIE,,True,2020-03-29,publication_date,none,,,,,,0,0,0,,,,0,False,False,balanced,calibrated_balanced,1
BOAMP:16-45436,BOAMP,NAME:hopital intercommunal sevre et loire,45.0,Unknown,2016-09-05,48.0,0,99.84,99.84,,,,OUVERT,,True,2020-09-05,attribution_award_date,none,,,,,,0,0,0,,,,0,False,False,balanced,calibrated_balanced,1
BOAMP:16-45870,BOAMP,SIREN:244900015,72.0,IT Services & Consulting,2016-03-30,36.0,0,105.06,105.06,,,,PROCEDURE_ADAPTE,SERVICES,False,2019-03-30,publication_date,none,,,,,,0,0,0,,,,0,False,False,balanced,calibrated_balanced,1
BOAMP:16-44890,BOAMP,SIREN:264400268,,Unknown,2016-03-30,12.0,0,105.06,105.06,,,,OUVERT,,False,2017-03-30,publication_date,none,,,,,,0,0,0,,,,0,False,False,balanced,calibrated_balanced,1
BOAMP:16-48130,BOAMP,SIREN:228500013,,Data & AI,2017-01-09,48.0,1,44.32,,44.32,BOAMP:20-70265,,OUVERT,SERVICES,True,2021-01-09,attribution_award_date,calibrated_rule,0.6139,0.5827,,False,0.3867,0,0,0,0.6139,,,1,True,False,balanced,calibrated_balanced,0
BOAMP:16-48232,BOAMP,SIREN:391722881,72.0,IT Services & Consulting,2016-03-31,48.0,1,46.78,,46.78,BOAMP:20-27358,,RESTREINT,,True,2020-03-31,publication_date,calibrated_rule,0.9141,0.8869,1.0,True,0.7967,0,0,0,0.9141,0.5229,0.3912,2,False,True,balanced,calibrated_balanced,0
BOAMP:16-46830,BOAMP,SIREN:194909701,32.0,Telecom & Networks,2016-06-16,36.0,0,102.5,102.5,,,,OUVERT,,False,2019-06-16,attribution_award_date,none,,,,,,0,0,0,,,,0,False,False,balanced,calibrated_balanced,1
BOAMP:16-54252,BOAMP,SIREN:200054302,48.0,Software & Applications,2016-04-15,12.0,0,104.53,104.53,,,,PROCEDURE_ADAPTE,,False,2017-04-15,publication_date,none,,,,,,0,0,0,,,,0,False,False,balanced,calibrated_balanced,1
BOAMP:16-53642,BOAMP,NAME:cci de maine et loire,79.0,Unknown,2016-07-18,48.0,0,101.45,101.45,,,32500.0,OUVERT,SERVICES,True,2020-07-18,attribution_award_date,none,,,,,,0,0,0,,,,0,False,False,balanced,calibrated_balanced,1
BOAMP:16-54197,BOAMP,NAME:nantes metropole,48.0,Software & Applications,2016-04-17,48.0,1,49.15,,49.15,BOAMP:20-66643,250000.0,OUVERT,SERVICES,False,2020-04-17,publication_date,calibrated_rule,0.548,0.5908,0.0,True,0.8083,0,0,0,0.548,,,1,True,False,balanced,calibrated_balanced,0
BOAMP:16-54370,BOAMP,NAME:nantes metropole,48.0,Software & Applications,2016-04-17,48.0,1,49.15,,49.15,BOAMP:20-66643,250000.0,OUVERT,SERVICES,False,2020-04-17,publication_date,calibrated_rule,0.5368,0.5629,0.0,True,0.8083,0,0,0,0.5368,,,1,True,False,balanced,calibrated_balanced,0
BOAMP:16-55219,BOAMP,SIREN:225300011,32.0,Telecom & Networks,2016-04-18,48.0,0,104.43,104.43,,,750000.0,OUVERT,SERVICES,False,2020-04-18,publication_date,none,,,,,,0,0,0,,,,0,False,False,balanced,calibrated_balanced,1
BOAMP:16-34964,BOAMP,SIREN:173501115,35.0,Cybersecurity,2016-04-19,48.0,0,104.4,104.4,,,,OUVERT,SERVICES,True,2020-04-19,publication_date,none,,,,,,0,0,0,,,,0,False,False,balanced,calibrated_balanced,1
BOAMP:16-55493,BOAMP,NAME:ccas d angers,48.0,Software & Applications,2016-04-19,14.0,0,104.4,104.4,,,,PROCEDURE_ADAPTE,SERVICES,False,2017-06-19,publication_date,none,,,,,,0,0,0,,,,0,False,False,balanced,calibrated_balanced,1
BOAMP:16-56502,BOAMP,NAME:caf de la somme,72.0,Digital Workplace & Collaboration,2016-04-22,60.0,0,104.3,104.3,,,875000.0,OUVERT,FOURNITURES,False,2021-04-22,publication_date,none,,,,,,0,0,0,,,,0,False,False,balanced,calibrated_balanced,1
BOAMP:16-57562,BOAMP,SIREN:244900015,72.0,IT Services & Consulting,2016-04-25,48.0,0,104.2,104.2,,,,PROCEDURE_ADAPTE,SERVICES,True,2020-04-25,publication_date,none,,,,,,0,0,0,,,,0,False,False,balanced,calibrated_balanced,1
BOAMP:16-61061,BOAMP,SIREN:227200029,72.0,IT Services & Consulting,2016-04-29,48.0,0,104.07,104.07,,,,PROCEDURE_ADAPTE,SERVICES,True,2020-04-29,publication_date,none,,,,,,0,0,0,,,,0,False,False,balanced,calibrated_balanced,1
BOAMP:16-61484,BOAMP,SIREN:234400034,72.0,IT Services & Consulting,2016-07-28,48.0,1,46.45,,46.45,BOAMP:20-12202,600000.0,OUVERT,SERVICES,False,2020-07-28,attribution_award_date,calibrated_rule,0.6028,0.6362,0.2,True,0.7417,0,0,0,0.6028,0.511,0.0918,2,False,False,balanced,calibrated_balanced,0
BOAMP:16-62960,BOAMP,SIREN:130029747,48.0,Software & Applications,2016-07-07,48.0,0,101.81,101.81,,,130000.0,OUVERT,SERVICES,False,2020-07-07,attribution_award_date,none,,,,,,0,0,0,,,,0,False,False,balanced,calibrated_balanced,1
BOAMP:16-63210,BOAMP,SIREN:265300236,32.0,Telecom & Networks,2016-05-03,48.0,0,103.94,103.94,,,,PROCEDURE_ADAPTE,,True,2020-05-03,publication_date,none,,,,,,0,0,0,,,,0,False,False,balanced,calibrated_balanced,1
BOAMP:16-63741,BOAMP,NAME:conseil general de loire atlantique,64.0,Telecom & Networks,2016-08-03,12.0,0,100.92,100.92,,,1000000.0,OUVERT,SERVICES,False,2017-08-03,attribution_award_date,none,,,,,,0,0,0,,,,0,False,False,balanced,calibrated_balanced,1
BOAMP:16-65569,BOAMP,SIREN:214400558,45.0,Unknown,2016-05-06,48.0,0,103.84,103.84,,,,PROCEDURE_ADAPTE,,True,2020-05-06,publication_date,none,,,,,,0,0,0,,,,0,False,False,balanced,calibrated_balanced,1
BOAMP:16-64280,BOAMP,SIREN:445400104,72.0,IT Services & Consulting,2016-09-12,60.0,0,99.61,99.61,,,250000.0,OUVERT,SERVICES,False,2021-09-12,attribution_award_date,none,,,,,,0,0,0,,,,0,False,False,balanced,calibrated_balanced,1
BOAMP:16-63342,BOAMP,NAME:nantes metropole,45.0,Unknown,2016-10-13,48.0,0,98.59,98.59,,,700000.0,OUVERT,FOURNITURES,False,2020-10-13,attribution_award_date,none,,,,,,0,0,0,,,,0,False,False,balanced,calibrated_balanced,1
BOAMP:16-66951,BOAMP,SIREN:264900259,39.0,Data & AI,2016-05-12,3.0,0,103.65,103.65,,,,OUVERT,FOURNITURES,False,2016-08-11,publication_date,none,,,,,,0,0,0,,,,0,False,False,balanced,calibrated_balanced,1
BOAMP:16-67267,BOAMP,NAME:ademe,48.0,Software & Applications,2016-11-24,39.0,0,97.21,97.21,,,,PROCEDURE_ADAPTE,SERVICES,False,2020-02-24,attribution_award_date,none,,,,,,0,0,0,,,,0,False,False,balanced,calibrated_balanced,1
BOAMP:16-68875,BOAMP,SIREN:264900390,48.0,Software & Applications,2016-05-12,48.0,0,103.65,103.65,,,,PROCEDURE_ADAPTE,,False,2020-05-12,publication_date,none,,,,,,0,0,0,,,,0,False,False,balanced,calibrated_balanced,1
BOAMP:16-69641,BOAMP,NAME:specialise de blain,48.0,Software & Applications,2016-05-13,48.0,0,103.61,103.61,,,100000.0,PROCEDURE_ADAPTE,SERVICES,True,2020-05-13,publication_date,none,,,,,,0,0,0,,,,0,False,False,balanced,calibrated_balanced,1
BOAMP:16-63298,BOAMP,SIREN:535164412,45.0,Telecom & Networks,2016-05-17,5.0,0,103.48,103.48,,,,PROCEDURE_ADAPTE,,False,2016-10-16,publication_date,none,,,,,,0,0,0,,,,0,False,False,balanced,calibrated_balanced,1
BOAMP:16-70203,BOAMP,SIREN:130029747,72.0,IT Services & Consulting,2016-07-07,37.0,0,101.81,101.81,,,,OUVERT,SERVICES,False,2019-08-07,attribution_award_date,none,,,,,,0,0,0,,,,0,False,False,balanced,calibrated_balanced,1
BOAMP:16-72442,BOAMP,SIREN:264400136,72.0,IT Services & Consulting,2016-11-16,48.0,1,47.6,,47.6,BOAMP:20-50446,,NEGOCIE,SERVICES,True,2020-11-16,attribution_award_date,calibrated_rule,0.7338,0.8678,0.2,True,0.9333,0,0,0,0.7338,,,1,True,False,balanced,calibrated_balanced,0
BOAMP:16-73215,BOAMP,NAME:nantes metropole,72.0,IT Services & Consulting,2016-05-23,36.0,1,36.17,,36.17,BOAMP:19-36958,75000.0,OUVERT,SERVICES,False,2019-05-23,publication_date,calibrated_rule,0.5967,0.5059,0.2,True,0.9717,0,0,0,0.5967,0.5452,0.0515,2,False,False,balanced,calibrated_balanced,0
BOAMP:16-73358,BOAMP,NAME:ville du mans,32.0,Telecom & Networks,2016-07-05,48.0,1,47.8,,47.8,BOAMP:20-2441,,PROCEDURE_ADAPTE,,True,2020-07-05,attribution_award_date,calibrated_rule,0.7196,0.6907,0.4,True,0.9667,0,0,0,0.7196,0.5493,0.1703,2,False,True,balanced,calibrated_balanced,0
BOAMP:16-73319,BOAMP,SIREN:214401846,72.0,IT Services & Consulting,2016-09-09,48.0,1,48.62,,48.62,BOAMP:20-70268,,PROCEDURE_ADAPTE,SERVICES,True,2020-09-09,attribution_award_date,calibrated_rule,0.8782,0.7471,1.0,True,0.8967,0,0,0,0.8782,,,1,True,False,balanced,calibrated_balanced,0
BOAMP:16-74130,BOAMP,SIREN:449073014,72.0,IT Services & Consulting,2016-07-26,48.0,0,101.18,101.18,,,210000.0,OUVERT,SERVICES,False,2020-07-26,attribution_award_date,none,,,,,,0,0,0,,,,0,False,False,balanced,calibrated_balanced,1
BOAMP:16-74267,BOAMP,SIREN:214401093,72.0,IT Services & Consulting,2016-05-28,48.0,0,103.12,103.12,,,300000.0,NEGOCIE,SERVICES,True,2020-05-28,publication_date,none,,,,,,0,0,0,,,,0,False,False,balanced,calibrated_balanced,1
BOAMP:16-77563,BOAMP,SIREN:198513905,32.0,Telecom & Networks,2016-05-30,48.0,1,53.58,,53.58,BOAMP:20-140005,,PROCEDURE_ADAPTE,,True,2020-05-30,publication_date,calibrated_rule,0.7979,0.9597,1.0,True,0.07,0,0,0,0.7979,,,1,True,False,balanced,calibrated_balanced,0
BOAMP:16-78018,BOAMP,NAME:o p h le mans habitat,72.0,IT Services & Consulting,2016-05-30,72.0,0,103.06,103.06,,,700000.0,DIALOGUE_COMPETITIF,SERVICES,False,2022-05-30,publication_date,none,,,,,,0,0,0,,,,0,False,False,balanced,calibrated_balanced,1
BOAMP:16-81005,BOAMP,NAME:arafer,48.0,Software & Applications,2016-06-04,12.0,1,11.47,,11.47,BOAMP:17-68883,,OUVERT,SERVICES,False,2017-06-04,publication_date,calibrated_rule,0.6051,0.682,0.0,True,0.9117,0,0,0,0.6051,0.5821,0.023,2,False,False,balanced,calibrated_balanced,0
BOAMP:16-81774,BOAMP,SIREN:391722881,72.0,Digital Workplace & Collaboration,2016-06-05,48.0,0,102.86,102.86,,,,OUVERT,SERVICES,False,2020-06-05,publication_date,none,,,,,,0,0,0,,,,0,False,False,balanced,calibrated_balanced,1
BOAMP:16-79797,BOAMP,SIREN:214401846,50.0,Telecom & Networks,2016-06-06,12.0,0,102.83,102.83,,,,OUVERT,SERVICES,False,2017-06-06,publication_date,none,,,,,,0,0,0,,,,0,False,False,balanced,calibrated_balanced,1
BOAMP:16-83187,BOAMP,SIREN:532458809,32.0,Telecom & Networks,2016-06-07,48.0,0,102.79,102.79,,,,PROCEDURE_ADAPTE,SERVICES|FOURNITURES,True,2020-06-07,publication_date,none,,,,,,0,0,0,,,,0,False,False,balanced,calibrated_balanced,1
BOAMP:16-84309,BOAMP,SIREN:234400034,32.0,Telecom & Networks,2016-08-17,12.0,0,100.46,100.46,,,,PROCEDURE_ADAPTE,SERVICES,False,2017-08-17,attribution_award_date,none,,,,,,0,0,0,,,,0,False,False,balanced,calibrated_balanced,1
BOAMP:16-81907,BOAMP,SIREN:244900015,72.0,Cybersecurity,2016-11-28,48.0,0,97.08,97.08,,,646000.0,OUVERT,SERVICES,True,2020-11-28,attribution_award_date,none,,,,,,0,0,0,,,,0,False,False,balanced,calibrated_balanced,1
BOAMP:16-81846,BOAMP,NAME:nantes metropole habitat,48.0,Software & Applications,2016-09-27,48.0,0,99.11,99.11,,,300000.0,OUVERT,SERVICES,False,2020-09-27,attribution_award_date,none,,,,,,0,0,0,,,,0,False,False,balanced,calibrated_balanced,1
BOAMP:16-83013,BOAMP,NAME:dir ouest,72.0,IT Services & Consulting,2017-01-26,48.0,0,95.14,95.14,,,,OUVERT,SERVICES,False,2021-01-26,attribution_award_date,none,,,,,,0,0,0,,,,0,False,False,balanced,calibrated_balanced,1
BOAMP:16-79523,BOAMP,SIREN:214401846,30.0,IT Hardware & Equipment,2016-10-03,12.0,0,98.92,98.92,,,,OUVERT,FOURNITURES,False,2017-10-03,attribution_award_date,none,,,,,,0,0,0,,,,0,False,False,balanced,calibrated_balanced,1
BOAMP:16-84729,BOAMP,SIREN:228500013,72.0,Digital Workplace & Collaboration,2016-09-13,48.0,1,48.19,,48.19,BOAMP:20-70265,,PROCEDURE_ADAPTE,SERVICES,True,2020-09-13,attribution_award_date,calibrated_rule,0.6206,0.6924,0.0,True,0.9683,0,0,0,0.6206,,,1,True,False,balanced,calibrated_balanced,0
BOAMP:16-85552,BOAMP,SIREN:234400034,35.0,Cybersecurity,2016-10-14,12.0,0,98.55,98.55,,,,PROCEDURE_ADAPTE,,False,2017-10-14,attribution_award_date,none,,,,,,0,0,0,,,,0,False,False,balanced,calibrated_balanced,1
BOAMP:16-85545,BOAMP,NAME:crous de nantes,32.0,IT Hardware & Equipment,2016-06-11,48.0,0,102.66,102.66,,,,OUVERT,FOURNITURES,False,2020-06-11,publication_date,none,,,,,,0,0,0,,,,0,False,False,balanced,calibrated_balanced,1
BOAMP:16-85662,BOAMP,SIREN:234400034,72.0,GIS & Mapping,2016-10-14,6.0,1,9.82,,9.82,BOAMP:17-68186,41700.0,OUVERT,SERVICES,False,2017-04-14,attribution_award_date,calibrated_rule,0.5107,0.5952,0.2,True,0.3633,0,0,0,0.5107,0.5049,0.0058,2,False,False,balanced,calibrated_balanced,0
BOAMP:16-85619,BOAMP,SIREN:234400034,32.0,Telecom & Networks,2016-10-12,48.0,1,51.97,,51.97,BOAMP:20-138135,300000.0,OUVERT,FOURNITURES,False,2020-10-12,attribution_award_date,calibrated_rule,0.6182,0.7513,0.4,True,0.3383,0,0,0,0.6182,0.553,0.0652,2,False,False,balanced,calibrated_balanced,0
BOAMP:16-80474,BOAMP,NAME:com communes du pays d ancenis,48.0,Software & Applications,2016-12-30,48.0,0,96.02,96.02,,,,OUVERT,SERVICES,False,2020-12-30,attribution_award_date,none,,,,,,0,0,0,,,,0,False,False,balanced,calibrated_balanced,1
BOAMP:16-92101,BOAMP,SIREN:194401006,72.0,IT Services & Consulting,2016-10-12,41.0,0,98.62,98.62,,,,NEGOCIE,SERVICES,False,2020-03-13,attribution_award_date,none,,,,,,0,0,0,,,,0,False,False,balanced,calibrated_balanced,1
BOAMP:16-94328,BOAMP,NAME:smirgeom est sarthe,48.0,Software & Applications,2016-06-27,60.0,0,102.14,102.14,,,,PROCEDURE_ADAPTE,SERVICES,False,2021-06-27,publication_date,none,,,,,,0,0,0,,,,0,False,False,balanced,calibrated_balanced,1
BOAMP:16-96174,BOAMP,SIREN:234400034,48.0,Software & Applications,2016-10-18,12.0,1,14.39,,14.39,BOAMP:17-140948,,OUVERT,SERVICES,False,2017-10-18,attribution_award_date,calibrated_rule,0.6132,0.7322,0.2,True,0.6017,0,0,0,0.6132,0.606,0.0072,7,False,False,balanced,calibrated_balanced,0
BOAMP:16-95884,BOAMP,NAME:cap atlantique,64.0,Telecom & Networks,2016-06-30,24.0,0,102.04,102.04,,,300000.0,OUVERT,FOURNITURES,False,2018-06-30,publication_date,none,,,,,,0,0,0,,,,0,False,False,balanced,calibrated_balanced,1
BOAMP:16-98551,BOAMP,NAME:cnieg,72.0,IT Services & Consulting,2016-07-01,48.0,1,46.78,,46.78,BOAMP:20-6485,,PROCEDURE_ADAPTE,,True,2020-07-01,publication_date,calibrated_rule,0.5659,0.5165,0.2,True,0.7967,0,0,0,0.5659,0.5323,0.0337,2,False,False,balanced,calibrated_balanced,0
BOAMP:16-98698,BOAMP,SIREN:194909701,48.0,Software & Applications,2016-10-31,24.0,1,23.78,,23.78,BOAMP:18-74252,,OUVERT,FOURNITURES,False,2018-10-31,attribution_award_date,calibrated_rule,0.8927,1.0,0.6,True,0.9633,0,0,0,0.8927,,,1,True,False,balanced,calibrated_balanced,0
BOAMP:16-97484,BOAMP,SIREN:284900016,32.0,Telecom & Networks,2016-12-22,48.0,0,96.29,96.29,,,465000.0,OUVERT,FOURNITURES,False,2020-12-22,attribution_award_date,none,,,,,,0,0,0,,,,0,False,False,balanced,calibrated_balanced,1
BOAMP:16-92162,BOAMP,SIREN:218501914,35.0,Cybersecurity,2016-12-19,48.0,0,96.39,96.39,,,430000.0,OUVERT,SERVICES,True,2020-12-19,attribution_award_date,none,,,,,,0,0,0,,,,0,False,False,balanced,calibrated_balanced,1
BOAMP:16-98038,BOAMP,NAME:cte de cnes de la vallee de clisson,72.0,IT Services & Consulting,2016-07-04,36.0,0,101.91,101.91,,,,PROCEDURE_ADAPTE,SERVICES,False,2019-07-04,publication_date,none,,,,,,0,0,0,,,,0,False,False,balanced,calibrated_balanced,1
BOAMP:16-100426,BOAMP,SIREN:244900015,72.0,IT Services & Consulting,2016-11-30,48.0,0,97.01,97.01,,,2000000.0,OUVERT,SERVICES,False,2020-11-30,attribution_award_date,none,,,,,,0,0,0,,,,0,False,False,balanced,calibrated_balanced,1
BOAMP:16-98835,BOAMP,SIREN:445400104,72.0,IT Services & Consulting,2016-07-09,60.0,0,101.74,101.74,,,350000.0,OUVERT,SERVICES,False,2021-07-09,publication_date,none,,,,,,0,0,0,,,,0,False,False,balanced,calibrated_balanced,1
BOAMP:16-102238,BOAMP,NAME:c s t b,72.0,IT Services & Consulting,2016-07-09,24.0,0,101.74,101.74,,,1600000.0,OUVERT,SERVICES,False,2018-07-09,publication_date,none,,,,,,0,0,0,,,,0,False,False,balanced,calibrated_balanced,1
BOAMP:16-102715,BOAMP,NAME:nantes metropole,32.0,Telecom & Networks,2016-07-11,12.0,0,101.68,101.68,,,,OUVERT,SERVICES,False,2017-07-11,publication_date,none,,,,,,0,0,0,,,,0,False,False,balanced,calibrated_balanced,1
BOAMP:16-103088,BOAMP,SIREN:247200132,30.0,IT Hardware & Equipment,2016-11-17,6.0,0,97.44,97.44,,,,OUVERT,FOURNITURES,False,2017-05-18,attribution_award_date,none,,,,,,0,0,0,,,,0,False,False,balanced,calibrated_balanced,1
BOAMP:16-104455,BOAMP,SIREN:213503642,,Data & AI,2016-07-13,48.0,0,101.61,101.61,,,,PROCEDURE_ADAPTE,,True,2020-07-13,publication_date,none,,,,,,0,0,0,,,,0,False,False,balanced,calibrated_balanced,1
BOAMP:16-103802,BOAMP,NAME:arafer,72.0,Data & AI,2016-07-13,24.0,0,101.61,101.61,,,,PROCEDURE_ADAPTE,,False,2018-07-13,publication_date,none,,,,,,0,0,0,,,,0,False,False,balanced,calibrated_balanced,1
BOAMP:16-103833,BOAMP,NAME:nantes metropole,48.0,Cloud & Infrastructure,2016-07-13,48.0,1,50.85,,50.85,BOAMP:20-49949,,OUVERT,SERVICES,False,2020-07-13,publication_date,calibrated_rule,0.6914,0.841,0.4,True,0.525,0,0,0,0.6914,0.6045,0.0869,2,False,False,balanced,calibrated_balanced,0
BOAMP:16-106250,BOAMP,NAME:cpam de la sarthe,44.0,Unknown,2016-07-15,48.0,0,101.54,101.54,,,,OUVERT,FOURNITURES,True,2020-07-15,publication_date,none,,,,,,0,0,0,,,,0,False,False,balanced,calibrated_balanced,1
BOAMP:16-105530,BOAMP,SIREN:225300011,32.0,Telecom & Networks,2016-07-15,48.0,0,101.54,101.54,,,,OUVERT,SERVICES,False,2020-07-15,publication_date,none,,,,,,0,0,0,,,,0,False,False,balanced,calibrated_balanced,1
BOAMP:16-106204,BOAMP,SIREN:130029747,32.0,Telecom & Networks,2016-11-17,48.0,0,97.44,97.44,,,,OUVERT,SERVICES,True,2020-11-17,attribution_award_date,none,,,,,,0,0,0,,,,0,False,False,balanced,calibrated_balanced,1
BOAMP:16-106449,BOAMP,NAME:synd mixte du pays de coutances,,Data & AI,2016-07-15,48.0,0,101.54,101.54,,,,PROCEDURE_ADAPTE,SERVICES|FOURNITURES,True,2020-07-15,publication_date,none,,,,,,0,0,0,,,,0,False,False,balanced,calibrated_balanced,1
BOAMP:16-108815,BOAMP,SIREN:214400558,45.0,Unknown,2016-07-21,8.0,0,101.35,101.35,,,,PROCEDURE_ADAPTE,,False,2017-03-21,publication_date,none,,,,,,0,0,0,,,,0,False,False,balanced,calibrated_balanced,1
BOAMP:16-109013,BOAMP,SIREN:172104309,72.0,IT Services & Consulting,2016-07-22,12.0,0,101.31,101.31,,,626664.0,OUVERT,SERVICES,False,2017-07-22,publication_date,none,,,,,,0,0,0,,,,0,False,False,balanced,calibrated_balanced,1
BOAMP:16-109017,BOAMP,SIREN:391722881,48.0,Software & Applications,2016-07-22,12.0,1,10.97,,10.97,BOAMP:17-85294,,OUVERT,FOURNITURES,False,2017-07-22,publication_date,calibrated_rule,0.5693,0.5091,0.2,True,0.8283,0,0,0,0.5693,,,1,True,False,balanced,calibrated_balanced,0
BOAMP:16-107267,BOAMP,SIREN:214401846,72.0,IT Services & Consulting,2016-11-09,48.0,0,97.7,97.7,,,,OUVERT,SERVICES,False,2020-11-09,attribution_award_date,none,,,,,,0,0,0,,,,0,False,False,balanced,calibrated_balanced,1
BOAMP:16-109854,BOAMP,SIREN:180046013,,Unknown,2016-07-25,48.0,0,101.22,101.22,,,,PROCEDURE_ADAPTE,SERVICES,True,2020-07-25,publication_date,none,,,,,,0,0,0,,,,0,False,False,balanced,calibrated_balanced,1
BOAMP:16-99329,BOAMP,NAME:nantes metropole habitat,48.0,Software & Applications,2016-11-07,48.0,0,97.77,97.77,,,230000.0,OUVERT,SERVICES,False,2020-11-07,attribution_award_date,none,,,,,,0,0,0,,,,0,False,False,balanced,calibrated_balanced,1
BOAMP:16-110437,BOAMP,NAME:universite europeenne de bretagne,48.0,Software & Applications,2016-07-26,36.0,0,101.18,101.18,,,,PROCEDURE_ADAPTE,SERVICES,False,2019-07-26,publication_date,none,,,,,,0,0,0,,,,0,False,False,balanced,calibrated_balanced,1
BOAMP:16-111867,BOAMP,SIREN:224900019,72.0,IT Services & Consulting,2016-12-26,72.0,0,96.16,96.16,,,450000.0,OUVERT,SERVICES,False,2022-12-26,attribution_award_date,none,,,,,,0,0,0,,,,0,False,False,balanced,calibrated_balanced,1
BOAMP:16-114007,BOAMP,NAME:c s t b,72.0,IT Services & Consulting,2016-07-30,12.0,0,101.05,101.05,,,400000.0,OUVERT,SERVICES,False,2017-07-30,publication_date,none,,,,,,0,0,0,,,,0,False,False,balanced,calibrated_balanced,1
BOAMP:16-114945,BOAMP,SIREN:264400136,72.0,IT Services & Consulting,2016-08-01,24.0,0,100.99,100.99,,,,PROCEDURE_ADAPTE,SERVICES,False,2018-08-01,publication_date,none,,,,,,0,0,0,,,,0,False,False,balanced,calibrated_balanced,1
BOAMP:16-118533,BOAMP,SIREN:287200265,35.0,Cybersecurity,2016-10-31,12.0,0,98.0,98.0,,,,OUVERT,FOURNITURES,False,2017-10-31,attribution_award_date,none,,,,,,0,0,0,,,,0,False,False,balanced,calibrated_balanced,1
BOAMP:16-123498,BOAMP,SIREN:264400136,48.0,Software & Applications,2016-08-22,48.0,0,100.3,100.3,,,,PROCEDURE_ADAPTE,,True,2020-08-22,publication_date,none,,,,,,0,0,0,,,,0,False,False,balanced,calibrated_balanced,1
BOAMP:16-124376,BOAMP,SIREN:234400034,72.0,Digital Workplace & Collaboration,2016-10-31,24.0,1,23.26,,23.26,BOAMP:18-79401,,PROCEDURE_ADAPTE,SERVICES,False,2018-10-31,attribution_award_date,calibrated_rule,0.6325,0.518,0.4,True,0.8767,0,0,0,0.6325,0.593,0.0395,3,False,False,balanced,calibrated_balanced,0
BOAMP:16-125901,BOAMP,SIREN:515163749,,Telecom & Networks,2016-08-26,48.0,0,100.16,100.16,,,,PROCEDURE_ADAPTE,,True,2020-08-26,publication_date,none,,,,,,0,0,0,,,,0,False,False,balanced,calibrated_balanced,1
BOAMP:16-127032,BOAMP,SIREN:227200029,72.0,IT Services & Consulting,2016-12-07,48.0,0,96.78,96.78,,,80000.0,PROCEDURE_ADAPTE,,True,2020-12-07,attribution_award_date,none,,,,,,0,0,0,,,,0,False,False,balanced,calibrated_balanced,1
BOAMP:16-128900,BOAMP,SIREN:200033298,72.0,IT Services & Consulting,2016-09-02,48.0,0,99.93,99.93,,,,PROCEDURE_ADAPTE,SERVICES,True,2020-09-02,publication_date,none,,,,,,0,0,0,,,,0,False,False,balanced,calibrated_balanced,1
BOAMP:16-128870,BOAMP,SIREN:264400136,72.0,IT Maintenance & Support,2016-12-22,48.0,1,49.21,,49.21,BOAMP:20-118996,,OUVERT,SERVICES,False,2020-12-22,attribution_award_date,calibrated_rule,0.8017,0.605,1.0,True,0.7983,0,0,0,0.8017,,,1,True,False,balanced,calibrated_balanced,0
BOAMP:16-130215,BOAMP,SIREN:228500013,72.0,IT Services & Consulting,2017-02-08,12.0,1,12.61,,12.61,BOAMP:17-158731,50000.0,OUVERT,SERVICES,False,2018-02-08,attribution_award_date,calibrated_rule,0.6388,0.5229,0.4,True,0.8983,0,0,0,0.6388,,,1,True,False,balanced,calibrated_balanced,0
BOAMP:16-128161,BOAMP,NAME:nantes metropole,72.0,IT Services & Consulting,2016-09-09,48.0,1,52.3,,52.3,BOAMP:21-7561,,PROCEDURE_ADAPTE,SERVICES,False,2020-09-09,publication_date,calibrated_rule,0.7598,0.7579,1.0,True,0.2833,0,0,0,0.7598,0.5671,0.1927,2,False,True,balanced,calibrated_balanced,0
BOAMP:16-131471,BOAMP,NAME:insee,72.0,IT Services & Consulting,2016-12-05,48.0,0,96.85,96.85,,,,OUVERT,SERVICES,True,2020-12-05,attribution_award_date,none,,,,,,0,0,0,,,,0,False,False,balanced,calibrated_balanced,1
BOAMP:16-132878,BOAMP,NAME:ville d avrille,48.0,Software & Applications,2016-09-12,48.0,0,99.61,99.61,,,,PROCEDURE_ADAPTE,,True,2020-09-12,publication_date,none,,,,,,0,0,0,,,,0,False,False,balanced,calibrated_balanced,1
BOAMP:16-134501,BOAMP,SIREN:391722881,72.0,IT Services & Consulting,2016-09-15,12.0,0,99.51,99.51,,,,PROCEDURE_ADAPTE,SERVICES,False,2017-09-15,publication_date,none,,,,,,0,0,0,,,,0,False,False,balanced,calibrated_balanced,1
BOAMP:16-135042,BOAMP,NAME:nantes metropole,72.0,IT Services & Consulting,2017-04-13,60.0,1,59.13,,59.13,BOAMP:22-39212,,NEGOCIE,SERVICES,False,2022-04-13,attribution_award_date,calibrated_rule,0.6948,0.5594,0.6,True,0.855,0,0,0,0.6948,0.6696,0.0251,6,False,False,balanced,calibrated_balanced,0
BOAMP:16-136139,BOAMP,SIREN:234400034,72.0,IT Services & Consulting,2016-12-27,12.0,1,7.39,,7.39,BOAMP:17-68186,,PROCEDURE_ADAPTE,SERVICES,False,2017-12-27,attribution_award_date,calibrated_rule,0.6463,1.0,0.2,True,0.2317,0,0,0,0.6463,0.5767,0.0696,5,False,False,balanced,calibrated_balanced,0
BOAMP:16-136057,BOAMP,NAME:ville du mans,32.0,Telecom & Networks,2016-11-15,2.0,0,97.5,97.5,,,,PROCEDURE_ADAPTE,,False,2017-01-14,attribution_award_date,none,,,,,,0,0,0,,,,0,False,False,balanced,calibrated_balanced,1
BOAMP:16-139456,BOAMP,SIREN:284400017,48.0,Software & Applications,2016-09-23,48.0,0,99.24,99.24,,,,PROCEDURE_ADAPTE,SERVICES,True,2020-09-23,publication_date,none,,,,,,0,0,0,,,,0,False,False,balanced,calibrated_balanced,1
BOAMP:16-139147,BOAMP,SIREN:391722881,72.0,Digital Workplace & Collaboration,2017-06-21,12.0,1,10.74,,10.74,BOAMP:17-93952,,RESTREINT,SERVICES,False,2018-06-21,attribution_award_date,calibrated_rule,0.8126,0.6366,1.0,True,0.79,0,0,0,0.8126,0.5456,0.2671,2,False,True,balanced,calibrated_balanced,0
BOAMP:16-139674,BOAMP,SIREN:227200029,48.0,Cloud & Infrastructure,2017-01-06,48.0,1,50.23,,50.23,BOAMP:20-150503,,OUVERT,FOURNITURES,False,2021-01-06,attribution_award_date,calibrated_rule,0.5523,0.6917,0.0,True,0.6283,0,0,0,0.5523,,,1,True,False,balanced,calibrated_balanced,0
BOAMP:16-139386,BOAMP,SIREN:225300011,48.0,Software & Applications,2016-11-07,48.0,0,97.77,97.77,,,5000000.0,OUVERT,SERVICES,False,2020-11-07,attribution_award_date,none,,,,,,0,0,0,,,,0,False,False,balanced,calibrated_balanced,1
BOAMP:16-137248,BOAMP,SIREN:403040850,45.0,Unknown,2016-12-30,48.0,0,96.02,96.02,,,632000.0,OUVERT,TRAVAUX,True,2020-12-30,attribution_award_date,none,,,,,,0,0,0,,,,0,False,False,balanced,calibrated_balanced,1
BOAMP:16-140691,BOAMP,SIREN:214402042,35.0,Cybersecurity,2016-09-29,24.0,0,99.05,99.05,,,250000.0,OUVERT,FOURNITURES,False,2018-09-29,publication_date,none,,,,,,0,0,0,,,,0,False,False,balanced,calibrated_balanced,1
BOAMP:16-142611,BOAMP,NAME:ville d orvault,48.0,Software & Applications,2016-09-30,48.0,0,99.01,99.01,,,,PROCEDURE_ADAPTE,SERVICES,False,2020-09-30,publication_date,none,,,,,,0,0,0,,,,0,False,False,balanced,calibrated_balanced,1
BOAMP:16-146809,BOAMP,SIREN:268502424,48.0,Software & Applications,2017-04-18,12.0,0,92.44,92.44,,,,OUVERT,FOURNITURES,False,2018-04-18,attribution_award_date,none,,,,,,0,0,0,,,,0,False,False,balanced,calibrated_balanced,1
BOAMP:16-149380,BOAMP,SIREN:214400418,32.0,Telecom & Networks,2016-10-13,3.0,0,98.59,98.59,,,,PROCEDURE_ADAPTE,,False,2017-01-12,publication_date,none,,,,,,0,0,0,,,,0,False,False,balanced,calibrated_balanced,1
BOAMP:16-151887,BOAMP,SIREN:214400269,32.0,Telecom & Networks,2017-02-01,12.0,0,94.94,94.94,,,,PROCEDURE_ADAPTE,,False,2018-02-01,attribution_award_date,none,,,,,,0,0,0,,,,0,False,False,balanced,calibrated_balanced,1
BOAMP:16-151274,BOAMP,SIREN:194401006,32.0,Telecom & Networks,2017-01-25,36.0,0,95.17,95.17,,,,OUVERT,FOURNITURES,False,2020-01-25,attribution_award_date,none,,,,,,0,0,0,,,,0,False,False,balanced,calibrated_balanced,1
BOAMP:16-153677,BOAMP,SIREN:214401432,72.0,Cybersecurity,2016-10-20,36.0,0,98.36,98.36,,,200000.0,PROCEDURE_ADAPTE,SERVICES,False,2019-10-20,publication_date,none,,,,,,0,0,0,,,,0,False,False,balanced,calibrated_balanced,1
BOAMP:16-153566,BOAMP,NAME:ville d orvault,35.0,Cybersecurity,2016-10-20,36.0,0,98.36,98.36,,,,PROCEDURE_ADAPTE,SERVICES,False,2019-10-20,publication_date,none,,,,,,0,0,0,,,,0,False,False,balanced,calibrated_balanced,1
BOAMP:16-153330,BOAMP,NAME:nantes metropole,48.0,Software & Applications,2018-01-16,60.0,1,59.03,,59.03,BOAMP:22-165917,,NEGOCIE,SERVICES,False,2023-01-16,attribution_award_date,calibrated_rule,0.6311,0.7836,0.0,True,0.8383,0,0,0,0.6311,,,1,True,False,balanced,calibrated_balanced,0
BOAMP:16-153188,BOAMP,SIREN:214401846,45.0,Telecom & Networks,2016-10-26,28.0,0,98.16,98.16,,,,OUVERT,TRAVAUX,False,2019-02-25,publication_date,none,,,,,,0,0,0,,,,0,False,False,balanced,calibrated_balanced,1
BOAMP:16-153795,BOAMP,SIREN:214401846,32.0,Telecom & Networks,2016-10-26,24.0,0,98.16,98.16,,,400000.0,OUVERT,SERVICES,False,2018-10-26,publication_date,none,,,,,,0,0,0,,,,0,False,False,balanced,calibrated_balanced,1
BOAMP:16-155186,BOAMP,SIREN:546650169,72.0,IT Services & Consulting,2016-10-26,12.0,0,98.16,98.16,,,,OUVERT,SERVICES,False,2017-10-26,publication_date,none,,,,,,0,0,0,,,,0,False,False,balanced,calibrated_balanced,1
BOAMP:16-158195,BOAMP,SIREN:218502268,72.0,Digital Workplace & Collaboration,2016-10-28,36.0,0,98.09,98.09,,,,PROCEDURE_ADAPTE,SERVICES,False,2019-10-28,publication_date,none,,,,,,0,0,0,,,,0,False,False,balanced,calibrated_balanced,1
BOAMP:16-158411,BOAMP,NAME:institut 4 10,48.0,Software & Applications,2016-10-28,12.0,0,98.09,98.09,,,,PROCEDURE_ADAPTE,,False,2017-10-28,publication_date,none,,,,,,0,0,0,,,,0,False,False,balanced,calibrated_balanced,1
BOAMP:16-158975,BOAMP,NAME:dirisi,48.0,Software & Applications,2016-11-04,90.0,0,97.86,97.86,,,,OUVERT,FOURNITURES,False,2024-05-05,publication_date,none,,,,,,0,0,0,,,,0,False,False,balanced,calibrated_balanced,1
BOAMP:16-161115,BOAMP,SIREN:288500010,35.0,Cybersecurity,2017-01-25,48.0,0,95.17,95.17,,,,PROCEDURE_ADAPTE,SERVICES,True,2021-01-25,attribution_award_date,none,,,,,,0,0,0,,,,0,False,False,balanced,calibrated_balanced,1
BOAMP:16-166758,BOAMP,NAME:ville du mans,,Unknown,2016-11-17,48.0,1,43.36,,43.36,BOAMP:20-2441,,PROCEDURE_ADAPTE,,True,2020-11-17,publication_date,calibrated_rule,0.5913,0.6203,,False,0.2267,0,0,0,0.5913,,,1,True,False,balanced,calibrated_balanced,0
BOAMP:16-167180,BOAMP,SIREN:546650169,72.0,IT Services & Consulting,2016-12-20,12.0,0,96.35,96.35,,,,OUVERT,SERVICES,False,2017-12-20,attribution_award_date,none,,,,,,0,0,0,,,,0,False,False,balanced,calibrated_balanced,1
BOAMP:16-170680,BOAMP,SIREN:264400136,72.0,IT Services & Consulting,2016-11-25,48.0,0,97.17,97.17,,,,PROCEDURE_ADAPTE,SERVICES,False,2020-11-25,publication_date,none,,,,,,0,0,0,,,,0,False,False,balanced,calibrated_balanced,1
BOAMP:16-172610,BOAMP,NAME:conseil general de la vendee,72.0,Digital Workplace & Collaboration,2017-04-13,48.0,0,92.61,92.61,,,,PROCEDURE_ADAPTE,SERVICES,True,2021-04-13,attribution_award_date,none,,,,,,0,0,0,,,,0,False,False,balanced,calibrated_balanced,1
BOAMP:16-171762,BOAMP,NAME:carene,45.0,Cloud & Infrastructure,2017-03-22,18.0,0,93.33,93.33,,,,OUVERT,TRAVAUX,False,2018-09-20,attribution_award_date,none,,,,,,0,0,0,,,,0,False,False,balanced,calibrated_balanced,1
BOAMP:16-172095,BOAMP,NAME:carene,72.0,Cybersecurity,2016-12-02,24.0,0,96.94,96.94,,,,PROCEDURE_ADAPTE,SERVICES,False,2018-12-02,publication_date,none,,,,,,0,0,0,,,,0,False,False,balanced,calibrated_balanced,1
BOAMP:16-173647,BOAMP,NAME:caf de la somme,72.0,Digital Workplace & Collaboration,2016-12-04,48.0,0,96.88,96.88,,,875000.0,OUVERT,FOURNITURES,False,2020-12-04,publication_date,none,,,,,,0,0,0,,,,0,False,False,balanced,calibrated_balanced,1
BOAMP:16-176618,BOAMP,NAME:ville d orvault,48.0,Software & Applications,2016-12-09,48.0,0,96.71,96.71,,,,PROCEDURE_ADAPTE,SERVICES|FOURNITURES,False,2020-12-09,publication_date,none,,,,,,0,0,0,,,,0,False,False,balanced,calibrated_balanced,1
BOAMP:16-176813,BOAMP,NAME:cte cnes coeur d estuaire,45.0,Unknown,2017-05-04,48.0,0,91.92,91.92,,,,OUVERT,TRAVAUX,True,2021-05-04,attribution_award_date,none,,,,,,0,0,0,,,,0,False,False,balanced,calibrated_balanced,1
BOAMP:16-179721,BOAMP,NAME:gpm de nantes st nazaire,32.0,Telecom & Networks,2016-12-15,48.0,0,96.52,96.52,,,,PROCEDURE_ADAPTE,,True,2020-12-15,publication_date,none,,,,,,0,0,0,,,,0,False,False,balanced,calibrated_balanced,1
BOAMP:16-180684,BOAMP,SIREN:777739160,32.0,Telecom & Networks,2016-12-16,1.0,0,96.48,96.48,,,,PROCEDURE_ADAPTE,SERVICES|FOURNITURES|TRAVAUX,False,2017-01-15,publication_date,none,,,,,,0,0,0,,,,0,False,False,balanced,calibrated_balanced,1
BOAMP:16-182034,BOAMP,SIREN:284400017,35.0,Cybersecurity,2016-12-22,7.0,0,96.29,96.29,,,,OUVERT,SERVICES,False,2017-07-23,publication_date,none,,,,,,0,0,0,,,,0,False,False,balanced,calibrated_balanced,1
BOAMP:16-184522,BOAMP,NAME:sdegm,32.0,Telecom & Networks,2016-12-23,48.0,0,96.25,96.25,,,,PROCEDURE_ADAPTE,,False,2020-12-23,publication_date,none,,,,,,0,0,0,,,,0,False,False,balanced,calibrated_balanced,1
BOAMP:16-183156,BOAMP,SIREN:227200029,72.0,Digital Workplace & Collaboration,2017-04-26,48.0,0,92.18,92.18,,,155000.0,OUVERT,SERVICES,False,2021-04-26,attribution_award_date,none,,,,,,0,0,0,,,,0,False,False,balanced,calibrated_balanced,1
BOAMP:16-183705,BOAMP,SIREN:285300018,35.0,Cybersecurity,2016-12-24,12.0,1,11.76,,11.76,BOAMP:17-176560,,OUVERT,FOURNITURES,False,2017-12-24,publication_date,calibrated_rule,0.8828,0.7269,1.0,True,0.96,0,0,0,0.8828,,,1,True,False,balanced,calibrated_balanced,0
BOAMP:16-184210,BOAMP,SIREN:391722881,72.0,IT Services & Consulting,2017-10-12,48.0,1,45.5,,45.5,BOAMP:20-70832,,NEGOCIE,SERVICES,False,2021-10-12,attribution_award_date,calibrated_rule,0.539,0.6808,0.0,True,0.5833,0,0,0,0.539,,,1,True,False,balanced,calibrated_balanced,0
BOAMP:16-184750,BOAMP,NAME:arafer,72.0,IT Maintenance & Support,2016-12-28,24.0,0,96.09,96.09,,,,OUVERT,SERVICES,False,2018-12-28,publication_date,none,,,,,,0,0,0,,,,0,False,False,balanced,calibrated_balanced,1
BOAMP:17-1971,BOAMP,NAME:maine loire habitat office pub habitat,48.0,Software & Applications,2017-01-06,48.0,0,95.8,95.8,,,,PROCEDURE_ADAPTE,,False,2021-01-06,publication_date,none,,,,,,0,0,0,,,,0,False,False,balanced,calibrated_balanced,1
BOAMP:17-2924,BOAMP,NAME:sictiam,72.0,IT Services & Consulting,2017-01-08,12.0,0,95.73,95.73,,,,OUVERT,SERVICES,False,2018-01-08,publication_date,none,,,,,,0,0,0,,,,0,False,False,balanced,calibrated_balanced,1
BOAMP:17-4904,BOAMP,NAME:iphv les hauts thebaudieres,48.0,Software & Applications,2017-01-11,48.0,0,95.63,95.63,,,,PROCEDURE_ADAPTE,,True,2021-01-11,publication_date,none,,,,,,0,0,0,,,,0,False,False,balanced,calibrated_balanced,1
BOAMP:17-8592,BOAMP,NAME:communes de grand lieu,35.0,Cybersecurity,2017-01-18,12.0,0,95.4,95.4,,,,PROCEDURE_ADAPTE,,False,2018-01-18,publication_date,none,,,,,,0,0,0,,,,0,False,False,balanced,calibrated_balanced,1
BOAMP:17-6714,BOAMP,SIREN:194909701,72.0,IT Services & Consulting,2017-01-18,36.0,0,95.4,95.4,,,,OUVERT,SERVICES,False,2020-01-18,publication_date,none,,,,,,0,0,0,,,,0,False,False,balanced,calibrated_balanced,1
BOAMP:17-8714,BOAMP,SIREN:227200029,72.0,IT Services & Consulting,2017-01-19,48.0,0,95.37,95.37,,,,PROCEDURE_ADAPTE,SERVICES,True,2021-01-19,publication_date,none,,,,,,0,0,0,,,,0,False,False,balanced,calibrated_balanced,1
BOAMP:17-9361,BOAMP,SIREN:264400136,48.0,Software & Applications,2017-01-19,48.0,0,95.37,95.37,,,,PROCEDURE_ADAPTE,,True,2021-01-19,publication_date,none,,,,,,0,0,0,,,,0,False,False,balanced,calibrated_balanced,1
BOAMP:17-10167,BOAMP,SIREN:217203207,44.0,Unknown,2017-01-20,48.0,0,95.34,95.34,,,,PROCEDURE_ADAPTE,,True,2021-01-20,publication_date,none,,,,,,0,0,0,,,,0,False,False,balanced,calibrated_balanced,1
BOAMP:17-8483,BOAMP,SIREN:227200029,45.0,Telecom & Networks,2017-04-07,4.0,0,92.81,92.81,,,,OUVERT,FOURNITURES,False,2017-08-06,attribution_award_date,none,,,,,,0,0,0,,,,0,False,False,balanced,calibrated_balanced,1
BOAMP:17-12394,BOAMP,NAME:sdegm,32.0,Telecom & Networks,2017-01-26,48.0,0,95.14,95.14,,,,PROCEDURE_ADAPTE,,True,2021-01-26,publication_date,none,,,,,,0,0,0,,,,0,False,False,balanced,calibrated_balanced,1
BOAMP:17-13461,BOAMP,NAME:nantes metropole,72.0,IT Services & Consulting,2017-01-29,36.0,0,95.04,95.04,,,,OUVERT,SERVICES,False,2020-01-29,publication_date,none,,,,,,0,0,0,,,,0,False,False,balanced,calibrated_balanced,1
BOAMP:17-14320,BOAMP,NAME:agence regionale pays de la loire ti,72.0,IT Services & Consulting,2017-02-01,48.0,0,94.94,94.94,,,260000.0,OUVERT,SERVICES,False,2021-02-01,publication_date,none,,,,,,0,0,0,,,,0,False,False,balanced,calibrated_balanced,1
BOAMP:17-14986,BOAMP,SIREN:264400136,72.0,IT Services & Consulting,2017-06-02,12.0,1,10.02,,10.02,BOAMP:17-159373,600000.0,OUVERT,SERVICES,False,2018-06-02,attribution_award_date,calibrated_rule,0.5535,0.5488,0.2,True,0.67,0,0,0,0.5535,0.5074,0.0461,3,False,False,balanced,calibrated_balanced,0
BOAMP:17-16256,BOAMP,NAME:inst interdpt bassin sevre niortaise,45.0,Unknown,2017-02-02,48.0,0,94.91,94.91,,,,PROCEDURE_ADAPTE,,True,2021-02-02,publication_date,none,,,,,,0,0,0,,,,0,False,False,balanced,calibrated_balanced,1
BOAMP:17-15684,BOAMP,SIREN:214401846,72.0,IT Services & Consulting,2017-02-03,48.0,0,94.88,94.88,,,,PROCEDURE_ADAPTE,SERVICES,True,2021-02-03,publication_date,none,,,,,,0,0,0,,,,0,False,False,balanced,calibrated_balanced,1
BOAMP:17-20659,BOAMP,SIREN:288500010,72.0,IT Services & Consulting,2017-05-02,48.0,1,46.98,,46.98,BOAMP:21-44149,200000.0,PROCEDURE_ADAPTE,SERVICES,True,2021-05-02,attribution_award_date,calibrated_rule,0.6858,0.7994,0.2,True,0.83,0,0,0,0.6858,,,1,True,False,balanced,calibrated_balanced,0
BOAMP:17-19962,BOAMP,SIREN:194401006,32.0,Telecom & Networks,2017-04-06,12.0,0,92.84,92.84,,,,OUVERT,FOURNITURES,False,2018-04-06,attribution_award_date,none,,,,,,0,0,0,,,,0,False,False,balanced,calibrated_balanced,1
BOAMP:17-19635,BOAMP,NAME:mairie du croisic,32.0,Telecom & Networks,2017-02-11,1.0,0,94.61,94.61,,,,OUVERT,TRAVAUX,False,2017-03-13,publication_date,none,,,,,,0,0,0,,,,0,False,False,balanced,calibrated_balanced,1
BOAMP:17-20825,BOAMP,NAME:le mans,32.0,Telecom & Networks,2017-04-11,48.0,0,92.67,92.67,,,,OUVERT,SERVICES,False,2021-04-11,attribution_award_date,none,,,,,,0,0,0,,,,0,False,False,balanced,calibrated_balanced,1
BOAMP:17-23389,BOAMP,SIREN:865800767,45.0,Unknown,2017-02-16,9.0,1,8.18,,8.18,BOAMP:17-147216,,PROCEDURE_ADAPTE,,False,2017-11-16,publication_date,calibrated_rule,0.7409,0.6707,0.6,True,0.8633,0,0,0,0.7409,0.6751,0.0658,2,False,True,balanced,calibrated_balanced,0
BOAMP:17-22230,BOAMP,SIREN:214401622,35.0,Cybersecurity,2017-05-18,12.0,0,91.46,91.46,,,,OUVERT,SERVICES,False,2018-05-18,attribution_award_date,none,,,,,,0,0,0,,,,0,False,False,balanced,calibrated_balanced,1
BOAMP:17-23490,BOAMP,NAME:chd vendee,48.0,Software & Applications,2017-02-18,12.0,0,94.38,94.38,,,,OUVERT,FOURNITURES,False,2018-02-18,publication_date,none,,,,,,0,0,0,,,,0,False,False,balanced,calibrated_balanced,1
BOAMP:17-25253,BOAMP,NAME:le grand t theatre loire atlantique,48.0,Software & Applications,2017-02-21,48.0,0,94.28,94.28,,,,PROCEDURE_ADAPTE,,True,2021-02-21,publication_date,none,,,,,,0,0,0,,,,0,False,False,balanced,calibrated_balanced,1
BOAMP:17-25915,BOAMP,SIREN:264400136,48.0,Software & Applications,2017-02-22,48.0,0,94.25,94.25,,,,PROCEDURE_ADAPTE,,True,2021-02-22,publication_date,none,,,,,,0,0,0,,,,0,False,False,balanced,calibrated_balanced,1
BOAMP:17-26666,BOAMP,SIREN:546650169,72.0,IT Services & Consulting,2017-03-30,12.0,0,93.07,93.07,,,,OUVERT,SERVICES,False,2018-03-30,attribution_award_date,none,,,,,,0,0,0,,,,0,False,False,balanced,calibrated_balanced,1
BOAMP:17-27341,BOAMP,SIREN:935367433,50.0,Unknown,2017-02-26,44.0,0,94.12,94.12,,,450000.0,OUVERT,SERVICES,False,2020-10-27,publication_date,none,,,,,,0,0,0,,,,0,False,False,balanced,calibrated_balanced,1
BOAMP:17-29415,BOAMP,SIREN:935367433,72.0,IT Maintenance & Support,2017-03-03,48.0,1,51.25,,51.25,BOAMP:21-77546,2000000.0,OUVERT,SERVICES,False,2021-03-03,publication_date,calibrated_rule,0.7973,0.7641,1.0,True,0.4583,0,0,0,0.7973,0.5879,0.2094,4,False,True,balanced,calibrated_balanced,0
BOAMP:17-32686,BOAMP,SIREN:865800767,45.0,Unknown,2017-03-08,10.0,1,9.17,,9.17,BOAMP:17-123367,,PROCEDURE_ADAPTE,,False,2018-01-06,publication_date,calibrated_rule,0.679,0.5166,0.6,True,0.8617,0,0,0,0.679,0.6712,0.0078,2,False,False,balanced,calibrated_balanced,0
BOAMP:17-31647,BOAMP,SIREN:200052587,32.0,Telecom & Networks,2018-01-22,48.0,0,83.28,83.28,,,,,SERVICES,True,2022-01-22,attribution_award_date,none,,,,,,0,0,1,,,,0,False,False,balanced,calibrated_balanced,1
BOAMP:17-35511,BOAMP,SIREN:245300355,48.0,Software & Applications,2017-03-14,48.0,0,93.59,93.59,,,,PROCEDURE_ADAPTE,,True,2021-03-14,publication_date,none,,,,,,0,0,0,,,,0,False,False,balanced,calibrated_balanced,1
BOAMP:17-35759,BOAMP,SIREN:234400034,72.0,IT Services & Consulting,2017-06-02,24.0,0,90.97,90.97,,,,OUVERT,SERVICES,False,2019-06-02,attribution_award_date,none,,,,,,0,0,0,,,,0,False,False,balanced,calibrated_balanced,1
BOAMP:17-35545,BOAMP,SIREN:264400136,48.0,Software & Applications,2017-07-28,14.0,1,15.57,,15.57,BOAMP:18-159101,,NEGOCIE,FOURNITURES,False,2018-09-27,attribution_award_date,calibrated_rule,0.6981,0.876,0.2,True,0.7383,0,0,0,0.6981,0.5343,0.1638,4,False,False,balanced,calibrated_balanced,0
BOAMP:17-38797,BOAMP,SIREN:244900015,39.0,Telecom & Networks,2017-08-28,12.0,0,88.11,88.11,,,210000.0,NEGOCIE,FOURNITURES,False,2018-08-28,attribution_award_date,none,,,,,,0,0,0,,,,0,False,False,balanced,calibrated_balanced,1
BOAMP:17-39457,BOAMP,SIREN:130001704,72.0,IT Services & Consulting,2017-03-23,12.0,1,15.05,,15.05,BOAMP:18-87219,,OUVERT,SERVICES,False,2018-03-23,publication_date,calibrated_rule,0.8278,0.8236,1.0,True,0.4917,0,0,0,0.8278,0.7606,0.0672,2,False,True,balanced,calibrated_balanced,0
BOAMP:17-40324,BOAMP,SIREN:247200132,72.0,IT Services & Consulting,2017-07-10,48.0,0,89.72,89.72,,,,PROCEDURE_ADAPTE,SERVICES,True,2021-07-10,attribution_award_date,none,,,,,,0,0,0,,,,0,False,False,balanced,calibrated_balanced,1
BOAMP:17-39093,BOAMP,SIREN:258500222,48.0,Software & Applications,2017-06-29,48.0,0,90.08,90.08,,,,PROCEDURE_ADAPTE,SERVICES,True,2021-06-29,attribution_award_date,none,,,,,,0,0,0,,,,0,False,False,balanced,calibrated_balanced,1
BOAMP:17-39998,BOAMP,SIREN:214401846,48.0,Software & Applications,2017-07-05,48.0,0,89.88,89.88,,,,PROCEDURE_ADAPTE,SERVICES,True,2021-07-05,attribution_award_date,none,,,,,,0,0,0,,,,0,False,False,balanced,calibrated_balanced,1
BOAMP:17-44758,BOAMP,SIREN:110006012,72.0,IT Services & Consulting,2017-08-23,48.0,0,88.27,88.27,,,,OUVERT,SERVICES,False,2021-08-23,attribution_award_date,none,,,,,,0,0,0,,,,0,False,False,balanced,calibrated_balanced,1
BOAMP:17-44607,BOAMP,SIREN:234400034,48.0,Cloud & Infrastructure,2017-07-21,48.0,1,47.31,,47.31,BOAMP:21-46043,,OUVERT,SERVICES,False,2021-07-21,attribution_award_date,calibrated_rule,0.6607,0.8342,0.0,True,0.885,0,0,0,0.6607,,,1,True,False,balanced,calibrated_balanced,0
BOAMP:17-45104,BOAMP,SIREN:214401622,32.0,Telecom & Networks,2017-08-09,12.0,0,88.73,88.73,,,,OUVERT,FOURNITURES,False,2018-08-09,attribution_award_date,none,,,,,,0,0,0,,,,0,False,False,balanced,calibrated_balanced,1
BOAMP:17-47832,BOAMP,NAME:centre de gestion fpt loire atlantique,32.0,Telecom & Networks,2017-04-05,48.0,0,92.87,92.87,,,,PROCEDURE_ADAPTE,,True,2021-04-05,publication_date,none,,,,,,0,0,0,,,,0,False,False,balanced,calibrated_balanced,1
BOAMP:17-48788,BOAMP,SIREN:234400034,72.0,IT Services & Consulting,2017-07-24,24.0,0,89.26,89.26,,,,PROCEDURE_ADAPTE,SERVICES,False,2019-07-24,attribution_award_date,none,,,,,,0,0,0,,,,0,False,False,balanced,calibrated_balanced,1
BOAMP:17-47703,BOAMP,NAME:semitan,72.0,IT Services & Consulting,2017-04-07,24.0,0,92.81,92.81,,,,NEGOCIE,SERVICES,False,2019-04-07,publication_date,none,,,,,,0,0,0,,,,0,False,False,balanced,calibrated_balanced,1
BOAMP:17-47930,BOAMP,SIREN:211703004,48.0,Software & Applications,2017-04-07,24.0,0,92.81,92.81,,,100000.0,DIALOGUE_COMPETITIF,FOURNITURES,False,2019-04-07,publication_date,none,,,,,,0,0,0,,,,0,False,False,balanced,calibrated_balanced,1
BOAMP:17-48519,BOAMP,NAME:carene,48.0,Software & Applications,2017-04-09,48.0,0,92.74,92.74,,,,NEGOCIE,FOURNITURES,False,2021-04-09,publication_date,none,,,,,,0,0,0,,,,0,False,False,balanced,calibrated_balanced,1
BOAMP:17-42319,BOAMP,NAME:cte de cnes de l ile de noirmoutier,92.0,Unknown,2017-10-25,12.0,0,86.2,86.2,,,,RESTREINT,SERVICES,False,2018-10-25,attribution_award_date,none,,,,,,0,0,0,,,,0,False,False,balanced,calibrated_balanced,1
BOAMP:17-47467,BOAMP,SIREN:860800077,32.0,Telecom & Networks,2017-06-29,48.0,0,90.08,90.08,,,,OUVERT,FOURNITURES,True,2021-06-29,attribution_award_date,none,,,,,,0,0,0,,,,0,False,False,balanced,calibrated_balanced,1
BOAMP:17-53475,BOAMP,SIREN:391722881,72.0,IT Services & Consulting,2018-01-02,12.0,1,12.29,,12.29,BOAMP:18-8879,,RESTREINT,SERVICES,False,2019-01-02,attribution_award_date,calibrated_rule,0.7078,0.7936,0.2,True,0.9517,0,0,0,0.7078,0.6759,0.0319,2,False,False,balanced,calibrated_balanced,0
BOAMP:17-55172,BOAMP,SIREN:532458809,50.0,Unknown,2017-04-21,16.0,0,92.35,92.35,,,,OUVERT,TRAVAUX,False,2018-08-21,publication_date,none,,,,,,0,0,0,,,,0,False,False,balanced,calibrated_balanced,1
BOAMP:17-54861,BOAMP,NAME:ville d orvault,48.0,Software & Applications,2017-06-20,36.0,0,90.37,90.37,,,,OUVERT,FOURNITURES,False,2020-06-19,attribution_award_date,none,,,,,,0,0,0,,,,0,False,False,balanced,calibrated_balanced,1
BOAMP:17-57345,BOAMP,SIREN:254902505,,Cybersecurity,2017-04-25,48.0,0,92.21,92.21,,,,PROCEDURE_ADAPTE,SERVICES,True,2021-04-25,publication_date,none,,,,,,0,0,0,,,,0,False,False,balanced,calibrated_balanced,1
BOAMP:17-56720,BOAMP,NAME:gcs esante pays de la loire,72.0,IT Services & Consulting,2017-08-29,12.0,0,88.07,88.07,,,,OUVERT,SERVICES,False,2018-08-29,attribution_award_date,none,,,,,,0,0,0,,,,0,False,False,balanced,calibrated_balanced,1
BOAMP:17-58486,BOAMP,SIREN:264400136,72.0,Digital Workplace & Collaboration,2017-04-28,12.0,1,11.17,,11.17,BOAMP:17-159373,,NEGOCIE,SERVICES,False,2018-04-28,publication_date,calibrated_rule,0.6694,0.6177,0.4,True,0.8617,0,0,0,0.6694,0.642,0.0274,4,False,False,balanced,calibrated_balanced,0
BOAMP:17-58113,BOAMP,NAME:arafer,72.0,IT Maintenance & Support,2017-04-28,24.0,0,92.12,92.12,,,,NEGOCIE,SERVICES,False,2019-04-28,publication_date,none,,,,,,0,0,0,,,,0,False,False,balanced,calibrated_balanced,1
BOAMP:17-58214,BOAMP,NAME:nantes metropole,72.0,Cybersecurity,2017-04-30,48.0,1,50.49,,50.49,BOAMP:21-97876,,OUVERT,SERVICES,False,2021-04-30,publication_date,calibrated_rule,0.5286,0.6539,0.0,True,0.585,0,0,0,0.5286,,,1,True,False,balanced,calibrated_balanced,0
BOAMP:17-56890,BOAMP,NAME:nantes metropole,90.0,Unknown,2017-08-21,12.0,0,88.34,88.34,,,,OUVERT,TRAVAUX,False,2018-08-21,attribution_award_date,none,,,,,,0,0,0,,,,0,False,False,balanced,calibrated_balanced,1
BOAMP:17-62129,BOAMP,SIREN:234400034,72.0,IT Services & Consulting,2017-05-04,18.0,1,20.27,,20.27,BOAMP:18-128655,,PROCEDURE_ADAPTE,SERVICES,False,2018-11-02,publication_date,calibrated_rule,0.5268,0.5062,0.2,True,0.6217,0,0,0,0.5268,,,1,True,False,balanced,calibrated_balanced,0
BOAMP:17-61199,BOAMP,SIREN:546650169,72.0,IT Services & Consulting,2017-05-04,12.0,0,91.92,91.92,,,,OUVERT,SERVICES,False,2018-05-04,publication_date,none,,,,,,0,0,0,,,,0,False,False,balanced,calibrated_balanced,1
BOAMP:17-61541,BOAMP,SIREN:264400136,72.0,IT Services & Consulting,2017-07-21,48.0,1,50.79,,50.79,BOAMP:21-76925,,OUVERT,SERVICES,False,2021-07-21,attribution_award_date,calibrated_rule,0.8492,0.8556,1.0,True,0.535,0,0,0,0.8492,,,1,True,False,balanced,calibrated_balanced,0
BOAMP:17-62974,BOAMP,NAME:cap atlantique,48.0,Software & Applications,2017-05-05,48.0,0,91.89,91.89,,,208000.0,PROCEDURE_ADAPTE,,False,2021-05-05,publication_date,none,,,,,,0,0,0,,,,0,False,False,balanced,calibrated_balanced,1
BOAMP:17-62873,BOAMP,SIREN:194909701,72.0,IT Services & Consulting,2017-05-07,36.0,1,40.44,,40.44,BOAMP:20-114106,,OUVERT,SERVICES,False,2020-05-06,publication_date,calibrated_rule,0.852,1.0,1.0,True,0.26,0,0,0,0.852,,,1,True,False,balanced,calibrated_balanced,0
BOAMP:17-56105,BOAMP,SIREN:264400268,48.0,Software & Applications,2017-05-07,60.0,0,91.82,91.82,,,466000.0,OUVERT,FOURNITURES,False,2022-05-07,publication_date,none,,,,,,0,0,0,,,,0,False,False,balanced,calibrated_balanced,1
BOAMP:17-66007,BOAMP,NAME:le mans,72.0,IT Services & Consulting,2017-05-12,48.0,1,46.29,,46.29,BOAMP:21-37354,,PROCEDURE_ADAPTE,SERVICES,True,2021-05-12,publication_date,calibrated_rule,0.559,0.6649,0.0,True,0.715,0,0,0,0.559,0.5492,0.0098,2,False,False,balanced,calibrated_balanced,0
BOAMP:17-67752,BOAMP,NAME:gpm de nantes st nazaire,32.0,Telecom & Networks,2017-05-16,48.0,0,91.52,91.52,,,,PROCEDURE_ADAPTE,,True,2021-05-16,publication_date,none,,,,,,0,0,0,,,,0,False,False,balanced,calibrated_balanced,1
BOAMP:17-69161,BOAMP,NAME:ville du mans,37.0,Data & AI,2017-05-17,48.0,1,50.3,,50.3,BOAMP:21-103746,2000.0,PROCEDURE_ADAPTE,,True,2021-05-17,publication_date,calibrated_rule,0.8516,0.9135,,False,0.6167,0,0,0,0.8516,,,1,True,False,balanced,calibrated_balanced,0
BOAMP:17-69162,BOAMP,SIREN:247200132,72.0,IT Services & Consulting,2017-10-30,30.0,0,86.04,86.04,,,,PROCEDURE_ADAPTE,SERVICES,False,2020-04-30,attribution_award_date,none,,,,,,0,0,0,,,,0,False,False,balanced,calibrated_balanced,1
BOAMP:17-68186,BOAMP,SIREN:234400034,72.0,IT Services & Consulting,2017-08-09,12.0,1,11.33,,11.33,BOAMP:18-103319,500000.0,OUVERT,SERVICES,False,2018-08-09,attribution_award_date,calibrated_rule,0.6697,0.73,0.2,True,0.8883,0,0,0,0.6697,0.562,0.1077,5,False,False,balanced,calibrated_balanced,0
BOAMP:17-59442,BOAMP,NAME:ademe,72.0,IT Services & Consulting,2017-05-19,48.0,0,91.43,91.43,,,,RESTREINT,SERVICES,False,2021-05-19,publication_date,none,,,,,,0,0,0,,,,0,False,False,balanced,calibrated_balanced,1
BOAMP:17-68883,BOAMP,NAME:arafer,72.0,IT Maintenance & Support,2017-05-19,24.0,0,91.43,91.43,,,,OUVERT,SERVICES,False,2019-05-19,publication_date,none,,,,,,0,0,0,,,,0,False,False,balanced,calibrated_balanced,1
BOAMP:17-71849,BOAMP,SIREN:234400034,72.0,Digital Workplace & Collaboration,2017-08-09,12.0,1,11.33,,11.33,BOAMP:18-103319,,OUVERT,SERVICES,False,2018-08-09,attribution_award_date,calibrated_rule,0.6073,0.574,0.2,True,0.8883,0,0,0,0.6073,0.5326,0.0746,2,False,False,balanced,calibrated_balanced,0
BOAMP:17-71852,BOAMP,SIREN:284900016,35.0,Cybersecurity,2017-05-24,48.0,0,91.26,91.26,,,,PROCEDURE_ADAPTE,SERVICES,True,2021-05-24,publication_date,none,,,,,,0,0,0,,,,0,False,False,balanced,calibrated_balanced,1
BOAMP:17-73536,BOAMP,NAME:nantes metropole,48.0,Software & Applications,2017-10-26,60.0,1,60.81,,60.81,BOAMP:22-153504,,NEGOCIE,SERVICES,False,2022-10-26,attribution_award_date,calibrated_rule,0.5926,0.5489,0.2,True,0.865,0,0,0,0.5926,0.5286,0.064,2,False,False,balanced,calibrated_balanced,0
BOAMP:17-73142,BOAMP,SIREN:247200132,48.0,Software & Applications,2017-08-22,36.0,1,33.41,,33.41,BOAMP:19-177021,,OUVERT,FOURNITURES,False,2020-08-21,attribution_award_date,calibrated_rule,0.5661,0.5061,0.4,True,0.5683,0,0,0,0.5661,,,1,True,False,balanced,calibrated_balanced,0
BOAMP:17-73357,BOAMP,NAME:syndicat departemental d energie,32.0,Telecom & Networks,2017-10-26,12.0,0,86.17,86.17,,,,OUVERT,SERVICES,False,2018-10-26,attribution_award_date,none,,,,,,0,0,0,,,,0,False,False,balanced,calibrated_balanced,1
BOAMP:17-72992,BOAMP,NAME:groupe d etude et de controle des vari,72.0,IT Services & Consulting,2017-07-17,24.0,0,89.49,89.49,,,,OUVERT,SERVICES,False,2019-07-17,attribution_award_date,none,,,,,,0,0,0,,,,0,False,False,balanced,calibrated_balanced,1
BOAMP:17-74632,BOAMP,SIREN:130029747,48.0,Software & Applications,2017-05-31,48.0,0,91.03,91.03,,,240000.0,OUVERT,SERVICES,True,2021-05-31,publication_date,none,,,,,,0,0,0,,,,0,False,False,balanced,calibrated_balanced,1
BOAMP:17-75817,BOAMP,SIREN:200053593,48.0,Software & Applications,2017-05-31,48.0,0,91.03,91.03,,,,PROCEDURE_ADAPTE,,True,2021-05-31,publication_date,none,,,,,,0,0,0,,,,0,False,False,balanced,calibrated_balanced,1
BOAMP:17-76729,BOAMP,NAME:dir interregionale sces penitentiaires,32.0,Telecom & Networks,2017-06-01,48.0,0,91.0,91.0,,,,PROCEDURE_ADAPTE,,True,2021-06-01,publication_date,none,,,,,,0,0,0,,,,0,False,False,balanced,calibrated_balanced,1
BOAMP:17-76616,BOAMP,NAME:nantes metropole,72.0,Cybersecurity,2017-06-03,48.0,1,48.03,,48.03,BOAMP:21-76081,,OUVERT,SERVICES,False,2021-06-03,publication_date,calibrated_rule,0.6008,0.5046,0.2,True,0.995,0,0,0,0.6008,0.5703,0.0306,3,False,False,balanced,calibrated_balanced,0
BOAMP:17-77862,BOAMP,SIREN:234400034,34.0,Unknown,2017-10-04,12.0,0,86.89,86.89,,,,OUVERT,SERVICES,False,2018-10-04,attribution_award_date,none,,,,,,0,0,0,,,,0,False,False,balanced,calibrated_balanced,1
BOAMP:17-78402,BOAMP,SIREN:288500010,,Telecom & Networks,2017-06-06,48.0,0,90.83,90.83,,,,PROCEDURE_ADAPTE,,False,2021-06-06,publication_date,none,,,,,,0,0,0,,,,0,False,False,balanced,calibrated_balanced,1
BOAMP:17-78663,BOAMP,NAME:les quinconces l espal,32.0,Telecom & Networks,2017-06-06,48.0,0,90.83,90.83,,,,PROCEDURE_ADAPTE,,True,2021-06-06,publication_date,none,,,,,,0,0,0,,,,0,False,False,balanced,calibrated_balanced,1
BOAMP:17-79002,BOAMP,SIREN:198513905,32.0,Telecom & Networks,2017-06-07,48.0,0,90.8,90.8,,,,PROCEDURE_ADAPTE,,True,2021-06-07,publication_date,none,,,,,,0,0,0,,,,0,False,False,balanced,calibrated_balanced,1
BOAMP:17-68985,BOAMP,NAME:nantes metropole,48.0,Software & Applications,2017-10-16,48.0,1,44.94,,44.94,BOAMP:21-97876,,OUVERT,SERVICES,False,2021-10-16,attribution_award_date,calibrated_rule,0.5048,0.5169,0.2,True,0.49,0,0,0,0.5048,,,1,True,False,balanced,calibrated_balanced,0
BOAMP:17-80207,BOAMP,SIREN:214402042,,Unknown,2017-06-08,48.0,1,52.76,,52.76,BOAMP:21-146075,,PROCEDURE_ADAPTE,,True,2021-06-08,publication_date,calibrated_rule,0.5421,0.5381,,False,0.2067,0,0,0,0.5421,,,1,True,False,balanced,calibrated_balanced,0
BOAMP:17-80194,BOAMP,SIREN:935367433,72.0,IT Services & Consulting,2017-06-08,48.0,0,90.77,90.77,,,160000.0,PROCEDURE_ADAPTE,SERVICES,False,2021-06-08,publication_date,none,,,,,,0,0,0,,,,0,False,False,balanced,calibrated_balanced,1
BOAMP:17-80573,BOAMP,SIREN:284400017,32.0,Telecom & Networks,2017-10-17,48.0,0,86.47,86.47,,,,OUVERT,SERVICES,False,2021-10-17,attribution_award_date,none,,,,,,0,0,0,,,,0,False,False,balanced,calibrated_balanced,1
BOAMP:17-80380,BOAMP,NAME:maine loire habitat office pub habitat,32.0,Telecom & Networks,2017-10-03,48.0,0,86.93,86.93,,,300000.0,OUVERT,SERVICES,False,2021-10-03,attribution_award_date,none,,,,,,0,0,0,,,,0,False,False,balanced,calibrated_balanced,1
BOAMP:17-82963,BOAMP,NAME:ville du mans,32.0,Telecom & Networks,2017-10-09,48.0,0,86.73,86.73,,,,PROCEDURE_ADAPTE,,True,2021-10-09,attribution_award_date,none,,,,,,0,0,0,,,,0,False,False,balanced,calibrated_balanced,1
BOAMP:17-85841,BOAMP,SIREN:234400034,48.0,Software & Applications,2017-10-23,12.0,0,86.27,86.27,,,,PROCEDURE_ADAPTE,SERVICES,False,2018-10-23,attribution_award_date,none,,,,,,0,0,0,,,,0,False,False,balanced,calibrated_balanced,1
BOAMP:17-85294,BOAMP,SIREN:391722881,48.0,Software & Applications,2017-06-21,12.0,0,90.34,90.34,,,,OUVERT,SERVICES,False,2018-06-21,publication_date,none,,,,,,0,0,0,,,,0,False,False,balanced,calibrated_balanced,1
BOAMP:17-88463,BOAMP,NAME:cesame de sainte gemmes sur loire,32.0,Telecom & Networks,2017-06-25,39.0,0,90.21,90.21,,,220000.0,OUVERT,FOURNITURES,False,2020-09-24,publication_date,none,,,,,,0,0,0,,,,0,False,False,balanced,calibrated_balanced,1
BOAMP:17-90424,BOAMP,NAME:regie dept passages d eau de vendee,72.0,IT Services & Consulting,2017-06-27,48.0,1,51.38,,51.38,BOAMP:21-135182,,PROCEDURE_ADAPTE,SERVICES,True,2021-06-27,publication_date,calibrated_rule,0.7289,0.6039,1.0,True,0.4367,0,0,0,0.7289,,,1,True,False,balanced,calibrated_balanced,0
BOAMP:17-90049,BOAMP,SIREN:391722881,35.0,Cybersecurity,2017-06-28,12.0,0,90.11,90.11,,,,OUVERT,SERVICES,False,2018-06-28,publication_date,none,,,,,,0,0,0,,,,0,False,False,balanced,calibrated_balanced,1
BOAMP:17-91935,BOAMP,NAME:nantes metropole,32.0,Telecom & Networks,2017-07-01,48.0,1,53.52,,53.52,BOAMP:21-163822,,OUVERT,FOURNITURES,False,2021-07-01,publication_date,calibrated_rule,0.739,0.8075,1.0,True,0.08,0,0,0,0.739,0.5788,0.1602,3,False,True,balanced,calibrated_balanced,0
BOAMP:17-91530,BOAMP,SIREN:225300011,45.0,Unknown,2018-05-29,24.0,0,79.11,79.11,,,,OUVERT,TRAVAUX,False,2020-05-28,attribution_award_date,none,,,,,,0,0,0,,,,0,False,False,balanced,calibrated_balanced,1
BOAMP:17-93042,BOAMP,SIREN:391722881,72.0,IT Services & Consulting,2017-07-02,24.0,0,89.98,89.98,,,,OUVERT,SERVICES,False,2019-07-02,publication_date,none,,,,,,0,0,0,,,,0,False,False,balanced,calibrated_balanced,1
BOAMP:17-93666,BOAMP,SIREN:264400136,72.0,IT Services & Consulting,2017-07-03,48.0,1,49.57,,49.57,BOAMP:21-113953,,PROCEDURE_ADAPTE,SERVICES,True,2021-07-03,publication_date,calibrated_rule,0.7722,0.5613,1.0,True,0.7383,0,0,0,0.7722,0.7589,0.0133,2,False,False,balanced,calibrated_balanced,0
BOAMP:17-93952,BOAMP,SIREN:391722881,72.0,Digital Workplace & Collaboration,2018-05-14,24.0,0,79.6,79.6,,,,NEGOCIE,SERVICES,False,2020-05-13,attribution_award_date,none,,,,,,0,0,0,,,,0,False,False,balanced,calibrated_balanced,1
BOAMP:17-97519,BOAMP,SIREN:214402042,72.0,Digital Workplace & Collaboration,2017-07-07,48.0,1,51.81,,51.81,BOAMP:21-146075,,PROCEDURE_ADAPTE,SERVICES,True,2021-07-07,publication_date,calibrated_rule,0.5774,0.6359,0.4,True,0.365,0,0,0,0.5774,,,1,True,False,balanced,calibrated_balanced,0
BOAMP:17-97609,BOAMP,SIREN:284400017,35.0,Cybersecurity,2017-07-07,48.0,1,44.51,,44.51,BOAMP:21-38984,,PROCEDURE_ADAPTE,,True,2021-07-07,publication_date,calibrated_rule,0.6075,0.6846,0.4,True,0.4183,0,0,0,0.6075,,,1,True,False,balanced,calibrated_balanced,0
BOAMP:17-94724,BOAMP,SIREN:214401846,32.0,Telecom & Networks,2017-10-03,36.0,1,34.0,,34.0,BOAMP:20-98331,,OUVERT,FOURNITURES,False,2020-10-02,attribution_award_date,calibrated_rule,0.5133,0.5749,0.0,True,0.6667,0,0,0,0.5133,,,1,True,False,balanced,calibrated_balanced,0
BOAMP:17-98996,BOAMP,SIREN:214401622,72.0,IT Services & Consulting,2017-07-11,36.0,0,89.68,89.68,,,,PROCEDURE_ADAPTE,SERVICES,False,2020-07-10,publication_date,none,,,,,,0,0,0,,,,0,False,False,balanced,calibrated_balanced,1
BOAMP:17-96902,BOAMP,SIREN:214401846,48.0,Software & Applications,2017-07-13,48.0,0,89.62,89.62,,,,PROCEDURE_ADAPTE,,False,2021-07-13,publication_date,none,,,,,,0,0,0,,,,0,False,False,balanced,calibrated_balanced,1
BOAMP:17-82154,BOAMP,NAME:nantes metropole,79.0,Unknown,2017-07-13,36.0,1,36.76,,36.76,BOAMP:20-98264,,NEGOCIE,SERVICES,False,2020-07-12,publication_date,calibrated_rule,0.5667,0.605,0.0,True,0.8733,0,0,0,0.5667,0.5667,0.0,2,False,False,balanced,calibrated_balanced,0
BOAMP:17-100085,BOAMP,SIREN:244900015,42.0,Unknown,2017-11-10,24.0,0,85.68,85.68,,,300000.0,OUVERT,FOURNITURES,False,2019-11-10,attribution_award_date,none,,,,,,0,0,0,,,,0,False,False,balanced,calibrated_balanced,1
BOAMP:17-101340,BOAMP,NAME:crous de rennes,32.0,Telecom & Networks,2017-07-15,48.0,0,89.55,89.55,,,,OUVERT,SERVICES,True,2021-07-15,publication_date,none,,,,,,0,0,0,,,,0,False,False,balanced,calibrated_balanced,1
BOAMP:17-102708,BOAMP,SIREN:234400034,48.0,Software & Applications,2017-07-18,36.0,1,36.14,,36.14,BOAMP:20-65753,,PROCEDURE_ADAPTE,SERVICES,False,2020-07-17,publication_date,calibrated_rule,0.5979,0.5063,0.2,True,0.9767,0,0,0,0.5979,0.5293,0.0685,2,False,False,balanced,calibrated_balanced,0
BOAMP:17-102482,BOAMP,SIREN:264400136,72.0,IT Services & Consulting,2017-07-18,48.0,1,49.08,,49.08,BOAMP:21-113953,,PROCEDURE_ADAPTE,,True,2021-07-18,publication_date,calibrated_rule,0.7885,0.5613,1.0,True,0.82,0,0,0,0.7885,0.7755,0.013,2,False,False,balanced,calibrated_balanced,0
BOAMP:17-102187,BOAMP,SIREN:194909701,32.0,Telecom & Networks,2017-07-19,36.0,1,37.52,,37.52,BOAMP:20-47300,,OUVERT,FOURNITURES,False,2020-07-18,publication_date,calibrated_rule,0.5277,0.5708,0.0,True,0.7467,0,0,0,0.5277,,,1,True,False,balanced,calibrated_balanced,0
BOAMP:17-100105,BOAMP,SIREN:214401846,48.0,Software & Applications,2017-07-20,12.0,0,89.39,89.39,,,400000.0,OUVERT,FOURNITURES,False,2018-07-20,publication_date,none,,,,,,0,0,0,,,,0,False,False,balanced,calibrated_balanced,1
BOAMP:17-103193,BOAMP,SIREN:234400034,48.0,Software & Applications,2018-03-19,48.0,1,50.1,,50.1,BOAMP:22-72517,,NEGOCIE,SERVICES,True,2022-03-19,attribution_award_date,calibrated_rule,0.7008,0.927,0.2,True,0.65,0,0,0,0.7008,0.5757,0.1251,3,False,True,balanced,calibrated_balanced,0
BOAMP:17-102923,BOAMP,SIREN:234400034,48.0,Software & Applications,2017-07-20,48.0,1,47.21,,47.21,BOAMP:21-86773,,OUVERT,SERVICES,False,2021-07-20,publication_date,calibrated_rule,0.5408,0.5428,0.0,True,0.8683,0,0,0,0.5408,,,1,True,False,balanced,calibrated_balanced,0
BOAMP:17-103816,BOAMP,NAME:dirisi,32.0,Telecom & Networks,2017-12-20,66.0,0,84.36,84.36,,,360000.0,OUVERT,FOURNITURES,False,2023-06-21,attribution_award_date,none,,,,,,0,0,0,,,,0,False,False,balanced,calibrated_balanced,1
BOAMP:17-102568,BOAMP,NAME:carene,48.0,Software & Applications,2017-07-21,48.0,0,89.36,89.36,,,,PROCEDURE_ADAPTE,SERVICES,False,2021-07-21,publication_date,none,,,,,,0,0,0,,,,0,False,False,balanced,calibrated_balanced,1
BOAMP:17-104235,BOAMP,SIREN:391722881,48.0,Software & Applications,2017-07-22,36.0,0,89.32,89.32,,,,OUVERT,FOURNITURES,False,2020-07-21,publication_date,none,,,,,,0,0,0,,,,0,False,False,balanced,calibrated_balanced,1
BOAMP:17-104895,BOAMP,SIREN:264900390,35.0,Cybersecurity,2017-10-09,48.0,0,86.73,86.73,,,560000.0,OUVERT,SERVICES,True,2021-10-09,attribution_award_date,none,,,,,,0,0,0,,,,0,False,False,balanced,calibrated_balanced,1
BOAMP:17-104307,BOAMP,SIREN:214401846,39.0,Unknown,2017-11-09,48.0,1,52.79,,52.79,BOAMP:21-169350,100000.0,OUVERT,FOURNITURES,False,2021-11-09,attribution_award_date,calibrated_rule,0.5674,0.6927,0.4,True,0.2017,0,0,0,0.5674,,,1,True,False,balanced,calibrated_balanced,0
BOAMP:17-105683,BOAMP,SIREN:247200132,39.0,Software & Applications,2017-12-20,2.0,0,84.36,84.36,,,,OUVERT,FOURNITURES,False,2018-02-18,attribution_award_date,none,,,,,,0,0,0,,,,0,False,False,balanced,calibrated_balanced,1
BOAMP:17-106453,BOAMP,SIREN:214401580,,Telecom & Networks,2017-07-24,48.0,0,89.26,89.26,,,,PROCEDURE_ADAPTE,,True,2021-07-24,publication_date,none,,,,,,0,0,0,,,,0,False,False,balanced,calibrated_balanced,1
BOAMP:17-106009,BOAMP,NAME:nantes metropole,72.0,Cybersecurity,2017-11-26,48.0,0,85.15,85.15,,,,OUVERT,SERVICES,False,2021-11-26,attribution_award_date,none,,,,,,0,0,0,,,,0,False,False,balanced,calibrated_balanced,1
BOAMP:17-106845,BOAMP,SIREN:214900201,45.0,Unknown,2017-07-28,14.0,0,89.13,89.13,,,820000.0,OUVERT,TRAVAUX,False,2018-09-27,publication_date,none,,,,,,0,0,0,,,,0,False,False,balanced,calibrated_balanced,1
BOAMP:17-109941,BOAMP,SIREN:214401846,48.0,Software & Applications,2017-11-13,12.0,0,85.58,85.58,,,,PROCEDURE_ADAPTE,SERVICES,False,2018-11-13,attribution_award_date,none,,,,,,0,0,0,,,,0,False,False,balanced,calibrated_balanced,1
BOAMP:17-110921,BOAMP,SIREN:194401006,48.0,Software & Applications,2017-12-18,48.0,0,84.43,84.43,,,,OUVERT,FOURNITURES,False,2021-12-18,attribution_award_date,none,,,,,,0,0,0,,,,0,False,False,balanced,calibrated_balanced,1
BOAMP:17-103068,BOAMP,SIREN:241700434,32.0,Telecom & Networks,2017-08-10,48.0,0,88.7,88.7,,,7300000.0,,SERVICES,True,2021-08-10,publication_date,none,,,,,,0,0,0,,,,0,False,False,balanced,calibrated_balanced,1
BOAMP:17-115008,BOAMP,SIREN:281700252,,Data & AI,2017-08-10,12.0,0,88.7,88.7,,,34000.0,PROCEDURE_ADAPTE,,False,2018-08-10,publication_date,none,,,,,,0,0,0,,,,0,False,False,balanced,calibrated_balanced,1
BOAMP:17-114118,BOAMP,SIREN:234400034,48.0,Software & Applications,2017-12-28,48.0,1,48.49,,48.49,BOAMP:21-116891,,OUVERT,SERVICES,True,2021-12-28,attribution_award_date,calibrated_rule,0.6164,0.7069,0.0,True,0.9183,0,0,0,0.6164,0.591,0.0254,4,False,False,balanced,calibrated_balanced,0
BOAMP:17-114694,BOAMP,NAME:hop intercommunal du baugeois et val,32.0,Telecom & Networks,2017-12-12,12.0,0,84.63,84.63,,,,OUVERT,FOURNITURES,False,2018-12-12,attribution_award_date,none,,,,,,0,0,0,,,,0,False,False,balanced,calibrated_balanced,1
BOAMP:17-111330,BOAMP,NAME:nantes metropole,72.0,Cybersecurity,2018-01-16,12.0,1,16.36,,16.36,BOAMP:19-36958,,OUVERT,SERVICES,False,2019-01-16,attribution_award_date,calibrated_rule,0.6737,0.5476,1.0,True,0.2733,0,0,0,0.6737,0.621,0.0527,5,False,False,balanced,calibrated_balanced,0
BOAMP:17-115598,BOAMP,NAME:drac pays de la loire,92.0,Data & AI,2017-08-12,5.0,0,88.63,88.63,,,,OUVERT,SERVICES,False,2018-01-11,publication_date,none,,,,,,0,0,0,,,,0,False,False,balanced,calibrated_balanced,1
BOAMP:17-117075,BOAMP,NAME:syndicat mixte pour le dvlpt numerique,72.0,IT Services & Consulting,2017-08-17,48.0,1,49.61,,49.61,BOAMP:21-133433,,PROCEDURE_ADAPTE,,True,2021-08-17,publication_date,calibrated_rule,0.938,0.9791,1.0,True,0.7317,0,0,0,0.938,,,1,True,False,balanced,calibrated_balanced,0
BOAMP:17-117591,BOAMP,SIREN:217201540,45.0,Unknown,2017-08-18,48.0,0,88.44,88.44,,,,PROCEDURE_ADAPTE,,True,2021-08-18,publication_date,none,,,,,,0,0,0,,,,0,False,False,balanced,calibrated_balanced,1
BOAMP:17-118765,BOAMP,SIREN:234400034,48.0,Software & Applications,2017-12-14,12.0,1,10.41,,10.41,BOAMP:18-150422,,PROCEDURE_ADAPTE,SERVICES,False,2018-12-14,attribution_award_date,calibrated_rule,0.503,0.5149,0.0,True,0.735,0,0,0,0.503,,,1,True,False,balanced,calibrated_balanced,0
BOAMP:17-119142,BOAMP,NAME:prefecture,72.0,IT Services & Consulting,2017-08-23,48.0,0,88.27,88.27,,,,PROCEDURE_ADAPTE,SERVICES,True,2021-08-23,publication_date,none,,,,,,0,0,0,,,,0,False,False,balanced,calibrated_balanced,1
BOAMP:17-120212,BOAMP,SIREN:234400034,72.0,IT Services & Consulting,2017-12-15,12.0,0,84.53,84.53,,,,PROCEDURE_ADAPTE,SERVICES,False,2018-12-15,attribution_award_date,none,,,,,,0,0,0,,,,0,False,False,balanced,calibrated_balanced,1
BOAMP:17-115928,BOAMP,NAME:ademe,72.0,IT Services & Consulting,2018-04-24,48.0,0,80.26,80.26,,,,RESTREINT,SERVICES,False,2022-04-24,attribution_award_date,none,,,,,,0,0,0,,,,0,False,False,balanced,calibrated_balanced,1
BOAMP:17-120545,BOAMP,NAME:e collectivites vendee,72.0,IT Services & Consulting,2017-11-06,12.0,0,85.81,85.81,,,,OUVERT,SERVICES,False,2018-11-06,attribution_award_date,none,,,,,,0,0,0,,,,0,False,False,balanced,calibrated_balanced,1
BOAMP:17-123450,BOAMP,SIREN:935367433,48.0,Software & Applications,2017-09-03,48.0,0,87.91,87.91,,,2500000.0,OUVERT,SERVICES,False,2021-09-03,publication_date,none,,,,,,0,0,0,,,,0,False,False,balanced,calibrated_balanced,1
BOAMP:17-123584,BOAMP,SIREN:200006971,45.0,Data & AI,2017-12-04,7.0,0,84.89,84.89,,,,OUVERT,TRAVAUX,False,2018-07-05,attribution_award_date,none,,,,,,0,0,0,,,,0,False,False,balanced,calibrated_balanced,1
BOAMP:17-124242,BOAMP,SIREN:287200265,35.0,Cybersecurity,2017-10-27,48.0,0,86.14,86.14,,,,PROCEDURE_ADAPTE,,True,2021-10-27,attribution_award_date,none,,,,,,0,0,0,,,,0,False,False,balanced,calibrated_balanced,1
BOAMP:17-123595,BOAMP,SIREN:244400404,44.0,Telecom & Networks,2018-01-18,12.0,1,9.1,,9.1,BOAMP:18-146989,75000.0,OUVERT,FOURNITURES,False,2019-01-18,attribution_award_date,calibrated_rule,0.5111,0.6444,0.0,True,0.5167,0,0,0,0.5111,,,1,True,False,balanced,calibrated_balanced,0
BOAMP:17-124586,BOAMP,SIREN:194909701,72.0,IT Services & Consulting,2017-12-15,36.0,1,33.15,,33.15,BOAMP:20-114106,,OUVERT,SERVICES,False,2020-12-14,attribution_award_date,calibrated_rule,0.905,1.0,1.0,True,0.525,0,0,0,0.905,,,1,True,False,balanced,calibrated_balanced,0
BOAMP:17-128615,BOAMP,NAME:inserm,72.0,IT Services & Consulting,2017-09-14,24.0,0,87.55,87.55,,,4000000.0,RESTREINT,SERVICES,False,2019-09-14,publication_date,none,,,,,,0,0,0,,,,0,False,False,balanced,calibrated_balanced,1
BOAMP:17-129931,BOAMP,NAME:cmar pays de la loire,72.0,IT Services & Consulting,2017-09-17,48.0,0,87.45,87.45,,,,OUVERT,FOURNITURES,False,2021-09-17,publication_date,none,,,,,,0,0,0,,,,0,False,False,balanced,calibrated_balanced,1
BOAMP:17-127198,BOAMP,NAME:carene,44.0,Unknown,2017-12-19,12.0,0,84.4,84.4,,,40000.0,OUVERT,FOURNITURES,False,2018-12-19,attribution_award_date,none,,,,,,0,0,0,,,,0,False,False,balanced,calibrated_balanced,1
BOAMP:17-130980,BOAMP,NAME:e collectivites vendee,72.0,IT Services & Consulting,2017-09-17,48.0,0,87.45,87.45,,,,PROCEDURE_ADAPTE,,False,2021-09-17,publication_date,none,,,,,,0,0,0,,,,0,False,False,balanced,calibrated_balanced,1
BOAMP:17-117419,BOAMP,NAME:dsna,32.0,Telecom & Networks,2017-12-13,48.0,0,84.59,84.59,,,300000.0,OUVERT,FOURNITURES,False,2021-12-13,attribution_award_date,none,,,,,,0,0,0,,,,0,False,False,balanced,calibrated_balanced,1
BOAMP:17-133782,BOAMP,SIREN:214401325,72.0,IT Services & Consulting,2017-09-22,12.0,0,87.29,87.29,,,,PROCEDURE_ADAPTE,SERVICES,False,2018-09-22,publication_date,none,,,,,,0,0,0,,,,0,False,False,balanced,calibrated_balanced,1
BOAMP:17-135447,BOAMP,SIREN:130029747,,Data & AI,2017-09-26,48.0,0,87.16,87.16,,,,PROCEDURE_ADAPTE,,True,2021-09-26,publication_date,none,,,,,,0,0,0,,,,0,False,False,balanced,calibrated_balanced,1
BOAMP:17-134575,BOAMP,SIREN:110006012,72.0,Cybersecurity,2018-01-16,48.0,0,83.48,83.48,,,2000000.0,OUVERT,SERVICES,False,2022-01-16,attribution_award_date,none,,,,,,0,0,0,,,,0,False,False,balanced,calibrated_balanced,1
BOAMP:17-135932,BOAMP,SIREN:188500490,45.0,Unknown,2017-09-28,48.0,0,87.09,87.09,,,,OUVERT,TRAVAUX,True,2021-09-28,publication_date,none,,,,,,0,0,0,,,,0,False,False,balanced,calibrated_balanced,1
BOAMP:17-136551,BOAMP,SIREN:130001704,72.0,IT Services & Consulting,2017-09-30,48.0,0,87.02,87.02,,,,OUVERT,SERVICES,False,2021-09-30,publication_date,none,,,,,,0,0,0,,,,0,False,False,balanced,calibrated_balanced,1
BOAMP:17-130666,BOAMP,NAME:ademe,72.0,IT Maintenance & Support,2017-10-01,48.0,0,86.99,86.99,,,,OUVERT,SERVICES,False,2021-10-01,publication_date,none,,,,,,0,0,0,,,,0,False,False,balanced,calibrated_balanced,1
BOAMP:17-138140,BOAMP,SIREN:214400558,32.0,Telecom & Networks,2017-10-04,12.0,0,86.89,86.89,,,,OUVERT,SERVICES,False,2018-10-04,publication_date,none,,,,,,0,0,0,,,,0,False,False,balanced,calibrated_balanced,1
BOAMP:17-140377,BOAMP,SIREN:234400034,72.0,Cybersecurity,2017-12-14,24.0,0,84.56,84.56,,,,PROCEDURE_ADAPTE,SERVICES,False,2019-12-14,attribution_award_date,none,,,,,,0,0,0,,,,0,False,False,balanced,calibrated_balanced,1
BOAMP:17-141116,BOAMP,NAME:ville du mans,18.0,Telecom & Networks,2017-10-06,48.0,0,86.83,86.83,,,25000.0,PROCEDURE_ADAPTE,,True,2021-10-06,publication_date,none,,,,,,0,0,0,,,,0,False,False,balanced,calibrated_balanced,1
BOAMP:17-140760,BOAMP,NAME:plate forme achats finances nord est,35.0,Cybersecurity,2017-10-08,12.0,0,86.76,86.76,,,49392.0,OUVERT,FOURNITURES,False,2018-10-08,publication_date,none,,,,,,0,0,0,,,,0,False,False,balanced,calibrated_balanced,1
BOAMP:17-140948,BOAMP,SIREN:234400034,48.0,Software & Applications,2017-12-30,48.0,1,48.42,,48.42,BOAMP:21-116891,,OUVERT,SERVICES,True,2021-12-30,attribution_award_date,calibrated_rule,0.6656,0.8239,0.0,True,0.93,0,0,0,0.6656,0.6003,0.0653,5,False,False,balanced,calibrated_balanced,0
BOAMP:17-142028,BOAMP,SIREN:130029747,72.0,IT Services & Consulting,2017-10-11,47.0,0,86.66,86.66,,,,OUVERT,SERVICES,False,2021-09-10,publication_date,none,,,,,,0,0,0,,,,0,False,False,balanced,calibrated_balanced,1
BOAMP:17-142035,BOAMP,SIREN:234400034,48.0,Software & Applications,2017-12-26,48.0,0,84.17,84.17,,,,OUVERT,SERVICES,False,2021-12-26,attribution_award_date,none,,,,,,0,0,0,,,,0,False,False,balanced,calibrated_balanced,1
BOAMP:17-144102,BOAMP,SIREN:130029747,35.0,Cybersecurity,2018-02-01,48.0,0,82.95,82.95,,,,OUVERT,FOURNITURES,True,2022-02-01,attribution_award_date,none,,,,,,0,0,0,,,,0,False,False,balanced,calibrated_balanced,1
BOAMP:17-143241,BOAMP,NAME:nantes metropole,48.0,Software & Applications,2018-06-20,60.0,1,58.44,,58.44,BOAMP:23-60788,,NEGOCIE,SERVICES,False,2023-06-20,attribution_award_date,calibrated_rule,0.5319,0.5847,0.0,True,0.74,0,0,0,0.5319,,,1,True,False,balanced,calibrated_balanced,0
BOAMP:17-148560,BOAMP,NAME:cc du pays de chantonnay,72.0,IT Services & Consulting,2017-10-22,48.0,0,86.3,86.3,,,,OUVERT,SERVICES,False,2021-10-22,publication_date,none,,,,,,0,0,0,,,,0,False,False,balanced,calibrated_balanced,1
BOAMP:17-147216,BOAMP,SIREN:865800767,45.0,Unknown,2017-10-23,54.0,0,86.27,86.27,,,,PROCEDURE_ADAPTE,,False,2022-04-23,publication_date,none,,,,,,0,0,0,,,,0,False,False,balanced,calibrated_balanced,1
BOAMP:17-152746,BOAMP,NAME:ctre hosp universitaire angers,48.0,Software & Applications,2017-12-08,48.0,0,84.76,84.76,,,,OUVERT,SERVICES,False,2021-12-08,attribution_award_date,none,,,,,,0,0,0,,,,0,False,False,balanced,calibrated_balanced,1
BOAMP:17-155889,BOAMP,SIREN:180092025,32.0,Telecom & Networks,2018-02-09,6.0,0,82.69,82.69,,,,OUVERT,FOURNITURES,False,2018-08-10,attribution_award_date,none,,,,,,0,0,0,,,,0,False,False,balanced,calibrated_balanced,1
BOAMP:17-158731,BOAMP,SIREN:228500013,72.0,IT Services & Consulting,2018-02-27,48.0,0,82.1,82.1,,,,PROCEDURE_ADAPTE,SERVICES,True,2022-02-27,attribution_award_date,none,,,,,,0,0,0,,,,0,False,False,balanced,calibrated_balanced,1
BOAMP:17-159373,BOAMP,SIREN:264400136,72.0,IT Services & Consulting,2018-04-03,48.0,1,50.66,,50.66,BOAMP:22-87982,,OUVERT,SERVICES,False,2022-04-03,attribution_award_date,calibrated_rule,0.8062,0.7372,1.0,True,0.5567,0,0,0,0.8062,0.6278,0.1784,2,False,True,balanced,calibrated_balanced,0
BOAMP:17-158224,BOAMP,NAME:nantes metropole,48.0,Software & Applications,2018-04-24,48.0,0,80.26,80.26,,,,OUVERT,SERVICES,False,2022-04-24,attribution_award_date,none,,,,,,0,0,0,,,,0,False,False,balanced,calibrated_balanced,1
BOAMP:17-159853,BOAMP,SIREN:244900015,72.0,IT Services & Consulting,2017-11-13,36.0,1,40.37,,40.37,BOAMP:20-66280,,PROCEDURE_ADAPTE,,False,2020-11-12,publication_date,calibrated_rule,0.5928,0.7212,0.4,True,0.2717,0,0,0,0.5928,,,1,True,False,balanced,calibrated_balanced,0
BOAMP:17-161917,BOAMP,SIREN:935367433,72.0,IT Maintenance & Support,2017-11-18,12.0,1,11.24,,11.24,BOAMP:18-149893,3200000.0,OUVERT,SERVICES,False,2018-11-18,publication_date,calibrated_rule,0.7905,0.5395,1.0,True,0.8733,0,0,0,0.7905,0.583,0.2074,2,False,True,balanced,calibrated_balanced,0
BOAMP:17-161006,BOAMP,SIREN:244900015,48.0,Software & Applications,2018-11-21,48.0,1,46.98,,46.98,BOAMP:22-141594,210000.0,NEGOCIE,SERVICES,False,2022-11-21,attribution_award_date,calibrated_rule,0.5426,0.5665,0.0,True,0.83,0,0,0,0.5426,,,1,True,False,balanced,calibrated_balanced,0
BOAMP:17-163707,BOAMP,SIREN:391722881,72.0,IT Services & Consulting,2017-11-22,24.0,1,23.65,,23.65,BOAMP:19-169855,,OUVERT,SERVICES,False,2019-11-22,publication_date,calibrated_rule,0.5958,0.5186,0.2,True,0.9417,0,0,0,0.5958,,,1,True,False,balanced,calibrated_balanced,0
BOAMP:17-161606,BOAMP,NAME:carene,32.0,Telecom & Networks,2017-11-23,48.0,0,85.25,85.25,,,84000.0,PROCEDURE_ADAPTE,,True,2021-11-23,publication_date,none,,,,,,0,0,0,,,,0,False,False,balanced,calibrated_balanced,1
BOAMP:17-165149,BOAMP,NAME:oniris,72.0,Digital Workplace & Collaboration,2017-11-25,12.0,0,85.18,85.18,,,,NEGOCIE,SERVICES,False,2018-11-25,publication_date,none,,,,,,0,0,0,,,,0,False,False,balanced,calibrated_balanced,1
BOAMP:17-165815,BOAMP,NAME:dreal bretagne,48.0,Software & Applications,2018-06-05,48.0,1,45.63,,45.63,BOAMP:22-44037,,OUVERT,SERVICES,False,2022-06-05,attribution_award_date,calibrated_rule,0.5293,0.6457,0.0,True,0.605,0,0,0,0.5293,,,1,True,False,balanced,calibrated_balanced,0
BOAMP:17-165817,BOAMP,NAME:dreal bretagne,48.0,Software & Applications,2018-05-18,48.0,1,46.22,,46.22,BOAMP:22-44037,,OUVERT,SERVICES,False,2022-05-18,attribution_award_date,calibrated_rule,0.6907,1.0,0.0,True,0.7033,0,0,0,0.6907,,,1,True,False,balanced,calibrated_balanced,0
BOAMP:17-166932,BOAMP,SIREN:130025158,32.0,Telecom & Networks,2017-11-27,48.0,0,85.12,85.12,,,,PROCEDURE_ADAPTE,,True,2021-11-27,publication_date,none,,,,,,0,0,0,,,,0,False,False,balanced,calibrated_balanced,1
BOAMP:17-167643,BOAMP,SIREN:935367433,32.0,Telecom & Networks,2017-11-28,12.0,0,85.09,85.09,,,,PROCEDURE_ADAPTE,,False,2018-11-28,publication_date,none,,,,,,0,0,0,,,,0,False,False,balanced,calibrated_balanced,1
BOAMP:17-167707,BOAMP,NAME:nantes metropole,48.0,Software & Applications,2017-11-28,48.0,1,46.88,,46.88,BOAMP:21-143183,,PROCEDURE_ADAPTE,SERVICES,False,2021-11-28,publication_date,calibrated_rule,0.6101,0.6187,0.2,True,0.8133,0,0,0,0.6101,0.5889,0.0213,5,False,False,balanced,calibrated_balanced,0
BOAMP:17-168569,BOAMP,NAME:nantes metropole,72.0,GIS & Mapping,2017-11-29,48.0,1,50.39,,50.39,BOAMP:22-21573,,PROCEDURE_ADAPTE,,True,2021-11-29,publication_date,calibrated_rule,0.8348,0.7862,1.0,True,0.6017,0,0,0,0.8348,0.5616,0.2732,3,False,True,balanced,calibrated_balanced,0
BOAMP:17-171316,BOAMP,SIREN:234400034,72.0,Cybersecurity,2018-03-22,48.0,1,46.98,,46.98,BOAMP:22-25102,,OUVERT,SERVICES,False,2022-03-22,attribution_award_date,calibrated_rule,0.5372,0.553,0.0,True,0.83,0,0,0,0.5372,,,1,True,False,balanced,calibrated_balanced,0
BOAMP:17-172862,BOAMP,SIREN:528848153,72.0,Digital Workplace & Collaboration,2017-12-08,72.0,0,84.76,84.76,,,,PROCEDURE_ADAPTE,SERVICES,False,2023-12-08,publication_date,none,,,,,,0,0,0,,,,0,False,False,balanced,calibrated_balanced,1
BOAMP:17-173975,BOAMP,SIREN:234400034,48.0,Software & Applications,2017-12-13,24.0,1,25.1,,25.1,BOAMP:20-5957,,OUVERT,SERVICES,False,2019-12-13,publication_date,calibrated_rule,0.5337,0.5508,0.0,True,0.8167,0,0,0,0.5337,0.532,0.0017,3,False,False,balanced,calibrated_balanced,0
BOAMP:17-174760,BOAMP,SIREN:284400017,35.0,Cybersecurity,2018-01-30,48.0,0,83.02,83.02,,,,OUVERT,SERVICES,True,2022-01-30,attribution_award_date,none,,,,,,0,0,0,,,,0,False,False,balanced,calibrated_balanced,1
BOAMP:17-173663,BOAMP,NAME:nantes metropole,48.0,Software & Applications,2017-12-16,60.0,1,59.23,,59.23,BOAMP:22-154717,,NEGOCIE,SERVICES,False,2022-12-16,publication_date,calibrated_rule,0.5937,0.5483,0.2,True,0.8717,0,0,0,0.5937,0.5699,0.0238,3,False,False,balanced,calibrated_balanced,0
BOAMP:17-176560,BOAMP,SIREN:285300018,35.0,Cybersecurity,2017-12-17,24.0,0,84.46,84.46,,,976500.0,OUVERT,FOURNITURES,False,2019-12-17,publication_date,none,,,,,,0,0,0,,,,0,False,False,balanced,calibrated_balanced,1
BOAMP:17-177418,BOAMP,SIREN:214401846,32.0,Telecom & Networks,2017-12-20,48.0,0,84.36,84.36,,,50000.0,PROCEDURE_ADAPTE,FOURNITURES,False,2021-12-20,publication_date,none,,,,,,0,0,0,,,,0,False,False,balanced,calibrated_balanced,1
BOAMP:17-129614,BOAMP,NAME:nantes metropole,72.0,Cybersecurity,2017-12-21,48.0,1,50.13,,50.13,BOAMP:22-26998,,OUVERT,SERVICES,False,2021-12-21,publication_date,calibrated_rule,0.8086,0.6989,1.0,True,0.645,0,0,0,0.8086,0.5982,0.2103,9,False,True,balanced,calibrated_balanced,0
BOAMP:17-179962,BOAMP,SIREN:234400034,45.0,Telecom & Networks,2017-12-21,6.0,1,6.57,,6.57,BOAMP:18-95630,,PROCEDURE_ADAPTE,TRAVAUX,False,2018-06-21,publication_date,calibrated_rule,0.981,1.0,1.0,True,0.905,0,0,0,0.981,,,1,True,False,balanced,calibrated_balanced,0
BOAMP:17-178496,BOAMP,SIREN:214401846,32.0,Telecom & Networks,2017-12-21,48.0,0,84.33,84.33,,,110000.0,PROCEDURE_ADAPTE,FOURNITURES,True,2021-12-21,publication_date,none,,,,,,0,0,0,,,,0,False,False,balanced,calibrated_balanced,1
BOAMP:17-179112,BOAMP,NAME:nantes metropole,72.0,IT Services & Consulting,2017-12-22,48.0,0,84.3,84.3,,,,OUVERT,SERVICES,False,2021-12-22,publication_date,none,,,,,,0,0,0,,,,0,False,False,balanced,calibrated_balanced,1
BOAMP:18-265,BOAMP,SIREN:234400034,32.0,Telecom & Networks,2018-06-27,12.0,0,78.15,78.15,,,,PROCEDURE_ADAPTE,SERVICES,False,2019-06-27,attribution_award_date,none,,,,,,0,0,0,,,,0,False,False,balanced,calibrated_balanced,1
BOAMP:18-546,BOAMP,SIREN:244900015,48.0,Software & Applications,2018-04-25,24.0,0,80.22,80.22,,,500000.0,OUVERT,FOURNITURES,False,2020-04-24,attribution_award_date,none,,,,,,0,0,0,,,,0,False,False,balanced,calibrated_balanced,1
BOAMP:18-2518,BOAMP,SIREN:264400136,72.0,IT Services & Consulting,2018-01-09,12.0,0,83.71,83.71,,,,PROCEDURE_ADAPTE,SERVICES,False,2019-01-09,publication_date,none,,,,,,0,0,0,,,,0,False,False,balanced,calibrated_balanced,1
BOAMP:18-4239,BOAMP,SIREN:200067346,35.0,Cybersecurity,2018-03-19,12.0,0,81.44,81.44,,,,OUVERT,FOURNITURES,False,2019-03-19,attribution_award_date,none,,,,,,0,0,0,,,,0,False,False,balanced,calibrated_balanced,1
BOAMP:18-6884,BOAMP,SIREN:264400136,72.0,IT Services & Consulting,2018-01-16,12.0,0,83.48,83.48,,,,PROCEDURE_ADAPTE,SERVICES,False,2019-01-16,publication_date,none,,,,,,0,0,0,,,,0,False,False,balanced,calibrated_balanced,1
BOAMP:18-6138,BOAMP,SIREN:284400017,48.0,Software & Applications,2018-04-12,48.0,1,47.17,,47.17,BOAMP:22-39410,,OUVERT,FOURNITURES,False,2022-04-12,attribution_award_date,calibrated_rule,0.7723,1.0,0.2,True,0.8617,0,0,0,0.7723,0.7267,0.0457,2,False,False,balanced,calibrated_balanced,0
BOAMP:18-3854,BOAMP,SIREN:218501914,44.0,Unknown,2018-04-05,3.0,0,80.88,80.88,,,290000.0,OUVERT,FOURNITURES,False,2018-07-05,attribution_award_date,none,,,,,,0,0,0,,,,0,False,False,balanced,calibrated_balanced,1
BOAMP:18-8070,BOAMP,SIREN:244900015,72.0,IT Services & Consulting,2018-01-18,36.0,0,83.41,83.41,,,,PROCEDURE_ADAPTE,SERVICES,False,2021-01-17,publication_date,none,,,,,,0,0,0,,,,0,False,False,balanced,calibrated_balanced,1
BOAMP:18-8615,BOAMP,NAME:gcs esante pays de la loire,72.0,IT Services & Consulting,2018-01-20,48.0,0,83.34,83.34,,,250000.0,NEGOCIE,SERVICES,True,2022-01-20,publication_date,none,,,,,,0,0,0,,,,0,False,False,balanced,calibrated_balanced,1
BOAMP:18-8280,BOAMP,SIREN:248500589,48.0,Software & Applications,2018-05-02,48.0,0,79.99,79.99,,,300000.0,OUVERT,FOURNITURES,False,2022-05-02,attribution_award_date,none,,,,,,0,0,0,,,,0,False,False,balanced,calibrated_balanced,1
BOAMP:18-8879,BOAMP,SIREN:391722881,72.0,IT Services & Consulting,2019-01-11,24.0,0,71.65,71.65,,,,NEGOCIE,SERVICES,False,2021-01-10,attribution_award_date,none,,,,,,0,0,0,,,,0,False,False,balanced,calibrated_balanced,1
BOAMP:18-10415,BOAMP,SIREN:130029747,35.0,Cybersecurity,2018-04-23,30.0,0,80.29,80.29,,,,PROCEDURE_ADAPTE,FOURNITURES,False,2020-10-22,attribution_award_date,none,,,,,,0,0,0,,,,0,False,False,balanced,calibrated_balanced,1
BOAMP:18-9170,BOAMP,SIREN:248500415,48.0,Software & Applications,2018-01-24,48.0,0,83.21,83.21,,,221000.0,OUVERT,FOURNITURES,False,2022-01-24,publication_date,none,,,,,,0,0,0,,,,0,False,False,balanced,calibrated_balanced,1
BOAMP:18-11225,BOAMP,NAME:nantes metropole,72.0,IT Services & Consulting,2018-01-27,48.0,1,49.64,,49.64,BOAMP:22-39212,,RESTREINT,SERVICES,False,2022-01-27,publication_date,calibrated_rule,0.6005,0.6378,0.2,True,0.7267,0,0,0,0.6005,0.5865,0.0139,3,False,False,balanced,calibrated_balanced,0
BOAMP:18-12557,BOAMP,SIREN:381053768,32.0,Telecom & Networks,2018-01-28,12.0,0,83.08,83.08,,,,OUVERT,SERVICES,False,2019-01-28,publication_date,none,,,,,,0,0,0,,,,0,False,False,balanced,calibrated_balanced,1
BOAMP:18-12119,BOAMP,SIREN:234400034,72.0,IT Services & Consulting,2018-04-27,48.0,1,48.82,,48.82,BOAMP:22-72517,,OUVERT,SERVICES,True,2022-04-27,attribution_award_date,calibrated_rule,0.6645,0.8547,0.0,True,0.8633,0,0,0,0.6645,0.6193,0.0452,5,False,False,balanced,calibrated_balanced,0
BOAMP:18-13131,BOAMP,NAME:cte de communes d erdre et gesvres,48.0,Software & Applications,2018-01-29,39.0,0,83.05,83.05,,,,PROCEDURE_ADAPTE,SERVICES,False,2021-04-30,publication_date,none,,,,,,0,0,0,,,,0,False,False,balanced,calibrated_balanced,1
BOAMP:18-13243,BOAMP,SIREN:194909701,72.0,IT Services & Consulting,2018-04-17,48.0,1,46.75,,46.75,BOAMP:22-35499,,PROCEDURE_ADAPTE,SERVICES,False,2022-04-17,attribution_award_date,calibrated_rule,0.5352,0.5672,0.0,True,0.7917,0,0,0,0.5352,,,1,True,False,balanced,calibrated_balanced,0
BOAMP:18-14081,BOAMP,NAME:cdc du pays de saint gilles cx de vie,48.0,Software & Applications,2018-02-02,48.0,0,82.92,82.92,,,160000.0,OUVERT,SERVICES,False,2022-02-02,publication_date,none,,,,,,0,0,0,,,,0,False,False,balanced,calibrated_balanced,1
BOAMP:18-15680,BOAMP,SIREN:214401846,72.0,IT Services & Consulting,2018-02-07,48.0,0,82.75,82.75,,,160000.0,PROCEDURE_ADAPTE,SERVICES,False,2022-02-07,publication_date,none,,,,,,0,0,0,,,,0,False,False,balanced,calibrated_balanced,1
BOAMP:18-17886,BOAMP,SIREN:228500013,72.0,IT Services & Consulting,2018-05-31,12.0,0,79.04,79.04,,,,PROCEDURE_ADAPTE,SERVICES,False,2019-05-31,attribution_award_date,none,,,,,,0,0,0,,,,0,False,False,balanced,calibrated_balanced,1
BOAMP:18-18750,BOAMP,NAME:comsopgn,,Telecom & Networks,2018-02-08,12.0,0,82.72,82.72,,,,PROCEDURE_ADAPTE,FOURNITURES,False,2019-02-08,publication_date,none,,,,,,0,0,0,,,,0,False,False,balanced,calibrated_balanced,1
BOAMP:18-18602,BOAMP,SIREN:130029747,72.0,IT Services & Consulting,2018-02-09,48.0,0,82.69,82.69,,,,OUVERT,SERVICES,False,2022-02-09,publication_date,none,,,,,,0,0,0,,,,0,False,False,balanced,calibrated_balanced,1
BOAMP:18-21470,BOAMP,NAME:ville d evron,32.0,Telecom & Networks,2018-06-05,48.0,0,78.88,78.88,,,225000.0,OUVERT,FOURNITURES,False,2022-06-05,attribution_award_date,none,,,,,,0,0,0,,,,0,False,False,balanced,calibrated_balanced,1
BOAMP:18-22345,BOAMP,NAME:uniha gcs,72.0,IT Services & Consulting,2018-02-17,12.0,0,82.42,82.42,,,,NEGOCIE,SERVICES,False,2019-02-17,publication_date,none,,,,,,0,0,0,,,,0,False,False,balanced,calibrated_balanced,1
BOAMP:18-22305,BOAMP,NAME:uniha gcs,72.0,IT Services & Consulting,2018-02-17,12.0,0,82.42,82.42,,,,NEGOCIE,SERVICES,False,2019-02-17,publication_date,none,,,,,,0,0,0,,,,0,False,False,balanced,calibrated_balanced,1
BOAMP:18-25344,BOAMP,NAME:conseil general de la vendee,,GIS & Mapping,2018-02-21,3.0,0,82.29,82.29,,,,PROCEDURE_ADAPTE,SERVICES,False,2018-05-23,publication_date,none,,,,,,0,0,0,,,,0,False,False,balanced,calibrated_balanced,1
BOAMP:18-25585,BOAMP,SIREN:244900015,32.0,Telecom & Networks,2018-02-22,12.0,0,82.26,82.26,,,5500000.0,PROCEDURE_ADAPTE,TRAVAUX,False,2019-02-22,publication_date,none,,,,,,0,0,0,,,,0,False,False,balanced,calibrated_balanced,1
BOAMP:18-26430,BOAMP,SIREN:391722881,72.0,IT Services & Consulting,2019-01-11,48.0,1,46.75,,46.75,BOAMP:22-159813,,NEGOCIE,SERVICES,False,2023-01-11,attribution_award_date,calibrated_rule,0.6384,0.7002,0.2,True,0.7917,0,0,0,0.6384,0.5647,0.0737,2,False,False,balanced,calibrated_balanced,0
BOAMP:18-26654,BOAMP,NAME:gip vendee numerique,32.0,Telecom & Networks,2019-07-01,48.0,0,66.03,66.03,,,,NEGOCIE,TRAVAUX,True,2023-07-01,attribution_award_date,none,,,,,,0,0,0,,,,0,False,False,balanced,calibrated_balanced,1
BOAMP:18-26824,BOAMP,SIREN:234400034,72.0,Digital Workplace & Collaboration,2018-06-25,12.0,0,78.22,78.22,,,,OUVERT,SERVICES,False,2019-06-25,attribution_award_date,none,,,,,,0,0,0,,,,0,False,False,balanced,calibrated_balanced,1
BOAMP:18-27476,BOAMP,SIREN:194909701,32.0,Telecom & Networks,2018-06-01,12.0,0,79.01,79.01,,,,OUVERT,SERVICES,False,2019-06-01,attribution_award_date,none,,,,,,0,0,0,,,,0,False,False,balanced,calibrated_balanced,1
BOAMP:18-29896,BOAMP,NAME:cnieg,72.0,IT Services & Consulting,2018-03-02,48.0,0,82.0,82.0,,,,PROCEDURE_ADAPTE,SERVICES,True,2022-03-02,publication_date,none,,,,,,0,0,0,,,,0,False,False,balanced,calibrated_balanced,1
BOAMP:18-28651,BOAMP,NAME:nantes metropole,72.0,IT Services & Consulting,2018-03-03,60.0,1,62.02,,62.02,BOAMP:23-60788,,NEGOCIE,SERVICES,False,2023-03-03,publication_date,calibrated_rule,0.6182,0.7138,0.2,True,0.6633,0,0,0,0.6182,0.6092,0.009,7,False,False,balanced,calibrated_balanced,0
BOAMP:18-28473,BOAMP,NAME:ademe,72.0,IT Services & Consulting,2018-03-03,12.0,0,81.96,81.96,,,1500000.0,OUVERT,SERVICES,False,2019-03-03,publication_date,none,,,,,,0,0,0,,,,0,False,False,balanced,calibrated_balanced,1
BOAMP:18-30222,BOAMP,SIREN:234400034,72.0,Digital Workplace & Collaboration,2018-07-12,12.0,0,77.66,77.66,,,,OUVERT,SERVICES,False,2019-07-12,attribution_award_date,none,,,,,,0,0,0,,,,0,False,False,balanced,calibrated_balanced,1
BOAMP:18-30024,BOAMP,SIREN:244900015,48.0,Software & Applications,2018-03-04,60.0,0,81.93,81.93,,,,OUVERT,SERVICES,False,2023-03-04,publication_date,none,,,,,,0,0,0,,,,0,False,False,balanced,calibrated_balanced,1
BOAMP:18-32739,BOAMP,SIREN:214400558,32.0,Telecom & Networks,2018-03-08,12.0,0,81.8,81.8,,,4000000.0,PROCEDURE_ADAPTE,TRAVAUX,False,2019-03-08,publication_date,none,,,,,,0,0,0,,,,0,False,False,balanced,calibrated_balanced,1
BOAMP:18-31687,BOAMP,SIREN:234400034,48.0,Software & Applications,2018-06-28,48.0,1,46.78,,46.78,BOAMP:22-72517,,OUVERT,SERVICES,False,2022-06-28,attribution_award_date,calibrated_rule,0.6666,0.7682,0.2,True,0.7967,0,0,0,0.6666,0.6111,0.0555,7,False,False,balanced,calibrated_balanced,0
BOAMP:18-31507,BOAMP,NAME:laval spla,45.0,Unknown,2018-05-14,11.0,0,79.6,79.6,,,1000000.0,OUVERT,TRAVAUX,False,2019-04-13,attribution_award_date,none,,,,,,0,0,0,,,,0,False,False,balanced,calibrated_balanced,1
BOAMP:18-34848,BOAMP,NAME:spic arena loire trelaze,79.0,Unknown,2018-03-14,48.0,0,81.6,81.6,,,,OUVERT,SERVICES,True,2022-03-14,publication_date,none,,,,,,0,0,0,,,,0,False,False,balanced,calibrated_balanced,1
BOAMP:18-35039,BOAMP,SIREN:180043010,79.0,Unknown,2018-09-11,12.0,0,75.66,75.66,,,,OUVERT,SERVICES,False,2019-09-11,attribution_award_date,none,,,,,,0,0,0,,,,0,False,False,balanced,calibrated_balanced,1
BOAMP:18-35804,BOAMP,NAME:ccir pays de la loire,30.0,IT Hardware & Equipment,2018-03-16,48.0,0,81.54,81.54,,,,OUVERT,FOURNITURES,True,2022-03-16,publication_date,none,,,,,,0,0,0,,,,0,False,False,balanced,calibrated_balanced,1
BOAMP:18-37425,BOAMP,SIREN:130029747,72.0,IT Services & Consulting,2018-07-03,48.0,0,77.96,77.96,,,,OUVERT,SERVICES,False,2022-07-03,attribution_award_date,none,,,,,,0,0,0,,,,0,False,False,balanced,calibrated_balanced,1
BOAMP:18-36652,BOAMP,SIREN:214401846,48.0,Software & Applications,2018-03-20,48.0,0,81.41,81.41,,,,PROCEDURE_ADAPTE,SERVICES,False,2022-03-20,publication_date,none,,,,,,0,0,0,,,,0,False,False,balanced,calibrated_balanced,1
BOAMP:18-38804,BOAMP,SIREN:214400558,32.0,Telecom & Networks,2018-03-20,48.0,0,81.41,81.41,,,,PROCEDURE_ADAPTE,TRAVAUX,True,2022-03-20,publication_date,none,,,,,,0,0,0,,,,0,False,False,balanced,calibrated_balanced,1
BOAMP:18-38591,BOAMP,SIREN:214401846,48.0,Software & Applications,2018-03-21,48.0,0,81.37,81.37,,,,PROCEDURE_ADAPTE,SERVICES,False,2022-03-21,publication_date,none,,,,,,0,0,0,,,,0,False,False,balanced,calibrated_balanced,1
BOAMP:18-37028,BOAMP,NAME:nantes metropole,32.0,Telecom & Networks,2018-07-13,72.0,0,77.63,77.63,,,,NEGOCIE,SERVICES,False,2024-07-12,attribution_award_date,none,,,,,,0,0,0,,,,0,False,False,balanced,calibrated_balanced,1
BOAMP:18-38747,BOAMP,NAME:ville du mans,75.0,GIS & Mapping,2018-08-30,12.0,0,76.05,76.05,,,25000.0,OUVERT,SERVICES,False,2019-08-30,attribution_award_date,none,,,,,,0,0,0,,,,0,False,False,balanced,calibrated_balanced,1
BOAMP:18-40625,BOAMP,SIREN:244900015,32.0,Telecom & Networks,2018-03-23,48.0,1,49.38,,49.38,BOAMP:22-51760,220999.0,PROCEDURE_ADAPTE,FOURNITURES,False,2022-03-23,publication_date,calibrated_rule,0.954,1.0,1.0,True,0.77,0,0,0,0.954,0.5836,0.3704,2,False,True,balanced,calibrated_balanced,0
BOAMP:18-40176,BOAMP,SIREN:391722881,48.0,Software & Applications,2018-03-24,24.0,1,28.35,,28.35,BOAMP:19-163024,,OUVERT,SERVICES,False,2020-03-23,publication_date,calibrated_rule,0.5367,0.8292,0.0,True,0.275,0,0,0,0.5367,,,1,True,False,balanced,calibrated_balanced,0
BOAMP:18-40946,BOAMP,NAME:synd dep d energie et d eqpt de vendee,32.0,Telecom & Networks,2018-07-11,48.0,0,77.69,77.69,,,,OUVERT,TRAVAUX,True,2022-07-11,attribution_award_date,none,,,,,,0,0,0,,,,0,False,False,balanced,calibrated_balanced,1
BOAMP:18-42613,BOAMP,SIREN:228500013,72.0,IT Services & Consulting,2018-07-19,12.0,0,77.43,77.43,,,200000.0,OUVERT,SERVICES,False,2019-07-19,attribution_award_date,none,,,,,,0,0,0,,,,0,False,False,balanced,calibrated_balanced,1
BOAMP:18-41248,BOAMP,SIREN:214401846,48.0,Software & Applications,2018-03-30,48.0,0,81.08,81.08,,,,PROCEDURE_ADAPTE,SERVICES,False,2022-03-30,publication_date,none,,,,,,0,0,0,,,,0,False,False,balanced,calibrated_balanced,1
BOAMP:18-46804,BOAMP,SIREN:234400034,66.0,Software & Applications,2018-04-05,12.0,0,80.88,80.88,,,,PROCEDURE_ADAPTE,SERVICES,False,2019-04-05,publication_date,none,,,,,,0,0,0,,,,0,False,False,balanced,calibrated_balanced,1
BOAMP:18-46346,BOAMP,SIREN:194909701,32.0,Telecom & Networks,2018-04-06,36.0,0,80.85,80.85,,,,OUVERT,FOURNITURES,False,2021-04-05,publication_date,none,,,,,,0,0,0,,,,0,False,False,balanced,calibrated_balanced,1
BOAMP:18-41182,BOAMP,NAME:cdc du pays de saint gilles cx de vie,30.0,IT Hardware & Equipment,2018-04-08,60.0,0,80.78,80.78,,,,OUVERT,FOURNITURES,False,2023-04-08,publication_date,none,,,,,,0,0,0,,,,0,False,False,balanced,calibrated_balanced,1
BOAMP:18-51459,BOAMP,SIREN:234400034,32.0,Telecom & Networks,2018-04-15,48.0,1,49.21,,49.21,BOAMP:22-72517,,OUVERT,FOURNITURES,False,2022-04-15,publication_date,calibrated_rule,0.5499,0.6006,0.0,True,0.7983,0,0,0,0.5499,,,1,True,False,balanced,calibrated_balanced,0
BOAMP:18-43289,BOAMP,NAME:ademe,72.0,Data & AI,2018-04-18,14.0,0,80.45,80.45,,,,OUVERT,SERVICES,False,2019-06-18,publication_date,none,,,,,,0,0,0,,,,0,False,False,balanced,calibrated_balanced,1
BOAMP:18-52389,BOAMP,NAME:uniha gcs,72.0,IT Services & Consulting,2018-04-18,12.0,0,80.45,80.45,,,,OUVERT,SERVICES,False,2019-04-18,publication_date,none,,,,,,0,0,0,,,,0,False,False,balanced,calibrated_balanced,1
BOAMP:18-55455,BOAMP,NAME:sdis49,72.0,IT Services & Consulting,2018-04-20,48.0,0,80.39,80.39,,,150000.0,PROCEDURE_ADAPTE,SERVICES,False,2022-04-20,publication_date,none,,,,,,0,0,0,,,,0,False,False,balanced,calibrated_balanced,1
BOAMP:18-53378,BOAMP,NAME:nantes metropole,72.0,IT Services & Consulting,2018-04-20,48.0,1,47.77,,47.77,BOAMP:22-52027,,OUVERT,SERVICES,False,2022-04-20,publication_date,calibrated_rule,0.9291,0.842,1.0,True,0.9617,0,0,0,0.9291,0.6512,0.2779,6,False,True,balanced,calibrated_balanced,0
BOAMP:18-52482,BOAMP,NAME:cdc du pays de saint gilles cx de vie,48.0,Software & Applications,2018-10-19,48.0,0,74.41,74.41,,,160000.0,NEGOCIE,SERVICES,False,2022-10-19,attribution_award_date,none,,,,,,0,0,0,,,,0,False,False,balanced,calibrated_balanced,1
BOAMP:18-54467,BOAMP,SIREN:130029747,72.0,IT Services & Consulting,2018-08-21,48.0,0,76.35,76.35,,,,OUVERT,SERVICES,False,2022-08-21,attribution_award_date,none,,,,,,0,0,0,,,,0,False,False,balanced,calibrated_balanced,1
BOAMP:18-53804,BOAMP,NAME:nantes metropole,48.0,Software & Applications,2018-08-21,48.0,0,76.35,76.35,,,,OUVERT,SERVICES,False,2022-08-21,attribution_award_date,none,,,,,,0,0,0,,,,0,False,False,balanced,calibrated_balanced,1
BOAMP:18-56546,BOAMP,NAME:nantes metropole,48.0,Software & Applications,2018-04-24,48.0,1,47.63,,47.63,BOAMP:22-52027,,PROCEDURE_ADAPTE,FOURNITURES,False,2022-04-24,publication_date,calibrated_rule,0.5533,0.539,0.0,True,0.9383,0,0,0,0.5533,0.5334,0.0199,3,False,False,balanced,calibrated_balanced,0
BOAMP:18-58630,BOAMP,SIREN:227200029,72.0,IT Services & Consulting,2018-07-02,48.0,0,77.99,77.99,,,50000.0,PROCEDURE_ADAPTE,SERVICES,True,2022-07-02,attribution_award_date,none,,,,,,0,0,0,,,,0,False,False,balanced,calibrated_balanced,1
BOAMP:18-55179,BOAMP,NAME:carene,32.0,Telecom & Networks,2018-04-27,48.0,0,80.16,80.16,,,,PROCEDURE_ADAPTE,FOURNITURES,True,2022-04-27,publication_date,none,,,,,,0,0,0,,,,0,False,False,balanced,calibrated_balanced,1
BOAMP:18-57918,BOAMP,NAME:agce pour l enst fr a l etranger,72.0,IT Services & Consulting,2018-04-27,24.0,0,80.16,80.16,,,1300000.0,NEGOCIE,SERVICES,False,2020-04-26,publication_date,none,,,,,,0,0,0,,,,0,False,False,balanced,calibrated_balanced,1
BOAMP:18-58840,BOAMP,SIREN:381053768,30.0,IT Hardware & Equipment,2018-04-28,12.0,0,80.12,80.12,,,,OUVERT,FOURNITURES,False,2019-04-28,publication_date,none,,,,,,0,0,0,,,,0,False,False,balanced,calibrated_balanced,1
BOAMP:18-61507,BOAMP,SIREN:194401006,48.0,Software & Applications,2018-05-03,48.0,0,79.96,79.96,,,,PROCEDURE_ADAPTE,,True,2022-05-03,publication_date,none,,,,,,0,0,0,,,,0,False,False,balanced,calibrated_balanced,1
BOAMP:18-60154,BOAMP,SIREN:244900015,32.0,Telecom & Networks,2018-12-06,12.0,0,72.83,72.83,,,240000.0,OUVERT,FOURNITURES,False,2019-12-06,attribution_award_date,none,,,,,,0,0,0,,,,0,False,False,balanced,calibrated_balanced,1
BOAMP:18-61256,BOAMP,NAME:nantes metropole,72.0,IT Services & Consulting,2018-07-10,48.0,0,77.73,77.73,,,,OUVERT,SERVICES,False,2022-07-10,attribution_award_date,none,,,,,,0,0,0,,,,0,False,False,balanced,calibrated_balanced,1
BOAMP:18-61655,BOAMP,NAME:nantes metropole,72.0,Cybersecurity,2018-07-10,48.0,0,77.73,77.73,,,,OUVERT,SERVICES,False,2022-07-10,attribution_award_date,none,,,,,,0,0,0,,,,0,False,False,balanced,calibrated_balanced,1
BOAMP:18-62528,BOAMP,SIREN:381053768,32.0,Telecom & Networks,2018-05-06,6.0,0,79.86,79.86,,,130000.0,OUVERT,FOURNITURES,False,2018-11-04,publication_date,none,,,,,,0,0,0,,,,0,False,False,balanced,calibrated_balanced,1
BOAMP:18-62916,BOAMP,NAME:cdc du pays de saint gilles cx de vie,64.0,Digital Workplace & Collaboration,2019-06-05,48.0,0,66.89,66.89,,,520000.0,NEGOCIE,SERVICES,False,2023-06-05,attribution_award_date,none,,,,,,0,0,0,,,,0,False,False,balanced,calibrated_balanced,1
BOAMP:18-66502,BOAMP,NAME:agce pour l enst fr a l etranger,72.0,IT Services & Consulting,2018-05-16,48.0,0,79.53,79.53,,,140000.0,PROCEDURE_ADAPTE,SERVICES,False,2022-05-16,publication_date,none,,,,,,0,0,0,,,,0,False,False,balanced,calibrated_balanced,1
BOAMP:18-62604,BOAMP,SIREN:214401093,72.0,Digital Workplace & Collaboration,2018-07-23,48.0,1,48.16,,48.16,BOAMP:22-54094,,OUVERT,SERVICES,False,2022-07-23,attribution_award_date,calibrated_rule,0.6771,0.706,0.2,True,0.9733,0,0,0,0.6771,,,1,True,False,balanced,calibrated_balanced,0
BOAMP:18-67939,BOAMP,SIREN:482414216,35.0,Cybersecurity,2018-05-20,48.0,0,79.4,79.4,,,100000.0,OUVERT,SERVICES,False,2022-05-20,publication_date,none,,,,,,0,0,0,,,,0,False,False,balanced,calibrated_balanced,1
BOAMP:18-66863,BOAMP,NAME:nantes metropole,72.0,IT Services & Consulting,2018-08-10,12.0,1,11.73,,11.73,BOAMP:19-119269,,OUVERT,SERVICES,False,2019-08-10,attribution_award_date,calibrated_rule,0.6514,0.5259,0.4,True,0.955,0,0,0,0.6514,0.6439,0.0075,2,False,False,balanced,calibrated_balanced,0
BOAMP:18-70110,BOAMP,SIREN:214401846,90.0,Unknown,2018-05-25,12.0,0,79.24,79.24,,,,PROCEDURE_ADAPTE,TRAVAUX,False,2019-05-25,publication_date,none,,,,,,0,0,0,,,,0,False,False,balanced,calibrated_balanced,1
BOAMP:18-71355,BOAMP,NAME:ville du mans,72.0,Digital Workplace & Collaboration,2018-10-17,60.0,0,74.47,74.47,,,,OUVERT,SERVICES,False,2023-10-17,attribution_award_date,none,,,,,,0,0,0,,,,0,False,False,balanced,calibrated_balanced,1
BOAMP:18-71689,BOAMP,SIREN:234400034,48.0,Software & Applications,2018-10-08,48.0,0,74.77,74.77,,,,OUVERT,SERVICES,False,2022-10-08,attribution_award_date,none,,,,,,0,0,0,,,,0,False,False,balanced,calibrated_balanced,1
BOAMP:18-72093,BOAMP,NAME:ccir pays de la loire,30.0,IT Hardware & Equipment,2018-10-23,48.0,0,74.28,74.28,,,,OUVERT,FOURNITURES,True,2022-10-23,attribution_award_date,none,,,,,,0,0,0,,,,0,False,False,balanced,calibrated_balanced,1
BOAMP:18-73364,BOAMP,NAME:carene,72.0,IT Services & Consulting,2018-06-01,36.0,0,79.01,79.01,,,40000.0,PROCEDURE_ADAPTE,SERVICES,False,2021-05-31,publication_date,none,,,,,,0,0,0,,,,0,False,False,balanced,calibrated_balanced,1
BOAMP:18-74871,BOAMP,NAME:mairie du croisic,,Unknown,2018-06-01,12.0,0,79.01,79.01,,,1000000.0,PROCEDURE_ADAPTE,TRAVAUX,False,2019-06-01,publication_date,none,,,,,,0,0,0,,,,0,False,False,balanced,calibrated_balanced,1
BOAMP:18-74252,BOAMP,SIREN:194909701,48.0,Software & Applications,2018-10-25,24.0,1,22.14,,22.14,BOAMP:20-106379,,OUVERT,FOURNITURES,False,2020-10-24,attribution_award_date,calibrated_rule,0.938,1.0,1.0,True,0.69,0,0,0,0.938,,,1,True,False,balanced,calibrated_balanced,0
BOAMP:18-76556,BOAMP,SIREN:264400136,72.0,IT Services & Consulting,2018-06-06,48.0,1,48.55,,48.55,BOAMP:22-87982,,OUVERT,SERVICES,True,2022-06-06,publication_date,calibrated_rule,0.6856,0.5099,0.6,True,0.9083,0,0,0,0.6856,,,1,True,False,balanced,calibrated_balanced,0
BOAMP:18-79401,BOAMP,SIREN:234400034,72.0,Cybersecurity,2018-10-09,6.0,0,74.74,74.74,,,,OUVERT,SERVICES,False,2019-04-09,attribution_award_date,none,,,,,,0,0,0,,,,0,False,False,balanced,calibrated_balanced,1
BOAMP:18-79743,BOAMP,SIREN:198513905,32.0,Telecom & Networks,2018-06-11,48.0,1,42.84,,42.84,BOAMP:22-1668,,PROCEDURE_ADAPTE,FOURNITURES,True,2022-06-11,publication_date,calibrated_rule,0.828,1.0,1.0,True,0.14,0,0,0,0.828,,,1,True,False,balanced,calibrated_balanced,0
BOAMP:18-80935,BOAMP,NAME:cmar pays de la loire,45.0,Unknown,2018-06-12,48.0,0,78.65,78.65,,,,PROCEDURE_ADAPTE,TRAVAUX,True,2022-06-12,publication_date,none,,,,,,0,0,0,,,,0,False,False,balanced,calibrated_balanced,1
BOAMP:18-80158,BOAMP,SIREN:935367433,72.0,IT Services & Consulting,2018-06-13,12.0,0,78.61,78.61,,,1000000.0,OUVERT,SERVICES,False,2019-06-13,publication_date,none,,,,,,0,0,0,,,,0,False,False,balanced,calibrated_balanced,1
BOAMP:18-79940,BOAMP,NAME:esat foyers,48.0,Software & Applications,2018-06-13,48.0,0,78.61,78.61,,,,OUVERT,SERVICES,False,2022-06-13,publication_date,none,,,,,,0,0,0,,,,0,False,False,balanced,calibrated_balanced,1
BOAMP:18-86992,BOAMP,NAME:ville d arnage,72.0,IT Services & Consulting,2018-06-22,48.0,0,78.32,78.32,,,,PROCEDURE_ADAPTE,SERVICES,True,2022-06-22,publication_date,none,,,,,,0,0,0,,,,0,False,False,balanced,calibrated_balanced,1
BOAMP:18-87166,BOAMP,SIREN:234400034,48.0,Software & Applications,2018-10-01,24.0,1,25.69,,25.69,BOAMP:20-142015,,OUVERT,SERVICES,False,2020-09-30,attribution_award_date,calibrated_rule,0.5032,0.5238,0.0,True,0.7183,0,0,0,0.5032,,,1,True,False,balanced,calibrated_balanced,0
BOAMP:18-87219,BOAMP,SIREN:130001704,72.0,IT Services & Consulting,2018-06-24,12.0,0,78.25,78.25,,,,OUVERT,SERVICES,False,2019-06-24,publication_date,none,,,,,,0,0,0,,,,0,False,False,balanced,calibrated_balanced,1
BOAMP:18-87467,BOAMP,NAME:sna ouest,32.0,Telecom & Networks,2018-08-09,4.0,0,76.74,76.74,,,,OUVERT,SERVICES,False,2018-12-08,attribution_award_date,none,,,,,,0,0,0,,,,0,False,False,balanced,calibrated_balanced,1
BOAMP:18-91062,BOAMP,NAME:ville d arnage,48.0,Software & Applications,2018-06-29,48.0,0,78.09,78.09,,,,PROCEDURE_ADAPTE,FOURNITURES,True,2022-06-29,publication_date,none,,,,,,0,0,0,,,,0,False,False,balanced,calibrated_balanced,1
BOAMP:18-89409,BOAMP,NAME:crous de nantes,48.0,Software & Applications,2018-06-29,36.0,0,78.09,78.09,,,,OUVERT,SERVICES,False,2021-06-28,publication_date,none,,,,,,0,0,0,,,,0,False,False,balanced,calibrated_balanced,1
BOAMP:18-91090,BOAMP,SIREN:244900015,48.0,Software & Applications,2018-06-29,48.0,0,78.09,78.09,,,220999.0,PROCEDURE_ADAPTE,FOURNITURES,False,2022-06-29,publication_date,none,,,,,,0,0,0,,,,0,False,False,balanced,calibrated_balanced,1
BOAMP:18-90097,BOAMP,NAME:nantes metropole,48.0,Software & Applications,2019-04-05,60.0,0,68.89,68.89,,,,NEGOCIE,SERVICES,False,2024-04-04,attribution_award_date,none,,,,,,0,0,0,,,,0,False,False,balanced,calibrated_balanced,1
BOAMP:18-90616,BOAMP,NAME:cerema dtermed,72.0,Digital Workplace & Collaboration,2018-07-01,48.0,0,78.02,78.02,,,,OUVERT,FOURNITURES,True,2022-07-01,publication_date,none,,,,,,0,0,0,,,,0,False,False,balanced,calibrated_balanced,1
BOAMP:18-90932,BOAMP,NAME:agence regionale pays de la loire ti,72.0,IT Services & Consulting,2018-07-01,48.0,0,78.02,78.02,,,,OUVERT,SERVICES,False,2022-07-01,publication_date,none,,,,,,0,0,0,,,,0,False,False,balanced,calibrated_balanced,1
BOAMP:18-88858,BOAMP,SIREN:214401846,48.0,Software & Applications,2018-11-05,24.0,0,73.85,73.85,,,,OUVERT,FOURNITURES,False,2020-11-04,attribution_award_date,none,,,,,,0,0,0,,,,0,False,False,balanced,calibrated_balanced,1
BOAMP:18-91798,BOAMP,NAME:communes de grand lieu,,Unknown,2018-07-02,7.0,0,77.99,77.99,,,,PROCEDURE_ADAPTE,TRAVAUX,False,2019-01-31,publication_date,none,,,,,,0,0,0,,,,0,False,False,balanced,calibrated_balanced,1
BOAMP:18-91441,BOAMP,SIREN:214900995,48.0,Software & Applications,2019-01-03,48.0,0,71.91,71.91,,,,OUVERT,SERVICES,True,2023-01-03,attribution_award_date,none,,,,,,0,0,0,,,,0,False,False,balanced,calibrated_balanced,1
BOAMP:18-94803,BOAMP,SIREN:264400136,32.0,Telecom & Networks,2018-07-06,12.0,1,11.99,,11.99,BOAMP:19-103545,,PROCEDURE_ADAPTE,FOURNITURES,False,2019-07-06,publication_date,calibrated_rule,0.6309,0.5781,0.2,True,0.9983,0,0,0,0.6309,,,1,True,False,balanced,calibrated_balanced,0
BOAMP:18-93359,BOAMP,NAME:spr pays de la loire,45.0,Unknown,2018-07-06,18.0,0,77.86,77.86,,,,OUVERT,TRAVAUX,False,2020-01-04,publication_date,none,,,,,,0,0,0,,,,0,False,False,balanced,calibrated_balanced,1
BOAMP:18-93488,BOAMP,NAME:spr pays de la loire,45.0,Unknown,2019-05-06,18.0,0,67.87,67.87,,,,OUVERT,TRAVAUX,False,2020-11-03,attribution_award_date,none,,,,,,0,0,0,,,,0,False,False,balanced,calibrated_balanced,1
BOAMP:18-95630,BOAMP,SIREN:234400034,45.0,Unknown,2018-07-09,48.0,0,77.76,77.76,,,,PROCEDURE_ADAPTE,TRAVAUX,True,2022-07-09,publication_date,none,,,,,,0,0,0,,,,0,False,False,balanced,calibrated_balanced,1
BOAMP:18-96170,BOAMP,NAME:ctre hosp universitaire angers,45.0,Cloud & Infrastructure,2018-07-12,12.0,1,12.45,,12.45,BOAMP:19-117328,,OUVERT,TRAVAUX,False,2019-07-12,publication_date,calibrated_rule,0.567,0.58,0.0,True,0.925,0,0,0,0.567,0.5425,0.0245,2,False,False,balanced,calibrated_balanced,0
BOAMP:18-96470,BOAMP,SIREN:935367433,48.0,Software & Applications,2018-12-04,12.0,0,72.9,72.9,,,320000.0,OUVERT,SERVICES,False,2019-12-04,attribution_award_date,none,,,,,,0,0,0,,,,0,False,False,balanced,calibrated_balanced,1
BOAMP:18-98583,BOAMP,NAME:ville des sables d olonne,72.0,IT Services & Consulting,2018-07-13,2.0,0,77.63,77.63,,,,PROCEDURE_ADAPTE,SERVICES,False,2018-09-11,publication_date,none,,,,,,0,0,0,,,,0,False,False,balanced,calibrated_balanced,1
BOAMP:18-60137,BOAMP,SIREN:214401093,72.0,IT Services & Consulting,2019-04-29,48.0,0,68.1,68.1,,,,NEGOCIE,SERVICES,False,2023-04-29,attribution_award_date,none,,,,,,0,0,0,,,,0,False,False,balanced,calibrated_balanced,1
BOAMP:18-97260,BOAMP,SIREN:214401846,30.0,IT Hardware & Equipment,2018-11-29,48.0,0,73.06,73.06,,,800000.0,OUVERT,FOURNITURES,False,2022-11-29,attribution_award_date,none,,,,,,0,0,0,,,,0,False,False,balanced,calibrated_balanced,1
BOAMP:18-98603,BOAMP,SIREN:180043010,72.0,Cybersecurity,2018-11-12,24.0,0,73.62,73.62,,,,OUVERT,SERVICES,False,2020-11-11,attribution_award_date,none,,,,,,0,0,0,,,,0,False,False,balanced,calibrated_balanced,1
BOAMP:18-101437,BOAMP,SIREN:191700327,48.0,Software & Applications,2018-07-18,48.0,0,77.46,77.46,,,,PROCEDURE_ADAPTE,FOURNITURES,True,2022-07-18,publication_date,none,,,,,,0,0,0,,,,0,False,False,balanced,calibrated_balanced,1
BOAMP:18-100479,BOAMP,SIREN:860800077,72.0,IT Services & Consulting,2018-07-19,24.0,0,77.43,77.43,,,,OUVERT,SERVICES,False,2020-07-18,publication_date,none,,,,,,0,0,0,,,,0,False,False,balanced,calibrated_balanced,1
BOAMP:18-101350,BOAMP,SIREN:130029747,30.0,IT Hardware & Equipment,2018-12-21,48.0,0,72.34,72.34,,,,OUVERT,FOURNITURES,False,2022-12-21,attribution_award_date,none,,,,,,0,0,0,,,,0,False,False,balanced,calibrated_balanced,1
BOAMP:18-101085,BOAMP,NAME:maine loire habitat office pub habitat,72.0,IT Services & Consulting,2018-12-13,60.0,1,56.6,,56.6,BOAMP:23-72834,,NEGOCIE,SERVICES,False,2023-12-13,attribution_award_date,calibrated_rule,0.6487,0.9052,0.2,True,0.4333,0,0,0,0.6487,,,1,True,False,balanced,calibrated_balanced,0
BOAMP:18-103319,BOAMP,SIREN:234400034,72.0,IT Services & Consulting,2018-07-20,12.0,1,16.06,,16.06,BOAMP:19-174098,,PROCEDURE_ADAPTE,SERVICES,False,2019-07-20,publication_date,calibrated_rule,0.5119,0.618,0.2,True,0.3233,0,0,0,0.5119,,,1,True,False,balanced,calibrated_balanced,0
BOAMP:18-103911,BOAMP,NAME:nantes metropole,32.0,Telecom & Networks,2018-07-26,48.0,1,47.93,,47.93,BOAMP:22-102623,,OUVERT,SERVICES,False,2022-07-26,publication_date,calibrated_rule,0.9965,0.997,1.0,True,0.9883,0,0,0,0.9965,0.538,0.4584,2,False,True,balanced,calibrated_balanced,0
BOAMP:18-105237,BOAMP,SIREN:234400034,35.0,Cybersecurity,2018-07-26,12.0,1,11.04,,11.04,BOAMP:19-32405,,OUVERT,SERVICES,False,2019-07-26,publication_date,calibrated_rule,0.8539,0.8398,0.8,True,0.84,0,0,0,0.8539,,,1,True,False,balanced,calibrated_balanced,0
BOAMP:18-110962,BOAMP,NAME:regie dept passages d eau de vendee,72.0,IT Services & Consulting,2018-08-02,48.0,0,76.97,76.97,,,,PROCEDURE_ADAPTE,SERVICES,True,2022-08-02,publication_date,none,,,,,,0,0,0,,,,0,False,False,balanced,calibrated_balanced,1
BOAMP:18-110102,BOAMP,SIREN:218500478,48.0,Software & Applications,2018-10-23,12.0,0,74.28,74.28,,,,OUVERT,FOURNITURES,False,2019-10-23,attribution_award_date,none,,,,,,0,0,0,,,,0,False,False,balanced,calibrated_balanced,1
BOAMP:18-117157,BOAMP,NAME:le mans,72.0,IT Services & Consulting,2018-08-20,12.0,0,76.38,76.38,,,,PROCEDURE_ADAPTE,SERVICES,False,2019-08-20,publication_date,none,,,,,,0,0,0,,,,0,False,False,balanced,calibrated_balanced,1
BOAMP:18-110801,BOAMP,NAME:cte reg peches maritimes elevages mari,48.0,Software & Applications,2018-08-21,48.0,0,76.35,76.35,,,,AUTRE,SERVICES,True,2022-08-21,publication_date,none,,,,,,0,0,0,,,,0,False,False,balanced,calibrated_balanced,1
BOAMP:18-114671,BOAMP,SIREN:214401721,45.0,Unknown,2018-08-23,16.0,0,76.28,76.28,,,,NEGOCIE,TRAVAUX,False,2019-12-23,publication_date,none,,,,,,0,0,0,,,,0,False,False,balanced,calibrated_balanced,1
BOAMP:18-120601,BOAMP,SIREN:264400136,72.0,IT Services & Consulting,2018-08-28,12.0,0,76.12,76.12,,,,PROCEDURE_ADAPTE,SERVICES,False,2019-08-28,publication_date,none,,,,,,0,0,0,,,,0,False,False,balanced,calibrated_balanced,1
BOAMP:18-121819,BOAMP,SIREN:264400136,72.0,IT Services & Consulting,2018-08-30,48.0,1,45.76,,45.76,BOAMP:22-87982,,PROCEDURE_ADAPTE,,True,2022-08-30,publication_date,calibrated_rule,0.7934,0.6701,1.0,True,0.6267,0,0,0,0.7934,,,1,True,False,balanced,calibrated_balanced,0
BOAMP:18-122920,BOAMP,SIREN:214401846,72.0,IT Services & Consulting,2018-11-29,48.0,0,73.06,73.06,,,,PROCEDURE_ADAPTE,SERVICES,False,2022-11-29,attribution_award_date,none,,,,,,0,0,0,,,,0,False,False,balanced,calibrated_balanced,1
BOAMP:18-123694,BOAMP,SIREN:227200029,72.0,IT Services & Consulting,2018-09-04,48.0,1,48.95,,48.95,BOAMP:22-77622,,PROCEDURE_ADAPTE,SERVICES,True,2022-09-04,publication_date,calibrated_rule,0.6044,0.5901,0.2,True,0.8417,0,0,0,0.6044,,,1,True,False,balanced,calibrated_balanced,0
BOAMP:18-124536,BOAMP,SIREN:214401358,35.0,Cybersecurity,2018-09-06,12.0,0,75.82,75.82,,,,PROCEDURE_ADAPTE,SERVICES,False,2019-09-06,publication_date,none,,,,,,0,0,0,,,,0,False,False,balanced,calibrated_balanced,1
BOAMP:18-125586,BOAMP,NAME:agce pour l enst fr a l etranger,72.0,IT Services & Consulting,2018-09-07,48.0,0,75.79,75.79,,,80000.0,PROCEDURE_ADAPTE,FOURNITURES,False,2022-09-07,publication_date,none,,,,,,0,0,0,,,,0,False,False,balanced,calibrated_balanced,1
BOAMP:18-125410,BOAMP,SIREN:409104007,32.0,Telecom & Networks,2018-09-07,48.0,0,75.79,75.79,,,,PROCEDURE_ADAPTE,FOURNITURES,True,2022-09-07,publication_date,none,,,,,,0,0,0,,,,0,False,False,balanced,calibrated_balanced,1
BOAMP:18-126368,BOAMP,SIREN:227200029,72.0,IT Services & Consulting,2018-11-12,48.0,1,46.68,,46.68,BOAMP:22-77622,,PROCEDURE_ADAPTE,SERVICES,True,2022-11-12,attribution_award_date,calibrated_rule,0.954,0.9949,1.0,True,0.78,0,0,0,0.954,,,1,True,False,balanced,calibrated_balanced,0
BOAMP:18-126631,BOAMP,SIREN:225300011,42.0,Unknown,2018-09-11,48.0,0,75.66,75.66,,,3000.0,PROCEDURE_ADAPTE,FOURNITURES,False,2022-09-11,publication_date,none,,,,,,0,0,0,,,,0,False,False,balanced,calibrated_balanced,1
BOAMP:18-127908,BOAMP,SIREN:227200029,72.0,IT Services & Consulting,2018-09-13,48.0,1,46.48,,46.48,BOAMP:22-60784,,PROCEDURE_ADAPTE,SERVICES,True,2022-09-13,publication_date,calibrated_rule,0.7713,0.5548,1.0,True,0.7467,0,0,0,0.7713,0.6904,0.0808,3,False,True,balanced,calibrated_balanced,0
BOAMP:18-127661,BOAMP,NAME:ccir pays de la loire,72.0,IT Services & Consulting,2018-09-13,48.0,0,75.59,75.59,,,,PROCEDURE_ADAPTE,SERVICES,True,2022-09-13,publication_date,none,,,,,,0,0,0,,,,0,False,False,balanced,calibrated_balanced,1
BOAMP:18-126992,BOAMP,NAME:esat foyers,48.0,Software & Applications,2018-09-13,48.0,0,75.59,75.59,,,,OUVERT,SERVICES,False,2022-09-13,publication_date,none,,,,,,0,0,0,,,,0,False,False,balanced,calibrated_balanced,1
BOAMP:18-127511,BOAMP,NAME:le mans,35.0,Cybersecurity,2019-02-20,48.0,1,51.35,,51.35,BOAMP:22-148365,,OUVERT,FOURNITURES,True,2023-02-20,attribution_award_date,calibrated_rule,0.6034,0.9127,0.0,True,0.4417,0,0,0,0.6034,,,1,True,False,balanced,calibrated_balanced,0
BOAMP:18-127938,BOAMP,SIREN:935367433,45.0,Unknown,2018-09-15,20.0,0,75.53,75.53,,,,OUVERT,TRAVAUX,False,2020-05-15,publication_date,none,,,,,,0,0,0,,,,0,False,False,balanced,calibrated_balanced,1
BOAMP:18-128159,BOAMP,NAME:nantes metropole,72.0,IT Services & Consulting,2018-09-15,48.0,0,75.53,75.53,,,,OUVERT,SERVICES,False,2022-09-15,publication_date,none,,,,,,0,0,0,,,,0,False,False,balanced,calibrated_balanced,1
BOAMP:18-128655,BOAMP,SIREN:234400034,72.0,IT Services & Consulting,2019-01-11,48.0,1,51.97,,51.97,BOAMP:23-63763,,OUVERT,SERVICES,False,2023-01-11,attribution_award_date,calibrated_rule,0.5637,0.7401,0.2,True,0.3383,0,0,0,0.5637,0.5574,0.0063,3,False,False,balanced,calibrated_balanced,0
BOAMP:18-128950,BOAMP,SIREN:194909701,32.0,Telecom & Networks,2019-01-17,48.0,1,50.36,,50.36,BOAMP:22-150817,563800.0,OUVERT,FOURNITURES,False,2023-01-17,attribution_award_date,calibrated_rule,0.8793,0.8949,1.0,True,0.6067,0,0,0,0.8793,,,1,True,False,balanced,calibrated_balanced,0
BOAMP:18-129941,BOAMP,NAME:bretagne developpement innovation,72.0,IT Services & Consulting,2018-09-20,24.0,0,75.36,75.36,,,350000.0,OUVERT,SERVICES,False,2020-09-19,publication_date,none,,,,,,0,0,0,,,,0,False,False,balanced,calibrated_balanced,1
BOAMP:18-129881,BOAMP,SIREN:200083392,48.0,Software & Applications,2018-12-10,48.0,0,72.7,72.7,,,,OUVERT,SERVICES,False,2022-12-10,attribution_award_date,none,,,,,,0,0,0,,,,0,False,False,balanced,calibrated_balanced,1
BOAMP:18-133090,BOAMP,SIREN:228500013,72.0,IT Services & Consulting,2019-01-09,24.0,1,26.02,,26.02,BOAMP:20-155309,,OUVERT,SERVICES,False,2021-01-08,attribution_award_date,calibrated_rule,0.8266,0.8599,0.8,True,0.6633,0,0,0,0.8266,0.777,0.0496,2,False,False,balanced,calibrated_balanced,0
BOAMP:18-134465,BOAMP,SIREN:284400017,35.0,Cybersecurity,2018-01-03,12.0,0,83.9,83.9,,,,OUVERT,FOURNITURES,False,2019-01-03,attribution_award_date,none,,,,,,0,0,0,,,,0,False,False,balanced,calibrated_balanced,1
BOAMP:18-135728,BOAMP,NAME:sec gal pour l adm min interieur ouest,45.0,Unknown,2019-12-13,34.0,0,60.61,60.61,,,,OUVERT,TRAVAUX,False,2022-10-12,attribution_award_date,none,,,,,,0,0,0,,,,0,False,False,balanced,calibrated_balanced,1
BOAMP:18-125716,BOAMP,SIREN:575850490,72.0,IT Services & Consulting,2019-03-29,36.0,0,69.12,69.12,,,,OUVERT,SERVICES,False,2022-03-28,attribution_award_date,none,,,,,,0,0,0,,,,0,False,False,balanced,calibrated_balanced,1
BOAMP:18-137958,BOAMP,NAME:le grand t theatre loire atlantique,72.0,IT Services & Consulting,2018-10-03,48.0,0,74.93,74.93,,,,PROCEDURE_ADAPTE,SERVICES,True,2022-10-03,publication_date,none,,,,,,0,0,0,,,,0,False,False,balanced,calibrated_balanced,1
BOAMP:18-137945,BOAMP,NAME:ville d ecouflant,,Cloud & Infrastructure,2018-10-03,3.0,0,74.93,74.93,,,,PROCEDURE_ADAPTE,FOURNITURES,False,2019-01-02,publication_date,none,,,,,,0,0,0,,,,0,False,False,balanced,calibrated_balanced,1
BOAMP:18-139266,BOAMP,NAME:semitan mandataire de la cun,72.0,IT Services & Consulting,2019-03-01,54.0,0,70.04,70.04,,,,OUVERT,SERVICES,False,2023-08-30,attribution_award_date,none,,,,,,0,0,0,,,,0,False,False,balanced,calibrated_balanced,1
BOAMP:18-141219,BOAMP,SIREN:832970024,48.0,Software & Applications,2018-10-09,48.0,0,74.74,74.74,,,,PROCEDURE_ADAPTE,SERVICES,True,2022-10-09,publication_date,none,,,,,,0,0,0,,,,0,False,False,balanced,calibrated_balanced,1
BOAMP:18-144441,BOAMP,NAME:cap atlantique,30.0,IT Hardware & Equipment,2018-10-17,12.0,0,74.47,74.47,,,600000.0,OUVERT,FOURNITURES,False,2019-10-17,publication_date,none,,,,,,0,0,0,,,,0,False,False,balanced,calibrated_balanced,1
BOAMP:18-144285,BOAMP,NAME:agce pour l enst fr a l etranger,72.0,IT Services & Consulting,2019-02-12,48.0,0,70.6,70.6,,,2500000.0,OUVERT,SERVICES,False,2023-02-12,attribution_award_date,none,,,,,,0,0,0,,,,0,False,False,balanced,calibrated_balanced,1
BOAMP:18-146310,BOAMP,SIREN:214401325,45.0,Unknown,2018-10-18,48.0,0,74.44,74.44,,,,PROCEDURE_ADAPTE,TRAVAUX,True,2022-10-18,publication_date,none,,,,,,0,0,0,,,,0,False,False,balanced,calibrated_balanced,1
BOAMP:18-146639,BOAMP,SIREN:247200132,39.0,Unknown,2019-03-26,12.0,1,8.94,,8.94,BOAMP:19-119207,,OUVERT,FOURNITURES,False,2020-03-25,attribution_award_date,calibrated_rule,0.8366,0.8465,1.0,True,0.49,0,0,0,0.8366,,,1,True,False,balanced,calibrated_balanced,0
BOAMP:18-146489,BOAMP,SIREN:194909701,32.0,Telecom & Networks,2018-10-20,48.0,1,47.4,,47.4,BOAMP:22-131126,,OUVERT,SERVICES,False,2022-10-20,publication_date,calibrated_rule,0.7854,0.5136,1.0,True,0.9,0,0,0,0.7854,,,1,True,False,balanced,calibrated_balanced,0
BOAMP:18-146220,BOAMP,NAME:spr pays de la loire,45.0,Unknown,2018-10-20,3.0,0,74.38,74.38,,,,OUVERT,TRAVAUX,False,2019-01-19,publication_date,none,,,,,,0,0,0,,,,0,False,False,balanced,calibrated_balanced,1
BOAMP:18-146989,BOAMP,SIREN:244400404,48.0,Software & Applications,2018-10-22,48.0,0,74.31,74.31,,,,PROCEDURE_ADAPTE,SERVICES,True,2022-10-22,publication_date,none,,,,,,0,0,0,,,,0,False,False,balanced,calibrated_balanced,1
BOAMP:18-148384,BOAMP,NAME:ccir pays de la loire,72.0,IT Services & Consulting,2018-12-26,48.0,0,72.17,72.17,,,,OUVERT,SERVICES,False,2022-12-26,attribution_award_date,none,,,,,,0,0,0,,,,0,False,False,balanced,calibrated_balanced,1
BOAMP:18-149889,BOAMP,SIREN:191700327,48.0,Software & Applications,2018-10-26,48.0,0,74.18,74.18,,,,OUVERT,FOURNITURES,False,2022-10-26,publication_date,none,,,,,,0,0,0,,,,0,False,False,balanced,calibrated_balanced,1
BOAMP:18-149893,BOAMP,SIREN:935367433,72.0,IT Maintenance & Support,2018-10-26,12.0,0,74.18,74.18,,,9600000.0,NEGOCIE,SERVICES,False,2019-10-26,publication_date,none,,,,,,0,0,0,,,,0,False,False,balanced,calibrated_balanced,1
BOAMP:18-150422,BOAMP,SIREN:234400034,72.0,Digital Workplace & Collaboration,2018-10-27,24.0,1,28.71,,28.71,BOAMP:21-35651,,OUVERT,SERVICES,False,2020-10-26,publication_date,calibrated_rule,0.51,0.5424,0.4,True,0.215,0,0,0,0.51,,,1,True,False,balanced,calibrated_balanced,0
BOAMP:18-150889,BOAMP,SIREN:228500013,48.0,Software & Applications,2019-02-25,48.0,1,45.73,,45.73,BOAMP:22-166698,,OUVERT,SERVICES,True,2023-02-25,attribution_award_date,calibrated_rule,0.5617,0.7183,0.0,True,0.6217,0,0,0,0.5617,,,1,True,False,balanced,calibrated_balanced,0
BOAMP:18-151695,BOAMP,NAME:agce pour l enst fr a l etranger,72.0,IT Services & Consulting,2018-10-28,24.0,0,74.11,74.11,,,700000.0,NEGOCIE,SERVICES,False,2020-10-27,publication_date,none,,,,,,0,0,0,,,,0,False,False,balanced,calibrated_balanced,1
BOAMP:18-152399,BOAMP,SIREN:227200029,35.0,Cybersecurity,2019-02-25,48.0,0,70.17,70.17,,,400000.0,OUVERT,FOURNITURES,False,2023-02-25,attribution_award_date,none,,,,,,0,0,0,,,,0,False,False,balanced,calibrated_balanced,1
BOAMP:18-153394,BOAMP,SIREN:214402158,32.0,Telecom & Networks,2018-10-31,48.0,0,74.01,74.01,,,,PROCEDURE_ADAPTE,SERVICES,True,2022-10-31,publication_date,none,,,,,,0,0,0,,,,0,False,False,balanced,calibrated_balanced,1
BOAMP:18-153265,BOAMP,NAME:semitan,48.0,Software & Applications,2019-05-17,24.0,0,67.51,67.51,,,,NEGOCIE,SERVICES,False,2021-05-16,attribution_award_date,none,,,,,,0,0,0,,,,0,False,False,balanced,calibrated_balanced,1
BOAMP:18-154720,BOAMP,SIREN:247200348,45.0,Unknown,2018-11-05,48.0,0,73.85,73.85,,,,PROCEDURE_ADAPTE,TRAVAUX,True,2022-11-05,publication_date,none,,,,,,0,0,0,,,,0,False,False,balanced,calibrated_balanced,1
BOAMP:18-154770,BOAMP,SIREN:227200029,32.0,Telecom & Networks,2018-11-05,48.0,1,46.91,,46.91,BOAMP:22-77622,,PROCEDURE_ADAPTE,FOURNITURES,False,2022-11-05,publication_date,calibrated_rule,0.5345,0.552,0.0,True,0.8183,0,0,0,0.5345,,,1,True,False,balanced,calibrated_balanced,0
BOAMP:18-154990,BOAMP,SIREN:225300011,48.0,Software & Applications,2018-11-10,48.0,0,73.69,73.69,,,600000.0,DIALOGUE_COMPETITIF,SERVICES,False,2022-11-10,publication_date,none,,,,,,0,0,0,,,,0,False,False,balanced,calibrated_balanced,1
BOAMP:18-157794,BOAMP,NAME:communaute communes pays de redon,48.0,Software & Applications,2018-11-12,48.0,0,73.62,73.62,,,,PROCEDURE_ADAPTE,FOURNITURES,True,2022-11-12,publication_date,none,,,,,,0,0,0,,,,0,False,False,balanced,calibrated_balanced,1
BOAMP:18-158821,BOAMP,NAME:mindef sga dcsid esid bordeaux,45.0,Data & AI,2018-11-13,48.0,0,73.59,73.59,,,,PROCEDURE_ADAPTE,TRAVAUX,True,2022-11-13,publication_date,none,,,,,,0,0,0,,,,0,False,False,balanced,calibrated_balanced,1
BOAMP:18-159087,BOAMP,SIREN:194909701,,Cloud & Infrastructure,2018-11-14,11.0,1,6.27,,6.27,BOAMP:19-82021,,PROCEDURE_ADAPTE,TRAVAUX,False,2019-10-14,publication_date,calibrated_rule,0.6588,0.7545,,False,0.2117,0,0,0,0.6588,,,1,True,False,balanced,calibrated_balanced,0
BOAMP:18-159101,BOAMP,SIREN:264400136,48.0,Software & Applications,2018-11-14,48.0,0,73.55,73.55,,,,PROCEDURE_ADAPTE,SERVICES,True,2022-11-14,publication_date,none,,,,,,0,0,0,,,,0,False,False,balanced,calibrated_balanced,1
BOAMP:18-158087,BOAMP,NAME:sm megalis,32.0,Telecom & Networks,2018-11-15,36.0,0,73.52,73.52,,,,OUVERT,FOURNITURES,False,2021-11-14,publication_date,none,,,,,,0,0,0,,,,0,False,False,balanced,calibrated_balanced,1
BOAMP:18-160377,BOAMP,SIREN:287200265,48.0,Software & Applications,2019-03-29,48.0,0,69.12,69.12,,,,PROCEDURE_ADAPTE,FOURNITURES,True,2023-03-29,attribution_award_date,none,,,,,,0,0,0,,,,0,False,False,balanced,calibrated_balanced,1
BOAMP:18-163164,BOAMP,NAME:sisto,44.0,Data & AI,2018-11-22,48.0,0,73.29,73.29,,,,PROCEDURE_ADAPTE,TRAVAUX,True,2022-11-22,publication_date,none,,,,,,0,0,0,,,,0,False,False,balanced,calibrated_balanced,1
BOAMP:18-165012,BOAMP,NAME:le mans,32.0,Telecom & Networks,2018-11-26,12.0,0,73.16,73.16,,,,PROCEDURE_ADAPTE,FOURNITURES,False,2019-11-26,publication_date,none,,,,,,0,0,0,,,,0,False,False,balanced,calibrated_balanced,1
BOAMP:18-167367,BOAMP,SIREN:254901309,48.0,Software & Applications,2018-11-30,48.0,0,73.03,73.03,,,160000.0,PROCEDURE_ADAPTE,SERVICES,False,2022-11-30,publication_date,none,,,,,,0,0,0,,,,0,False,False,balanced,calibrated_balanced,1
BOAMP:18-166821,BOAMP,NAME:cnieg,72.0,Digital Workplace & Collaboration,2019-03-08,12.0,1,14.72,,14.72,BOAMP:20-4011,3900000.0,OUVERT,SERVICES,False,2020-03-07,attribution_award_date,calibrated_rule,0.5959,0.5915,0.4,True,0.5467,0,0,0,0.5959,,,1,True,False,balanced,calibrated_balanced,0
BOAMP:18-167431,BOAMP,NAME:cnieg,72.0,IT Maintenance & Support,2019-03-08,24.0,0,69.81,69.81,,,450000.0,OUVERT,SERVICES,False,2021-03-07,attribution_award_date,none,,,,,,0,0,0,,,,0,False,False,balanced,calibrated_balanced,1
BOAMP:18-168544,BOAMP,NAME:nantes metropole,35.0,Cybersecurity,2019-03-19,12.0,1,11.2,,11.2,BOAMP:20-26585,,OUVERT,SERVICES,False,2020-03-18,attribution_award_date,calibrated_rule,0.5588,0.5887,0.0,True,0.8667,0,0,0,0.5588,0.5529,0.0059,2,False,False,balanced,calibrated_balanced,0
BOAMP:18-169881,BOAMP,SIREN:535164412,45.0,Unknown,2018-12-06,35.0,0,72.83,72.83,,,,PROCEDURE_ADAPTE,TRAVAUX,False,2021-11-05,publication_date,none,,,,,,0,0,0,,,,0,False,False,balanced,calibrated_balanced,1
BOAMP:18-170789,BOAMP,NAME:ctre hosp universitaire angers,32.0,Telecom & Networks,2019-04-19,48.0,0,68.43,68.43,,,,OUVERT,SERVICES,False,2023-04-19,attribution_award_date,none,,,,,,0,0,0,,,,0,False,False,balanced,calibrated_balanced,1
BOAMP:18-171623,BOAMP,NAME:le mans,32.0,Telecom & Networks,2018-12-10,48.0,0,72.7,72.7,,,,PROCEDURE_ADAPTE,,True,2022-12-10,publication_date,none,,,,,,0,0,0,,,,0,False,False,balanced,calibrated_balanced,1
BOAMP:18-173792,BOAMP,SIREN:254901309,48.0,Software & Applications,2018-12-13,48.0,0,72.6,72.6,,,,PROCEDURE_ADAPTE,,True,2022-12-13,publication_date,none,,,,,,0,0,0,,,,0,False,False,balanced,calibrated_balanced,1
BOAMP:18-173960,BOAMP,NAME:cnieg,72.0,IT Services & Consulting,2018-12-15,24.0,1,21.22,,21.22,BOAMP:20-64610,,OUVERT,SERVICES,False,2020-12-14,publication_date,calibrated_rule,0.5076,0.5007,0.2,True,0.5367,0,0,0,0.5076,,,1,True,False,balanced,calibrated_balanced,0
BOAMP:18-174875,BOAMP,NAME:nantes metropole,72.0,IT Services & Consulting,2018-12-18,48.0,1,50.85,,50.85,BOAMP:23-34854,,PROCEDURE_ADAPTE,SERVICES,False,2022-12-18,publication_date,calibrated_rule,0.6416,0.8415,0.2,True,0.525,0,0,0,0.6416,0.5361,0.1055,3,False,False,balanced,calibrated_balanced,0
BOAMP:18-177619,BOAMP,NAME:ville du mans,72.0,IT Services & Consulting,2019-02-27,9.0,0,70.11,70.11,,,,PROCEDURE_ADAPTE,SERVICES,False,2019-11-27,attribution_award_date,none,,,,,,0,0,0,,,,0,False,False,balanced,calibrated_balanced,1
BOAMP:18-175843,BOAMP,NAME:gie des epl de vendee,72.0,IT Services & Consulting,2019-03-20,12.0,0,69.42,69.42,,,,OUVERT,SERVICES,False,2020-03-19,attribution_award_date,none,,,,,,0,0,0,,,,0,False,False,balanced,calibrated_balanced,1
BOAMP:18-177187,BOAMP,NAME:gie des epl de vendee,72.0,IT Services & Consulting,2019-06-12,12.0,0,66.66,66.66,,,,OUVERT,SERVICES,False,2020-06-11,attribution_award_date,none,,,,,,0,0,0,,,,0,False,False,balanced,calibrated_balanced,1
BOAMP:18-177300,BOAMP,SIREN:214401317,51.0,Unknown,2018-12-22,24.0,0,72.31,72.31,,,,OUVERT,SERVICES,False,2020-12-21,publication_date,none,,,,,,0,0,0,,,,0,False,False,balanced,calibrated_balanced,1
BOAMP:18-179065,BOAMP,NAME:agce pour l enst fr a l etranger,72.0,IT Services & Consulting,2019-03-25,48.0,0,69.25,69.25,,,800000.0,OUVERT,FOURNITURES,False,2023-03-25,attribution_award_date,none,,,,,,0,0,0,,,,0,False,False,balanced,calibrated_balanced,1
BOAMP:18-180161,BOAMP,NAME:ctre hosp universitaire angers,32.0,Telecom & Networks,2019-03-08,12.0,0,69.81,69.81,,,,OUVERT,FOURNITURES,False,2020-03-07,attribution_award_date,none,,,,,,0,0,0,,,,0,False,False,balanced,calibrated_balanced,1
BOAMP:18-173397,BOAMP,NAME:syndicat trivalis,,Data & AI,2018-12-26,48.0,0,72.17,72.17,,,,PROCEDURE_ADAPTE,TRAVAUX,True,2022-12-26,publication_date,none,,,,,,0,0,0,,,,0,False,False,balanced,calibrated_balanced,1
BOAMP:19-3707,BOAMP,NAME:le mans,48.0,Software & Applications,2019-01-09,36.0,1,37.98,,37.98,BOAMP:21-139293,,PROCEDURE_ADAPTE,FOURNITURES,False,2022-01-08,publication_date,calibrated_rule,0.5969,0.6573,0.2,True,0.67,0,0,0,0.5969,0.5832,0.0137,3,False,False,balanced,calibrated_balanced,0
BOAMP:19-1779,BOAMP,SIREN:234400034,72.0,Digital Workplace & Collaboration,2019-05-14,12.0,0,67.61,67.61,,,,OUVERT,SERVICES,False,2020-05-13,attribution_award_date,none,,,,,,0,0,0,,,,0,False,False,balanced,calibrated_balanced,1
BOAMP:19-3078,BOAMP,SIREN:200083392,45.0,Unknown,2019-01-10,22.0,0,71.68,71.68,,,,OUVERT,TRAVAUX,False,2020-11-09,publication_date,none,,,,,,0,0,0,,,,0,False,False,balanced,calibrated_balanced,1
BOAMP:19-2530,BOAMP,NAME:ctre national d enst a distance,72.0,Cybersecurity,2019-01-10,12.0,0,71.68,71.68,,,,OUVERT,SERVICES,False,2020-01-10,publication_date,none,,,,,,0,0,0,,,,0,False,False,balanced,calibrated_balanced,1
BOAMP:19-8964,BOAMP,SIREN:227200029,72.0,IT Services & Consulting,2019-01-17,48.0,1,44.51,,44.51,BOAMP:22-77622,,PROCEDURE_ADAPTE,SERVICES,True,2023-01-17,publication_date,calibrated_rule,0.542,0.6458,0.2,True,0.4183,0,0,0,0.542,,,1,True,False,balanced,calibrated_balanced,0
BOAMP:19-8916,BOAMP,SIREN:244900015,48.0,Software & Applications,2019-01-17,12.0,0,71.45,71.45,,,208999.0,PROCEDURE_ADAPTE,SERVICES,False,2020-01-17,publication_date,none,,,,,,0,0,0,,,,0,False,False,balanced,calibrated_balanced,1
BOAMP:19-9782,BOAMP,NAME:com d agglo reg nazairienne estuaire,72.0,IT Services & Consulting,2019-01-18,12.0,0,71.42,71.42,,,,PROCEDURE_ADAPTE,SERVICES,False,2020-01-18,publication_date,none,,,,,,0,0,0,,,,0,False,False,balanced,calibrated_balanced,1
BOAMP:19-7404,BOAMP,SIREN:130001704,72.0,IT Services & Consulting,2020-06-04,12.0,0,54.89,54.89,,,,OUVERT,FOURNITURES,False,2021-06-04,attribution_award_date,none,,,,,,0,0,0,,,,0,False,False,balanced,calibrated_balanced,1
BOAMP:19-8820,BOAMP,NAME:agce pour l enst fr a l etranger,72.0,IT Services & Consulting,2019-06-25,24.0,0,66.23,66.23,,,350000.0,RESTREINT,SERVICES,False,2021-06-24,attribution_award_date,none,,,,,,0,0,0,,,,0,False,False,balanced,calibrated_balanced,1
BOAMP:19-10579,BOAMP,SIREN:532458809,35.0,Cybersecurity,2019-01-21,48.0,0,71.32,71.32,,,208000.0,PROCEDURE_ADAPTE,FOURNITURES,False,2023-01-21,publication_date,none,,,,,,0,0,0,,,,0,False,False,balanced,calibrated_balanced,1
BOAMP:19-10428,BOAMP,SIREN:228500013,35.0,Cybersecurity,2019-05-16,12.0,0,67.54,67.54,,,,OUVERT,FOURNITURES,False,2020-05-15,attribution_award_date,none,,,,,,0,0,0,,,,0,False,False,balanced,calibrated_balanced,1
BOAMP:19-12872,BOAMP,NAME:communaute d agglomeration du niortais,48.0,Software & Applications,2019-01-24,48.0,0,71.22,71.22,,,,PROCEDURE_ADAPTE,SERVICES,False,2023-01-24,publication_date,none,,,,,,0,0,0,,,,0,False,False,balanced,calibrated_balanced,1
BOAMP:19-13483,BOAMP,NAME:oniris,48.0,Software & Applications,2020-04-02,8.0,0,56.96,56.96,,,,DIALOGUE_COMPETITIF,SERVICES,False,2020-12-01,attribution_award_date,none,,,,,,0,0,0,,,,0,False,False,balanced,calibrated_balanced,1
BOAMP:19-16528,BOAMP,NAME:cdc du pays de saint gilles cx de vie,71.0,Unknown,2019-01-31,36.0,0,70.99,70.99,,,,PROCEDURE_ADAPTE,,False,2022-01-30,publication_date,none,,,,,,0,0,0,,,,0,False,False,balanced,calibrated_balanced,1
BOAMP:19-15670,BOAMP,NAME:ctre hosp universitaire angers,72.0,IT Services & Consulting,2019-07-30,48.0,0,65.08,65.08,,,,OUVERT,SERVICES,False,2023-07-30,attribution_award_date,none,,,,,,0,0,0,,,,0,False,False,balanced,calibrated_balanced,1
BOAMP:19-16942,BOAMP,NAME:nantes metropole,72.0,IT Services & Consulting,2019-04-29,48.0,0,68.1,68.1,,,,OUVERT,SERVICES,False,2023-04-29,attribution_award_date,none,,,,,,0,0,0,,,,0,False,False,balanced,calibrated_balanced,1
BOAMP:19-17531,BOAMP,SIREN:409104007,32.0,Telecom & Networks,2019-05-09,6.0,0,67.77,67.77,,,,OUVERT,FOURNITURES,False,2019-11-07,attribution_award_date,none,,,,,,0,0,0,,,,0,False,False,balanced,calibrated_balanced,1
BOAMP:19-17058,BOAMP,SIREN:234400034,72.0,IT Services & Consulting,2019-05-24,12.0,0,67.28,67.28,,,,OUVERT,SERVICES,False,2020-05-23,attribution_award_date,none,,,,,,0,0,0,,,,0,False,False,balanced,calibrated_balanced,1
BOAMP:19-15197,BOAMP,NAME:syndicat trivalis,,Unknown,2019-02-04,48.0,0,70.86,70.86,,,,PROCEDURE_ADAPTE,TRAVAUX,True,2023-02-04,publication_date,none,,,,,,0,0,0,,,,0,False,False,balanced,calibrated_balanced,1
BOAMP:19-18202,BOAMP,SIREN:219300779,35.0,Cybersecurity,2019-02-04,48.0,0,70.86,70.86,,,,PROCEDURE_ADAPTE,SERVICES|FOURNITURES,False,2023-02-04,publication_date,none,,,,,,0,0,0,,,,0,False,False,balanced,calibrated_balanced,1
BOAMP:19-18263,BOAMP,SIREN:227200029,72.0,IT Services & Consulting,2019-07-30,12.0,0,65.08,65.08,,,,NEGOCIE,SERVICES,False,2020-07-29,attribution_award_date,none,,,,,,0,0,0,,,,0,False,False,balanced,calibrated_balanced,1
BOAMP:19-17307,BOAMP,SIREN:214401093,44.0,Unknown,2019-02-06,48.0,0,70.8,70.8,,,,OUVERT,FOURNITURES,False,2023-02-06,publication_date,none,,,,,,0,0,0,,,,0,False,False,balanced,calibrated_balanced,1
BOAMP:19-21370,BOAMP,NAME:esat foyers,48.0,Cloud & Infrastructure,2019-02-08,60.0,0,70.73,70.73,,,,PROCEDURE_ADAPTE,FOURNITURES,False,2024-02-08,publication_date,none,,,,,,0,0,0,,,,0,False,False,balanced,calibrated_balanced,1
BOAMP:19-21081,BOAMP,SIREN:214900201,32.0,Telecom & Networks,2019-03-27,24.0,0,69.19,69.19,,,465000.0,OUVERT,FOURNITURES,False,2021-03-26,attribution_award_date,none,,,,,,0,0,0,,,,0,False,False,balanced,calibrated_balanced,1
BOAMP:19-22390,BOAMP,NAME:agrocampus ouest,48.0,Software & Applications,2019-05-21,24.0,0,67.38,67.38,,,140000.0,OUVERT,SERVICES,False,2021-05-20,attribution_award_date,none,,,,,,0,0,0,,,,0,False,False,balanced,calibrated_balanced,1
BOAMP:19-22007,BOAMP,NAME:smictom de la vallee de l authion,45.0,Unknown,2019-02-13,9.0,0,70.57,70.57,,,,OUVERT,TRAVAUX,False,2019-11-13,publication_date,none,,,,,,0,0,0,,,,0,False,False,balanced,calibrated_balanced,1
BOAMP:19-21908,BOAMP,SIREN:935367433,35.0,Cybersecurity,2019-02-13,12.0,0,70.57,70.57,,,2400000.0,RESTREINT,FOURNITURES,False,2020-02-13,publication_date,none,,,,,,0,0,0,,,,0,False,False,balanced,calibrated_balanced,1
BOAMP:19-27651,BOAMP,NAME:comm comm de doue la fontaine,48.0,Software & Applications,2019-02-20,48.0,0,70.34,70.34,,,,PROCEDURE_ADAPTE,FOURNITURES,True,2023-02-20,publication_date,none,,,,,,0,0,0,,,,0,False,False,balanced,calibrated_balanced,1
BOAMP:19-28845,BOAMP,SIREN:225300011,72.0,Digital Workplace & Collaboration,2019-02-21,48.0,0,70.3,70.3,,,,PROCEDURE_ADAPTE,SERVICES,False,2023-02-21,publication_date,none,,,,,,0,0,0,,,,0,False,False,balanced,calibrated_balanced,1
BOAMP:19-33752,BOAMP,NAME:chbr reg metiers artisanat nouv aquit,72.0,IT Services & Consulting,2019-03-01,48.0,0,70.04,70.04,,,,OUVERT,SERVICES,True,2023-03-01,publication_date,none,,,,,,0,0,0,,,,0,False,False,balanced,calibrated_balanced,1
BOAMP:19-32405,BOAMP,SIREN:234400034,35.0,Cybersecurity,2019-06-27,12.0,0,66.16,66.16,,,,OUVERT,SERVICES,False,2020-06-26,attribution_award_date,none,,,,,,0,0,0,,,,0,False,False,balanced,calibrated_balanced,1
BOAMP:19-34598,BOAMP,NAME:gpm de nantes st nazaire,72.0,IT Services & Consulting,2019-03-05,48.0,1,48.85,,48.85,BOAMP:23-42045,,PROCEDURE_ADAPTE,SERVICES,True,2023-03-05,publication_date,calibrated_rule,0.5389,0.5431,0.0,True,0.8583,0,0,0,0.5389,0.5051,0.0338,2,False,False,balanced,calibrated_balanced,0
BOAMP:19-34512,BOAMP,SIREN:110006012,32.0,Telecom & Networks,2019-03-06,6.0,0,69.88,69.88,,,,OUVERT,SERVICES,False,2019-09-04,publication_date,none,,,,,,0,0,0,,,,0,False,False,balanced,calibrated_balanced,1
BOAMP:19-35566,BOAMP,SIREN:244900015,72.0,IT Services & Consulting,2019-03-07,48.0,0,69.84,69.84,,,,PROCEDURE_ADAPTE,SERVICES,True,2023-03-07,publication_date,none,,,,,,0,0,0,,,,0,False,False,balanced,calibrated_balanced,1
BOAMP:19-35540,BOAMP,SIREN:224900019,72.0,Cybersecurity,2019-07-03,30.0,0,65.97,65.97,,,,OUVERT,SERVICES,False,2022-01-01,attribution_award_date,none,,,,,,0,0,0,,,,0,False,False,balanced,calibrated_balanced,1
BOAMP:19-37169,BOAMP,NAME:ctre hosp universitaire angers,32.0,Telecom & Networks,2019-05-01,12.0,1,13.3,,13.3,BOAMP:20-6008,,OUVERT,FOURNITURES,False,2020-04-30,attribution_award_date,calibrated_rule,0.5345,0.5695,0.0,True,0.7833,0,0,0,0.5345,,,1,True,False,balanced,calibrated_balanced,0
BOAMP:19-36958,BOAMP,NAME:nantes metropole,72.0,Cybersecurity,2019-05-29,48.0,1,52.04,,52.04,BOAMP:23-37068,,OUVERT,SERVICES,False,2023-05-29,attribution_award_date,calibrated_rule,0.5459,0.5764,0.4,True,0.3267,0,0,0,0.5459,,,1,True,False,balanced,calibrated_balanced,0
BOAMP:19-39464,BOAMP,NAME:universite du maine,64.0,Cybersecurity,2019-06-19,12.0,0,66.43,66.43,,,,OUVERT,SERVICES,False,2020-06-18,attribution_award_date,none,,,,,,0,0,0,,,,0,False,False,balanced,calibrated_balanced,1
BOAMP:19-39750,BOAMP,NAME:gpm de nantes st nazaire,32.0,Telecom & Networks,2019-11-05,48.0,0,61.86,61.86,,,,NEGOCIE,FOURNITURES,True,2023-11-05,attribution_award_date,none,,,,,,0,0,0,,,,0,False,False,balanced,calibrated_balanced,1
BOAMP:19-41115,BOAMP,SIREN:234400034,31.0,Unknown,2019-06-11,24.0,1,22.63,,22.63,BOAMP:21-57207,100000.0,OUVERT,SERVICES,False,2021-06-10,attribution_award_date,calibrated_rule,0.5878,0.7086,0.0,True,0.7717,0,0,0,0.5878,,,1,True,False,balanced,calibrated_balanced,0
BOAMP:19-43213,BOAMP,NAME:ctre hosp universitaire angers,72.0,IT Services & Consulting,2019-03-20,48.0,0,69.42,69.42,,,,PROCEDURE_ADAPTE,SERVICES,True,2023-03-20,publication_date,none,,,,,,0,0,0,,,,0,False,False,balanced,calibrated_balanced,1
BOAMP:19-46630,BOAMP,NAME:le mans,35.0,Cybersecurity,2019-03-25,18.0,1,18.73,,18.73,BOAMP:20-70746,,PROCEDURE_ADAPTE,TRAVAUX,False,2020-09-22,publication_date,calibrated_rule,0.5472,0.5538,0.0,True,0.8783,0,0,0,0.5472,,,1,True,False,balanced,calibrated_balanced,0
BOAMP:19-47604,BOAMP,NAME:sgami ouest bzamp,45.0,Telecom & Networks,2019-03-26,12.0,0,69.22,69.22,,,,PROCEDURE_ADAPTE,TRAVAUX,False,2020-03-25,publication_date,none,,,,,,0,0,0,,,,0,False,False,balanced,calibrated_balanced,1
BOAMP:19-48376,BOAMP,NAME:gpm de nantes st nazaire,32.0,Telecom & Networks,2019-08-12,48.0,0,64.65,64.65,,,,OUVERT,SERVICES,False,2023-08-12,attribution_award_date,none,,,,,,0,0,0,,,,0,False,False,balanced,calibrated_balanced,1
BOAMP:19-51014,BOAMP,SIREN:110006012,32.0,IT Hardware & Equipment,2019-03-29,12.0,0,69.12,69.12,,,90000.0,PROCEDURE_ADAPTE,FOURNITURES,False,2020-03-28,publication_date,none,,,,,,0,0,0,,,,0,False,False,balanced,calibrated_balanced,1
BOAMP:19-50622,BOAMP,NAME:iphv les hauts thebaudieres,72.0,IT Services & Consulting,2019-03-29,48.0,0,69.12,69.12,,,,PROCEDURE_ADAPTE,SERVICES,True,2023-03-29,publication_date,none,,,,,,0,0,0,,,,0,False,False,balanced,calibrated_balanced,1
BOAMP:19-49300,BOAMP,SIREN:214900995,32.0,Telecom & Networks,2019-07-08,24.0,0,65.8,65.8,,,400000.0,OUVERT,FOURNITURES,False,2021-07-07,attribution_award_date,none,,,,,,0,0,0,,,,0,False,False,balanced,calibrated_balanced,1
BOAMP:19-50035,BOAMP,NAME:rennes 1,32.0,IT Hardware & Equipment,2019-03-30,12.0,0,69.09,69.09,,,300000.0,OUVERT,FOURNITURES,False,2020-03-29,publication_date,none,,,,,,0,0,0,,,,0,False,False,balanced,calibrated_balanced,1
BOAMP:19-51024,BOAMP,NAME:ville d ancenis saint gereon,35.0,Cybersecurity,2019-07-11,48.0,0,65.7,65.7,,,,OUVERT,FOURNITURES,True,2023-07-11,attribution_award_date,none,,,,,,0,0,0,,,,0,False,False,balanced,calibrated_balanced,1
BOAMP:19-51224,BOAMP,SIREN:391722881,48.0,Software & Applications,2020-03-03,36.0,0,57.95,57.95,,,,RESTREINT,FOURNITURES,False,2023-03-03,attribution_award_date,none,,,,,,0,0,0,,,,0,False,False,balanced,calibrated_balanced,1
BOAMP:19-51855,BOAMP,SIREN:228500013,39.0,Cybersecurity,2019-04-01,12.0,0,69.02,69.02,,,,OUVERT,FOURNITURES,False,2020-03-31,publication_date,none,,,,,,0,0,0,,,,0,False,False,balanced,calibrated_balanced,1
BOAMP:19-52455,BOAMP,NAME:ars pays de la loire,48.0,Cloud & Infrastructure,2019-05-22,12.0,0,67.35,67.35,,,,OUVERT,SERVICES,False,2020-05-21,attribution_award_date,none,,,,,,0,0,0,,,,0,False,False,balanced,calibrated_balanced,1
BOAMP:19-48030,BOAMP,SIREN:224900019,72.0,IT Services & Consulting,2019-07-02,48.0,1,47.01,,47.01,BOAMP:23-43054,2000000.0,OUVERT,FOURNITURES,False,2023-07-02,attribution_award_date,calibrated_rule,0.9615,0.9863,1.0,True,0.835,0,0,0,0.9615,,,1,True,False,balanced,calibrated_balanced,0
BOAMP:19-53794,BOAMP,SIREN:224900019,48.0,Software & Applications,2019-04-05,48.0,0,68.89,68.89,,,,PROCEDURE_ADAPTE,FOURNITURES,True,2023-04-05,publication_date,none,,,,,,0,0,0,,,,0,False,False,balanced,calibrated_balanced,1
BOAMP:19-56150,BOAMP,SIREN:234400034,48.0,Software & Applications,2019-04-10,48.0,0,68.73,68.73,,,,OUVERT,FOURNITURES,False,2023-04-10,publication_date,none,,,,,,0,0,0,,,,0,False,False,balanced,calibrated_balanced,1
BOAMP:19-55808,BOAMP,SIREN:538208455,72.0,IT Services & Consulting,2019-06-19,48.0,1,49.28,,49.28,BOAMP:23-106736,400000.0,OUVERT,SERVICES,False,2023-06-19,attribution_award_date,calibrated_rule,0.608,0.5017,0.4,True,0.7867,0,0,0,0.608,,,1,True,False,balanced,calibrated_balanced,0
BOAMP:19-56876,BOAMP,SIREN:935367433,45.0,Unknown,2019-04-11,24.0,0,68.69,68.69,,,,OUVERT,TRAVAUX,False,2021-04-10,publication_date,none,,,,,,0,0,0,,,,0,False,False,balanced,calibrated_balanced,1
BOAMP:19-55110,BOAMP,NAME:nantes metropole,48.0,Software & Applications,2019-04-11,48.0,1,48.75,,48.75,BOAMP:23-60788,,PROCEDURE_ADAPTE,SERVICES,True,2023-04-11,publication_date,calibrated_rule,0.725,1.0,0.0,True,0.875,0,0,0,0.725,0.5789,0.1461,7,False,True,balanced,calibrated_balanced,0
BOAMP:19-62635,BOAMP,SIREN:218501914,50.0,Cybersecurity,2019-10-18,48.0,0,62.45,62.45,,,600000.0,NEGOCIE,SERVICES,False,2023-10-18,attribution_award_date,none,,,,,,0,0,0,,,,0,False,False,balanced,calibrated_balanced,1
BOAMP:19-64938,BOAMP,SIREN:214900995,32.0,Telecom & Networks,2019-04-24,48.0,0,68.27,68.27,,,,PROCEDURE_ADAPTE,FOURNITURES,False,2023-04-24,publication_date,none,,,,,,0,0,0,,,,0,False,False,balanced,calibrated_balanced,1
BOAMP:19-54309,BOAMP,SIREN:935367433,32.0,Telecom & Networks,2020-06-22,48.0,1,50.79,,50.79,BOAMP:24-104541,,,SERVICES,True,2024-06-22,attribution_award_date,calibrated_rule,0.5061,0.6227,0.0,True,0.535,0,0,1,0.5061,,,1,True,False,balanced,calibrated_balanced,0
BOAMP:19-66871,BOAMP,NAME:communes de grand lieu,72.0,IT Services & Consulting,2019-04-26,48.0,0,68.2,68.2,,,,PROCEDURE_ADAPTE,SERVICES,False,2023-04-26,publication_date,none,,,,,,0,0,0,,,,0,False,False,balanced,calibrated_balanced,1
BOAMP:19-66602,BOAMP,NAME:ctre hosp universitaire angers,48.0,Software & Applications,2019-04-26,48.0,0,68.2,68.2,,,,PROCEDURE_ADAPTE,SERVICES|FOURNITURES,True,2023-04-26,publication_date,none,,,,,,0,0,0,,,,0,False,False,balanced,calibrated_balanced,1
BOAMP:19-69736,BOAMP,NAME:nantes metropole,32.0,Telecom & Networks,2019-05-05,48.0,1,47.8,,47.8,BOAMP:23-58292,,OUVERT,FOURNITURES,True,2023-05-05,publication_date,calibrated_rule,0.5525,0.5228,0.0,True,0.9667,0,0,0,0.5525,,,1,True,False,balanced,calibrated_balanced,0
BOAMP:19-70735,BOAMP,SIREN:227200029,30.0,IT Hardware & Equipment,2019-08-02,48.0,1,50.1,,50.1,BOAMP:23-137663,,OUVERT,FOURNITURES,True,2023-08-02,attribution_award_date,calibrated_rule,0.7643,0.9608,0.4,True,0.65,0,0,0,0.7643,,,1,True,False,balanced,calibrated_balanced,0
BOAMP:19-71182,BOAMP,NAME:dir ouest,32.0,Telecom & Networks,2019-10-03,48.0,1,48.46,,48.46,BOAMP:23-73840,240000.0,OUVERT,SERVICES,False,2023-10-03,attribution_award_date,calibrated_rule,0.709,0.9359,0.0,True,0.9233,0,0,0,0.709,,,1,True,False,balanced,calibrated_balanced,0
BOAMP:19-67059,BOAMP,NAME:nantes metropole,48.0,Software & Applications,2019-05-08,48.0,1,46.22,,46.22,BOAMP:23-34854,,DIALOGUE_COMPETITIF,FOURNITURES,False,2023-05-08,publication_date,calibrated_rule,0.5951,0.7611,0.0,True,0.7033,0,0,0,0.5951,,,1,True,False,balanced,calibrated_balanced,0
BOAMP:19-71679,BOAMP,SIREN:227200029,64.0,Digital Workplace & Collaboration,2019-08-02,48.0,1,50.1,,50.1,BOAMP:23-137663,,OUVERT,SERVICES,False,2023-08-02,attribution_award_date,calibrated_rule,0.5033,0.5583,0.0,True,0.65,0,0,0,0.5033,,,1,True,False,balanced,calibrated_balanced,0
BOAMP:19-73211,BOAMP,SIREN:218502888,48.0,Software & Applications,2019-05-09,60.0,0,67.77,67.77,,,,PROCEDURE_ADAPTE,FOURNITURES,False,2024-05-08,publication_date,none,,,,,,0,0,0,,,,0,False,False,balanced,calibrated_balanced,1
BOAMP:19-75615,BOAMP,SIREN:284400017,72.0,IT Maintenance & Support,2019-05-14,48.0,0,67.61,67.61,,,,PROCEDURE_ADAPTE,SERVICES,True,2023-05-14,publication_date,none,,,,,,0,0,0,,,,0,False,False,balanced,calibrated_balanced,1
BOAMP:19-75795,BOAMP,SIREN:258500222,72.0,Cybersecurity,2019-05-15,48.0,1,44.42,,44.42,BOAMP:23-12403,,PROCEDURE_ADAPTE,SERVICES,True,2023-05-15,publication_date,calibrated_rule,0.5127,0.705,0.0,True,0.4033,0,1,0,0.5127,,,1,True,False,balanced,calibrated_balanced,0
BOAMP:19-74485,BOAMP,NAME:nantes metropole,72.0,IT Services & Consulting,2019-08-01,48.0,1,49.93,,49.93,BOAMP:23-37068,,OUVERT,SERVICES,False,2023-08-01,attribution_award_date,calibrated_rule,0.8553,0.7992,1.0,True,0.6783,0,0,0,0.8553,,,1,True,False,balanced,calibrated_balanced,0
BOAMP:19-78493,BOAMP,NAME:ctre hosp universitaire angers,32.0,Telecom & Networks,2019-05-20,48.0,0,67.41,67.41,,,,PROCEDURE_ADAPTE,FOURNITURES,True,2023-05-20,publication_date,none,,,,,,0,0,0,,,,0,False,False,balanced,calibrated_balanced,1
BOAMP:19-78854,BOAMP,NAME:vendee habitat oph de vendee,64.0,Digital Workplace & Collaboration,2019-08-06,12.0,0,64.85,64.85,,,143000.0,OUVERT,SERVICES,False,2020-08-05,attribution_award_date,none,,,,,,0,0,0,,,,0,False,False,balanced,calibrated_balanced,1
BOAMP:19-80774,BOAMP,NAME:ville du mans,,Unknown,2019-05-23,24.0,1,26.12,,26.12,BOAMP:21-103746,7500.0,PROCEDURE_ADAPTE,FOURNITURES,False,2021-05-22,publication_date,calibrated_rule,0.8505,0.8963,,False,0.6467,0,0,0,0.8505,,,1,True,False,balanced,calibrated_balanced,0
BOAMP:19-80016,BOAMP,NAME:universite du maine,32.0,Telecom & Networks,2019-10-10,24.0,0,62.71,62.71,,,850000.0,OUVERT,FOURNITURES,False,2021-10-09,attribution_award_date,none,,,,,,0,0,0,,,,0,False,False,balanced,calibrated_balanced,1
BOAMP:19-81470,BOAMP,SIREN:935367433,32.0,Telecom & Networks,2019-05-24,12.0,0,67.28,67.28,,,220000.0,PROCEDURE_ADAPTE,SERVICES,False,2020-05-23,publication_date,none,,,,,,0,0,0,,,,0,False,False,balanced,calibrated_balanced,1
BOAMP:19-82021,BOAMP,SIREN:194909701,45.0,Cloud & Infrastructure,2019-05-24,11.0,0,67.28,67.28,,,,PROCEDURE_ADAPTE,TRAVAUX,False,2020-04-22,publication_date,none,,,,,,0,0,0,,,,0,False,False,balanced,calibrated_balanced,1
BOAMP:19-80203,BOAMP,SIREN:130029747,32.0,Telecom & Networks,2019-05-24,48.0,0,67.28,67.28,,,,OUVERT,SERVICES,False,2023-05-24,publication_date,none,,,,,,0,0,0,,,,0,False,False,balanced,calibrated_balanced,1
BOAMP:19-79147,BOAMP,SIREN:248500589,45.0,Unknown,2019-05-26,19.0,0,67.21,67.21,,,,OUVERT,TRAVAUX,False,2020-12-24,publication_date,none,,,,,,0,0,0,,,,0,False,False,balanced,calibrated_balanced,1
BOAMP:19-85688,BOAMP,SIREN:244900015,72.0,IT Services & Consulting,2019-12-09,24.0,0,60.74,60.74,,,1200000.0,OUVERT,SERVICES,False,2021-12-08,attribution_award_date,none,,,,,,0,0,0,,,,0,False,False,balanced,calibrated_balanced,1
BOAMP:19-87143,BOAMP,SIREN:214401432,,Software & Applications,2019-06-05,48.0,0,66.89,66.89,,,,PROCEDURE_ADAPTE,FOURNITURES,False,2023-06-05,publication_date,none,,,,,,0,0,0,,,,0,False,False,balanced,calibrated_balanced,1
BOAMP:19-87510,BOAMP,NAME:gpm de nantes st nazaire,48.0,Software & Applications,2019-06-06,48.0,1,45.8,,45.8,BOAMP:23-42045,,PROCEDURE_ADAPTE,FOURNITURES,True,2023-06-06,publication_date,calibrated_rule,0.5322,0.5139,0.2,True,0.6333,0,0,0,0.5322,,,1,True,False,balanced,calibrated_balanced,0
BOAMP:19-87023,BOAMP,NAME:sec gal pour l adm min interieur ouest,45.0,Unknown,2019-12-16,34.0,0,60.51,60.51,,,,OUVERT,TRAVAUX,False,2022-10-15,attribution_award_date,none,,,,,,0,0,0,,,,0,False,False,balanced,calibrated_balanced,1
BOAMP:19-88976,BOAMP,NAME:com d agglo reg nazairienne estuaire,35.0,Cybersecurity,2019-09-20,5.0,0,63.37,63.37,,,,OUVERT,FOURNITURES,False,2020-02-19,attribution_award_date,none,,,,,,0,0,0,,,,0,False,False,balanced,calibrated_balanced,1
BOAMP:19-91357,BOAMP,SIREN:200056679,45.0,Data & AI,2019-06-14,11.0,0,66.59,66.59,,,,PROCEDURE_ADAPTE,TRAVAUX,False,2020-05-13,publication_date,none,,,,,,0,0,0,,,,0,False,False,balanced,calibrated_balanced,1
BOAMP:19-90615,BOAMP,SIREN:214401846,50.0,Telecom & Networks,2019-06-14,48.0,0,66.59,66.59,,,,OUVERT,SERVICES,False,2023-06-14,publication_date,none,,,,,,0,0,0,,,,0,False,False,balanced,calibrated_balanced,1
BOAMP:19-91082,BOAMP,SIREN:224900019,32.0,Telecom & Networks,2019-06-16,12.0,1,6.14,,6.14,BOAMP:19-185581,60000.0,OUVERT,FOURNITURES,False,2020-06-15,publication_date,calibrated_rule,0.7396,1.0,,False,0.0233,0,0,0,0.7396,,,1,True,False,balanced,calibrated_balanced,0
BOAMP:19-93739,BOAMP,NAME:communaute d agglomeration du niortais,48.0,Software & Applications,2019-06-20,48.0,0,66.39,66.39,,,,NEGOCIE,FOURNITURES,False,2023-06-20,publication_date,none,,,,,,0,0,0,,,,0,False,False,balanced,calibrated_balanced,1
BOAMP:19-95263,BOAMP,SIREN:217200955,72.0,IT Services & Consulting,2019-06-20,48.0,0,66.39,66.39,,,,PROCEDURE_ADAPTE,SERVICES,True,2023-06-20,publication_date,none,,,,,,0,0,0,,,,0,False,False,balanced,calibrated_balanced,1
BOAMP:19-92498,BOAMP,NAME:nantes metropole,48.0,Software & Applications,2019-06-21,60.0,1,61.37,,61.37,BOAMP:24-90280,500000.0,NEGOCIE,SERVICES,False,2024-06-20,publication_date,calibrated_rule,0.5102,0.5147,0.0,True,0.7717,0,0,0,0.5102,,,1,True,False,balanced,calibrated_balanced,0
BOAMP:19-97686,BOAMP,NAME:synd dep d energie et d eqpt de vendee,48.0,Software & Applications,2020-02-10,48.0,0,58.67,58.67,,,230000.0,NEGOCIE,SERVICES,False,2024-02-10,attribution_award_date,none,,,,,,0,0,0,,,,0,False,False,balanced,calibrated_balanced,1
BOAMP:19-99589,BOAMP,SIREN:200052702,72.0,IT Services & Consulting,2019-09-24,48.0,0,63.24,63.24,,,,OUVERT,SERVICES,False,2023-09-24,attribution_award_date,none,,,,,,0,0,0,,,,0,False,False,balanced,calibrated_balanced,1
BOAMP:19-100067,BOAMP,NAME:sec gal pour l adm min interieur ouest,,Unknown,2019-06-30,48.0,0,66.06,66.06,,,300000.0,OUVERT,FOURNITURES,True,2023-06-30,publication_date,none,,,,,,0,0,0,,,,0,False,False,balanced,calibrated_balanced,1
BOAMP:19-99928,BOAMP,NAME:sec gal pour l adm min interieur ouest,,Unknown,2019-06-30,10.0,0,66.06,66.06,,,,PROCEDURE_ADAPTE,TRAVAUX,False,2020-04-29,publication_date,none,,,,,,0,0,0,,,,0,False,False,balanced,calibrated_balanced,1
BOAMP:19-103125,BOAMP,NAME:cnieg,72.0,IT Services & Consulting,2019-07-04,12.0,1,10.71,,10.71,BOAMP:20-6485,,PROCEDURE_ADAPTE,SERVICES,False,2020-07-03,publication_date,calibrated_rule,0.5778,0.552,0.2,True,0.785,0,0,0,0.5778,0.5504,0.0274,2,False,False,balanced,calibrated_balanced,0
BOAMP:19-103833,BOAMP,SIREN:244400404,48.0,Software & Applications,2019-07-05,4.0,0,65.9,65.9,,,,PROCEDURE_ADAPTE,SERVICES,False,2019-11-03,publication_date,none,,,,,,0,0,0,,,,0,False,False,balanced,calibrated_balanced,1
BOAMP:19-104228,BOAMP,SIREN:214401622,72.0,IT Services & Consulting,2019-07-05,48.0,1,53.12,,53.12,BOAMP:23-171468,,PROCEDURE_ADAPTE,SERVICES,True,2023-07-05,publication_date,calibrated_rule,0.7515,0.8054,1.0,True,0.1467,0,0,0,0.7515,,,1,True,False,balanced,calibrated_balanced,0
BOAMP:19-102776,BOAMP,SIREN:214401432,48.0,Software & Applications,2019-11-06,48.0,0,61.83,61.83,,,,OUVERT,FOURNITURES,True,2023-11-06,attribution_award_date,none,,,,,,0,0,0,,,,0,False,False,balanced,calibrated_balanced,1
BOAMP:19-103897,BOAMP,SIREN:225300011,72.0,IT Services & Consulting,2019-10-21,48.0,1,46.91,,46.91,BOAMP:23-90833,,OUVERT,SERVICES,False,2023-10-21,attribution_award_date,calibrated_rule,0.5919,0.5707,0.2,True,0.8183,0,0,0,0.5919,0.5786,0.0134,2,False,False,balanced,calibrated_balanced,0
BOAMP:19-105133,BOAMP,SIREN:200084655,35.0,Cybersecurity,2019-07-10,12.0,0,65.74,65.74,,,,OUVERT,FOURNITURES,False,2020-07-09,publication_date,none,,,,,,0,0,0,,,,0,False,False,balanced,calibrated_balanced,1
BOAMP:19-105083,BOAMP,NAME:nantes metropole,48.0,Software & Applications,2019-07-10,48.0,0,65.74,65.74,,,,OUVERT,SERVICES,False,2023-07-10,publication_date,none,,,,,,0,0,0,,,,0,False,False,balanced,calibrated_balanced,1
BOAMP:19-106429,BOAMP,NAME:ccir pays de la loire,48.0,Software & Applications,2019-10-21,48.0,0,62.35,62.35,,,,OUVERT,FOURNITURES,False,2023-10-21,attribution_award_date,none,,,,,,0,0,0,,,,0,False,False,balanced,calibrated_balanced,1
BOAMP:19-106682,BOAMP,NAME:gie loire ocean,72.0,IT Services & Consulting,2019-11-21,12.0,0,61.33,61.33,,,,PROCEDURE_ADAPTE,SERVICES,False,2020-11-20,attribution_award_date,none,,,,,,0,0,0,,,,0,False,False,balanced,calibrated_balanced,1
BOAMP:19-108442,BOAMP,SIREN:451518641,72.0,IT Services & Consulting,2019-12-17,12.0,0,60.48,60.48,,,,OUVERT,TRAVAUX,False,2020-12-16,attribution_award_date,none,,,,,,0,0,0,,,,0,False,False,balanced,calibrated_balanced,1
BOAMP:19-110311,BOAMP,NAME:epf de la vendee,72.0,IT Services & Consulting,2019-07-16,48.0,0,65.54,65.54,,,,PROCEDURE_ADAPTE,SERVICES,True,2023-07-16,publication_date,none,,,,,,0,0,0,,,,0,False,False,balanced,calibrated_balanced,1
BOAMP:19-109687,BOAMP,NAME:semitan mandataire de nantes metropole,48.0,Software & Applications,2020-10-08,36.0,0,50.76,50.76,,,,DIALOGUE_COMPETITIF,FOURNITURES,False,2023-10-08,attribution_award_date,none,,,,,,0,0,0,,,,0,False,False,balanced,calibrated_balanced,1
BOAMP:19-111839,BOAMP,SIREN:935367433,64.0,Telecom & Networks,2019-07-20,12.0,1,13.53,,13.53,BOAMP:20-107502,840000.0,OUVERT,SERVICES,False,2020-07-19,publication_date,calibrated_rule,0.5906,0.729,0.0,True,0.745,0,0,0,0.5906,0.5177,0.0729,2,False,False,balanced,calibrated_balanced,0
BOAMP:19-112517,BOAMP,NAME:gip vendee numerique,71.0,Unknown,2019-10-07,24.0,0,62.81,62.81,,,,OUVERT,SERVICES,False,2021-10-06,attribution_award_date,none,,,,,,0,0,0,,,,0,False,False,balanced,calibrated_balanced,1
BOAMP:19-114079,BOAMP,SIREN:278000013,72.0,Cybersecurity,2019-09-27,48.0,0,63.14,63.14,,,,RESTREINT,SERVICES,False,2023-09-27,attribution_award_date,none,,,,,,0,0,0,,,,0,False,False,balanced,calibrated_balanced,1
BOAMP:19-115344,BOAMP,SIREN:831928452,32.0,Telecom & Networks,2020-04-16,48.0,0,56.5,56.5,,,,NEGOCIE,FOURNITURES,True,2024-04-16,attribution_award_date,none,,,,,,0,0,0,,,,0,False,False,balanced,calibrated_balanced,1
BOAMP:19-117328,BOAMP,NAME:ctre hosp universitaire angers,72.0,IT Services & Consulting,2019-07-26,48.0,1,47.44,,47.44,BOAMP:23-96123,,PROCEDURE_ADAPTE,,True,2023-07-26,publication_date,calibrated_rule,0.5612,0.5747,0.0,True,0.9067,0,0,0,0.5612,0.5187,0.0425,2,False,False,balanced,calibrated_balanced,0
BOAMP:19-118102,BOAMP,NAME:le mans,32.0,Telecom & Networks,2019-11-28,48.0,0,61.1,61.1,,,,OUVERT,FOURNITURES,False,2023-11-28,attribution_award_date,none,,,,,,0,0,0,,,,0,False,False,balanced,calibrated_balanced,1
BOAMP:19-118142,BOAMP,NAME:comcom estuaire et sillon,71.0,Unknown,2019-11-29,48.0,0,61.07,61.07,,,47628.0,OUVERT,SERVICES,True,2023-11-29,attribution_award_date,none,,,,,,0,0,0,,,,0,False,False,balanced,calibrated_balanced,1
BOAMP:19-109269,BOAMP,SIREN:214401093,35.0,Cybersecurity,2019-08-02,24.0,0,64.98,64.98,,,,PROCEDURE_ADAPTE,FOURNITURES,False,2021-08-01,publication_date,none,,,,,,0,0,0,,,,0,False,False,balanced,calibrated_balanced,1
BOAMP:19-119207,BOAMP,SIREN:247200132,39.0,Unknown,2019-12-23,10.0,0,60.28,60.28,,,,OUVERT,FOURNITURES,False,2020-10-22,attribution_award_date,none,,,,,,0,0,0,,,,0,False,False,balanced,calibrated_balanced,1
BOAMP:19-119269,BOAMP,NAME:nantes metropole,72.0,Cybersecurity,2019-08-02,48.0,1,49.9,,49.9,BOAMP:23-37068,,NEGOCIE,SERVICES,False,2023-08-02,publication_date,calibrated_rule,0.6401,0.6336,0.4,True,0.6833,0,0,0,0.6401,0.5897,0.0504,5,False,False,balanced,calibrated_balanced,0
BOAMP:19-120649,BOAMP,NAME:le mans,33.0,Data & AI,2020-02-04,48.0,0,58.87,58.87,,,,OUVERT,FOURNITURES,True,2024-02-04,attribution_award_date,none,,,,,,0,0,0,,,,0,False,False,balanced,calibrated_balanced,1
BOAMP:19-123299,BOAMP,NAME:mindef ema dc sca pfaf co rennes,32.0,Telecom & Networks,2019-11-27,12.0,0,61.14,61.14,,,,OUVERT,FOURNITURES,False,2020-11-26,attribution_award_date,none,,,,,,0,0,0,,,,0,False,False,balanced,calibrated_balanced,1
BOAMP:19-124424,BOAMP,NAME:chd vendee,48.0,Software & Applications,2020-04-21,48.0,0,56.34,56.34,,,,OUVERT,FOURNITURES,False,2024-04-21,attribution_award_date,none,,,,,,0,0,0,,,,0,False,False,balanced,calibrated_balanced,1
BOAMP:19-125270,BOAMP,NAME:ctre hosp universitaire angers,72.0,IT Services & Consulting,2019-08-14,48.0,1,44.71,,44.71,BOAMP:23-61217,,OUVERT,SERVICES,False,2023-08-14,publication_date,calibrated_rule,0.5265,0.5903,0.2,True,0.4517,0,0,0,0.5265,,,1,True,False,balanced,calibrated_balanced,0
BOAMP:19-126819,BOAMP,NAME:conseil general de la vendee,,Unknown,2019-08-19,48.0,0,64.42,64.42,,,,PROCEDURE_ADAPTE,FOURNITURES,True,2023-08-19,publication_date,none,,,,,,0,0,0,,,,0,False,False,balanced,calibrated_balanced,1
BOAMP:19-128681,BOAMP,SIREN:234400034,72.0,IT Services & Consulting,2019-12-11,12.0,0,60.68,60.68,,,,OUVERT,SERVICES,False,2020-12-10,attribution_award_date,none,,,,,,0,0,0,,,,0,False,False,balanced,calibrated_balanced,1
BOAMP:19-130305,BOAMP,NAME:communes de grand lieu,35.0,Cybersecurity,2019-12-20,48.0,0,60.38,60.38,,,,PROCEDURE_ADAPTE,TRAVAUX,True,2023-12-20,attribution_award_date,none,,,,,,0,0,0,,,,0,False,False,balanced,calibrated_balanced,1
BOAMP:19-131601,BOAMP,SIREN:284400017,35.0,Cybersecurity,2019-08-29,48.0,0,64.09,64.09,,,,PROCEDURE_ADAPTE,,True,2023-08-29,publication_date,none,,,,,,0,0,0,,,,0,False,False,balanced,calibrated_balanced,1
BOAMP:19-131225,BOAMP,SIREN:284400017,35.0,Cybersecurity,2019-08-29,48.0,0,64.09,64.09,,,,PROCEDURE_ADAPTE,FOURNITURES,True,2023-08-29,publication_date,none,,,,,,0,0,0,,,,0,False,False,balanced,calibrated_balanced,1
BOAMP:19-131092,BOAMP,SIREN:284400017,35.0,Cybersecurity,2019-08-30,12.0,1,8.84,,8.84,BOAMP:20-67439,,OUVERT,FOURNITURES,False,2020-08-29,publication_date,calibrated_rule,0.616,0.5533,0.6,True,0.4733,0,0,0,0.616,,,1,True,False,balanced,calibrated_balanced,0
BOAMP:19-136955,BOAMP,SIREN:244900015,72.0,IT Services & Consulting,2019-09-10,12.0,0,63.7,63.7,,,,PROCEDURE_ADAPTE,SERVICES,False,2020-09-09,publication_date,none,,,,,,0,0,0,,,,0,False,False,balanced,calibrated_balanced,1
BOAMP:19-137030,BOAMP,SIREN:234400034,48.0,Software & Applications,2019-09-12,24.0,0,63.63,63.63,,,,OUVERT,SERVICES,False,2021-09-11,publication_date,none,,,,,,0,0,0,,,,0,False,False,balanced,calibrated_balanced,1
BOAMP:19-138013,BOAMP,NAME:chbr reg metiers artisanat nouv aquit,48.0,Software & Applications,2019-12-13,36.0,0,60.61,60.61,,,,OUVERT,SERVICES,False,2022-12-12,attribution_award_date,none,,,,,,0,0,0,,,,0,False,False,balanced,calibrated_balanced,1
BOAMP:19-141668,BOAMP,SIREN:288500010,35.0,Cybersecurity,2020-02-14,6.0,0,58.54,58.54,,,335000.0,RESTREINT,FOURNITURES,False,2020-08-14,attribution_award_date,none,,,,,,0,0,0,,,,0,False,False,balanced,calibrated_balanced,1
BOAMP:19-142610,BOAMP,SIREN:224900019,32.0,Telecom & Networks,2019-09-20,48.0,0,63.37,63.37,,,,PROCEDURE_ADAPTE,FOURNITURES,True,2023-09-20,publication_date,none,,,,,,0,0,0,,,,0,False,False,balanced,calibrated_balanced,1
BOAMP:19-145053,BOAMP,SIREN:227200029,72.0,IT Services & Consulting,2019-09-24,48.0,1,48.39,,48.39,BOAMP:23-139972,220000.0,PROCEDURE_ADAPTE,SERVICES,False,2023-09-24,publication_date,calibrated_rule,0.6258,0.5969,0.2,True,0.935,0,0,0,0.6258,0.5918,0.034,2,False,False,balanced,calibrated_balanced,0
BOAMP:19-145845,BOAMP,NAME:ctre hosp universitaire angers,72.0,IT Services & Consulting,2019-09-26,48.0,0,63.17,63.17,,,,PROCEDURE_ADAPTE,SERVICES,True,2023-09-26,publication_date,none,,,,,,0,0,0,,,,0,False,False,balanced,calibrated_balanced,1
BOAMP:19-144868,BOAMP,NAME:conseil general de la vendee,48.0,Cloud & Infrastructure,2019-09-26,24.0,0,63.17,63.17,,,,OUVERT,FOURNITURES,False,2021-09-25,publication_date,none,,,,,,0,0,0,,,,0,False,False,balanced,calibrated_balanced,1
BOAMP:19-146419,BOAMP,SIREN:227200029,32.0,Telecom & Networks,2020-02-10,48.0,0,58.67,58.67,,,360000.0,OUVERT,SERVICES,False,2024-02-10,attribution_award_date,none,,,,,,0,0,0,,,,0,False,False,balanced,calibrated_balanced,1
BOAMP:19-147943,BOAMP,SIREN:234400034,72.0,IT Services & Consulting,2019-12-27,24.0,0,60.15,60.15,,,,OUVERT,SERVICES,False,2021-12-26,attribution_award_date,none,,,,,,0,0,0,,,,0,False,False,balanced,calibrated_balanced,1
BOAMP:19-147530,BOAMP,SIREN:191700327,48.0,Software & Applications,2019-10-27,48.0,0,62.16,62.16,,,,OUVERT,FOURNITURES,False,2023-10-27,attribution_award_date,none,,,,,,0,0,0,,,,0,False,False,balanced,calibrated_balanced,1
BOAMP:19-150722,BOAMP,SIREN:214400475,31.0,Unknown,2019-10-04,48.0,0,62.91,62.91,,,,PROCEDURE_ADAPTE,FOURNITURES,True,2023-10-04,publication_date,none,,,,,,0,0,0,,,,0,False,False,balanced,calibrated_balanced,1
BOAMP:19-150176,BOAMP,NAME:chd vendee,72.0,IT Services & Consulting,2019-12-27,48.0,0,60.15,60.15,,,,OUVERT,SERVICES,False,2023-12-27,attribution_award_date,none,,,,,,0,0,0,,,,0,False,False,balanced,calibrated_balanced,1
BOAMP:19-151799,BOAMP,NAME:dir interregionale sces penitentiaires,45.0,Unknown,2019-10-07,48.0,0,62.81,62.81,,,,PROCEDURE_ADAPTE,TRAVAUX,True,2023-10-07,publication_date,none,,,,,,0,0,0,,,,0,False,False,balanced,calibrated_balanced,1
BOAMP:19-152227,BOAMP,NAME:ville du mans,72.0,IT Services & Consulting,2020-06-16,48.0,0,54.5,54.5,,,,NEGOCIE,SERVICES,False,2024-06-16,attribution_award_date,none,,,,,,0,0,0,,,,0,False,False,balanced,calibrated_balanced,1
BOAMP:19-153997,BOAMP,SIREN:200054336,48.0,Software & Applications,2019-10-10,48.0,0,62.71,62.71,,,,PROCEDURE_ADAPTE,SERVICES,True,2023-10-10,publication_date,none,,,,,,0,0,0,,,,0,False,False,balanced,calibrated_balanced,1
BOAMP:19-154710,BOAMP,SIREN:218501914,72.0,IT Services & Consulting,2019-10-11,24.0,0,62.68,62.68,,,,PROCEDURE_ADAPTE,SERVICES,False,2021-10-10,publication_date,none,,,,,,0,0,0,,,,0,False,False,balanced,calibrated_balanced,1
BOAMP:19-155590,BOAMP,NAME:du marais poitevi,72.0,Digital Workplace & Collaboration,2019-12-20,48.0,0,60.38,60.38,,,330000.0,OUVERT,SERVICES,False,2023-12-20,attribution_award_date,none,,,,,,0,0,0,,,,0,False,False,balanced,calibrated_balanced,1
BOAMP:19-156899,BOAMP,NAME:nantes metropole,35.0,Cybersecurity,2020-01-22,48.0,0,59.3,59.3,,,,OUVERT,FOURNITURES,False,2024-01-22,attribution_award_date,none,,,,,,0,0,0,,,,0,False,False,balanced,calibrated_balanced,1
BOAMP:19-157359,BOAMP,SIREN:214401846,32.0,Telecom & Networks,2019-12-26,12.0,0,60.18,60.18,,,,OUVERT,FOURNITURES,False,2020-12-25,attribution_award_date,none,,,,,,0,0,0,,,,0,False,False,balanced,calibrated_balanced,1
BOAMP:19-156761,BOAMP,NAME:ville d alencon,71.0,Software & Applications,2020-03-27,24.0,0,57.16,57.16,,,900000.0,OUVERT,SERVICES,False,2022-03-27,attribution_award_date,none,,,,,,0,0,0,,,,0,False,False,balanced,calibrated_balanced,1
BOAMP:19-159241,BOAMP,SIREN:130013097,48.0,Software & Applications,2019-10-20,12.0,0,62.39,62.39,,,,OUVERT,SERVICES,False,2020-10-19,publication_date,none,,,,,,0,0,0,,,,0,False,False,balanced,calibrated_balanced,1
BOAMP:19-160018,BOAMP,SIREN:198513905,32.0,Telecom & Networks,2019-10-21,1.0,0,62.35,62.35,,,,PROCEDURE_ADAPTE,FOURNITURES,False,2019-11-20,publication_date,none,,,,,,0,0,0,,,,0,False,False,balanced,calibrated_balanced,1
BOAMP:19-160471,BOAMP,SIREN:247200132,72.0,Data & AI,2020-03-16,48.0,1,44.71,,44.71,BOAMP:23-169082,,PROCEDURE_ADAPTE,SERVICES,False,2024-03-16,attribution_award_date,calibrated_rule,0.5598,0.5486,0.4,True,0.4517,0,0,0,0.5598,,,1,True,False,balanced,calibrated_balanced,0
BOAMP:19-160506,BOAMP,SIREN:200054336,35.0,Cybersecurity,2020-01-09,36.0,0,59.72,59.72,,,,OUVERT,SERVICES,False,2023-01-08,attribution_award_date,none,,,,,,0,0,0,,,,0,False,False,balanced,calibrated_balanced,1
BOAMP:19-161349,BOAMP,NAME:cci metropolitaine bretagne ouest,48.0,Software & Applications,2019-10-25,48.0,0,62.22,62.22,,,,NEGOCIE,SERVICES,True,2023-10-25,publication_date,none,,,,,,0,0,0,,,,0,False,False,balanced,calibrated_balanced,1
BOAMP:19-163024,BOAMP,SIREN:391722881,72.0,IT Services & Consulting,2020-08-03,54.0,0,52.92,52.92,,,,NEGOCIE,SERVICES,False,2025-02-01,attribution_award_date,none,,,,,,0,0,0,,,,0,False,False,balanced,calibrated_balanced,1
BOAMP:19-165120,BOAMP,SIREN:264400136,32.0,Telecom & Networks,2019-10-30,12.0,0,62.06,62.06,,,,PROCEDURE_ADAPTE,SERVICES|FOURNITURES,False,2020-10-29,publication_date,none,,,,,,0,0,0,,,,0,False,False,balanced,calibrated_balanced,1
BOAMP:19-164716,BOAMP,NAME:conservatoire du littoral,72.0,Cybersecurity,2019-10-31,48.0,1,48.49,,48.49,BOAMP:23-117051,,OUVERT,SERVICES,False,2023-10-31,publication_date,calibrated_rule,0.6721,0.7212,0.2,True,0.9183,0,0,0,0.6721,,,1,True,False,balanced,calibrated_balanced,0
BOAMP:19-169855,BOAMP,SIREN:391722881,72.0,IT Services & Consulting,2019-11-12,36.0,0,61.63,61.63,,,,PROCEDURE_ADAPTE,SERVICES,False,2022-11-11,publication_date,none,,,,,,0,0,0,,,,0,False,False,balanced,calibrated_balanced,1
BOAMP:19-172484,BOAMP,NAME:spr pays de la loire,72.0,IT Services & Consulting,2020-02-10,18.0,0,58.67,58.67,,,,OUVERT,SERVICES,False,2021-08-10,attribution_award_date,none,,,,,,0,0,0,,,,0,False,False,balanced,calibrated_balanced,1
BOAMP:19-172734,BOAMP,NAME:ville du mans,37.0,Data & AI,2020-03-10,48.0,0,57.72,57.72,,,,OUVERT,FOURNITURES,False,2024-03-10,attribution_award_date,none,,,,,,0,0,0,,,,0,False,False,balanced,calibrated_balanced,1
BOAMP:19-174809,BOAMP,SIREN:227200029,72.0,IT Services & Consulting,2019-11-20,48.0,1,46.52,,46.52,BOAMP:23-139972,220000.0,PROCEDURE_ADAPTE,SERVICES,True,2023-11-20,publication_date,calibrated_rule,0.6083,0.6441,0.2,True,0.7533,0,0,0,0.6083,0.5503,0.0581,2,False,False,balanced,calibrated_balanced,0
BOAMP:19-174098,BOAMP,SIREN:234400034,72.0,IT Services & Consulting,2019-11-21,24.0,1,25.72,,25.72,BOAMP:21-116891,,OUVERT,SERVICES,False,2021-11-20,publication_date,calibrated_rule,0.5667,0.5601,0.2,True,0.7133,0,0,0,0.5667,0.5276,0.0391,3,False,False,balanced,calibrated_balanced,0
BOAMP:19-175237,BOAMP,SIREN:217200542,45.0,Unknown,2019-11-21,48.0,0,61.33,61.33,,,,PROCEDURE_ADAPTE,TRAVAUX,True,2023-11-21,publication_date,none,,,,,,0,0,0,,,,0,False,False,balanced,calibrated_balanced,1
BOAMP:19-174412,BOAMP,NAME:semitan,72.0,IT Services & Consulting,2020-06-22,24.0,1,27.43,,27.43,BOAMP:22-74356,,NEGOCIE,SERVICES,False,2022-06-22,attribution_award_date,calibrated_rule,0.5444,0.5218,0.4,True,0.4283,0,0,0,0.5444,0.5401,0.0043,2,False,False,balanced,calibrated_balanced,0
BOAMP:19-177026,BOAMP,NAME:arafer,32.0,Telecom & Networks,2019-11-27,48.0,0,61.14,61.14,,,120000.0,OUVERT,SERVICES,False,2023-11-27,publication_date,none,,,,,,0,0,0,,,,0,False,False,balanced,calibrated_balanced,1
BOAMP:19-178175,BOAMP,SIREN:214401846,48.0,Software & Applications,2020-03-12,48.0,1,47.31,,47.31,BOAMP:24-20340,,PROCEDURE_ADAPTE,FOURNITURES,False,2024-03-12,attribution_award_date,calibrated_rule,0.5376,0.5266,0.0,True,0.885,0,0,0,0.5376,,,1,True,False,balanced,calibrated_balanced,0
BOAMP:19-177220,BOAMP,NAME:shema,45.0,Unknown,2019-11-28,18.0,0,61.1,61.1,,,,OUVERT,TRAVAUX,False,2021-05-28,publication_date,none,,,,,,0,0,0,,,,0,False,False,balanced,calibrated_balanced,1
BOAMP:19-172419,BOAMP,NAME:syndicat trivalis,45.0,Unknown,2019-11-29,48.0,0,61.07,61.07,,,,PROCEDURE_ADAPTE,TRAVAUX,True,2023-11-29,publication_date,none,,,,,,0,0,0,,,,0,False,False,balanced,calibrated_balanced,1
BOAMP:19-179524,BOAMP,SIREN:200054336,32.0,Telecom & Networks,2020-03-13,48.0,1,48.29,,48.29,BOAMP:24-33909,221000.0,OUVERT,FOURNITURES,True,2024-03-13,attribution_award_date,calibrated_rule,0.6852,0.6122,0.4,True,0.9517,0,0,0,0.6852,,,1,True,False,balanced,calibrated_balanced,0
BOAMP:19-180395,BOAMP,NAME:e collectivites vendee,48.0,Software & Applications,2020-04-10,24.0,0,56.7,56.7,,,,OUVERT,SERVICES,False,2022-04-10,attribution_award_date,none,,,,,,0,0,0,,,,0,False,False,balanced,calibrated_balanced,1
BOAMP:19-181049,BOAMP,SIREN:233500016,72.0,Digital Workplace & Collaboration,2020-10-05,12.0,0,50.85,50.85,,,,NEGOCIE,SERVICES,False,2021-10-05,attribution_award_date,none,,,,,,0,0,0,,,,0,False,False,balanced,calibrated_balanced,1
BOAMP:19-181393,BOAMP,SIREN:228500013,72.0,IT Services & Consulting,2020-03-11,48.0,0,57.69,57.69,,,,OUVERT,SERVICES,True,2024-03-11,attribution_award_date,none,,,,,,0,0,0,,,,0,False,False,balanced,calibrated_balanced,1
BOAMP:19-184534,BOAMP,SIREN:214400202,79.0,Telecom & Networks,2019-12-11,12.0,1,10.38,,10.38,BOAMP:20-61130,,PROCEDURE_ADAPTE,SERVICES,False,2020-12-10,publication_date,calibrated_rule,0.5352,0.598,0.0,True,0.73,0,0,0,0.5352,,,1,True,False,balanced,calibrated_balanced,0
BOAMP:19-184300,BOAMP,NAME:cdc du pays de saint gilles cx de vie,32.0,Telecom & Networks,2019-12-12,24.0,0,60.64,60.64,,,,OUVERT,FOURNITURES,False,2021-12-11,publication_date,none,,,,,,0,0,0,,,,0,False,False,balanced,calibrated_balanced,1
BOAMP:19-184490,BOAMP,SIREN:234400034,72.0,IT Services & Consulting,2020-03-30,48.0,0,57.06,57.06,,,,OUVERT,SERVICES,False,2024-03-30,attribution_award_date,none,,,,,,0,0,0,,,,0,False,False,balanced,calibrated_balanced,1
BOAMP:19-187147,BOAMP,SIREN:214401846,48.0,Software & Applications,2020-03-26,48.0,1,46.85,,46.85,BOAMP:24-20340,500000.0,OUVERT,SERVICES,False,2024-03-26,attribution_award_date,calibrated_rule,0.5475,0.5895,0.0,True,0.8083,0,0,0,0.5475,,,1,True,False,balanced,calibrated_balanced,0
BOAMP:19-187630,BOAMP,NAME:conseil general de la vendee,32.0,Telecom & Networks,2020-04-15,48.0,0,56.54,56.54,,,,OUVERT,FOURNITURES,True,2024-04-15,attribution_award_date,none,,,,,,0,0,0,,,,0,False,False,balanced,calibrated_balanced,1
BOAMP:19-185581,BOAMP,SIREN:224900019,,Data & AI,2019-12-20,12.0,0,60.38,60.38,,,,PROCEDURE_ADAPTE,FOURNITURES,False,2020-12-19,publication_date,none,,,,,,0,0,0,,,,0,False,False,balanced,calibrated_balanced,1
BOAMP:19-190109,BOAMP,SIREN:200054302,35.0,Cybersecurity,2019-12-20,48.0,0,60.38,60.38,,,,PROCEDURE_ADAPTE,SERVICES,True,2023-12-20,publication_date,none,,,,,,0,0,0,,,,0,False,False,balanced,calibrated_balanced,1
BOAMP:19-189641,BOAMP,NAME:cnes terres de montaigu,72.0,Cybersecurity,2020-08-03,24.0,0,52.92,52.92,,,1220000.0,OUVERT,SERVICES,False,2022-08-03,attribution_award_date,none,,,,,,0,0,0,,,,0,False,False,balanced,calibrated_balanced,1
BOAMP:19-190328,BOAMP,SIREN:194909701,32.0,Telecom & Networks,2019-12-22,48.0,0,60.32,60.32,,,,OUVERT,FOURNITURES,False,2023-12-22,publication_date,none,,,,,,0,0,0,,,,0,False,False,balanced,calibrated_balanced,1
BOAMP:19-176963,BOAMP,SIREN:244900015,72.0,Digital Workplace & Collaboration,2020-01-06,48.0,1,46.45,,46.45,BOAMP:23-43939,,PROCEDURE_ADAPTE,SERVICES,False,2024-01-06,publication_date,calibrated_rule,0.684,0.5891,0.6,True,0.7417,0,0,0,0.684,,,1,True,False,balanced,calibrated_balanced,0
BOAMP:20-892,BOAMP,SIREN:218501096,,Data & AI,2020-01-07,48.0,0,59.79,59.79,,,,PROCEDURE_ADAPTE,FOURNITURES,True,2024-01-07,publication_date,none,,,,,,0,0,0,,,,0,False,False,balanced,calibrated_balanced,1
BOAMP:20-2441,BOAMP,NAME:ville du mans,32.0,Telecom & Networks,2020-06-29,48.0,0,54.07,54.07,,,,OUVERT,FOURNITURES,False,2024-06-29,attribution_award_date,none,,,,,,0,0,0,,,,0,False,False,balanced,calibrated_balanced,1
BOAMP:20-4011,BOAMP,NAME:cnieg,72.0,IT Services & Consulting,2020-05-29,24.0,0,55.09,55.09,,,1200000.0,OUVERT,SERVICES,False,2022-05-29,attribution_award_date,none,,,,,,0,0,0,,,,0,False,False,balanced,calibrated_balanced,1
BOAMP:20-6019,BOAMP,NAME:cte de communes de la blain,48.0,Software & Applications,2020-01-14,24.0,0,59.56,59.56,,,,PROCEDURE_ADAPTE,FOURNITURES,False,2022-01-13,publication_date,none,,,,,,0,0,0,,,,0,False,False,balanced,calibrated_balanced,1
BOAMP:20-5957,BOAMP,SIREN:234400034,72.0,IT Services & Consulting,2020-01-16,12.0,1,13.37,,13.37,BOAMP:20-125567,,OUVERT,SERVICES,False,2021-01-15,publication_date,calibrated_rule,0.5304,0.5651,0.0,True,0.7717,0,0,0,0.5304,,,1,True,False,balanced,calibrated_balanced,0
BOAMP:20-6008,BOAMP,NAME:ctre hosp universitaire angers,50.0,Data & AI,2020-06-09,12.0,0,54.73,54.73,,,,OUVERT,SERVICES,False,2021-06-09,attribution_award_date,none,,,,,,0,0,0,,,,0,False,False,balanced,calibrated_balanced,1
BOAMP:20-6485,BOAMP,NAME:cnieg,72.0,Cybersecurity,2020-05-25,24.0,0,55.22,55.22,,,2000000.0,OUVERT,SERVICES,False,2022-05-25,attribution_award_date,none,,,,,,0,0,0,,,,0,False,False,balanced,calibrated_balanced,1
BOAMP:20-8882,BOAMP,SIREN:532458809,,Unknown,2020-01-20,12.0,0,59.36,59.36,,,,PROCEDURE_ADAPTE,FOURNITURES,False,2021-01-19,publication_date,none,,,,,,0,0,0,,,,0,False,False,balanced,calibrated_balanced,1
BOAMP:20-9474,BOAMP,SIREN:935367433,35.0,Cybersecurity,2020-01-21,36.0,0,59.33,59.33,,,200000.0,PROCEDURE_ADAPTE,SERVICES,False,2023-01-20,publication_date,none,,,,,,0,0,0,,,,0,False,False,balanced,calibrated_balanced,1
BOAMP:20-8874,BOAMP,SIREN:110006012,72.0,IT Services & Consulting,2020-10-14,12.0,0,50.56,50.56,,,1000000.0,OUVERT,SERVICES,False,2021-10-14,attribution_award_date,none,,,,,,0,0,0,,,,0,False,False,balanced,calibrated_balanced,1
BOAMP:20-8819,BOAMP,SIREN:214401432,18.0,Unknown,2020-10-15,12.0,0,50.53,50.53,,,160000.0,OUVERT,FOURNITURES,False,2021-10-15,attribution_award_date,none,,,,,,0,0,0,,,,0,False,False,balanced,calibrated_balanced,1
BOAMP:20-10119,BOAMP,NAME:conseil general de la vendee,72.0,IT Services & Consulting,2020-09-10,48.0,0,51.68,51.68,,,,NEGOCIE,SERVICES,False,2024-09-10,attribution_award_date,none,,,,,,0,0,0,,,,0,False,False,balanced,calibrated_balanced,1
BOAMP:20-12202,BOAMP,SIREN:234400034,72.0,IT Services & Consulting,2020-06-11,12.0,1,10.94,,10.94,BOAMP:21-16505,,OUVERT,SERVICES,False,2021-06-11,attribution_award_date,calibrated_rule,0.6089,0.6106,0.2,True,0.8233,0,0,0,0.6089,0.5736,0.0353,3,False,False,balanced,calibrated_balanced,0
BOAMP:20-11443,BOAMP,SIREN:214401846,79.0,Cybersecurity,2020-05-29,12.0,0,55.09,55.09,,,,OUVERT,SERVICES,False,2021-05-29,attribution_award_date,none,,,,,,0,0,0,,,,0,False,False,balanced,calibrated_balanced,1
BOAMP:20-12070,BOAMP,NAME:nantes metropole,72.0,Cybersecurity,2020-01-26,48.0,1,44.09,,44.09,BOAMP:23-37068,,NEGOCIE,SERVICES,False,2024-01-26,publication_date,calibrated_rule,0.5222,0.5064,0.4,True,0.3483,0,0,0,0.5222,0.5123,0.0099,2,False,False,balanced,calibrated_balanced,0
BOAMP:20-13447,BOAMP,NAME:inra angers nantes,72.0,IT Services & Consulting,2020-10-20,48.0,0,50.36,50.36,,,,PROCEDURE_ADAPTE,SERVICES,True,2024-10-20,attribution_award_date,none,,,,,,0,0,0,,,,0,False,False,balanced,calibrated_balanced,1
BOAMP:20-15000,BOAMP,NAME:cci nantes saint nazaire,72.0,Digital Workplace & Collaboration,2020-02-01,48.0,0,58.97,58.97,,,,OUVERT,SERVICES,False,2024-02-01,publication_date,none,,,,,,0,0,0,,,,0,False,False,balanced,calibrated_balanced,1
BOAMP:20-16573,BOAMP,SIREN:247200132,45.0,Unknown,2020-02-03,48.0,0,58.9,58.9,,,,PROCEDURE_ADAPTE,TRAVAUX,True,2024-02-03,publication_date,none,,,,,,0,0,0,,,,0,False,False,balanced,calibrated_balanced,1
BOAMP:20-17362,BOAMP,NAME:vendee habitat oph de vendee,72.0,Cybersecurity,2020-02-04,48.0,0,58.87,58.87,,,,PROCEDURE_ADAPTE,SERVICES,True,2024-02-04,publication_date,none,,,,,,0,0,0,,,,0,False,False,balanced,calibrated_balanced,1
BOAMP:20-16671,BOAMP,SIREN:391722881,72.0,IT Maintenance & Support,2021-01-18,24.0,1,22.5,,22.5,BOAMP:22-159813,,NEGOCIE,SERVICES,False,2023-01-18,attribution_award_date,calibrated_rule,0.6348,0.5869,0.4,True,0.75,0,0,0,0.6348,0.5575,0.0772,2,False,False,balanced,calibrated_balanced,0
BOAMP:20-17802,BOAMP,NAME:conseil general de la vendee,72.0,IT Services & Consulting,2020-10-29,48.0,0,50.07,50.07,,,,NEGOCIE,SERVICES,False,2024-10-29,attribution_award_date,none,,,,,,0,0,0,,,,0,False,False,balanced,calibrated_balanced,1
BOAMP:20-19986,BOAMP,SIREN:264400136,32.0,Telecom & Networks,2020-02-09,48.0,1,48.62,,48.62,BOAMP:24-24049,,OUVERT,FOURNITURES,False,2024-02-09,publication_date,calibrated_rule,0.8969,0.794,1.0,True,0.8967,0,0,0,0.8969,,,1,True,False,balanced,calibrated_balanced,0
BOAMP:20-20633,BOAMP,NAME:semitan,35.0,Cybersecurity,2020-02-10,12.0,0,58.67,58.67,,,,PROCEDURE_ADAPTE,FOURNITURES,False,2021-02-09,publication_date,none,,,,,,0,0,0,,,,0,False,False,balanced,calibrated_balanced,1
BOAMP:20-20672,BOAMP,NAME:conseil general de la vendee,72.0,IT Services & Consulting,2020-10-28,48.0,0,50.1,50.1,,,,NEGOCIE,SERVICES,False,2024-10-28,attribution_award_date,none,,,,,,0,0,0,,,,0,False,False,balanced,calibrated_balanced,1
BOAMP:20-23104,BOAMP,SIREN:180043010,72.0,IT Services & Consulting,2020-02-15,12.0,0,58.51,58.51,,,,OUVERT,SERVICES,False,2021-02-14,publication_date,none,,,,,,0,0,0,,,,0,False,False,balanced,calibrated_balanced,1
BOAMP:20-23300,BOAMP,SIREN:200048551,45.0,Unknown,2020-02-16,36.0,0,58.48,58.48,,,3000000.0,OUVERT,TRAVAUX,False,2023-02-15,publication_date,none,,,,,,0,0,0,,,,0,False,False,balanced,calibrated_balanced,1
BOAMP:20-23864,BOAMP,SIREN:247200132,42.0,Telecom & Networks,2020-02-16,48.0,0,58.48,58.48,,,,OUVERT,FOURNITURES,False,2024-02-16,publication_date,none,,,,,,0,0,0,,,,0,False,False,balanced,calibrated_balanced,1
BOAMP:20-26328,BOAMP,NAME:nantes metropole,72.0,IT Services & Consulting,2020-02-21,48.0,0,58.31,58.31,,,,OUVERT,SERVICES,True,2024-02-21,publication_date,none,,,,,,0,0,0,,,,0,False,False,balanced,calibrated_balanced,1
BOAMP:20-26585,BOAMP,NAME:nantes metropole,72.0,Cybersecurity,2020-02-23,48.0,1,52.53,,52.53,BOAMP:24-80432,,NEGOCIE,SERVICES,False,2024-02-23,publication_date,calibrated_rule,0.5432,0.6104,0.4,True,0.245,0,0,0,0.5432,0.5178,0.0254,2,False,False,balanced,calibrated_balanced,0
BOAMP:20-27109,BOAMP,SIREN:214400202,32.0,Telecom & Networks,2020-02-23,12.0,1,7.95,,7.95,BOAMP:20-61130,,OUVERT,FOURNITURES,False,2021-02-22,publication_date,calibrated_rule,0.865,1.0,1.0,True,0.325,0,0,0,0.865,,,1,True,False,balanced,calibrated_balanced,0
BOAMP:20-27358,BOAMP,SIREN:391722881,72.0,IT Services & Consulting,2020-02-23,48.0,1,48.42,,48.42,BOAMP:24-27614,,NEGOCIE,SERVICES,True,2024-02-23,publication_date,calibrated_rule,0.986,1.0,1.0,True,0.93,0,0,0,0.986,0.5912,0.3948,2,False,True,balanced,calibrated_balanced,0
BOAMP:20-28158,BOAMP,NAME:sgami ouest,35.0,Cybersecurity,2020-02-26,48.0,0,58.15,58.15,,,,OUVERT,FOURNITURES,False,2024-02-26,publication_date,none,,,,,,0,0,0,,,,0,False,False,balanced,calibrated_balanced,1
BOAMP:20-29244,BOAMP,SIREN:214401093,35.0,Cybersecurity,2020-02-27,48.0,1,50.59,,50.59,BOAMP:24-56228,,OUVERT,FOURNITURES,False,2024-02-27,publication_date,calibrated_rule,0.5581,0.6111,0.2,True,0.5683,0,0,0,0.5581,,,1,True,False,balanced,calibrated_balanced,0
BOAMP:20-29934,BOAMP,SIREN:214401093,35.0,Cybersecurity,2020-02-28,48.0,1,50.56,,50.56,BOAMP:24-56228,,OUVERT,FOURNITURES,False,2024-02-28,publication_date,calibrated_rule,0.8997,0.9625,1.0,True,0.5733,0,0,0,0.8997,,,1,True,False,balanced,calibrated_balanced,0
BOAMP:20-31844,BOAMP,SIREN:130029747,72.0,IT Services & Consulting,2020-03-04,48.0,1,47.37,,47.37,BOAMP:24-17454,,OUVERT,SERVICES,True,2024-03-04,publication_date,calibrated_rule,0.8491,0.6752,1.0,True,0.895,0,0,0,0.8491,,,1,True,False,balanced,calibrated_balanced,0
BOAMP:20-32737,BOAMP,SIREN:234400034,72.0,Digital Workplace & Collaboration,2020-03-05,12.0,0,57.88,57.88,,,,OUVERT,SERVICES,False,2021-03-05,publication_date,none,,,,,,0,0,0,,,,0,False,False,balanced,calibrated_balanced,1
BOAMP:20-32203,BOAMP,NAME:nantes metropole,72.0,IT Services & Consulting,2020-03-06,48.0,0,57.85,57.85,,,,PROCEDURE_ADAPTE,SERVICES,False,2024-03-06,publication_date,none,,,,,,0,0,0,,,,0,False,False,balanced,calibrated_balanced,1
BOAMP:20-34709,BOAMP,SIREN:546650169,79.0,IT Hardware & Equipment,2020-03-08,6.0,0,57.79,57.79,,,,OUVERT,SERVICES,False,2020-09-06,publication_date,none,,,,,,0,0,0,,,,0,False,False,balanced,calibrated_balanced,1
BOAMP:20-36082,BOAMP,SIREN:214400491,,Unknown,2020-03-10,1.0,0,57.72,57.72,,,,PROCEDURE_ADAPTE,TRAVAUX,False,2020-04-09,publication_date,none,,,,,,0,0,0,,,,0,False,False,balanced,calibrated_balanced,1
BOAMP:20-35774,BOAMP,SIREN:935367433,72.0,IT Services & Consulting,2020-10-26,12.0,1,7.46,,7.46,BOAMP:21-77546,,NEGOCIE,SERVICES,False,2021-10-26,attribution_award_date,calibrated_rule,0.6352,0.8413,0.4,True,0.2433,0,0,0,0.6352,,,1,True,False,balanced,calibrated_balanced,0
BOAMP:20-28749,BOAMP,SIREN:214401093,32.0,Telecom & Networks,2020-03-11,48.0,1,50.16,,50.16,BOAMP:24-56228,,PROCEDURE_ADAPTE,FOURNITURES,False,2024-03-11,publication_date,calibrated_rule,0.5342,0.6404,0.0,True,0.64,0,0,0,0.5342,,,1,True,False,balanced,calibrated_balanced,0
BOAMP:20-35511,BOAMP,NAME:cci de reg ctre val de loire,30.0,IT Hardware & Equipment,2020-06-10,48.0,0,54.7,54.7,,,,OUVERT,FOURNITURES,False,2024-06-10,attribution_award_date,none,,,,,,0,0,0,,,,0,False,False,balanced,calibrated_balanced,1
BOAMP:20-34392,BOAMP,NAME:nantes metropole,72.0,Cybersecurity,2020-03-11,48.0,0,57.69,57.69,,,,NEGOCIE,SERVICES,False,2024-03-11,publication_date,none,,,,,,0,0,0,,,,0,False,False,balanced,calibrated_balanced,1
BOAMP:20-37796,BOAMP,NAME:communaute d agglomeration du niortais,72.0,IT Services & Consulting,2020-03-12,48.0,0,57.65,57.65,,,154000.0,PROCEDURE_ADAPTE,SERVICES,False,2024-03-12,publication_date,none,,,,,,0,0,0,,,,0,False,False,balanced,calibrated_balanced,1
BOAMP:20-45001,BOAMP,SIREN:451518641,32.0,Telecom & Networks,2020-03-27,48.0,0,57.16,57.16,,,,OUVERT,FOURNITURES,True,2024-03-27,publication_date,none,,,,,,0,0,0,,,,0,False,False,balanced,calibrated_balanced,1
BOAMP:20-47300,BOAMP,SIREN:194909701,48.0,Software & Applications,2020-09-03,48.0,0,51.91,51.91,,,,OUVERT,FOURNITURES,False,2024-09-03,attribution_award_date,none,,,,,,0,0,0,,,,0,False,False,balanced,calibrated_balanced,1
BOAMP:20-47343,BOAMP,NAME:cci metropolitaine bretagne ouest,48.0,Software & Applications,2020-04-02,48.0,0,56.96,56.96,,,,NEGOCIE,FOURNITURES,False,2024-04-02,publication_date,none,,,,,,0,0,0,,,,0,False,False,balanced,calibrated_balanced,1
BOAMP:20-48669,BOAMP,NAME:ville d orvault,72.0,Data & AI,2020-04-03,48.0,0,56.93,56.93,,,,PROCEDURE_ADAPTE,,True,2024-04-03,publication_date,none,,,,,,0,0,0,,,,0,False,False,balanced,calibrated_balanced,1
BOAMP:20-50348,BOAMP,NAME:cte de communes de la blain,72.0,IT Services & Consulting,2020-04-08,48.0,0,56.77,56.77,,,,PROCEDURE_ADAPTE,SERVICES,False,2024-04-08,publication_date,none,,,,,,0,0,0,,,,0,False,False,balanced,calibrated_balanced,1
BOAMP:20-49128,BOAMP,NAME:epf de la vendee,79.0,Unknown,2020-07-07,6.0,0,53.81,53.81,,,,OUVERT,SERVICES,False,2021-01-05,attribution_award_date,none,,,,,,0,0,0,,,,0,False,False,balanced,calibrated_balanced,1
BOAMP:20-49221,BOAMP,NAME:conseil general de la vendee,72.0,IT Services & Consulting,2020-09-23,48.0,0,51.25,51.25,,,,OUVERT,SERVICES,False,2024-09-23,attribution_award_date,none,,,,,,0,0,0,,,,0,False,False,balanced,calibrated_balanced,1
BOAMP:20-50446,BOAMP,SIREN:264400136,72.0,IT Services & Consulting,2020-11-04,48.0,0,49.87,49.87,,,,NEGOCIE,SERVICES,True,2024-11-04,attribution_award_date,none,,,,,,0,0,0,,,,0,False,False,balanced,calibrated_balanced,1
BOAMP:20-50911,BOAMP,SIREN:284400017,48.0,Software & Applications,2020-07-24,48.0,0,53.25,53.25,,,,OUVERT,FOURNITURES,False,2024-07-24,attribution_award_date,none,,,,,,0,0,0,,,,0,False,False,balanced,calibrated_balanced,1
BOAMP:20-52846,BOAMP,SIREN:285300018,35.0,Cybersecurity,2020-11-12,12.0,0,49.61,49.61,,,40000.0,OUVERT,FOURNITURES,False,2021-11-12,attribution_award_date,none,,,,,,0,0,0,,,,0,False,False,balanced,calibrated_balanced,1
BOAMP:20-51762,BOAMP,SIREN:502035785,72.0,IT Services & Consulting,2020-07-16,12.0,0,53.52,53.52,,,,OUVERT,SERVICES,False,2021-07-16,attribution_award_date,none,,,,,,0,0,0,,,,0,False,False,balanced,calibrated_balanced,1
BOAMP:20-54010,BOAMP,SIREN:788058030,32.0,Telecom & Networks,2020-04-19,24.0,0,56.41,56.41,,,,OUVERT,FOURNITURES,False,2022-04-19,publication_date,none,,,,,,0,0,0,,,,0,False,False,balanced,calibrated_balanced,1
BOAMP:20-54626,BOAMP,SIREN:180043010,48.0,Software & Applications,2020-04-22,12.0,0,56.31,56.31,,,195000.0,NEGOCIE,FOURNITURES,False,2021-04-22,publication_date,none,,,,,,0,0,0,,,,0,False,False,balanced,calibrated_balanced,1
BOAMP:20-54283,BOAMP,NAME:nantes metropole,72.0,Cybersecurity,2020-04-23,48.0,0,56.27,56.27,,,,NEGOCIE,SERVICES,False,2024-04-23,publication_date,none,,,,,,0,0,0,,,,0,False,False,balanced,calibrated_balanced,1
BOAMP:20-56147,BOAMP,SIREN:200069474,32.0,Telecom & Networks,2020-04-23,12.0,0,56.27,56.27,,,,PROCEDURE_ADAPTE,TRAVAUX,False,2021-04-23,publication_date,none,,,,,,0,0,0,,,,0,False,False,balanced,calibrated_balanced,1
BOAMP:20-56877,BOAMP,NAME:ville d ecouflant,32.0,Telecom & Networks,2020-04-24,4.0,0,56.24,56.24,,,,PROCEDURE_ADAPTE,FOURNITURES,False,2020-08-23,publication_date,none,,,,,,0,0,0,,,,0,False,False,balanced,calibrated_balanced,1
BOAMP:20-58079,BOAMP,SIREN:228500013,79.0,IT Maintenance & Support,2020-08-20,36.0,1,34.72,,34.72,BOAMP:23-43183,,OUVERT,SERVICES,False,2023-08-20,attribution_award_date,calibrated_rule,0.9123,0.8874,1.0,True,0.7867,0,0,0,0.9123,,,1,True,False,balanced,calibrated_balanced,0
BOAMP:20-49949,BOAMP,NAME:nantes metropole,48.0,Software & Applications,2020-10-08,48.0,1,50.23,,50.23,BOAMP:24-140255,,OUVERT,FOURNITURES,False,2024-10-08,attribution_award_date,calibrated_rule,0.8249,0.748,1.0,True,0.6283,0,0,0,0.8249,,,1,True,False,balanced,calibrated_balanced,0
BOAMP:20-59734,BOAMP,NAME:gpm de nantes st nazaire,30.0,IT Hardware & Equipment,2020-05-06,48.0,0,55.85,55.85,,,200000.0,OUVERT,FOURNITURES,True,2024-05-06,publication_date,none,,,,,,0,0,0,,,,0,False,False,balanced,calibrated_balanced,1
BOAMP:20-57925,BOAMP,SIREN:248500589,32.0,Telecom & Networks,2020-09-24,24.0,0,51.22,51.22,,,370000.0,OUVERT,FOURNITURES,False,2022-09-24,attribution_award_date,none,,,,,,0,0,0,,,,0,False,False,balanced,calibrated_balanced,1
BOAMP:20-60923,BOAMP,SIREN:451518641,32.0,Telecom & Networks,2020-08-10,48.0,0,52.69,52.69,,,,OUVERT,FOURNITURES,True,2024-08-10,attribution_award_date,none,,,,,,0,0,0,,,,0,False,False,balanced,calibrated_balanced,1
BOAMP:20-61130,BOAMP,SIREN:214400202,32.0,Telecom & Networks,2020-10-22,12.0,0,50.3,50.3,,,,OUVERT,FOURNITURES,False,2021-10-22,attribution_award_date,none,,,,,,0,0,0,,,,0,False,False,balanced,calibrated_balanced,1
BOAMP:20-61728,BOAMP,NAME:conseil general de la vendee,72.0,Digital Workplace & Collaboration,2020-10-28,48.0,0,50.1,50.1,,,,OUVERT,SERVICES,False,2024-10-28,attribution_award_date,none,,,,,,0,0,0,,,,0,False,False,balanced,calibrated_balanced,1
BOAMP:20-62727,BOAMP,SIREN:264400136,72.0,IT Services & Consulting,2020-08-05,12.0,0,52.86,52.86,,,,OUVERT,SERVICES,False,2021-08-05,attribution_award_date,none,,,,,,0,0,0,,,,0,False,False,balanced,calibrated_balanced,1
BOAMP:20-64610,BOAMP,NAME:cnieg,72.0,IT Services & Consulting,2020-09-21,48.0,0,51.31,51.31,,,,OUVERT,SERVICES,False,2024-09-21,attribution_award_date,none,,,,,,0,0,1,,,,0,False,False,balanced,calibrated_balanced,1
BOAMP:20-60975,BOAMP,SIREN:254902505,48.0,Software & Applications,2020-05-19,48.0,0,55.42,55.42,,,,PROCEDURE_ADAPTE,FOURNITURES,True,2024-05-19,publication_date,none,,,,,,0,0,0,,,,0,False,False,balanced,calibrated_balanced,1
BOAMP:20-65753,BOAMP,SIREN:234400034,48.0,Software & Applications,2020-07-22,12.0,1,14.55,,14.55,BOAMP:21-67771,,OUVERT,FOURNITURES,False,2021-07-22,attribution_award_date,calibrated_rule,0.6478,0.7071,0.4,True,0.575,0,0,0,0.6478,0.552,0.0958,2,False,False,balanced,calibrated_balanced,0
BOAMP:20-65717,BOAMP,SIREN:445400104,72.0,IT Services & Consulting,2020-05-20,48.0,0,55.39,55.39,,,,OUVERT,SERVICES,False,2024-05-20,publication_date,none,,,,,,0,0,0,,,,0,False,False,balanced,calibrated_balanced,1
BOAMP:20-66643,BOAMP,NAME:nantes metropole,72.0,Cybersecurity,2020-05-22,48.0,1,52.86,,52.86,BOAMP:24-117855,,OUVERT,SERVICES,False,2024-05-22,publication_date,calibrated_rule,0.6822,0.6105,1.0,True,0.19,0,0,0,0.6822,0.6393,0.0429,2,False,False,balanced,calibrated_balanced,0
BOAMP:20-67250,BOAMP,SIREN:174404301,32.0,Telecom & Networks,2020-05-22,48.0,0,55.32,55.32,,,,PROCEDURE_ADAPTE,FOURNITURES,True,2024-05-22,publication_date,none,,,,,,0,0,0,,,,0,False,False,balanced,calibrated_balanced,1
BOAMP:20-67439,BOAMP,SIREN:284400017,35.0,Cybersecurity,2020-05-25,48.0,1,42.58,,42.58,BOAMP:23-117688,,PROCEDURE_ADAPTE,FOURNITURES,True,2024-05-25,publication_date,calibrated_rule,0.5684,0.6227,0.6,True,0.0967,0,0,0,0.5684,,,1,True,False,balanced,calibrated_balanced,0
BOAMP:20-68370,BOAMP,NAME:synd dep d energie et d eqpt de vendee,72.0,Data & AI,2020-05-26,48.0,0,55.19,55.19,,,,PROCEDURE_ADAPTE,SERVICES,True,2024-05-26,publication_date,none,,,,,,0,0,0,,,,0,False,False,balanced,calibrated_balanced,1
BOAMP:20-68352,BOAMP,SIREN:935367433,72.0,IT Maintenance & Support,2020-05-28,12.0,1,12.42,,12.42,BOAMP:21-77546,,OUVERT,SERVICES,False,2021-05-28,publication_date,calibrated_rule,0.8396,0.634,1.0,True,0.93,0,0,0,0.8396,0.7299,0.1097,5,False,True,balanced,calibrated_balanced,0
BOAMP:20-68923,BOAMP,SIREN:264400136,72.0,IT Services & Consulting,2020-05-29,12.0,1,12.35,,12.35,BOAMP:21-78563,,OUVERT,SERVICES,False,2021-05-29,publication_date,calibrated_rule,0.6321,0.6094,0.2,True,0.9417,0,0,0,0.6321,,,1,True,False,balanced,calibrated_balanced,0
BOAMP:20-70268,BOAMP,SIREN:214401846,72.0,IT Services & Consulting,2020-09-28,25.0,0,51.08,51.08,,,208000.0,PROCEDURE_ADAPTE,SERVICES,False,2022-10-29,attribution_award_date,none,,,,,,0,0,0,,,,0,False,False,balanced,calibrated_balanced,1
BOAMP:20-70265,BOAMP,SIREN:228500013,35.0,Cybersecurity,2020-09-19,12.0,0,51.38,51.38,,,,OUVERT,FOURNITURES,False,2021-09-19,attribution_award_date,none,,,,,,0,0,0,,,,0,False,False,balanced,calibrated_balanced,1
BOAMP:20-70855,BOAMP,SIREN:234400034,32.0,Telecom & Networks,2020-06-02,12.0,0,54.96,54.96,,,,PROCEDURE_ADAPTE,SERVICES,False,2021-06-02,publication_date,none,,,,,,0,0,0,,,,0,False,False,balanced,calibrated_balanced,1
BOAMP:20-71814,BOAMP,SIREN:828620831,,GIS & Mapping,2020-06-04,48.0,0,54.89,54.89,,,,PROCEDURE_ADAPTE,SERVICES,True,2024-06-04,publication_date,none,,,,,,0,0,0,,,,0,False,False,balanced,calibrated_balanced,1
BOAMP:20-70746,BOAMP,NAME:le mans,45.0,Unknown,2020-10-15,36.0,0,50.53,50.53,,,,OUVERT,TRAVAUX,False,2023-10-15,attribution_award_date,none,,,,,,0,0,0,,,,0,False,False,balanced,calibrated_balanced,1
BOAMP:20-71239,BOAMP,NAME:shema,45.0,Telecom & Networks,2020-06-05,18.0,0,54.86,54.86,,,,OUVERT,TRAVAUX,False,2021-12-04,publication_date,none,,,,,,0,0,0,,,,0,False,False,balanced,calibrated_balanced,1
BOAMP:20-72064,BOAMP,NAME:dir ouest,32.0,Telecom & Networks,2020-06-06,8.0,0,54.83,54.83,,,,OUVERT,FOURNITURES,False,2021-02-04,publication_date,none,,,,,,0,0,0,,,,0,False,False,balanced,calibrated_balanced,1
BOAMP:20-72791,BOAMP,SIREN:983291931,72.0,IT Services & Consulting,2020-09-21,16.0,1,13.21,,13.21,BOAMP:21-126360,1600000.0,OUVERT,SERVICES,False,2022-01-21,attribution_award_date,calibrated_rule,0.907,1.0,1.0,True,0.535,0,0,0,0.907,0.9007,0.0063,2,False,False,balanced,calibrated_balanced,0
BOAMP:20-74988,BOAMP,SIREN:214401119,,Data & AI,2020-06-11,48.0,0,54.66,54.66,,,,PROCEDURE_ADAPTE,TRAVAUX,True,2024-06-11,publication_date,none,,,,,,0,0,0,,,,0,False,False,balanced,calibrated_balanced,1
BOAMP:20-75569,BOAMP,NAME:crous de nantes,72.0,IT Services & Consulting,2020-10-27,12.0,0,50.13,50.13,,,,OUVERT,SERVICES,False,2021-10-27,attribution_award_date,none,,,,,,0,0,0,,,,0,False,False,balanced,calibrated_balanced,1
BOAMP:20-76288,BOAMP,SIREN:200083392,35.0,Cybersecurity,2020-06-17,48.0,0,54.47,54.47,,,,NEGOCIE,FOURNITURES,False,2024-06-17,publication_date,none,,,,,,0,0,0,,,,0,False,False,balanced,calibrated_balanced,1
BOAMP:20-78012,BOAMP,NAME:nantes metropole,48.0,Software & Applications,2020-06-18,48.0,1,49.44,,49.44,BOAMP:24-90280,,PROCEDURE_ADAPTE,SERVICES,False,2024-06-18,publication_date,calibrated_rule,0.513,0.5274,0.0,True,0.76,0,0,0,0.513,0.5112,0.0017,2,False,False,balanced,calibrated_balanced,0
BOAMP:20-77757,BOAMP,SIREN:213502883,50.0,Unknown,2020-06-19,12.0,0,54.4,54.4,,,,OUVERT,SERVICES,False,2021-06-19,publication_date,none,,,,,,0,0,0,,,,0,False,False,balanced,calibrated_balanced,1
BOAMP:20-79138,BOAMP,NAME:agce pour l enst fr a l etranger,,Software & Applications,2020-06-19,48.0,0,54.4,54.4,,,120000.0,PROCEDURE_ADAPTE,SERVICES,False,2024-06-19,publication_date,none,,,,,,0,0,0,,,,0,False,False,balanced,calibrated_balanced,1
BOAMP:20-78639,BOAMP,SIREN:200052702,39.0,Unknown,2020-09-21,6.0,0,51.31,51.31,,,,OUVERT,FOURNITURES,False,2021-03-22,attribution_award_date,none,,,,,,0,0,0,,,,0,False,False,balanced,calibrated_balanced,1
BOAMP:20-81059,BOAMP,SIREN:200060010,48.0,Software & Applications,2020-06-24,48.0,0,54.24,54.24,,,,PROCEDURE_ADAPTE,FOURNITURES,True,2024-06-24,publication_date,none,,,,,,0,0,0,,,,0,False,False,balanced,calibrated_balanced,1
BOAMP:20-84141,BOAMP,SIREN:246100663,72.0,IT Services & Consulting,2020-10-30,12.0,0,50.03,50.03,,,300000.0,OUVERT,SERVICES,False,2021-10-30,attribution_award_date,none,,,,,,0,0,0,,,,0,False,False,balanced,calibrated_balanced,1
BOAMP:20-85580,BOAMP,NAME:communes vie et boulogne,72.0,IT Services & Consulting,2020-07-05,24.0,0,53.88,53.88,,,,OUVERT,SERVICES,False,2022-07-05,publication_date,none,,,,,,0,0,0,,,,0,False,False,balanced,calibrated_balanced,1
BOAMP:20-91479,BOAMP,SIREN:258500222,72.0,IT Services & Consulting,2021-01-07,24.0,1,24.61,,24.61,BOAMP:23-12403,,NEGOCIE,SERVICES,False,2023-01-07,attribution_award_date,calibrated_rule,0.6559,0.8156,0.0,True,0.8983,0,0,0,0.6559,0.653,0.0029,2,False,False,balanced,calibrated_balanced,0
BOAMP:20-85492,BOAMP,SIREN:244900015,32.0,Telecom & Networks,2020-12-03,24.0,0,48.92,48.92,,,1000000.0,OUVERT,FOURNITURES,False,2022-12-03,attribution_award_date,none,,,,,,0,0,0,,,,0,False,False,balanced,calibrated_balanced,1
BOAMP:20-94462,BOAMP,NAME:le mans,48.0,Software & Applications,2020-10-06,12.0,0,50.82,50.82,,,,OUVERT,FOURNITURES,False,2021-10-06,attribution_award_date,none,,,,,,0,0,0,,,,0,False,False,balanced,calibrated_balanced,1
BOAMP:20-96647,BOAMP,SIREN:214401432,48.0,Software & Applications,2020-11-02,12.0,0,49.93,49.93,,,,OUVERT,FOURNITURES,False,2021-11-02,attribution_award_date,none,,,,,,0,0,0,,,,0,False,False,balanced,calibrated_balanced,1
BOAMP:20-97584,BOAMP,SIREN:391722881,72.0,IT Services & Consulting,2020-07-31,36.0,0,53.02,53.02,,,,PROCEDURE_ADAPTE,FOURNITURES,False,2023-07-31,publication_date,none,,,,,,0,0,0,,,,0,False,False,balanced,calibrated_balanced,1
BOAMP:20-98331,BOAMP,SIREN:214401846,79.0,Unknown,2020-08-03,36.0,1,35.94,,35.94,BOAMP:23-110154,210000.0,PROCEDURE_ADAPTE,SERVICES,False,2023-08-03,publication_date,calibrated_rule,0.6552,0.7679,0.0,True,0.99,0,0,0,0.6552,0.5207,0.1344,2,False,False,balanced,calibrated_balanced,0
BOAMP:20-98264,BOAMP,NAME:nantes metropole,72.0,IT Services & Consulting,2020-08-05,18.0,1,18.66,,18.66,BOAMP:22-26998,,OUVERT,SERVICES,False,2022-02-03,publication_date,calibrated_rule,0.6301,0.5053,0.4,True,0.89,0,0,0,0.6301,0.5825,0.0476,2,False,False,balanced,calibrated_balanced,0
BOAMP:20-98214,BOAMP,NAME:nantes metropole,72.0,IT Services & Consulting,2020-08-05,18.0,1,18.66,,18.66,BOAMP:22-26998,,OUVERT,SERVICES,False,2022-02-03,publication_date,calibrated_rule,0.6301,0.5053,0.4,True,0.89,0,0,0,0.6301,0.5825,0.0476,2,False,False,balanced,calibrated_balanced,0
BOAMP:20-98937,BOAMP,NAME:cap atlantique,35.0,Cybersecurity,2020-12-30,12.0,0,48.03,48.03,,,200000.0,OUVERT,FOURNITURES,False,2021-12-30,attribution_award_date,none,,,,,,0,0,0,,,,0,False,False,balanced,calibrated_balanced,1
BOAMP:20-100172,BOAMP,SIREN:246100663,72.0,IT Services & Consulting,2020-08-07,1.0,0,52.79,52.79,,,200000.0,PROCEDURE_ADAPTE,SERVICES,False,2020-09-06,publication_date,none,,,,,,0,0,0,,,,0,False,False,balanced,calibrated_balanced,1
BOAMP:20-106379,BOAMP,SIREN:194909701,48.0,Software & Applications,2020-08-29,36.0,0,52.07,52.07,,,,OUVERT,FOURNITURES,False,2023-08-29,publication_date,none,,,,,,0,0,0,,,,0,False,False,balanced,calibrated_balanced,1
BOAMP:20-107792,BOAMP,NAME:com d agglo reg nazairienne estuaire,72.0,IT Services & Consulting,2021-01-07,12.0,0,47.77,47.77,,,,PROCEDURE_ADAPTE,SERVICES,False,2022-01-07,attribution_award_date,none,,,,,,0,0,0,,,,0,False,False,balanced,calibrated_balanced,1
BOAMP:20-109382,BOAMP,SIREN:214401846,30.0,IT Hardware & Equipment,2020-12-03,12.0,0,48.92,48.92,,,,OUVERT,FOURNITURES,False,2021-12-03,attribution_award_date,none,,,,,,0,0,0,,,,0,False,False,balanced,calibrated_balanced,1
BOAMP:20-110872,BOAMP,NAME:cte de cnes du pays d ancenis,50.0,Telecom & Networks,2020-09-09,36.0,0,51.71,51.71,,,,PROCEDURE_ADAPTE,SERVICES,False,2023-09-09,publication_date,none,,,,,,0,0,0,,,,0,False,False,balanced,calibrated_balanced,1
BOAMP:20-110309,BOAMP,SIREN:234400034,72.0,IT Services & Consulting,2021-01-11,6.0,0,47.63,47.63,,,,OUVERT,SERVICES,False,2021-07-12,attribution_award_date,none,,,,,,0,0,0,,,,0,False,False,balanced,calibrated_balanced,1
BOAMP:20-111698,BOAMP,SIREN:234400034,32.0,Telecom & Networks,2020-12-04,12.0,1,10.12,,10.12,BOAMP:21-67771,,OUVERT,FOURNITURES,False,2021-12-04,attribution_award_date,calibrated_rule,0.5619,0.6863,0.0,True,0.6867,0,0,0,0.5619,0.5528,0.009,3,False,False,balanced,calibrated_balanced,0
BOAMP:20-114032,BOAMP,SIREN:214400269,35.0,Cybersecurity,2020-09-17,12.0,0,51.45,51.45,,,,PROCEDURE_ADAPTE,FOURNITURES,False,2021-09-17,publication_date,none,,,,,,0,0,0,,,,0,False,False,balanced,calibrated_balanced,1
BOAMP:20-114106,BOAMP,SIREN:194909701,72.0,IT Services & Consulting,2020-09-19,36.0,0,51.38,51.38,,,,OUVERT,SERVICES,False,2023-09-19,publication_date,none,,,,,,0,0,0,,,,0,False,False,balanced,calibrated_balanced,1
BOAMP:20-114714,BOAMP,SIREN:935367433,72.0,IT Maintenance & Support,2021-02-01,12.0,0,46.94,46.94,,,,OUVERT,SERVICES,False,2022-02-01,attribution_award_date,none,,,,,,0,0,0,,,,0,False,False,balanced,calibrated_balanced,1
BOAMP:20-115241,BOAMP,NAME:le mans,48.0,Software & Applications,2021-02-08,12.0,0,46.71,46.71,,,,OUVERT,FOURNITURES,False,2022-02-08,attribution_award_date,none,,,,,,0,0,0,,,,0,False,False,balanced,calibrated_balanced,1
BOAMP:20-117677,BOAMP,SIREN:935367433,30.0,IT Hardware & Equipment,2021-01-19,12.0,0,47.37,47.37,,,,OUVERT,FOURNITURES,False,2022-01-19,attribution_award_date,none,,,,,,0,0,0,,,,0,False,False,balanced,calibrated_balanced,1
BOAMP:20-118247,BOAMP,SIREN:214401622,72.0,Cybersecurity,2020-12-16,24.0,0,48.49,48.49,,,,OUVERT,SERVICES,False,2022-12-16,attribution_award_date,none,,,,,,0,0,0,,,,0,False,False,balanced,calibrated_balanced,1
BOAMP:20-119807,BOAMP,SIREN:200071876,,IT Maintenance & Support,2020-10-01,36.0,0,50.99,50.99,,,,PROCEDURE_ADAPTE,FOURNITURES,False,2023-10-01,publication_date,none,,,,,,0,0,0,,,,0,False,False,balanced,calibrated_balanced,1
BOAMP:20-120399,BOAMP,SIREN:194909701,90.0,Unknown,2021-02-02,36.0,0,46.91,46.91,,,,OUVERT,SERVICES,False,2024-02-02,attribution_award_date,none,,,,,,0,0,0,,,,0,False,False,balanced,calibrated_balanced,1
BOAMP:20-120545,BOAMP,SIREN:130001704,32.0,Telecom & Networks,2020-12-03,12.0,0,48.92,48.92,,,300000.0,OUVERT,FOURNITURES,False,2021-12-03,attribution_award_date,none,,,,,,0,0,0,,,,0,False,False,balanced,calibrated_balanced,1
BOAMP:20-124045,BOAMP,SIREN:234400034,72.0,Cybersecurity,2021-02-02,24.0,0,46.91,46.91,,,,OUVERT,SERVICES,False,2023-02-02,attribution_award_date,none,,,,,,0,0,0,,,,0,False,False,balanced,calibrated_balanced,1
BOAMP:20-125567,BOAMP,SIREN:234400034,48.0,Cloud & Infrastructure,2021-02-26,12.0,1,7.36,,7.36,BOAMP:21-67771,,OUVERT,FOURNITURES,False,2022-02-26,attribution_award_date,calibrated_rule,0.692,0.6166,1.0,True,0.2267,0,0,0,0.692,0.5917,0.1003,7,False,False,balanced,calibrated_balanced,0
BOAMP:20-133527,BOAMP,SIREN:228500013,72.0,IT Services & Consulting,2021-03-01,24.0,1,21.58,,21.58,BOAMP:22-166698,,OUVERT,SERVICES,False,2023-03-01,attribution_award_date,calibrated_rule,0.7548,0.7137,0.8,True,0.5967,0,0,0,0.7548,,,1,True,False,balanced,calibrated_balanced,0
BOAMP:20-137453,BOAMP,SIREN:200069474,,Data & AI,2020-11-09,4.0,0,49.7,49.7,,,,PROCEDURE_ADAPTE,FOURNITURES,False,2021-03-10,publication_date,none,,,,,,0,0,0,,,,0,False,False,balanced,calibrated_balanced,1
BOAMP:20-138135,BOAMP,SIREN:234400034,32.0,Telecom & Networks,2021-02-10,12.0,1,11.04,,11.04,BOAMP:21-116891,,OUVERT,FOURNITURES,False,2022-02-10,attribution_award_date,calibrated_rule,0.551,0.5825,0.0,True,0.84,0,0,0,0.551,0.5433,0.0077,4,False,False,balanced,calibrated_balanced,0
BOAMP:20-142134,BOAMP,NAME:nantes metropole,32.0,Telecom & Networks,2020-11-20,5.5,0,49.34,49.34,,,,PROCEDURE_ADAPTE,TRAVAUX,False,2021-05-06,publication_date,none,,,,,,0,0,0,,,,0,False,False,balanced,calibrated_balanced,1
BOAMP:20-142015,BOAMP,SIREN:234400034,72.0,IT Services & Consulting,2020-11-21,36.0,0,49.31,49.31,,,,OUVERT,SERVICES,False,2023-11-21,publication_date,none,,,,,,0,0,0,,,,0,False,False,balanced,calibrated_balanced,1
BOAMP:20-143091,BOAMP,SIREN:130029747,38.0,Unknown,2021-04-27,12.0,0,44.15,44.15,,,,OUVERT,FOURNITURES,False,2022-04-27,attribution_award_date,none,,,,,,0,0,0,,,,0,False,False,balanced,calibrated_balanced,1
BOAMP:20-148013,BOAMP,SIREN:935367433,45.0,Data & AI,2020-12-05,22.0,0,48.85,48.85,,,,OUVERT,TRAVAUX,False,2022-10-05,publication_date,none,,,,,,0,0,0,,,,0,False,False,balanced,calibrated_balanced,1
BOAMP:20-149977,BOAMP,NAME:cte cnes du pays de chateau de gontier,64.0,Digital Workplace & Collaboration,2020-12-11,24.0,0,48.65,48.65,,,,OUVERT,SERVICES,False,2022-12-11,publication_date,none,,,,,,0,0,0,,,,0,False,False,balanced,calibrated_balanced,1
BOAMP:20-154115,BOAMP,SIREN:576150270,34.0,Cybersecurity,2021-02-11,3.0,0,46.62,46.62,,,,OUVERT,FOURNITURES,False,2021-05-13,attribution_award_date,none,,,,,,0,0,0,,,,0,False,False,balanced,calibrated_balanced,1
BOAMP:20-155284,BOAMP,SIREN:234400034,79.0,Unknown,2020-12-20,12.0,0,48.36,48.36,,,,OUVERT,SERVICES,False,2021-12-20,publication_date,none,,,,,,0,0,0,,,,0,False,False,balanced,calibrated_balanced,1
BOAMP:20-155309,BOAMP,SIREN:228500013,72.0,IT Services & Consulting,2021-03-11,24.0,1,21.25,,21.25,BOAMP:22-166698,,OUVERT,SERVICES,False,2023-03-11,attribution_award_date,calibrated_rule,0.7875,0.8228,0.8,True,0.5417,0,0,0,0.7875,,,1,True,False,balanced,calibrated_balanced,0
BOAMP:21-11209,BOAMP,SIREN:180043010,72.0,IT Services & Consulting,2021-01-25,5.0,0,47.17,47.17,,,138500.0,PROCEDURE_ADAPTE,SERVICES,False,2021-06-26,publication_date,none,,,,,,0,0,0,,,,0,False,False,balanced,calibrated_balanced,1
BOAMP:21-12643,BOAMP,NAME:sec gal pour l adm min interieur ouest,45.0,Telecom & Networks,2021-01-27,6.0,0,47.11,47.11,,,,PROCEDURE_ADAPTE,TRAVAUX,False,2021-07-28,publication_date,none,,,,,,0,0,0,,,,0,False,False,balanced,calibrated_balanced,1
BOAMP:21-16407,BOAMP,NAME:communaute d agglomeration du niortais,72.0,IT Services & Consulting,2021-02-04,12.0,0,46.85,46.85,,,,PROCEDURE_ADAPTE,SERVICES,False,2022-02-04,publication_date,none,,,,,,0,0,0,,,,0,False,False,balanced,calibrated_balanced,1
BOAMP:21-16505,BOAMP,SIREN:234400034,72.0,Cybersecurity,2021-05-10,12.0,1,11.1,,11.1,BOAMP:22-20320,,OUVERT,SERVICES,False,2022-05-10,attribution_award_date,calibrated_rule,0.6142,0.6106,0.2,True,0.85,0,0,0,0.6142,0.5035,0.1107,2,False,False,balanced,calibrated_balanced,0
BOAMP:21-20759,BOAMP,NAME:arafer,,Cloud & Infrastructure,2021-02-12,24.0,0,46.58,46.58,,,138000.0,PROCEDURE_ADAPTE,SERVICES,False,2023-02-12,publication_date,none,,,,,,0,0,0,,,,0,False,False,balanced,calibrated_balanced,1
BOAMP:21-19596,BOAMP,NAME:ville d alencon,72.0,IT Services & Consulting,2021-05-19,12.0,0,43.43,43.43,,,240000.0,OUVERT,SERVICES,False,2022-05-19,attribution_award_date,none,,,,,,0,0,0,,,,0,False,False,balanced,calibrated_balanced,1
BOAMP:21-22700,BOAMP,SIREN:110006012,72.0,IT Services & Consulting,2021-03-12,24.0,1,25.79,,25.79,BOAMP:23-61473,,OUVERT,SERVICES,False,2023-03-12,attribution_award_date,calibrated_rule,0.6379,0.744,0.2,True,0.7017,0,0,1,0.6379,,,1,True,False,balanced,calibrated_balanced,0
BOAMP:21-25043,BOAMP,SIREN:214400269,,Data & AI,2021-02-23,6.0,0,46.22,46.22,,,,PROCEDURE_ADAPTE,FOURNITURES,False,2021-08-24,publication_date,none,,,,,,0,0,0,,,,0,False,False,balanced,calibrated_balanced,1
BOAMP:21-25103,BOAMP,SIREN:200082139,22.0,Cybersecurity,2021-02-25,12.0,0,46.16,46.16,,,180000.0,OUVERT,FOURNITURES,False,2022-02-25,publication_date,none,,,,,,0,0,0,,,,0,False,False,balanced,calibrated_balanced,1
BOAMP:21-26779,BOAMP,SIREN:234400034,72.0,Cybersecurity,2021-06-14,24.0,0,42.58,42.58,,,,OUVERT,SERVICES,False,2023-06-14,attribution_award_date,none,,,,,,0,0,0,,,,0,False,False,balanced,calibrated_balanced,1
BOAMP:21-29818,BOAMP,NAME:soc publique reg abe de fontevraud,32.0,Telecom & Networks,2021-05-10,5.0,0,43.73,43.73,,,380000.0,OUVERT,FOURNITURES,False,2021-10-09,attribution_award_date,none,,,,,,0,0,0,,,,0,False,False,balanced,calibrated_balanced,1
BOAMP:21-30450,BOAMP,NAME:crdc le lieu unique,32.0,Telecom & Networks,2021-03-11,5.0,0,45.7,45.7,,,38000.0,OUVERT,FOURNITURES,False,2021-08-10,publication_date,none,,,,,,0,0,0,,,,0,False,False,balanced,calibrated_balanced,1
BOAMP:21-32692,BOAMP,NAME:ircec,72.0,IT Maintenance & Support,2021-03-13,12.0,0,45.63,45.63,,,,OUVERT,SERVICES,False,2022-03-13,publication_date,none,,,,,,0,0,0,,,,0,False,False,balanced,calibrated_balanced,1
BOAMP:21-35939,BOAMP,SIREN:935367433,72.0,IT Services & Consulting,2021-03-19,12.0,0,45.43,45.43,,,,OUVERT,SERVICES,False,2022-03-19,publication_date,none,,,,,,0,0,0,,,,0,False,False,balanced,calibrated_balanced,1
BOAMP:21-36205,BOAMP,SIREN:935367433,72.0,IT Services & Consulting,2021-03-20,12.0,0,45.4,45.4,,,,OUVERT,SERVICES,False,2022-03-20,publication_date,none,,,,,,0,0,0,,,,0,False,False,balanced,calibrated_balanced,1
BOAMP:21-37354,BOAMP,NAME:le mans,48.0,Software & Applications,2021-03-21,12.0,0,45.37,45.37,,,,OUVERT,FOURNITURES,False,2022-03-21,publication_date,none,,,,,,0,0,0,,,,0,False,False,balanced,calibrated_balanced,1
BOAMP:21-39936,BOAMP,SIREN:214401580,32.0,Telecom & Networks,2021-06-24,4.0,0,42.25,42.25,,,,OUVERT,FOURNITURES,False,2021-10-23,attribution_award_date,none,,,,,,0,0,0,,,,0,False,False,balanced,calibrated_balanced,1
BOAMP:21-46043,BOAMP,SIREN:234400034,72.0,IT Services & Consulting,2021-06-30,12.0,1,12.35,,12.35,BOAMP:22-29878,,OUVERT,SERVICES,False,2022-06-30,attribution_award_date,calibrated_rule,0.6507,0.781,0.0,True,0.9417,0,0,0,0.6507,0.5549,0.0958,2,False,False,balanced,calibrated_balanced,0
BOAMP:21-49520,BOAMP,SIREN:200041333,32.0,Telecom & Networks,2021-04-13,36.0,0,44.61,44.61,,,,PROCEDURE_ADAPTE,SERVICES,False,2024-04-12,publication_date,none,,,,,,0,0,0,,,,0,False,False,balanced,calibrated_balanced,1
BOAMP:21-50713,BOAMP,NAME:le mans,,Software & Applications,2021-04-15,12.0,0,44.55,44.55,,,,PROCEDURE_ADAPTE,FOURNITURES,False,2022-04-15,publication_date,none,,,,,,0,0,0,,,,0,False,False,balanced,calibrated_balanced,1
BOAMP:21-50004,BOAMP,NAME:comcom estuaire et sillon,72.0,IT Services & Consulting,2021-07-27,36.0,0,41.16,41.16,,,,OUVERT,SERVICES,False,2024-07-26,attribution_award_date,none,,,,,,0,0,0,,,,0,False,False,balanced,calibrated_balanced,1
BOAMP:21-50635,BOAMP,SIREN:391722881,72.0,IT Services & Consulting,2022-02-21,36.0,0,34.3,34.3,,,,NEGOCIE,SERVICES,False,2025-02-20,attribution_award_date,none,,,,,,0,0,0,,,,0,False,False,balanced,calibrated_balanced,1
BOAMP:21-51104,BOAMP,SIREN:391722881,72.0,IT Services & Consulting,2022-02-21,12.0,1,9.4,,9.4,BOAMP:22-159813,,NEGOCIE,SERVICES,False,2023-02-21,attribution_award_date,calibrated_rule,0.6645,0.878,0.2,True,0.5667,0,0,0,0.6645,0.6177,0.0468,3,False,False,balanced,calibrated_balanced,0
BOAMP:21-51620,BOAMP,SIREN:935367433,72.0,IT Services & Consulting,2021-04-18,12.0,0,44.45,44.45,,,,OUVERT,SERVICES,False,2022-04-18,publication_date,none,,,,,,0,0,0,,,,0,False,False,balanced,calibrated_balanced,1
BOAMP:21-53976,BOAMP,SIREN:225300011,72.0,IT Services & Consulting,2021-04-22,12.0,0,44.32,44.32,,,,PROCEDURE_ADAPTE,SERVICES,False,2022-04-22,publication_date,none,,,,,,0,0,0,,,,0,False,False,balanced,calibrated_balanced,1
BOAMP:21-53955,BOAMP,SIREN:130001704,72.0,IT Services & Consulting,2021-04-24,12.0,0,44.25,44.25,,,1000000.0,OUVERT,SERVICES,False,2022-04-24,publication_date,none,,,,,,0,0,0,,,,0,False,False,balanced,calibrated_balanced,1
BOAMP:21-53968,BOAMP,SIREN:935367433,72.0,IT Services & Consulting,2021-04-24,12.0,0,44.25,44.25,,,,OUVERT,SERVICES,False,2022-04-24,publication_date,none,,,,,,0,0,0,,,,0,False,False,balanced,calibrated_balanced,1
BOAMP:21-54966,BOAMP,NAME:syndicat mixte gigalis,72.0,IT Services & Consulting,2021-04-25,36.0,0,44.22,44.22,,,,OUVERT,SERVICES,False,2024-04-24,publication_date,none,,,,,,0,0,0,,,,0,False,False,balanced,calibrated_balanced,1
BOAMP:21-57207,BOAMP,SIREN:234400034,35.0,Cybersecurity,2021-04-30,7.0,0,44.05,44.05,,,,OUVERT,FOURNITURES,False,2021-11-29,publication_date,none,,,,,,0,0,0,,,,0,False,False,balanced,calibrated_balanced,1
BOAMP:21-60810,BOAMP,SIREN:214400475,32.0,Telecom & Networks,2021-05-05,36.0,0,43.89,43.89,,,,PROCEDURE_ADAPTE,FOURNITURES,False,2024-05-04,publication_date,none,,,,,,0,0,0,,,,0,False,False,balanced,calibrated_balanced,1
BOAMP:21-57288,BOAMP,SIREN:532458809,45.0,Data & AI,2021-08-31,30.0,0,40.01,40.01,,,,OUVERT,TRAVAUX,False,2024-03-01,attribution_award_date,none,,,,,,0,0,0,,,,0,False,False,balanced,calibrated_balanced,1
BOAMP:21-62138,BOAMP,SIREN:234400034,35.0,Cybersecurity,2021-05-07,4.0,0,43.82,43.82,,,,PROCEDURE_ADAPTE,FOURNITURES,False,2021-09-05,publication_date,none,,,,,,0,0,0,,,,0,False,False,balanced,calibrated_balanced,1
BOAMP:21-50135,BOAMP,NAME:cte de communes du pays des herbiers,18.0,Unknown,2021-08-09,12.0,0,40.74,40.74,,,38000.0,OUVERT,FOURNITURES,False,2022-08-09,attribution_award_date,none,,,,,,0,0,0,,,,0,False,False,balanced,calibrated_balanced,1
BOAMP:21-63730,BOAMP,SIREN:248500589,37.0,Unknown,2021-10-07,36.0,0,38.8,38.8,,,850000.0,OUVERT,FOURNITURES,False,2024-10-06,attribution_award_date,none,,,,,,0,0,0,,,,0,False,False,balanced,calibrated_balanced,1
BOAMP:21-66086,BOAMP,NAME:regie dept passages d eau de vendee,72.0,IT Services & Consulting,2021-05-17,36.0,0,43.5,43.5,,,,PROCEDURE_ADAPTE,SERVICES,False,2024-05-16,publication_date,none,,,,,,0,0,0,,,,0,False,False,balanced,calibrated_balanced,1
BOAMP:21-68348,BOAMP,NAME:inra angers nantes,32.0,Telecom & Networks,2021-12-14,12.0,0,36.56,36.56,,,,NEGOCIE,FOURNITURES,False,2022-12-14,attribution_award_date,none,,,,,,0,0,0,,,,0,False,False,balanced,calibrated_balanced,1
BOAMP:21-67771,BOAMP,SIREN:234400034,48.0,Cloud & Infrastructure,2021-10-08,12.0,1,13.01,,13.01,BOAMP:22-85365,,OUVERT,FOURNITURES,False,2022-10-08,attribution_award_date,calibrated_rule,0.6472,0.7021,0.2,True,0.8317,0,0,0,0.6472,0.6197,0.0275,3,False,False,balanced,calibrated_balanced,0
BOAMP:21-69124,BOAMP,SIREN:935367433,35.0,Cybersecurity,2021-05-23,12.0,0,43.3,43.3,,,,OUVERT,FOURNITURES,False,2022-05-23,publication_date,none,,,,,,0,0,0,,,,0,False,False,balanced,calibrated_balanced,1
BOAMP:21-67894,BOAMP,SIREN:200071678,43.0,Data & AI,2021-12-09,12.0,0,36.73,36.73,,,4500.0,OUVERT,FOURNITURES,False,2022-12-09,attribution_award_date,none,,,,,,0,0,0,,,,0,False,False,balanced,calibrated_balanced,1
BOAMP:21-76925,BOAMP,SIREN:264400136,72.0,IT Services & Consulting,2021-10-14,12.0,0,38.57,38.57,,,,OUVERT,SERVICES,False,2022-10-14,attribution_award_date,none,,,,,,0,0,0,,,,0,False,False,balanced,calibrated_balanced,1
BOAMP:21-77546,BOAMP,SIREN:935367433,72.0,IT Maintenance & Support,2021-06-10,12.0,0,42.71,42.71,,,,OUVERT,SERVICES,False,2022-06-10,publication_date,none,,,,,,0,0,0,,,,0,False,False,balanced,calibrated_balanced,1
BOAMP:21-77933,BOAMP,SIREN:830955068,72.0,Digital Workplace & Collaboration,2021-07-27,12.0,0,41.16,41.16,,,300000.0,OUVERT,SERVICES,False,2022-07-27,attribution_award_date,none,,,,,,0,0,0,,,,0,False,False,balanced,calibrated_balanced,1
BOAMP:21-78101,BOAMP,SIREN:247200132,39.0,Unknown,2021-11-16,4.0,0,37.48,37.48,,,,OUVERT,FOURNITURES,False,2022-03-17,attribution_award_date,none,,,,,,0,0,0,,,,0,False,False,balanced,calibrated_balanced,1
BOAMP:21-78393,BOAMP,SIREN:935367433,72.0,IT Services & Consulting,2021-06-11,12.0,0,42.67,42.67,,,,OUVERT,SERVICES,False,2022-06-11,publication_date,none,,,,,,0,0,0,,,,0,False,False,balanced,calibrated_balanced,1
BOAMP:21-79975,BOAMP,NAME:epsilon centrale d achat informatique,72.0,IT Services & Consulting,2021-06-13,24.0,0,42.61,42.61,,,650000.0,OUVERT,SERVICES,False,2023-06-13,publication_date,none,,,,,,0,0,0,,,,0,False,False,balanced,calibrated_balanced,1
BOAMP:21-81812,BOAMP,SIREN:200071553,48.0,Cloud & Infrastructure,2021-10-27,12.0,0,38.14,38.14,,,360000.0,OUVERT,FOURNITURES,False,2022-10-27,attribution_award_date,none,,,,,,0,0,0,,,,0,False,False,balanced,calibrated_balanced,1
BOAMP:21-82605,BOAMP,SIREN:110043015,72.0,IT Services & Consulting,2021-06-18,36.0,0,42.44,42.44,,,5000000.0,OUVERT,SERVICES,False,2024-06-17,publication_date,none,,,,,,0,0,0,,,,0,False,False,balanced,calibrated_balanced,1
BOAMP:21-82013,BOAMP,SIREN:130025919,72.0,Cybersecurity,2021-06-18,18.0,0,42.44,42.44,,,1750000.0,OUVERT,SERVICES,False,2022-12-17,publication_date,none,,,,,,0,0,0,,,,0,False,False,balanced,calibrated_balanced,1
BOAMP:21-86124,BOAMP,NAME:sydela,32.0,Telecom & Networks,2021-06-23,24.0,0,42.28,42.28,,,,PROCEDURE_ADAPTE,SERVICES,False,2023-06-23,publication_date,none,,,,,,0,0,0,,,,0,False,False,balanced,calibrated_balanced,1
BOAMP:21-87993,BOAMP,SIREN:172800013,45.0,Unknown,2021-06-25,8.0,0,42.21,42.21,,,,PROCEDURE_ADAPTE,TRAVAUX,False,2022-02-23,publication_date,none,,,,,,0,0,0,,,,0,False,False,balanced,calibrated_balanced,1
BOAMP:21-86348,BOAMP,NAME:semitan,72.0,IT Services & Consulting,2021-11-29,24.0,1,24.41,,24.41,BOAMP:23-48532,,NEGOCIE,SERVICES,False,2023-11-29,attribution_award_date,calibrated_rule,0.6104,0.5602,0.2,True,0.9317,0,0,0,0.6104,,,1,True,False,balanced,calibrated_balanced,0
BOAMP:21-86773,BOAMP,SIREN:234400034,79.0,Unknown,2021-06-26,24.0,1,23.13,,23.13,BOAMP:23-12419,,OUVERT,SERVICES,False,2023-06-26,publication_date,calibrated_rule,0.5323,0.5282,0.0,True,0.855,0,0,0,0.5323,,,1,True,False,balanced,calibrated_balanced,0
BOAMP:21-88699,BOAMP,NAME:semitan,72.0,IT Services & Consulting,2022-02-16,36.0,0,34.46,34.46,,,,NEGOCIE,SERVICES,False,2025-02-15,attribution_award_date,none,,,,,,0,0,0,,,,0,False,False,balanced,calibrated_balanced,1
BOAMP:21-88585,BOAMP,SIREN:922749635,32.0,Telecom & Networks,2021-10-27,12.0,0,38.14,38.14,,,50000.0,OUVERT,FOURNITURES,False,2022-10-27,attribution_award_date,none,,,,,,0,0,0,,,,0,False,False,balanced,calibrated_balanced,1
BOAMP:21-88617,BOAMP,SIREN:200071876,48.0,Software & Applications,2021-06-30,12.0,0,42.05,42.05,,,,OUVERT,FOURNITURES,False,2022-06-30,publication_date,none,,,,,,0,0,0,,,,0,False,False,balanced,calibrated_balanced,1
BOAMP:21-89893,BOAMP,NAME:communaute d agglomeration du niortais,72.0,IT Services & Consulting,2021-07-02,24.0,0,41.98,41.98,,,250000.0,OUVERT,SERVICES,False,2023-07-02,publication_date,none,,,,,,0,0,0,,,,0,False,False,balanced,calibrated_balanced,1
BOAMP:21-91773,BOAMP,SIREN:391722881,72.0,Digital Workplace & Collaboration,2021-07-04,24.0,1,21.42,,21.42,BOAMP:22-74813,,NEGOCIE,SERVICES,False,2023-07-04,publication_date,calibrated_rule,0.6111,0.7427,0.2,True,0.57,0,0,1,0.6111,0.5986,0.0124,3,False,False,balanced,calibrated_balanced,0
BOAMP:21-93999,BOAMP,SIREN:200069474,35.0,Cybersecurity,2021-07-09,12.0,0,41.75,41.75,,,83200.0,OUVERT,FOURNITURES,False,2022-07-09,publication_date,none,,,,,,0,0,0,,,,0,False,False,balanced,calibrated_balanced,1
BOAMP:21-97121,BOAMP,SIREN:244400438,72.0,Cybersecurity,2021-10-11,24.0,0,38.67,38.67,,,1600000.0,OUVERT,SERVICES,False,2023-10-11,attribution_award_date,none,,,,,,0,0,0,,,,0,False,False,balanced,calibrated_balanced,1
BOAMP:21-99793,BOAMP,NAME:sgami ouest,32.0,Telecom & Networks,2021-07-16,5.0,0,41.52,41.52,,,,PROCEDURE_ADAPTE,TRAVAUX,False,2021-12-15,publication_date,none,,,,,,0,0,0,,,,0,False,False,balanced,calibrated_balanced,1
BOAMP:21-101248,BOAMP,SIREN:214401846,48.0,Software & Applications,2021-11-03,12.0,0,37.91,37.91,,,150000.0,OUVERT,FOURNITURES,False,2022-11-03,attribution_award_date,none,,,,,,0,0,0,,,,0,False,False,balanced,calibrated_balanced,1
BOAMP:21-102565,BOAMP,SIREN:214400202,35.0,Cybersecurity,2021-07-24,7.0,0,41.26,41.26,,,342282.0,OUVERT,FOURNITURES,False,2022-02-22,publication_date,none,,,,,,0,0,0,,,,0,False,False,balanced,calibrated_balanced,1
BOAMP:21-103746,BOAMP,NAME:ville du mans,,Data & AI,2021-07-26,24.0,1,22.73,,22.73,BOAMP:23-83529,120600.0,PROCEDURE_ADAPTE,FOURNITURES,False,2023-07-26,publication_date,calibrated_rule,0.6975,0.5387,,False,0.7883,0,0,0,0.6975,,,1,True,False,balanced,calibrated_balanced,0
BOAMP:21-114338,BOAMP,NAME:cc du pays de st fulgent les essarts,72.0,IT Services & Consulting,2021-08-24,18.0,0,40.24,40.24,,,,PROCEDURE_ADAPTE,,False,2023-02-22,publication_date,none,,,,,,0,0,0,,,,0,False,False,balanced,calibrated_balanced,1
BOAMP:21-118586,BOAMP,NAME:le mans,35.0,Cybersecurity,2021-09-05,12.0,1,13.44,,13.44,BOAMP:22-69458,,OUVERT,FOURNITURES,False,2022-09-05,publication_date,calibrated_rule,0.6151,0.7828,0.0,True,0.76,0,0,0,0.6151,0.5407,0.0745,2,False,False,balanced,calibrated_balanced,0
BOAMP:21-120100,BOAMP,SIREN:215601071,35.0,Cybersecurity,2021-09-10,6.0,0,39.68,39.68,,,,OUVERT,FOURNITURES,False,2022-03-11,publication_date,none,,,,,,0,0,0,,,,0,False,False,balanced,calibrated_balanced,1
BOAMP:21-125862,BOAMP,NAME:groupement d achats de l herm,15.0,Unknown,2021-09-22,12.0,0,39.29,39.29,,,,OUVERT,FOURNITURES,False,2022-09-22,publication_date,none,,,,,,0,0,0,,,,0,False,False,balanced,calibrated_balanced,1
BOAMP:21-125536,BOAMP,NAME:crous de nantes,72.0,IT Services & Consulting,2021-09-22,12.0,0,39.29,39.29,,,,OUVERT,SERVICES,False,2022-09-22,publication_date,none,,,,,,0,0,0,,,,0,False,False,balanced,calibrated_balanced,1
BOAMP:21-125688,BOAMP,SIREN:546650169,72.0,IT Services & Consulting,2021-12-08,12.0,1,9.59,,9.59,BOAMP:22-93332,,OUVERT,SERVICES,False,2022-12-08,attribution_award_date,calibrated_rule,0.5401,0.5512,0.2,True,0.5983,0,0,0,0.5401,,,1,True,False,balanced,calibrated_balanced,0
BOAMP:21-126360,BOAMP,SIREN:983291931,72.0,IT Services & Consulting,2021-10-28,6.0,0,38.11,38.11,,,,OUVERT,SERVICES,False,2022-04-28,attribution_award_date,none,,,,,,0,0,0,,,,0,False,False,balanced,calibrated_balanced,1
BOAMP:21-126684,BOAMP,SIREN:234400034,72.0,Cybersecurity,2022-01-10,24.0,0,35.68,35.68,,,,OUVERT,SERVICES,False,2024-01-10,attribution_award_date,none,,,,,,0,0,0,,,,0,False,False,balanced,calibrated_balanced,1
BOAMP:21-128976,BOAMP,SIREN:327822177,72.0,IT Services & Consulting,2022-02-21,12.0,0,34.3,34.3,,,,NEGOCIE,SERVICES,False,2023-02-21,attribution_award_date,none,,,,,,0,0,0,,,,0,False,False,balanced,calibrated_balanced,1
BOAMP:21-121431,BOAMP,SIREN:532458809,32.0,Telecom & Networks,2021-09-30,12.0,0,39.03,39.03,,,,PROCEDURE_ADAPTE,FOURNITURES,False,2022-09-30,publication_date,none,,,,,,0,0,0,,,,0,False,False,balanced,calibrated_balanced,1
BOAMP:21-129937,BOAMP,SIREN:214401093,72.0,IT Services & Consulting,2021-10-01,24.0,0,38.99,38.99,,,214000.0,OUVERT,SERVICES,False,2023-10-01,publication_date,none,,,,,,0,0,0,,,,0,False,False,balanced,calibrated_balanced,1
BOAMP:21-130956,BOAMP,SIREN:234400034,79.0,Software & Applications,2021-12-22,24.0,0,36.3,36.3,,,,OUVERT,SERVICES,False,2023-12-22,attribution_award_date,none,,,,,,0,0,0,,,,0,False,False,balanced,calibrated_balanced,1
BOAMP:21-137487,BOAMP,SIREN:546650169,72.0,IT Services & Consulting,2021-12-08,12.0,1,9.59,,9.59,BOAMP:22-93332,,OUVERT,SERVICES,False,2022-12-08,attribution_award_date,calibrated_rule,0.8113,0.7291,1.0,True,0.5983,0,0,0,0.8113,,,1,True,False,balanced,calibrated_balanced,0
BOAMP:21-137461,BOAMP,NAME:cnes terres de montaigu,45.0,Unknown,2021-10-15,12.0,0,38.53,38.53,,,1600000.0,OUVERT,TRAVAUX,False,2022-10-15,publication_date,none,,,,,,0,0,0,,,,0,False,False,balanced,calibrated_balanced,1
BOAMP:21-141754,BOAMP,SIREN:200071900,45.0,Software & Applications,2021-10-21,5.0,0,38.34,38.34,,,,PROCEDURE_ADAPTE,TRAVAUX,False,2022-03-22,publication_date,none,,,,,,0,0,0,,,,0,False,False,balanced,calibrated_balanced,1
BOAMP:21-142218,BOAMP,SIREN:234400034,79.0,Unknown,2022-03-10,12.0,1,14.06,,14.06,BOAMP:23-63763,139000.0,OUVERT,SERVICES,False,2023-03-10,attribution_award_date,calibrated_rule,0.5276,0.6156,0.0,True,0.6567,0,0,0,0.5276,0.5176,0.0099,3,False,False,balanced,calibrated_balanced,0
BOAMP:21-142703,BOAMP,NAME:chambre reg agri pays de la loire,72.0,Digital Workplace & Collaboration,2021-10-27,18.0,0,38.14,38.14,,,300000.0,OUVERT,SERVICES,False,2023-04-27,publication_date,none,,,,,,0,0,0,,,,0,False,False,balanced,calibrated_balanced,1
BOAMP:21-144079,BOAMP,NAME:ecole national sup d arts et metiers,32.0,Telecom & Networks,2021-10-28,24.0,0,38.11,38.11,,,,OUVERT,FOURNITURES,False,2023-10-28,publication_date,none,,,,,,0,0,0,,,,0,False,False,balanced,calibrated_balanced,1
BOAMP:21-139944,BOAMP,SIREN:200067346,30.0,IT Hardware & Equipment,2022-01-24,24.0,0,35.22,35.22,,,,OUVERT,FOURNITURES,False,2024-01-24,attribution_award_date,none,,,,,,0,0,0,,,,0,False,False,balanced,calibrated_balanced,1
BOAMP:21-146075,BOAMP,SIREN:214402042,72.0,IT Services & Consulting,2021-10-31,24.0,0,38.01,38.01,,,1200000.0,OUVERT,SERVICES,False,2023-10-31,publication_date,none,,,,,,0,0,0,,,,0,False,False,balanced,calibrated_balanced,1
BOAMP:21-148591,BOAMP,SIREN:200083392,32.0,Telecom & Networks,2021-11-10,6.0,0,37.68,37.68,,,,OUVERT,FOURNITURES,False,2022-05-11,publication_date,none,,,,,,0,0,0,,,,0,False,False,balanced,calibrated_balanced,1
BOAMP:21-148611,BOAMP,SIREN:247200132,39.0,Unknown,2022-02-14,4.0,0,34.53,34.53,,,,OUVERT,FOURNITURES,False,2022-06-15,attribution_award_date,none,,,,,,0,0,0,,,,0,False,False,balanced,calibrated_balanced,1
BOAMP:21-150615,BOAMP,SIREN:832970024,72.0,IT Services & Consulting,2021-11-14,12.0,0,37.55,37.55,,,,OUVERT,SERVICES,False,2022-11-14,publication_date,none,,,,,,0,0,0,,,,0,False,False,balanced,calibrated_balanced,1
BOAMP:21-152470,BOAMP,SIREN:214401093,32.0,Telecom & Networks,2021-11-17,24.0,0,37.45,37.45,,,,PROCEDURE_ADAPTE,FOURNITURES,False,2023-11-17,publication_date,none,,,,,,0,0,0,,,,0,False,False,balanced,calibrated_balanced,1
BOAMP:21-151331,BOAMP,SIREN:831928452,72.0,Digital Workplace & Collaboration,2021-11-17,12.0,0,37.45,37.45,,,180000.0,OUVERT,SERVICES,False,2022-11-17,publication_date,none,,,,,,0,0,0,,,,0,False,False,balanced,calibrated_balanced,1
BOAMP:21-153244,BOAMP,SIREN:180043010,30.0,IT Hardware & Equipment,2021-11-20,24.0,0,37.35,37.35,,,,OUVERT,FOURNITURES,False,2023-11-20,publication_date,none,,,,,,0,0,0,,,,0,False,False,balanced,calibrated_balanced,1
BOAMP:21-155430,BOAMP,NAME:gpm de nantes st nazaire,48.0,Software & Applications,2021-11-26,8.0,0,37.16,37.16,,,460000.0,NEGOCIE,FOURNITURES,False,2022-07-27,publication_date,none,,,,,,0,0,0,,,,0,False,False,balanced,calibrated_balanced,1
BOAMP:21-161507,BOAMP,NAME:sydela,32.0,Telecom & Networks,2022-01-27,24.0,0,35.12,35.12,,,,PROCEDURE_ADAPTE,,False,2024-01-27,attribution_award_date,none,,,,,,0,0,0,,,,0,False,False,balanced,calibrated_balanced,1
BOAMP:21-159075,BOAMP,SIREN:535164412,45.0,Unknown,2022-06-07,24.0,0,30.81,30.81,,,,RESTREINT,TRAVAUX,False,2024-06-06,attribution_award_date,none,,,,,,0,0,0,,,,0,False,False,balanced,calibrated_balanced,1
BOAMP:21-161904,BOAMP,NAME:cd 44,72.0,IT Maintenance & Support,2022-03-09,12.0,1,11.5,,11.5,BOAMP:22-90329,,OUVERT,SERVICES,False,2023-03-09,attribution_award_date,calibrated_rule,0.9043,0.8023,1.0,True,0.9167,0,0,0,0.9043,,,1,True,False,balanced,calibrated_balanced,0
BOAMP:21-170353,BOAMP,NAME:le mans,48.0,Software & Applications,2022-06-02,12.0,0,30.98,30.98,,,537500.0,OUVERT,FOURNITURES,False,2023-06-02,attribution_award_date,none,,,,,,0,0,0,,,,0,False,False,balanced,calibrated_balanced,1
BOAMP:22-7823,BOAMP,SIREN:381053768,32.0,Telecom & Networks,2022-05-03,24.0,1,23.95,,23.95,BOAMP:24-50959,400000.0,OUVERT,FOURNITURES,False,2024-05-02,attribution_award_date,calibrated_rule,0.8201,0.5543,1.0,True,0.9917,0,0,0,0.8201,0.7894,0.0307,2,False,False,balanced,calibrated_balanced,0
BOAMP:22-13142,BOAMP,SIREN:234400034,72.0,IT Services & Consulting,2022-07-11,12.0,1,10.02,,10.02,BOAMP:23-63763,,OUVERT,SERVICES,False,2023-07-11,attribution_award_date,calibrated_rule,0.5352,0.5029,0.2,True,0.67,0,0,0,0.5352,,,1,True,False,balanced,calibrated_balanced,0
BOAMP:22-15926,BOAMP,NAME:la garnache,32.0,Telecom & Networks,2022-01-31,3.0,0,34.99,34.99,,,,OUVERT,FOURNITURES,False,2022-05-02,publication_date,none,,,,,,0,0,0,,,,0,False,False,balanced,calibrated_balanced,1
BOAMP:22-12758,BOAMP,SIREN:532458809,35.0,Cybersecurity,2022-06-17,12.0,1,13.04,,13.04,BOAMP:23-47137,200000.0,OUVERT,FOURNITURES,False,2023-06-17,attribution_award_date,calibrated_rule,0.6793,0.7849,0.2,True,0.8267,0,0,0,0.6793,,,1,True,False,balanced,calibrated_balanced,0
BOAMP:22-15069,BOAMP,SIREN:244900015,32.0,Telecom & Networks,2022-05-13,12.0,0,31.64,31.64,,,800000.0,OUVERT,FOURNITURES,False,2023-05-13,attribution_award_date,none,,,,,,0,0,0,,,,0,False,False,balanced,calibrated_balanced,1
BOAMP:22-19299,BOAMP,SIREN:214400202,48.0,Cloud & Infrastructure,2022-07-08,24.0,0,29.8,29.8,,,1040000.0,NEGOCIE,FOURNITURES,False,2024-07-07,attribution_award_date,none,,,,,,0,0,0,,,,0,False,False,balanced,calibrated_balanced,1
BOAMP:22-21573,BOAMP,NAME:nantes metropole,72.0,GIS & Mapping,2022-02-10,8.0,1,7.88,,7.88,BOAMP:22-133794,,OUVERT,SERVICES,False,2022-10-11,publication_date,calibrated_rule,0.6084,0.531,0.2,True,0.98,0,0,0,0.6084,0.5843,0.0241,3,False,False,balanced,calibrated_balanced,0
BOAMP:22-24571,BOAMP,SIREN:233500016,72.0,IT Services & Consulting,2022-02-16,24.0,0,34.46,34.46,,,45000.0,OUVERT,SERVICES,False,2024-02-16,publication_date,none,,,,,,0,0,0,,,,0,False,False,balanced,calibrated_balanced,1
BOAMP:22-25102,BOAMP,SIREN:234400034,48.0,Software & Applications,2022-02-19,12.0,1,8.67,,8.67,BOAMP:22-150264,,OUVERT,FOURNITURES,False,2023-02-19,publication_date,calibrated_rule,0.5129,0.5598,0.2,True,0.445,0,0,0,0.5129,,,1,True,False,balanced,calibrated_balanced,0
BOAMP:22-24902,BOAMP,SIREN:244900015,48.0,Cloud & Infrastructure,2022-02-21,7.0,0,34.3,34.3,,,,RESTREINT,TRAVAUX,False,2022-09-22,publication_date,none,,,,,,0,0,0,,,,0,False,False,balanced,calibrated_balanced,1
BOAMP:22-28144,BOAMP,SIREN:546650169,72.0,IT Services & Consulting,2022-02-23,12.0,1,7.06,,7.06,BOAMP:22-93332,,OUVERT,SERVICES,False,2023-02-23,publication_date,calibrated_rule,0.6573,0.555,1.0,True,0.1767,0,0,0,0.6573,,,1,True,False,balanced,calibrated_balanced,0
BOAMP:22-28887,BOAMP,NAME:soc publique reg abe de fontevraud,32.0,Telecom & Networks,2022-04-22,4.0,0,32.33,32.33,,,,OUVERT,FOURNITURES,False,2022-08-21,attribution_award_date,none,,,,,,0,0,0,,,,0,False,False,balanced,calibrated_balanced,1
BOAMP:22-30678,BOAMP,SIREN:225300011,72.0,Data & AI,2022-03-01,12.0,1,9.3,,9.3,BOAMP:22-162095,,OUVERT,SERVICES,False,2023-03-01,publication_date,calibrated_rule,0.5172,0.5179,0.2,True,0.55,0,0,0,0.5172,,,1,True,False,balanced,calibrated_balanced,0
BOAMP:22-29878,BOAMP,SIREN:234400034,48.0,Software & Applications,2022-07-11,12.0,0,29.7,29.7,,,,OUVERT,FOURNITURES,False,2023-07-11,attribution_award_date,none,,,,,,0,0,0,,,,0,False,False,balanced,calibrated_balanced,1
BOAMP:22-32770,BOAMP,SIREN:234400034,48.0,Software & Applications,2022-03-05,12.0,0,33.9,33.9,,,,OUVERT,FOURNITURES,False,2023-03-05,publication_date,none,,,,,,0,0,0,,,,0,False,False,balanced,calibrated_balanced,1
BOAMP:22-35887,BOAMP,SIREN:200067635,45.0,Telecom & Networks,2022-06-21,12.0,0,30.35,30.35,,,,OUVERT,TRAVAUX,False,2023-06-21,attribution_award_date,none,,,,,,0,0,1,,,,0,False,False,balanced,calibrated_balanced,1
BOAMP:22-37294,BOAMP,SIREN:100492784,32.0,Telecom & Networks,2022-03-16,24.0,0,33.54,33.54,,,46000.0,OUVERT,FOURNITURES,False,2024-03-15,publication_date,none,,,,,,0,0,0,,,,0,False,False,balanced,calibrated_balanced,1
BOAMP:22-39342,BOAMP,SIREN:100492784,72.0,IT Services & Consulting,2022-03-16,24.0,0,33.54,33.54,,,4700.0,OUVERT,SERVICES,False,2024-03-15,publication_date,none,,,,,,0,0,0,,,,0,False,False,balanced,calibrated_balanced,1
BOAMP:22-38732,BOAMP,NAME:crous de nantes,72.0,IT Services & Consulting,2022-05-20,12.0,0,31.41,31.41,,,,OUVERT,SERVICES,False,2023-05-20,attribution_award_date,none,,,,,,0,0,0,,,,0,False,False,balanced,calibrated_balanced,1
BOAMP:22-39639,BOAMP,SIREN:225300011,72.0,Digital Workplace & Collaboration,2022-03-17,12.0,1,8.77,,8.77,BOAMP:22-162095,,OUVERT,SERVICES,False,2023-03-17,publication_date,calibrated_rule,0.5496,0.5181,0.4,True,0.4617,0,0,0,0.5496,,,1,True,False,balanced,calibrated_balanced,0
BOAMP:22-38397,BOAMP,SIREN:130023435,72.0,IT Services & Consulting,2022-03-17,12.0,0,33.51,33.51,,,,OUVERT,SERVICES,False,2023-03-17,publication_date,none,,,,,,0,0,0,,,,0,False,False,balanced,calibrated_balanced,1
BOAMP:22-39212,BOAMP,NAME:nantes metropole,72.0,IT Services & Consulting,2022-03-18,24.0,0,33.48,33.48,,,590000.0,OUVERT,SERVICES,False,2024-03-17,publication_date,none,,,,,,0,0,0,,,,0,False,False,balanced,calibrated_balanced,1
BOAMP:22-41063,BOAMP,SIREN:213500515,18.0,Unknown,2022-06-17,12.0,0,30.49,30.49,,,,OUVERT,FOURNITURES,False,2023-06-17,attribution_award_date,none,,,,,,0,0,0,,,,0,False,False,balanced,calibrated_balanced,1
BOAMP:22-41300,BOAMP,SIREN:535104756,72.0,IT Services & Consulting,2022-06-06,24.0,0,30.85,30.85,,,180000.0,OUVERT,SERVICES,False,2024-06-05,attribution_award_date,none,,,,,,0,0,0,,,,0,False,False,balanced,calibrated_balanced,1
BOAMP:22-51860,BOAMP,SIREN:228500013,72.0,IT Services & Consulting,2022-08-12,12.0,0,28.65,28.65,,,,OUVERT,SERVICES,False,2023-08-12,attribution_award_date,none,,,,,,0,0,0,,,,0,False,False,balanced,calibrated_balanced,1
BOAMP:22-52158,BOAMP,NAME:cd 44,72.0,IT Services & Consulting,2022-04-11,19.0,0,32.69,32.69,,,,OUVERT,SERVICES,False,2023-11-10,publication_date,none,,,,,,0,0,0,,,,0,False,False,balanced,calibrated_balanced,1
BOAMP:22-55032,BOAMP,NAME:cd 44,72.0,IT Services & Consulting,2022-04-17,12.0,0,32.49,32.49,,,,OUVERT,SERVICES,False,2023-04-17,publication_date,none,,,,,,0,0,0,,,,0,False,False,balanced,calibrated_balanced,1
BOAMP:22-58525,BOAMP,NAME:communes de nozay,72.0,IT Services & Consulting,2022-09-09,18.0,0,27.73,27.73,,,14650.0,OUVERT,SERVICES,False,2024-03-09,attribution_award_date,none,,,,,,0,0,0,,,,0,False,False,balanced,calibrated_balanced,1
BOAMP:22-61807,BOAMP,NAME:cd 44,72.0,IT Services & Consulting,2022-04-29,12.0,0,32.1,32.1,,,,OUVERT,SERVICES,False,2023-04-29,publication_date,none,,,,,,0,0,0,,,,0,False,False,balanced,calibrated_balanced,1
BOAMP:22-64560,BOAMP,NAME:insee,72.0,Cybersecurity,2022-08-16,12.0,0,28.52,28.52,,,300000.0,OUVERT,SERVICES,False,2023-08-16,attribution_award_date,none,,,,,,0,0,0,,,,0,False,False,balanced,calibrated_balanced,1
BOAMP:22-66076,BOAMP,NAME:le mans,32.0,Telecom & Networks,2022-05-11,12.0,0,31.7,31.7,,,600000.0,OUVERT,FOURNITURES,False,2023-05-11,publication_date,none,,,,,,0,0,0,,,,0,False,False,balanced,calibrated_balanced,1
BOAMP:22-69952,BOAMP,SIREN:234400034,72.0,IT Services & Consulting,2022-05-16,24.0,0,31.54,31.54,,,,OUVERT,SERVICES,False,2024-05-15,publication_date,none,,,,,,0,0,0,,,,0,False,False,balanced,calibrated_balanced,1
BOAMP:22-69458,BOAMP,NAME:le mans,32.0,Telecom & Networks,2022-10-19,12.0,0,26.41,26.41,,,600000.0,OUVERT,FOURNITURES,False,2023-10-19,attribution_award_date,none,,,,,,0,0,0,,,,0,False,False,balanced,calibrated_balanced,1
BOAMP:22-72719,BOAMP,SIREN:532458809,35.0,Cybersecurity,2022-08-04,12.0,1,11.47,,11.47,BOAMP:23-47137,100000.0,OUVERT,FOURNITURES,False,2023-08-04,attribution_award_date,calibrated_rule,0.7444,0.9052,0.2,True,0.9117,0,0,0,0.7444,,,1,True,False,balanced,calibrated_balanced,0
BOAMP:22-73696,BOAMP,NAME:ville du mans,18.0,Telecom & Networks,2022-08-16,12.0,0,28.52,28.52,,,,OUVERT,FOURNITURES,False,2023-08-16,attribution_award_date,none,,,,,,0,0,0,,,,0,False,False,balanced,calibrated_balanced,1
BOAMP:22-78731,BOAMP,SIREN:214400558,18.0,Unknown,2022-06-05,12.0,0,30.88,30.88,,,100000.0,OUVERT,FOURNITURES,False,2023-06-05,publication_date,none,,,,,,0,0,0,,,,0,False,False,balanced,calibrated_balanced,1
BOAMP:22-83444,BOAMP,SIREN:381053768,48.0,Software & Applications,2022-10-21,24.0,0,26.35,26.35,,,350000.0,OUVERT,FOURNITURES,False,2024-10-20,attribution_award_date,none,,,,,,0,0,0,,,,0,False,False,balanced,calibrated_balanced,1
BOAMP:22-87982,BOAMP,SIREN:264400136,72.0,IT Services & Consulting,2022-06-23,12.0,0,30.29,30.29,,,,OUVERT,FOURNITURES,False,2023-06-23,publication_date,none,,,,,,0,0,0,,,,0,False,False,balanced,calibrated_balanced,1
BOAMP:22-90330,BOAMP,SIREN:860800077,72.0,IT Maintenance & Support,2022-06-30,12.0,0,30.06,30.06,,,,OUVERT,SERVICES,False,2023-06-30,publication_date,none,,,,,,0,0,0,,,,0,False,False,balanced,calibrated_balanced,1
BOAMP:22-90329,BOAMP,NAME:cd 44,72.0,IT Maintenance & Support,2023-02-22,12.0,0,22.27,22.27,,,,NEGOCIE,SERVICES,False,2024-02-22,attribution_award_date,none,,,,,,0,0,1,,,,0,False,False,balanced,calibrated_balanced,1
BOAMP:22-93332,BOAMP,SIREN:546650169,72.0,IT Services & Consulting,2022-09-26,12.0,0,27.17,27.17,,,,OUVERT,SERVICES,False,2023-09-26,attribution_award_date,none,,,,,,0,0,0,,,,0,False,False,balanced,calibrated_balanced,1
BOAMP:22-94809,BOAMP,NAME:com d agglo reg nazairienne estuaire,48.0,Software & Applications,2022-12-06,6.0,0,24.84,24.84,,,,OUVERT,FOURNITURES,False,2023-06-06,attribution_award_date,none,,,,,,0,0,0,,,,0,False,False,balanced,calibrated_balanced,1
BOAMP:22-95015,BOAMP,SIREN:234400034,32.0,Telecom & Networks,2022-07-09,12.0,1,10.71,,10.71,BOAMP:23-12419,,OUVERT,FOURNITURES,False,2023-07-09,publication_date,calibrated_rule,0.5227,0.5392,0.0,True,0.785,0,0,0,0.5227,,,1,True,False,balanced,calibrated_balanced,0
BOAMP:22-95969,BOAMP,SIREN:194909701,32.0,Telecom & Networks,2022-07-10,6.0,0,29.73,29.73,,,,OUVERT,FOURNITURES,False,2023-01-08,publication_date,none,,,,,,0,0,0,,,,0,False,False,balanced,calibrated_balanced,1
BOAMP:22-99915,BOAMP,NAME:ctre hosp universitaire angers,45.0,Cloud & Infrastructure,2023-01-01,12.0,0,23.98,23.98,,,,OUVERT,TRAVAUX,False,2024-01-01,attribution_award_date,none,,,,,,0,0,0,,,,0,False,False,balanced,calibrated_balanced,1
BOAMP:22-101575,BOAMP,SIREN:184503019,72.0,Data & AI,2022-07-20,18.0,0,29.4,29.4,,,,OUVERT,SERVICES,False,2024-01-18,publication_date,none,,,,,,0,0,0,,,,0,False,False,balanced,calibrated_balanced,1
BOAMP:22-102191,BOAMP,NAME:rectorat division scus,32.0,Telecom & Networks,2022-07-24,1.0,0,29.27,29.27,,,,OUVERT,FOURNITURES,False,2022-08-23,publication_date,none,,,,,,0,0,0,,,,0,False,False,balanced,calibrated_balanced,1
BOAMP:22-102718,BOAMP,SIREN:200078079,72.0,IT Services & Consulting,2022-11-28,12.0,0,25.1,25.1,,,,OUVERT,SERVICES,False,2023-11-28,attribution_award_date,none,,,,,,0,0,0,,,,0,False,False,balanced,calibrated_balanced,1
BOAMP:22-105384,BOAMP,SIREN:247200132,39.0,Unknown,2023-02-03,20.0,0,22.9,22.9,,,,OUVERT,FOURNITURES,False,2024-10-03,attribution_award_date,none,,,,,,0,0,0,,,,0,False,False,balanced,calibrated_balanced,1
BOAMP:22-112462,BOAMP,NAME:semitan,72.0,IT Services & Consulting,2022-08-17,3.0,0,28.48,28.48,,,,OUVERT,SERVICES,False,2022-11-16,publication_date,none,,,,,,0,0,0,,,,0,False,False,balanced,calibrated_balanced,1
BOAMP:22-118541,BOAMP,NAME:dgac dsna,72.0,IT Services & Consulting,2022-09-02,12.0,0,27.96,27.96,,,,OUVERT,SERVICES,False,2023-09-02,publication_date,none,,,,,,0,0,0,,,,0,False,False,balanced,calibrated_balanced,1
BOAMP:22-120791,BOAMP,SIREN:244900015,32.0,Telecom & Networks,2022-09-11,12.0,0,27.66,27.66,,,300000.0,OUVERT,FOURNITURES,False,2023-09-11,publication_date,none,,,,,,0,0,0,,,,0,False,False,balanced,calibrated_balanced,1
BOAMP:22-123056,BOAMP,NAME:de loire atlanti,72.0,IT Services & Consulting,2023-02-09,12.0,0,22.7,22.7,,,1000000.0,OUVERT,SERVICES,False,2024-02-09,attribution_award_date,none,,,,,,0,0,0,,,,0,False,False,balanced,calibrated_balanced,1
BOAMP:22-126881,BOAMP,NAME:de loire atlanti,32.0,Telecom & Networks,2022-09-21,12.0,0,27.33,27.33,,,,OUVERT,FOURNITURES,False,2023-09-21,publication_date,none,,,,,,0,0,0,,,,0,False,False,balanced,calibrated_balanced,1
BOAMP:22-128177,BOAMP,SIREN:451518641,72.0,IT Services & Consulting,2022-12-13,12.0,0,24.61,24.61,,,,OUVERT,SERVICES,False,2023-12-13,attribution_award_date,none,,,,,,0,0,0,,,,0,False,False,balanced,calibrated_balanced,1
BOAMP:22-134715,BOAMP,NAME:de loire atlanti,48.0,Software & Applications,2022-10-07,12.0,0,26.81,26.81,,,,OUVERT,FOURNITURES,False,2023-10-07,publication_date,none,,,,,,0,0,0,,,,0,False,False,balanced,calibrated_balanced,1
BOAMP:22-141252,BOAMP,SIREN:180043010,72.0,Digital Workplace & Collaboration,2022-10-20,12.0,0,26.38,26.38,,,,OUVERT,SERVICES,False,2023-10-20,publication_date,none,,,,,,0,0,0,,,,0,False,False,balanced,calibrated_balanced,1
BOAMP:22-141594,BOAMP,SIREN:244900015,72.0,IT Services & Consulting,2022-10-21,12.0,0,26.35,26.35,,,,OUVERT,SERVICES,False,2023-10-21,publication_date,none,,,,,,0,0,0,,,,0,False,False,balanced,calibrated_balanced,1
BOAMP:22-144511,BOAMP,NAME:ubs,38.0,Unknown,2022-10-28,6.0,0,26.12,26.12,,,,OUVERT,FOURNITURES,False,2023-04-28,publication_date,none,,,,,,0,0,0,,,,0,False,False,balanced,calibrated_balanced,1
BOAMP:22-148365,BOAMP,NAME:le mans,50.0,Unknown,2023-06-02,12.0,0,18.99,18.99,,,264000.0,OUVERT,SERVICES,False,2024-06-01,attribution_award_date,none,,,,,,0,0,0,,,,0,False,False,balanced,calibrated_balanced,1
BOAMP:22-150567,BOAMP,NAME:geves,35.0,Cybersecurity,2022-11-12,12.0,0,25.62,25.62,,,160000.0,OUVERT,FOURNITURES,False,2023-11-12,publication_date,none,,,,,,0,0,0,,,,0,False,False,balanced,calibrated_balanced,1
BOAMP:22-153148,BOAMP,SIREN:234400034,72.0,IT Services & Consulting,2022-11-19,5.0,1,6.41,,6.41,BOAMP:23-73693,,OUVERT,SERVICES,False,2023-04-20,publication_date,calibrated_rule,0.5663,0.5332,0.2,True,0.765,0,0,0,0.5663,,,1,True,False,balanced,calibrated_balanced,0
BOAMP:22-162609,BOAMP,SIREN:244900015,48.0,Software & Applications,2022-12-09,12.0,1,11.14,,11.14,BOAMP:23-23753,,OUVERT,FOURNITURES,False,2023-12-09,publication_date,calibrated_rule,0.522,0.5017,0.0,True,0.8567,0,0,0,0.522,,,1,True,False,balanced,calibrated_balanced,0
BOAMP:22-162095,BOAMP,SIREN:225300011,72.0,IT Services & Consulting,2022-12-09,12.0,1,9.13,,9.13,BOAMP:23-66104,,OUVERT,SERVICES,False,2023-12-09,publication_date,calibrated_rule,0.656,0.6291,0.6,True,0.5217,0,0,0,0.656,,,1,True,False,balanced,calibrated_balanced,0
BOAMP:22-165707,BOAMP,NAME:le mans,72.0,Cybersecurity,2022-12-15,12.0,0,24.54,24.54,,,,OUVERT,SERVICES,False,2023-12-15,publication_date,none,,,,,,0,0,0,,,,0,False,False,balanced,calibrated_balanced,1
BOAMP:22-166133,BOAMP,NAME:gie des epl de vendee,48.0,Software & Applications,2022-12-18,12.0,0,24.44,24.44,,,,OUVERT,FOURNITURES,False,2023-12-18,publication_date,none,,,,,,0,0,0,,,,0,False,False,balanced,calibrated_balanced,1
BOAMP:22-166149,BOAMP,NAME:gie des epl de vendee,48.0,Software & Applications,2023-02-20,2.0,0,22.34,22.34,,,,OUVERT,FOURNITURES,False,2023-04-21,attribution_award_date,none,,,,,,0,0,0,,,,0,False,False,balanced,calibrated_balanced,1
BOAMP:22-169110,BOAMP,NAME:shema,45.0,Data & AI,2023-03-20,16.0,0,21.42,21.42,,,38000.0,OUVERT,TRAVAUX,False,2024-07-19,attribution_award_date,none,,,,,,0,0,0,,,,0,False,False,balanced,calibrated_balanced,1
BOAMP:23-2072,BOAMP,SIREN:214400202,72.0,Digital Workplace & Collaboration,2023-04-19,12.0,0,20.43,20.43,,,540000.0,OUVERT,SERVICES,False,2024-04-18,attribution_award_date,none,,,,,,0,0,0,,,,0,False,False,balanced,calibrated_balanced,1
BOAMP:23-12742,BOAMP,NAME:ubs,43.0,Unknown,2023-01-28,4.0,0,23.09,23.09,,,15000.0,OUVERT,FOURNITURES,False,2023-05-29,publication_date,none,,,,,,0,0,0,,,,0,False,False,balanced,calibrated_balanced,1
BOAMP:23-12419,BOAMP,SIREN:234400034,72.0,Digital Workplace & Collaboration,2023-05-31,12.0,0,19.05,19.05,,,,OUVERT,SERVICES,False,2024-05-30,attribution_award_date,none,,,,,,0,0,0,,,,0,False,False,balanced,calibrated_balanced,1
BOAMP:23-20260,BOAMP,SIREN:234400034,72.0,IT Services & Consulting,2023-02-12,12.0,1,10.09,,10.09,BOAMP:23-174149,,OUVERT,SERVICES,False,2024-02-12,publication_date,calibrated_rule,0.5407,0.511,0.2,True,0.6817,0,0,0,0.5407,,,1,True,False,balanced,calibrated_balanced,0
BOAMP:23-22379,BOAMP,NAME:ctre hosp universitaire angers,32.0,Telecom & Networks,2023-04-21,12.0,0,20.37,20.37,,,,OUVERT,FOURNITURES,False,2024-04-20,attribution_award_date,none,,,,,,0,0,0,,,,0,False,False,balanced,calibrated_balanced,1
BOAMP:23-24020,BOAMP,SIREN:214900995,35.0,Cybersecurity,2023-05-11,12.0,0,19.71,19.71,,,,OUVERT,FOURNITURES,False,2024-05-10,attribution_award_date,none,,,,,,0,0,0,,,,0,False,False,balanced,calibrated_balanced,1
BOAMP:23-30054,BOAMP,SIREN:224900019,35.0,Cybersecurity,2023-03-07,3.0,0,21.85,21.85,,,,OUVERT,TRAVAUX,False,2023-06-06,publication_date,none,,,,,,0,0,0,,,,0,False,False,balanced,calibrated_balanced,1
BOAMP:23-31948,BOAMP,NAME:soc publique reg abe de fontevraud,32.0,Telecom & Networks,2023-03-11,4.0,0,21.71,21.71,,,,OUVERT,FOURNITURES,False,2023-07-10,publication_date,none,,,,,,0,0,0,,,,0,False,False,balanced,calibrated_balanced,1
BOAMP:23-41937,BOAMP,SIREN:451518641,72.0,IT Services & Consulting,2023-06-27,12.0,0,18.17,18.17,,,400000.0,OUVERT,SERVICES,False,2024-06-26,attribution_award_date,none,,,,,,0,0,0,,,,0,False,False,balanced,calibrated_balanced,1
BOAMP:23-42778,BOAMP,SIREN:264400136,72.0,Digital Workplace & Collaboration,2023-04-01,12.0,0,21.02,21.02,,,,NEGOCIE,SERVICES,False,2024-03-31,publication_date,none,,,,,,0,0,0,,,,0,False,False,balanced,calibrated_balanced,1
BOAMP:23-47137,BOAMP,SIREN:532458809,35.0,Cybersecurity,2023-07-19,12.0,0,17.44,17.44,,,70000.0,OUVERT,FOURNITURES,False,2024-07-18,attribution_award_date,none,,,,,,0,0,0,,,,0,False,False,balanced,calibrated_balanced,1
BOAMP:23-48831,BOAMP,SIREN:214401093,32.0,Telecom & Networks,2023-04-12,6.0,0,20.66,20.66,,,,OUVERT,SERVICES,False,2023-10-11,publication_date,none,,,,,,0,0,0,,,,0,False,False,balanced,calibrated_balanced,1
BOAMP:23-53540,BOAMP,SIREN:218502888,30.0,IT Hardware & Equipment,2023-04-21,12.0,0,20.37,20.37,,,,OUVERT,FOURNITURES,False,2024-04-20,publication_date,none,,,,,,0,0,0,,,,0,False,False,balanced,calibrated_balanced,1
BOAMP:23-56091,BOAMP,NAME:ubs,32.0,Telecom & Networks,2023-04-26,4.0,0,20.2,20.2,,,150000.0,OUVERT,FOURNITURES,False,2023-08-25,publication_date,none,,,,,,0,0,0,,,,0,False,False,balanced,calibrated_balanced,1
BOAMP:23-61350,BOAMP,SIREN:834692402,45.0,Unknown,2023-12-19,13.0,0,12.42,12.42,,,,OUVERT,TRAVAUX,False,2025-01-17,attribution_award_date,none,,,,,,0,0,0,,,,0,False,False,balanced,calibrated_balanced,1
BOAMP:23-68037,BOAMP,NAME:cap atlantique,30.0,IT Hardware & Equipment,2023-07-21,12.0,0,17.38,17.38,,,214000.0,OUVERT,FOURNITURES,False,2024-07-20,attribution_award_date,none,,,,,,0,0,0,,,,0,False,False,balanced,calibrated_balanced,1
BOAMP:23-86585,BOAMP,SIREN:200071900,32.0,Telecom & Networks,2023-06-22,12.0,0,18.33,18.33,,,,OUVERT,SERVICES,False,2024-06-21,publication_date,none,,,,,,0,0,0,,,,0,False,False,balanced,calibrated_balanced,1
BOAMP:23-85344,BOAMP,SIREN:130026123,32.0,Telecom & Networks,2023-06-23,12.0,0,18.3,18.3,,,1200000.0,OUVERT,FOURNITURES,False,2024-06-22,publication_date,none,,,,,,0,0,0,,,,0,False,False,balanced,calibrated_balanced,1
BOAMP:23-85790,BOAMP,SIREN:130026123,32.0,Telecom & Networks,2023-06-23,12.0,0,18.3,18.3,,,1200000.0,OUVERT,FOURNITURES,False,2024-06-22,publication_date,none,,,,,,0,0,0,,,,0,False,False,balanced,calibrated_balanced,1
BOAMP:23-86121,BOAMP,SIREN:228500013,39.0,Cybersecurity,2023-11-28,12.0,0,13.11,13.11,,,75000.0,OUVERT,FOURNITURES,False,2024-11-27,attribution_award_date,none,,,,,,0,0,0,,,,0,False,False,balanced,calibrated_balanced,1
BOAMP:23-92003,BOAMP,SIREN:830955068,72.0,IT Services & Consulting,2023-09-11,12.0,0,15.67,15.67,,,400000.0,OUVERT,SERVICES,False,2024-09-10,attribution_award_date,none,,,,,,0,0,0,,,,0,False,False,balanced,calibrated_balanced,1
BOAMP:23-98097,BOAMP,SIREN:200071900,48.0,Software & Applications,2023-07-11,3.0,0,17.71,17.71,,,,OUVERT,SERVICES,False,2023-10-10,publication_date,none,,,,,,0,0,0,,,,0,False,False,balanced,calibrated_balanced,1
BOAMP:23-131022,BOAMP,SIREN:174404301,48.0,Software & Applications,2023-09-20,7.0,0,15.37,15.37,,,,OUVERT,TRAVAUX,False,2024-04-20,publication_date,none,,,,,,0,0,0,,,,0,False,False,balanced,calibrated_balanced,1
BOAMP:23-108932,BOAMP,SIREN:555650308,32.0,Telecom & Networks,2023-11-27,4.0,0,13.14,13.14,,,300000.0,OUVERT,FOURNITURES,False,2024-03-27,attribution_award_date,none,,,,,,0,0,0,,,,0,False,False,balanced,calibrated_balanced,1
BOAMP:23-137061,BOAMP,SIREN:214400434,32.0,Telecom & Networks,2023-10-03,2.0,0,14.95,14.95,,,,OUVERT,FOURNITURES,False,2023-12-02,publication_date,none,,,,,,0,0,0,,,,0,False,False,balanced,calibrated_balanced,1
BOAMP:23-180715,BOAMP,SIREN:245300355,48.0,Cloud & Infrastructure,2023-12-30,4.0,0,12.06,12.06,,,,OUVERT,FOURNITURES,False,2024-04-29,publication_date,none,,,,,,0,0,0,,,,0,False,False,balanced,calibrated_balanced,1
BOAMP:24-7288,BOAMP,SIREN:228500013,39.0,Cybersecurity,2024-01-24,4.0,0,11.24,11.24,,,,OUVERT,FOURNITURES,False,2024-05-24,publication_date,none,,,,,,0,0,0,,,,0,False,False,balanced,calibrated_balanced,1
BOAMP:24-10272,BOAMP,SIRET:83095506800044,71.0,Unknown,2024-01-31,3.942181340341656,0,11.01,11.01,,,1750000.0,OUVERT,SERVICES,False,2024-05-30,publication_date,none,,,,,,0,0,0,,,,0,False,False,balanced,calibrated_balanced,1
BOAMP:24-11668,BOAMP,SIREN:218500478,32.0,Telecom & Networks,2024-02-01,3.942181340341656,0,10.97,10.97,,,253000.0,OUVERT,FOURNITURES,False,2024-05-31,publication_date,none,,,,,,0,0,0,,,,0,False,False,balanced,calibrated_balanced,1
BOAMP:24-12133,BOAMP,SIREN:174400051,72.0,IT Services & Consulting,2024-02-02,2.9566360052562417,0,10.94,10.94,,,,OUVERT,SERVICES,False,2024-05-02,publication_date,none,,,,,,0,0,0,,,,0,False,False,balanced,calibrated_balanced,1
BOAMP:24-11800,BOAMP,NAME:ville du mans,75.0,GIS & Mapping,2024-02-02,4.0,0,10.94,10.94,,,2815000.0,OUVERT,SERVICES,False,2024-06-02,publication_date,none,,,,,,0,0,0,,,,0,False,False,balanced,calibrated_balanced,1
BOAMP:24-15971,BOAMP,SIREN:214401846,32.0,Telecom & Networks,2024-02-09,4.0,0,10.71,10.71,,,2792500.0,OUVERT,FOURNITURES,False,2024-06-09,publication_date,none,,,,,,0,0,0,,,,0,False,False,balanced,calibrated_balanced,1
BOAMP:24-18790,BOAMP,SIREN:227200029,50.0,Unknown,2024-02-16,4.0,0,10.48,10.48,,,,OUVERT,SERVICES,False,2024-06-16,publication_date,none,,,,,,0,0,0,,,,0,False,False,balanced,calibrated_balanced,1
BOAMP:24-20387,BOAMP,SIREN:935367433,71.0,Software & Applications,2024-02-20,4.0,0,10.35,10.35,,,,OUVERT,SERVICES,False,2024-06-20,publication_date,none,,,,,,0,0,0,,,,0,False,False,balanced,calibrated_balanced,1
BOAMP:24-21999,BOAMP,SIRET:20004248900019,72.0,IT Services & Consulting,2024-02-23,3.942181340341656,0,10.25,10.25,,,,OUVERT,SERVICES,False,2024-06-22,publication_date,none,,,,,,0,0,0,,,,0,False,False,balanced,calibrated_balanced,1
BOAMP:24-22970,BOAMP,NAME:ville du mans,75.0,GIS & Mapping,2024-02-25,4.0,0,10.18,10.18,,,2815000.0,OUVERT,SERVICES,False,2024-06-25,publication_date,none,,,,,,0,0,0,,,,0,False,False,balanced,calibrated_balanced,1
BOAMP:24-24883,BOAMP,NAME:lpo touchard washington,50.0,Unknown,2024-03-01,4.0,0,10.02,10.02,,,,,SERVICES,False,2024-06-30,publication_date,none,,,,,,0,0,0,,,,0,False,False,balanced,calibrated_balanced,1
BOAMP:24-25465,BOAMP,SIREN:200071876,30.0,IT Hardware & Equipment,2024-03-01,3.942181340341656,0,10.02,10.02,,,,,FOURNITURES,False,2024-06-29,publication_date,none,,,,,,0,0,0,,,,0,False,False,balanced,calibrated_balanced,1
BOAMP:24-34106,BOAMP,NAME:cnieg,72.0,IT Services & Consulting,2024-03-22,3.0,0,9.33,9.33,,,3000000.0,,SERVICES,False,2024-06-21,publication_date,none,,,,,,0,0,0,,,,0,False,False,balanced,calibrated_balanced,1
BOAMP:15-30947,BOAMP,NAME:smictom de la vallee de l authion,48.0,Software & Applications,2015-03-02,12.0,0,118.0,118.0,,,150000.0,OUVERT,SERVICES,False,2016-03-01,publication_date,none,,,,,,0,0,0,,,,0,False,False,strict,calibrated_strict,1
BOAMP:15-31464,BOAMP,SIREN:285300018,,Unknown,2015-03-02,36.0,0,118.0,118.0,,,,OUVERT,FOURNITURES,False,2018-03-01,publication_date,none,,,,,,0,0,0,,,,0,False,False,strict,calibrated_strict,1
BOAMP:15-31513,BOAMP,SIREN:214401432,38.0,Unknown,2015-03-02,48.0,0,118.0,118.0,,,,OUVERT,FOURNITURES,False,2019-03-02,publication_date,none,,,,,,0,0,0,,,,0,False,False,strict,calibrated_strict,1
BOAMP:15-20937,BOAMP,SIREN:214401093,44.0,Unknown,2015-03-03,48.0,0,117.97,117.97,,,,OUVERT,FOURNITURES,False,2019-03-03,publication_date,none,,,,,,0,0,0,,,,0,False,False,strict,calibrated_strict,1
BOAMP:15-32168,BOAMP,SIREN:234400034,72.0,IT Services & Consulting,2015-07-21,24.0,0,113.37,113.37,,,,OUVERT,SERVICES,False,2017-07-20,attribution_award_date,none,,,,,,0,0,0,,,,0,False,False,strict,calibrated_strict,1
BOAMP:15-31641,BOAMP,SIREN:784301525,,Data & AI,2015-03-04,12.0,0,117.94,117.94,,,800000.0,OUVERT,FOURNITURES,False,2016-03-03,publication_date,none,,,,,,0,0,0,,,,0,False,False,strict,calibrated_strict,1
BOAMP:15-31797,BOAMP,NAME:acoss,72.0,IT Services & Consulting,2015-03-04,12.0,0,117.94,117.94,,,,OUVERT,SERVICES,False,2016-03-03,publication_date,none,,,,,,0,0,0,,,,0,False,False,strict,calibrated_strict,1
BOAMP:15-33241,BOAMP,SIREN:264400136,32.0,Telecom & Networks,2015-09-11,48.0,0,111.66,111.66,,,,OUVERT,FOURNITURES,True,2019-09-11,attribution_award_date,none,,,,,,0,0,0,,,,0,False,False,strict,calibrated_strict,1
BOAMP:15-33752,BOAMP,SIREN:234400034,72.0,Cybersecurity,2015-06-29,48.0,0,114.09,114.09,,,,OUVERT,SERVICES,True,2019-06-29,attribution_award_date,none,,,,,,0,0,0,,,,0,False,False,strict,calibrated_strict,1
BOAMP:15-34520,BOAMP,NAME:d angers,32.0,Telecom & Networks,2015-03-06,48.0,0,117.87,117.87,,,,PROCEDURE_ADAPTE,FOURNITURES,True,2019-03-06,publication_date,none,,,,,,0,0,0,,,,0,False,False,strict,calibrated_strict,1
BOAMP:15-37182,BOAMP,NAME:mindef dga dt scat,35.0,Cybersecurity,2015-03-11,48.0,0,117.71,117.71,,,,NEGOCIE,,False,2019-03-11,publication_date,none,,,,,,0,0,0,,,,0,False,False,strict,calibrated_strict,1
BOAMP:15-42843,BOAMP,NAME:cte de cnes de l ile de noirmoutier,72.0,IT Services & Consulting,2015-03-24,48.0,0,117.28,117.28,,,,OUVERT,SERVICES,False,2019-03-24,publication_date,none,,,,,,0,0,0,,,,0,False,False,strict,calibrated_strict,1
BOAMP:15-44999,BOAMP,NAME:conseil general de la vendee,39.0,Cybersecurity,2015-03-24,48.0,0,117.28,117.28,,,,OUVERT,,True,2019-03-24,publication_date,none,,,,,,0,0,0,,,,0,False,False,strict,calibrated_strict,1
BOAMP:15-47591,BOAMP,SIREN:532458809,32.0,Telecom & Networks,2015-03-27,36.0,0,117.18,117.18,,,,PROCEDURE_ADAPTE,,False,2018-03-26,publication_date,none,,,,,,0,0,0,,,,0,False,False,strict,calibrated_strict,1
BOAMP:15-47696,BOAMP,SIREN:110006012,72.0,IT Services & Consulting,2015-03-30,48.0,0,117.08,117.08,,,,OUVERT,SERVICES,False,2019-03-30,publication_date,none,,,,,,0,0,0,,,,0,False,False,strict,calibrated_strict,1
BOAMP:15-31076,BOAMP,SIREN:218501914,35.0,Cybersecurity,2015-04-01,48.0,0,117.02,117.02,,,,PROCEDURE_ADAPTE,,False,2019-04-01,publication_date,none,,,,,,0,0,0,,,,0,False,False,strict,calibrated_strict,1
BOAMP:15-50314,BOAMP,SIREN:110006012,72.0,IT Services & Consulting,2015-04-02,48.0,0,116.98,116.98,,,,OUVERT,,True,2019-04-02,publication_date,none,,,,,,0,0,0,,,,0,False,False,strict,calibrated_strict,1
BOAMP:15-51571,BOAMP,NAME:residences saint alexandre,48.0,Software & Applications,2015-04-07,48.0,0,116.82,116.82,,,,OUVERT,,True,2019-04-07,publication_date,none,,,,,,0,0,0,,,,0,False,False,strict,calibrated_strict,1
BOAMP:15-52664,BOAMP,SIREN:110006012,72.0,IT Services & Consulting,2015-04-08,48.0,0,116.79,116.79,,,,OUVERT,SERVICES,False,2019-04-08,publication_date,none,,,,,,0,0,0,,,,0,False,False,strict,calibrated_strict,1
BOAMP:15-53947,BOAMP,SIREN:214401622,48.0,Software & Applications,2015-04-10,48.0,0,116.72,116.72,,,,PROCEDURE_ADAPTE,SERVICES,True,2019-04-10,publication_date,none,,,,,,0,0,0,,,,0,False,False,strict,calibrated_strict,1
BOAMP:15-54892,BOAMP,SIREN:288500010,32.0,Telecom & Networks,2015-04-10,48.0,0,116.72,116.72,,,,OUVERT,,True,2019-04-10,publication_date,none,,,,,,0,0,0,,,,0,False,False,strict,calibrated_strict,1
BOAMP:15-54272,BOAMP,SIREN:264900390,,Unknown,2015-04-10,44.0,0,116.72,116.72,,,,OUVERT,,False,2018-12-09,publication_date,none,,,,,,0,0,0,,,,0,False,False,strict,calibrated_strict,1
BOAMP:15-54977,BOAMP,NAME:conseil general de la sarthe,64.0,Digital Workplace & Collaboration,2015-04-13,48.0,0,116.62,116.62,,,,OUVERT,SERVICES,True,2019-04-13,publication_date,none,,,,,,0,0,0,,,,0,False,False,strict,calibrated_strict,1
BOAMP:15-55213,BOAMP,SIREN:451324974,32.0,Telecom & Networks,2015-04-13,12.0,0,116.62,116.62,,,,OUVERT,,False,2016-04-12,publication_date,none,,,,,,0,0,0,,,,0,False,False,strict,calibrated_strict,1
BOAMP:15-56123,BOAMP,SIREN:247200132,45.0,Unknown,2015-04-14,48.0,0,116.59,116.59,,,,PROCEDURE_ADAPTE,,True,2019-04-14,publication_date,none,,,,,,0,0,0,,,,0,False,False,strict,calibrated_strict,1
BOAMP:15-56649,BOAMP,SIREN:234400034,72.0,IT Services & Consulting,2015-04-14,12.0,0,116.59,116.59,,,,OUVERT,SERVICES,False,2016-04-13,publication_date,none,,,,,,0,0,0,,,,0,False,False,strict,calibrated_strict,1
BOAMP:15-55527,BOAMP,NAME:cdc du pays de saint gilles cx de vie,48.0,Software & Applications,2015-04-14,48.0,0,116.59,116.59,,,,OUVERT,SERVICES,True,2019-04-14,publication_date,none,,,,,,0,0,0,,,,0,False,False,strict,calibrated_strict,1
BOAMP:15-56918,BOAMP,NAME:vallet,32.0,Telecom & Networks,2015-04-15,12.0,0,116.56,116.56,,,,PROCEDURE_ADAPTE,,False,2016-04-14,publication_date,none,,,,,,0,0,0,,,,0,False,False,strict,calibrated_strict,1
BOAMP:15-56776,BOAMP,SIREN:532458809,32.0,Telecom & Networks,2015-04-15,48.0,0,116.56,116.56,,,,PROCEDURE_ADAPTE,,True,2019-04-15,publication_date,none,,,,,,0,0,0,,,,0,False,False,strict,calibrated_strict,1
BOAMP:15-58339,BOAMP,NAME:cnieg,72.0,IT Services & Consulting,2015-07-22,48.0,0,113.34,113.34,,,,OUVERT,SERVICES,False,2019-07-22,attribution_award_date,none,,,,,,0,0,0,,,,0,False,False,strict,calibrated_strict,1
BOAMP:15-58989,BOAMP,NAME:ccir pays de la loire,48.0,Software & Applications,2015-04-17,48.0,0,116.49,116.49,,,,OUVERT,,True,2019-04-17,publication_date,none,,,,,,0,0,0,,,,0,False,False,strict,calibrated_strict,1
BOAMP:15-59370,BOAMP,SIREN:264400136,72.0,IT Services & Consulting,2015-04-20,48.0,0,116.39,116.39,,,,PROCEDURE_ADAPTE,SERVICES,False,2019-04-20,publication_date,none,,,,,,0,0,0,,,,0,False,False,strict,calibrated_strict,1
BOAMP:15-59556,BOAMP,NAME:conseil general de loire atlantique,35.0,Cybersecurity,2015-08-24,48.0,0,112.25,112.25,,,200000.0,OUVERT,,False,2019-08-24,attribution_award_date,none,,,,,,0,0,0,,,,0,False,False,strict,calibrated_strict,1
BOAMP:15-64142,BOAMP,SIREN:264400136,48.0,Software & Applications,2015-04-24,48.0,0,116.26,116.26,,,,PROCEDURE_ADAPTE,,True,2019-04-24,publication_date,none,,,,,,0,0,0,,,,0,False,False,strict,calibrated_strict,1
BOAMP:15-50024,BOAMP,SIREN:258500222,35.0,Cybersecurity,2015-06-25,6.0,0,114.22,114.22,,,,PROCEDURE_ADAPTE,,False,2015-12-24,attribution_award_date,none,,,,,,0,0,0,,,,0,False,False,strict,calibrated_strict,1
BOAMP:15-63153,BOAMP,SIREN:258500222,45.0,Unknown,2015-04-27,48.0,0,116.16,116.16,,,,PROCEDURE_ADAPTE,,True,2019-04-27,publication_date,none,,,,,,0,0,0,,,,0,False,False,strict,calibrated_strict,1
BOAMP:15-64904,BOAMP,SIREN:288500010,48.0,Software & Applications,2015-04-28,68.0,0,116.13,116.13,,,,PROCEDURE_ADAPTE,,False,2020-12-26,publication_date,none,,,,,,0,0,0,,,,0,False,False,strict,calibrated_strict,1
BOAMP:15-65940,BOAMP,NAME:pole sante sarthe et loire,72.0,IT Maintenance & Support,2015-04-29,48.0,0,116.1,116.1,,,,PROCEDURE_ADAPTE,SERVICES,True,2019-04-29,publication_date,none,,,,,,0,0,0,,,,0,False,False,strict,calibrated_strict,1
BOAMP:15-65742,BOAMP,NAME:ville du mans,32.0,Telecom & Networks,2015-07-10,48.0,0,113.73,113.73,,,,PROCEDURE_ADAPTE,,True,2019-07-10,attribution_award_date,none,,,,,,0,0,0,,,,0,False,False,strict,calibrated_strict,1
BOAMP:15-68078,BOAMP,NAME:dir ouest,32.0,Telecom & Networks,2015-05-04,48.0,1,52.99,,52.99,BOAMP:19-71182,240000.0,OUVERT,SERVICES,False,2019-05-04,publication_date,calibrated_rule,0.7631,0.8236,1.0,True,0.1683,0,0,0,0.7631,,,1,True,False,strict,calibrated_strict,0
BOAMP:15-67480,BOAMP,NAME:syndicat departemental d energie,48.0,Software & Applications,2015-05-04,48.0,0,115.93,115.93,,,,PROCEDURE_ADAPTE,SERVICES,True,2019-05-04,publication_date,none,,,,,,0,0,0,,,,0,False,False,strict,calibrated_strict,1
BOAMP:15-70236,BOAMP,SIREN:288500010,72.0,IT Services & Consulting,2015-05-06,42.0,0,115.87,115.87,,,,PROCEDURE_ADAPTE,SERVICES,False,2018-11-04,publication_date,none,,,,,,0,0,0,,,,0,False,False,strict,calibrated_strict,1
BOAMP:15-71156,BOAMP,SIREN:194909701,48.0,Software & Applications,2015-10-06,48.0,0,110.84,110.84,,,,OUVERT,,False,2019-10-06,attribution_award_date,none,,,,,,0,0,0,,,,0,False,False,strict,calibrated_strict,1
BOAMP:15-72457,BOAMP,SIREN:234400034,72.0,IT Services & Consulting,2015-05-12,12.0,0,115.67,115.67,,,,OUVERT,SERVICES,False,2016-05-11,publication_date,none,,,,,,0,0,0,,,,0,False,False,strict,calibrated_strict,1
BOAMP:15-78724,BOAMP,NAME:e collectivites vendee,72.0,IT Services & Consulting,2015-05-22,48.0,0,115.34,115.34,,,,PROCEDURE_ADAPTE,SERVICES,True,2019-05-22,publication_date,none,,,,,,0,0,0,,,,0,False,False,strict,calibrated_strict,1
BOAMP:15-78916,BOAMP,SIREN:264400136,72.0,IT Services & Consulting,2015-05-22,48.0,0,115.34,115.34,,,,PROCEDURE_ADAPTE,SERVICES,True,2019-05-22,publication_date,none,,,,,,0,0,0,,,,0,False,False,strict,calibrated_strict,1
BOAMP:15-78924,BOAMP,SIREN:234400034,,Telecom & Networks,2015-05-26,12.0,0,115.21,115.21,,,,OUVERT,SERVICES,False,2016-05-25,publication_date,none,,,,,,0,0,0,,,,0,False,False,strict,calibrated_strict,1
BOAMP:15-81386,BOAMP,NAME:gpm de nantes st nazaire,48.0,Software & Applications,2015-05-28,48.0,0,115.14,115.14,,,600000.0,DIALOGUE_COMPETITIF,SERVICES,True,2019-05-28,publication_date,none,,,,,,0,0,0,,,,0,False,False,strict,calibrated_strict,1
BOAMP:15-81231,BOAMP,NAME:saem vendee,72.0,IT Services & Consulting,2015-09-28,48.0,0,111.1,111.1,,,,OUVERT,SERVICES,True,2019-09-28,attribution_award_date,none,,,,,,0,0,0,,,,0,False,False,strict,calibrated_strict,1
BOAMP:15-82510,BOAMP,NAME:cg49,,Data & AI,2015-06-01,48.0,0,115.01,115.01,,,,OUVERT,,True,2019-06-01,publication_date,none,,,,,,0,0,0,,,,0,False,False,strict,calibrated_strict,1
BOAMP:15-82236,BOAMP,SIREN:214401432,38.0,Unknown,2015-06-01,48.0,0,115.01,115.01,,,1090000.0,OUVERT,,False,2019-06-01,publication_date,none,,,,,,0,0,0,,,,0,False,False,strict,calibrated_strict,1
BOAMP:15-83632,BOAMP,SIREN:264400136,72.0,IT Services & Consulting,2015-06-03,48.0,0,114.95,114.95,,,,PROCEDURE_ADAPTE,SERVICES,True,2019-06-03,publication_date,none,,,,,,0,0,0,,,,0,False,False,strict,calibrated_strict,1
BOAMP:15-85320,BOAMP,SIREN:110006012,48.0,Software & Applications,2015-06-04,48.0,0,114.91,114.91,,,,PROCEDURE_ADAPTE,,True,2019-06-04,publication_date,none,,,,,,0,0,0,,,,0,False,False,strict,calibrated_strict,1
BOAMP:15-84881,BOAMP,NAME:nantes metropole,48.0,Software & Applications,2015-10-14,48.0,0,110.58,110.58,,,,OUVERT,SERVICES,False,2019-10-14,attribution_award_date,none,,,,,,0,0,0,,,,0,False,False,strict,calibrated_strict,1
BOAMP:15-86218,BOAMP,SIREN:264400136,35.0,Cybersecurity,2015-06-05,48.0,0,114.88,114.88,,,,PROCEDURE_ADAPTE,,False,2019-06-05,publication_date,none,,,,,,0,0,0,,,,0,False,False,strict,calibrated_strict,1
BOAMP:15-87511,BOAMP,SIREN:265300087,,Telecom & Networks,2015-06-09,48.0,0,114.75,114.75,,,,OUVERT,SERVICES,True,2019-06-09,publication_date,none,,,,,,0,0,0,,,,0,False,False,strict,calibrated_strict,1
BOAMP:15-69493,BOAMP,NAME:ademe,72.0,Data & AI,2015-06-10,11.0,0,114.72,114.72,,,,OUVERT,SERVICES,False,2016-05-09,publication_date,none,,,,,,0,0,0,,,,0,False,False,strict,calibrated_strict,1
BOAMP:15-89415,BOAMP,NAME:le mans,,Software & Applications,2015-06-11,48.0,0,114.68,114.68,,,,PROCEDURE_ADAPTE,SERVICES,True,2019-06-11,publication_date,none,,,,,,0,0,0,,,,0,False,False,strict,calibrated_strict,1
BOAMP:15-89263,BOAMP,SIREN:258500222,72.0,Data & AI,2015-07-22,48.0,0,113.34,113.34,,,,PROCEDURE_ADAPTE,SERVICES,True,2019-07-22,attribution_award_date,none,,,,,,0,0,0,,,,0,False,False,strict,calibrated_strict,1
BOAMP:15-90549,BOAMP,SIREN:242900769,72.0,IT Services & Consulting,2015-06-15,48.0,0,114.55,114.55,,,,PROCEDURE_ADAPTE,SERVICES,True,2019-06-15,publication_date,none,,,,,,0,0,0,,,,0,False,False,strict,calibrated_strict,1
BOAMP:15-90148,BOAMP,SIREN:242900769,30.0,IT Hardware & Equipment,2015-06-15,48.0,0,114.55,114.55,,,,OUVERT,,True,2019-06-15,publication_date,none,,,,,,0,0,0,,,,0,False,False,strict,calibrated_strict,1
BOAMP:15-92216,BOAMP,SIREN:264400136,72.0,IT Services & Consulting,2015-06-16,48.0,0,114.52,114.52,,,,PROCEDURE_ADAPTE,,True,2019-06-16,publication_date,none,,,,,,0,0,0,,,,0,False,False,strict,calibrated_strict,1
BOAMP:15-92588,BOAMP,SIREN:234400034,72.0,IT Services & Consulting,2015-10-08,12.0,0,110.78,110.78,,,,OUVERT,SERVICES,False,2016-10-07,attribution_award_date,none,,,,,,0,0,0,,,,0,False,False,strict,calibrated_strict,1
BOAMP:15-94958,BOAMP,SIREN:791052491,,Telecom & Networks,2015-06-22,48.0,0,114.32,114.32,,,,OUVERT,SERVICES,True,2019-06-22,publication_date,none,,,,,,0,0,0,,,,0,False,False,strict,calibrated_strict,1
BOAMP:15-93928,BOAMP,NAME:cte d agglomeration du choletais,39.0,Cloud & Infrastructure,2015-06-22,48.0,0,114.32,114.32,,,,OUVERT,,True,2019-06-22,publication_date,none,,,,,,0,0,0,,,,0,False,False,strict,calibrated_strict,1
BOAMP:15-95100,BOAMP,SIREN:247200132,31.0,Telecom & Networks,2015-06-22,48.0,1,48.59,,48.59,BOAMP:19-105444,,OUVERT,,True,2019-06-22,publication_date,calibrated_rule,0.6785,0.8704,0.0,True,0.9017,0,0,0,0.6785,,,1,True,False,strict,calibrated_strict,0
BOAMP:15-95253,BOAMP,SIREN:264400136,35.0,Cybersecurity,2015-06-22,48.0,0,114.32,114.32,,,,PROCEDURE_ADAPTE,,True,2019-06-22,publication_date,none,,,,,,0,0,0,,,,0,False,False,strict,calibrated_strict,1
BOAMP:15-95813,BOAMP,SIREN:214401622,48.0,Software & Applications,2015-10-14,48.0,0,110.58,110.58,,,,OUVERT,,True,2019-10-14,attribution_award_date,none,,,,,,0,0,0,,,,0,False,False,strict,calibrated_strict,1
BOAMP:15-96106,BOAMP,NAME:cnieg,72.0,IT Services & Consulting,2015-06-24,48.0,0,114.26,114.26,,,,PROCEDURE_ADAPTE,SERVICES,True,2019-06-24,publication_date,none,,,,,,0,0,0,,,,0,False,False,strict,calibrated_strict,1
BOAMP:15-96786,BOAMP,NAME:conseil general de la sarthe,72.0,IT Services & Consulting,2015-06-24,48.0,0,114.26,114.26,,,,PROCEDURE_ADAPTE,SERVICES,True,2019-06-24,publication_date,none,,,,,,0,0,0,,,,0,False,False,strict,calibrated_strict,1
BOAMP:15-96870,BOAMP,SIREN:244900015,72.0,IT Services & Consulting,2015-06-25,48.0,0,114.22,114.22,,,,PROCEDURE_ADAPTE,SERVICES,True,2019-06-25,publication_date,none,,,,,,0,0,0,,,,0,False,False,strict,calibrated_strict,1
BOAMP:15-98976,BOAMP,SIREN:110006012,48.0,Software & Applications,2015-06-29,24.0,0,114.09,114.09,,,,PROCEDURE_ADAPTE,SERVICES,False,2017-06-28,publication_date,none,,,,,,0,0,0,,,,0,False,False,strict,calibrated_strict,1
BOAMP:15-100830,BOAMP,SIREN:247200132,45.0,Unknown,2015-07-01,48.0,0,114.03,114.03,,,,PROCEDURE_ADAPTE,,True,2019-07-01,publication_date,none,,,,,,0,0,0,,,,0,False,False,strict,calibrated_strict,1
BOAMP:15-100455,BOAMP,NAME:nantes metropole,35.0,Cybersecurity,2015-11-20,48.0,0,109.36,109.36,,,,OUVERT,SERVICES,False,2019-11-20,attribution_award_date,none,,,,,,0,0,0,,,,0,False,False,strict,calibrated_strict,1
BOAMP:15-102510,BOAMP,NAME:conseil general de la sarthe,72.0,Digital Workplace & Collaboration,2016-01-26,48.0,0,107.16,107.16,,,,OUVERT,SERVICES,True,2020-01-26,attribution_award_date,none,,,,,,0,0,0,,,,0,False,False,strict,calibrated_strict,1
BOAMP:15-105085,BOAMP,NAME:ccir pays de la loire,48.0,Software & Applications,2015-07-07,48.0,0,113.83,113.83,,,,DIALOGUE_COMPETITIF,SERVICES,True,2019-07-07,publication_date,none,,,,,,0,0,0,,,,0,False,False,strict,calibrated_strict,1
BOAMP:15-104125,BOAMP,SIREN:214401093,48.0,Software & Applications,2015-07-08,48.0,0,113.8,113.8,,,,PROCEDURE_ADAPTE,SERVICES,False,2019-07-08,publication_date,none,,,,,,0,0,0,,,,0,False,False,strict,calibrated_strict,1
BOAMP:15-107245,BOAMP,SIREN:247200132,48.0,Software & Applications,2016-02-02,48.0,0,106.93,106.93,,,,PROCEDURE_ADAPTE,,True,2020-02-02,attribution_award_date,none,,,,,,0,0,0,,,,0,False,False,strict,calibrated_strict,1
BOAMP:15-108955,BOAMP,SIREN:247200132,,Telecom & Networks,2015-07-13,48.0,0,113.63,113.63,,,,OUVERT,,True,2019-07-13,publication_date,none,,,,,,0,0,0,,,,0,False,False,strict,calibrated_strict,1
BOAMP:15-108645,BOAMP,SIREN:218502888,32.0,Telecom & Networks,2015-07-13,48.0,0,113.63,113.63,,,,PROCEDURE_ADAPTE,,True,2019-07-13,publication_date,none,,,,,,0,0,0,,,,0,False,False,strict,calibrated_strict,1
BOAMP:15-111481,BOAMP,SIREN:264400136,48.0,Software & Applications,2015-07-20,48.0,0,113.4,113.4,,,,OUVERT,,True,2019-07-20,publication_date,none,,,,,,0,0,0,,,,0,False,False,strict,calibrated_strict,1
BOAMP:15-111661,BOAMP,NAME:inra formation permanente nationale,48.0,Software & Applications,2015-07-21,36.0,0,113.37,113.37,,,129000.0,OUVERT,SERVICES,False,2018-07-20,publication_date,none,,,,,,0,0,0,,,,0,False,False,strict,calibrated_strict,1
BOAMP:15-114783,BOAMP,NAME:cnieg,72.0,IT Services & Consulting,2015-07-23,48.0,0,113.3,113.3,,,,PROCEDURE_ADAPTE,SERVICES,True,2019-07-23,publication_date,none,,,,,,0,0,0,,,,0,False,False,strict,calibrated_strict,1
BOAMP:15-115709,BOAMP,SIREN:214401846,72.0,IT Services & Consulting,2015-11-26,48.0,0,109.17,109.17,,,,PROCEDURE_ADAPTE,SERVICES,False,2019-11-26,attribution_award_date,none,,,,,,0,0,0,,,,0,False,False,strict,calibrated_strict,1
BOAMP:15-115988,BOAMP,SIREN:244900015,32.0,Telecom & Networks,2015-07-27,48.0,0,113.17,113.17,,,,PROCEDURE_ADAPTE,,False,2019-07-27,publication_date,none,,,,,,0,0,0,,,,0,False,False,strict,calibrated_strict,1
BOAMP:15-115336,BOAMP,NAME:d angers,72.0,IT Services & Consulting,2016-07-19,60.0,0,101.41,101.41,,,,DIALOGUE_COMPETITIF,SERVICES,False,2021-07-19,attribution_award_date,none,,,,,,0,0,0,,,,0,False,False,strict,calibrated_strict,1
BOAMP:15-119589,BOAMP,SIREN:214402158,32.0,Telecom & Networks,2015-08-03,48.0,0,112.94,112.94,,,,PROCEDURE_ADAPTE,,True,2019-08-03,publication_date,none,,,,,,0,0,0,,,,0,False,False,strict,calibrated_strict,1
BOAMP:15-119639,BOAMP,SIREN:194401006,32.0,Telecom & Networks,2015-11-03,48.0,0,109.92,109.92,,,,OUVERT,,True,2019-11-03,attribution_award_date,none,,,,,,0,0,0,,,,0,False,False,strict,calibrated_strict,1
BOAMP:15-122609,BOAMP,SIREN:214400269,32.0,Telecom & Networks,2015-12-18,60.0,0,108.44,108.44,,,,PROCEDURE_ADAPTE,,False,2020-12-17,attribution_award_date,none,,,,,,0,0,0,,,,0,False,False,strict,calibrated_strict,1
BOAMP:15-90876,BOAMP,SIREN:214401317,32.0,Telecom & Networks,2015-08-10,48.0,0,112.71,112.71,,,,OUVERT,SERVICES,True,2019-08-10,publication_date,none,,,,,,0,0,0,,,,0,False,False,strict,calibrated_strict,1
BOAMP:15-124226,BOAMP,SIREN:227200029,64.0,Digital Workplace & Collaboration,2015-08-10,48.0,1,47.73,,47.73,BOAMP:19-71679,,OUVERT,SERVICES,True,2019-08-10,publication_date,calibrated_rule,0.9849,0.9847,1.0,True,0.955,0,0,0,0.9849,,,1,True,False,strict,calibrated_strict,0
BOAMP:15-133200,BOAMP,NAME:saelsi,32.0,Telecom & Networks,2015-08-31,6.0,0,112.02,112.02,,,,PROCEDURE_ADAPTE,,False,2016-02-29,publication_date,none,,,,,,0,0,0,,,,0,False,False,strict,calibrated_strict,1
BOAMP:15-134263,BOAMP,SIREN:940022890,32.0,Telecom & Networks,2015-09-02,48.0,0,111.96,111.96,,,,OUVERT,,False,2019-09-02,publication_date,none,,,,,,0,0,0,,,,0,False,False,strict,calibrated_strict,1
BOAMP:15-136371,BOAMP,SIREN:285300018,,Data & AI,2015-09-07,48.0,0,111.79,111.79,,,,OUVERT,,False,2019-09-07,publication_date,none,,,,,,0,0,0,,,,0,False,False,strict,calibrated_strict,1
BOAMP:15-139094,BOAMP,SIREN:288500010,35.0,Cybersecurity,2015-12-03,38.0,0,108.94,108.94,,,,PROCEDURE_ADAPTE,,False,2019-02-01,attribution_award_date,none,,,,,,0,0,0,,,,0,False,False,strict,calibrated_strict,1
BOAMP:15-141361,BOAMP,SIREN:234400034,72.0,IT Services & Consulting,2015-12-07,48.0,0,108.8,108.8,,,,OUVERT,SERVICES,False,2019-12-07,attribution_award_date,none,,,,,,0,0,0,,,,0,False,False,strict,calibrated_strict,1
BOAMP:15-142353,BOAMP,NAME:ville du mans,32.0,Telecom & Networks,2016-01-21,48.0,1,53.25,,53.25,BOAMP:20-2441,,OUVERT,,True,2020-01-21,attribution_award_date,calibrated_rule,0.7358,0.777,1.0,True,0.125,0,0,0,0.7358,,,1,True,False,strict,calibrated_strict,0
BOAMP:15-143083,BOAMP,SIREN:264900390,35.0,Cybersecurity,2015-09-18,48.0,0,111.43,111.43,,,,PROCEDURE_ADAPTE,,False,2019-09-18,publication_date,none,,,,,,0,0,0,,,,0,False,False,strict,calibrated_strict,1
BOAMP:15-144405,BOAMP,NAME:regie dept passages d eau de vendee,72.0,IT Services & Consulting,2015-09-22,48.0,0,111.3,111.3,,,,PROCEDURE_ADAPTE,SERVICES,True,2019-09-22,publication_date,none,,,,,,0,0,0,,,,0,False,False,strict,calibrated_strict,1
BOAMP:15-146024,BOAMP,SIREN:214401093,32.0,Telecom & Networks,2015-12-17,48.0,0,108.48,108.48,,,,OUVERT,,True,2019-12-17,attribution_award_date,none,,,,,,0,0,0,,,,0,False,False,strict,calibrated_strict,1
BOAMP:15-150393,BOAMP,SIREN:794885913,48.0,Software & Applications,2015-10-05,12.0,0,110.87,110.87,,,,PROCEDURE_ADAPTE,SERVICES,False,2016-10-04,publication_date,none,,,,,,0,0,0,,,,0,False,False,strict,calibrated_strict,1
BOAMP:15-153008,BOAMP,NAME:ville du mans,37.0,Data & AI,2016-04-12,48.0,1,46.91,,46.91,BOAMP:19-172734,,OUVERT,,True,2020-04-12,attribution_award_date,calibrated_rule,0.8894,0.8144,1.0,True,0.8183,0,0,0,0.8894,,,1,True,False,strict,calibrated_strict,0
BOAMP:15-154566,BOAMP,NAME:cnieg,72.0,IT Services & Consulting,2016-01-28,48.0,0,107.1,107.1,,,,OUVERT,SERVICES,True,2020-01-28,attribution_award_date,none,,,,,,0,0,0,,,,0,False,False,strict,calibrated_strict,1
BOAMP:15-160688,BOAMP,SIREN:532458809,72.0,IT Services & Consulting,2015-10-20,48.0,0,110.38,110.38,,,,PROCEDURE_ADAPTE,SERVICES,True,2019-10-20,publication_date,none,,,,,,0,0,0,,,,0,False,False,strict,calibrated_strict,1
BOAMP:15-159244,BOAMP,NAME:nantes metropole,48.0,Software & Applications,2015-10-23,12.0,0,110.28,110.28,,,,OUVERT,,False,2016-10-22,publication_date,none,,,,,,0,0,0,,,,0,False,False,strict,calibrated_strict,1
BOAMP:15-164088,BOAMP,SIREN:214401622,48.0,Cloud & Infrastructure,2015-10-28,48.0,0,110.12,110.12,,,,PROCEDURE_ADAPTE,,True,2019-10-28,publication_date,none,,,,,,0,0,0,,,,0,False,False,strict,calibrated_strict,1
BOAMP:15-164187,BOAMP,SIREN:391722881,72.0,IT Services & Consulting,2015-10-28,48.0,0,110.12,110.12,,,,OUVERT,SERVICES,True,2019-10-28,publication_date,none,,,,,,0,0,0,,,,0,False,False,strict,calibrated_strict,1
BOAMP:15-165050,BOAMP,SIREN:244900015,72.0,IT Services & Consulting,2015-10-29,12.0,0,110.09,110.09,,,,PROCEDURE_ADAPTE,SERVICES,False,2016-10-28,publication_date,none,,,,,,0,0,0,,,,0,False,False,strict,calibrated_strict,1
BOAMP:15-165845,BOAMP,SIREN:214401200,35.0,Cybersecurity,2016-02-16,3.0,0,106.47,106.47,,,,PROCEDURE_ADAPTE,SERVICES,False,2016-05-17,attribution_award_date,none,,,,,,0,0,0,,,,0,False,False,strict,calibrated_strict,1
BOAMP:15-168917,BOAMP,NAME:sictom loir et sarthe,48.0,Software & Applications,2015-11-09,48.0,0,109.72,109.72,,,,PROCEDURE_ADAPTE,,True,2019-11-09,publication_date,none,,,,,,0,0,0,,,,0,False,False,strict,calibrated_strict,1
BOAMP:15-169809,BOAMP,SIREN:264400136,48.0,Software & Applications,2015-11-09,48.0,0,109.72,109.72,,,,PROCEDURE_ADAPTE,,True,2019-11-09,publication_date,none,,,,,,0,0,0,,,,0,False,False,strict,calibrated_strict,1
BOAMP:15-171325,BOAMP,SIREN:130031487,32.0,Telecom & Networks,2015-11-10,24.0,0,109.69,109.69,,,,OUVERT,SERVICES,False,2017-11-09,publication_date,none,,,,,,0,0,0,,,,0,False,False,strict,calibrated_strict,1
BOAMP:15-173700,BOAMP,SIREN:214401432,48.0,Software & Applications,2015-11-17,36.0,0,109.46,109.46,,,,PROCEDURE_ADAPTE,,False,2018-11-16,publication_date,none,,,,,,0,0,0,,,,0,False,False,strict,calibrated_strict,1
BOAMP:15-174987,BOAMP,SIREN:244900015,72.0,IT Services & Consulting,2015-11-18,48.0,1,45.73,,45.73,BOAMP:19-136955,,PROCEDURE_ADAPTE,,True,2019-11-18,publication_date,calibrated_rule,0.8828,0.8962,1.0,True,0.6217,0,0,0,0.8828,,,1,True,False,strict,calibrated_strict,0
BOAMP:15-175210,BOAMP,NAME:nantes metropole,72.0,Cybersecurity,2016-02-25,48.0,0,106.18,106.18,,,,OUVERT,SERVICES,True,2020-02-25,attribution_award_date,none,,,,,,0,0,0,,,,0,False,False,strict,calibrated_strict,1
BOAMP:15-175690,BOAMP,NAME:cnieg,72.0,IT Services & Consulting,2016-02-23,24.0,0,106.24,106.24,,,,OUVERT,SERVICES,False,2018-02-22,attribution_award_date,none,,,,,,0,0,0,,,,0,False,False,strict,calibrated_strict,1
BOAMP:15-177015,BOAMP,NAME:conseil general de loire atlantique,18.0,Telecom & Networks,2016-04-28,48.0,0,104.11,104.11,,,548000.0,OUVERT,,False,2020-04-28,attribution_award_date,none,,,,,,0,0,0,,,,0,False,False,strict,calibrated_strict,1
BOAMP:15-178728,BOAMP,SIREN:247200132,48.0,Software & Applications,2016-03-14,48.0,0,105.58,105.58,,,,PROCEDURE_ADAPTE,,True,2020-03-14,attribution_award_date,none,,,,,,0,0,0,,,,0,False,False,strict,calibrated_strict,1
BOAMP:15-179034,BOAMP,NAME:c h s de la sarthe,,Data & AI,2015-11-27,48.0,0,109.13,109.13,,,,PROCEDURE_ADAPTE,SERVICES,False,2019-11-27,publication_date,none,,,,,,0,0,0,,,,0,False,False,strict,calibrated_strict,1
BOAMP:15-179747,BOAMP,SIREN:264400136,48.0,Software & Applications,2015-11-27,48.0,0,109.13,109.13,,,,PROCEDURE_ADAPTE,,True,2019-11-27,publication_date,none,,,,,,0,0,0,,,,0,False,False,strict,calibrated_strict,1
BOAMP:15-178791,BOAMP,NAME:nantes metropole,72.0,Cybersecurity,2015-11-30,48.0,1,49.87,,49.87,BOAMP:20-12070,,OUVERT,SERVICES,False,2019-11-30,publication_date,calibrated_rule,0.8229,0.7132,1.0,True,0.6883,0,0,0,0.8229,,,1,True,False,strict,calibrated_strict,0
BOAMP:15-182957,BOAMP,SIREN:264400136,48.0,Software & Applications,2015-12-04,48.0,0,108.9,108.9,,,,PROCEDURE_ADAPTE,,True,2019-12-04,publication_date,none,,,,,,0,0,0,,,,0,False,False,strict,calibrated_strict,1
BOAMP:15-184251,BOAMP,SIREN:194909701,48.0,Software & Applications,2016-05-02,36.0,0,103.98,103.98,,,,OUVERT,,False,2019-05-02,attribution_award_date,none,,,,,,0,0,0,,,,0,False,False,strict,calibrated_strict,1
BOAMP:15-185112,BOAMP,NAME:conseil general de la vendee,72.0,IT Services & Consulting,2015-12-10,48.0,0,108.71,108.71,,,,PROCEDURE_ADAPTE,SERVICES,True,2019-12-10,publication_date,none,,,,,,0,0,0,,,,0,False,False,strict,calibrated_strict,1
BOAMP:15-186668,BOAMP,NAME:e c a s gendarmerie nationale,32.0,Telecom & Networks,2016-04-04,48.0,0,104.89,104.89,,,140000.0,OUVERT,,False,2020-04-04,attribution_award_date,none,,,,,,0,0,0,,,,0,False,False,strict,calibrated_strict,1
BOAMP:15-187883,BOAMP,SIREN:227200029,,Telecom & Networks,2015-12-16,48.0,1,43.43,,43.43,BOAMP:19-18263,,OUVERT,,True,2019-12-16,publication_date,calibrated_rule,0.6597,0.7427,,False,0.2383,0,0,0,0.6597,,,1,True,False,strict,calibrated_strict,0
BOAMP:15-189271,BOAMP,SIREN:227200029,72.0,IT Services & Consulting,2015-12-18,48.0,0,108.44,108.44,,,200000.0,PROCEDURE_ADAPTE,SERVICES,True,2019-12-18,publication_date,none,,,,,,0,0,0,,,,0,False,False,strict,calibrated_strict,1
BOAMP:15-191209,BOAMP,SIREN:218501096,32.0,IT Hardware & Equipment,2015-12-24,48.0,0,108.25,108.25,,,,OUVERT,SERVICES,True,2019-12-24,publication_date,none,,,,,,0,0,0,,,,0,False,False,strict,calibrated_strict,1
BOAMP:15-192356,BOAMP,NAME:nantes metropole,72.0,IT Services & Consulting,2015-12-24,12.0,0,108.25,108.25,,,,PROCEDURE_ADAPTE,SERVICES,False,2016-12-23,publication_date,none,,,,,,0,0,0,,,,0,False,False,strict,calibrated_strict,1
BOAMP:16-2771,BOAMP,NAME:conseil general de la vendee,72.0,IT Services & Consulting,2016-01-08,48.0,0,107.75,107.75,,,,PROCEDURE_ADAPTE,,True,2020-01-08,publication_date,none,,,,,,0,0,0,,,,0,False,False,strict,calibrated_strict,1
BOAMP:16-3447,BOAMP,SIREN:268504453,48.0,Cloud & Infrastructure,2016-01-11,48.0,0,107.65,107.65,,,,PROCEDURE_ADAPTE,,True,2020-01-11,publication_date,none,,,,,,0,0,0,,,,0,False,False,strict,calibrated_strict,1
BOAMP:16-4040,BOAMP,NAME:cte de communes du pays des herbiers,72.0,IT Services & Consulting,2016-01-12,48.0,0,107.62,107.62,,,,OUVERT,SERVICES,True,2020-01-12,publication_date,none,,,,,,0,0,0,,,,0,False,False,strict,calibrated_strict,1
BOAMP:16-6135,BOAMP,SIREN:287200265,48.0,Digital Workplace & Collaboration,2016-04-12,48.0,0,104.63,104.63,,,,PROCEDURE_ADAPTE,,True,2020-04-12,attribution_award_date,none,,,,,,0,0,0,,,,0,False,False,strict,calibrated_strict,1
BOAMP:16-5206,BOAMP,SIREN:214401846,,Unknown,2016-01-14,28.0,0,107.56,107.56,,,,PROCEDURE_ADAPTE,,False,2018-05-15,publication_date,none,,,,,,0,0,0,,,,0,False,False,strict,calibrated_strict,1
BOAMP:16-7712,BOAMP,NAME:cnieg,72.0,IT Services & Consulting,2016-05-24,24.0,0,103.25,103.25,,,,OUVERT,SERVICES,False,2018-05-24,attribution_award_date,none,,,,,,0,0,0,,,,0,False,False,strict,calibrated_strict,1
BOAMP:16-1046,BOAMP,NAME:ademe,72.0,Digital Workplace & Collaboration,2016-01-18,55.0,0,107.42,107.42,,,,OUVERT,SERVICES,False,2020-08-18,publication_date,none,,,,,,0,0,0,,,,0,False,False,strict,calibrated_strict,1
BOAMP:16-7640,BOAMP,SIREN:264400136,48.0,Software & Applications,2016-01-18,48.0,0,107.42,107.42,,,,OUVERT,,True,2020-01-18,publication_date,none,,,,,,0,0,0,,,,0,False,False,strict,calibrated_strict,1
BOAMP:16-7903,BOAMP,SIREN:523699148,32.0,IT Hardware & Equipment,2016-04-05,48.0,0,104.86,104.86,,,,OUVERT,,True,2020-04-05,attribution_award_date,none,,,,,,0,0,0,,,,0,False,False,strict,calibrated_strict,1
BOAMP:16-10778,BOAMP,SIREN:391722881,72.0,IT Maintenance & Support,2016-10-20,24.0,0,98.36,98.36,,,,RESTREINT,SERVICES,False,2018-10-20,attribution_award_date,none,,,,,,0,0,0,,,,0,False,False,strict,calibrated_strict,1
BOAMP:16-10414,BOAMP,NAME:conseil general de loire atlantique,72.0,IT Services & Consulting,2016-01-22,24.0,0,107.29,107.29,,,,PROCEDURE_ADAPTE,SERVICES,False,2018-01-21,publication_date,none,,,,,,0,0,0,,,,0,False,False,strict,calibrated_strict,1
BOAMP:16-10649,BOAMP,SIREN:284400017,,Cybersecurity,2016-01-25,48.0,0,107.19,107.19,,,,OUVERT,,True,2020-01-25,publication_date,none,,,,,,0,0,0,,,,0,False,False,strict,calibrated_strict,1
BOAMP:16-12477,BOAMP,NAME:gpm de nantes st nazaire,32.0,Telecom & Networks,2016-05-17,48.0,0,103.48,103.48,,,,OUVERT,,True,2020-05-17,attribution_award_date,none,,,,,,0,0,0,,,,0,False,False,strict,calibrated_strict,1
BOAMP:16-14558,BOAMP,NAME:inra angers nantes,72.0,IT Services & Consulting,2016-07-05,36.0,0,101.87,101.87,,,129000.0,OUVERT,SERVICES,False,2019-07-05,attribution_award_date,none,,,,,,0,0,0,,,,0,False,False,strict,calibrated_strict,1
BOAMP:16-15282,BOAMP,SIREN:200054302,48.0,Software & Applications,2016-02-02,48.0,0,106.93,106.93,,,,PROCEDURE_ADAPTE,,True,2020-02-02,publication_date,none,,,,,,0,0,0,,,,0,False,False,strict,calibrated_strict,1
BOAMP:16-16627,BOAMP,SIREN:247200132,72.0,Digital Workplace & Collaboration,2016-02-04,48.0,0,106.87,106.87,,,,PROCEDURE_ADAPTE,SERVICES,True,2020-02-04,publication_date,none,,,,,,0,0,0,,,,0,False,False,strict,calibrated_strict,1
BOAMP:16-17002,BOAMP,SIREN:214401432,48.0,Software & Applications,2016-02-04,36.0,0,106.87,106.87,,,,PROCEDURE_ADAPTE,,False,2019-02-03,publication_date,none,,,,,,0,0,0,,,,0,False,False,strict,calibrated_strict,1
BOAMP:16-19705,BOAMP,SIREN:242900769,,Software & Applications,2016-06-21,48.0,0,102.33,102.33,,,,OUVERT,SERVICES,False,2020-06-21,attribution_award_date,none,,,,,,0,0,0,,,,0,False,False,strict,calibrated_strict,1
BOAMP:16-21939,BOAMP,SIREN:214401432,39.0,Software & Applications,2016-02-12,48.0,0,106.6,106.6,,,,PROCEDURE_ADAPTE,,True,2020-02-12,publication_date,none,,,,,,0,0,0,,,,0,False,False,strict,calibrated_strict,1
BOAMP:16-23686,BOAMP,NAME:cte cnes coeur d estuaire,72.0,IT Services & Consulting,2016-06-17,48.0,0,102.46,102.46,,,,OUVERT,SERVICES,True,2020-06-17,attribution_award_date,none,,,,,,0,0,0,,,,0,False,False,strict,calibrated_strict,1
BOAMP:16-26260,BOAMP,SIREN:214400269,48.0,Software & Applications,2016-06-09,12.0,0,102.73,102.73,,,,PROCEDURE_ADAPTE,,False,2017-06-09,attribution_award_date,none,,,,,,0,0,0,,,,0,False,False,strict,calibrated_strict,1
BOAMP:16-20531,BOAMP,NAME:dreal pays de la loire,72.0,IT Services & Consulting,2016-02-23,48.0,0,106.24,106.24,,,,PROCEDURE_ADAPTE,SERVICES,True,2020-02-23,publication_date,none,,,,,,0,0,0,,,,0,False,False,strict,calibrated_strict,1
BOAMP:16-25827,BOAMP,NAME:cg49,72.0,IT Services & Consulting,2016-02-23,48.0,0,106.24,106.24,,,,OUVERT,SERVICES,True,2020-02-23,publication_date,none,,,,,,0,0,0,,,,0,False,False,strict,calibrated_strict,1
BOAMP:16-27767,BOAMP,SIREN:264900390,48.0,Software & Applications,2016-02-25,48.0,0,106.18,106.18,,,,PROCEDURE_ADAPTE,,False,2020-02-25,publication_date,none,,,,,,0,0,0,,,,0,False,False,strict,calibrated_strict,1
BOAMP:16-28465,BOAMP,NAME:syndicat departemental d energie,72.0,IT Services & Consulting,2016-03-01,48.0,0,106.01,106.01,,,,PROCEDURE_ADAPTE,SERVICES,True,2020-03-01,publication_date,none,,,,,,0,0,0,,,,0,False,False,strict,calibrated_strict,1
BOAMP:16-30120,BOAMP,SIREN:391722881,72.0,IT Services & Consulting,2016-03-02,48.0,1,47.73,,47.73,BOAMP:20-27358,,RESTREINT,SERVICES,False,2020-03-02,publication_date,calibrated_rule,0.9463,0.8882,1.0,True,0.955,0,0,0,0.9463,,,1,True,False,strict,calibrated_strict,0
BOAMP:16-30715,BOAMP,NAME:cg49,72.0,IT Services & Consulting,2016-03-02,48.0,0,105.98,105.98,,,,OUVERT,,True,2020-03-02,publication_date,none,,,,,,0,0,0,,,,0,False,False,strict,calibrated_strict,1
BOAMP:16-30963,BOAMP,SIREN:228500013,35.0,Cybersecurity,2016-06-09,48.0,1,51.35,,51.35,BOAMP:20-70265,,OUVERT,,True,2020-06-09,attribution_award_date,calibrated_rule,0.804,0.7892,1.0,True,0.4417,0,0,0,0.804,,,1,True,False,strict,calibrated_strict,0
BOAMP:16-32105,BOAMP,SIREN:214400269,32.0,Telecom & Networks,2016-06-02,12.0,0,102.96,102.96,,,,PROCEDURE_ADAPTE,,False,2017-06-02,attribution_award_date,none,,,,,,0,0,0,,,,0,False,False,strict,calibrated_strict,1
BOAMP:16-33283,BOAMP,NAME:nantes metropole,72.0,IT Services & Consulting,2016-03-10,12.0,0,105.72,105.72,,,,PROCEDURE_ADAPTE,SERVICES,False,2017-03-10,publication_date,none,,,,,,0,0,0,,,,0,False,False,strict,calibrated_strict,1
BOAMP:16-33632,BOAMP,NAME:nantes metropole,72.0,Digital Workplace & Collaboration,2016-03-11,48.0,0,105.68,105.68,,,,OUVERT,SERVICES,False,2020-03-11,publication_date,none,,,,,,0,0,0,,,,0,False,False,strict,calibrated_strict,1
BOAMP:16-27384,BOAMP,NAME:mindef dga do s2a,35.0,Cybersecurity,2016-03-15,48.0,0,105.55,105.55,,,,RESTREINT,,False,2020-03-15,publication_date,none,,,,,,0,0,0,,,,0,False,False,strict,calibrated_strict,1
BOAMP:16-38113,BOAMP,SIREN:247200132,72.0,Digital Workplace & Collaboration,2016-03-16,48.0,0,105.52,105.52,,,,PROCEDURE_ADAPTE,,True,2020-03-16,publication_date,none,,,,,,0,0,0,,,,0,False,False,strict,calibrated_strict,1
BOAMP:16-40838,BOAMP,SIREN:200083392,,Telecom & Networks,2016-03-22,48.0,0,105.32,105.32,,,,OUVERT,,True,2020-03-22,publication_date,none,,,,,,0,0,0,,,,0,False,False,strict,calibrated_strict,1
BOAMP:16-42023,BOAMP,NAME:gpm de nantes st nazaire,32.0,Telecom & Networks,2016-03-24,48.0,0,105.26,105.26,,,,PROCEDURE_ADAPTE,,True,2020-03-24,publication_date,none,,,,,,0,0,0,,,,0,False,False,strict,calibrated_strict,1
BOAMP:16-42170,BOAMP,NAME:gpm de nantes st nazaire,48.0,Software & Applications,2016-07-29,48.0,0,101.08,101.08,,,,OUVERT,SERVICES,True,2020-07-29,attribution_award_date,none,,,,,,0,0,0,,,,0,False,False,strict,calibrated_strict,1
BOAMP:16-42996,BOAMP,SIREN:288500010,,Unknown,2016-07-29,19.0,0,101.08,101.08,,,,OUVERT,,False,2018-02-27,attribution_award_date,none,,,,,,0,0,0,,,,0,False,False,strict,calibrated_strict,1
BOAMP:16-43654,BOAMP,NAME:mindef dga do s2a,35.0,Cybersecurity,2016-03-29,48.0,0,105.09,105.09,,,,NEGOCIE,,True,2020-03-29,publication_date,none,,,,,,0,0,0,,,,0,False,False,strict,calibrated_strict,1
BOAMP:16-45436,BOAMP,NAME:hopital intercommunal sevre et loire,45.0,Unknown,2016-09-05,48.0,0,99.84,99.84,,,,OUVERT,,True,2020-09-05,attribution_award_date,none,,,,,,0,0,0,,,,0,False,False,strict,calibrated_strict,1
BOAMP:16-45870,BOAMP,SIREN:244900015,72.0,IT Services & Consulting,2016-03-30,36.0,0,105.06,105.06,,,,PROCEDURE_ADAPTE,SERVICES,False,2019-03-30,publication_date,none,,,,,,0,0,0,,,,0,False,False,strict,calibrated_strict,1
BOAMP:16-44890,BOAMP,SIREN:264400268,,Unknown,2016-03-30,12.0,0,105.06,105.06,,,,OUVERT,,False,2017-03-30,publication_date,none,,,,,,0,0,0,,,,0,False,False,strict,calibrated_strict,1
BOAMP:16-48130,BOAMP,SIREN:228500013,,Data & AI,2017-01-09,48.0,0,95.7,95.7,,,,OUVERT,SERVICES,True,2021-01-09,attribution_award_date,none,,,,,,0,0,0,,,,0,False,False,strict,calibrated_strict,1
BOAMP:16-48232,BOAMP,SIREN:391722881,72.0,IT Services & Consulting,2016-03-31,48.0,1,46.78,,46.78,BOAMP:20-27358,,RESTREINT,,True,2020-03-31,publication_date,calibrated_rule,0.9141,0.8869,1.0,True,0.7967,0,0,0,0.9141,,,1,True,False,strict,calibrated_strict,0
BOAMP:16-46830,BOAMP,SIREN:194909701,32.0,Telecom & Networks,2016-06-16,36.0,0,102.5,102.5,,,,OUVERT,,False,2019-06-16,attribution_award_date,none,,,,,,0,0,0,,,,0,False,False,strict,calibrated_strict,1
BOAMP:16-54252,BOAMP,SIREN:200054302,48.0,Software & Applications,2016-04-15,12.0,0,104.53,104.53,,,,PROCEDURE_ADAPTE,,False,2017-04-15,publication_date,none,,,,,,0,0,0,,,,0,False,False,strict,calibrated_strict,1
BOAMP:16-53642,BOAMP,NAME:cci de maine et loire,79.0,Unknown,2016-07-18,48.0,0,101.45,101.45,,,32500.0,OUVERT,SERVICES,True,2020-07-18,attribution_award_date,none,,,,,,0,0,0,,,,0,False,False,strict,calibrated_strict,1
BOAMP:16-54197,BOAMP,NAME:nantes metropole,48.0,Software & Applications,2016-04-17,48.0,0,104.47,104.47,,,250000.0,OUVERT,SERVICES,False,2020-04-17,publication_date,none,,,,,,0,0,0,,,,0,False,False,strict,calibrated_strict,1
BOAMP:16-54370,BOAMP,NAME:nantes metropole,48.0,Software & Applications,2016-04-17,48.0,0,104.47,104.47,,,250000.0,OUVERT,SERVICES,False,2020-04-17,publication_date,none,,,,,,0,0,0,,,,0,False,False,strict,calibrated_strict,1
BOAMP:16-55219,BOAMP,SIREN:225300011,32.0,Telecom & Networks,2016-04-18,48.0,0,104.43,104.43,,,750000.0,OUVERT,SERVICES,False,2020-04-18,publication_date,none,,,,,,0,0,0,,,,0,False,False,strict,calibrated_strict,1
BOAMP:16-34964,BOAMP,SIREN:173501115,35.0,Cybersecurity,2016-04-19,48.0,0,104.4,104.4,,,,OUVERT,SERVICES,True,2020-04-19,publication_date,none,,,,,,0,0,0,,,,0,False,False,strict,calibrated_strict,1
BOAMP:16-55493,BOAMP,NAME:ccas d angers,48.0,Software & Applications,2016-04-19,14.0,0,104.4,104.4,,,,PROCEDURE_ADAPTE,SERVICES,False,2017-06-19,publication_date,none,,,,,,0,0,0,,,,0,False,False,strict,calibrated_strict,1
BOAMP:16-56502,BOAMP,NAME:caf de la somme,72.0,Digital Workplace & Collaboration,2016-04-22,60.0,0,104.3,104.3,,,875000.0,OUVERT,FOURNITURES,False,2021-04-22,publication_date,none,,,,,,0,0,0,,,,0,False,False,strict,calibrated_strict,1
BOAMP:16-57562,BOAMP,SIREN:244900015,72.0,IT Services & Consulting,2016-04-25,48.0,0,104.2,104.2,,,,PROCEDURE_ADAPTE,SERVICES,True,2020-04-25,publication_date,none,,,,,,0,0,0,,,,0,False,False,strict,calibrated_strict,1
BOAMP:16-61061,BOAMP,SIREN:227200029,72.0,IT Services & Consulting,2016-04-29,48.0,0,104.07,104.07,,,,PROCEDURE_ADAPTE,SERVICES,True,2020-04-29,publication_date,none,,,,,,0,0,0,,,,0,False,False,strict,calibrated_strict,1
BOAMP:16-61484,BOAMP,SIREN:234400034,72.0,IT Services & Consulting,2016-07-28,48.0,0,101.12,101.12,,,600000.0,OUVERT,SERVICES,False,2020-07-28,attribution_award_date,none,,,,,,0,0,0,,,,0,False,False,strict,calibrated_strict,1
BOAMP:16-62960,BOAMP,SIREN:130029747,48.0,Software & Applications,2016-07-07,48.0,0,101.81,101.81,,,130000.0,OUVERT,SERVICES,False,2020-07-07,attribution_award_date,none,,,,,,0,0,0,,,,0,False,False,strict,calibrated_strict,1
BOAMP:16-63210,BOAMP,SIREN:265300236,32.0,Telecom & Networks,2016-05-03,48.0,0,103.94,103.94,,,,PROCEDURE_ADAPTE,,True,2020-05-03,publication_date,none,,,,,,0,0,0,,,,0,False,False,strict,calibrated_strict,1
BOAMP:16-63741,BOAMP,NAME:conseil general de loire atlantique,64.0,Telecom & Networks,2016-08-03,12.0,0,100.92,100.92,,,1000000.0,OUVERT,SERVICES,False,2017-08-03,attribution_award_date,none,,,,,,0,0,0,,,,0,False,False,strict,calibrated_strict,1
BOAMP:16-65569,BOAMP,SIREN:214400558,45.0,Unknown,2016-05-06,48.0,0,103.84,103.84,,,,PROCEDURE_ADAPTE,,True,2020-05-06,publication_date,none,,,,,,0,0,0,,,,0,False,False,strict,calibrated_strict,1
BOAMP:16-64280,BOAMP,SIREN:445400104,72.0,IT Services & Consulting,2016-09-12,60.0,0,99.61,99.61,,,250000.0,OUVERT,SERVICES,False,2021-09-12,attribution_award_date,none,,,,,,0,0,0,,,,0,False,False,strict,calibrated_strict,1
BOAMP:16-63342,BOAMP,NAME:nantes metropole,45.0,Unknown,2016-10-13,48.0,0,98.59,98.59,,,700000.0,OUVERT,FOURNITURES,False,2020-10-13,attribution_award_date,none,,,,,,0,0,0,,,,0,False,False,strict,calibrated_strict,1
BOAMP:16-66951,BOAMP,SIREN:264900259,39.0,Data & AI,2016-05-12,3.0,0,103.65,103.65,,,,OUVERT,FOURNITURES,False,2016-08-11,publication_date,none,,,,,,0,0,0,,,,0,False,False,strict,calibrated_strict,1
BOAMP:16-67267,BOAMP,NAME:ademe,48.0,Software & Applications,2016-11-24,39.0,0,97.21,97.21,,,,PROCEDURE_ADAPTE,SERVICES,False,2020-02-24,attribution_award_date,none,,,,,,0,0,0,,,,0,False,False,strict,calibrated_strict,1
BOAMP:16-68875,BOAMP,SIREN:264900390,48.0,Software & Applications,2016-05-12,48.0,0,103.65,103.65,,,,PROCEDURE_ADAPTE,,False,2020-05-12,publication_date,none,,,,,,0,0,0,,,,0,False,False,strict,calibrated_strict,1
BOAMP:16-69641,BOAMP,NAME:specialise de blain,48.0,Software & Applications,2016-05-13,48.0,0,103.61,103.61,,,100000.0,PROCEDURE_ADAPTE,SERVICES,True,2020-05-13,publication_date,none,,,,,,0,0,0,,,,0,False,False,strict,calibrated_strict,1
BOAMP:16-63298,BOAMP,SIREN:535164412,45.0,Telecom & Networks,2016-05-17,5.0,0,103.48,103.48,,,,PROCEDURE_ADAPTE,,False,2016-10-16,publication_date,none,,,,,,0,0,0,,,,0,False,False,strict,calibrated_strict,1
BOAMP:16-70203,BOAMP,SIREN:130029747,72.0,IT Services & Consulting,2016-07-07,37.0,0,101.81,101.81,,,,OUVERT,SERVICES,False,2019-08-07,attribution_award_date,none,,,,,,0,0,0,,,,0,False,False,strict,calibrated_strict,1
BOAMP:16-72442,BOAMP,SIREN:264400136,72.0,IT Services & Consulting,2016-11-16,48.0,1,47.6,,47.6,BOAMP:20-50446,,NEGOCIE,SERVICES,True,2020-11-16,attribution_award_date,calibrated_rule,0.7338,0.8678,0.2,True,0.9333,0,0,0,0.7338,,,1,True,False,strict,calibrated_strict,0
BOAMP:16-73215,BOAMP,NAME:nantes metropole,72.0,IT Services & Consulting,2016-05-23,36.0,0,103.29,103.29,,,75000.0,OUVERT,SERVICES,False,2019-05-23,publication_date,none,,,,,,0,0,0,,,,0,False,False,strict,calibrated_strict,1
BOAMP:16-73358,BOAMP,NAME:ville du mans,32.0,Telecom & Networks,2016-07-05,48.0,0,101.87,101.87,,,,PROCEDURE_ADAPTE,,True,2020-07-05,attribution_award_date,none,,,,,,0,0,0,,,,0,False,False,strict,calibrated_strict,1
BOAMP:16-73319,BOAMP,SIREN:214401846,72.0,IT Services & Consulting,2016-09-09,48.0,1,48.62,,48.62,BOAMP:20-70268,,PROCEDURE_ADAPTE,SERVICES,True,2020-09-09,attribution_award_date,calibrated_rule,0.8782,0.7471,1.0,True,0.8967,0,0,0,0.8782,,,1,True,False,strict,calibrated_strict,0
BOAMP:16-74130,BOAMP,SIREN:449073014,72.0,IT Services & Consulting,2016-07-26,48.0,0,101.18,101.18,,,210000.0,OUVERT,SERVICES,False,2020-07-26,attribution_award_date,none,,,,,,0,0,0,,,,0,False,False,strict,calibrated_strict,1
BOAMP:16-74267,BOAMP,SIREN:214401093,72.0,IT Services & Consulting,2016-05-28,48.0,0,103.12,103.12,,,300000.0,NEGOCIE,SERVICES,True,2020-05-28,publication_date,none,,,,,,0,0,0,,,,0,False,False,strict,calibrated_strict,1
BOAMP:16-77563,BOAMP,SIREN:198513905,32.0,Telecom & Networks,2016-05-30,48.0,1,53.58,,53.58,BOAMP:20-140005,,PROCEDURE_ADAPTE,,True,2020-05-30,publication_date,calibrated_rule,0.7979,0.9597,1.0,True,0.07,0,0,0,0.7979,,,1,True,False,strict,calibrated_strict,0
BOAMP:16-78018,BOAMP,NAME:o p h le mans habitat,72.0,IT Services & Consulting,2016-05-30,72.0,0,103.06,103.06,,,700000.0,DIALOGUE_COMPETITIF,SERVICES,False,2022-05-30,publication_date,none,,,,,,0,0,0,,,,0,False,False,strict,calibrated_strict,1
BOAMP:16-81005,BOAMP,NAME:arafer,48.0,Software & Applications,2016-06-04,12.0,0,102.89,102.89,,,,OUVERT,SERVICES,False,2017-06-04,publication_date,none,,,,,,0,0,0,,,,0,False,False,strict,calibrated_strict,1
BOAMP:16-81774,BOAMP,SIREN:391722881,72.0,Digital Workplace & Collaboration,2016-06-05,48.0,0,102.86,102.86,,,,OUVERT,SERVICES,False,2020-06-05,publication_date,none,,,,,,0,0,0,,,,0,False,False,strict,calibrated_strict,1
BOAMP:16-79797,BOAMP,SIREN:214401846,50.0,Telecom & Networks,2016-06-06,12.0,0,102.83,102.83,,,,OUVERT,SERVICES,False,2017-06-06,publication_date,none,,,,,,0,0,0,,,,0,False,False,strict,calibrated_strict,1
BOAMP:16-83187,BOAMP,SIREN:532458809,32.0,Telecom & Networks,2016-06-07,48.0,0,102.79,102.79,,,,PROCEDURE_ADAPTE,SERVICES|FOURNITURES,True,2020-06-07,publication_date,none,,,,,,0,0,0,,,,0,False,False,strict,calibrated_strict,1
BOAMP:16-84309,BOAMP,SIREN:234400034,32.0,Telecom & Networks,2016-08-17,12.0,0,100.46,100.46,,,,PROCEDURE_ADAPTE,SERVICES,False,2017-08-17,attribution_award_date,none,,,,,,0,0,0,,,,0,False,False,strict,calibrated_strict,1
BOAMP:16-81907,BOAMP,SIREN:244900015,72.0,Cybersecurity,2016-11-28,48.0,0,97.08,97.08,,,646000.0,OUVERT,SERVICES,True,2020-11-28,attribution_award_date,none,,,,,,0,0,0,,,,0,False,False,strict,calibrated_strict,1
BOAMP:16-81846,BOAMP,NAME:nantes metropole habitat,48.0,Software & Applications,2016-09-27,48.0,0,99.11,99.11,,,300000.0,OUVERT,SERVICES,False,2020-09-27,attribution_award_date,none,,,,,,0,0,0,,,,0,False,False,strict,calibrated_strict,1
BOAMP:16-83013,BOAMP,NAME:dir ouest,72.0,IT Services & Consulting,2017-01-26,48.0,0,95.14,95.14,,,,OUVERT,SERVICES,False,2021-01-26,attribution_award_date,none,,,,,,0,0,0,,,,0,False,False,strict,calibrated_strict,1
BOAMP:16-79523,BOAMP,SIREN:214401846,30.0,IT Hardware & Equipment,2016-10-03,12.0,0,98.92,98.92,,,,OUVERT,FOURNITURES,False,2017-10-03,attribution_award_date,none,,,,,,0,0,0,,,,0,False,False,strict,calibrated_strict,1
BOAMP:16-84729,BOAMP,SIREN:228500013,72.0,Digital Workplace & Collaboration,2016-09-13,48.0,0,99.57,99.57,,,,PROCEDURE_ADAPTE,SERVICES,True,2020-09-13,attribution_award_date,none,,,,,,0,0,0,,,,0,False,False,strict,calibrated_strict,1
BOAMP:16-85552,BOAMP,SIREN:234400034,35.0,Cybersecurity,2016-10-14,12.0,0,98.55,98.55,,,,PROCEDURE_ADAPTE,,False,2017-10-14,attribution_award_date,none,,,,,,0,0,0,,,,0,False,False,strict,calibrated_strict,1
BOAMP:16-85545,BOAMP,NAME:crous de nantes,32.0,IT Hardware & Equipment,2016-06-11,48.0,0,102.66,102.66,,,,OUVERT,FOURNITURES,False,2020-06-11,publication_date,none,,,,,,0,0,0,,,,0,False,False,strict,calibrated_strict,1
BOAMP:16-85662,BOAMP,SIREN:234400034,72.0,GIS & Mapping,2016-10-14,6.0,0,98.55,98.55,,,41700.0,OUVERT,SERVICES,False,2017-04-14,attribution_award_date,none,,,,,,0,0,0,,,,0,False,False,strict,calibrated_strict,1
BOAMP:16-85619,BOAMP,SIREN:234400034,32.0,Telecom & Networks,2016-10-12,48.0,0,98.62,98.62,,,300000.0,OUVERT,FOURNITURES,False,2020-10-12,attribution_award_date,none,,,,,,0,0,0,,,,0,False,False,strict,calibrated_strict,1
BOAMP:16-80474,BOAMP,NAME:com communes du pays d ancenis,48.0,Software & Applications,2016-12-30,48.0,0,96.02,96.02,,,,OUVERT,SERVICES,False,2020-12-30,attribution_award_date,none,,,,,,0,0,0,,,,0,False,False,strict,calibrated_strict,1
BOAMP:16-92101,BOAMP,SIREN:194401006,72.0,IT Services & Consulting,2016-10-12,41.0,0,98.62,98.62,,,,NEGOCIE,SERVICES,False,2020-03-13,attribution_award_date,none,,,,,,0,0,0,,,,0,False,False,strict,calibrated_strict,1
BOAMP:16-94328,BOAMP,NAME:smirgeom est sarthe,48.0,Software & Applications,2016-06-27,60.0,0,102.14,102.14,,,,PROCEDURE_ADAPTE,SERVICES,False,2021-06-27,publication_date,none,,,,,,0,0,0,,,,0,False,False,strict,calibrated_strict,1
BOAMP:16-96174,BOAMP,SIREN:234400034,48.0,Software & Applications,2016-10-18,12.0,0,98.42,98.42,,,,OUVERT,SERVICES,False,2017-10-18,attribution_award_date,none,,,,,,0,0,0,,,,0,False,False,strict,calibrated_strict,1
BOAMP:16-95884,BOAMP,NAME:cap atlantique,64.0,Telecom & Networks,2016-06-30,24.0,0,102.04,102.04,,,300000.0,OUVERT,FOURNITURES,False,2018-06-30,publication_date,none,,,,,,0,0,0,,,,0,False,False,strict,calibrated_strict,1
BOAMP:16-98551,BOAMP,NAME:cnieg,72.0,IT Services & Consulting,2016-07-01,48.0,0,102.0,102.0,,,,PROCEDURE_ADAPTE,,True,2020-07-01,publication_date,none,,,,,,0,0,0,,,,0,False,False,strict,calibrated_strict,1
BOAMP:16-98698,BOAMP,SIREN:194909701,48.0,Software & Applications,2016-10-31,24.0,1,23.78,,23.78,BOAMP:18-74252,,OUVERT,FOURNITURES,False,2018-10-31,attribution_award_date,calibrated_rule,0.8927,1.0,0.6,True,0.9633,0,0,0,0.8927,,,1,True,False,strict,calibrated_strict,0
BOAMP:16-97484,BOAMP,SIREN:284900016,32.0,Telecom & Networks,2016-12-22,48.0,0,96.29,96.29,,,465000.0,OUVERT,FOURNITURES,False,2020-12-22,attribution_award_date,none,,,,,,0,0,0,,,,0,False,False,strict,calibrated_strict,1
BOAMP:16-92162,BOAMP,SIREN:218501914,35.0,Cybersecurity,2016-12-19,48.0,0,96.39,96.39,,,430000.0,OUVERT,SERVICES,True,2020-12-19,attribution_award_date,none,,,,,,0,0,0,,,,0,False,False,strict,calibrated_strict,1
BOAMP:16-98038,BOAMP,NAME:cte de cnes de la vallee de clisson,72.0,IT Services & Consulting,2016-07-04,36.0,0,101.91,101.91,,,,PROCEDURE_ADAPTE,SERVICES,False,2019-07-04,publication_date,none,,,,,,0,0,0,,,,0,False,False,strict,calibrated_strict,1
BOAMP:16-100426,BOAMP,SIREN:244900015,72.0,IT Services & Consulting,2016-11-30,48.0,0,97.01,97.01,,,2000000.0,OUVERT,SERVICES,False,2020-11-30,attribution_award_date,none,,,,,,0,0,0,,,,0,False,False,strict,calibrated_strict,1
BOAMP:16-98835,BOAMP,SIREN:445400104,72.0,IT Services & Consulting,2016-07-09,60.0,0,101.74,101.74,,,350000.0,OUVERT,SERVICES,False,2021-07-09,publication_date,none,,,,,,0,0,0,,,,0,False,False,strict,calibrated_strict,1
BOAMP:16-102238,BOAMP,NAME:c s t b,72.0,IT Services & Consulting,2016-07-09,24.0,0,101.74,101.74,,,1600000.0,OUVERT,SERVICES,False,2018-07-09,publication_date,none,,,,,,0,0,0,,,,0,False,False,strict,calibrated_strict,1
BOAMP:16-102715,BOAMP,NAME:nantes metropole,32.0,Telecom & Networks,2016-07-11,12.0,0,101.68,101.68,,,,OUVERT,SERVICES,False,2017-07-11,publication_date,none,,,,,,0,0,0,,,,0,False,False,strict,calibrated_strict,1
BOAMP:16-103088,BOAMP,SIREN:247200132,30.0,IT Hardware & Equipment,2016-11-17,6.0,0,97.44,97.44,,,,OUVERT,FOURNITURES,False,2017-05-18,attribution_award_date,none,,,,,,0,0,0,,,,0,False,False,strict,calibrated_strict,1
BOAMP:16-104455,BOAMP,SIREN:213503642,,Data & AI,2016-07-13,48.0,0,101.61,101.61,,,,PROCEDURE_ADAPTE,,True,2020-07-13,publication_date,none,,,,,,0,0,0,,,,0,False,False,strict,calibrated_strict,1
BOAMP:16-103802,BOAMP,NAME:arafer,72.0,Data & AI,2016-07-13,24.0,0,101.61,101.61,,,,PROCEDURE_ADAPTE,,False,2018-07-13,publication_date,none,,,,,,0,0,0,,,,0,False,False,strict,calibrated_strict,1
BOAMP:16-103833,BOAMP,NAME:nantes metropole,48.0,Cloud & Infrastructure,2016-07-13,48.0,1,50.85,,50.85,BOAMP:20-49949,,OUVERT,SERVICES,False,2020-07-13,publication_date,calibrated_rule,0.6914,0.841,0.4,True,0.525,0,0,0,0.6914,,,1,True,False,strict,calibrated_strict,0
BOAMP:16-106250,BOAMP,NAME:cpam de la sarthe,44.0,Unknown,2016-07-15,48.0,0,101.54,101.54,,,,OUVERT,FOURNITURES,True,2020-07-15,publication_date,none,,,,,,0,0,0,,,,0,False,False,strict,calibrated_strict,1
BOAMP:16-105530,BOAMP,SIREN:225300011,32.0,Telecom & Networks,2016-07-15,48.0,0,101.54,101.54,,,,OUVERT,SERVICES,False,2020-07-15,publication_date,none,,,,,,0,0,0,,,,0,False,False,strict,calibrated_strict,1
BOAMP:16-106204,BOAMP,SIREN:130029747,32.0,Telecom & Networks,2016-11-17,48.0,0,97.44,97.44,,,,OUVERT,SERVICES,True,2020-11-17,attribution_award_date,none,,,,,,0,0,0,,,,0,False,False,strict,calibrated_strict,1
BOAMP:16-106449,BOAMP,NAME:synd mixte du pays de coutances,,Data & AI,2016-07-15,48.0,0,101.54,101.54,,,,PROCEDURE_ADAPTE,SERVICES|FOURNITURES,True,2020-07-15,publication_date,none,,,,,,0,0,0,,,,0,False,False,strict,calibrated_strict,1
BOAMP:16-108815,BOAMP,SIREN:214400558,45.0,Unknown,2016-07-21,8.0,0,101.35,101.35,,,,PROCEDURE_ADAPTE,,False,2017-03-21,publication_date,none,,,,,,0,0,0,,,,0,False,False,strict,calibrated_strict,1
BOAMP:16-109013,BOAMP,SIREN:172104309,72.0,IT Services & Consulting,2016-07-22,12.0,0,101.31,101.31,,,626664.0,OUVERT,SERVICES,False,2017-07-22,publication_date,none,,,,,,0,0,0,,,,0,False,False,strict,calibrated_strict,1
BOAMP:16-109017,BOAMP,SIREN:391722881,48.0,Software & Applications,2016-07-22,12.0,0,101.31,101.31,,,,OUVERT,FOURNITURES,False,2017-07-22,publication_date,none,,,,,,0,0,0,,,,0,False,False,strict,calibrated_strict,1
BOAMP:16-107267,BOAMP,SIREN:214401846,72.0,IT Services & Consulting,2016-11-09,48.0,0,97.7,97.7,,,,OUVERT,SERVICES,False,2020-11-09,attribution_award_date,none,,,,,,0,0,0,,,,0,False,False,strict,calibrated_strict,1
BOAMP:16-109854,BOAMP,SIREN:180046013,,Unknown,2016-07-25,48.0,0,101.22,101.22,,,,PROCEDURE_ADAPTE,SERVICES,True,2020-07-25,publication_date,none,,,,,,0,0,0,,,,0,False,False,strict,calibrated_strict,1
BOAMP:16-99329,BOAMP,NAME:nantes metropole habitat,48.0,Software & Applications,2016-11-07,48.0,0,97.77,97.77,,,230000.0,OUVERT,SERVICES,False,2020-11-07,attribution_award_date,none,,,,,,0,0,0,,,,0,False,False,strict,calibrated_strict,1
BOAMP:16-110437,BOAMP,NAME:universite europeenne de bretagne,48.0,Software & Applications,2016-07-26,36.0,0,101.18,101.18,,,,PROCEDURE_ADAPTE,SERVICES,False,2019-07-26,publication_date,none,,,,,,0,0,0,,,,0,False,False,strict,calibrated_strict,1
BOAMP:16-111867,BOAMP,SIREN:224900019,72.0,IT Services & Consulting,2016-12-26,72.0,0,96.16,96.16,,,450000.0,OUVERT,SERVICES,False,2022-12-26,attribution_award_date,none,,,,,,0,0,0,,,,0,False,False,strict,calibrated_strict,1
BOAMP:16-114007,BOAMP,NAME:c s t b,72.0,IT Services & Consulting,2016-07-30,12.0,0,101.05,101.05,,,400000.0,OUVERT,SERVICES,False,2017-07-30,publication_date,none,,,,,,0,0,0,,,,0,False,False,strict,calibrated_strict,1
BOAMP:16-114945,BOAMP,SIREN:264400136,72.0,IT Services & Consulting,2016-08-01,24.0,0,100.99,100.99,,,,PROCEDURE_ADAPTE,SERVICES,False,2018-08-01,publication_date,none,,,,,,0,0,0,,,,0,False,False,strict,calibrated_strict,1
BOAMP:16-118533,BOAMP,SIREN:287200265,35.0,Cybersecurity,2016-10-31,12.0,0,98.0,98.0,,,,OUVERT,FOURNITURES,False,2017-10-31,attribution_award_date,none,,,,,,0,0,0,,,,0,False,False,strict,calibrated_strict,1
BOAMP:16-123498,BOAMP,SIREN:264400136,48.0,Software & Applications,2016-08-22,48.0,0,100.3,100.3,,,,PROCEDURE_ADAPTE,,True,2020-08-22,publication_date,none,,,,,,0,0,0,,,,0,False,False,strict,calibrated_strict,1
BOAMP:16-124376,BOAMP,SIREN:234400034,72.0,Digital Workplace & Collaboration,2016-10-31,24.0,0,98.0,98.0,,,,PROCEDURE_ADAPTE,SERVICES,False,2018-10-31,attribution_award_date,none,,,,,,0,0,0,,,,0,False,False,strict,calibrated_strict,1
BOAMP:16-125901,BOAMP,SIREN:515163749,,Telecom & Networks,2016-08-26,48.0,0,100.16,100.16,,,,PROCEDURE_ADAPTE,,True,2020-08-26,publication_date,none,,,,,,0,0,0,,,,0,False,False,strict,calibrated_strict,1
BOAMP:16-127032,BOAMP,SIREN:227200029,72.0,IT Services & Consulting,2016-12-07,48.0,0,96.78,96.78,,,80000.0,PROCEDURE_ADAPTE,,True,2020-12-07,attribution_award_date,none,,,,,,0,0,0,,,,0,False,False,strict,calibrated_strict,1
BOAMP:16-128900,BOAMP,SIREN:200033298,72.0,IT Services & Consulting,2016-09-02,48.0,0,99.93,99.93,,,,PROCEDURE_ADAPTE,SERVICES,True,2020-09-02,publication_date,none,,,,,,0,0,0,,,,0,False,False,strict,calibrated_strict,1
BOAMP:16-128870,BOAMP,SIREN:264400136,72.0,IT Maintenance & Support,2016-12-22,48.0,0,96.29,96.29,,,,OUVERT,SERVICES,False,2020-12-22,attribution_award_date,none,,,,,,0,0,0,,,,0,False,False,strict,calibrated_strict,1
BOAMP:16-130215,BOAMP,SIREN:228500013,72.0,IT Services & Consulting,2017-02-08,12.0,0,94.71,94.71,,,50000.0,OUVERT,SERVICES,False,2018-02-08,attribution_award_date,none,,,,,,0,0,0,,,,0,False,False,strict,calibrated_strict,1
BOAMP:16-128161,BOAMP,NAME:nantes metropole,72.0,IT Services & Consulting,2016-09-09,48.0,1,52.3,,52.3,BOAMP:21-7561,,PROCEDURE_ADAPTE,SERVICES,False,2020-09-09,publication_date,calibrated_rule,0.7598,0.7579,1.0,True,0.2833,0,0,0,0.7598,,,1,True,False,strict,calibrated_strict,0
BOAMP:16-131471,BOAMP,NAME:insee,72.0,IT Services & Consulting,2016-12-05,48.0,0,96.85,96.85,,,,OUVERT,SERVICES,True,2020-12-05,attribution_award_date,none,,,,,,0,0,0,,,,0,False,False,strict,calibrated_strict,1
BOAMP:16-132878,BOAMP,NAME:ville d avrille,48.0,Software & Applications,2016-09-12,48.0,0,99.61,99.61,,,,PROCEDURE_ADAPTE,,True,2020-09-12,publication_date,none,,,,,,0,0,0,,,,0,False,False,strict,calibrated_strict,1
BOAMP:16-134501,BOAMP,SIREN:391722881,72.0,IT Services & Consulting,2016-09-15,12.0,0,99.51,99.51,,,,PROCEDURE_ADAPTE,SERVICES,False,2017-09-15,publication_date,none,,,,,,0,0,0,,,,0,False,False,strict,calibrated_strict,1
BOAMP:16-135042,BOAMP,NAME:nantes metropole,72.0,IT Services & Consulting,2017-04-13,60.0,0,92.61,92.61,,,,NEGOCIE,SERVICES,False,2022-04-13,attribution_award_date,none,,,,,,0,0,0,,,,0,False,False,strict,calibrated_strict,1
BOAMP:16-136139,BOAMP,SIREN:234400034,72.0,IT Services & Consulting,2016-12-27,12.0,0,96.12,96.12,,,,PROCEDURE_ADAPTE,SERVICES,False,2017-12-27,attribution_award_date,none,,,,,,0,0,0,,,,0,False,False,strict,calibrated_strict,1
BOAMP:16-136057,BOAMP,NAME:ville du mans,32.0,Telecom & Networks,2016-11-15,2.0,0,97.5,97.5,,,,PROCEDURE_ADAPTE,,False,2017-01-14,attribution_award_date,none,,,,,,0,0,0,,,,0,False,False,strict,calibrated_strict,1
BOAMP:16-139456,BOAMP,SIREN:284400017,48.0,Software & Applications,2016-09-23,48.0,0,99.24,99.24,,,,PROCEDURE_ADAPTE,SERVICES,True,2020-09-23,publication_date,none,,,,,,0,0,0,,,,0,False,False,strict,calibrated_strict,1
BOAMP:16-139147,BOAMP,SIREN:391722881,72.0,Digital Workplace & Collaboration,2017-06-21,12.0,0,90.34,90.34,,,,RESTREINT,SERVICES,False,2018-06-21,attribution_award_date,none,,,,,,0,0,0,,,,0,False,False,strict,calibrated_strict,1
BOAMP:16-139674,BOAMP,SIREN:227200029,48.0,Cloud & Infrastructure,2017-01-06,48.0,0,95.8,95.8,,,,OUVERT,FOURNITURES,False,2021-01-06,attribution_award_date,none,,,,,,0,0,0,,,,0,False,False,strict,calibrated_strict,1
BOAMP:16-139386,BOAMP,SIREN:225300011,48.0,Software & Applications,2016-11-07,48.0,0,97.77,97.77,,,5000000.0,OUVERT,SERVICES,False,2020-11-07,attribution_award_date,none,,,,,,0,0,0,,,,0,False,False,strict,calibrated_strict,1
BOAMP:16-137248,BOAMP,SIREN:403040850,45.0,Unknown,2016-12-30,48.0,0,96.02,96.02,,,632000.0,OUVERT,TRAVAUX,True,2020-12-30,attribution_award_date,none,,,,,,0,0,0,,,,0,False,False,strict,calibrated_strict,1
BOAMP:16-140691,BOAMP,SIREN:214402042,35.0,Cybersecurity,2016-09-29,24.0,0,99.05,99.05,,,250000.0,OUVERT,FOURNITURES,False,2018-09-29,publication_date,none,,,,,,0,0,0,,,,0,False,False,strict,calibrated_strict,1
BOAMP:16-142611,BOAMP,NAME:ville d orvault,48.0,Software & Applications,2016-09-30,48.0,0,99.01,99.01,,,,PROCEDURE_ADAPTE,SERVICES,False,2020-09-30,publication_date,none,,,,,,0,0,0,,,,0,False,False,strict,calibrated_strict,1
BOAMP:16-146809,BOAMP,SIREN:268502424,48.0,Software & Applications,2017-04-18,12.0,0,92.44,92.44,,,,OUVERT,FOURNITURES,False,2018-04-18,attribution_award_date,none,,,,,,0,0,0,,,,0,False,False,strict,calibrated_strict,1
BOAMP:16-149380,BOAMP,SIREN:214400418,32.0,Telecom & Networks,2016-10-13,3.0,0,98.59,98.59,,,,PROCEDURE_ADAPTE,,False,2017-01-12,publication_date,none,,,,,,0,0,0,,,,0,False,False,strict,calibrated_strict,1
BOAMP:16-151887,BOAMP,SIREN:214400269,32.0,Telecom & Networks,2017-02-01,12.0,0,94.94,94.94,,,,PROCEDURE_ADAPTE,,False,2018-02-01,attribution_award_date,none,,,,,,0,0,0,,,,0,False,False,strict,calibrated_strict,1
BOAMP:16-151274,BOAMP,SIREN:194401006,32.0,Telecom & Networks,2017-01-25,36.0,0,95.17,95.17,,,,OUVERT,FOURNITURES,False,2020-01-25,attribution_award_date,none,,,,,,0,0,0,,,,0,False,False,strict,calibrated_strict,1
BOAMP:16-153677,BOAMP,SIREN:214401432,72.0,Cybersecurity,2016-10-20,36.0,0,98.36,98.36,,,200000.0,PROCEDURE_ADAPTE,SERVICES,False,2019-10-20,publication_date,none,,,,,,0,0,0,,,,0,False,False,strict,calibrated_strict,1
BOAMP:16-153566,BOAMP,NAME:ville d orvault,35.0,Cybersecurity,2016-10-20,36.0,0,98.36,98.36,,,,PROCEDURE_ADAPTE,SERVICES,False,2019-10-20,publication_date,none,,,,,,0,0,0,,,,0,False,False,strict,calibrated_strict,1
BOAMP:16-153330,BOAMP,NAME:nantes metropole,48.0,Software & Applications,2018-01-16,60.0,0,83.48,83.48,,,,NEGOCIE,SERVICES,False,2023-01-16,attribution_award_date,none,,,,,,0,0,0,,,,0,False,False,strict,calibrated_strict,1
BOAMP:16-153188,BOAMP,SIREN:214401846,45.0,Telecom & Networks,2016-10-26,28.0,0,98.16,98.16,,,,OUVERT,TRAVAUX,False,2019-02-25,publication_date,none,,,,,,0,0,0,,,,0,False,False,strict,calibrated_strict,1
BOAMP:16-153795,BOAMP,SIREN:214401846,32.0,Telecom & Networks,2016-10-26,24.0,0,98.16,98.16,,,400000.0,OUVERT,SERVICES,False,2018-10-26,publication_date,none,,,,,,0,0,0,,,,0,False,False,strict,calibrated_strict,1
BOAMP:16-155186,BOAMP,SIREN:546650169,72.0,IT Services & Consulting,2016-10-26,12.0,0,98.16,98.16,,,,OUVERT,SERVICES,False,2017-10-26,publication_date,none,,,,,,0,0,0,,,,0,False,False,strict,calibrated_strict,1
BOAMP:16-158195,BOAMP,SIREN:218502268,72.0,Digital Workplace & Collaboration,2016-10-28,36.0,0,98.09,98.09,,,,PROCEDURE_ADAPTE,SERVICES,False,2019-10-28,publication_date,none,,,,,,0,0,0,,,,0,False,False,strict,calibrated_strict,1
BOAMP:16-158411,BOAMP,NAME:institut 4 10,48.0,Software & Applications,2016-10-28,12.0,0,98.09,98.09,,,,PROCEDURE_ADAPTE,,False,2017-10-28,publication_date,none,,,,,,0,0,0,,,,0,False,False,strict,calibrated_strict,1
BOAMP:16-158975,BOAMP,NAME:dirisi,48.0,Software & Applications,2016-11-04,90.0,0,97.86,97.86,,,,OUVERT,FOURNITURES,False,2024-05-05,publication_date,none,,,,,,0,0,0,,,,0,False,False,strict,calibrated_strict,1
BOAMP:16-161115,BOAMP,SIREN:288500010,35.0,Cybersecurity,2017-01-25,48.0,0,95.17,95.17,,,,PROCEDURE_ADAPTE,SERVICES,True,2021-01-25,attribution_award_date,none,,,,,,0,0,0,,,,0,False,False,strict,calibrated_strict,1
BOAMP:16-166758,BOAMP,NAME:ville du mans,,Unknown,2016-11-17,48.0,0,97.44,97.44,,,,PROCEDURE_ADAPTE,,True,2020-11-17,publication_date,none,,,,,,0,0,0,,,,0,False,False,strict,calibrated_strict,1
BOAMP:16-167180,BOAMP,SIREN:546650169,72.0,IT Services & Consulting,2016-12-20,12.0,0,96.35,96.35,,,,OUVERT,SERVICES,False,2017-12-20,attribution_award_date,none,,,,,,0,0,0,,,,0,False,False,strict,calibrated_strict,1
BOAMP:16-170680,BOAMP,SIREN:264400136,72.0,IT Services & Consulting,2016-11-25,48.0,0,97.17,97.17,,,,PROCEDURE_ADAPTE,SERVICES,False,2020-11-25,publication_date,none,,,,,,0,0,0,,,,0,False,False,strict,calibrated_strict,1
BOAMP:16-172610,BOAMP,NAME:conseil general de la vendee,72.0,Digital Workplace & Collaboration,2017-04-13,48.0,0,92.61,92.61,,,,PROCEDURE_ADAPTE,SERVICES,True,2021-04-13,attribution_award_date,none,,,,,,0,0,0,,,,0,False,False,strict,calibrated_strict,1
BOAMP:16-171762,BOAMP,NAME:carene,45.0,Cloud & Infrastructure,2017-03-22,18.0,0,93.33,93.33,,,,OUVERT,TRAVAUX,False,2018-09-20,attribution_award_date,none,,,,,,0,0,0,,,,0,False,False,strict,calibrated_strict,1
BOAMP:16-172095,BOAMP,NAME:carene,72.0,Cybersecurity,2016-12-02,24.0,0,96.94,96.94,,,,PROCEDURE_ADAPTE,SERVICES,False,2018-12-02,publication_date,none,,,,,,0,0,0,,,,0,False,False,strict,calibrated_strict,1
BOAMP:16-173647,BOAMP,NAME:caf de la somme,72.0,Digital Workplace & Collaboration,2016-12-04,48.0,0,96.88,96.88,,,875000.0,OUVERT,FOURNITURES,False,2020-12-04,publication_date,none,,,,,,0,0,0,,,,0,False,False,strict,calibrated_strict,1
BOAMP:16-176618,BOAMP,NAME:ville d orvault,48.0,Software & Applications,2016-12-09,48.0,0,96.71,96.71,,,,PROCEDURE_ADAPTE,SERVICES|FOURNITURES,False,2020-12-09,publication_date,none,,,,,,0,0,0,,,,0,False,False,strict,calibrated_strict,1
BOAMP:16-176813,BOAMP,NAME:cte cnes coeur d estuaire,45.0,Unknown,2017-05-04,48.0,0,91.92,91.92,,,,OUVERT,TRAVAUX,True,2021-05-04,attribution_award_date,none,,,,,,0,0,0,,,,0,False,False,strict,calibrated_strict,1
BOAMP:16-179721,BOAMP,NAME:gpm de nantes st nazaire,32.0,Telecom & Networks,2016-12-15,48.0,0,96.52,96.52,,,,PROCEDURE_ADAPTE,,True,2020-12-15,publication_date,none,,,,,,0,0,0,,,,0,False,False,strict,calibrated_strict,1
BOAMP:16-180684,BOAMP,SIREN:777739160,32.0,Telecom & Networks,2016-12-16,1.0,0,96.48,96.48,,,,PROCEDURE_ADAPTE,SERVICES|FOURNITURES|TRAVAUX,False,2017-01-15,publication_date,none,,,,,,0,0,0,,,,0,False,False,strict,calibrated_strict,1
BOAMP:16-182034,BOAMP,SIREN:284400017,35.0,Cybersecurity,2016-12-22,7.0,0,96.29,96.29,,,,OUVERT,SERVICES,False,2017-07-23,publication_date,none,,,,,,0,0,0,,,,0,False,False,strict,calibrated_strict,1
BOAMP:16-184522,BOAMP,NAME:sdegm,32.0,Telecom & Networks,2016-12-23,48.0,0,96.25,96.25,,,,PROCEDURE_ADAPTE,,False,2020-12-23,publication_date,none,,,,,,0,0,0,,,,0,False,False,strict,calibrated_strict,1
BOAMP:16-183156,BOAMP,SIREN:227200029,72.0,Digital Workplace & Collaboration,2017-04-26,48.0,0,92.18,92.18,,,155000.0,OUVERT,SERVICES,False,2021-04-26,attribution_award_date,none,,,,,,0,0,0,,,,0,False,False,strict,calibrated_strict,1
BOAMP:16-183705,BOAMP,SIREN:285300018,35.0,Cybersecurity,2016-12-24,12.0,1,11.76,,11.76,BOAMP:17-176560,,OUVERT,FOURNITURES,False,2017-12-24,publication_date,calibrated_rule,0.8828,0.7269,1.0,True,0.96,0,0,0,0.8828,,,1,True,False,strict,calibrated_strict,0
BOAMP:16-184210,BOAMP,SIREN:391722881,72.0,IT Services & Consulting,2017-10-12,48.0,0,86.63,86.63,,,,NEGOCIE,SERVICES,False,2021-10-12,attribution_award_date,none,,,,,,0,0,0,,,,0,False,False,strict,calibrated_strict,1
BOAMP:16-184750,BOAMP,NAME:arafer,72.0,IT Maintenance & Support,2016-12-28,24.0,0,96.09,96.09,,,,OUVERT,SERVICES,False,2018-12-28,publication_date,none,,,,,,0,0,0,,,,0,False,False,strict,calibrated_strict,1
BOAMP:17-1971,BOAMP,NAME:maine loire habitat office pub habitat,48.0,Software & Applications,2017-01-06,48.0,0,95.8,95.8,,,,PROCEDURE_ADAPTE,,False,2021-01-06,publication_date,none,,,,,,0,0,0,,,,0,False,False,strict,calibrated_strict,1
BOAMP:17-2924,BOAMP,NAME:sictiam,72.0,IT Services & Consulting,2017-01-08,12.0,0,95.73,95.73,,,,OUVERT,SERVICES,False,2018-01-08,publication_date,none,,,,,,0,0,0,,,,0,False,False,strict,calibrated_strict,1
BOAMP:17-4904,BOAMP,NAME:iphv les hauts thebaudieres,48.0,Software & Applications,2017-01-11,48.0,0,95.63,95.63,,,,PROCEDURE_ADAPTE,,True,2021-01-11,publication_date,none,,,,,,0,0,0,,,,0,False,False,strict,calibrated_strict,1
BOAMP:17-8592,BOAMP,NAME:communes de grand lieu,35.0,Cybersecurity,2017-01-18,12.0,0,95.4,95.4,,,,PROCEDURE_ADAPTE,,False,2018-01-18,publication_date,none,,,,,,0,0,0,,,,0,False,False,strict,calibrated_strict,1
BOAMP:17-6714,BOAMP,SIREN:194909701,72.0,IT Services & Consulting,2017-01-18,36.0,0,95.4,95.4,,,,OUVERT,SERVICES,False,2020-01-18,publication_date,none,,,,,,0,0,0,,,,0,False,False,strict,calibrated_strict,1
BOAMP:17-8714,BOAMP,SIREN:227200029,72.0,IT Services & Consulting,2017-01-19,48.0,0,95.37,95.37,,,,PROCEDURE_ADAPTE,SERVICES,True,2021-01-19,publication_date,none,,,,,,0,0,0,,,,0,False,False,strict,calibrated_strict,1
BOAMP:17-9361,BOAMP,SIREN:264400136,48.0,Software & Applications,2017-01-19,48.0,0,95.37,95.37,,,,PROCEDURE_ADAPTE,,True,2021-01-19,publication_date,none,,,,,,0,0,0,,,,0,False,False,strict,calibrated_strict,1
BOAMP:17-10167,BOAMP,SIREN:217203207,44.0,Unknown,2017-01-20,48.0,0,95.34,95.34,,,,PROCEDURE_ADAPTE,,True,2021-01-20,publication_date,none,,,,,,0,0,0,,,,0,False,False,strict,calibrated_strict,1
BOAMP:17-8483,BOAMP,SIREN:227200029,45.0,Telecom & Networks,2017-04-07,4.0,0,92.81,92.81,,,,OUVERT,FOURNITURES,False,2017-08-06,attribution_award_date,none,,,,,,0,0,0,,,,0,False,False,strict,calibrated_strict,1
BOAMP:17-12394,BOAMP,NAME:sdegm,32.0,Telecom & Networks,2017-01-26,48.0,0,95.14,95.14,,,,PROCEDURE_ADAPTE,,True,2021-01-26,publication_date,none,,,,,,0,0,0,,,,0,False,False,strict,calibrated_strict,1
BOAMP:17-13461,BOAMP,NAME:nantes metropole,72.0,IT Services & Consulting,2017-01-29,36.0,0,95.04,95.04,,,,OUVERT,SERVICES,False,2020-01-29,publication_date,none,,,,,,0,0,0,,,,0,False,False,strict,calibrated_strict,1
BOAMP:17-14320,BOAMP,NAME:agence regionale pays de la loire ti,72.0,IT Services & Consulting,2017-02-01,48.0,0,94.94,94.94,,,260000.0,OUVERT,SERVICES,False,2021-02-01,publication_date,none,,,,,,0,0,0,,,,0,False,False,strict,calibrated_strict,1
BOAMP:17-14986,BOAMP,SIREN:264400136,72.0,IT Services & Consulting,2017-06-02,12.0,0,90.97,90.97,,,600000.0,OUVERT,SERVICES,False,2018-06-02,attribution_award_date,none,,,,,,0,0,0,,,,0,False,False,strict,calibrated_strict,1
BOAMP:17-16256,BOAMP,NAME:inst interdpt bassin sevre niortaise,45.0,Unknown,2017-02-02,48.0,0,94.91,94.91,,,,PROCEDURE_ADAPTE,,True,2021-02-02,publication_date,none,,,,,,0,0,0,,,,0,False,False,strict,calibrated_strict,1
BOAMP:17-15684,BOAMP,SIREN:214401846,72.0,IT Services & Consulting,2017-02-03,48.0,0,94.88,94.88,,,,PROCEDURE_ADAPTE,SERVICES,True,2021-02-03,publication_date,none,,,,,,0,0,0,,,,0,False,False,strict,calibrated_strict,1
BOAMP:17-20659,BOAMP,SIREN:288500010,72.0,IT Services & Consulting,2017-05-02,48.0,1,46.98,,46.98,BOAMP:21-44149,200000.0,PROCEDURE_ADAPTE,SERVICES,True,2021-05-02,attribution_award_date,calibrated_rule,0.6858,0.7994,0.2,True,0.83,0,0,0,0.6858,,,1,True,False,strict,calibrated_strict,0
BOAMP:17-19962,BOAMP,SIREN:194401006,32.0,Telecom & Networks,2017-04-06,12.0,0,92.84,92.84,,,,OUVERT,FOURNITURES,False,2018-04-06,attribution_award_date,none,,,,,,0,0,0,,,,0,False,False,strict,calibrated_strict,1
BOAMP:17-19635,BOAMP,NAME:mairie du croisic,32.0,Telecom & Networks,2017-02-11,1.0,0,94.61,94.61,,,,OUVERT,TRAVAUX,False,2017-03-13,publication_date,none,,,,,,0,0,0,,,,0,False,False,strict,calibrated_strict,1
BOAMP:17-20825,BOAMP,NAME:le mans,32.0,Telecom & Networks,2017-04-11,48.0,0,92.67,92.67,,,,OUVERT,SERVICES,False,2021-04-11,attribution_award_date,none,,,,,,0,0,0,,,,0,False,False,strict,calibrated_strict,1
BOAMP:17-23389,BOAMP,SIREN:865800767,45.0,Unknown,2017-02-16,9.0,0,94.45,94.45,,,,PROCEDURE_ADAPTE,,False,2017-11-16,publication_date,none,,,,,,0,0,0,,,,0,False,False,strict,calibrated_strict,1
BOAMP:17-22230,BOAMP,SIREN:214401622,35.0,Cybersecurity,2017-05-18,12.0,0,91.46,91.46,,,,OUVERT,SERVICES,False,2018-05-18,attribution_award_date,none,,,,,,0,0,0,,,,0,False,False,strict,calibrated_strict,1
BOAMP:17-23490,BOAMP,NAME:chd vendee,48.0,Software & Applications,2017-02-18,12.0,0,94.38,94.38,,,,OUVERT,FOURNITURES,False,2018-02-18,publication_date,none,,,,,,0,0,0,,,,0,False,False,strict,calibrated_strict,1
BOAMP:17-25253,BOAMP,NAME:le grand t theatre loire atlantique,48.0,Software & Applications,2017-02-21,48.0,0,94.28,94.28,,,,PROCEDURE_ADAPTE,,True,2021-02-21,publication_date,none,,,,,,0,0,0,,,,0,False,False,strict,calibrated_strict,1
BOAMP:17-25915,BOAMP,SIREN:264400136,48.0,Software & Applications,2017-02-22,48.0,0,94.25,94.25,,,,PROCEDURE_ADAPTE,,True,2021-02-22,publication_date,none,,,,,,0,0,0,,,,0,False,False,strict,calibrated_strict,1
BOAMP:17-26666,BOAMP,SIREN:546650169,72.0,IT Services & Consulting,2017-03-30,12.0,0,93.07,93.07,,,,OUVERT,SERVICES,False,2018-03-30,attribution_award_date,none,,,,,,0,0,0,,,,0,False,False,strict,calibrated_strict,1
BOAMP:17-27341,BOAMP,SIREN:935367433,50.0,Unknown,2017-02-26,44.0,0,94.12,94.12,,,450000.0,OUVERT,SERVICES,False,2020-10-27,publication_date,none,,,,,,0,0,0,,,,0,False,False,strict,calibrated_strict,1
BOAMP:17-29415,BOAMP,SIREN:935367433,72.0,IT Maintenance & Support,2017-03-03,48.0,1,51.25,,51.25,BOAMP:21-77546,2000000.0,OUVERT,SERVICES,False,2021-03-03,publication_date,calibrated_rule,0.7973,0.7641,1.0,True,0.4583,0,0,0,0.7973,,,1,True,False,strict,calibrated_strict,0
BOAMP:17-32686,BOAMP,SIREN:865800767,45.0,Unknown,2017-03-08,10.0,0,93.79,93.79,,,,PROCEDURE_ADAPTE,,False,2018-01-06,publication_date,none,,,,,,0,0,0,,,,0,False,False,strict,calibrated_strict,1
BOAMP:17-31647,BOAMP,SIREN:200052587,32.0,Telecom & Networks,2018-01-22,48.0,0,83.28,83.28,,,,,SERVICES,True,2022-01-22,attribution_award_date,none,,,,,,0,0,1,,,,0,False,False,strict,calibrated_strict,1
BOAMP:17-35511,BOAMP,SIREN:245300355,48.0,Software & Applications,2017-03-14,48.0,0,93.59,93.59,,,,PROCEDURE_ADAPTE,,True,2021-03-14,publication_date,none,,,,,,0,0,0,,,,0,False,False,strict,calibrated_strict,1
BOAMP:17-35759,BOAMP,SIREN:234400034,72.0,IT Services & Consulting,2017-06-02,24.0,0,90.97,90.97,,,,OUVERT,SERVICES,False,2019-06-02,attribution_award_date,none,,,,,,0,0,0,,,,0,False,False,strict,calibrated_strict,1
BOAMP:17-35545,BOAMP,SIREN:264400136,48.0,Software & Applications,2017-07-28,14.0,1,15.57,,15.57,BOAMP:18-159101,,NEGOCIE,FOURNITURES,False,2018-09-27,attribution_award_date,calibrated_rule,0.6981,0.876,0.2,True,0.7383,0,0,0,0.6981,,,1,True,False,strict,calibrated_strict,0
BOAMP:17-38797,BOAMP,SIREN:244900015,39.0,Telecom & Networks,2017-08-28,12.0,0,88.11,88.11,,,210000.0,NEGOCIE,FOURNITURES,False,2018-08-28,attribution_award_date,none,,,,,,0,0,0,,,,0,False,False,strict,calibrated_strict,1
BOAMP:17-39457,BOAMP,SIREN:130001704,72.0,IT Services & Consulting,2017-03-23,12.0,1,15.05,,15.05,BOAMP:18-87219,,OUVERT,SERVICES,False,2018-03-23,publication_date,calibrated_rule,0.8278,0.8236,1.0,True,0.4917,0,0,0,0.8278,0.7606,0.0672,2,False,True,strict,calibrated_strict,0
BOAMP:17-40324,BOAMP,SIREN:247200132,72.0,IT Services & Consulting,2017-07-10,48.0,0,89.72,89.72,,,,PROCEDURE_ADAPTE,SERVICES,True,2021-07-10,attribution_award_date,none,,,,,,0,0,0,,,,0,False,False,strict,calibrated_strict,1
BOAMP:17-39093,BOAMP,SIREN:258500222,48.0,Software & Applications,2017-06-29,48.0,0,90.08,90.08,,,,PROCEDURE_ADAPTE,SERVICES,True,2021-06-29,attribution_award_date,none,,,,,,0,0,0,,,,0,False,False,strict,calibrated_strict,1
BOAMP:17-39998,BOAMP,SIREN:214401846,48.0,Software & Applications,2017-07-05,48.0,0,89.88,89.88,,,,PROCEDURE_ADAPTE,SERVICES,True,2021-07-05,attribution_award_date,none,,,,,,0,0,0,,,,0,False,False,strict,calibrated_strict,1
BOAMP:17-44758,BOAMP,SIREN:110006012,72.0,IT Services & Consulting,2017-08-23,48.0,0,88.27,88.27,,,,OUVERT,SERVICES,False,2021-08-23,attribution_award_date,none,,,,,,0,0,0,,,,0,False,False,strict,calibrated_strict,1
BOAMP:17-44607,BOAMP,SIREN:234400034,48.0,Cloud & Infrastructure,2017-07-21,48.0,1,47.31,,47.31,BOAMP:21-46043,,OUVERT,SERVICES,False,2021-07-21,attribution_award_date,calibrated_rule,0.6607,0.8342,0.0,True,0.885,0,0,0,0.6607,,,1,True,False,strict,calibrated_strict,0
BOAMP:17-45104,BOAMP,SIREN:214401622,32.0,Telecom & Networks,2017-08-09,12.0,0,88.73,88.73,,,,OUVERT,FOURNITURES,False,2018-08-09,attribution_award_date,none,,,,,,0,0,0,,,,0,False,False,strict,calibrated_strict,1
BOAMP:17-47832,BOAMP,NAME:centre de gestion fpt loire atlantique,32.0,Telecom & Networks,2017-04-05,48.0,0,92.87,92.87,,,,PROCEDURE_ADAPTE,,True,2021-04-05,publication_date,none,,,,,,0,0,0,,,,0,False,False,strict,calibrated_strict,1
BOAMP:17-48788,BOAMP,SIREN:234400034,72.0,IT Services & Consulting,2017-07-24,24.0,0,89.26,89.26,,,,PROCEDURE_ADAPTE,SERVICES,False,2019-07-24,attribution_award_date,none,,,,,,0,0,0,,,,0,False,False,strict,calibrated_strict,1
BOAMP:17-47703,BOAMP,NAME:semitan,72.0,IT Services & Consulting,2017-04-07,24.0,0,92.81,92.81,,,,NEGOCIE,SERVICES,False,2019-04-07,publication_date,none,,,,,,0,0,0,,,,0,False,False,strict,calibrated_strict,1
BOAMP:17-47930,BOAMP,SIREN:211703004,48.0,Software & Applications,2017-04-07,24.0,0,92.81,92.81,,,100000.0,DIALOGUE_COMPETITIF,FOURNITURES,False,2019-04-07,publication_date,none,,,,,,0,0,0,,,,0,False,False,strict,calibrated_strict,1
BOAMP:17-48519,BOAMP,NAME:carene,48.0,Software & Applications,2017-04-09,48.0,0,92.74,92.74,,,,NEGOCIE,FOURNITURES,False,2021-04-09,publication_date,none,,,,,,0,0,0,,,,0,False,False,strict,calibrated_strict,1
BOAMP:17-42319,BOAMP,NAME:cte de cnes de l ile de noirmoutier,92.0,Unknown,2017-10-25,12.0,0,86.2,86.2,,,,RESTREINT,SERVICES,False,2018-10-25,attribution_award_date,none,,,,,,0,0,0,,,,0,False,False,strict,calibrated_strict,1
BOAMP:17-47467,BOAMP,SIREN:860800077,32.0,Telecom & Networks,2017-06-29,48.0,0,90.08,90.08,,,,OUVERT,FOURNITURES,True,2021-06-29,attribution_award_date,none,,,,,,0,0,0,,,,0,False,False,strict,calibrated_strict,1
BOAMP:17-53475,BOAMP,SIREN:391722881,72.0,IT Services & Consulting,2018-01-02,12.0,1,12.29,,12.29,BOAMP:18-8879,,RESTREINT,SERVICES,False,2019-01-02,attribution_award_date,calibrated_rule,0.7078,0.7936,0.2,True,0.9517,0,0,0,0.7078,0.6759,0.0319,2,False,False,strict,calibrated_strict,0
BOAMP:17-55172,BOAMP,SIREN:532458809,50.0,Unknown,2017-04-21,16.0,0,92.35,92.35,,,,OUVERT,TRAVAUX,False,2018-08-21,publication_date,none,,,,,,0,0,0,,,,0,False,False,strict,calibrated_strict,1
BOAMP:17-54861,BOAMP,NAME:ville d orvault,48.0,Software & Applications,2017-06-20,36.0,0,90.37,90.37,,,,OUVERT,FOURNITURES,False,2020-06-19,attribution_award_date,none,,,,,,0,0,0,,,,0,False,False,strict,calibrated_strict,1
BOAMP:17-57345,BOAMP,SIREN:254902505,,Cybersecurity,2017-04-25,48.0,0,92.21,92.21,,,,PROCEDURE_ADAPTE,SERVICES,True,2021-04-25,publication_date,none,,,,,,0,0,0,,,,0,False,False,strict,calibrated_strict,1
BOAMP:17-56720,BOAMP,NAME:gcs esante pays de la loire,72.0,IT Services & Consulting,2017-08-29,12.0,0,88.07,88.07,,,,OUVERT,SERVICES,False,2018-08-29,attribution_award_date,none,,,,,,0,0,0,,,,0,False,False,strict,calibrated_strict,1
BOAMP:17-58486,BOAMP,SIREN:264400136,72.0,Digital Workplace & Collaboration,2017-04-28,12.0,0,92.12,92.12,,,,NEGOCIE,SERVICES,False,2018-04-28,publication_date,none,,,,,,0,0,0,,,,0,False,False,strict,calibrated_strict,1
BOAMP:17-58113,BOAMP,NAME:arafer,72.0,IT Maintenance & Support,2017-04-28,24.0,0,92.12,92.12,,,,NEGOCIE,SERVICES,False,2019-04-28,publication_date,none,,,,,,0,0,0,,,,0,False,False,strict,calibrated_strict,1
BOAMP:17-58214,BOAMP,NAME:nantes metropole,72.0,Cybersecurity,2017-04-30,48.0,0,92.05,92.05,,,,OUVERT,SERVICES,False,2021-04-30,publication_date,none,,,,,,0,0,0,,,,0,False,False,strict,calibrated_strict,1
BOAMP:17-56890,BOAMP,NAME:nantes metropole,90.0,Unknown,2017-08-21,12.0,0,88.34,88.34,,,,OUVERT,TRAVAUX,False,2018-08-21,attribution_award_date,none,,,,,,0,0,0,,,,0,False,False,strict,calibrated_strict,1
BOAMP:17-62129,BOAMP,SIREN:234400034,72.0,IT Services & Consulting,2017-05-04,18.0,0,91.92,91.92,,,,PROCEDURE_ADAPTE,SERVICES,False,2018-11-02,publication_date,none,,,,,,0,0,0,,,,0,False,False,strict,calibrated_strict,1
BOAMP:17-61199,BOAMP,SIREN:546650169,72.0,IT Services & Consulting,2017-05-04,12.0,0,91.92,91.92,,,,OUVERT,SERVICES,False,2018-05-04,publication_date,none,,,,,,0,0,0,,,,0,False,False,strict,calibrated_strict,1
BOAMP:17-61541,BOAMP,SIREN:264400136,72.0,IT Services & Consulting,2017-07-21,48.0,1,50.79,,50.79,BOAMP:21-76925,,OUVERT,SERVICES,False,2021-07-21,attribution_award_date,calibrated_rule,0.8492,0.8556,1.0,True,0.535,0,0,0,0.8492,,,1,True,False,strict,calibrated_strict,0
BOAMP:17-62974,BOAMP,NAME:cap atlantique,48.0,Software & Applications,2017-05-05,48.0,0,91.89,91.89,,,208000.0,PROCEDURE_ADAPTE,,False,2021-05-05,publication_date,none,,,,,,0,0,0,,,,0,False,False,strict,calibrated_strict,1
BOAMP:17-62873,BOAMP,SIREN:194909701,72.0,IT Services & Consulting,2017-05-07,36.0,1,40.44,,40.44,BOAMP:20-114106,,OUVERT,SERVICES,False,2020-05-06,publication_date,calibrated_rule,0.852,1.0,1.0,True,0.26,0,0,0,0.852,,,1,True,False,strict,calibrated_strict,0
BOAMP:17-56105,BOAMP,SIREN:264400268,48.0,Software & Applications,2017-05-07,60.0,0,91.82,91.82,,,466000.0,OUVERT,FOURNITURES,False,2022-05-07,publication_date,none,,,,,,0,0,0,,,,0,False,False,strict,calibrated_strict,1
BOAMP:17-66007,BOAMP,NAME:le mans,72.0,IT Services & Consulting,2017-05-12,48.0,0,91.66,91.66,,,,PROCEDURE_ADAPTE,SERVICES,True,2021-05-12,publication_date,none,,,,,,0,0,0,,,,0,False,False,strict,calibrated_strict,1
BOAMP:17-67752,BOAMP,NAME:gpm de nantes st nazaire,32.0,Telecom & Networks,2017-05-16,48.0,0,91.52,91.52,,,,PROCEDURE_ADAPTE,,True,2021-05-16,publication_date,none,,,,,,0,0,0,,,,0,False,False,strict,calibrated_strict,1
BOAMP:17-69161,BOAMP,NAME:ville du mans,37.0,Data & AI,2017-05-17,48.0,1,50.3,,50.3,BOAMP:21-103746,2000.0,PROCEDURE_ADAPTE,,True,2021-05-17,publication_date,calibrated_rule,0.8516,0.9135,,False,0.6167,0,0,0,0.8516,,,1,True,False,strict,calibrated_strict,0
BOAMP:17-69162,BOAMP,SIREN:247200132,72.0,IT Services & Consulting,2017-10-30,30.0,0,86.04,86.04,,,,PROCEDURE_ADAPTE,SERVICES,False,2020-04-30,attribution_award_date,none,,,,,,0,0,0,,,,0,False,False,strict,calibrated_strict,1
BOAMP:17-68186,BOAMP,SIREN:234400034,72.0,IT Services & Consulting,2017-08-09,12.0,1,11.33,,11.33,BOAMP:18-103319,500000.0,OUVERT,SERVICES,False,2018-08-09,attribution_award_date,calibrated_rule,0.6697,0.73,0.2,True,0.8883,0,0,0,0.6697,,,1,True,False,strict,calibrated_strict,0
BOAMP:17-59442,BOAMP,NAME:ademe,72.0,IT Services & Consulting,2017-05-19,48.0,0,91.43,91.43,,,,RESTREINT,SERVICES,False,2021-05-19,publication_date,none,,,,,,0,0,0,,,,0,False,False,strict,calibrated_strict,1
BOAMP:17-68883,BOAMP,NAME:arafer,72.0,IT Maintenance & Support,2017-05-19,24.0,0,91.43,91.43,,,,OUVERT,SERVICES,False,2019-05-19,publication_date,none,,,,,,0,0,0,,,,0,False,False,strict,calibrated_strict,1
BOAMP:17-71849,BOAMP,SIREN:234400034,72.0,Digital Workplace & Collaboration,2017-08-09,12.0,0,88.73,88.73,,,,OUVERT,SERVICES,False,2018-08-09,attribution_award_date,none,,,,,,0,0,0,,,,0,False,False,strict,calibrated_strict,1
BOAMP:17-71852,BOAMP,SIREN:284900016,35.0,Cybersecurity,2017-05-24,48.0,0,91.26,91.26,,,,PROCEDURE_ADAPTE,SERVICES,True,2021-05-24,publication_date,none,,,,,,0,0,0,,,,0,False,False,strict,calibrated_strict,1
BOAMP:17-73536,BOAMP,NAME:nantes metropole,48.0,Software & Applications,2017-10-26,60.0,0,86.17,86.17,,,,NEGOCIE,SERVICES,False,2022-10-26,attribution_award_date,none,,,,,,0,0,0,,,,0,False,False,strict,calibrated_strict,1
BOAMP:17-73142,BOAMP,SIREN:247200132,48.0,Software & Applications,2017-08-22,36.0,0,88.3,88.3,,,,OUVERT,FOURNITURES,False,2020-08-21,attribution_award_date,none,,,,,,0,0,0,,,,0,False,False,strict,calibrated_strict,1
BOAMP:17-73357,BOAMP,NAME:syndicat departemental d energie,32.0,Telecom & Networks,2017-10-26,12.0,0,86.17,86.17,,,,OUVERT,SERVICES,False,2018-10-26,attribution_award_date,none,,,,,,0,0,0,,,,0,False,False,strict,calibrated_strict,1
BOAMP:17-72992,BOAMP,NAME:groupe d etude et de controle des vari,72.0,IT Services & Consulting,2017-07-17,24.0,0,89.49,89.49,,,,OUVERT,SERVICES,False,2019-07-17,attribution_award_date,none,,,,,,0,0,0,,,,0,False,False,strict,calibrated_strict,1
BOAMP:17-74632,BOAMP,SIREN:130029747,48.0,Software & Applications,2017-05-31,48.0,0,91.03,91.03,,,240000.0,OUVERT,SERVICES,True,2021-05-31,publication_date,none,,,,,,0,0,0,,,,0,False,False,strict,calibrated_strict,1
BOAMP:17-75817,BOAMP,SIREN:200053593,48.0,Software & Applications,2017-05-31,48.0,0,91.03,91.03,,,,PROCEDURE_ADAPTE,,True,2021-05-31,publication_date,none,,,,,,0,0,0,,,,0,False,False,strict,calibrated_strict,1
BOAMP:17-76729,BOAMP,NAME:dir interregionale sces penitentiaires,32.0,Telecom & Networks,2017-06-01,48.0,0,91.0,91.0,,,,PROCEDURE_ADAPTE,,True,2021-06-01,publication_date,none,,,,,,0,0,0,,,,0,False,False,strict,calibrated_strict,1
BOAMP:17-76616,BOAMP,NAME:nantes metropole,72.0,Cybersecurity,2017-06-03,48.0,0,90.93,90.93,,,,OUVERT,SERVICES,False,2021-06-03,publication_date,none,,,,,,0,0,0,,,,0,False,False,strict,calibrated_strict,1
BOAMP:17-77862,BOAMP,SIREN:234400034,34.0,Unknown,2017-10-04,12.0,0,86.89,86.89,,,,OUVERT,SERVICES,False,2018-10-04,attribution_award_date,none,,,,,,0,0,0,,,,0,False,False,strict,calibrated_strict,1
BOAMP:17-78402,BOAMP,SIREN:288500010,,Telecom & Networks,2017-06-06,48.0,0,90.83,90.83,,,,PROCEDURE_ADAPTE,,False,2021-06-06,publication_date,none,,,,,,0,0,0,,,,0,False,False,strict,calibrated_strict,1
BOAMP:17-78663,BOAMP,NAME:les quinconces l espal,32.0,Telecom & Networks,2017-06-06,48.0,0,90.83,90.83,,,,PROCEDURE_ADAPTE,,True,2021-06-06,publication_date,none,,,,,,0,0,0,,,,0,False,False,strict,calibrated_strict,1
BOAMP:17-79002,BOAMP,SIREN:198513905,32.0,Telecom & Networks,2017-06-07,48.0,0,90.8,90.8,,,,PROCEDURE_ADAPTE,,True,2021-06-07,publication_date,none,,,,,,0,0,0,,,,0,False,False,strict,calibrated_strict,1
BOAMP:17-68985,BOAMP,NAME:nantes metropole,48.0,Software & Applications,2017-10-16,48.0,0,86.5,86.5,,,,OUVERT,SERVICES,False,2021-10-16,attribution_award_date,none,,,,,,0,0,0,,,,0,False,False,strict,calibrated_strict,1
BOAMP:17-80207,BOAMP,SIREN:214402042,,Unknown,2017-06-08,48.0,0,90.77,90.77,,,,PROCEDURE_ADAPTE,,True,2021-06-08,publication_date,none,,,,,,0,0,0,,,,0,False,False,strict,calibrated_strict,1
BOAMP:17-80194,BOAMP,SIREN:935367433,72.0,IT Services & Consulting,2017-06-08,48.0,0,90.77,90.77,,,160000.0,PROCEDURE_ADAPTE,SERVICES,False,2021-06-08,publication_date,none,,,,,,0,0,0,,,,0,False,False,strict,calibrated_strict,1
BOAMP:17-80573,BOAMP,SIREN:284400017,32.0,Telecom & Networks,2017-10-17,48.0,0,86.47,86.47,,,,OUVERT,SERVICES,False,2021-10-17,attribution_award_date,none,,,,,,0,0,0,,,,0,False,False,strict,calibrated_strict,1
BOAMP:17-80380,BOAMP,NAME:maine loire habitat office pub habitat,32.0,Telecom & Networks,2017-10-03,48.0,0,86.93,86.93,,,300000.0,OUVERT,SERVICES,False,2021-10-03,attribution_award_date,none,,,,,,0,0,0,,,,0,False,False,strict,calibrated_strict,1
BOAMP:17-82963,BOAMP,NAME:ville du mans,32.0,Telecom & Networks,2017-10-09,48.0,0,86.73,86.73,,,,PROCEDURE_ADAPTE,,True,2021-10-09,attribution_award_date,none,,,,,,0,0,0,,,,0,False,False,strict,calibrated_strict,1
BOAMP:17-85841,BOAMP,SIREN:234400034,48.0,Software & Applications,2017-10-23,12.0,0,86.27,86.27,,,,PROCEDURE_ADAPTE,SERVICES,False,2018-10-23,attribution_award_date,none,,,,,,0,0,0,,,,0,False,False,strict,calibrated_strict,1
BOAMP:17-85294,BOAMP,SIREN:391722881,48.0,Software & Applications,2017-06-21,12.0,0,90.34,90.34,,,,OUVERT,SERVICES,False,2018-06-21,publication_date,none,,,,,,0,0,0,,,,0,False,False,strict,calibrated_strict,1
BOAMP:17-88463,BOAMP,NAME:cesame de sainte gemmes sur loire,32.0,Telecom & Networks,2017-06-25,39.0,0,90.21,90.21,,,220000.0,OUVERT,FOURNITURES,False,2020-09-24,publication_date,none,,,,,,0,0,0,,,,0,False,False,strict,calibrated_strict,1
BOAMP:17-90424,BOAMP,NAME:regie dept passages d eau de vendee,72.0,IT Services & Consulting,2017-06-27,48.0,0,90.14,90.14,,,,PROCEDURE_ADAPTE,SERVICES,True,2021-06-27,publication_date,none,,,,,,0,0,0,,,,0,False,False,strict,calibrated_strict,1
BOAMP:17-90049,BOAMP,SIREN:391722881,35.0,Cybersecurity,2017-06-28,12.0,0,90.11,90.11,,,,OUVERT,SERVICES,False,2018-06-28,publication_date,none,,,,,,0,0,0,,,,0,False,False,strict,calibrated_strict,1
BOAMP:17-91935,BOAMP,NAME:nantes metropole,32.0,Telecom & Networks,2017-07-01,48.0,1,53.52,,53.52,BOAMP:21-163822,,OUVERT,FOURNITURES,False,2021-07-01,publication_date,calibrated_rule,0.739,0.8075,1.0,True,0.08,0,0,0,0.739,,,1,True,False,strict,calibrated_strict,0
BOAMP:17-91530,BOAMP,SIREN:225300011,45.0,Unknown,2018-05-29,24.0,0,79.11,79.11,,,,OUVERT,TRAVAUX,False,2020-05-28,attribution_award_date,none,,,,,,0,0,0,,,,0,False,False,strict,calibrated_strict,1
BOAMP:17-93042,BOAMP,SIREN:391722881,72.0,IT Services & Consulting,2017-07-02,24.0,0,89.98,89.98,,,,OUVERT,SERVICES,False,2019-07-02,publication_date,none,,,,,,0,0,0,,,,0,False,False,strict,calibrated_strict,1
BOAMP:17-93666,BOAMP,SIREN:264400136,72.0,IT Services & Consulting,2017-07-03,48.0,0,89.95,89.95,,,,PROCEDURE_ADAPTE,SERVICES,True,2021-07-03,publication_date,none,,,,,,0,0,0,,,,0,False,False,strict,calibrated_strict,1
BOAMP:17-93952,BOAMP,SIREN:391722881,72.0,Digital Workplace & Collaboration,2018-05-14,24.0,0,79.6,79.6,,,,NEGOCIE,SERVICES,False,2020-05-13,attribution_award_date,none,,,,,,0,0,0,,,,0,False,False,strict,calibrated_strict,1
BOAMP:17-97519,BOAMP,SIREN:214402042,72.0,Digital Workplace & Collaboration,2017-07-07,48.0,0,89.82,89.82,,,,PROCEDURE_ADAPTE,SERVICES,True,2021-07-07,publication_date,none,,,,,,0,0,0,,,,0,False,False,strict,calibrated_strict,1
BOAMP:17-97609,BOAMP,SIREN:284400017,35.0,Cybersecurity,2017-07-07,48.0,0,89.82,89.82,,,,PROCEDURE_ADAPTE,,True,2021-07-07,publication_date,none,,,,,,0,0,0,,,,0,False,False,strict,calibrated_strict,1
BOAMP:17-94724,BOAMP,SIREN:214401846,32.0,Telecom & Networks,2017-10-03,36.0,0,86.93,86.93,,,,OUVERT,FOURNITURES,False,2020-10-02,attribution_award_date,none,,,,,,0,0,0,,,,0,False,False,strict,calibrated_strict,1
BOAMP:17-98996,BOAMP,SIREN:214401622,72.0,IT Services & Consulting,2017-07-11,36.0,0,89.68,89.68,,,,PROCEDURE_ADAPTE,SERVICES,False,2020-07-10,publication_date,none,,,,,,0,0,0,,,,0,False,False,strict,calibrated_strict,1
BOAMP:17-96902,BOAMP,SIREN:214401846,48.0,Software & Applications,2017-07-13,48.0,0,89.62,89.62,,,,PROCEDURE_ADAPTE,,False,2021-07-13,publication_date,none,,,,,,0,0,0,,,,0,False,False,strict,calibrated_strict,1
BOAMP:17-82154,BOAMP,NAME:nantes metropole,79.0,Unknown,2017-07-13,36.0,0,89.62,89.62,,,,NEGOCIE,SERVICES,False,2020-07-12,publication_date,none,,,,,,0,0,0,,,,0,False,False,strict,calibrated_strict,1
BOAMP:17-100085,BOAMP,SIREN:244900015,42.0,Unknown,2017-11-10,24.0,0,85.68,85.68,,,300000.0,OUVERT,FOURNITURES,False,2019-11-10,attribution_award_date,none,,,,,,0,0,0,,,,0,False,False,strict,calibrated_strict,1
BOAMP:17-101340,BOAMP,NAME:crous de rennes,32.0,Telecom & Networks,2017-07-15,48.0,0,89.55,89.55,,,,OUVERT,SERVICES,True,2021-07-15,publication_date,none,,,,,,0,0,0,,,,0,False,False,strict,calibrated_strict,1
BOAMP:17-102708,BOAMP,SIREN:234400034,48.0,Software & Applications,2017-07-18,36.0,0,89.45,89.45,,,,PROCEDURE_ADAPTE,SERVICES,False,2020-07-17,publication_date,none,,,,,,0,0,0,,,,0,False,False,strict,calibrated_strict,1
BOAMP:17-102482,BOAMP,SIREN:264400136,72.0,IT Services & Consulting,2017-07-18,48.0,0,89.45,89.45,,,,PROCEDURE_ADAPTE,,True,2021-07-18,publication_date,none,,,,,,0,0,0,,,,0,False,False,strict,calibrated_strict,1
BOAMP:17-102187,BOAMP,SIREN:194909701,32.0,Telecom & Networks,2017-07-19,36.0,0,89.42,89.42,,,,OUVERT,FOURNITURES,False,2020-07-18,publication_date,none,,,,,,0,0,0,,,,0,False,False,strict,calibrated_strict,1
BOAMP:17-100105,BOAMP,SIREN:214401846,48.0,Software & Applications,2017-07-20,12.0,0,89.39,89.39,,,400000.0,OUVERT,FOURNITURES,False,2018-07-20,publication_date,none,,,,,,0,0,0,,,,0,False,False,strict,calibrated_strict,1
BOAMP:17-103193,BOAMP,SIREN:234400034,48.0,Software & Applications,2018-03-19,48.0,1,50.1,,50.1,BOAMP:22-72517,,NEGOCIE,SERVICES,True,2022-03-19,attribution_award_date,calibrated_rule,0.7008,0.927,0.2,True,0.65,0,0,0,0.7008,,,1,True,False,strict,calibrated_strict,0
BOAMP:17-102923,BOAMP,SIREN:234400034,48.0,Software & Applications,2017-07-20,48.0,0,89.39,89.39,,,,OUVERT,SERVICES,False,2021-07-20,publication_date,none,,,,,,0,0,0,,,,0,False,False,strict,calibrated_strict,1
BOAMP:17-103816,BOAMP,NAME:dirisi,32.0,Telecom & Networks,2017-12-20,66.0,0,84.36,84.36,,,360000.0,OUVERT,FOURNITURES,False,2023-06-21,attribution_award_date,none,,,,,,0,0,0,,,,0,False,False,strict,calibrated_strict,1
BOAMP:17-102568,BOAMP,NAME:carene,48.0,Software & Applications,2017-07-21,48.0,0,89.36,89.36,,,,PROCEDURE_ADAPTE,SERVICES,False,2021-07-21,publication_date,none,,,,,,0,0,0,,,,0,False,False,strict,calibrated_strict,1
BOAMP:17-104235,BOAMP,SIREN:391722881,48.0,Software & Applications,2017-07-22,36.0,0,89.32,89.32,,,,OUVERT,FOURNITURES,False,2020-07-21,publication_date,none,,,,,,0,0,0,,,,0,False,False,strict,calibrated_strict,1
BOAMP:17-104895,BOAMP,SIREN:264900390,35.0,Cybersecurity,2017-10-09,48.0,0,86.73,86.73,,,560000.0,OUVERT,SERVICES,True,2021-10-09,attribution_award_date,none,,,,,,0,0,0,,,,0,False,False,strict,calibrated_strict,1
BOAMP:17-104307,BOAMP,SIREN:214401846,39.0,Unknown,2017-11-09,48.0,0,85.71,85.71,,,100000.0,OUVERT,FOURNITURES,False,2021-11-09,attribution_award_date,none,,,,,,0,0,0,,,,0,False,False,strict,calibrated_strict,1
BOAMP:17-105683,BOAMP,SIREN:247200132,39.0,Software & Applications,2017-12-20,2.0,0,84.36,84.36,,,,OUVERT,FOURNITURES,False,2018-02-18,attribution_award_date,none,,,,,,0,0,0,,,,0,False,False,strict,calibrated_strict,1
BOAMP:17-106453,BOAMP,SIREN:214401580,,Telecom & Networks,2017-07-24,48.0,0,89.26,89.26,,,,PROCEDURE_ADAPTE,,True,2021-07-24,publication_date,none,,,,,,0,0,0,,,,0,False,False,strict,calibrated_strict,1
BOAMP:17-106009,BOAMP,NAME:nantes metropole,72.0,Cybersecurity,2017-11-26,48.0,0,85.15,85.15,,,,OUVERT,SERVICES,False,2021-11-26,attribution_award_date,none,,,,,,0,0,0,,,,0,False,False,strict,calibrated_strict,1
BOAMP:17-106845,BOAMP,SIREN:214900201,45.0,Unknown,2017-07-28,14.0,0,89.13,89.13,,,820000.0,OUVERT,TRAVAUX,False,2018-09-27,publication_date,none,,,,,,0,0,0,,,,0,False,False,strict,calibrated_strict,1
BOAMP:17-109941,BOAMP,SIREN:214401846,48.0,Software & Applications,2017-11-13,12.0,0,85.58,85.58,,,,PROCEDURE_ADAPTE,SERVICES,False,2018-11-13,attribution_award_date,none,,,,,,0,0,0,,,,0,False,False,strict,calibrated_strict,1
BOAMP:17-110921,BOAMP,SIREN:194401006,48.0,Software & Applications,2017-12-18,48.0,0,84.43,84.43,,,,OUVERT,FOURNITURES,False,2021-12-18,attribution_award_date,none,,,,,,0,0,0,,,,0,False,False,strict,calibrated_strict,1
BOAMP:17-103068,BOAMP,SIREN:241700434,32.0,Telecom & Networks,2017-08-10,48.0,0,88.7,88.7,,,7300000.0,,SERVICES,True,2021-08-10,publication_date,none,,,,,,0,0,0,,,,0,False,False,strict,calibrated_strict,1
BOAMP:17-115008,BOAMP,SIREN:281700252,,Data & AI,2017-08-10,12.0,0,88.7,88.7,,,34000.0,PROCEDURE_ADAPTE,,False,2018-08-10,publication_date,none,,,,,,0,0,0,,,,0,False,False,strict,calibrated_strict,1
BOAMP:17-114118,BOAMP,SIREN:234400034,48.0,Software & Applications,2017-12-28,48.0,0,84.1,84.1,,,,OUVERT,SERVICES,True,2021-12-28,attribution_award_date,none,,,,,,0,0,0,,,,0,False,False,strict,calibrated_strict,1
BOAMP:17-114694,BOAMP,NAME:hop intercommunal du baugeois et val,32.0,Telecom & Networks,2017-12-12,12.0,0,84.63,84.63,,,,OUVERT,FOURNITURES,False,2018-12-12,attribution_award_date,none,,,,,,0,0,0,,,,0,False,False,strict,calibrated_strict,1
BOAMP:17-111330,BOAMP,NAME:nantes metropole,72.0,Cybersecurity,2018-01-16,12.0,0,83.48,83.48,,,,OUVERT,SERVICES,False,2019-01-16,attribution_award_date,none,,,,,,0,0,0,,,,0,False,False,strict,calibrated_strict,1
BOAMP:17-115598,BOAMP,NAME:drac pays de la loire,92.0,Data & AI,2017-08-12,5.0,0,88.63,88.63,,,,OUVERT,SERVICES,False,2018-01-11,publication_date,none,,,,,,0,0,0,,,,0,False,False,strict,calibrated_strict,1
BOAMP:17-117075,BOAMP,NAME:syndicat mixte pour le dvlpt numerique,72.0,IT Services & Consulting,2017-08-17,48.0,1,49.61,,49.61,BOAMP:21-133433,,PROCEDURE_ADAPTE,,True,2021-08-17,publication_date,calibrated_rule,0.938,0.9791,1.0,True,0.7317,0,0,0,0.938,,,1,True,False,strict,calibrated_strict,0
BOAMP:17-117591,BOAMP,SIREN:217201540,45.0,Unknown,2017-08-18,48.0,0,88.44,88.44,,,,PROCEDURE_ADAPTE,,True,2021-08-18,publication_date,none,,,,,,0,0,0,,,,0,False,False,strict,calibrated_strict,1
BOAMP:17-118765,BOAMP,SIREN:234400034,48.0,Software & Applications,2017-12-14,12.0,0,84.56,84.56,,,,PROCEDURE_ADAPTE,SERVICES,False,2018-12-14,attribution_award_date,none,,,,,,0,0,0,,,,0,False,False,strict,calibrated_strict,1
BOAMP:17-119142,BOAMP,NAME:prefecture,72.0,IT Services & Consulting,2017-08-23,48.0,0,88.27,88.27,,,,PROCEDURE_ADAPTE,SERVICES,True,2021-08-23,publication_date,none,,,,,,0,0,0,,,,0,False,False,strict,calibrated_strict,1
BOAMP:17-120212,BOAMP,SIREN:234400034,72.0,IT Services & Consulting,2017-12-15,12.0,0,84.53,84.53,,,,PROCEDURE_ADAPTE,SERVICES,False,2018-12-15,attribution_award_date,none,,,,,,0,0,0,,,,0,False,False,strict,calibrated_strict,1
BOAMP:17-115928,BOAMP,NAME:ademe,72.0,IT Services & Consulting,2018-04-24,48.0,0,80.26,80.26,,,,RESTREINT,SERVICES,False,2022-04-24,attribution_award_date,none,,,,,,0,0,0,,,,0,False,False,strict,calibrated_strict,1
BOAMP:17-120545,BOAMP,NAME:e collectivites vendee,72.0,IT Services & Consulting,2017-11-06,12.0,0,85.81,85.81,,,,OUVERT,SERVICES,False,2018-11-06,attribution_award_date,none,,,,,,0,0,0,,,,0,False,False,strict,calibrated_strict,1
BOAMP:17-123450,BOAMP,SIREN:935367433,48.0,Software & Applications,2017-09-03,48.0,0,87.91,87.91,,,2500000.0,OUVERT,SERVICES,False,2021-09-03,publication_date,none,,,,,,0,0,0,,,,0,False,False,strict,calibrated_strict,1
BOAMP:17-123584,BOAMP,SIREN:200006971,45.0,Data & AI,2017-12-04,7.0,0,84.89,84.89,,,,OUVERT,TRAVAUX,False,2018-07-05,attribution_award_date,none,,,,,,0,0,0,,,,0,False,False,strict,calibrated_strict,1
BOAMP:17-124242,BOAMP,SIREN:287200265,35.0,Cybersecurity,2017-10-27,48.0,0,86.14,86.14,,,,PROCEDURE_ADAPTE,,True,2021-10-27,attribution_award_date,none,,,,,,0,0,0,,,,0,False,False,strict,calibrated_strict,1
BOAMP:17-123595,BOAMP,SIREN:244400404,44.0,Telecom & Networks,2018-01-18,12.0,0,83.41,83.41,,,75000.0,OUVERT,FOURNITURES,False,2019-01-18,attribution_award_date,none,,,,,,0,0,0,,,,0,False,False,strict,calibrated_strict,1
BOAMP:17-124586,BOAMP,SIREN:194909701,72.0,IT Services & Consulting,2017-12-15,36.0,1,33.15,,33.15,BOAMP:20-114106,,OUVERT,SERVICES,False,2020-12-14,attribution_award_date,calibrated_rule,0.905,1.0,1.0,True,0.525,0,0,0,0.905,,,1,True,False,strict,calibrated_strict,0
BOAMP:17-128615,BOAMP,NAME:inserm,72.0,IT Services & Consulting,2017-09-14,24.0,0,87.55,87.55,,,4000000.0,RESTREINT,SERVICES,False,2019-09-14,publication_date,none,,,,,,0,0,0,,,,0,False,False,strict,calibrated_strict,1
BOAMP:17-129931,BOAMP,NAME:cmar pays de la loire,72.0,IT Services & Consulting,2017-09-17,48.0,0,87.45,87.45,,,,OUVERT,FOURNITURES,False,2021-09-17,publication_date,none,,,,,,0,0,0,,,,0,False,False,strict,calibrated_strict,1
BOAMP:17-127198,BOAMP,NAME:carene,44.0,Unknown,2017-12-19,12.0,0,84.4,84.4,,,40000.0,OUVERT,FOURNITURES,False,2018-12-19,attribution_award_date,none,,,,,,0,0,0,,,,0,False,False,strict,calibrated_strict,1
BOAMP:17-130980,BOAMP,NAME:e collectivites vendee,72.0,IT Services & Consulting,2017-09-17,48.0,0,87.45,87.45,,,,PROCEDURE_ADAPTE,,False,2021-09-17,publication_date,none,,,,,,0,0,0,,,,0,False,False,strict,calibrated_strict,1
BOAMP:17-117419,BOAMP,NAME:dsna,32.0,Telecom & Networks,2017-12-13,48.0,0,84.59,84.59,,,300000.0,OUVERT,FOURNITURES,False,2021-12-13,attribution_award_date,none,,,,,,0,0,0,,,,0,False,False,strict,calibrated_strict,1
BOAMP:17-133782,BOAMP,SIREN:214401325,72.0,IT Services & Consulting,2017-09-22,12.0,0,87.29,87.29,,,,PROCEDURE_ADAPTE,SERVICES,False,2018-09-22,publication_date,none,,,,,,0,0,0,,,,0,False,False,strict,calibrated_strict,1
BOAMP:17-135447,BOAMP,SIREN:130029747,,Data & AI,2017-09-26,48.0,0,87.16,87.16,,,,PROCEDURE_ADAPTE,,True,2021-09-26,publication_date,none,,,,,,0,0,0,,,,0,False,False,strict,calibrated_strict,1
BOAMP:17-134575,BOAMP,SIREN:110006012,72.0,Cybersecurity,2018-01-16,48.0,0,83.48,83.48,,,2000000.0,OUVERT,SERVICES,False,2022-01-16,attribution_award_date,none,,,,,,0,0,0,,,,0,False,False,strict,calibrated_strict,1
BOAMP:17-135932,BOAMP,SIREN:188500490,45.0,Unknown,2017-09-28,48.0,0,87.09,87.09,,,,OUVERT,TRAVAUX,True,2021-09-28,publication_date,none,,,,,,0,0,0,,,,0,False,False,strict,calibrated_strict,1
BOAMP:17-136551,BOAMP,SIREN:130001704,72.0,IT Services & Consulting,2017-09-30,48.0,0,87.02,87.02,,,,OUVERT,SERVICES,False,2021-09-30,publication_date,none,,,,,,0,0,0,,,,0,False,False,strict,calibrated_strict,1
BOAMP:17-130666,BOAMP,NAME:ademe,72.0,IT Maintenance & Support,2017-10-01,48.0,0,86.99,86.99,,,,OUVERT,SERVICES,False,2021-10-01,publication_date,none,,,,,,0,0,0,,,,0,False,False,strict,calibrated_strict,1
BOAMP:17-138140,BOAMP,SIREN:214400558,32.0,Telecom & Networks,2017-10-04,12.0,0,86.89,86.89,,,,OUVERT,SERVICES,False,2018-10-04,publication_date,none,,,,,,0,0,0,,,,0,False,False,strict,calibrated_strict,1
BOAMP:17-140377,BOAMP,SIREN:234400034,72.0,Cybersecurity,2017-12-14,24.0,0,84.56,84.56,,,,PROCEDURE_ADAPTE,SERVICES,False,2019-12-14,attribution_award_date,none,,,,,,0,0,0,,,,0,False,False,strict,calibrated_strict,1
BOAMP:17-141116,BOAMP,NAME:ville du mans,18.0,Telecom & Networks,2017-10-06,48.0,0,86.83,86.83,,,25000.0,PROCEDURE_ADAPTE,,True,2021-10-06,publication_date,none,,,,,,0,0,0,,,,0,False,False,strict,calibrated_strict,1
BOAMP:17-140760,BOAMP,NAME:plate forme achats finances nord est,35.0,Cybersecurity,2017-10-08,12.0,0,86.76,86.76,,,49392.0,OUVERT,FOURNITURES,False,2018-10-08,publication_date,none,,,,,,0,0,0,,,,0,False,False,strict,calibrated_strict,1
BOAMP:17-140948,BOAMP,SIREN:234400034,48.0,Software & Applications,2017-12-30,48.0,1,48.42,,48.42,BOAMP:21-116891,,OUVERT,SERVICES,True,2021-12-30,attribution_award_date,calibrated_rule,0.6656,0.8239,0.0,True,0.93,0,0,0,0.6656,,,1,True,False,strict,calibrated_strict,0
BOAMP:17-142028,BOAMP,SIREN:130029747,72.0,IT Services & Consulting,2017-10-11,47.0,0,86.66,86.66,,,,OUVERT,SERVICES,False,2021-09-10,publication_date,none,,,,,,0,0,0,,,,0,False,False,strict,calibrated_strict,1
BOAMP:17-142035,BOAMP,SIREN:234400034,48.0,Software & Applications,2017-12-26,48.0,0,84.17,84.17,,,,OUVERT,SERVICES,False,2021-12-26,attribution_award_date,none,,,,,,0,0,0,,,,0,False,False,strict,calibrated_strict,1
BOAMP:17-144102,BOAMP,SIREN:130029747,35.0,Cybersecurity,2018-02-01,48.0,0,82.95,82.95,,,,OUVERT,FOURNITURES,True,2022-02-01,attribution_award_date,none,,,,,,0,0,0,,,,0,False,False,strict,calibrated_strict,1
BOAMP:17-143241,BOAMP,NAME:nantes metropole,48.0,Software & Applications,2018-06-20,60.0,0,78.38,78.38,,,,NEGOCIE,SERVICES,False,2023-06-20,attribution_award_date,none,,,,,,0,0,0,,,,0,False,False,strict,calibrated_strict,1
BOAMP:17-148560,BOAMP,NAME:cc du pays de chantonnay,72.0,IT Services & Consulting,2017-10-22,48.0,0,86.3,86.3,,,,OUVERT,SERVICES,False,2021-10-22,publication_date,none,,,,,,0,0,0,,,,0,False,False,strict,calibrated_strict,1
BOAMP:17-147216,BOAMP,SIREN:865800767,45.0,Unknown,2017-10-23,54.0,0,86.27,86.27,,,,PROCEDURE_ADAPTE,,False,2022-04-23,publication_date,none,,,,,,0,0,0,,,,0,False,False,strict,calibrated_strict,1
BOAMP:17-152746,BOAMP,NAME:ctre hosp universitaire angers,48.0,Software & Applications,2017-12-08,48.0,0,84.76,84.76,,,,OUVERT,SERVICES,False,2021-12-08,attribution_award_date,none,,,,,,0,0,0,,,,0,False,False,strict,calibrated_strict,1
BOAMP:17-155889,BOAMP,SIREN:180092025,32.0,Telecom & Networks,2018-02-09,6.0,0,82.69,82.69,,,,OUVERT,FOURNITURES,False,2018-08-10,attribution_award_date,none,,,,,,0,0,0,,,,0,False,False,strict,calibrated_strict,1
BOAMP:17-158731,BOAMP,SIREN:228500013,72.0,IT Services & Consulting,2018-02-27,48.0,0,82.1,82.1,,,,PROCEDURE_ADAPTE,SERVICES,True,2022-02-27,attribution_award_date,none,,,,,,0,0,0,,,,0,False,False,strict,calibrated_strict,1
BOAMP:17-159373,BOAMP,SIREN:264400136,72.0,IT Services & Consulting,2018-04-03,48.0,1,50.66,,50.66,BOAMP:22-87982,,OUVERT,SERVICES,False,2022-04-03,attribution_award_date,calibrated_rule,0.8062,0.7372,1.0,True,0.5567,0,0,0,0.8062,,,1,True,False,strict,calibrated_strict,0
BOAMP:17-158224,BOAMP,NAME:nantes metropole,48.0,Software & Applications,2018-04-24,48.0,0,80.26,80.26,,,,OUVERT,SERVICES,False,2022-04-24,attribution_award_date,none,,,,,,0,0,0,,,,0,False,False,strict,calibrated_strict,1
BOAMP:17-159853,BOAMP,SIREN:244900015,72.0,IT Services & Consulting,2017-11-13,36.0,0,85.58,85.58,,,,PROCEDURE_ADAPTE,,False,2020-11-12,publication_date,none,,,,,,0,0,0,,,,0,False,False,strict,calibrated_strict,1
BOAMP:17-161917,BOAMP,SIREN:935367433,72.0,IT Maintenance & Support,2017-11-18,12.0,0,85.41,85.41,,,3200000.0,OUVERT,SERVICES,False,2018-11-18,publication_date,none,,,,,,0,0,0,,,,0,False,False,strict,calibrated_strict,1
BOAMP:17-161006,BOAMP,SIREN:244900015,48.0,Software & Applications,2018-11-21,48.0,0,73.32,73.32,,,210000.0,NEGOCIE,SERVICES,False,2022-11-21,attribution_award_date,none,,,,,,0,0,0,,,,0,False,False,strict,calibrated_strict,1
BOAMP:17-163707,BOAMP,SIREN:391722881,72.0,IT Services & Consulting,2017-11-22,24.0,0,85.28,85.28,,,,OUVERT,SERVICES,False,2019-11-22,publication_date,none,,,,,,0,0,0,,,,0,False,False,strict,calibrated_strict,1
BOAMP:17-161606,BOAMP,NAME:carene,32.0,Telecom & Networks,2017-11-23,48.0,0,85.25,85.25,,,84000.0,PROCEDURE_ADAPTE,,True,2021-11-23,publication_date,none,,,,,,0,0,0,,,,0,False,False,strict,calibrated_strict,1
BOAMP:17-165149,BOAMP,NAME:oniris,72.0,Digital Workplace & Collaboration,2017-11-25,12.0,0,85.18,85.18,,,,NEGOCIE,SERVICES,False,2018-11-25,publication_date,none,,,,,,0,0,0,,,,0,False,False,strict,calibrated_strict,1
BOAMP:17-165815,BOAMP,NAME:dreal bretagne,48.0,Software & Applications,2018-06-05,48.0,0,78.88,78.88,,,,OUVERT,SERVICES,False,2022-06-05,attribution_award_date,none,,,,,,0,0,0,,,,0,False,False,strict,calibrated_strict,1
BOAMP:17-165817,BOAMP,NAME:dreal bretagne,48.0,Software & Applications,2018-05-18,48.0,1,46.22,,46.22,BOAMP:22-44037,,OUVERT,SERVICES,False,2022-05-18,attribution_award_date,calibrated_rule,0.6907,1.0,0.0,True,0.7033,0,0,0,0.6907,,,1,True,False,strict,calibrated_strict,0
BOAMP:17-166932,BOAMP,SIREN:130025158,32.0,Telecom & Networks,2017-11-27,48.0,0,85.12,85.12,,,,PROCEDURE_ADAPTE,,True,2021-11-27,publication_date,none,,,,,,0,0,0,,,,0,False,False,strict,calibrated_strict,1
BOAMP:17-167643,BOAMP,SIREN:935367433,32.0,Telecom & Networks,2017-11-28,12.0,0,85.09,85.09,,,,PROCEDURE_ADAPTE,,False,2018-11-28,publication_date,none,,,,,,0,0,0,,,,0,False,False,strict,calibrated_strict,1
BOAMP:17-167707,BOAMP,NAME:nantes metropole,48.0,Software & Applications,2017-11-28,48.0,0,85.09,85.09,,,,PROCEDURE_ADAPTE,SERVICES,False,2021-11-28,publication_date,none,,,,,,0,0,0,,,,0,False,False,strict,calibrated_strict,1
BOAMP:17-168569,BOAMP,NAME:nantes metropole,72.0,GIS & Mapping,2017-11-29,48.0,1,50.39,,50.39,BOAMP:22-21573,,PROCEDURE_ADAPTE,,True,2021-11-29,publication_date,calibrated_rule,0.8348,0.7862,1.0,True,0.6017,0,0,0,0.8348,,,1,True,False,strict,calibrated_strict,0
BOAMP:17-171316,BOAMP,SIREN:234400034,72.0,Cybersecurity,2018-03-22,48.0,0,81.34,81.34,,,,OUVERT,SERVICES,False,2022-03-22,attribution_award_date,none,,,,,,0,0,0,,,,0,False,False,strict,calibrated_strict,1
BOAMP:17-172862,BOAMP,SIREN:528848153,72.0,Digital Workplace & Collaboration,2017-12-08,72.0,0,84.76,84.76,,,,PROCEDURE_ADAPTE,SERVICES,False,2023-12-08,publication_date,none,,,,,,0,0,0,,,,0,False,False,strict,calibrated_strict,1
BOAMP:17-173975,BOAMP,SIREN:234400034,48.0,Software & Applications,2017-12-13,24.0,0,84.59,84.59,,,,OUVERT,SERVICES,False,2019-12-13,publication_date,none,,,,,,0,0,0,,,,0,False,False,strict,calibrated_strict,1
BOAMP:17-174760,BOAMP,SIREN:284400017,35.0,Cybersecurity,2018-01-30,48.0,0,83.02,83.02,,,,OUVERT,SERVICES,True,2022-01-30,attribution_award_date,none,,,,,,0,0,0,,,,0,False,False,strict,calibrated_strict,1
BOAMP:17-173663,BOAMP,NAME:nantes metropole,48.0,Software & Applications,2017-12-16,60.0,0,84.49,84.49,,,,NEGOCIE,SERVICES,False,2022-12-16,publication_date,none,,,,,,0,0,0,,,,0,False,False,strict,calibrated_strict,1
BOAMP:17-176560,BOAMP,SIREN:285300018,35.0,Cybersecurity,2017-12-17,24.0,0,84.46,84.46,,,976500.0,OUVERT,FOURNITURES,False,2019-12-17,publication_date,none,,,,,,0,0,0,,,,0,False,False,strict,calibrated_strict,1
BOAMP:17-177418,BOAMP,SIREN:214401846,32.0,Telecom & Networks,2017-12-20,48.0,0,84.36,84.36,,,50000.0,PROCEDURE_ADAPTE,FOURNITURES,False,2021-12-20,publication_date,none,,,,,,0,0,0,,,,0,False,False,strict,calibrated_strict,1
BOAMP:17-129614,BOAMP,NAME:nantes metropole,72.0,Cybersecurity,2017-12-21,48.0,0,84.33,84.33,,,,OUVERT,SERVICES,False,2021-12-21,publication_date,none,,,,,,0,0,0,,,,0,False,False,strict,calibrated_strict,1
BOAMP:17-179962,BOAMP,SIREN:234400034,45.0,Telecom & Networks,2017-12-21,6.0,1,6.57,,6.57,BOAMP:18-95630,,PROCEDURE_ADAPTE,TRAVAUX,False,2018-06-21,publication_date,calibrated_rule,0.981,1.0,1.0,True,0.905,0,0,0,0.981,,,1,True,False,strict,calibrated_strict,0
BOAMP:17-178496,BOAMP,SIREN:214401846,32.0,Telecom & Networks,2017-12-21,48.0,0,84.33,84.33,,,110000.0,PROCEDURE_ADAPTE,FOURNITURES,True,2021-12-21,publication_date,none,,,,,,0,0,0,,,,0,False,False,strict,calibrated_strict,1
BOAMP:17-179112,BOAMP,NAME:nantes metropole,72.0,IT Services & Consulting,2017-12-22,48.0,0,84.3,84.3,,,,OUVERT,SERVICES,False,2021-12-22,publication_date,none,,,,,,0,0,0,,,,0,False,False,strict,calibrated_strict,1
BOAMP:18-265,BOAMP,SIREN:234400034,32.0,Telecom & Networks,2018-06-27,12.0,0,78.15,78.15,,,,PROCEDURE_ADAPTE,SERVICES,False,2019-06-27,attribution_award_date,none,,,,,,0,0,0,,,,0,False,False,strict,calibrated_strict,1
BOAMP:18-546,BOAMP,SIREN:244900015,48.0,Software & Applications,2018-04-25,24.0,0,80.22,80.22,,,500000.0,OUVERT,FOURNITURES,False,2020-04-24,attribution_award_date,none,,,,,,0,0,0,,,,0,False,False,strict,calibrated_strict,1
BOAMP:18-2518,BOAMP,SIREN:264400136,72.0,IT Services & Consulting,2018-01-09,12.0,0,83.71,83.71,,,,PROCEDURE_ADAPTE,SERVICES,False,2019-01-09,publication_date,none,,,,,,0,0,0,,,,0,False,False,strict,calibrated_strict,1
BOAMP:18-4239,BOAMP,SIREN:200067346,35.0,Cybersecurity,2018-03-19,12.0,0,81.44,81.44,,,,OUVERT,FOURNITURES,False,2019-03-19,attribution_award_date,none,,,,,,0,0,0,,,,0,False,False,strict,calibrated_strict,1
BOAMP:18-6884,BOAMP,SIREN:264400136,72.0,IT Services & Consulting,2018-01-16,12.0,0,83.48,83.48,,,,PROCEDURE_ADAPTE,SERVICES,False,2019-01-16,publication_date,none,,,,,,0,0,0,,,,0,False,False,strict,calibrated_strict,1
BOAMP:18-6138,BOAMP,SIREN:284400017,48.0,Software & Applications,2018-04-12,48.0,1,47.17,,47.17,BOAMP:22-39410,,OUVERT,FOURNITURES,False,2022-04-12,attribution_award_date,calibrated_rule,0.7723,1.0,0.2,True,0.8617,0,0,0,0.7723,0.7267,0.0457,2,False,False,strict,calibrated_strict,0
BOAMP:18-3854,BOAMP,SIREN:218501914,44.0,Unknown,2018-04-05,3.0,0,80.88,80.88,,,290000.0,OUVERT,FOURNITURES,False,2018-07-05,attribution_award_date,none,,,,,,0,0,0,,,,0,False,False,strict,calibrated_strict,1
BOAMP:18-8070,BOAMP,SIREN:244900015,72.0,IT Services & Consulting,2018-01-18,36.0,0,83.41,83.41,,,,PROCEDURE_ADAPTE,SERVICES,False,2021-01-17,publication_date,none,,,,,,0,0,0,,,,0,False,False,strict,calibrated_strict,1
BOAMP:18-8615,BOAMP,NAME:gcs esante pays de la loire,72.0,IT Services & Consulting,2018-01-20,48.0,0,83.34,83.34,,,250000.0,NEGOCIE,SERVICES,True,2022-01-20,publication_date,none,,,,,,0,0,0,,,,0,False,False,strict,calibrated_strict,1
BOAMP:18-8280,BOAMP,SIREN:248500589,48.0,Software & Applications,2018-05-02,48.0,0,79.99,79.99,,,300000.0,OUVERT,FOURNITURES,False,2022-05-02,attribution_award_date,none,,,,,,0,0,0,,,,0,False,False,strict,calibrated_strict,1
BOAMP:18-8879,BOAMP,SIREN:391722881,72.0,IT Services & Consulting,2019-01-11,24.0,0,71.65,71.65,,,,NEGOCIE,SERVICES,False,2021-01-10,attribution_award_date,none,,,,,,0,0,0,,,,0,False,False,strict,calibrated_strict,1
BOAMP:18-10415,BOAMP,SIREN:130029747,35.0,Cybersecurity,2018-04-23,30.0,0,80.29,80.29,,,,PROCEDURE_ADAPTE,FOURNITURES,False,2020-10-22,attribution_award_date,none,,,,,,0,0,0,,,,0,False,False,strict,calibrated_strict,1
BOAMP:18-9170,BOAMP,SIREN:248500415,48.0,Software & Applications,2018-01-24,48.0,0,83.21,83.21,,,221000.0,OUVERT,FOURNITURES,False,2022-01-24,publication_date,none,,,,,,0,0,0,,,,0,False,False,strict,calibrated_strict,1
BOAMP:18-11225,BOAMP,NAME:nantes metropole,72.0,IT Services & Consulting,2018-01-27,48.0,0,83.11,83.11,,,,RESTREINT,SERVICES,False,2022-01-27,publication_date,none,,,,,,0,0,0,,,,0,False,False,strict,calibrated_strict,1
BOAMP:18-12557,BOAMP,SIREN:381053768,32.0,Telecom & Networks,2018-01-28,12.0,0,83.08,83.08,,,,OUVERT,SERVICES,False,2019-01-28,publication_date,none,,,,,,0,0,0,,,,0,False,False,strict,calibrated_strict,1
BOAMP:18-12119,BOAMP,SIREN:234400034,72.0,IT Services & Consulting,2018-04-27,48.0,1,48.82,,48.82,BOAMP:22-72517,,OUVERT,SERVICES,True,2022-04-27,attribution_award_date,calibrated_rule,0.6645,0.8547,0.0,True,0.8633,0,0,0,0.6645,,,1,True,False,strict,calibrated_strict,0
BOAMP:18-13131,BOAMP,NAME:cte de communes d erdre et gesvres,48.0,Software & Applications,2018-01-29,39.0,0,83.05,83.05,,,,PROCEDURE_ADAPTE,SERVICES,False,2021-04-30,publication_date,none,,,,,,0,0,0,,,,0,False,False,strict,calibrated_strict,1
BOAMP:18-13243,BOAMP,SIREN:194909701,72.0,IT Services & Consulting,2018-04-17,48.0,0,80.49,80.49,,,,PROCEDURE_ADAPTE,SERVICES,False,2022-04-17,attribution_award_date,none,,,,,,0,0,0,,,,0,False,False,strict,calibrated_strict,1
BOAMP:18-14081,BOAMP,NAME:cdc du pays de saint gilles cx de vie,48.0,Software & Applications,2018-02-02,48.0,0,82.92,82.92,,,160000.0,OUVERT,SERVICES,False,2022-02-02,publication_date,none,,,,,,0,0,0,,,,0,False,False,strict,calibrated_strict,1
BOAMP:18-15680,BOAMP,SIREN:214401846,72.0,IT Services & Consulting,2018-02-07,48.0,0,82.75,82.75,,,160000.0,PROCEDURE_ADAPTE,SERVICES,False,2022-02-07,publication_date,none,,,,,,0,0,0,,,,0,False,False,strict,calibrated_strict,1
BOAMP:18-17886,BOAMP,SIREN:228500013,72.0,IT Services & Consulting,2018-05-31,12.0,0,79.04,79.04,,,,PROCEDURE_ADAPTE,SERVICES,False,2019-05-31,attribution_award_date,none,,,,,,0,0,0,,,,0,False,False,strict,calibrated_strict,1
BOAMP:18-18750,BOAMP,NAME:comsopgn,,Telecom & Networks,2018-02-08,12.0,0,82.72,82.72,,,,PROCEDURE_ADAPTE,FOURNITURES,False,2019-02-08,publication_date,none,,,,,,0,0,0,,,,0,False,False,strict,calibrated_strict,1
BOAMP:18-18602,BOAMP,SIREN:130029747,72.0,IT Services & Consulting,2018-02-09,48.0,0,82.69,82.69,,,,OUVERT,SERVICES,False,2022-02-09,publication_date,none,,,,,,0,0,0,,,,0,False,False,strict,calibrated_strict,1
BOAMP:18-21470,BOAMP,NAME:ville d evron,32.0,Telecom & Networks,2018-06-05,48.0,0,78.88,78.88,,,225000.0,OUVERT,FOURNITURES,False,2022-06-05,attribution_award_date,none,,,,,,0,0,0,,,,0,False,False,strict,calibrated_strict,1
BOAMP:18-22345,BOAMP,NAME:uniha gcs,72.0,IT Services & Consulting,2018-02-17,12.0,0,82.42,82.42,,,,NEGOCIE,SERVICES,False,2019-02-17,publication_date,none,,,,,,0,0,0,,,,0,False,False,strict,calibrated_strict,1
BOAMP:18-22305,BOAMP,NAME:uniha gcs,72.0,IT Services & Consulting,2018-02-17,12.0,0,82.42,82.42,,,,NEGOCIE,SERVICES,False,2019-02-17,publication_date,none,,,,,,0,0,0,,,,0,False,False,strict,calibrated_strict,1
BOAMP:18-25344,BOAMP,NAME:conseil general de la vendee,,GIS & Mapping,2018-02-21,3.0,0,82.29,82.29,,,,PROCEDURE_ADAPTE,SERVICES,False,2018-05-23,publication_date,none,,,,,,0,0,0,,,,0,False,False,strict,calibrated_strict,1
BOAMP:18-25585,BOAMP,SIREN:244900015,32.0,Telecom & Networks,2018-02-22,12.0,0,82.26,82.26,,,5500000.0,PROCEDURE_ADAPTE,TRAVAUX,False,2019-02-22,publication_date,none,,,,,,0,0,0,,,,0,False,False,strict,calibrated_strict,1
BOAMP:18-26430,BOAMP,SIREN:391722881,72.0,IT Services & Consulting,2019-01-11,48.0,0,71.65,71.65,,,,NEGOCIE,SERVICES,False,2023-01-11,attribution_award_date,none,,,,,,0,0,0,,,,0,False,False,strict,calibrated_strict,1
BOAMP:18-26654,BOAMP,NAME:gip vendee numerique,32.0,Telecom & Networks,2019-07-01,48.0,0,66.03,66.03,,,,NEGOCIE,TRAVAUX,True,2023-07-01,attribution_award_date,none,,,,,,0,0,0,,,,0,False,False,strict,calibrated_strict,1
BOAMP:18-26824,BOAMP,SIREN:234400034,72.0,Digital Workplace & Collaboration,2018-06-25,12.0,0,78.22,78.22,,,,OUVERT,SERVICES,False,2019-06-25,attribution_award_date,none,,,,,,0,0,0,,,,0,False,False,strict,calibrated_strict,1
BOAMP:18-27476,BOAMP,SIREN:194909701,32.0,Telecom & Networks,2018-06-01,12.0,0,79.01,79.01,,,,OUVERT,SERVICES,False,2019-06-01,attribution_award_date,none,,,,,,0,0,0,,,,0,False,False,strict,calibrated_strict,1
BOAMP:18-29896,BOAMP,NAME:cnieg,72.0,IT Services & Consulting,2018-03-02,48.0,0,82.0,82.0,,,,PROCEDURE_ADAPTE,SERVICES,True,2022-03-02,publication_date,none,,,,,,0,0,0,,,,0,False,False,strict,calibrated_strict,1
BOAMP:18-28651,BOAMP,NAME:nantes metropole,72.0,IT Services & Consulting,2018-03-03,60.0,0,81.96,81.96,,,,NEGOCIE,SERVICES,False,2023-03-03,publication_date,none,,,,,,0,0,0,,,,0,False,False,strict,calibrated_strict,1
BOAMP:18-28473,BOAMP,NAME:ademe,72.0,IT Services & Consulting,2018-03-03,12.0,0,81.96,81.96,,,1500000.0,OUVERT,SERVICES,False,2019-03-03,publication_date,none,,,,,,0,0,0,,,,0,False,False,strict,calibrated_strict,1
BOAMP:18-30222,BOAMP,SIREN:234400034,72.0,Digital Workplace & Collaboration,2018-07-12,12.0,0,77.66,77.66,,,,OUVERT,SERVICES,False,2019-07-12,attribution_award_date,none,,,,,,0,0,0,,,,0,False,False,strict,calibrated_strict,1
BOAMP:18-30024,BOAMP,SIREN:244900015,48.0,Software & Applications,2018-03-04,60.0,0,81.93,81.93,,,,OUVERT,SERVICES,False,2023-03-04,publication_date,none,,,,,,0,0,0,,,,0,False,False,strict,calibrated_strict,1
BOAMP:18-32739,BOAMP,SIREN:214400558,32.0,Telecom & Networks,2018-03-08,12.0,0,81.8,81.8,,,4000000.0,PROCEDURE_ADAPTE,TRAVAUX,False,2019-03-08,publication_date,none,,,,,,0,0,0,,,,0,False,False,strict,calibrated_strict,1
BOAMP:18-31687,BOAMP,SIREN:234400034,48.0,Software & Applications,2018-06-28,48.0,1,46.78,,46.78,BOAMP:22-72517,,OUVERT,SERVICES,False,2022-06-28,attribution_award_date,calibrated_rule,0.6666,0.7682,0.2,True,0.7967,0,0,0,0.6666,,,1,True,False,strict,calibrated_strict,0
BOAMP:18-31507,BOAMP,NAME:laval spla,45.0,Unknown,2018-05-14,11.0,0,79.6,79.6,,,1000000.0,OUVERT,TRAVAUX,False,2019-04-13,attribution_award_date,none,,,,,,0,0,0,,,,0,False,False,strict,calibrated_strict,1
BOAMP:18-34848,BOAMP,NAME:spic arena loire trelaze,79.0,Unknown,2018-03-14,48.0,0,81.6,81.6,,,,OUVERT,SERVICES,True,2022-03-14,publication_date,none,,,,,,0,0,0,,,,0,False,False,strict,calibrated_strict,1
BOAMP:18-35039,BOAMP,SIREN:180043010,79.0,Unknown,2018-09-11,12.0,0,75.66,75.66,,,,OUVERT,SERVICES,False,2019-09-11,attribution_award_date,none,,,,,,0,0,0,,,,0,False,False,strict,calibrated_strict,1
BOAMP:18-35804,BOAMP,NAME:ccir pays de la loire,30.0,IT Hardware & Equipment,2018-03-16,48.0,0,81.54,81.54,,,,OUVERT,FOURNITURES,True,2022-03-16,publication_date,none,,,,,,0,0,0,,,,0,False,False,strict,calibrated_strict,1
BOAMP:18-37425,BOAMP,SIREN:130029747,72.0,IT Services & Consulting,2018-07-03,48.0,0,77.96,77.96,,,,OUVERT,SERVICES,False,2022-07-03,attribution_award_date,none,,,,,,0,0,0,,,,0,False,False,strict,calibrated_strict,1
BOAMP:18-36652,BOAMP,SIREN:214401846,48.0,Software & Applications,2018-03-20,48.0,0,81.41,81.41,,,,PROCEDURE_ADAPTE,SERVICES,False,2022-03-20,publication_date,none,,,,,,0,0,0,,,,0,False,False,strict,calibrated_strict,1
BOAMP:18-38804,BOAMP,SIREN:214400558,32.0,Telecom & Networks,2018-03-20,48.0,0,81.41,81.41,,,,PROCEDURE_ADAPTE,TRAVAUX,True,2022-03-20,publication_date,none,,,,,,0,0,0,,,,0,False,False,strict,calibrated_strict,1
BOAMP:18-38591,BOAMP,SIREN:214401846,48.0,Software & Applications,2018-03-21,48.0,0,81.37,81.37,,,,PROCEDURE_ADAPTE,SERVICES,False,2022-03-21,publication_date,none,,,,,,0,0,0,,,,0,False,False,strict,calibrated_strict,1
BOAMP:18-37028,BOAMP,NAME:nantes metropole,32.0,Telecom & Networks,2018-07-13,72.0,0,77.63,77.63,,,,NEGOCIE,SERVICES,False,2024-07-12,attribution_award_date,none,,,,,,0,0,0,,,,0,False,False,strict,calibrated_strict,1
BOAMP:18-38747,BOAMP,NAME:ville du mans,75.0,GIS & Mapping,2018-08-30,12.0,0,76.05,76.05,,,25000.0,OUVERT,SERVICES,False,2019-08-30,attribution_award_date,none,,,,,,0,0,0,,,,0,False,False,strict,calibrated_strict,1
BOAMP:18-40625,BOAMP,SIREN:244900015,32.0,Telecom & Networks,2018-03-23,48.0,1,49.38,,49.38,BOAMP:22-51760,220999.0,PROCEDURE_ADAPTE,FOURNITURES,False,2022-03-23,publication_date,calibrated_rule,0.954,1.0,1.0,True,0.77,0,0,0,0.954,,,1,True,False,strict,calibrated_strict,0
BOAMP:18-40176,BOAMP,SIREN:391722881,48.0,Software & Applications,2018-03-24,24.0,0,81.27,81.27,,,,OUVERT,SERVICES,False,2020-03-23,publication_date,none,,,,,,0,0,0,,,,0,False,False,strict,calibrated_strict,1
BOAMP:18-40946,BOAMP,NAME:synd dep d energie et d eqpt de vendee,32.0,Telecom & Networks,2018-07-11,48.0,0,77.69,77.69,,,,OUVERT,TRAVAUX,True,2022-07-11,attribution_award_date,none,,,,,,0,0,0,,,,0,False,False,strict,calibrated_strict,1
BOAMP:18-42613,BOAMP,SIREN:228500013,72.0,IT Services & Consulting,2018-07-19,12.0,0,77.43,77.43,,,200000.0,OUVERT,SERVICES,False,2019-07-19,attribution_award_date,none,,,,,,0,0,0,,,,0,False,False,strict,calibrated_strict,1
BOAMP:18-41248,BOAMP,SIREN:214401846,48.0,Software & Applications,2018-03-30,48.0,0,81.08,81.08,,,,PROCEDURE_ADAPTE,SERVICES,False,2022-03-30,publication_date,none,,,,,,0,0,0,,,,0,False,False,strict,calibrated_strict,1
BOAMP:18-46804,BOAMP,SIREN:234400034,66.0,Software & Applications,2018-04-05,12.0,0,80.88,80.88,,,,PROCEDURE_ADAPTE,SERVICES,False,2019-04-05,publication_date,none,,,,,,0,0,0,,,,0,False,False,strict,calibrated_strict,1
BOAMP:18-46346,BOAMP,SIREN:194909701,32.0,Telecom & Networks,2018-04-06,36.0,0,80.85,80.85,,,,OUVERT,FOURNITURES,False,2021-04-05,publication_date,none,,,,,,0,0,0,,,,0,False,False,strict,calibrated_strict,1
BOAMP:18-41182,BOAMP,NAME:cdc du pays de saint gilles cx de vie,30.0,IT Hardware & Equipment,2018-04-08,60.0,0,80.78,80.78,,,,OUVERT,FOURNITURES,False,2023-04-08,publication_date,none,,,,,,0,0,0,,,,0,False,False,strict,calibrated_strict,1
BOAMP:18-51459,BOAMP,SIREN:234400034,32.0,Telecom & Networks,2018-04-15,48.0,0,80.55,80.55,,,,OUVERT,FOURNITURES,False,2022-04-15,publication_date,none,,,,,,0,0,0,,,,0,False,False,strict,calibrated_strict,1
BOAMP:18-43289,BOAMP,NAME:ademe,72.0,Data & AI,2018-04-18,14.0,0,80.45,80.45,,,,OUVERT,SERVICES,False,2019-06-18,publication_date,none,,,,,,0,0,0,,,,0,False,False,strict,calibrated_strict,1
BOAMP:18-52389,BOAMP,NAME:uniha gcs,72.0,IT Services & Consulting,2018-04-18,12.0,0,80.45,80.45,,,,OUVERT,SERVICES,False,2019-04-18,publication_date,none,,,,,,0,0,0,,,,0,False,False,strict,calibrated_strict,1
BOAMP:18-55455,BOAMP,NAME:sdis49,72.0,IT Services & Consulting,2018-04-20,48.0,0,80.39,80.39,,,150000.0,PROCEDURE_ADAPTE,SERVICES,False,2022-04-20,publication_date,none,,,,,,0,0,0,,,,0,False,False,strict,calibrated_strict,1
BOAMP:18-53378,BOAMP,NAME:nantes metropole,72.0,IT Services & Consulting,2018-04-20,48.0,1,47.77,,47.77,BOAMP:22-52027,,OUVERT,SERVICES,False,2022-04-20,publication_date,calibrated_rule,0.9291,0.842,1.0,True,0.9617,0,0,0,0.9291,,,1,True,False,strict,calibrated_strict,0
BOAMP:18-52482,BOAMP,NAME:cdc du pays de saint gilles cx de vie,48.0,Software & Applications,2018-10-19,48.0,0,74.41,74.41,,,160000.0,NEGOCIE,SERVICES,False,2022-10-19,attribution_award_date,none,,,,,,0,0,0,,,,0,False,False,strict,calibrated_strict,1
BOAMP:18-54467,BOAMP,SIREN:130029747,72.0,IT Services & Consulting,2018-08-21,48.0,0,76.35,76.35,,,,OUVERT,SERVICES,False,2022-08-21,attribution_award_date,none,,,,,,0,0,0,,,,0,False,False,strict,calibrated_strict,1
BOAMP:18-53804,BOAMP,NAME:nantes metropole,48.0,Software & Applications,2018-08-21,48.0,0,76.35,76.35,,,,OUVERT,SERVICES,False,2022-08-21,attribution_award_date,none,,,,,,0,0,0,,,,0,False,False,strict,calibrated_strict,1
BOAMP:18-56546,BOAMP,NAME:nantes metropole,48.0,Software & Applications,2018-04-24,48.0,0,80.26,80.26,,,,PROCEDURE_ADAPTE,FOURNITURES,False,2022-04-24,publication_date,none,,,,,,0,0,0,,,,0,False,False,strict,calibrated_strict,1
BOAMP:18-58630,BOAMP,SIREN:227200029,72.0,IT Services & Consulting,2018-07-02,48.0,0,77.99,77.99,,,50000.0,PROCEDURE_ADAPTE,SERVICES,True,2022-07-02,attribution_award_date,none,,,,,,0,0,0,,,,0,False,False,strict,calibrated_strict,1
BOAMP:18-55179,BOAMP,NAME:carene,32.0,Telecom & Networks,2018-04-27,48.0,0,80.16,80.16,,,,PROCEDURE_ADAPTE,FOURNITURES,True,2022-04-27,publication_date,none,,,,,,0,0,0,,,,0,False,False,strict,calibrated_strict,1
BOAMP:18-57918,BOAMP,NAME:agce pour l enst fr a l etranger,72.0,IT Services & Consulting,2018-04-27,24.0,0,80.16,80.16,,,1300000.0,NEGOCIE,SERVICES,False,2020-04-26,publication_date,none,,,,,,0,0,0,,,,0,False,False,strict,calibrated_strict,1
BOAMP:18-58840,BOAMP,SIREN:381053768,30.0,IT Hardware & Equipment,2018-04-28,12.0,0,80.12,80.12,,,,OUVERT,FOURNITURES,False,2019-04-28,publication_date,none,,,,,,0,0,0,,,,0,False,False,strict,calibrated_strict,1
BOAMP:18-61507,BOAMP,SIREN:194401006,48.0,Software & Applications,2018-05-03,48.0,0,79.96,79.96,,,,PROCEDURE_ADAPTE,,True,2022-05-03,publication_date,none,,,,,,0,0,0,,,,0,False,False,strict,calibrated_strict,1
BOAMP:18-60154,BOAMP,SIREN:244900015,32.0,Telecom & Networks,2018-12-06,12.0,0,72.83,72.83,,,240000.0,OUVERT,FOURNITURES,False,2019-12-06,attribution_award_date,none,,,,,,0,0,0,,,,0,False,False,strict,calibrated_strict,1
BOAMP:18-61256,BOAMP,NAME:nantes metropole,72.0,IT Services & Consulting,2018-07-10,48.0,0,77.73,77.73,,,,OUVERT,SERVICES,False,2022-07-10,attribution_award_date,none,,,,,,0,0,0,,,,0,False,False,strict,calibrated_strict,1
BOAMP:18-61655,BOAMP,NAME:nantes metropole,72.0,Cybersecurity,2018-07-10,48.0,0,77.73,77.73,,,,OUVERT,SERVICES,False,2022-07-10,attribution_award_date,none,,,,,,0,0,0,,,,0,False,False,strict,calibrated_strict,1
BOAMP:18-62528,BOAMP,SIREN:381053768,32.0,Telecom & Networks,2018-05-06,6.0,0,79.86,79.86,,,130000.0,OUVERT,FOURNITURES,False,2018-11-04,publication_date,none,,,,,,0,0,0,,,,0,False,False,strict,calibrated_strict,1
BOAMP:18-62916,BOAMP,NAME:cdc du pays de saint gilles cx de vie,64.0,Digital Workplace & Collaboration,2019-06-05,48.0,0,66.89,66.89,,,520000.0,NEGOCIE,SERVICES,False,2023-06-05,attribution_award_date,none,,,,,,0,0,0,,,,0,False,False,strict,calibrated_strict,1
BOAMP:18-66502,BOAMP,NAME:agce pour l enst fr a l etranger,72.0,IT Services & Consulting,2018-05-16,48.0,0,79.53,79.53,,,140000.0,PROCEDURE_ADAPTE,SERVICES,False,2022-05-16,publication_date,none,,,,,,0,0,0,,,,0,False,False,strict,calibrated_strict,1
BOAMP:18-62604,BOAMP,SIREN:214401093,72.0,Digital Workplace & Collaboration,2018-07-23,48.0,1,48.16,,48.16,BOAMP:22-54094,,OUVERT,SERVICES,False,2022-07-23,attribution_award_date,calibrated_rule,0.6771,0.706,0.2,True,0.9733,0,0,0,0.6771,,,1,True,False,strict,calibrated_strict,0
BOAMP:18-67939,BOAMP,SIREN:482414216,35.0,Cybersecurity,2018-05-20,48.0,0,79.4,79.4,,,100000.0,OUVERT,SERVICES,False,2022-05-20,publication_date,none,,,,,,0,0,0,,,,0,False,False,strict,calibrated_strict,1
BOAMP:18-66863,BOAMP,NAME:nantes metropole,72.0,IT Services & Consulting,2018-08-10,12.0,0,76.71,76.71,,,,OUVERT,SERVICES,False,2019-08-10,attribution_award_date,none,,,,,,0,0,0,,,,0,False,False,strict,calibrated_strict,1
BOAMP:18-70110,BOAMP,SIREN:214401846,90.0,Unknown,2018-05-25,12.0,0,79.24,79.24,,,,PROCEDURE_ADAPTE,TRAVAUX,False,2019-05-25,publication_date,none,,,,,,0,0,0,,,,0,False,False,strict,calibrated_strict,1
BOAMP:18-71355,BOAMP,NAME:ville du mans,72.0,Digital Workplace & Collaboration,2018-10-17,60.0,0,74.47,74.47,,,,OUVERT,SERVICES,False,2023-10-17,attribution_award_date,none,,,,,,0,0,0,,,,0,False,False,strict,calibrated_strict,1
BOAMP:18-71689,BOAMP,SIREN:234400034,48.0,Software & Applications,2018-10-08,48.0,0,74.77,74.77,,,,OUVERT,SERVICES,False,2022-10-08,attribution_award_date,none,,,,,,0,0,0,,,,0,False,False,strict,calibrated_strict,1
BOAMP:18-72093,BOAMP,NAME:ccir pays de la loire,30.0,IT Hardware & Equipment,2018-10-23,48.0,0,74.28,74.28,,,,OUVERT,FOURNITURES,True,2022-10-23,attribution_award_date,none,,,,,,0,0,0,,,,0,False,False,strict,calibrated_strict,1
BOAMP:18-73364,BOAMP,NAME:carene,72.0,IT Services & Consulting,2018-06-01,36.0,0,79.01,79.01,,,40000.0,PROCEDURE_ADAPTE,SERVICES,False,2021-05-31,publication_date,none,,,,,,0,0,0,,,,0,False,False,strict,calibrated_strict,1
BOAMP:18-74871,BOAMP,NAME:mairie du croisic,,Unknown,2018-06-01,12.0,0,79.01,79.01,,,1000000.0,PROCEDURE_ADAPTE,TRAVAUX,False,2019-06-01,publication_date,none,,,,,,0,0,0,,,,0,False,False,strict,calibrated_strict,1
BOAMP:18-74252,BOAMP,SIREN:194909701,48.0,Software & Applications,2018-10-25,24.0,1,22.14,,22.14,BOAMP:20-106379,,OUVERT,FOURNITURES,False,2020-10-24,attribution_award_date,calibrated_rule,0.938,1.0,1.0,True,0.69,0,0,0,0.938,,,1,True,False,strict,calibrated_strict,0
BOAMP:18-76556,BOAMP,SIREN:264400136,72.0,IT Services & Consulting,2018-06-06,48.0,0,78.84,78.84,,,,OUVERT,SERVICES,True,2022-06-06,publication_date,none,,,,,,0,0,0,,,,0,False,False,strict,calibrated_strict,1
BOAMP:18-79401,BOAMP,SIREN:234400034,72.0,Cybersecurity,2018-10-09,6.0,0,74.74,74.74,,,,OUVERT,SERVICES,False,2019-04-09,attribution_award_date,none,,,,,,0,0,0,,,,0,False,False,strict,calibrated_strict,1
BOAMP:18-79743,BOAMP,SIREN:198513905,32.0,Telecom & Networks,2018-06-11,48.0,1,42.84,,42.84,BOAMP:22-1668,,PROCEDURE_ADAPTE,FOURNITURES,True,2022-06-11,publication_date,calibrated_rule,0.828,1.0,1.0,True,0.14,0,0,0,0.828,,,1,True,False,strict,calibrated_strict,0
BOAMP:18-80935,BOAMP,NAME:cmar pays de la loire,45.0,Unknown,2018-06-12,48.0,0,78.65,78.65,,,,PROCEDURE_ADAPTE,TRAVAUX,True,2022-06-12,publication_date,none,,,,,,0,0,0,,,,0,False,False,strict,calibrated_strict,1
BOAMP:18-80158,BOAMP,SIREN:935367433,72.0,IT Services & Consulting,2018-06-13,12.0,0,78.61,78.61,,,1000000.0,OUVERT,SERVICES,False,2019-06-13,publication_date,none,,,,,,0,0,0,,,,0,False,False,strict,calibrated_strict,1
BOAMP:18-79940,BOAMP,NAME:esat foyers,48.0,Software & Applications,2018-06-13,48.0,0,78.61,78.61,,,,OUVERT,SERVICES,False,2022-06-13,publication_date,none,,,,,,0,0,0,,,,0,False,False,strict,calibrated_strict,1
BOAMP:18-86992,BOAMP,NAME:ville d arnage,72.0,IT Services & Consulting,2018-06-22,48.0,0,78.32,78.32,,,,PROCEDURE_ADAPTE,SERVICES,True,2022-06-22,publication_date,none,,,,,,0,0,0,,,,0,False,False,strict,calibrated_strict,1
BOAMP:18-87166,BOAMP,SIREN:234400034,48.0,Software & Applications,2018-10-01,24.0,0,75.0,75.0,,,,OUVERT,SERVICES,False,2020-09-30,attribution_award_date,none,,,,,,0,0,0,,,,0,False,False,strict,calibrated_strict,1
BOAMP:18-87219,BOAMP,SIREN:130001704,72.0,IT Services & Consulting,2018-06-24,12.0,0,78.25,78.25,,,,OUVERT,SERVICES,False,2019-06-24,publication_date,none,,,,,,0,0,0,,,,0,False,False,strict,calibrated_strict,1
BOAMP:18-87467,BOAMP,NAME:sna ouest,32.0,Telecom & Networks,2018-08-09,4.0,0,76.74,76.74,,,,OUVERT,SERVICES,False,2018-12-08,attribution_award_date,none,,,,,,0,0,0,,,,0,False,False,strict,calibrated_strict,1
BOAMP:18-91062,BOAMP,NAME:ville d arnage,48.0,Software & Applications,2018-06-29,48.0,0,78.09,78.09,,,,PROCEDURE_ADAPTE,FOURNITURES,True,2022-06-29,publication_date,none,,,,,,0,0,0,,,,0,False,False,strict,calibrated_strict,1
BOAMP:18-89409,BOAMP,NAME:crous de nantes,48.0,Software & Applications,2018-06-29,36.0,0,78.09,78.09,,,,OUVERT,SERVICES,False,2021-06-28,publication_date,none,,,,,,0,0,0,,,,0,False,False,strict,calibrated_strict,1
BOAMP:18-91090,BOAMP,SIREN:244900015,48.0,Software & Applications,2018-06-29,48.0,0,78.09,78.09,,,220999.0,PROCEDURE_ADAPTE,FOURNITURES,False,2022-06-29,publication_date,none,,,,,,0,0,0,,,,0,False,False,strict,calibrated_strict,1
BOAMP:18-90097,BOAMP,NAME:nantes metropole,48.0,Software & Applications,2019-04-05,60.0,0,68.89,68.89,,,,NEGOCIE,SERVICES,False,2024-04-04,attribution_award_date,none,,,,,,0,0,0,,,,0,False,False,strict,calibrated_strict,1
BOAMP:18-90616,BOAMP,NAME:cerema dtermed,72.0,Digital Workplace & Collaboration,2018-07-01,48.0,0,78.02,78.02,,,,OUVERT,FOURNITURES,True,2022-07-01,publication_date,none,,,,,,0,0,0,,,,0,False,False,strict,calibrated_strict,1
BOAMP:18-90932,BOAMP,NAME:agence regionale pays de la loire ti,72.0,IT Services & Consulting,2018-07-01,48.0,0,78.02,78.02,,,,OUVERT,SERVICES,False,2022-07-01,publication_date,none,,,,,,0,0,0,,,,0,False,False,strict,calibrated_strict,1
BOAMP:18-88858,BOAMP,SIREN:214401846,48.0,Software & Applications,2018-11-05,24.0,0,73.85,73.85,,,,OUVERT,FOURNITURES,False,2020-11-04,attribution_award_date,none,,,,,,0,0,0,,,,0,False,False,strict,calibrated_strict,1
BOAMP:18-91798,BOAMP,NAME:communes de grand lieu,,Unknown,2018-07-02,7.0,0,77.99,77.99,,,,PROCEDURE_ADAPTE,TRAVAUX,False,2019-01-31,publication_date,none,,,,,,0,0,0,,,,0,False,False,strict,calibrated_strict,1
BOAMP:18-91441,BOAMP,SIREN:214900995,48.0,Software & Applications,2019-01-03,48.0,0,71.91,71.91,,,,OUVERT,SERVICES,True,2023-01-03,attribution_award_date,none,,,,,,0,0,0,,,,0,False,False,strict,calibrated_strict,1
BOAMP:18-94803,BOAMP,SIREN:264400136,32.0,Telecom & Networks,2018-07-06,12.0,0,77.86,77.86,,,,PROCEDURE_ADAPTE,FOURNITURES,False,2019-07-06,publication_date,none,,,,,,0,0,0,,,,0,False,False,strict,calibrated_strict,1
BOAMP:18-93359,BOAMP,NAME:spr pays de la loire,45.0,Unknown,2018-07-06,18.0,0,77.86,77.86,,,,OUVERT,TRAVAUX,False,2020-01-04,publication_date,none,,,,,,0,0,0,,,,0,False,False,strict,calibrated_strict,1
BOAMP:18-93488,BOAMP,NAME:spr pays de la loire,45.0,Unknown,2019-05-06,18.0,0,67.87,67.87,,,,OUVERT,TRAVAUX,False,2020-11-03,attribution_award_date,none,,,,,,0,0,0,,,,0,False,False,strict,calibrated_strict,1
BOAMP:18-95630,BOAMP,SIREN:234400034,45.0,Unknown,2018-07-09,48.0,0,77.76,77.76,,,,PROCEDURE_ADAPTE,TRAVAUX,True,2022-07-09,publication_date,none,,,,,,0,0,0,,,,0,False,False,strict,calibrated_strict,1
BOAMP:18-96170,BOAMP,NAME:ctre hosp universitaire angers,45.0,Cloud & Infrastructure,2018-07-12,12.0,0,77.66,77.66,,,,OUVERT,TRAVAUX,False,2019-07-12,publication_date,none,,,,,,0,0,0,,,,0,False,False,strict,calibrated_strict,1
BOAMP:18-96470,BOAMP,SIREN:935367433,48.0,Software & Applications,2018-12-04,12.0,0,72.9,72.9,,,320000.0,OUVERT,SERVICES,False,2019-12-04,attribution_award_date,none,,,,,,0,0,0,,,,0,False,False,strict,calibrated_strict,1
BOAMP:18-98583,BOAMP,NAME:ville des sables d olonne,72.0,IT Services & Consulting,2018-07-13,2.0,0,77.63,77.63,,,,PROCEDURE_ADAPTE,SERVICES,False,2018-09-11,publication_date,none,,,,,,0,0,0,,,,0,False,False,strict,calibrated_strict,1
BOAMP:18-60137,BOAMP,SIREN:214401093,72.0,IT Services & Consulting,2019-04-29,48.0,0,68.1,68.1,,,,NEGOCIE,SERVICES,False,2023-04-29,attribution_award_date,none,,,,,,0,0,0,,,,0,False,False,strict,calibrated_strict,1
BOAMP:18-97260,BOAMP,SIREN:214401846,30.0,IT Hardware & Equipment,2018-11-29,48.0,0,73.06,73.06,,,800000.0,OUVERT,FOURNITURES,False,2022-11-29,attribution_award_date,none,,,,,,0,0,0,,,,0,False,False,strict,calibrated_strict,1
BOAMP:18-98603,BOAMP,SIREN:180043010,72.0,Cybersecurity,2018-11-12,24.0,0,73.62,73.62,,,,OUVERT,SERVICES,False,2020-11-11,attribution_award_date,none,,,,,,0,0,0,,,,0,False,False,strict,calibrated_strict,1
BOAMP:18-101437,BOAMP,SIREN:191700327,48.0,Software & Applications,2018-07-18,48.0,0,77.46,77.46,,,,PROCEDURE_ADAPTE,FOURNITURES,True,2022-07-18,publication_date,none,,,,,,0,0,0,,,,0,False,False,strict,calibrated_strict,1
BOAMP:18-100479,BOAMP,SIREN:860800077,72.0,IT Services & Consulting,2018-07-19,24.0,0,77.43,77.43,,,,OUVERT,SERVICES,False,2020-07-18,publication_date,none,,,,,,0,0,0,,,,0,False,False,strict,calibrated_strict,1
BOAMP:18-101350,BOAMP,SIREN:130029747,30.0,IT Hardware & Equipment,2018-12-21,48.0,0,72.34,72.34,,,,OUVERT,FOURNITURES,False,2022-12-21,attribution_award_date,none,,,,,,0,0,0,,,,0,False,False,strict,calibrated_strict,1
BOAMP:18-101085,BOAMP,NAME:maine loire habitat office pub habitat,72.0,IT Services & Consulting,2018-12-13,60.0,0,72.6,72.6,,,,NEGOCIE,SERVICES,False,2023-12-13,attribution_award_date,none,,,,,,0,0,0,,,,0,False,False,strict,calibrated_strict,1
BOAMP:18-103319,BOAMP,SIREN:234400034,72.0,IT Services & Consulting,2018-07-20,12.0,0,77.4,77.4,,,,PROCEDURE_ADAPTE,SERVICES,False,2019-07-20,publication_date,none,,,,,,0,0,0,,,,0,False,False,strict,calibrated_strict,1
BOAMP:18-103911,BOAMP,NAME:nantes metropole,32.0,Telecom & Networks,2018-07-26,48.0,1,47.93,,47.93,BOAMP:22-102623,,OUVERT,SERVICES,False,2022-07-26,publication_date,calibrated_rule,0.9965,0.997,1.0,True,0.9883,0,0,0,0.9965,,,1,True,False,strict,calibrated_strict,0
BOAMP:18-105237,BOAMP,SIREN:234400034,35.0,Cybersecurity,2018-07-26,12.0,1,11.04,,11.04,BOAMP:19-32405,,OUVERT,SERVICES,False,2019-07-26,publication_date,calibrated_rule,0.8539,0.8398,0.8,True,0.84,0,0,0,0.8539,,,1,True,False,strict,calibrated_strict,0
BOAMP:18-110962,BOAMP,NAME:regie dept passages d eau de vendee,72.0,IT Services & Consulting,2018-08-02,48.0,0,76.97,76.97,,,,PROCEDURE_ADAPTE,SERVICES,True,2022-08-02,publication_date,none,,,,,,0,0,0,,,,0,False,False,strict,calibrated_strict,1
BOAMP:18-110102,BOAMP,SIREN:218500478,48.0,Software & Applications,2018-10-23,12.0,0,74.28,74.28,,,,OUVERT,FOURNITURES,False,2019-10-23,attribution_award_date,none,,,,,,0,0,0,,,,0,False,False,strict,calibrated_strict,1
BOAMP:18-117157,BOAMP,NAME:le mans,72.0,IT Services & Consulting,2018-08-20,12.0,0,76.38,76.38,,,,PROCEDURE_ADAPTE,SERVICES,False,2019-08-20,publication_date,none,,,,,,0,0,0,,,,0,False,False,strict,calibrated_strict,1
BOAMP:18-110801,BOAMP,NAME:cte reg peches maritimes elevages mari,48.0,Software & Applications,2018-08-21,48.0,0,76.35,76.35,,,,AUTRE,SERVICES,True,2022-08-21,publication_date,none,,,,,,0,0,0,,,,0,False,False,strict,calibrated_strict,1
BOAMP:18-114671,BOAMP,SIREN:214401721,45.0,Unknown,2018-08-23,16.0,0,76.28,76.28,,,,NEGOCIE,TRAVAUX,False,2019-12-23,publication_date,none,,,,,,0,0,0,,,,0,False,False,strict,calibrated_strict,1
BOAMP:18-120601,BOAMP,SIREN:264400136,72.0,IT Services & Consulting,2018-08-28,12.0,0,76.12,76.12,,,,PROCEDURE_ADAPTE,SERVICES,False,2019-08-28,publication_date,none,,,,,,0,0,0,,,,0,False,False,strict,calibrated_strict,1
BOAMP:18-121819,BOAMP,SIREN:264400136,72.0,IT Services & Consulting,2018-08-30,48.0,0,76.05,76.05,,,,PROCEDURE_ADAPTE,,True,2022-08-30,publication_date,none,,,,,,0,0,0,,,,0,False,False,strict,calibrated_strict,1
BOAMP:18-122920,BOAMP,SIREN:214401846,72.0,IT Services & Consulting,2018-11-29,48.0,0,73.06,73.06,,,,PROCEDURE_ADAPTE,SERVICES,False,2022-11-29,attribution_award_date,none,,,,,,0,0,0,,,,0,False,False,strict,calibrated_strict,1
BOAMP:18-123694,BOAMP,SIREN:227200029,72.0,IT Services & Consulting,2018-09-04,48.0,0,75.89,75.89,,,,PROCEDURE_ADAPTE,SERVICES,True,2022-09-04,publication_date,none,,,,,,0,0,0,,,,0,False,False,strict,calibrated_strict,1
BOAMP:18-124536,BOAMP,SIREN:214401358,35.0,Cybersecurity,2018-09-06,12.0,0,75.82,75.82,,,,PROCEDURE_ADAPTE,SERVICES,False,2019-09-06,publication_date,none,,,,,,0,0,0,,,,0,False,False,strict,calibrated_strict,1
BOAMP:18-125586,BOAMP,NAME:agce pour l enst fr a l etranger,72.0,IT Services & Consulting,2018-09-07,48.0,0,75.79,75.79,,,80000.0,PROCEDURE_ADAPTE,FOURNITURES,False,2022-09-07,publication_date,none,,,,,,0,0,0,,,,0,False,False,strict,calibrated_strict,1
BOAMP:18-125410,BOAMP,SIREN:409104007,32.0,Telecom & Networks,2018-09-07,48.0,0,75.79,75.79,,,,PROCEDURE_ADAPTE,FOURNITURES,True,2022-09-07,publication_date,none,,,,,,0,0,0,,,,0,False,False,strict,calibrated_strict,1
BOAMP:18-126368,BOAMP,SIREN:227200029,72.0,IT Services & Consulting,2018-11-12,48.0,1,46.68,,46.68,BOAMP:22-77622,,PROCEDURE_ADAPTE,SERVICES,True,2022-11-12,attribution_award_date,calibrated_rule,0.954,0.9949,1.0,True,0.78,0,0,0,0.954,,,1,True,False,strict,calibrated_strict,0
BOAMP:18-126631,BOAMP,SIREN:225300011,42.0,Unknown,2018-09-11,48.0,0,75.66,75.66,,,3000.0,PROCEDURE_ADAPTE,FOURNITURES,False,2022-09-11,publication_date,none,,,,,,0,0,0,,,,0,False,False,strict,calibrated_strict,1
BOAMP:18-127908,BOAMP,SIREN:227200029,72.0,IT Services & Consulting,2018-09-13,48.0,1,45.01,,45.01,BOAMP:22-83128,,PROCEDURE_ADAPTE,SERVICES,True,2022-09-13,publication_date,calibrated_rule,0.6904,0.7252,0.6,True,0.5017,0,0,0,0.6904,0.6725,0.018,2,False,False,strict,calibrated_strict,0
BOAMP:18-127661,BOAMP,NAME:ccir pays de la loire,72.0,IT Services & Consulting,2018-09-13,48.0,0,75.59,75.59,,,,PROCEDURE_ADAPTE,SERVICES,True,2022-09-13,publication_date,none,,,,,,0,0,0,,,,0,False,False,strict,calibrated_strict,1
BOAMP:18-126992,BOAMP,NAME:esat foyers,48.0,Software & Applications,2018-09-13,48.0,0,75.59,75.59,,,,OUVERT,SERVICES,False,2022-09-13,publication_date,none,,,,,,0,0,0,,,,0,False,False,strict,calibrated_strict,1
BOAMP:18-127511,BOAMP,NAME:le mans,35.0,Cybersecurity,2019-02-20,48.0,0,70.34,70.34,,,,OUVERT,FOURNITURES,True,2023-02-20,attribution_award_date,none,,,,,,0,0,0,,,,0,False,False,strict,calibrated_strict,1
BOAMP:18-127938,BOAMP,SIREN:935367433,45.0,Unknown,2018-09-15,20.0,0,75.53,75.53,,,,OUVERT,TRAVAUX,False,2020-05-15,publication_date,none,,,,,,0,0,0,,,,0,False,False,strict,calibrated_strict,1
BOAMP:18-128159,BOAMP,NAME:nantes metropole,72.0,IT Services & Consulting,2018-09-15,48.0,0,75.53,75.53,,,,OUVERT,SERVICES,False,2022-09-15,publication_date,none,,,,,,0,0,0,,,,0,False,False,strict,calibrated_strict,1
BOAMP:18-128655,BOAMP,SIREN:234400034,72.0,IT Services & Consulting,2019-01-11,48.0,0,71.65,71.65,,,,OUVERT,SERVICES,False,2023-01-11,attribution_award_date,none,,,,,,0,0,0,,,,0,False,False,strict,calibrated_strict,1
BOAMP:18-128950,BOAMP,SIREN:194909701,32.0,Telecom & Networks,2019-01-17,48.0,1,50.36,,50.36,BOAMP:22-150817,563800.0,OUVERT,FOURNITURES,False,2023-01-17,attribution_award_date,calibrated_rule,0.8793,0.8949,1.0,True,0.6067,0,0,0,0.8793,,,1,True,False,strict,calibrated_strict,0
BOAMP:18-129941,BOAMP,NAME:bretagne developpement innovation,72.0,IT Services & Consulting,2018-09-20,24.0,0,75.36,75.36,,,350000.0,OUVERT,SERVICES,False,2020-09-19,publication_date,none,,,,,,0,0,0,,,,0,False,False,strict,calibrated_strict,1
BOAMP:18-129881,BOAMP,SIREN:200083392,48.0,Software & Applications,2018-12-10,48.0,0,72.7,72.7,,,,OUVERT,SERVICES,False,2022-12-10,attribution_award_date,none,,,,,,0,0,0,,,,0,False,False,strict,calibrated_strict,1
BOAMP:18-133090,BOAMP,SIREN:228500013,72.0,IT Services & Consulting,2019-01-09,24.0,1,26.02,,26.02,BOAMP:20-155309,,OUVERT,SERVICES,False,2021-01-08,attribution_award_date,calibrated_rule,0.8266,0.8599,0.8,True,0.6633,0,0,0,0.8266,0.777,0.0496,2,False,False,strict,calibrated_strict,0
BOAMP:18-134465,BOAMP,SIREN:284400017,35.0,Cybersecurity,2018-01-03,12.0,0,83.9,83.9,,,,OUVERT,FOURNITURES,False,2019-01-03,attribution_award_date,none,,,,,,0,0,0,,,,0,False,False,strict,calibrated_strict,1
BOAMP:18-135728,BOAMP,NAME:sec gal pour l adm min interieur ouest,45.0,Unknown,2019-12-13,34.0,0,60.61,60.61,,,,OUVERT,TRAVAUX,False,2022-10-12,attribution_award_date,none,,,,,,0,0,0,,,,0,False,False,strict,calibrated_strict,1
BOAMP:18-125716,BOAMP,SIREN:575850490,72.0,IT Services & Consulting,2019-03-29,36.0,0,69.12,69.12,,,,OUVERT,SERVICES,False,2022-03-28,attribution_award_date,none,,,,,,0,0,0,,,,0,False,False,strict,calibrated_strict,1
BOAMP:18-137958,BOAMP,NAME:le grand t theatre loire atlantique,72.0,IT Services & Consulting,2018-10-03,48.0,0,74.93,74.93,,,,PROCEDURE_ADAPTE,SERVICES,True,2022-10-03,publication_date,none,,,,,,0,0,0,,,,0,False,False,strict,calibrated_strict,1
BOAMP:18-137945,BOAMP,NAME:ville d ecouflant,,Cloud & Infrastructure,2018-10-03,3.0,0,74.93,74.93,,,,PROCEDURE_ADAPTE,FOURNITURES,False,2019-01-02,publication_date,none,,,,,,0,0,0,,,,0,False,False,strict,calibrated_strict,1
BOAMP:18-139266,BOAMP,NAME:semitan mandataire de la cun,72.0,IT Services & Consulting,2019-03-01,54.0,0,70.04,70.04,,,,OUVERT,SERVICES,False,2023-08-30,attribution_award_date,none,,,,,,0,0,0,,,,0,False,False,strict,calibrated_strict,1
BOAMP:18-141219,BOAMP,SIREN:832970024,48.0,Software & Applications,2018-10-09,48.0,0,74.74,74.74,,,,PROCEDURE_ADAPTE,SERVICES,True,2022-10-09,publication_date,none,,,,,,0,0,0,,,,0,False,False,strict,calibrated_strict,1
BOAMP:18-144441,BOAMP,NAME:cap atlantique,30.0,IT Hardware & Equipment,2018-10-17,12.0,0,74.47,74.47,,,600000.0,OUVERT,FOURNITURES,False,2019-10-17,publication_date,none,,,,,,0,0,0,,,,0,False,False,strict,calibrated_strict,1
BOAMP:18-144285,BOAMP,NAME:agce pour l enst fr a l etranger,72.0,IT Services & Consulting,2019-02-12,48.0,0,70.6,70.6,,,2500000.0,OUVERT,SERVICES,False,2023-02-12,attribution_award_date,none,,,,,,0,0,0,,,,0,False,False,strict,calibrated_strict,1
BOAMP:18-146310,BOAMP,SIREN:214401325,45.0,Unknown,2018-10-18,48.0,0,74.44,74.44,,,,PROCEDURE_ADAPTE,TRAVAUX,True,2022-10-18,publication_date,none,,,,,,0,0,0,,,,0,False,False,strict,calibrated_strict,1
BOAMP:18-146639,BOAMP,SIREN:247200132,39.0,Unknown,2019-03-26,12.0,1,8.94,,8.94,BOAMP:19-119207,,OUVERT,FOURNITURES,False,2020-03-25,attribution_award_date,calibrated_rule,0.8366,0.8465,1.0,True,0.49,0,0,0,0.8366,,,1,True,False,strict,calibrated_strict,0
BOAMP:18-146489,BOAMP,SIREN:194909701,32.0,Telecom & Networks,2018-10-20,48.0,0,74.38,74.38,,,,OUVERT,SERVICES,False,2022-10-20,publication_date,none,,,,,,0,0,0,,,,0,False,False,strict,calibrated_strict,1
BOAMP:18-146220,BOAMP,NAME:spr pays de la loire,45.0,Unknown,2018-10-20,3.0,0,74.38,74.38,,,,OUVERT,TRAVAUX,False,2019-01-19,publication_date,none,,,,,,0,0,0,,,,0,False,False,strict,calibrated_strict,1
BOAMP:18-146989,BOAMP,SIREN:244400404,48.0,Software & Applications,2018-10-22,48.0,0,74.31,74.31,,,,PROCEDURE_ADAPTE,SERVICES,True,2022-10-22,publication_date,none,,,,,,0,0,0,,,,0,False,False,strict,calibrated_strict,1
BOAMP:18-148384,BOAMP,NAME:ccir pays de la loire,72.0,IT Services & Consulting,2018-12-26,48.0,0,72.17,72.17,,,,OUVERT,SERVICES,False,2022-12-26,attribution_award_date,none,,,,,,0,0,0,,,,0,False,False,strict,calibrated_strict,1
BOAMP:18-149889,BOAMP,SIREN:191700327,48.0,Software & Applications,2018-10-26,48.0,0,74.18,74.18,,,,OUVERT,FOURNITURES,False,2022-10-26,publication_date,none,,,,,,0,0,0,,,,0,False,False,strict,calibrated_strict,1
BOAMP:18-149893,BOAMP,SIREN:935367433,72.0,IT Maintenance & Support,2018-10-26,12.0,0,74.18,74.18,,,9600000.0,NEGOCIE,SERVICES,False,2019-10-26,publication_date,none,,,,,,0,0,0,,,,0,False,False,strict,calibrated_strict,1
BOAMP:18-150422,BOAMP,SIREN:234400034,72.0,Digital Workplace & Collaboration,2018-10-27,24.0,0,74.15,74.15,,,,OUVERT,SERVICES,False,2020-10-26,publication_date,none,,,,,,0,0,0,,,,0,False,False,strict,calibrated_strict,1
BOAMP:18-150889,BOAMP,SIREN:228500013,48.0,Software & Applications,2019-02-25,48.0,0,70.17,70.17,,,,OUVERT,SERVICES,True,2023-02-25,attribution_award_date,none,,,,,,0,0,0,,,,0,False,False,strict,calibrated_strict,1
BOAMP:18-151695,BOAMP,NAME:agce pour l enst fr a l etranger,72.0,IT Services & Consulting,2018-10-28,24.0,0,74.11,74.11,,,700000.0,NEGOCIE,SERVICES,False,2020-10-27,publication_date,none,,,,,,0,0,0,,,,0,False,False,strict,calibrated_strict,1
BOAMP:18-152399,BOAMP,SIREN:227200029,35.0,Cybersecurity,2019-02-25,48.0,0,70.17,70.17,,,400000.0,OUVERT,FOURNITURES,False,2023-02-25,attribution_award_date,none,,,,,,0,0,0,,,,0,False,False,strict,calibrated_strict,1
BOAMP:18-153394,BOAMP,SIREN:214402158,32.0,Telecom & Networks,2018-10-31,48.0,0,74.01,74.01,,,,PROCEDURE_ADAPTE,SERVICES,True,2022-10-31,publication_date,none,,,,,,0,0,0,,,,0,False,False,strict,calibrated_strict,1
BOAMP:18-153265,BOAMP,NAME:semitan,48.0,Software & Applications,2019-05-17,24.0,0,67.51,67.51,,,,NEGOCIE,SERVICES,False,2021-05-16,attribution_award_date,none,,,,,,0,0,0,,,,0,False,False,strict,calibrated_strict,1
BOAMP:18-154720,BOAMP,SIREN:247200348,45.0,Unknown,2018-11-05,48.0,0,73.85,73.85,,,,PROCEDURE_ADAPTE,TRAVAUX,True,2022-11-05,publication_date,none,,,,,,0,0,0,,,,0,False,False,strict,calibrated_strict,1
BOAMP:18-154770,BOAMP,SIREN:227200029,32.0,Telecom & Networks,2018-11-05,48.0,0,73.85,73.85,,,,PROCEDURE_ADAPTE,FOURNITURES,False,2022-11-05,publication_date,none,,,,,,0,0,0,,,,0,False,False,strict,calibrated_strict,1
BOAMP:18-154990,BOAMP,SIREN:225300011,48.0,Software & Applications,2018-11-10,48.0,0,73.69,73.69,,,600000.0,DIALOGUE_COMPETITIF,SERVICES,False,2022-11-10,publication_date,none,,,,,,0,0,0,,,,0,False,False,strict,calibrated_strict,1
BOAMP:18-157794,BOAMP,NAME:communaute communes pays de redon,48.0,Software & Applications,2018-11-12,48.0,0,73.62,73.62,,,,PROCEDURE_ADAPTE,FOURNITURES,True,2022-11-12,publication_date,none,,,,,,0,0,0,,,,0,False,False,strict,calibrated_strict,1
BOAMP:18-158821,BOAMP,NAME:mindef sga dcsid esid bordeaux,45.0,Data & AI,2018-11-13,48.0,0,73.59,73.59,,,,PROCEDURE_ADAPTE,TRAVAUX,True,2022-11-13,publication_date,none,,,,,,0,0,0,,,,0,False,False,strict,calibrated_strict,1
BOAMP:18-159087,BOAMP,SIREN:194909701,,Cloud & Infrastructure,2018-11-14,11.0,1,6.27,,6.27,BOAMP:19-82021,,PROCEDURE_ADAPTE,TRAVAUX,False,2019-10-14,publication_date,calibrated_rule,0.6588,0.7545,,False,0.2117,0,0,0,0.6588,,,1,True,False,strict,calibrated_strict,0
BOAMP:18-159101,BOAMP,SIREN:264400136,48.0,Software & Applications,2018-11-14,48.0,0,73.55,73.55,,,,PROCEDURE_ADAPTE,SERVICES,True,2022-11-14,publication_date,none,,,,,,0,0,0,,,,0,False,False,strict,calibrated_strict,1
BOAMP:18-158087,BOAMP,NAME:sm megalis,32.0,Telecom & Networks,2018-11-15,36.0,0,73.52,73.52,,,,OUVERT,FOURNITURES,False,2021-11-14,publication_date,none,,,,,,0,0,0,,,,0,False,False,strict,calibrated_strict,1
BOAMP:18-160377,BOAMP,SIREN:287200265,48.0,Software & Applications,2019-03-29,48.0,0,69.12,69.12,,,,PROCEDURE_ADAPTE,FOURNITURES,True,2023-03-29,attribution_award_date,none,,,,,,0,0,0,,,,0,False,False,strict,calibrated_strict,1
BOAMP:18-163164,BOAMP,NAME:sisto,44.0,Data & AI,2018-11-22,48.0,0,73.29,73.29,,,,PROCEDURE_ADAPTE,TRAVAUX,True,2022-11-22,publication_date,none,,,,,,0,0,0,,,,0,False,False,strict,calibrated_strict,1
BOAMP:18-165012,BOAMP,NAME:le mans,32.0,Telecom & Networks,2018-11-26,12.0,0,73.16,73.16,,,,PROCEDURE_ADAPTE,FOURNITURES,False,2019-11-26,publication_date,none,,,,,,0,0,0,,,,0,False,False,strict,calibrated_strict,1
BOAMP:18-167367,BOAMP,SIREN:254901309,48.0,Software & Applications,2018-11-30,48.0,0,73.03,73.03,,,160000.0,PROCEDURE_ADAPTE,SERVICES,False,2022-11-30,publication_date,none,,,,,,0,0,0,,,,0,False,False,strict,calibrated_strict,1
BOAMP:18-166821,BOAMP,NAME:cnieg,72.0,Digital Workplace & Collaboration,2019-03-08,12.0,0,69.81,69.81,,,3900000.0,OUVERT,SERVICES,False,2020-03-07,attribution_award_date,none,,,,,,0,0,0,,,,0,False,False,strict,calibrated_strict,1
BOAMP:18-167431,BOAMP,NAME:cnieg,72.0,IT Maintenance & Support,2019-03-08,24.0,0,69.81,69.81,,,450000.0,OUVERT,SERVICES,False,2021-03-07,attribution_award_date,none,,,,,,0,0,0,,,,0,False,False,strict,calibrated_strict,1
BOAMP:18-168544,BOAMP,NAME:nantes metropole,35.0,Cybersecurity,2019-03-19,12.0,0,69.45,69.45,,,,OUVERT,SERVICES,False,2020-03-18,attribution_award_date,none,,,,,,0,0,0,,,,0,False,False,strict,calibrated_strict,1
BOAMP:18-169881,BOAMP,SIREN:535164412,45.0,Unknown,2018-12-06,35.0,0,72.83,72.83,,,,PROCEDURE_ADAPTE,TRAVAUX,False,2021-11-05,publication_date,none,,,,,,0,0,0,,,,0,False,False,strict,calibrated_strict,1
BOAMP:18-170789,BOAMP,NAME:ctre hosp universitaire angers,32.0,Telecom & Networks,2019-04-19,48.0,0,68.43,68.43,,,,OUVERT,SERVICES,False,2023-04-19,attribution_award_date,none,,,,,,0,0,0,,,,0,False,False,strict,calibrated_strict,1
BOAMP:18-171623,BOAMP,NAME:le mans,32.0,Telecom & Networks,2018-12-10,48.0,0,72.7,72.7,,,,PROCEDURE_ADAPTE,,True,2022-12-10,publication_date,none,,,,,,0,0,0,,,,0,False,False,strict,calibrated_strict,1
BOAMP:18-173792,BOAMP,SIREN:254901309,48.0,Software & Applications,2018-12-13,48.0,0,72.6,72.6,,,,PROCEDURE_ADAPTE,,True,2022-12-13,publication_date,none,,,,,,0,0,0,,,,0,False,False,strict,calibrated_strict,1
BOAMP:18-173960,BOAMP,NAME:cnieg,72.0,IT Services & Consulting,2018-12-15,24.0,0,72.54,72.54,,,,OUVERT,SERVICES,False,2020-12-14,publication_date,none,,,,,,0,0,0,,,,0,False,False,strict,calibrated_strict,1
BOAMP:18-174875,BOAMP,NAME:nantes metropole,72.0,IT Services & Consulting,2018-12-18,48.0,0,72.44,72.44,,,,PROCEDURE_ADAPTE,SERVICES,False,2022-12-18,publication_date,none,,,,,,0,0,0,,,,0,False,False,strict,calibrated_strict,1
BOAMP:18-177619,BOAMP,NAME:ville du mans,72.0,IT Services & Consulting,2019-02-27,9.0,0,70.11,70.11,,,,PROCEDURE_ADAPTE,SERVICES,False,2019-11-27,attribution_award_date,none,,,,,,0,0,0,,,,0,False,False,strict,calibrated_strict,1
BOAMP:18-175843,BOAMP,NAME:gie des epl de vendee,72.0,IT Services & Consulting,2019-03-20,12.0,0,69.42,69.42,,,,OUVERT,SERVICES,False,2020-03-19,attribution_award_date,none,,,,,,0,0,0,,,,0,False,False,strict,calibrated_strict,1
BOAMP:18-177187,BOAMP,NAME:gie des epl de vendee,72.0,IT Services & Consulting,2019-06-12,12.0,0,66.66,66.66,,,,OUVERT,SERVICES,False,2020-06-11,attribution_award_date,none,,,,,,0,0,0,,,,0,False,False,strict,calibrated_strict,1
BOAMP:18-177300,BOAMP,SIREN:214401317,51.0,Unknown,2018-12-22,24.0,0,72.31,72.31,,,,OUVERT,SERVICES,False,2020-12-21,publication_date,none,,,,,,0,0,0,,,,0,False,False,strict,calibrated_strict,1
BOAMP:18-179065,BOAMP,NAME:agce pour l enst fr a l etranger,72.0,IT Services & Consulting,2019-03-25,48.0,0,69.25,69.25,,,800000.0,OUVERT,FOURNITURES,False,2023-03-25,attribution_award_date,none,,,,,,0,0,0,,,,0,False,False,strict,calibrated_strict,1
BOAMP:18-180161,BOAMP,NAME:ctre hosp universitaire angers,32.0,Telecom & Networks,2019-03-08,12.0,0,69.81,69.81,,,,OUVERT,FOURNITURES,False,2020-03-07,attribution_award_date,none,,,,,,0,0,0,,,,0,False,False,strict,calibrated_strict,1
BOAMP:18-173397,BOAMP,NAME:syndicat trivalis,,Data & AI,2018-12-26,48.0,0,72.17,72.17,,,,PROCEDURE_ADAPTE,TRAVAUX,True,2022-12-26,publication_date,none,,,,,,0,0,0,,,,0,False,False,strict,calibrated_strict,1
BOAMP:19-3707,BOAMP,NAME:le mans,48.0,Software & Applications,2019-01-09,36.0,0,71.71,71.71,,,,PROCEDURE_ADAPTE,FOURNITURES,False,2022-01-08,publication_date,none,,,,,,0,0,0,,,,0,False,False,strict,calibrated_strict,1
BOAMP:19-1779,BOAMP,SIREN:234400034,72.0,Digital Workplace & Collaboration,2019-05-14,12.0,0,67.61,67.61,,,,OUVERT,SERVICES,False,2020-05-13,attribution_award_date,none,,,,,,0,0,0,,,,0,False,False,strict,calibrated_strict,1
BOAMP:19-3078,BOAMP,SIREN:200083392,45.0,Unknown,2019-01-10,22.0,0,71.68,71.68,,,,OUVERT,TRAVAUX,False,2020-11-09,publication_date,none,,,,,,0,0,0,,,,0,False,False,strict,calibrated_strict,1
BOAMP:19-2530,BOAMP,NAME:ctre national d enst a distance,72.0,Cybersecurity,2019-01-10,12.0,0,71.68,71.68,,,,OUVERT,SERVICES,False,2020-01-10,publication_date,none,,,,,,0,0,0,,,,0,False,False,strict,calibrated_strict,1
BOAMP:19-8964,BOAMP,SIREN:227200029,72.0,IT Services & Consulting,2019-01-17,48.0,0,71.45,71.45,,,,PROCEDURE_ADAPTE,SERVICES,True,2023-01-17,publication_date,none,,,,,,0,0,0,,,,0,False,False,strict,calibrated_strict,1
BOAMP:19-8916,BOAMP,SIREN:244900015,48.0,Software & Applications,2019-01-17,12.0,0,71.45,71.45,,,208999.0,PROCEDURE_ADAPTE,SERVICES,False,2020-01-17,publication_date,none,,,,,,0,0,0,,,,0,False,False,strict,calibrated_strict,1
BOAMP:19-9782,BOAMP,NAME:com d agglo reg nazairienne estuaire,72.0,IT Services & Consulting,2019-01-18,12.0,0,71.42,71.42,,,,PROCEDURE_ADAPTE,SERVICES,False,2020-01-18,publication_date,none,,,,,,0,0,0,,,,0,False,False,strict,calibrated_strict,1
BOAMP:19-7404,BOAMP,SIREN:130001704,72.0,IT Services & Consulting,2020-06-04,12.0,0,54.89,54.89,,,,OUVERT,FOURNITURES,False,2021-06-04,attribution_award_date,none,,,,,,0,0,0,,,,0,False,False,strict,calibrated_strict,1
BOAMP:19-8820,BOAMP,NAME:agce pour l enst fr a l etranger,72.0,IT Services & Consulting,2019-06-25,24.0,0,66.23,66.23,,,350000.0,RESTREINT,SERVICES,False,2021-06-24,attribution_award_date,none,,,,,,0,0,0,,,,0,False,False,strict,calibrated_strict,1
BOAMP:19-10579,BOAMP,SIREN:532458809,35.0,Cybersecurity,2019-01-21,48.0,0,71.32,71.32,,,208000.0,PROCEDURE_ADAPTE,FOURNITURES,False,2023-01-21,publication_date,none,,,,,,0,0,0,,,,0,False,False,strict,calibrated_strict,1
BOAMP:19-10428,BOAMP,SIREN:228500013,35.0,Cybersecurity,2019-05-16,12.0,0,67.54,67.54,,,,OUVERT,FOURNITURES,False,2020-05-15,attribution_award_date,none,,,,,,0,0,0,,,,0,False,False,strict,calibrated_strict,1
BOAMP:19-12872,BOAMP,NAME:communaute d agglomeration du niortais,48.0,Software & Applications,2019-01-24,48.0,0,71.22,71.22,,,,PROCEDURE_ADAPTE,SERVICES,False,2023-01-24,publication_date,none,,,,,,0,0,0,,,,0,False,False,strict,calibrated_strict,1
BOAMP:19-13483,BOAMP,NAME:oniris,48.0,Software & Applications,2020-04-02,8.0,0,56.96,56.96,,,,DIALOGUE_COMPETITIF,SERVICES,False,2020-12-01,attribution_award_date,none,,,,,,0,0,0,,,,0,False,False,strict,calibrated_strict,1
BOAMP:19-16528,BOAMP,NAME:cdc du pays de saint gilles cx de vie,71.0,Unknown,2019-01-31,36.0,0,70.99,70.99,,,,PROCEDURE_ADAPTE,,False,2022-01-30,publication_date,none,,,,,,0,0,0,,,,0,False,False,strict,calibrated_strict,1
BOAMP:19-15670,BOAMP,NAME:ctre hosp universitaire angers,72.0,IT Services & Consulting,2019-07-30,48.0,0,65.08,65.08,,,,OUVERT,SERVICES,False,2023-07-30,attribution_award_date,none,,,,,,0,0,0,,,,0,False,False,strict,calibrated_strict,1
BOAMP:19-16942,BOAMP,NAME:nantes metropole,72.0,IT Services & Consulting,2019-04-29,48.0,0,68.1,68.1,,,,OUVERT,SERVICES,False,2023-04-29,attribution_award_date,none,,,,,,0,0,0,,,,0,False,False,strict,calibrated_strict,1
BOAMP:19-17531,BOAMP,SIREN:409104007,32.0,Telecom & Networks,2019-05-09,6.0,0,67.77,67.77,,,,OUVERT,FOURNITURES,False,2019-11-07,attribution_award_date,none,,,,,,0,0,0,,,,0,False,False,strict,calibrated_strict,1
BOAMP:19-17058,BOAMP,SIREN:234400034,72.0,IT Services & Consulting,2019-05-24,12.0,0,67.28,67.28,,,,OUVERT,SERVICES,False,2020-05-23,attribution_award_date,none,,,,,,0,0,0,,,,0,False,False,strict,calibrated_strict,1
BOAMP:19-15197,BOAMP,NAME:syndicat trivalis,,Unknown,2019-02-04,48.0,0,70.86,70.86,,,,PROCEDURE_ADAPTE,TRAVAUX,True,2023-02-04,publication_date,none,,,,,,0,0,0,,,,0,False,False,strict,calibrated_strict,1
BOAMP:19-18202,BOAMP,SIREN:219300779,35.0,Cybersecurity,2019-02-04,48.0,0,70.86,70.86,,,,PROCEDURE_ADAPTE,SERVICES|FOURNITURES,False,2023-02-04,publication_date,none,,,,,,0,0,0,,,,0,False,False,strict,calibrated_strict,1
BOAMP:19-18263,BOAMP,SIREN:227200029,72.0,IT Services & Consulting,2019-07-30,12.0,0,65.08,65.08,,,,NEGOCIE,SERVICES,False,2020-07-29,attribution_award_date,none,,,,,,0,0,0,,,,0,False,False,strict,calibrated_strict,1
BOAMP:19-17307,BOAMP,SIREN:214401093,44.0,Unknown,2019-02-06,48.0,0,70.8,70.8,,,,OUVERT,FOURNITURES,False,2023-02-06,publication_date,none,,,,,,0,0,0,,,,0,False,False,strict,calibrated_strict,1
BOAMP:19-21370,BOAMP,NAME:esat foyers,48.0,Cloud & Infrastructure,2019-02-08,60.0,0,70.73,70.73,,,,PROCEDURE_ADAPTE,FOURNITURES,False,2024-02-08,publication_date,none,,,,,,0,0,0,,,,0,False,False,strict,calibrated_strict,1
BOAMP:19-21081,BOAMP,SIREN:214900201,32.0,Telecom & Networks,2019-03-27,24.0,0,69.19,69.19,,,465000.0,OUVERT,FOURNITURES,False,2021-03-26,attribution_award_date,none,,,,,,0,0,0,,,,0,False,False,strict,calibrated_strict,1
BOAMP:19-22390,BOAMP,NAME:agrocampus ouest,48.0,Software & Applications,2019-05-21,24.0,0,67.38,67.38,,,140000.0,OUVERT,SERVICES,False,2021-05-20,attribution_award_date,none,,,,,,0,0,0,,,,0,False,False,strict,calibrated_strict,1
BOAMP:19-22007,BOAMP,NAME:smictom de la vallee de l authion,45.0,Unknown,2019-02-13,9.0,0,70.57,70.57,,,,OUVERT,TRAVAUX,False,2019-11-13,publication_date,none,,,,,,0,0,0,,,,0,False,False,strict,calibrated_strict,1
BOAMP:19-21908,BOAMP,SIREN:935367433,35.0,Cybersecurity,2019-02-13,12.0,0,70.57,70.57,,,2400000.0,RESTREINT,FOURNITURES,False,2020-02-13,publication_date,none,,,,,,0,0,0,,,,0,False,False,strict,calibrated_strict,1
BOAMP:19-27651,BOAMP,NAME:comm comm de doue la fontaine,48.0,Software & Applications,2019-02-20,48.0,0,70.34,70.34,,,,PROCEDURE_ADAPTE,FOURNITURES,True,2023-02-20,publication_date,none,,,,,,0,0,0,,,,0,False,False,strict,calibrated_strict,1
BOAMP:19-28845,BOAMP,SIREN:225300011,72.0,Digital Workplace & Collaboration,2019-02-21,48.0,0,70.3,70.3,,,,PROCEDURE_ADAPTE,SERVICES,False,2023-02-21,publication_date,none,,,,,,0,0,0,,,,0,False,False,strict,calibrated_strict,1
BOAMP:19-33752,BOAMP,NAME:chbr reg metiers artisanat nouv aquit,72.0,IT Services & Consulting,2019-03-01,48.0,0,70.04,70.04,,,,OUVERT,SERVICES,True,2023-03-01,publication_date,none,,,,,,0,0,0,,,,0,False,False,strict,calibrated_strict,1
BOAMP:19-32405,BOAMP,SIREN:234400034,35.0,Cybersecurity,2019-06-27,12.0,0,66.16,66.16,,,,OUVERT,SERVICES,False,2020-06-26,attribution_award_date,none,,,,,,0,0,0,,,,0,False,False,strict,calibrated_strict,1
BOAMP:19-34598,BOAMP,NAME:gpm de nantes st nazaire,72.0,IT Services & Consulting,2019-03-05,48.0,0,69.91,69.91,,,,PROCEDURE_ADAPTE,SERVICES,True,2023-03-05,publication_date,none,,,,,,0,0,0,,,,0,False,False,strict,calibrated_strict,1
BOAMP:19-34512,BOAMP,SIREN:110006012,32.0,Telecom & Networks,2019-03-06,6.0,0,69.88,69.88,,,,OUVERT,SERVICES,False,2019-09-04,publication_date,none,,,,,,0,0,0,,,,0,False,False,strict,calibrated_strict,1
BOAMP:19-35566,BOAMP,SIREN:244900015,72.0,IT Services & Consulting,2019-03-07,48.0,0,69.84,69.84,,,,PROCEDURE_ADAPTE,SERVICES,True,2023-03-07,publication_date,none,,,,,,0,0,0,,,,0,False,False,strict,calibrated_strict,1
BOAMP:19-35540,BOAMP,SIREN:224900019,72.0,Cybersecurity,2019-07-03,30.0,0,65.97,65.97,,,,OUVERT,SERVICES,False,2022-01-01,attribution_award_date,none,,,,,,0,0,0,,,,0,False,False,strict,calibrated_strict,1
BOAMP:19-37169,BOAMP,NAME:ctre hosp universitaire angers,32.0,Telecom & Networks,2019-05-01,12.0,0,68.04,68.04,,,,OUVERT,FOURNITURES,False,2020-04-30,attribution_award_date,none,,,,,,0,0,0,,,,0,False,False,strict,calibrated_strict,1
BOAMP:19-36958,BOAMP,NAME:nantes metropole,72.0,Cybersecurity,2019-05-29,48.0,0,67.12,67.12,,,,OUVERT,SERVICES,False,2023-05-29,attribution_award_date,none,,,,,,0,0,0,,,,0,False,False,strict,calibrated_strict,1
BOAMP:19-39464,BOAMP,NAME:universite du maine,64.0,Cybersecurity,2019-06-19,12.0,0,66.43,66.43,,,,OUVERT,SERVICES,False,2020-06-18,attribution_award_date,none,,,,,,0,0,0,,,,0,False,False,strict,calibrated_strict,1
BOAMP:19-39750,BOAMP,NAME:gpm de nantes st nazaire,32.0,Telecom & Networks,2019-11-05,48.0,0,61.86,61.86,,,,NEGOCIE,FOURNITURES,True,2023-11-05,attribution_award_date,none,,,,,,0,0,0,,,,0,False,False,strict,calibrated_strict,1
BOAMP:19-41115,BOAMP,SIREN:234400034,31.0,Unknown,2019-06-11,24.0,0,66.69,66.69,,,100000.0,OUVERT,SERVICES,False,2021-06-10,attribution_award_date,none,,,,,,0,0,0,,,,0,False,False,strict,calibrated_strict,1
BOAMP:19-43213,BOAMP,NAME:ctre hosp universitaire angers,72.0,IT Services & Consulting,2019-03-20,48.0,0,69.42,69.42,,,,PROCEDURE_ADAPTE,SERVICES,True,2023-03-20,publication_date,none,,,,,,0,0,0,,,,0,False,False,strict,calibrated_strict,1
BOAMP:19-46630,BOAMP,NAME:le mans,35.0,Cybersecurity,2019-03-25,18.0,0,69.25,69.25,,,,PROCEDURE_ADAPTE,TRAVAUX,False,2020-09-22,publication_date,none,,,,,,0,0,0,,,,0,False,False,strict,calibrated_strict,1
BOAMP:19-47604,BOAMP,NAME:sgami ouest bzamp,45.0,Telecom & Networks,2019-03-26,12.0,0,69.22,69.22,,,,PROCEDURE_ADAPTE,TRAVAUX,False,2020-03-25,publication_date,none,,,,,,0,0,0,,,,0,False,False,strict,calibrated_strict,1
BOAMP:19-48376,BOAMP,NAME:gpm de nantes st nazaire,32.0,Telecom & Networks,2019-08-12,48.0,0,64.65,64.65,,,,OUVERT,SERVICES,False,2023-08-12,attribution_award_date,none,,,,,,0,0,0,,,,0,False,False,strict,calibrated_strict,1
BOAMP:19-51014,BOAMP,SIREN:110006012,32.0,IT Hardware & Equipment,2019-03-29,12.0,0,69.12,69.12,,,90000.0,PROCEDURE_ADAPTE,FOURNITURES,False,2020-03-28,publication_date,none,,,,,,0,0,0,,,,0,False,False,strict,calibrated_strict,1
BOAMP:19-50622,BOAMP,NAME:iphv les hauts thebaudieres,72.0,IT Services & Consulting,2019-03-29,48.0,0,69.12,69.12,,,,PROCEDURE_ADAPTE,SERVICES,True,2023-03-29,publication_date,none,,,,,,0,0,0,,,,0,False,False,strict,calibrated_strict,1
BOAMP:19-49300,BOAMP,SIREN:214900995,32.0,Telecom & Networks,2019-07-08,24.0,0,65.8,65.8,,,400000.0,OUVERT,FOURNITURES,False,2021-07-07,attribution_award_date,none,,,,,,0,0,0,,,,0,False,False,strict,calibrated_strict,1
BOAMP:19-50035,BOAMP,NAME:rennes 1,32.0,IT Hardware & Equipment,2019-03-30,12.0,0,69.09,69.09,,,300000.0,OUVERT,FOURNITURES,False,2020-03-29,publication_date,none,,,,,,0,0,0,,,,0,False,False,strict,calibrated_strict,1
BOAMP:19-51024,BOAMP,NAME:ville d ancenis saint gereon,35.0,Cybersecurity,2019-07-11,48.0,0,65.7,65.7,,,,OUVERT,FOURNITURES,True,2023-07-11,attribution_award_date,none,,,,,,0,0,0,,,,0,False,False,strict,calibrated_strict,1
BOAMP:19-51224,BOAMP,SIREN:391722881,48.0,Software & Applications,2020-03-03,36.0,0,57.95,57.95,,,,RESTREINT,FOURNITURES,False,2023-03-03,attribution_award_date,none,,,,,,0,0,0,,,,0,False,False,strict,calibrated_strict,1
BOAMP:19-51855,BOAMP,SIREN:228500013,39.0,Cybersecurity,2019-04-01,12.0,0,69.02,69.02,,,,OUVERT,FOURNITURES,False,2020-03-31,publication_date,none,,,,,,0,0,0,,,,0,False,False,strict,calibrated_strict,1
BOAMP:19-52455,BOAMP,NAME:ars pays de la loire,48.0,Cloud & Infrastructure,2019-05-22,12.0,0,67.35,67.35,,,,OUVERT,SERVICES,False,2020-05-21,attribution_award_date,none,,,,,,0,0,0,,,,0,False,False,strict,calibrated_strict,1
BOAMP:19-48030,BOAMP,SIREN:224900019,72.0,IT Services & Consulting,2019-07-02,48.0,1,47.01,,47.01,BOAMP:23-43054,2000000.0,OUVERT,FOURNITURES,False,2023-07-02,attribution_award_date,calibrated_rule,0.9615,0.9863,1.0,True,0.835,0,0,0,0.9615,,,1,True,False,strict,calibrated_strict,0
BOAMP:19-53794,BOAMP,SIREN:224900019,48.0,Software & Applications,2019-04-05,48.0,0,68.89,68.89,,,,PROCEDURE_ADAPTE,FOURNITURES,True,2023-04-05,publication_date,none,,,,,,0,0,0,,,,0,False,False,strict,calibrated_strict,1
BOAMP:19-56150,BOAMP,SIREN:234400034,48.0,Software & Applications,2019-04-10,48.0,0,68.73,68.73,,,,OUVERT,FOURNITURES,False,2023-04-10,publication_date,none,,,,,,0,0,0,,,,0,False,False,strict,calibrated_strict,1
BOAMP:19-55808,BOAMP,SIREN:538208455,72.0,IT Services & Consulting,2019-06-19,48.0,0,66.43,66.43,,,400000.0,OUVERT,SERVICES,False,2023-06-19,attribution_award_date,none,,,,,,0,0,0,,,,0,False,False,strict,calibrated_strict,1
BOAMP:19-56876,BOAMP,SIREN:935367433,45.0,Unknown,2019-04-11,24.0,0,68.69,68.69,,,,OUVERT,TRAVAUX,False,2021-04-10,publication_date,none,,,,,,0,0,0,,,,0,False,False,strict,calibrated_strict,1
BOAMP:19-55110,BOAMP,NAME:nantes metropole,48.0,Software & Applications,2019-04-11,48.0,1,48.75,,48.75,BOAMP:23-60788,,PROCEDURE_ADAPTE,SERVICES,True,2023-04-11,publication_date,calibrated_rule,0.725,1.0,0.0,True,0.875,0,0,0,0.725,,,1,True,False,strict,calibrated_strict,0
BOAMP:19-62635,BOAMP,SIREN:218501914,50.0,Cybersecurity,2019-10-18,48.0,0,62.45,62.45,,,600000.0,NEGOCIE,SERVICES,False,2023-10-18,attribution_award_date,none,,,,,,0,0,0,,,,0,False,False,strict,calibrated_strict,1
BOAMP:19-64938,BOAMP,SIREN:214900995,32.0,Telecom & Networks,2019-04-24,48.0,0,68.27,68.27,,,,PROCEDURE_ADAPTE,FOURNITURES,False,2023-04-24,publication_date,none,,,,,,0,0,0,,,,0,False,False,strict,calibrated_strict,1
BOAMP:19-54309,BOAMP,SIREN:935367433,32.0,Telecom & Networks,2020-06-22,48.0,0,54.3,54.3,,,,,SERVICES,True,2024-06-22,attribution_award_date,none,,,,,,0,0,1,,,,0,False,False,strict,calibrated_strict,1
BOAMP:19-66871,BOAMP,NAME:communes de grand lieu,72.0,IT Services & Consulting,2019-04-26,48.0,0,68.2,68.2,,,,PROCEDURE_ADAPTE,SERVICES,False,2023-04-26,publication_date,none,,,,,,0,0,0,,,,0,False,False,strict,calibrated_strict,1
BOAMP:19-66602,BOAMP,NAME:ctre hosp universitaire angers,48.0,Software & Applications,2019-04-26,48.0,0,68.2,68.2,,,,PROCEDURE_ADAPTE,SERVICES|FOURNITURES,True,2023-04-26,publication_date,none,,,,,,0,0,0,,,,0,False,False,strict,calibrated_strict,1
BOAMP:19-69736,BOAMP,NAME:nantes metropole,32.0,Telecom & Networks,2019-05-05,48.0,0,67.9,67.9,,,,OUVERT,FOURNITURES,True,2023-05-05,publication_date,none,,,,,,0,0,0,,,,0,False,False,strict,calibrated_strict,1
BOAMP:19-70735,BOAMP,SIREN:227200029,30.0,IT Hardware & Equipment,2019-08-02,48.0,1,50.1,,50.1,BOAMP:23-137663,,OUVERT,FOURNITURES,True,2023-08-02,attribution_award_date,calibrated_rule,0.7643,0.9608,0.4,True,0.65,0,0,0,0.7643,,,1,True,False,strict,calibrated_strict,0
BOAMP:19-71182,BOAMP,NAME:dir ouest,32.0,Telecom & Networks,2019-10-03,48.0,1,48.46,,48.46,BOAMP:23-73840,240000.0,OUVERT,SERVICES,False,2023-10-03,attribution_award_date,calibrated_rule,0.709,0.9359,0.0,True,0.9233,0,0,0,0.709,,,1,True,False,strict,calibrated_strict,0
BOAMP:19-67059,BOAMP,NAME:nantes metropole,48.0,Software & Applications,2019-05-08,48.0,0,67.81,67.81,,,,DIALOGUE_COMPETITIF,FOURNITURES,False,2023-05-08,publication_date,none,,,,,,0,0,0,,,,0,False,False,strict,calibrated_strict,1
BOAMP:19-71679,BOAMP,SIREN:227200029,64.0,Digital Workplace & Collaboration,2019-08-02,48.0,0,64.98,64.98,,,,OUVERT,SERVICES,False,2023-08-02,attribution_award_date,none,,,,,,0,0,0,,,,0,False,False,strict,calibrated_strict,1
BOAMP:19-73211,BOAMP,SIREN:218502888,48.0,Software & Applications,2019-05-09,60.0,0,67.77,67.77,,,,PROCEDURE_ADAPTE,FOURNITURES,False,2024-05-08,publication_date,none,,,,,,0,0,0,,,,0,False,False,strict,calibrated_strict,1
BOAMP:19-75615,BOAMP,SIREN:284400017,72.0,IT Maintenance & Support,2019-05-14,48.0,0,67.61,67.61,,,,PROCEDURE_ADAPTE,SERVICES,True,2023-05-14,publication_date,none,,,,,,0,0,0,,,,0,False,False,strict,calibrated_strict,1
BOAMP:19-75795,BOAMP,SIREN:258500222,72.0,Cybersecurity,2019-05-15,48.0,0,67.58,67.58,,,,PROCEDURE_ADAPTE,SERVICES,True,2023-05-15,publication_date,none,,,,,,0,1,0,,,,0,False,False,strict,calibrated_strict,1
BOAMP:19-74485,BOAMP,NAME:nantes metropole,72.0,IT Services & Consulting,2019-08-01,48.0,1,49.93,,49.93,BOAMP:23-37068,,OUVERT,SERVICES,False,2023-08-01,attribution_award_date,calibrated_rule,0.8553,0.7992,1.0,True,0.6783,0,0,0,0.8553,,,1,True,False,strict,calibrated_strict,0
BOAMP:19-78493,BOAMP,NAME:ctre hosp universitaire angers,32.0,Telecom & Networks,2019-05-20,48.0,0,67.41,67.41,,,,PROCEDURE_ADAPTE,FOURNITURES,True,2023-05-20,publication_date,none,,,,,,0,0,0,,,,0,False,False,strict,calibrated_strict,1
BOAMP:19-78854,BOAMP,NAME:vendee habitat oph de vendee,64.0,Digital Workplace & Collaboration,2019-08-06,12.0,0,64.85,64.85,,,143000.0,OUVERT,SERVICES,False,2020-08-05,attribution_award_date,none,,,,,,0,0,0,,,,0,False,False,strict,calibrated_strict,1
BOAMP:19-80774,BOAMP,NAME:ville du mans,,Unknown,2019-05-23,24.0,1,26.12,,26.12,BOAMP:21-103746,7500.0,PROCEDURE_ADAPTE,FOURNITURES,False,2021-05-22,publication_date,calibrated_rule,0.8505,0.8963,,False,0.6467,0,0,0,0.8505,,,1,True,False,strict,calibrated_strict,0
BOAMP:19-80016,BOAMP,NAME:universite du maine,32.0,Telecom & Networks,2019-10-10,24.0,0,62.71,62.71,,,850000.0,OUVERT,FOURNITURES,False,2021-10-09,attribution_award_date,none,,,,,,0,0,0,,,,0,False,False,strict,calibrated_strict,1
BOAMP:19-81470,BOAMP,SIREN:935367433,32.0,Telecom & Networks,2019-05-24,12.0,0,67.28,67.28,,,220000.0,PROCEDURE_ADAPTE,SERVICES,False,2020-05-23,publication_date,none,,,,,,0,0,0,,,,0,False,False,strict,calibrated_strict,1
BOAMP:19-82021,BOAMP,SIREN:194909701,45.0,Cloud & Infrastructure,2019-05-24,11.0,0,67.28,67.28,,,,PROCEDURE_ADAPTE,TRAVAUX,False,2020-04-22,publication_date,none,,,,,,0,0,0,,,,0,False,False,strict,calibrated_strict,1
BOAMP:19-80203,BOAMP,SIREN:130029747,32.0,Telecom & Networks,2019-05-24,48.0,0,67.28,67.28,,,,OUVERT,SERVICES,False,2023-05-24,publication_date,none,,,,,,0,0,0,,,,0,False,False,strict,calibrated_strict,1
BOAMP:19-79147,BOAMP,SIREN:248500589,45.0,Unknown,2019-05-26,19.0,0,67.21,67.21,,,,OUVERT,TRAVAUX,False,2020-12-24,publication_date,none,,,,,,0,0,0,,,,0,False,False,strict,calibrated_strict,1
BOAMP:19-85688,BOAMP,SIREN:244900015,72.0,IT Services & Consulting,2019-12-09,24.0,0,60.74,60.74,,,1200000.0,OUVERT,SERVICES,False,2021-12-08,attribution_award_date,none,,,,,,0,0,0,,,,0,False,False,strict,calibrated_strict,1
BOAMP:19-87143,BOAMP,SIREN:214401432,,Software & Applications,2019-06-05,48.0,0,66.89,66.89,,,,PROCEDURE_ADAPTE,FOURNITURES,False,2023-06-05,publication_date,none,,,,,,0,0,0,,,,0,False,False,strict,calibrated_strict,1
BOAMP:19-87510,BOAMP,NAME:gpm de nantes st nazaire,48.0,Software & Applications,2019-06-06,48.0,0,66.85,66.85,,,,PROCEDURE_ADAPTE,FOURNITURES,True,2023-06-06,publication_date,none,,,,,,0,0,0,,,,0,False,False,strict,calibrated_strict,1
BOAMP:19-87023,BOAMP,NAME:sec gal pour l adm min interieur ouest,45.0,Unknown,2019-12-16,34.0,0,60.51,60.51,,,,OUVERT,TRAVAUX,False,2022-10-15,attribution_award_date,none,,,,,,0,0,0,,,,0,False,False,strict,calibrated_strict,1
BOAMP:19-88976,BOAMP,NAME:com d agglo reg nazairienne estuaire,35.0,Cybersecurity,2019-09-20,5.0,0,63.37,63.37,,,,OUVERT,FOURNITURES,False,2020-02-19,attribution_award_date,none,,,,,,0,0,0,,,,0,False,False,strict,calibrated_strict,1
BOAMP:19-91357,BOAMP,SIREN:200056679,45.0,Data & AI,2019-06-14,11.0,0,66.59,66.59,,,,PROCEDURE_ADAPTE,TRAVAUX,False,2020-05-13,publication_date,none,,,,,,0,0,0,,,,0,False,False,strict,calibrated_strict,1
BOAMP:19-90615,BOAMP,SIREN:214401846,50.0,Telecom & Networks,2019-06-14,48.0,0,66.59,66.59,,,,OUVERT,SERVICES,False,2023-06-14,publication_date,none,,,,,,0,0,0,,,,0,False,False,strict,calibrated_strict,1
BOAMP:19-91082,BOAMP,SIREN:224900019,32.0,Telecom & Networks,2019-06-16,12.0,1,6.14,,6.14,BOAMP:19-185581,60000.0,OUVERT,FOURNITURES,False,2020-06-15,publication_date,calibrated_rule,0.7396,1.0,,False,0.0233,0,0,0,0.7396,,,1,True,False,strict,calibrated_strict,0
BOAMP:19-93739,BOAMP,NAME:communaute d agglomeration du niortais,48.0,Software & Applications,2019-06-20,48.0,0,66.39,66.39,,,,NEGOCIE,FOURNITURES,False,2023-06-20,publication_date,none,,,,,,0,0,0,,,,0,False,False,strict,calibrated_strict,1
BOAMP:19-95263,BOAMP,SIREN:217200955,72.0,IT Services & Consulting,2019-06-20,48.0,0,66.39,66.39,,,,PROCEDURE_ADAPTE,SERVICES,True,2023-06-20,publication_date,none,,,,,,0,0,0,,,,0,False,False,strict,calibrated_strict,1
BOAMP:19-92498,BOAMP,NAME:nantes metropole,48.0,Software & Applications,2019-06-21,60.0,0,66.36,66.36,,,500000.0,NEGOCIE,SERVICES,False,2024-06-20,publication_date,none,,,,,,0,0,0,,,,0,False,False,strict,calibrated_strict,1
BOAMP:19-97686,BOAMP,NAME:synd dep d energie et d eqpt de vendee,48.0,Software & Applications,2020-02-10,48.0,0,58.67,58.67,,,230000.0,NEGOCIE,SERVICES,False,2024-02-10,attribution_award_date,none,,,,,,0,0,0,,,,0,False,False,strict,calibrated_strict,1
BOAMP:19-99589,BOAMP,SIREN:200052702,72.0,IT Services & Consulting,2019-09-24,48.0,0,63.24,63.24,,,,OUVERT,SERVICES,False,2023-09-24,attribution_award_date,none,,,,,,0,0,0,,,,0,False,False,strict,calibrated_strict,1
BOAMP:19-100067,BOAMP,NAME:sec gal pour l adm min interieur ouest,,Unknown,2019-06-30,48.0,0,66.06,66.06,,,300000.0,OUVERT,FOURNITURES,True,2023-06-30,publication_date,none,,,,,,0,0,0,,,,0,False,False,strict,calibrated_strict,1
BOAMP:19-99928,BOAMP,NAME:sec gal pour l adm min interieur ouest,,Unknown,2019-06-30,10.0,0,66.06,66.06,,,,PROCEDURE_ADAPTE,TRAVAUX,False,2020-04-29,publication_date,none,,,,,,0,0,0,,,,0,False,False,strict,calibrated_strict,1
BOAMP:19-103125,BOAMP,NAME:cnieg,72.0,IT Services & Consulting,2019-07-04,12.0,0,65.93,65.93,,,,PROCEDURE_ADAPTE,SERVICES,False,2020-07-03,publication_date,none,,,,,,0,0,0,,,,0,False,False,strict,calibrated_strict,1
BOAMP:19-103833,BOAMP,SIREN:244400404,48.0,Software & Applications,2019-07-05,4.0,0,65.9,65.9,,,,PROCEDURE_ADAPTE,SERVICES,False,2019-11-03,publication_date,none,,,,,,0,0,0,,,,0,False,False,strict,calibrated_strict,1
BOAMP:19-104228,BOAMP,SIREN:214401622,72.0,IT Services & Consulting,2019-07-05,48.0,1,53.12,,53.12,BOAMP:23-171468,,PROCEDURE_ADAPTE,SERVICES,True,2023-07-05,publication_date,calibrated_rule,0.7515,0.8054,1.0,True,0.1467,0,0,0,0.7515,,,1,True,False,strict,calibrated_strict,0
BOAMP:19-102776,BOAMP,SIREN:214401432,48.0,Software & Applications,2019-11-06,48.0,0,61.83,61.83,,,,OUVERT,FOURNITURES,True,2023-11-06,attribution_award_date,none,,,,,,0,0,0,,,,0,False,False,strict,calibrated_strict,1
BOAMP:19-103897,BOAMP,SIREN:225300011,72.0,IT Services & Consulting,2019-10-21,48.0,0,62.35,62.35,,,,OUVERT,SERVICES,False,2023-10-21,attribution_award_date,none,,,,,,0,0,0,,,,0,False,False,strict,calibrated_strict,1
BOAMP:19-105133,BOAMP,SIREN:200084655,35.0,Cybersecurity,2019-07-10,12.0,0,65.74,65.74,,,,OUVERT,FOURNITURES,False,2020-07-09,publication_date,none,,,,,,0,0,0,,,,0,False,False,strict,calibrated_strict,1
BOAMP:19-105083,BOAMP,NAME:nantes metropole,48.0,Software & Applications,2019-07-10,48.0,0,65.74,65.74,,,,OUVERT,SERVICES,False,2023-07-10,publication_date,none,,,,,,0,0,0,,,,0,False,False,strict,calibrated_strict,1
BOAMP:19-106429,BOAMP,NAME:ccir pays de la loire,48.0,Software & Applications,2019-10-21,48.0,0,62.35,62.35,,,,OUVERT,FOURNITURES,False,2023-10-21,attribution_award_date,none,,,,,,0,0,0,,,,0,False,False,strict,calibrated_strict,1
BOAMP:19-106682,BOAMP,NAME:gie loire ocean,72.0,IT Services & Consulting,2019-11-21,12.0,0,61.33,61.33,,,,PROCEDURE_ADAPTE,SERVICES,False,2020-11-20,attribution_award_date,none,,,,,,0,0,0,,,,0,False,False,strict,calibrated_strict,1
BOAMP:19-108442,BOAMP,SIREN:451518641,72.0,IT Services & Consulting,2019-12-17,12.0,0,60.48,60.48,,,,OUVERT,TRAVAUX,False,2020-12-16,attribution_award_date,none,,,,,,0,0,0,,,,0,False,False,strict,calibrated_strict,1
BOAMP:19-110311,BOAMP,NAME:epf de la vendee,72.0,IT Services & Consulting,2019-07-16,48.0,0,65.54,65.54,,,,PROCEDURE_ADAPTE,SERVICES,True,2023-07-16,publication_date,none,,,,,,0,0,0,,,,0,False,False,strict,calibrated_strict,1
BOAMP:19-109687,BOAMP,NAME:semitan mandataire de nantes metropole,48.0,Software & Applications,2020-10-08,36.0,0,50.76,50.76,,,,DIALOGUE_COMPETITIF,FOURNITURES,False,2023-10-08,attribution_award_date,none,,,,,,0,0,0,,,,0,False,False,strict,calibrated_strict,1
BOAMP:19-111839,BOAMP,SIREN:935367433,64.0,Telecom & Networks,2019-07-20,12.0,0,65.41,65.41,,,840000.0,OUVERT,SERVICES,False,2020-07-19,publication_date,none,,,,,,0,0,0,,,,0,False,False,strict,calibrated_strict,1
BOAMP:19-112517,BOAMP,NAME:gip vendee numerique,71.0,Unknown,2019-10-07,24.0,0,62.81,62.81,,,,OUVERT,SERVICES,False,2021-10-06,attribution_award_date,none,,,,,,0,0,0,,,,0,False,False,strict,calibrated_strict,1
BOAMP:19-114079,BOAMP,SIREN:278000013,72.0,Cybersecurity,2019-09-27,48.0,0,63.14,63.14,,,,RESTREINT,SERVICES,False,2023-09-27,attribution_award_date,none,,,,,,0,0,0,,,,0,False,False,strict,calibrated_strict,1
BOAMP:19-115344,BOAMP,SIREN:831928452,32.0,Telecom & Networks,2020-04-16,48.0,0,56.5,56.5,,,,NEGOCIE,FOURNITURES,True,2024-04-16,attribution_award_date,none,,,,,,0,0,0,,,,0,False,False,strict,calibrated_strict,1
BOAMP:19-117328,BOAMP,NAME:ctre hosp universitaire angers,72.0,IT Services & Consulting,2019-07-26,48.0,0,65.21,65.21,,,,PROCEDURE_ADAPTE,,True,2023-07-26,publication_date,none,,,,,,0,0,0,,,,0,False,False,strict,calibrated_strict,1
BOAMP:19-118102,BOAMP,NAME:le mans,32.0,Telecom & Networks,2019-11-28,48.0,0,61.1,61.1,,,,OUVERT,FOURNITURES,False,2023-11-28,attribution_award_date,none,,,,,,0,0,0,,,,0,False,False,strict,calibrated_strict,1
BOAMP:19-118142,BOAMP,NAME:comcom estuaire et sillon,71.0,Unknown,2019-11-29,48.0,0,61.07,61.07,,,47628.0,OUVERT,SERVICES,True,2023-11-29,attribution_award_date,none,,,,,,0,0,0,,,,0,False,False,strict,calibrated_strict,1
BOAMP:19-109269,BOAMP,SIREN:214401093,35.0,Cybersecurity,2019-08-02,24.0,0,64.98,64.98,,,,PROCEDURE_ADAPTE,FOURNITURES,False,2021-08-01,publication_date,none,,,,,,0,0,0,,,,0,False,False,strict,calibrated_strict,1
BOAMP:19-119207,BOAMP,SIREN:247200132,39.0,Unknown,2019-12-23,10.0,0,60.28,60.28,,,,OUVERT,FOURNITURES,False,2020-10-22,attribution_award_date,none,,,,,,0,0,0,,,,0,False,False,strict,calibrated_strict,1
BOAMP:19-119269,BOAMP,NAME:nantes metropole,72.0,Cybersecurity,2019-08-02,48.0,0,64.98,64.98,,,,NEGOCIE,SERVICES,False,2023-08-02,publication_date,none,,,,,,0,0,0,,,,0,False,False,strict,calibrated_strict,1
BOAMP:19-120649,BOAMP,NAME:le mans,33.0,Data & AI,2020-02-04,48.0,0,58.87,58.87,,,,OUVERT,FOURNITURES,True,2024-02-04,attribution_award_date,none,,,,,,0,0,0,,,,0,False,False,strict,calibrated_strict,1
BOAMP:19-123299,BOAMP,NAME:mindef ema dc sca pfaf co rennes,32.0,Telecom & Networks,2019-11-27,12.0,0,61.14,61.14,,,,OUVERT,FOURNITURES,False,2020-11-26,attribution_award_date,none,,,,,,0,0,0,,,,0,False,False,strict,calibrated_strict,1
BOAMP:19-124424,BOAMP,NAME:chd vendee,48.0,Software & Applications,2020-04-21,48.0,0,56.34,56.34,,,,OUVERT,FOURNITURES,False,2024-04-21,attribution_award_date,none,,,,,,0,0,0,,,,0,False,False,strict,calibrated_strict,1
BOAMP:19-125270,BOAMP,NAME:ctre hosp universitaire angers,72.0,IT Services & Consulting,2019-08-14,48.0,0,64.59,64.59,,,,OUVERT,SERVICES,False,2023-08-14,publication_date,none,,,,,,0,0,0,,,,0,False,False,strict,calibrated_strict,1
BOAMP:19-126819,BOAMP,NAME:conseil general de la vendee,,Unknown,2019-08-19,48.0,0,64.42,64.42,,,,PROCEDURE_ADAPTE,FOURNITURES,True,2023-08-19,publication_date,none,,,,,,0,0,0,,,,0,False,False,strict,calibrated_strict,1
BOAMP:19-128681,BOAMP,SIREN:234400034,72.0,IT Services & Consulting,2019-12-11,12.0,0,60.68,60.68,,,,OUVERT,SERVICES,False,2020-12-10,attribution_award_date,none,,,,,,0,0,0,,,,0,False,False,strict,calibrated_strict,1
BOAMP:19-130305,BOAMP,NAME:communes de grand lieu,35.0,Cybersecurity,2019-12-20,48.0,0,60.38,60.38,,,,PROCEDURE_ADAPTE,TRAVAUX,True,2023-12-20,attribution_award_date,none,,,,,,0,0,0,,,,0,False,False,strict,calibrated_strict,1
BOAMP:19-131601,BOAMP,SIREN:284400017,35.0,Cybersecurity,2019-08-29,48.0,0,64.09,64.09,,,,PROCEDURE_ADAPTE,,True,2023-08-29,publication_date,none,,,,,,0,0,0,,,,0,False,False,strict,calibrated_strict,1
BOAMP:19-131225,BOAMP,SIREN:284400017,35.0,Cybersecurity,2019-08-29,48.0,0,64.09,64.09,,,,PROCEDURE_ADAPTE,FOURNITURES,True,2023-08-29,publication_date,none,,,,,,0,0,0,,,,0,False,False,strict,calibrated_strict,1
BOAMP:19-131092,BOAMP,SIREN:284400017,35.0,Cybersecurity,2019-08-30,12.0,0,64.06,64.06,,,,OUVERT,FOURNITURES,False,2020-08-29,publication_date,none,,,,,,0,0,0,,,,0,False,False,strict,calibrated_strict,1
BOAMP:19-136955,BOAMP,SIREN:244900015,72.0,IT Services & Consulting,2019-09-10,12.0,0,63.7,63.7,,,,PROCEDURE_ADAPTE,SERVICES,False,2020-09-09,publication_date,none,,,,,,0,0,0,,,,0,False,False,strict,calibrated_strict,1
BOAMP:19-137030,BOAMP,SIREN:234400034,48.0,Software & Applications,2019-09-12,24.0,0,63.63,63.63,,,,OUVERT,SERVICES,False,2021-09-11,publication_date,none,,,,,,0,0,0,,,,0,False,False,strict,calibrated_strict,1
BOAMP:19-138013,BOAMP,NAME:chbr reg metiers artisanat nouv aquit,48.0,Software & Applications,2019-12-13,36.0,0,60.61,60.61,,,,OUVERT,SERVICES,False,2022-12-12,attribution_award_date,none,,,,,,0,0,0,,,,0,False,False,strict,calibrated_strict,1
BOAMP:19-141668,BOAMP,SIREN:288500010,35.0,Cybersecurity,2020-02-14,6.0,0,58.54,58.54,,,335000.0,RESTREINT,FOURNITURES,False,2020-08-14,attribution_award_date,none,,,,,,0,0,0,,,,0,False,False,strict,calibrated_strict,1
BOAMP:19-142610,BOAMP,SIREN:224900019,32.0,Telecom & Networks,2019-09-20,48.0,0,63.37,63.37,,,,PROCEDURE_ADAPTE,FOURNITURES,True,2023-09-20,publication_date,none,,,,,,0,0,0,,,,0,False,False,strict,calibrated_strict,1
BOAMP:19-145053,BOAMP,SIREN:227200029,72.0,IT Services & Consulting,2019-09-24,48.0,0,63.24,63.24,,,220000.0,PROCEDURE_ADAPTE,SERVICES,False,2023-09-24,publication_date,none,,,,,,0,0,0,,,,0,False,False,strict,calibrated_strict,1
BOAMP:19-145845,BOAMP,NAME:ctre hosp universitaire angers,72.0,IT Services & Consulting,2019-09-26,48.0,0,63.17,63.17,,,,PROCEDURE_ADAPTE,SERVICES,True,2023-09-26,publication_date,none,,,,,,0,0,0,,,,0,False,False,strict,calibrated_strict,1
BOAMP:19-144868,BOAMP,NAME:conseil general de la vendee,48.0,Cloud & Infrastructure,2019-09-26,24.0,0,63.17,63.17,,,,OUVERT,FOURNITURES,False,2021-09-25,publication_date,none,,,,,,0,0,0,,,,0,False,False,strict,calibrated_strict,1
BOAMP:19-146419,BOAMP,SIREN:227200029,32.0,Telecom & Networks,2020-02-10,48.0,0,58.67,58.67,,,360000.0,OUVERT,SERVICES,False,2024-02-10,attribution_award_date,none,,,,,,0,0,0,,,,0,False,False,strict,calibrated_strict,1
BOAMP:19-147943,BOAMP,SIREN:234400034,72.0,IT Services & Consulting,2019-12-27,24.0,0,60.15,60.15,,,,OUVERT,SERVICES,False,2021-12-26,attribution_award_date,none,,,,,,0,0,0,,,,0,False,False,strict,calibrated_strict,1
BOAMP:19-147530,BOAMP,SIREN:191700327,48.0,Software & Applications,2019-10-27,48.0,0,62.16,62.16,,,,OUVERT,FOURNITURES,False,2023-10-27,attribution_award_date,none,,,,,,0,0,0,,,,0,False,False,strict,calibrated_strict,1
BOAMP:19-150722,BOAMP,SIREN:214400475,31.0,Unknown,2019-10-04,48.0,0,62.91,62.91,,,,PROCEDURE_ADAPTE,FOURNITURES,True,2023-10-04,publication_date,none,,,,,,0,0,0,,,,0,False,False,strict,calibrated_strict,1
BOAMP:19-150176,BOAMP,NAME:chd vendee,72.0,IT Services & Consulting,2019-12-27,48.0,0,60.15,60.15,,,,OUVERT,SERVICES,False,2023-12-27,attribution_award_date,none,,,,,,0,0,0,,,,0,False,False,strict,calibrated_strict,1
BOAMP:19-151799,BOAMP,NAME:dir interregionale sces penitentiaires,45.0,Unknown,2019-10-07,48.0,0,62.81,62.81,,,,PROCEDURE_ADAPTE,TRAVAUX,True,2023-10-07,publication_date,none,,,,,,0,0,0,,,,0,False,False,strict,calibrated_strict,1
BOAMP:19-152227,BOAMP,NAME:ville du mans,72.0,IT Services & Consulting,2020-06-16,48.0,0,54.5,54.5,,,,NEGOCIE,SERVICES,False,2024-06-16,attribution_award_date,none,,,,,,0,0,0,,,,0,False,False,strict,calibrated_strict,1
BOAMP:19-153997,BOAMP,SIREN:200054336,48.0,Software & Applications,2019-10-10,48.0,0,62.71,62.71,,,,PROCEDURE_ADAPTE,SERVICES,True,2023-10-10,publication_date,none,,,,,,0,0,0,,,,0,False,False,strict,calibrated_strict,1
BOAMP:19-154710,BOAMP,SIREN:218501914,72.0,IT Services & Consulting,2019-10-11,24.0,0,62.68,62.68,,,,PROCEDURE_ADAPTE,SERVICES,False,2021-10-10,publication_date,none,,,,,,0,0,0,,,,0,False,False,strict,calibrated_strict,1
BOAMP:19-155590,BOAMP,NAME:du marais poitevi,72.0,Digital Workplace & Collaboration,2019-12-20,48.0,0,60.38,60.38,,,330000.0,OUVERT,SERVICES,False,2023-12-20,attribution_award_date,none,,,,,,0,0,0,,,,0,False,False,strict,calibrated_strict,1
BOAMP:19-156899,BOAMP,NAME:nantes metropole,35.0,Cybersecurity,2020-01-22,48.0,0,59.3,59.3,,,,OUVERT,FOURNITURES,False,2024-01-22,attribution_award_date,none,,,,,,0,0,0,,,,0,False,False,strict,calibrated_strict,1
BOAMP:19-157359,BOAMP,SIREN:214401846,32.0,Telecom & Networks,2019-12-26,12.0,0,60.18,60.18,,,,OUVERT,FOURNITURES,False,2020-12-25,attribution_award_date,none,,,,,,0,0,0,,,,0,False,False,strict,calibrated_strict,1
BOAMP:19-156761,BOAMP,NAME:ville d alencon,71.0,Software & Applications,2020-03-27,24.0,0,57.16,57.16,,,900000.0,OUVERT,SERVICES,False,2022-03-27,attribution_award_date,none,,,,,,0,0,0,,,,0,False,False,strict,calibrated_strict,1
BOAMP:19-159241,BOAMP,SIREN:130013097,48.0,Software & Applications,2019-10-20,12.0,0,62.39,62.39,,,,OUVERT,SERVICES,False,2020-10-19,publication_date,none,,,,,,0,0,0,,,,0,False,False,strict,calibrated_strict,1
BOAMP:19-160018,BOAMP,SIREN:198513905,32.0,Telecom & Networks,2019-10-21,1.0,0,62.35,62.35,,,,PROCEDURE_ADAPTE,FOURNITURES,False,2019-11-20,publication_date,none,,,,,,0,0,0,,,,0,False,False,strict,calibrated_strict,1
BOAMP:19-160471,BOAMP,SIREN:247200132,72.0,Data & AI,2020-03-16,48.0,0,57.52,57.52,,,,PROCEDURE_ADAPTE,SERVICES,False,2024-03-16,attribution_award_date,none,,,,,,0,0,0,,,,0,False,False,strict,calibrated_strict,1
BOAMP:19-160506,BOAMP,SIREN:200054336,35.0,Cybersecurity,2020-01-09,36.0,0,59.72,59.72,,,,OUVERT,SERVICES,False,2023-01-08,attribution_award_date,none,,,,,,0,0,0,,,,0,False,False,strict,calibrated_strict,1
BOAMP:19-161349,BOAMP,NAME:cci metropolitaine bretagne ouest,48.0,Software & Applications,2019-10-25,48.0,0,62.22,62.22,,,,NEGOCIE,SERVICES,True,2023-10-25,publication_date,none,,,,,,0,0,0,,,,0,False,False,strict,calibrated_strict,1
BOAMP:19-163024,BOAMP,SIREN:391722881,72.0,IT Services & Consulting,2020-08-03,54.0,0,52.92,52.92,,,,NEGOCIE,SERVICES,False,2025-02-01,attribution_award_date,none,,,,,,0,0,0,,,,0,False,False,strict,calibrated_strict,1
BOAMP:19-165120,BOAMP,SIREN:264400136,32.0,Telecom & Networks,2019-10-30,12.0,0,62.06,62.06,,,,PROCEDURE_ADAPTE,SERVICES|FOURNITURES,False,2020-10-29,publication_date,none,,,,,,0,0,0,,,,0,False,False,strict,calibrated_strict,1
BOAMP:19-164716,BOAMP,NAME:conservatoire du littoral,72.0,Cybersecurity,2019-10-31,48.0,1,48.49,,48.49,BOAMP:23-117051,,OUVERT,SERVICES,False,2023-10-31,publication_date,calibrated_rule,0.6721,0.7212,0.2,True,0.9183,0,0,0,0.6721,,,1,True,False,strict,calibrated_strict,0
BOAMP:19-169855,BOAMP,SIREN:391722881,72.0,IT Services & Consulting,2019-11-12,36.0,0,61.63,61.63,,,,PROCEDURE_ADAPTE,SERVICES,False,2022-11-11,publication_date,none,,,,,,0,0,0,,,,0,False,False,strict,calibrated_strict,1
BOAMP:19-172484,BOAMP,NAME:spr pays de la loire,72.0,IT Services & Consulting,2020-02-10,18.0,0,58.67,58.67,,,,OUVERT,SERVICES,False,2021-08-10,attribution_award_date,none,,,,,,0,0,0,,,,0,False,False,strict,calibrated_strict,1
BOAMP:19-172734,BOAMP,NAME:ville du mans,37.0,Data & AI,2020-03-10,48.0,0,57.72,57.72,,,,OUVERT,FOURNITURES,False,2024-03-10,attribution_award_date,none,,,,,,0,0,0,,,,0,False,False,strict,calibrated_strict,1
BOAMP:19-174809,BOAMP,SIREN:227200029,72.0,IT Services & Consulting,2019-11-20,48.0,0,61.37,61.37,,,220000.0,PROCEDURE_ADAPTE,SERVICES,True,2023-11-20,publication_date,none,,,,,,0,0,0,,,,0,False,False,strict,calibrated_strict,1
BOAMP:19-174098,BOAMP,SIREN:234400034,72.0,IT Services & Consulting,2019-11-21,24.0,0,61.33,61.33,,,,OUVERT,SERVICES,False,2021-11-20,publication_date,none,,,,,,0,0,0,,,,0,False,False,strict,calibrated_strict,1
BOAMP:19-175237,BOAMP,SIREN:217200542,45.0,Unknown,2019-11-21,48.0,0,61.33,61.33,,,,PROCEDURE_ADAPTE,TRAVAUX,True,2023-11-21,publication_date,none,,,,,,0,0,0,,,,0,False,False,strict,calibrated_strict,1
BOAMP:19-174412,BOAMP,NAME:semitan,72.0,IT Services & Consulting,2020-06-22,24.0,0,54.3,54.3,,,,NEGOCIE,SERVICES,False,2022-06-22,attribution_award_date,none,,,,,,0,0,0,,,,0,False,False,strict,calibrated_strict,1
BOAMP:19-177026,BOAMP,NAME:arafer,32.0,Telecom & Networks,2019-11-27,48.0,0,61.14,61.14,,,120000.0,OUVERT,SERVICES,False,2023-11-27,publication_date,none,,,,,,0,0,0,,,,0,False,False,strict,calibrated_strict,1
BOAMP:19-178175,BOAMP,SIREN:214401846,48.0,Software & Applications,2020-03-12,48.0,0,57.65,57.65,,,,PROCEDURE_ADAPTE,FOURNITURES,False,2024-03-12,attribution_award_date,none,,,,,,0,0,0,,,,0,False,False,strict,calibrated_strict,1
BOAMP:19-177220,BOAMP,NAME:shema,45.0,Unknown,2019-11-28,18.0,0,61.1,61.1,,,,OUVERT,TRAVAUX,False,2021-05-28,publication_date,none,,,,,,0,0,0,,,,0,False,False,strict,calibrated_strict,1
BOAMP:19-172419,BOAMP,NAME:syndicat trivalis,45.0,Unknown,2019-11-29,48.0,0,61.07,61.07,,,,PROCEDURE_ADAPTE,TRAVAUX,True,2023-11-29,publication_date,none,,,,,,0,0,0,,,,0,False,False,strict,calibrated_strict,1
BOAMP:19-179524,BOAMP,SIREN:200054336,32.0,Telecom & Networks,2020-03-13,48.0,0,57.62,57.62,,,221000.0,OUVERT,FOURNITURES,True,2024-03-13,attribution_award_date,none,,,,,,0,0,0,,,,0,False,False,strict,calibrated_strict,1
BOAMP:19-180395,BOAMP,NAME:e collectivites vendee,48.0,Software & Applications,2020-04-10,24.0,0,56.7,56.7,,,,OUVERT,SERVICES,False,2022-04-10,attribution_award_date,none,,,,,,0,0,0,,,,0,False,False,strict,calibrated_strict,1
BOAMP:19-181049,BOAMP,SIREN:233500016,72.0,Digital Workplace & Collaboration,2020-10-05,12.0,0,50.85,50.85,,,,NEGOCIE,SERVICES,False,2021-10-05,attribution_award_date,none,,,,,,0,0,0,,,,0,False,False,strict,calibrated_strict,1
BOAMP:19-181393,BOAMP,SIREN:228500013,72.0,IT Services & Consulting,2020-03-11,48.0,0,57.69,57.69,,,,OUVERT,SERVICES,True,2024-03-11,attribution_award_date,none,,,,,,0,0,0,,,,0,False,False,strict,calibrated_strict,1
BOAMP:19-184534,BOAMP,SIREN:214400202,79.0,Telecom & Networks,2019-12-11,12.0,0,60.68,60.68,,,,PROCEDURE_ADAPTE,SERVICES,False,2020-12-10,publication_date,none,,,,,,0,0,0,,,,0,False,False,strict,calibrated_strict,1
BOAMP:19-184300,BOAMP,NAME:cdc du pays de saint gilles cx de vie,32.0,Telecom & Networks,2019-12-12,24.0,0,60.64,60.64,,,,OUVERT,FOURNITURES,False,2021-12-11,publication_date,none,,,,,,0,0,0,,,,0,False,False,strict,calibrated_strict,1
BOAMP:19-184490,BOAMP,SIREN:234400034,72.0,IT Services & Consulting,2020-03-30,48.0,0,57.06,57.06,,,,OUVERT,SERVICES,False,2024-03-30,attribution_award_date,none,,,,,,0,0,0,,,,0,False,False,strict,calibrated_strict,1
BOAMP:19-187147,BOAMP,SIREN:214401846,48.0,Software & Applications,2020-03-26,48.0,0,57.19,57.19,,,500000.0,OUVERT,SERVICES,False,2024-03-26,attribution_award_date,none,,,,,,0,0,0,,,,0,False,False,strict,calibrated_strict,1
BOAMP:19-187630,BOAMP,NAME:conseil general de la vendee,32.0,Telecom & Networks,2020-04-15,48.0,0,56.54,56.54,,,,OUVERT,FOURNITURES,True,2024-04-15,attribution_award_date,none,,,,,,0,0,0,,,,0,False,False,strict,calibrated_strict,1
BOAMP:19-185581,BOAMP,SIREN:224900019,,Data & AI,2019-12-20,12.0,0,60.38,60.38,,,,PROCEDURE_ADAPTE,FOURNITURES,False,2020-12-19,publication_date,none,,,,,,0,0,0,,,,0,False,False,strict,calibrated_strict,1
BOAMP:19-190109,BOAMP,SIREN:200054302,35.0,Cybersecurity,2019-12-20,48.0,0,60.38,60.38,,,,PROCEDURE_ADAPTE,SERVICES,True,2023-12-20,publication_date,none,,,,,,0,0,0,,,,0,False,False,strict,calibrated_strict,1
BOAMP:19-189641,BOAMP,NAME:cnes terres de montaigu,72.0,Cybersecurity,2020-08-03,24.0,0,52.92,52.92,,,1220000.0,OUVERT,SERVICES,False,2022-08-03,attribution_award_date,none,,,,,,0,0,0,,,,0,False,False,strict,calibrated_strict,1
BOAMP:19-190328,BOAMP,SIREN:194909701,32.0,Telecom & Networks,2019-12-22,48.0,0,60.32,60.32,,,,OUVERT,FOURNITURES,False,2023-12-22,publication_date,none,,,,,,0,0,0,,,,0,False,False,strict,calibrated_strict,1
BOAMP:19-176963,BOAMP,SIREN:244900015,72.0,Digital Workplace & Collaboration,2020-01-06,48.0,0,59.82,59.82,,,,PROCEDURE_ADAPTE,SERVICES,False,2024-01-06,publication_date,none,,,,,,0,0,0,,,,0,False,False,strict,calibrated_strict,1
BOAMP:20-892,BOAMP,SIREN:218501096,,Data & AI,2020-01-07,48.0,0,59.79,59.79,,,,PROCEDURE_ADAPTE,FOURNITURES,True,2024-01-07,publication_date,none,,,,,,0,0,0,,,,0,False,False,strict,calibrated_strict,1
BOAMP:20-2441,BOAMP,NAME:ville du mans,32.0,Telecom & Networks,2020-06-29,48.0,0,54.07,54.07,,,,OUVERT,FOURNITURES,False,2024-06-29,attribution_award_date,none,,,,,,0,0,0,,,,0,False,False,strict,calibrated_strict,1
BOAMP:20-4011,BOAMP,NAME:cnieg,72.0,IT Services & Consulting,2020-05-29,24.0,0,55.09,55.09,,,1200000.0,OUVERT,SERVICES,False,2022-05-29,attribution_award_date,none,,,,,,0,0,0,,,,0,False,False,strict,calibrated_strict,1
BOAMP:20-6019,BOAMP,NAME:cte de communes de la blain,48.0,Software & Applications,2020-01-14,24.0,0,59.56,59.56,,,,PROCEDURE_ADAPTE,FOURNITURES,False,2022-01-13,publication_date,none,,,,,,0,0,0,,,,0,False,False,strict,calibrated_strict,1
BOAMP:20-5957,BOAMP,SIREN:234400034,72.0,IT Services & Consulting,2020-01-16,12.0,0,59.49,59.49,,,,OUVERT,SERVICES,False,2021-01-15,publication_date,none,,,,,,0,0,0,,,,0,False,False,strict,calibrated_strict,1
BOAMP:20-6008,BOAMP,NAME:ctre hosp universitaire angers,50.0,Data & AI,2020-06-09,12.0,0,54.73,54.73,,,,OUVERT,SERVICES,False,2021-06-09,attribution_award_date,none,,,,,,0,0,0,,,,0,False,False,strict,calibrated_strict,1
BOAMP:20-6485,BOAMP,NAME:cnieg,72.0,Cybersecurity,2020-05-25,24.0,0,55.22,55.22,,,2000000.0,OUVERT,SERVICES,False,2022-05-25,attribution_award_date,none,,,,,,0,0,0,,,,0,False,False,strict,calibrated_strict,1
BOAMP:20-8882,BOAMP,SIREN:532458809,,Unknown,2020-01-20,12.0,0,59.36,59.36,,,,PROCEDURE_ADAPTE,FOURNITURES,False,2021-01-19,publication_date,none,,,,,,0,0,0,,,,0,False,False,strict,calibrated_strict,1
BOAMP:20-9474,BOAMP,SIREN:935367433,35.0,Cybersecurity,2020-01-21,36.0,0,59.33,59.33,,,200000.0,PROCEDURE_ADAPTE,SERVICES,False,2023-01-20,publication_date,none,,,,,,0,0,0,,,,0,False,False,strict,calibrated_strict,1
BOAMP:20-8874,BOAMP,SIREN:110006012,72.0,IT Services & Consulting,2020-10-14,12.0,0,50.56,50.56,,,1000000.0,OUVERT,SERVICES,False,2021-10-14,attribution_award_date,none,,,,,,0,0,0,,,,0,False,False,strict,calibrated_strict,1
BOAMP:20-8819,BOAMP,SIREN:214401432,18.0,Unknown,2020-10-15,12.0,0,50.53,50.53,,,160000.0,OUVERT,FOURNITURES,False,2021-10-15,attribution_award_date,none,,,,,,0,0,0,,,,0,False,False,strict,calibrated_strict,1
BOAMP:20-10119,BOAMP,NAME:conseil general de la vendee,72.0,IT Services & Consulting,2020-09-10,48.0,0,51.68,51.68,,,,NEGOCIE,SERVICES,False,2024-09-10,attribution_award_date,none,,,,,,0,0,0,,,,0,False,False,strict,calibrated_strict,1
BOAMP:20-12202,BOAMP,SIREN:234400034,72.0,IT Services & Consulting,2020-06-11,12.0,0,54.66,54.66,,,,OUVERT,SERVICES,False,2021-06-11,attribution_award_date,none,,,,,,0,0,0,,,,0,False,False,strict,calibrated_strict,1
BOAMP:20-11443,BOAMP,SIREN:214401846,79.0,Cybersecurity,2020-05-29,12.0,0,55.09,55.09,,,,OUVERT,SERVICES,False,2021-05-29,attribution_award_date,none,,,,,,0,0,0,,,,0,False,False,strict,calibrated_strict,1
BOAMP:20-12070,BOAMP,NAME:nantes metropole,72.0,Cybersecurity,2020-01-26,48.0,0,59.17,59.17,,,,NEGOCIE,SERVICES,False,2024-01-26,publication_date,none,,,,,,0,0,0,,,,0,False,False,strict,calibrated_strict,1
BOAMP:20-13447,BOAMP,NAME:inra angers nantes,72.0,IT Services & Consulting,2020-10-20,48.0,0,50.36,50.36,,,,PROCEDURE_ADAPTE,SERVICES,True,2024-10-20,attribution_award_date,none,,,,,,0,0,0,,,,0,False,False,strict,calibrated_strict,1
BOAMP:20-15000,BOAMP,NAME:cci nantes saint nazaire,72.0,Digital Workplace & Collaboration,2020-02-01,48.0,0,58.97,58.97,,,,OUVERT,SERVICES,False,2024-02-01,publication_date,none,,,,,,0,0,0,,,,0,False,False,strict,calibrated_strict,1
BOAMP:20-16573,BOAMP,SIREN:247200132,45.0,Unknown,2020-02-03,48.0,0,58.9,58.9,,,,PROCEDURE_ADAPTE,TRAVAUX,True,2024-02-03,publication_date,none,,,,,,0,0,0,,,,0,False,False,strict,calibrated_strict,1
BOAMP:20-17362,BOAMP,NAME:vendee habitat oph de vendee,72.0,Cybersecurity,2020-02-04,48.0,0,58.87,58.87,,,,PROCEDURE_ADAPTE,SERVICES,True,2024-02-04,publication_date,none,,,,,,0,0,0,,,,0,False,False,strict,calibrated_strict,1
BOAMP:20-16671,BOAMP,SIREN:391722881,72.0,IT Maintenance & Support,2021-01-18,24.0,0,47.4,47.4,,,,NEGOCIE,SERVICES,False,2023-01-18,attribution_award_date,none,,,,,,0,0,0,,,,0,False,False,strict,calibrated_strict,1
BOAMP:20-17802,BOAMP,NAME:conseil general de la vendee,72.0,IT Services & Consulting,2020-10-29,48.0,0,50.07,50.07,,,,NEGOCIE,SERVICES,False,2024-10-29,attribution_award_date,none,,,,,,0,0,0,,,,0,False,False,strict,calibrated_strict,1
BOAMP:20-19986,BOAMP,SIREN:264400136,32.0,Telecom & Networks,2020-02-09,48.0,1,48.62,,48.62,BOAMP:24-24049,,OUVERT,FOURNITURES,False,2024-02-09,publication_date,calibrated_rule,0.8969,0.794,1.0,True,0.8967,0,0,0,0.8969,,,1,True,False,strict,calibrated_strict,0
BOAMP:20-20633,BOAMP,NAME:semitan,35.0,Cybersecurity,2020-02-10,12.0,0,58.67,58.67,,,,PROCEDURE_ADAPTE,FOURNITURES,False,2021-02-09,publication_date,none,,,,,,0,0,0,,,,0,False,False,strict,calibrated_strict,1
BOAMP:20-20672,BOAMP,NAME:conseil general de la vendee,72.0,IT Services & Consulting,2020-10-28,48.0,0,50.1,50.1,,,,NEGOCIE,SERVICES,False,2024-10-28,attribution_award_date,none,,,,,,0,0,0,,,,0,False,False,strict,calibrated_strict,1
BOAMP:20-23104,BOAMP,SIREN:180043010,72.0,IT Services & Consulting,2020-02-15,12.0,0,58.51,58.51,,,,OUVERT,SERVICES,False,2021-02-14,publication_date,none,,,,,,0,0,0,,,,0,False,False,strict,calibrated_strict,1
BOAMP:20-23300,BOAMP,SIREN:200048551,45.0,Unknown,2020-02-16,36.0,0,58.48,58.48,,,3000000.0,OUVERT,TRAVAUX,False,2023-02-15,publication_date,none,,,,,,0,0,0,,,,0,False,False,strict,calibrated_strict,1
BOAMP:20-23864,BOAMP,SIREN:247200132,42.0,Telecom & Networks,2020-02-16,48.0,0,58.48,58.48,,,,OUVERT,FOURNITURES,False,2024-02-16,publication_date,none,,,,,,0,0,0,,,,0,False,False,strict,calibrated_strict,1
BOAMP:20-26328,BOAMP,NAME:nantes metropole,72.0,IT Services & Consulting,2020-02-21,48.0,0,58.31,58.31,,,,OUVERT,SERVICES,True,2024-02-21,publication_date,none,,,,,,0,0,0,,,,0,False,False,strict,calibrated_strict,1
BOAMP:20-26585,BOAMP,NAME:nantes metropole,72.0,Cybersecurity,2020-02-23,48.0,0,58.25,58.25,,,,NEGOCIE,SERVICES,False,2024-02-23,publication_date,none,,,,,,0,0,0,,,,0,False,False,strict,calibrated_strict,1
BOAMP:20-27109,BOAMP,SIREN:214400202,32.0,Telecom & Networks,2020-02-23,12.0,1,7.95,,7.95,BOAMP:20-61130,,OUVERT,FOURNITURES,False,2021-02-22,publication_date,calibrated_rule,0.865,1.0,1.0,True,0.325,0,0,0,0.865,,,1,True,False,strict,calibrated_strict,0
BOAMP:20-27358,BOAMP,SIREN:391722881,72.0,IT Services & Consulting,2020-02-23,48.0,1,48.42,,48.42,BOAMP:24-27614,,NEGOCIE,SERVICES,True,2024-02-23,publication_date,calibrated_rule,0.986,1.0,1.0,True,0.93,0,0,0,0.986,,,1,True,False,strict,calibrated_strict,0
BOAMP:20-28158,BOAMP,NAME:sgami ouest,35.0,Cybersecurity,2020-02-26,48.0,0,58.15,58.15,,,,OUVERT,FOURNITURES,False,2024-02-26,publication_date,none,,,,,,0,0,0,,,,0,False,False,strict,calibrated_strict,1
BOAMP:20-29244,BOAMP,SIREN:214401093,35.0,Cybersecurity,2020-02-27,48.0,0,58.11,58.11,,,,OUVERT,FOURNITURES,False,2024-02-27,publication_date,none,,,,,,0,0,0,,,,0,False,False,strict,calibrated_strict,1
BOAMP:20-29934,BOAMP,SIREN:214401093,35.0,Cybersecurity,2020-02-28,48.0,1,50.56,,50.56,BOAMP:24-56228,,OUVERT,FOURNITURES,False,2024-02-28,publication_date,calibrated_rule,0.8997,0.9625,1.0,True,0.5733,0,0,0,0.8997,,,1,True,False,strict,calibrated_strict,0
BOAMP:20-31844,BOAMP,SIREN:130029747,72.0,IT Services & Consulting,2020-03-04,48.0,0,57.92,57.92,,,,OUVERT,SERVICES,True,2024-03-04,publication_date,none,,,,,,0,0,0,,,,0,False,False,strict,calibrated_strict,1
BOAMP:20-32737,BOAMP,SIREN:234400034,72.0,Digital Workplace & Collaboration,2020-03-05,12.0,0,57.88,57.88,,,,OUVERT,SERVICES,False,2021-03-05,publication_date,none,,,,,,0,0,0,,,,0,False,False,strict,calibrated_strict,1
BOAMP:20-32203,BOAMP,NAME:nantes metropole,72.0,IT Services & Consulting,2020-03-06,48.0,0,57.85,57.85,,,,PROCEDURE_ADAPTE,SERVICES,False,2024-03-06,publication_date,none,,,,,,0,0,0,,,,0,False,False,strict,calibrated_strict,1
BOAMP:20-34709,BOAMP,SIREN:546650169,79.0,IT Hardware & Equipment,2020-03-08,6.0,0,57.79,57.79,,,,OUVERT,SERVICES,False,2020-09-06,publication_date,none,,,,,,0,0,0,,,,0,False,False,strict,calibrated_strict,1
BOAMP:20-36082,BOAMP,SIREN:214400491,,Unknown,2020-03-10,1.0,0,57.72,57.72,,,,PROCEDURE_ADAPTE,TRAVAUX,False,2020-04-09,publication_date,none,,,,,,0,0,0,,,,0,False,False,strict,calibrated_strict,1
BOAMP:20-35774,BOAMP,SIREN:935367433,72.0,IT Services & Consulting,2020-10-26,12.0,0,50.16,50.16,,,,NEGOCIE,SERVICES,False,2021-10-26,attribution_award_date,none,,,,,,0,0,0,,,,0,False,False,strict,calibrated_strict,1
BOAMP:20-28749,BOAMP,SIREN:214401093,32.0,Telecom & Networks,2020-03-11,48.0,0,57.69,57.69,,,,PROCEDURE_ADAPTE,FOURNITURES,False,2024-03-11,publication_date,none,,,,,,0,0,0,,,,0,False,False,strict,calibrated_strict,1
BOAMP:20-35511,BOAMP,NAME:cci de reg ctre val de loire,30.0,IT Hardware & Equipment,2020-06-10,48.0,0,54.7,54.7,,,,OUVERT,FOURNITURES,False,2024-06-10,attribution_award_date,none,,,,,,0,0,0,,,,0,False,False,strict,calibrated_strict,1
BOAMP:20-34392,BOAMP,NAME:nantes metropole,72.0,Cybersecurity,2020-03-11,48.0,0,57.69,57.69,,,,NEGOCIE,SERVICES,False,2024-03-11,publication_date,none,,,,,,0,0,0,,,,0,False,False,strict,calibrated_strict,1
BOAMP:20-37796,BOAMP,NAME:communaute d agglomeration du niortais,72.0,IT Services & Consulting,2020-03-12,48.0,0,57.65,57.65,,,154000.0,PROCEDURE_ADAPTE,SERVICES,False,2024-03-12,publication_date,none,,,,,,0,0,0,,,,0,False,False,strict,calibrated_strict,1
BOAMP:20-45001,BOAMP,SIREN:451518641,32.0,Telecom & Networks,2020-03-27,48.0,0,57.16,57.16,,,,OUVERT,FOURNITURES,True,2024-03-27,publication_date,none,,,,,,0,0,0,,,,0,False,False,strict,calibrated_strict,1
BOAMP:20-47300,BOAMP,SIREN:194909701,48.0,Software & Applications,2020-09-03,48.0,0,51.91,51.91,,,,OUVERT,FOURNITURES,False,2024-09-03,attribution_award_date,none,,,,,,0,0,0,,,,0,False,False,strict,calibrated_strict,1
BOAMP:20-47343,BOAMP,NAME:cci metropolitaine bretagne ouest,48.0,Software & Applications,2020-04-02,48.0,0,56.96,56.96,,,,NEGOCIE,FOURNITURES,False,2024-04-02,publication_date,none,,,,,,0,0,0,,,,0,False,False,strict,calibrated_strict,1
BOAMP:20-48669,BOAMP,NAME:ville d orvault,72.0,Data & AI,2020-04-03,48.0,0,56.93,56.93,,,,PROCEDURE_ADAPTE,,True,2024-04-03,publication_date,none,,,,,,0,0,0,,,,0,False,False,strict,calibrated_strict,1
BOAMP:20-50348,BOAMP,NAME:cte de communes de la blain,72.0,IT Services & Consulting,2020-04-08,48.0,0,56.77,56.77,,,,PROCEDURE_ADAPTE,SERVICES,False,2024-04-08,publication_date,none,,,,,,0,0,0,,,,0,False,False,strict,calibrated_strict,1
BOAMP:20-49128,BOAMP,NAME:epf de la vendee,79.0,Unknown,2020-07-07,6.0,0,53.81,53.81,,,,OUVERT,SERVICES,False,2021-01-05,attribution_award_date,none,,,,,,0,0,0,,,,0,False,False,strict,calibrated_strict,1
BOAMP:20-49221,BOAMP,NAME:conseil general de la vendee,72.0,IT Services & Consulting,2020-09-23,48.0,0,51.25,51.25,,,,OUVERT,SERVICES,False,2024-09-23,attribution_award_date,none,,,,,,0,0,0,,,,0,False,False,strict,calibrated_strict,1
BOAMP:20-50446,BOAMP,SIREN:264400136,72.0,IT Services & Consulting,2020-11-04,48.0,0,49.87,49.87,,,,NEGOCIE,SERVICES,True,2024-11-04,attribution_award_date,none,,,,,,0,0,0,,,,0,False,False,strict,calibrated_strict,1
BOAMP:20-50911,BOAMP,SIREN:284400017,48.0,Software & Applications,2020-07-24,48.0,0,53.25,53.25,,,,OUVERT,FOURNITURES,False,2024-07-24,attribution_award_date,none,,,,,,0,0,0,,,,0,False,False,strict,calibrated_strict,1
BOAMP:20-52846,BOAMP,SIREN:285300018,35.0,Cybersecurity,2020-11-12,12.0,0,49.61,49.61,,,40000.0,OUVERT,FOURNITURES,False,2021-11-12,attribution_award_date,none,,,,,,0,0,0,,,,0,False,False,strict,calibrated_strict,1
BOAMP:20-51762,BOAMP,SIREN:502035785,72.0,IT Services & Consulting,2020-07-16,12.0,0,53.52,53.52,,,,OUVERT,SERVICES,False,2021-07-16,attribution_award_date,none,,,,,,0,0,0,,,,0,False,False,strict,calibrated_strict,1
BOAMP:20-54010,BOAMP,SIREN:788058030,32.0,Telecom & Networks,2020-04-19,24.0,0,56.41,56.41,,,,OUVERT,FOURNITURES,False,2022-04-19,publication_date,none,,,,,,0,0,0,,,,0,False,False,strict,calibrated_strict,1
BOAMP:20-54626,BOAMP,SIREN:180043010,48.0,Software & Applications,2020-04-22,12.0,0,56.31,56.31,,,195000.0,NEGOCIE,FOURNITURES,False,2021-04-22,publication_date,none,,,,,,0,0,0,,,,0,False,False,strict,calibrated_strict,1
BOAMP:20-54283,BOAMP,NAME:nantes metropole,72.0,Cybersecurity,2020-04-23,48.0,0,56.27,56.27,,,,NEGOCIE,SERVICES,False,2024-04-23,publication_date,none,,,,,,0,0,0,,,,0,False,False,strict,calibrated_strict,1
BOAMP:20-56147,BOAMP,SIREN:200069474,32.0,Telecom & Networks,2020-04-23,12.0,0,56.27,56.27,,,,PROCEDURE_ADAPTE,TRAVAUX,False,2021-04-23,publication_date,none,,,,,,0,0,0,,,,0,False,False,strict,calibrated_strict,1
BOAMP:20-56877,BOAMP,NAME:ville d ecouflant,32.0,Telecom & Networks,2020-04-24,4.0,0,56.24,56.24,,,,PROCEDURE_ADAPTE,FOURNITURES,False,2020-08-23,publication_date,none,,,,,,0,0,0,,,,0,False,False,strict,calibrated_strict,1
BOAMP:20-58079,BOAMP,SIREN:228500013,79.0,IT Maintenance & Support,2020-08-20,36.0,1,34.72,,34.72,BOAMP:23-43183,,OUVERT,SERVICES,False,2023-08-20,attribution_award_date,calibrated_rule,0.9123,0.8874,1.0,True,0.7867,0,0,0,0.9123,,,1,True,False,strict,calibrated_strict,0
BOAMP:20-49949,BOAMP,NAME:nantes metropole,48.0,Software & Applications,2020-10-08,48.0,1,50.23,,50.23,BOAMP:24-140255,,OUVERT,FOURNITURES,False,2024-10-08,attribution_award_date,calibrated_rule,0.8249,0.748,1.0,True,0.6283,0,0,0,0.8249,,,1,True,False,strict,calibrated_strict,0
BOAMP:20-59734,BOAMP,NAME:gpm de nantes st nazaire,30.0,IT Hardware & Equipment,2020-05-06,48.0,0,55.85,55.85,,,200000.0,OUVERT,FOURNITURES,True,2024-05-06,publication_date,none,,,,,,0,0,0,,,,0,False,False,strict,calibrated_strict,1
BOAMP:20-57925,BOAMP,SIREN:248500589,32.0,Telecom & Networks,2020-09-24,24.0,0,51.22,51.22,,,370000.0,OUVERT,FOURNITURES,False,2022-09-24,attribution_award_date,none,,,,,,0,0,0,,,,0,False,False,strict,calibrated_strict,1
BOAMP:20-60923,BOAMP,SIREN:451518641,32.0,Telecom & Networks,2020-08-10,48.0,0,52.69,52.69,,,,OUVERT,FOURNITURES,True,2024-08-10,attribution_award_date,none,,,,,,0,0,0,,,,0,False,False,strict,calibrated_strict,1
BOAMP:20-61130,BOAMP,SIREN:214400202,32.0,Telecom & Networks,2020-10-22,12.0,0,50.3,50.3,,,,OUVERT,FOURNITURES,False,2021-10-22,attribution_award_date,none,,,,,,0,0,0,,,,0,False,False,strict,calibrated_strict,1
BOAMP:20-61728,BOAMP,NAME:conseil general de la vendee,72.0,Digital Workplace & Collaboration,2020-10-28,48.0,0,50.1,50.1,,,,OUVERT,SERVICES,False,2024-10-28,attribution_award_date,none,,,,,,0,0,0,,,,0,False,False,strict,calibrated_strict,1
BOAMP:20-62727,BOAMP,SIREN:264400136,72.0,IT Services & Consulting,2020-08-05,12.0,0,52.86,52.86,,,,OUVERT,SERVICES,False,2021-08-05,attribution_award_date,none,,,,,,0,0,0,,,,0,False,False,strict,calibrated_strict,1
BOAMP:20-64610,BOAMP,NAME:cnieg,72.0,IT Services & Consulting,2020-09-21,48.0,0,51.31,51.31,,,,OUVERT,SERVICES,False,2024-09-21,attribution_award_date,none,,,,,,0,0,1,,,,0,False,False,strict,calibrated_strict,1
BOAMP:20-60975,BOAMP,SIREN:254902505,48.0,Software & Applications,2020-05-19,48.0,0,55.42,55.42,,,,PROCEDURE_ADAPTE,FOURNITURES,True,2024-05-19,publication_date,none,,,,,,0,0,0,,,,0,False,False,strict,calibrated_strict,1
BOAMP:20-65753,BOAMP,SIREN:234400034,48.0,Software & Applications,2020-07-22,12.0,0,53.32,53.32,,,,OUVERT,FOURNITURES,False,2021-07-22,attribution_award_date,none,,,,,,0,0,0,,,,0,False,False,strict,calibrated_strict,1
BOAMP:20-65717,BOAMP,SIREN:445400104,72.0,IT Services & Consulting,2020-05-20,48.0,0,55.39,55.39,,,,OUVERT,SERVICES,False,2024-05-20,publication_date,none,,,,,,0,0,0,,,,0,False,False,strict,calibrated_strict,1
BOAMP:20-66643,BOAMP,NAME:nantes metropole,72.0,Cybersecurity,2020-05-22,48.0,0,55.32,55.32,,,,OUVERT,SERVICES,False,2024-05-22,publication_date,none,,,,,,0,0,0,,,,0,False,False,strict,calibrated_strict,1
BOAMP:20-67250,BOAMP,SIREN:174404301,32.0,Telecom & Networks,2020-05-22,48.0,0,55.32,55.32,,,,PROCEDURE_ADAPTE,FOURNITURES,True,2024-05-22,publication_date,none,,,,,,0,0,0,,,,0,False,False,strict,calibrated_strict,1
BOAMP:20-67439,BOAMP,SIREN:284400017,35.0,Cybersecurity,2020-05-25,48.0,0,55.22,55.22,,,,PROCEDURE_ADAPTE,FOURNITURES,True,2024-05-25,publication_date,none,,,,,,0,0,0,,,,0,False,False,strict,calibrated_strict,1
BOAMP:20-68370,BOAMP,NAME:synd dep d energie et d eqpt de vendee,72.0,Data & AI,2020-05-26,48.0,0,55.19,55.19,,,,PROCEDURE_ADAPTE,SERVICES,True,2024-05-26,publication_date,none,,,,,,0,0,0,,,,0,False,False,strict,calibrated_strict,1
BOAMP:20-68352,BOAMP,SIREN:935367433,72.0,IT Maintenance & Support,2020-05-28,12.0,0,55.12,55.12,,,,OUVERT,SERVICES,False,2021-05-28,publication_date,none,,,,,,0,0,0,,,,0,False,False,strict,calibrated_strict,1
BOAMP:20-68923,BOAMP,SIREN:264400136,72.0,IT Services & Consulting,2020-05-29,12.0,0,55.09,55.09,,,,OUVERT,SERVICES,False,2021-05-29,publication_date,none,,,,,,0,0,0,,,,0,False,False,strict,calibrated_strict,1
BOAMP:20-70268,BOAMP,SIREN:214401846,72.0,IT Services & Consulting,2020-09-28,25.0,0,51.08,51.08,,,208000.0,PROCEDURE_ADAPTE,SERVICES,False,2022-10-29,attribution_award_date,none,,,,,,0,0,0,,,,0,False,False,strict,calibrated_strict,1
BOAMP:20-70265,BOAMP,SIREN:228500013,35.0,Cybersecurity,2020-09-19,12.0,0,51.38,51.38,,,,OUVERT,FOURNITURES,False,2021-09-19,attribution_award_date,none,,,,,,0,0,0,,,,0,False,False,strict,calibrated_strict,1
BOAMP:20-70855,BOAMP,SIREN:234400034,32.0,Telecom & Networks,2020-06-02,12.0,0,54.96,54.96,,,,PROCEDURE_ADAPTE,SERVICES,False,2021-06-02,publication_date,none,,,,,,0,0,0,,,,0,False,False,strict,calibrated_strict,1
BOAMP:20-71814,BOAMP,SIREN:828620831,,GIS & Mapping,2020-06-04,48.0,0,54.89,54.89,,,,PROCEDURE_ADAPTE,SERVICES,True,2024-06-04,publication_date,none,,,,,,0,0,0,,,,0,False,False,strict,calibrated_strict,1
BOAMP:20-70746,BOAMP,NAME:le mans,45.0,Unknown,2020-10-15,36.0,0,50.53,50.53,,,,OUVERT,TRAVAUX,False,2023-10-15,attribution_award_date,none,,,,,,0,0,0,,,,0,False,False,strict,calibrated_strict,1
BOAMP:20-71239,BOAMP,NAME:shema,45.0,Telecom & Networks,2020-06-05,18.0,0,54.86,54.86,,,,OUVERT,TRAVAUX,False,2021-12-04,publication_date,none,,,,,,0,0,0,,,,0,False,False,strict,calibrated_strict,1
BOAMP:20-72064,BOAMP,NAME:dir ouest,32.0,Telecom & Networks,2020-06-06,8.0,0,54.83,54.83,,,,OUVERT,FOURNITURES,False,2021-02-04,publication_date,none,,,,,,0,0,0,,,,0,False,False,strict,calibrated_strict,1
BOAMP:20-72791,BOAMP,SIREN:983291931,72.0,IT Services & Consulting,2020-09-21,16.0,1,13.21,,13.21,BOAMP:21-126360,1600000.0,OUVERT,SERVICES,False,2022-01-21,attribution_award_date,calibrated_rule,0.907,1.0,1.0,True,0.535,0,0,0,0.907,0.9007,0.0063,2,False,False,strict,calibrated_strict,0
BOAMP:20-74988,BOAMP,SIREN:214401119,,Data & AI,2020-06-11,48.0,0,54.66,54.66,,,,PROCEDURE_ADAPTE,TRAVAUX,True,2024-06-11,publication_date,none,,,,,,0,0,0,,,,0,False,False,strict,calibrated_strict,1
BOAMP:20-75569,BOAMP,NAME:crous de nantes,72.0,IT Services & Consulting,2020-10-27,12.0,0,50.13,50.13,,,,OUVERT,SERVICES,False,2021-10-27,attribution_award_date,none,,,,,,0,0,0,,,,0,False,False,strict,calibrated_strict,1
BOAMP:20-76288,BOAMP,SIREN:200083392,35.0,Cybersecurity,2020-06-17,48.0,0,54.47,54.47,,,,NEGOCIE,FOURNITURES,False,2024-06-17,publication_date,none,,,,,,0,0,0,,,,0,False,False,strict,calibrated_strict,1
BOAMP:20-78012,BOAMP,NAME:nantes metropole,48.0,Software & Applications,2020-06-18,48.0,0,54.43,54.43,,,,PROCEDURE_ADAPTE,SERVICES,False,2024-06-18,publication_date,none,,,,,,0,0,0,,,,0,False,False,strict,calibrated_strict,1
BOAMP:20-77757,BOAMP,SIREN:213502883,50.0,Unknown,2020-06-19,12.0,0,54.4,54.4,,,,OUVERT,SERVICES,False,2021-06-19,publication_date,none,,,,,,0,0,0,,,,0,False,False,strict,calibrated_strict,1
BOAMP:20-79138,BOAMP,NAME:agce pour l enst fr a l etranger,,Software & Applications,2020-06-19,48.0,0,54.4,54.4,,,120000.0,PROCEDURE_ADAPTE,SERVICES,False,2024-06-19,publication_date,none,,,,,,0,0,0,,,,0,False,False,strict,calibrated_strict,1
BOAMP:20-78639,BOAMP,SIREN:200052702,39.0,Unknown,2020-09-21,6.0,0,51.31,51.31,,,,OUVERT,FOURNITURES,False,2021-03-22,attribution_award_date,none,,,,,,0,0,0,,,,0,False,False,strict,calibrated_strict,1
BOAMP:20-81059,BOAMP,SIREN:200060010,48.0,Software & Applications,2020-06-24,48.0,0,54.24,54.24,,,,PROCEDURE_ADAPTE,FOURNITURES,True,2024-06-24,publication_date,none,,,,,,0,0,0,,,,0,False,False,strict,calibrated_strict,1
BOAMP:20-84141,BOAMP,SIREN:246100663,72.0,IT Services & Consulting,2020-10-30,12.0,0,50.03,50.03,,,300000.0,OUVERT,SERVICES,False,2021-10-30,attribution_award_date,none,,,,,,0,0,0,,,,0,False,False,strict,calibrated_strict,1
BOAMP:20-85580,BOAMP,NAME:communes vie et boulogne,72.0,IT Services & Consulting,2020-07-05,24.0,0,53.88,53.88,,,,OUVERT,SERVICES,False,2022-07-05,publication_date,none,,,,,,0,0,0,,,,0,False,False,strict,calibrated_strict,1
BOAMP:20-91479,BOAMP,SIREN:258500222,72.0,IT Services & Consulting,2021-01-07,24.0,1,24.61,,24.61,BOAMP:23-12403,,NEGOCIE,SERVICES,False,2023-01-07,attribution_award_date,calibrated_rule,0.6559,0.8156,0.0,True,0.8983,0,0,0,0.6559,0.653,0.0029,2,False,False,strict,calibrated_strict,0
BOAMP:20-85492,BOAMP,SIREN:244900015,32.0,Telecom & Networks,2020-12-03,24.0,0,48.92,48.92,,,1000000.0,OUVERT,FOURNITURES,False,2022-12-03,attribution_award_date,none,,,,,,0,0,0,,,,0,False,False,strict,calibrated_strict,1
BOAMP:20-94462,BOAMP,NAME:le mans,48.0,Software & Applications,2020-10-06,12.0,0,50.82,50.82,,,,OUVERT,FOURNITURES,False,2021-10-06,attribution_award_date,none,,,,,,0,0,0,,,,0,False,False,strict,calibrated_strict,1
BOAMP:20-96647,BOAMP,SIREN:214401432,48.0,Software & Applications,2020-11-02,12.0,0,49.93,49.93,,,,OUVERT,FOURNITURES,False,2021-11-02,attribution_award_date,none,,,,,,0,0,0,,,,0,False,False,strict,calibrated_strict,1
BOAMP:20-97584,BOAMP,SIREN:391722881,72.0,IT Services & Consulting,2020-07-31,36.0,0,53.02,53.02,,,,PROCEDURE_ADAPTE,FOURNITURES,False,2023-07-31,publication_date,none,,,,,,0,0,0,,,,0,False,False,strict,calibrated_strict,1
BOAMP:20-98331,BOAMP,SIREN:214401846,79.0,Unknown,2020-08-03,36.0,1,35.94,,35.94,BOAMP:23-110154,210000.0,PROCEDURE_ADAPTE,SERVICES,False,2023-08-03,publication_date,calibrated_rule,0.6552,0.7679,0.0,True,0.99,0,0,0,0.6552,,,1,True,False,strict,calibrated_strict,0
BOAMP:20-98264,BOAMP,NAME:nantes metropole,72.0,IT Services & Consulting,2020-08-05,18.0,0,52.86,52.86,,,,OUVERT,SERVICES,False,2022-02-03,publication_date,none,,,,,,0,0,0,,,,0,False,False,strict,calibrated_strict,1
BOAMP:20-98214,BOAMP,NAME:nantes metropole,72.0,IT Services & Consulting,2020-08-05,18.0,0,52.86,52.86,,,,OUVERT,SERVICES,False,2022-02-03,publication_date,none,,,,,,0,0,0,,,,0,False,False,strict,calibrated_strict,1
BOAMP:20-98937,BOAMP,NAME:cap atlantique,35.0,Cybersecurity,2020-12-30,12.0,0,48.03,48.03,,,200000.0,OUVERT,FOURNITURES,False,2021-12-30,attribution_award_date,none,,,,,,0,0,0,,,,0,False,False,strict,calibrated_strict,1
BOAMP:20-100172,BOAMP,SIREN:246100663,72.0,IT Services & Consulting,2020-08-07,1.0,0,52.79,52.79,,,200000.0,PROCEDURE_ADAPTE,SERVICES,False,2020-09-06,publication_date,none,,,,,,0,0,0,,,,0,False,False,strict,calibrated_strict,1
BOAMP:20-106379,BOAMP,SIREN:194909701,48.0,Software & Applications,2020-08-29,36.0,0,52.07,52.07,,,,OUVERT,FOURNITURES,False,2023-08-29,publication_date,none,,,,,,0,0,0,,,,0,False,False,strict,calibrated_strict,1
BOAMP:20-107792,BOAMP,NAME:com d agglo reg nazairienne estuaire,72.0,IT Services & Consulting,2021-01-07,12.0,0,47.77,47.77,,,,PROCEDURE_ADAPTE,SERVICES,False,2022-01-07,attribution_award_date,none,,,,,,0,0,0,,,,0,False,False,strict,calibrated_strict,1
BOAMP:20-109382,BOAMP,SIREN:214401846,30.0,IT Hardware & Equipment,2020-12-03,12.0,0,48.92,48.92,,,,OUVERT,FOURNITURES,False,2021-12-03,attribution_award_date,none,,,,,,0,0,0,,,,0,False,False,strict,calibrated_strict,1
BOAMP:20-110872,BOAMP,NAME:cte de cnes du pays d ancenis,50.0,Telecom & Networks,2020-09-09,36.0,0,51.71,51.71,,,,PROCEDURE_ADAPTE,SERVICES,False,2023-09-09,publication_date,none,,,,,,0,0,0,,,,0,False,False,strict,calibrated_strict,1
BOAMP:20-110309,BOAMP,SIREN:234400034,72.0,IT Services & Consulting,2021-01-11,6.0,0,47.63,47.63,,,,OUVERT,SERVICES,False,2021-07-12,attribution_award_date,none,,,,,,0,0,0,,,,0,False,False,strict,calibrated_strict,1
BOAMP:20-111698,BOAMP,SIREN:234400034,32.0,Telecom & Networks,2020-12-04,12.0,0,48.88,48.88,,,,OUVERT,FOURNITURES,False,2021-12-04,attribution_award_date,none,,,,,,0,0,0,,,,0,False,False,strict,calibrated_strict,1
BOAMP:20-114032,BOAMP,SIREN:214400269,35.0,Cybersecurity,2020-09-17,12.0,0,51.45,51.45,,,,PROCEDURE_ADAPTE,FOURNITURES,False,2021-09-17,publication_date,none,,,,,,0,0,0,,,,0,False,False,strict,calibrated_strict,1
BOAMP:20-114106,BOAMP,SIREN:194909701,72.0,IT Services & Consulting,2020-09-19,36.0,0,51.38,51.38,,,,OUVERT,SERVICES,False,2023-09-19,publication_date,none,,,,,,0,0,0,,,,0,False,False,strict,calibrated_strict,1
BOAMP:20-114714,BOAMP,SIREN:935367433,72.0,IT Maintenance & Support,2021-02-01,12.0,0,46.94,46.94,,,,OUVERT,SERVICES,False,2022-02-01,attribution_award_date,none,,,,,,0,0,0,,,,0,False,False,strict,calibrated_strict,1
BOAMP:20-115241,BOAMP,NAME:le mans,48.0,Software & Applications,2021-02-08,12.0,0,46.71,46.71,,,,OUVERT,FOURNITURES,False,2022-02-08,attribution_award_date,none,,,,,,0,0,0,,,,0,False,False,strict,calibrated_strict,1
BOAMP:20-117677,BOAMP,SIREN:935367433,30.0,IT Hardware & Equipment,2021-01-19,12.0,0,47.37,47.37,,,,OUVERT,FOURNITURES,False,2022-01-19,attribution_award_date,none,,,,,,0,0,0,,,,0,False,False,strict,calibrated_strict,1
BOAMP:20-118247,BOAMP,SIREN:214401622,72.0,Cybersecurity,2020-12-16,24.0,0,48.49,48.49,,,,OUVERT,SERVICES,False,2022-12-16,attribution_award_date,none,,,,,,0,0,0,,,,0,False,False,strict,calibrated_strict,1
BOAMP:20-119807,BOAMP,SIREN:200071876,,IT Maintenance & Support,2020-10-01,36.0,0,50.99,50.99,,,,PROCEDURE_ADAPTE,FOURNITURES,False,2023-10-01,publication_date,none,,,,,,0,0,0,,,,0,False,False,strict,calibrated_strict,1
BOAMP:20-120399,BOAMP,SIREN:194909701,90.0,Unknown,2021-02-02,36.0,0,46.91,46.91,,,,OUVERT,SERVICES,False,2024-02-02,attribution_award_date,none,,,,,,0,0,0,,,,0,False,False,strict,calibrated_strict,1
BOAMP:20-120545,BOAMP,SIREN:130001704,32.0,Telecom & Networks,2020-12-03,12.0,0,48.92,48.92,,,300000.0,OUVERT,FOURNITURES,False,2021-12-03,attribution_award_date,none,,,,,,0,0,0,,,,0,False,False,strict,calibrated_strict,1
BOAMP:20-124045,BOAMP,SIREN:234400034,72.0,Cybersecurity,2021-02-02,24.0,0,46.91,46.91,,,,OUVERT,SERVICES,False,2023-02-02,attribution_award_date,none,,,,,,0,0,0,,,,0,False,False,strict,calibrated_strict,1
BOAMP:20-125567,BOAMP,SIREN:234400034,48.0,Cloud & Infrastructure,2021-02-26,12.0,0,46.12,46.12,,,,OUVERT,FOURNITURES,False,2022-02-26,attribution_award_date,none,,,,,,0,0,0,,,,0,False,False,strict,calibrated_strict,1
BOAMP:20-133527,BOAMP,SIREN:228500013,72.0,IT Services & Consulting,2021-03-01,24.0,1,21.58,,21.58,BOAMP:22-166698,,OUVERT,SERVICES,False,2023-03-01,attribution_award_date,calibrated_rule,0.7548,0.7137,0.8,True,0.5967,0,0,0,0.7548,,,1,True,False,strict,calibrated_strict,0
BOAMP:20-137453,BOAMP,SIREN:200069474,,Data & AI,2020-11-09,4.0,0,49.7,49.7,,,,PROCEDURE_ADAPTE,FOURNITURES,False,2021-03-10,publication_date,none,,,,,,0,0,0,,,,0,False,False,strict,calibrated_strict,1
BOAMP:20-138135,BOAMP,SIREN:234400034,32.0,Telecom & Networks,2021-02-10,12.0,0,46.65,46.65,,,,OUVERT,FOURNITURES,False,2022-02-10,attribution_award_date,none,,,,,,0,0,0,,,,0,False,False,strict,calibrated_strict,1
BOAMP:20-142134,BOAMP,NAME:nantes metropole,32.0,Telecom & Networks,2020-11-20,5.5,0,49.34,49.34,,,,PROCEDURE_ADAPTE,TRAVAUX,False,2021-05-06,publication_date,none,,,,,,0,0,0,,,,0,False,False,strict,calibrated_strict,1
BOAMP:20-142015,BOAMP,SIREN:234400034,72.0,IT Services & Consulting,2020-11-21,36.0,0,49.31,49.31,,,,OUVERT,SERVICES,False,2023-11-21,publication_date,none,,,,,,0,0,0,,,,0,False,False,strict,calibrated_strict,1
BOAMP:20-143091,BOAMP,SIREN:130029747,38.0,Unknown,2021-04-27,12.0,0,44.15,44.15,,,,OUVERT,FOURNITURES,False,2022-04-27,attribution_award_date,none,,,,,,0,0,0,,,,0,False,False,strict,calibrated_strict,1
BOAMP:20-148013,BOAMP,SIREN:935367433,45.0,Data & AI,2020-12-05,22.0,0,48.85,48.85,,,,OUVERT,TRAVAUX,False,2022-10-05,publication_date,none,,,,,,0,0,0,,,,0,False,False,strict,calibrated_strict,1
BOAMP:20-149977,BOAMP,NAME:cte cnes du pays de chateau de gontier,64.0,Digital Workplace & Collaboration,2020-12-11,24.0,0,48.65,48.65,,,,OUVERT,SERVICES,False,2022-12-11,publication_date,none,,,,,,0,0,0,,,,0,False,False,strict,calibrated_strict,1
BOAMP:20-154115,BOAMP,SIREN:576150270,34.0,Cybersecurity,2021-02-11,3.0,0,46.62,46.62,,,,OUVERT,FOURNITURES,False,2021-05-13,attribution_award_date,none,,,,,,0,0,0,,,,0,False,False,strict,calibrated_strict,1
BOAMP:20-155284,BOAMP,SIREN:234400034,79.0,Unknown,2020-12-20,12.0,0,48.36,48.36,,,,OUVERT,SERVICES,False,2021-12-20,publication_date,none,,,,,,0,0,0,,,,0,False,False,strict,calibrated_strict,1
BOAMP:20-155309,BOAMP,SIREN:228500013,72.0,IT Services & Consulting,2021-03-11,24.0,1,21.25,,21.25,BOAMP:22-166698,,OUVERT,SERVICES,False,2023-03-11,attribution_award_date,calibrated_rule,0.7875,0.8228,0.8,True,0.5417,0,0,0,0.7875,,,1,True,False,strict,calibrated_strict,0
BOAMP:21-11209,BOAMP,SIREN:180043010,72.0,IT Services & Consulting,2021-01-25,5.0,0,47.17,47.17,,,138500.0,PROCEDURE_ADAPTE,SERVICES,False,2021-06-26,publication_date,none,,,,,,0,0,0,,,,0,False,False,strict,calibrated_strict,1
BOAMP:21-12643,BOAMP,NAME:sec gal pour l adm min interieur ouest,45.0,Telecom & Networks,2021-01-27,6.0,0,47.11,47.11,,,,PROCEDURE_ADAPTE,TRAVAUX,False,2021-07-28,publication_date,none,,,,,,0,0,0,,,,0,False,False,strict,calibrated_strict,1
BOAMP:21-16407,BOAMP,NAME:communaute d agglomeration du niortais,72.0,IT Services & Consulting,2021-02-04,12.0,0,46.85,46.85,,,,PROCEDURE_ADAPTE,SERVICES,False,2022-02-04,publication_date,none,,,,,,0,0,0,,,,0,False,False,strict,calibrated_strict,1
BOAMP:21-16505,BOAMP,SIREN:234400034,72.0,Cybersecurity,2021-05-10,12.0,0,43.73,43.73,,,,OUVERT,SERVICES,False,2022-05-10,attribution_award_date,none,,,,,,0,0,0,,,,0,False,False,strict,calibrated_strict,1
BOAMP:21-20759,BOAMP,NAME:arafer,,Cloud & Infrastructure,2021-02-12,24.0,0,46.58,46.58,,,138000.0,PROCEDURE_ADAPTE,SERVICES,False,2023-02-12,publication_date,none,,,,,,0,0,0,,,,0,False,False,strict,calibrated_strict,1
BOAMP:21-19596,BOAMP,NAME:ville d alencon,72.0,IT Services & Consulting,2021-05-19,12.0,0,43.43,43.43,,,240000.0,OUVERT,SERVICES,False,2022-05-19,attribution_award_date,none,,,,,,0,0,0,,,,0,False,False,strict,calibrated_strict,1
BOAMP:21-22700,BOAMP,SIREN:110006012,72.0,IT Services & Consulting,2021-03-12,24.0,0,45.66,45.66,,,,OUVERT,SERVICES,False,2023-03-12,attribution_award_date,none,,,,,,0,0,1,,,,0,False,False,strict,calibrated_strict,1
BOAMP:21-25043,BOAMP,SIREN:214400269,,Data & AI,2021-02-23,6.0,0,46.22,46.22,,,,PROCEDURE_ADAPTE,FOURNITURES,False,2021-08-24,publication_date,none,,,,,,0,0,0,,,,0,False,False,strict,calibrated_strict,1
BOAMP:21-25103,BOAMP,SIREN:200082139,22.0,Cybersecurity,2021-02-25,12.0,0,46.16,46.16,,,180000.0,OUVERT,FOURNITURES,False,2022-02-25,publication_date,none,,,,,,0,0,0,,,,0,False,False,strict,calibrated_strict,1
BOAMP:21-26779,BOAMP,SIREN:234400034,72.0,Cybersecurity,2021-06-14,24.0,0,42.58,42.58,,,,OUVERT,SERVICES,False,2023-06-14,attribution_award_date,none,,,,,,0,0,0,,,,0,False,False,strict,calibrated_strict,1
BOAMP:21-29818,BOAMP,NAME:soc publique reg abe de fontevraud,32.0,Telecom & Networks,2021-05-10,5.0,0,43.73,43.73,,,380000.0,OUVERT,FOURNITURES,False,2021-10-09,attribution_award_date,none,,,,,,0,0,0,,,,0,False,False,strict,calibrated_strict,1
BOAMP:21-30450,BOAMP,NAME:crdc le lieu unique,32.0,Telecom & Networks,2021-03-11,5.0,0,45.7,45.7,,,38000.0,OUVERT,FOURNITURES,False,2021-08-10,publication_date,none,,,,,,0,0,0,,,,0,False,False,strict,calibrated_strict,1
BOAMP:21-32692,BOAMP,NAME:ircec,72.0,IT Maintenance & Support,2021-03-13,12.0,0,45.63,45.63,,,,OUVERT,SERVICES,False,2022-03-13,publication_date,none,,,,,,0,0,0,,,,0,False,False,strict,calibrated_strict,1
BOAMP:21-35939,BOAMP,SIREN:935367433,72.0,IT Services & Consulting,2021-03-19,12.0,0,45.43,45.43,,,,OUVERT,SERVICES,False,2022-03-19,publication_date,none,,,,,,0,0,0,,,,0,False,False,strict,calibrated_strict,1
BOAMP:21-36205,BOAMP,SIREN:935367433,72.0,IT Services & Consulting,2021-03-20,12.0,0,45.4,45.4,,,,OUVERT,SERVICES,False,2022-03-20,publication_date,none,,,,,,0,0,0,,,,0,False,False,strict,calibrated_strict,1
BOAMP:21-37354,BOAMP,NAME:le mans,48.0,Software & Applications,2021-03-21,12.0,0,45.37,45.37,,,,OUVERT,FOURNITURES,False,2022-03-21,publication_date,none,,,,,,0,0,0,,,,0,False,False,strict,calibrated_strict,1
BOAMP:21-39936,BOAMP,SIREN:214401580,32.0,Telecom & Networks,2021-06-24,4.0,0,42.25,42.25,,,,OUVERT,FOURNITURES,False,2021-10-23,attribution_award_date,none,,,,,,0,0,0,,,,0,False,False,strict,calibrated_strict,1
BOAMP:21-46043,BOAMP,SIREN:234400034,72.0,IT Services & Consulting,2021-06-30,12.0,1,12.35,,12.35,BOAMP:22-29878,,OUVERT,SERVICES,False,2022-06-30,attribution_award_date,calibrated_rule,0.6507,0.781,0.0,True,0.9417,0,0,0,0.6507,,,1,True,False,strict,calibrated_strict,0
BOAMP:21-49520,BOAMP,SIREN:200041333,32.0,Telecom & Networks,2021-04-13,36.0,0,44.61,44.61,,,,PROCEDURE_ADAPTE,SERVICES,False,2024-04-12,publication_date,none,,,,,,0,0,0,,,,0,False,False,strict,calibrated_strict,1
BOAMP:21-50713,BOAMP,NAME:le mans,,Software & Applications,2021-04-15,12.0,0,44.55,44.55,,,,PROCEDURE_ADAPTE,FOURNITURES,False,2022-04-15,publication_date,none,,,,,,0,0,0,,,,0,False,False,strict,calibrated_strict,1
BOAMP:21-50004,BOAMP,NAME:comcom estuaire et sillon,72.0,IT Services & Consulting,2021-07-27,36.0,0,41.16,41.16,,,,OUVERT,SERVICES,False,2024-07-26,attribution_award_date,none,,,,,,0,0,0,,,,0,False,False,strict,calibrated_strict,1
BOAMP:21-50635,BOAMP,SIREN:391722881,72.0,IT Services & Consulting,2022-02-21,36.0,0,34.3,34.3,,,,NEGOCIE,SERVICES,False,2025-02-20,attribution_award_date,none,,,,,,0,0,0,,,,0,False,False,strict,calibrated_strict,1
BOAMP:21-51104,BOAMP,SIREN:391722881,72.0,IT Services & Consulting,2022-02-21,12.0,1,9.4,,9.4,BOAMP:22-159813,,NEGOCIE,SERVICES,False,2023-02-21,attribution_award_date,calibrated_rule,0.6645,0.878,0.2,True,0.5667,0,0,0,0.6645,,,1,True,False,strict,calibrated_strict,0
BOAMP:21-51620,BOAMP,SIREN:935367433,72.0,IT Services & Consulting,2021-04-18,12.0,0,44.45,44.45,,,,OUVERT,SERVICES,False,2022-04-18,publication_date,none,,,,,,0,0,0,,,,0,False,False,strict,calibrated_strict,1
BOAMP:21-53976,BOAMP,SIREN:225300011,72.0,IT Services & Consulting,2021-04-22,12.0,0,44.32,44.32,,,,PROCEDURE_ADAPTE,SERVICES,False,2022-04-22,publication_date,none,,,,,,0,0,0,,,,0,False,False,strict,calibrated_strict,1
BOAMP:21-53955,BOAMP,SIREN:130001704,72.0,IT Services & Consulting,2021-04-24,12.0,0,44.25,44.25,,,1000000.0,OUVERT,SERVICES,False,2022-04-24,publication_date,none,,,,,,0,0,0,,,,0,False,False,strict,calibrated_strict,1
BOAMP:21-53968,BOAMP,SIREN:935367433,72.0,IT Services & Consulting,2021-04-24,12.0,0,44.25,44.25,,,,OUVERT,SERVICES,False,2022-04-24,publication_date,none,,,,,,0,0,0,,,,0,False,False,strict,calibrated_strict,1
BOAMP:21-54966,BOAMP,NAME:syndicat mixte gigalis,72.0,IT Services & Consulting,2021-04-25,36.0,0,44.22,44.22,,,,OUVERT,SERVICES,False,2024-04-24,publication_date,none,,,,,,0,0,0,,,,0,False,False,strict,calibrated_strict,1
BOAMP:21-57207,BOAMP,SIREN:234400034,35.0,Cybersecurity,2021-04-30,7.0,0,44.05,44.05,,,,OUVERT,FOURNITURES,False,2021-11-29,publication_date,none,,,,,,0,0,0,,,,0,False,False,strict,calibrated_strict,1
BOAMP:21-60810,BOAMP,SIREN:214400475,32.0,Telecom & Networks,2021-05-05,36.0,0,43.89,43.89,,,,PROCEDURE_ADAPTE,FOURNITURES,False,2024-05-04,publication_date,none,,,,,,0,0,0,,,,0,False,False,strict,calibrated_strict,1
BOAMP:21-57288,BOAMP,SIREN:532458809,45.0,Data & AI,2021-08-31,30.0,0,40.01,40.01,,,,OUVERT,TRAVAUX,False,2024-03-01,attribution_award_date,none,,,,,,0,0,0,,,,0,False,False,strict,calibrated_strict,1
BOAMP:21-62138,BOAMP,SIREN:234400034,35.0,Cybersecurity,2021-05-07,4.0,0,43.82,43.82,,,,PROCEDURE_ADAPTE,FOURNITURES,False,2021-09-05,publication_date,none,,,,,,0,0,0,,,,0,False,False,strict,calibrated_strict,1
BOAMP:21-50135,BOAMP,NAME:cte de communes du pays des herbiers,18.0,Unknown,2021-08-09,12.0,0,40.74,40.74,,,38000.0,OUVERT,FOURNITURES,False,2022-08-09,attribution_award_date,none,,,,,,0,0,0,,,,0,False,False,strict,calibrated_strict,1
BOAMP:21-63730,BOAMP,SIREN:248500589,37.0,Unknown,2021-10-07,36.0,0,38.8,38.8,,,850000.0,OUVERT,FOURNITURES,False,2024-10-06,attribution_award_date,none,,,,,,0,0,0,,,,0,False,False,strict,calibrated_strict,1
BOAMP:21-66086,BOAMP,NAME:regie dept passages d eau de vendee,72.0,IT Services & Consulting,2021-05-17,36.0,0,43.5,43.5,,,,PROCEDURE_ADAPTE,SERVICES,False,2024-05-16,publication_date,none,,,,,,0,0,0,,,,0,False,False,strict,calibrated_strict,1
BOAMP:21-68348,BOAMP,NAME:inra angers nantes,32.0,Telecom & Networks,2021-12-14,12.0,0,36.56,36.56,,,,NEGOCIE,FOURNITURES,False,2022-12-14,attribution_award_date,none,,,,,,0,0,0,,,,0,False,False,strict,calibrated_strict,1
BOAMP:21-67771,BOAMP,SIREN:234400034,48.0,Cloud & Infrastructure,2021-10-08,12.0,0,38.76,38.76,,,,OUVERT,FOURNITURES,False,2022-10-08,attribution_award_date,none,,,,,,0,0,0,,,,0,False,False,strict,calibrated_strict,1
BOAMP:21-69124,BOAMP,SIREN:935367433,35.0,Cybersecurity,2021-05-23,12.0,0,43.3,43.3,,,,OUVERT,FOURNITURES,False,2022-05-23,publication_date,none,,,,,,0,0,0,,,,0,False,False,strict,calibrated_strict,1
BOAMP:21-67894,BOAMP,SIREN:200071678,43.0,Data & AI,2021-12-09,12.0,0,36.73,36.73,,,4500.0,OUVERT,FOURNITURES,False,2022-12-09,attribution_award_date,none,,,,,,0,0,0,,,,0,False,False,strict,calibrated_strict,1
BOAMP:21-76925,BOAMP,SIREN:264400136,72.0,IT Services & Consulting,2021-10-14,12.0,0,38.57,38.57,,,,OUVERT,SERVICES,False,2022-10-14,attribution_award_date,none,,,,,,0,0,0,,,,0,False,False,strict,calibrated_strict,1
BOAMP:21-77546,BOAMP,SIREN:935367433,72.0,IT Maintenance & Support,2021-06-10,12.0,0,42.71,42.71,,,,OUVERT,SERVICES,False,2022-06-10,publication_date,none,,,,,,0,0,0,,,,0,False,False,strict,calibrated_strict,1
BOAMP:21-77933,BOAMP,SIREN:830955068,72.0,Digital Workplace & Collaboration,2021-07-27,12.0,0,41.16,41.16,,,300000.0,OUVERT,SERVICES,False,2022-07-27,attribution_award_date,none,,,,,,0,0,0,,,,0,False,False,strict,calibrated_strict,1
BOAMP:21-78101,BOAMP,SIREN:247200132,39.0,Unknown,2021-11-16,4.0,0,37.48,37.48,,,,OUVERT,FOURNITURES,False,2022-03-17,attribution_award_date,none,,,,,,0,0,0,,,,0,False,False,strict,calibrated_strict,1
BOAMP:21-78393,BOAMP,SIREN:935367433,72.0,IT Services & Consulting,2021-06-11,12.0,0,42.67,42.67,,,,OUVERT,SERVICES,False,2022-06-11,publication_date,none,,,,,,0,0,0,,,,0,False,False,strict,calibrated_strict,1
BOAMP:21-79975,BOAMP,NAME:epsilon centrale d achat informatique,72.0,IT Services & Consulting,2021-06-13,24.0,0,42.61,42.61,,,650000.0,OUVERT,SERVICES,False,2023-06-13,publication_date,none,,,,,,0,0,0,,,,0,False,False,strict,calibrated_strict,1
BOAMP:21-81812,BOAMP,SIREN:200071553,48.0,Cloud & Infrastructure,2021-10-27,12.0,0,38.14,38.14,,,360000.0,OUVERT,FOURNITURES,False,2022-10-27,attribution_award_date,none,,,,,,0,0,0,,,,0,False,False,strict,calibrated_strict,1
BOAMP:21-82605,BOAMP,SIREN:110043015,72.0,IT Services & Consulting,2021-06-18,36.0,0,42.44,42.44,,,5000000.0,OUVERT,SERVICES,False,2024-06-17,publication_date,none,,,,,,0,0,0,,,,0,False,False,strict,calibrated_strict,1
BOAMP:21-82013,BOAMP,SIREN:130025919,72.0,Cybersecurity,2021-06-18,18.0,0,42.44,42.44,,,1750000.0,OUVERT,SERVICES,False,2022-12-17,publication_date,none,,,,,,0,0,0,,,,0,False,False,strict,calibrated_strict,1
BOAMP:21-86124,BOAMP,NAME:sydela,32.0,Telecom & Networks,2021-06-23,24.0,0,42.28,42.28,,,,PROCEDURE_ADAPTE,SERVICES,False,2023-06-23,publication_date,none,,,,,,0,0,0,,,,0,False,False,strict,calibrated_strict,1
BOAMP:21-87993,BOAMP,SIREN:172800013,45.0,Unknown,2021-06-25,8.0,0,42.21,42.21,,,,PROCEDURE_ADAPTE,TRAVAUX,False,2022-02-23,publication_date,none,,,,,,0,0,0,,,,0,False,False,strict,calibrated_strict,1
BOAMP:21-86348,BOAMP,NAME:semitan,72.0,IT Services & Consulting,2021-11-29,24.0,0,37.06,37.06,,,,NEGOCIE,SERVICES,False,2023-11-29,attribution_award_date,none,,,,,,0,0,0,,,,0,False,False,strict,calibrated_strict,1
BOAMP:21-86773,BOAMP,SIREN:234400034,79.0,Unknown,2021-06-26,24.0,0,42.18,42.18,,,,OUVERT,SERVICES,False,2023-06-26,publication_date,none,,,,,,0,0,0,,,,0,False,False,strict,calibrated_strict,1
BOAMP:21-88699,BOAMP,NAME:semitan,72.0,IT Services & Consulting,2022-02-16,36.0,0,34.46,34.46,,,,NEGOCIE,SERVICES,False,2025-02-15,attribution_award_date,none,,,,,,0,0,0,,,,0,False,False,strict,calibrated_strict,1
BOAMP:21-88585,BOAMP,SIREN:922749635,32.0,Telecom & Networks,2021-10-27,12.0,0,38.14,38.14,,,50000.0,OUVERT,FOURNITURES,False,2022-10-27,attribution_award_date,none,,,,,,0,0,0,,,,0,False,False,strict,calibrated_strict,1
BOAMP:21-88617,BOAMP,SIREN:200071876,48.0,Software & Applications,2021-06-30,12.0,0,42.05,42.05,,,,OUVERT,FOURNITURES,False,2022-06-30,publication_date,none,,,,,,0,0,0,,,,0,False,False,strict,calibrated_strict,1
BOAMP:21-89893,BOAMP,NAME:communaute d agglomeration du niortais,72.0,IT Services & Consulting,2021-07-02,24.0,0,41.98,41.98,,,250000.0,OUVERT,SERVICES,False,2023-07-02,publication_date,none,,,,,,0,0,0,,,,0,False,False,strict,calibrated_strict,1
BOAMP:21-91773,BOAMP,SIREN:391722881,72.0,Digital Workplace & Collaboration,2021-07-04,24.0,0,41.92,41.92,,,,NEGOCIE,SERVICES,False,2023-07-04,publication_date,none,,,,,,0,0,1,,,,0,False,False,strict,calibrated_strict,1
BOAMP:21-93999,BOAMP,SIREN:200069474,35.0,Cybersecurity,2021-07-09,12.0,0,41.75,41.75,,,83200.0,OUVERT,FOURNITURES,False,2022-07-09,publication_date,none,,,,,,0,0,0,,,,0,False,False,strict,calibrated_strict,1
BOAMP:21-97121,BOAMP,SIREN:244400438,72.0,Cybersecurity,2021-10-11,24.0,0,38.67,38.67,,,1600000.0,OUVERT,SERVICES,False,2023-10-11,attribution_award_date,none,,,,,,0,0,0,,,,0,False,False,strict,calibrated_strict,1
BOAMP:21-99793,BOAMP,NAME:sgami ouest,32.0,Telecom & Networks,2021-07-16,5.0,0,41.52,41.52,,,,PROCEDURE_ADAPTE,TRAVAUX,False,2021-12-15,publication_date,none,,,,,,0,0,0,,,,0,False,False,strict,calibrated_strict,1
BOAMP:21-101248,BOAMP,SIREN:214401846,48.0,Software & Applications,2021-11-03,12.0,0,37.91,37.91,,,150000.0,OUVERT,FOURNITURES,False,2022-11-03,attribution_award_date,none,,,,,,0,0,0,,,,0,False,False,strict,calibrated_strict,1
BOAMP:21-102565,BOAMP,SIREN:214400202,35.0,Cybersecurity,2021-07-24,7.0,0,41.26,41.26,,,342282.0,OUVERT,FOURNITURES,False,2022-02-22,publication_date,none,,,,,,0,0,0,,,,0,False,False,strict,calibrated_strict,1
BOAMP:21-103746,BOAMP,NAME:ville du mans,,Data & AI,2021-07-26,24.0,0,41.2,41.2,,,120600.0,PROCEDURE_ADAPTE,FOURNITURES,False,2023-07-26,publication_date,none,,,,,,0,0,0,,,,0,False,False,strict,calibrated_strict,1
BOAMP:21-114338,BOAMP,NAME:cc du pays de st fulgent les essarts,72.0,IT Services & Consulting,2021-08-24,18.0,0,40.24,40.24,,,,PROCEDURE_ADAPTE,,False,2023-02-22,publication_date,none,,,,,,0,0,0,,,,0,False,False,strict,calibrated_strict,1
BOAMP:21-118586,BOAMP,NAME:le mans,35.0,Cybersecurity,2021-09-05,12.0,0,39.85,39.85,,,,OUVERT,FOURNITURES,False,2022-09-05,publication_date,none,,,,,,0,0,0,,,,0,False,False,strict,calibrated_strict,1
BOAMP:21-120100,BOAMP,SIREN:215601071,35.0,Cybersecurity,2021-09-10,6.0,0,39.68,39.68,,,,OUVERT,FOURNITURES,False,2022-03-11,publication_date,none,,,,,,0,0,0,,,,0,False,False,strict,calibrated_strict,1
BOAMP:21-125862,BOAMP,NAME:groupement d achats de l herm,15.0,Unknown,2021-09-22,12.0,0,39.29,39.29,,,,OUVERT,FOURNITURES,False,2022-09-22,publication_date,none,,,,,,0,0,0,,,,0,False,False,strict,calibrated_strict,1
BOAMP:21-125536,BOAMP,NAME:crous de nantes,72.0,IT Services & Consulting,2021-09-22,12.0,0,39.29,39.29,,,,OUVERT,SERVICES,False,2022-09-22,publication_date,none,,,,,,0,0,0,,,,0,False,False,strict,calibrated_strict,1
BOAMP:21-125688,BOAMP,SIREN:546650169,72.0,IT Services & Consulting,2021-12-08,12.0,0,36.76,36.76,,,,OUVERT,SERVICES,False,2022-12-08,attribution_award_date,none,,,,,,0,0,0,,,,0,False,False,strict,calibrated_strict,1
BOAMP:21-126360,BOAMP,SIREN:983291931,72.0,IT Services & Consulting,2021-10-28,6.0,0,38.11,38.11,,,,OUVERT,SERVICES,False,2022-04-28,attribution_award_date,none,,,,,,0,0,0,,,,0,False,False,strict,calibrated_strict,1
BOAMP:21-126684,BOAMP,SIREN:234400034,72.0,Cybersecurity,2022-01-10,24.0,0,35.68,35.68,,,,OUVERT,SERVICES,False,2024-01-10,attribution_award_date,none,,,,,,0,0,0,,,,0,False,False,strict,calibrated_strict,1
BOAMP:21-128976,BOAMP,SIREN:327822177,72.0,IT Services & Consulting,2022-02-21,12.0,0,34.3,34.3,,,,NEGOCIE,SERVICES,False,2023-02-21,attribution_award_date,none,,,,,,0,0,0,,,,0,False,False,strict,calibrated_strict,1
BOAMP:21-121431,BOAMP,SIREN:532458809,32.0,Telecom & Networks,2021-09-30,12.0,0,39.03,39.03,,,,PROCEDURE_ADAPTE,FOURNITURES,False,2022-09-30,publication_date,none,,,,,,0,0,0,,,,0,False,False,strict,calibrated_strict,1
BOAMP:21-129937,BOAMP,SIREN:214401093,72.0,IT Services & Consulting,2021-10-01,24.0,0,38.99,38.99,,,214000.0,OUVERT,SERVICES,False,2023-10-01,publication_date,none,,,,,,0,0,0,,,,0,False,False,strict,calibrated_strict,1
BOAMP:21-130956,BOAMP,SIREN:234400034,79.0,Software & Applications,2021-12-22,24.0,0,36.3,36.3,,,,OUVERT,SERVICES,False,2023-12-22,attribution_award_date,none,,,,,,0,0,0,,,,0,False,False,strict,calibrated_strict,1
BOAMP:21-137487,BOAMP,SIREN:546650169,72.0,IT Services & Consulting,2021-12-08,12.0,1,9.59,,9.59,BOAMP:22-93332,,OUVERT,SERVICES,False,2022-12-08,attribution_award_date,calibrated_rule,0.8113,0.7291,1.0,True,0.5983,0,0,0,0.8113,,,1,True,False,strict,calibrated_strict,0
BOAMP:21-137461,BOAMP,NAME:cnes terres de montaigu,45.0,Unknown,2021-10-15,12.0,0,38.53,38.53,,,1600000.0,OUVERT,TRAVAUX,False,2022-10-15,publication_date,none,,,,,,0,0,0,,,,0,False,False,strict,calibrated_strict,1
BOAMP:21-141754,BOAMP,SIREN:200071900,45.0,Software & Applications,2021-10-21,5.0,0,38.34,38.34,,,,PROCEDURE_ADAPTE,TRAVAUX,False,2022-03-22,publication_date,none,,,,,,0,0,0,,,,0,False,False,strict,calibrated_strict,1
BOAMP:21-142218,BOAMP,SIREN:234400034,79.0,Unknown,2022-03-10,12.0,0,33.74,33.74,,,139000.0,OUVERT,SERVICES,False,2023-03-10,attribution_award_date,none,,,,,,0,0,0,,,,0,False,False,strict,calibrated_strict,1
BOAMP:21-142703,BOAMP,NAME:chambre reg agri pays de la loire,72.0,Digital Workplace & Collaboration,2021-10-27,18.0,0,38.14,38.14,,,300000.0,OUVERT,SERVICES,False,2023-04-27,publication_date,none,,,,,,0,0,0,,,,0,False,False,strict,calibrated_strict,1
BOAMP:21-144079,BOAMP,NAME:ecole national sup d arts et metiers,32.0,Telecom & Networks,2021-10-28,24.0,0,38.11,38.11,,,,OUVERT,FOURNITURES,False,2023-10-28,publication_date,none,,,,,,0,0,0,,,,0,False,False,strict,calibrated_strict,1
BOAMP:21-139944,BOAMP,SIREN:200067346,30.0,IT Hardware & Equipment,2022-01-24,24.0,0,35.22,35.22,,,,OUVERT,FOURNITURES,False,2024-01-24,attribution_award_date,none,,,,,,0,0,0,,,,0,False,False,strict,calibrated_strict,1
BOAMP:21-146075,BOAMP,SIREN:214402042,72.0,IT Services & Consulting,2021-10-31,24.0,0,38.01,38.01,,,1200000.0,OUVERT,SERVICES,False,2023-10-31,publication_date,none,,,,,,0,0,0,,,,0,False,False,strict,calibrated_strict,1
BOAMP:21-148591,BOAMP,SIREN:200083392,32.0,Telecom & Networks,2021-11-10,6.0,0,37.68,37.68,,,,OUVERT,FOURNITURES,False,2022-05-11,publication_date,none,,,,,,0,0,0,,,,0,False,False,strict,calibrated_strict,1
BOAMP:21-148611,BOAMP,SIREN:247200132,39.0,Unknown,2022-02-14,4.0,0,34.53,34.53,,,,OUVERT,FOURNITURES,False,2022-06-15,attribution_award_date,none,,,,,,0,0,0,,,,0,False,False,strict,calibrated_strict,1
BOAMP:21-150615,BOAMP,SIREN:832970024,72.0,IT Services & Consulting,2021-11-14,12.0,0,37.55,37.55,,,,OUVERT,SERVICES,False,2022-11-14,publication_date,none,,,,,,0,0,0,,,,0,False,False,strict,calibrated_strict,1
BOAMP:21-152470,BOAMP,SIREN:214401093,32.0,Telecom & Networks,2021-11-17,24.0,0,37.45,37.45,,,,PROCEDURE_ADAPTE,FOURNITURES,False,2023-11-17,publication_date,none,,,,,,0,0,0,,,,0,False,False,strict,calibrated_strict,1
BOAMP:21-151331,BOAMP,SIREN:831928452,72.0,Digital Workplace & Collaboration,2021-11-17,12.0,0,37.45,37.45,,,180000.0,OUVERT,SERVICES,False,2022-11-17,publication_date,none,,,,,,0,0,0,,,,0,False,False,strict,calibrated_strict,1
BOAMP:21-153244,BOAMP,SIREN:180043010,30.0,IT Hardware & Equipment,2021-11-20,24.0,0,37.35,37.35,,,,OUVERT,FOURNITURES,False,2023-11-20,publication_date,none,,,,,,0,0,0,,,,0,False,False,strict,calibrated_strict,1
BOAMP:21-155430,BOAMP,NAME:gpm de nantes st nazaire,48.0,Software & Applications,2021-11-26,8.0,0,37.16,37.16,,,460000.0,NEGOCIE,FOURNITURES,False,2022-07-27,publication_date,none,,,,,,0,0,0,,,,0,False,False,strict,calibrated_strict,1
BOAMP:21-161507,BOAMP,NAME:sydela,32.0,Telecom & Networks,2022-01-27,24.0,0,35.12,35.12,,,,PROCEDURE_ADAPTE,,False,2024-01-27,attribution_award_date,none,,,,,,0,0,0,,,,0,False,False,strict,calibrated_strict,1
BOAMP:21-159075,BOAMP,SIREN:535164412,45.0,Unknown,2022-06-07,24.0,0,30.81,30.81,,,,RESTREINT,TRAVAUX,False,2024-06-06,attribution_award_date,none,,,,,,0,0,0,,,,0,False,False,strict,calibrated_strict,1
BOAMP:21-161904,BOAMP,NAME:cd 44,72.0,IT Maintenance & Support,2022-03-09,12.0,1,11.5,,11.5,BOAMP:22-90329,,OUVERT,SERVICES,False,2023-03-09,attribution_award_date,calibrated_rule,0.9043,0.8023,1.0,True,0.9167,0,0,0,0.9043,,,1,True,False,strict,calibrated_strict,0
BOAMP:21-170353,BOAMP,NAME:le mans,48.0,Software & Applications,2022-06-02,12.0,0,30.98,30.98,,,537500.0,OUVERT,FOURNITURES,False,2023-06-02,attribution_award_date,none,,,,,,0,0,0,,,,0,False,False,strict,calibrated_strict,1
BOAMP:22-7823,BOAMP,SIREN:381053768,32.0,Telecom & Networks,2022-05-03,24.0,0,31.96,31.96,,,400000.0,OUVERT,FOURNITURES,False,2024-05-02,attribution_award_date,none,,,,,,0,0,0,,,,0,False,False,strict,calibrated_strict,1
BOAMP:22-13142,BOAMP,SIREN:234400034,72.0,IT Services & Consulting,2022-07-11,12.0,0,29.7,29.7,,,,OUVERT,SERVICES,False,2023-07-11,attribution_award_date,none,,,,,,0,0,0,,,,0,False,False,strict,calibrated_strict,1
BOAMP:22-15926,BOAMP,NAME:la garnache,32.0,Telecom & Networks,2022-01-31,3.0,0,34.99,34.99,,,,OUVERT,FOURNITURES,False,2022-05-02,publication_date,none,,,,,,0,0,0,,,,0,False,False,strict,calibrated_strict,1
BOAMP:22-12758,BOAMP,SIREN:532458809,35.0,Cybersecurity,2022-06-17,12.0,1,13.04,,13.04,BOAMP:23-47137,200000.0,OUVERT,FOURNITURES,False,2023-06-17,attribution_award_date,calibrated_rule,0.6793,0.7849,0.2,True,0.8267,0,0,0,0.6793,,,1,True,False,strict,calibrated_strict,0
BOAMP:22-15069,BOAMP,SIREN:244900015,32.0,Telecom & Networks,2022-05-13,12.0,0,31.64,31.64,,,800000.0,OUVERT,FOURNITURES,False,2023-05-13,attribution_award_date,none,,,,,,0,0,0,,,,0,False,False,strict,calibrated_strict,1
BOAMP:22-19299,BOAMP,SIREN:214400202,48.0,Cloud & Infrastructure,2022-07-08,24.0,0,29.8,29.8,,,1040000.0,NEGOCIE,FOURNITURES,False,2024-07-07,attribution_award_date,none,,,,,,0,0,0,,,,0,False,False,strict,calibrated_strict,1
BOAMP:22-21573,BOAMP,NAME:nantes metropole,72.0,GIS & Mapping,2022-02-10,8.0,0,34.66,34.66,,,,OUVERT,SERVICES,False,2022-10-11,publication_date,none,,,,,,0,0,0,,,,0,False,False,strict,calibrated_strict,1
BOAMP:22-24571,BOAMP,SIREN:233500016,72.0,IT Services & Consulting,2022-02-16,24.0,0,34.46,34.46,,,45000.0,OUVERT,SERVICES,False,2024-02-16,publication_date,none,,,,,,0,0,0,,,,0,False,False,strict,calibrated_strict,1
BOAMP:22-25102,BOAMP,SIREN:234400034,48.0,Software & Applications,2022-02-19,12.0,0,34.36,34.36,,,,OUVERT,FOURNITURES,False,2023-02-19,publication_date,none,,,,,,0,0,0,,,,0,False,False,strict,calibrated_strict,1
BOAMP:22-24902,BOAMP,SIREN:244900015,48.0,Cloud & Infrastructure,2022-02-21,7.0,0,34.3,34.3,,,,RESTREINT,TRAVAUX,False,2022-09-22,publication_date,none,,,,,,0,0,0,,,,0,False,False,strict,calibrated_strict,1
BOAMP:22-28144,BOAMP,SIREN:546650169,72.0,IT Services & Consulting,2022-02-23,12.0,0,34.23,34.23,,,,OUVERT,SERVICES,False,2023-02-23,publication_date,none,,,,,,0,0,0,,,,0,False,False,strict,calibrated_strict,1
BOAMP:22-28887,BOAMP,NAME:soc publique reg abe de fontevraud,32.0,Telecom & Networks,2022-04-22,4.0,0,32.33,32.33,,,,OUVERT,FOURNITURES,False,2022-08-21,attribution_award_date,none,,,,,,0,0,0,,,,0,False,False,strict,calibrated_strict,1
BOAMP:22-30678,BOAMP,SIREN:225300011,72.0,Data & AI,2022-03-01,12.0,0,34.03,34.03,,,,OUVERT,SERVICES,False,2023-03-01,publication_date,none,,,,,,0,0,0,,,,0,False,False,strict,calibrated_strict,1
BOAMP:22-29878,BOAMP,SIREN:234400034,48.0,Software & Applications,2022-07-11,12.0,0,29.7,29.7,,,,OUVERT,FOURNITURES,False,2023-07-11,attribution_award_date,none,,,,,,0,0,0,,,,0,False,False,strict,calibrated_strict,1
BOAMP:22-32770,BOAMP,SIREN:234400034,48.0,Software & Applications,2022-03-05,12.0,0,33.9,33.9,,,,OUVERT,FOURNITURES,False,2023-03-05,publication_date,none,,,,,,0,0,0,,,,0,False,False,strict,calibrated_strict,1
BOAMP:22-35887,BOAMP,SIREN:200067635,45.0,Telecom & Networks,2022-06-21,12.0,0,30.35,30.35,,,,OUVERT,TRAVAUX,False,2023-06-21,attribution_award_date,none,,,,,,0,0,1,,,,0,False,False,strict,calibrated_strict,1
BOAMP:22-37294,BOAMP,SIREN:100492784,32.0,Telecom & Networks,2022-03-16,24.0,0,33.54,33.54,,,46000.0,OUVERT,FOURNITURES,False,2024-03-15,publication_date,none,,,,,,0,0,0,,,,0,False,False,strict,calibrated_strict,1
BOAMP:22-39342,BOAMP,SIREN:100492784,72.0,IT Services & Consulting,2022-03-16,24.0,0,33.54,33.54,,,4700.0,OUVERT,SERVICES,False,2024-03-15,publication_date,none,,,,,,0,0,0,,,,0,False,False,strict,calibrated_strict,1
BOAMP:22-38732,BOAMP,NAME:crous de nantes,72.0,IT Services & Consulting,2022-05-20,12.0,0,31.41,31.41,,,,OUVERT,SERVICES,False,2023-05-20,attribution_award_date,none,,,,,,0,0,0,,,,0,False,False,strict,calibrated_strict,1
BOAMP:22-39639,BOAMP,SIREN:225300011,72.0,Digital Workplace & Collaboration,2022-03-17,12.0,0,33.51,33.51,,,,OUVERT,SERVICES,False,2023-03-17,publication_date,none,,,,,,0,0,0,,,,0,False,False,strict,calibrated_strict,1
BOAMP:22-38397,BOAMP,SIREN:130023435,72.0,IT Services & Consulting,2022-03-17,12.0,0,33.51,33.51,,,,OUVERT,SERVICES,False,2023-03-17,publication_date,none,,,,,,0,0,0,,,,0,False,False,strict,calibrated_strict,1
BOAMP:22-39212,BOAMP,NAME:nantes metropole,72.0,IT Services & Consulting,2022-03-18,24.0,0,33.48,33.48,,,590000.0,OUVERT,SERVICES,False,2024-03-17,publication_date,none,,,,,,0,0,0,,,,0,False,False,strict,calibrated_strict,1
BOAMP:22-41063,BOAMP,SIREN:213500515,18.0,Unknown,2022-06-17,12.0,0,30.49,30.49,,,,OUVERT,FOURNITURES,False,2023-06-17,attribution_award_date,none,,,,,,0,0,0,,,,0,False,False,strict,calibrated_strict,1
BOAMP:22-41300,BOAMP,SIREN:535104756,72.0,IT Services & Consulting,2022-06-06,24.0,0,30.85,30.85,,,180000.0,OUVERT,SERVICES,False,2024-06-05,attribution_award_date,none,,,,,,0,0,0,,,,0,False,False,strict,calibrated_strict,1
BOAMP:22-51860,BOAMP,SIREN:228500013,72.0,IT Services & Consulting,2022-08-12,12.0,0,28.65,28.65,,,,OUVERT,SERVICES,False,2023-08-12,attribution_award_date,none,,,,,,0,0,0,,,,0,False,False,strict,calibrated_strict,1
BOAMP:22-52158,BOAMP,NAME:cd 44,72.0,IT Services & Consulting,2022-04-11,19.0,0,32.69,32.69,,,,OUVERT,SERVICES,False,2023-11-10,publication_date,none,,,,,,0,0,0,,,,0,False,False,strict,calibrated_strict,1
BOAMP:22-55032,BOAMP,NAME:cd 44,72.0,IT Services & Consulting,2022-04-17,12.0,0,32.49,32.49,,,,OUVERT,SERVICES,False,2023-04-17,publication_date,none,,,,,,0,0,0,,,,0,False,False,strict,calibrated_strict,1
BOAMP:22-58525,BOAMP,NAME:communes de nozay,72.0,IT Services & Consulting,2022-09-09,18.0,0,27.73,27.73,,,14650.0,OUVERT,SERVICES,False,2024-03-09,attribution_award_date,none,,,,,,0,0,0,,,,0,False,False,strict,calibrated_strict,1
BOAMP:22-61807,BOAMP,NAME:cd 44,72.0,IT Services & Consulting,2022-04-29,12.0,0,32.1,32.1,,,,OUVERT,SERVICES,False,2023-04-29,publication_date,none,,,,,,0,0,0,,,,0,False,False,strict,calibrated_strict,1
BOAMP:22-64560,BOAMP,NAME:insee,72.0,Cybersecurity,2022-08-16,12.0,0,28.52,28.52,,,300000.0,OUVERT,SERVICES,False,2023-08-16,attribution_award_date,none,,,,,,0,0,0,,,,0,False,False,strict,calibrated_strict,1
BOAMP:22-66076,BOAMP,NAME:le mans,32.0,Telecom & Networks,2022-05-11,12.0,0,31.7,31.7,,,600000.0,OUVERT,FOURNITURES,False,2023-05-11,publication_date,none,,,,,,0,0,0,,,,0,False,False,strict,calibrated_strict,1
BOAMP:22-69952,BOAMP,SIREN:234400034,72.0,IT Services & Consulting,2022-05-16,24.0,0,31.54,31.54,,,,OUVERT,SERVICES,False,2024-05-15,publication_date,none,,,,,,0,0,0,,,,0,False,False,strict,calibrated_strict,1
BOAMP:22-69458,BOAMP,NAME:le mans,32.0,Telecom & Networks,2022-10-19,12.0,0,26.41,26.41,,,600000.0,OUVERT,FOURNITURES,False,2023-10-19,attribution_award_date,none,,,,,,0,0,0,,,,0,False,False,strict,calibrated_strict,1
BOAMP:22-72719,BOAMP,SIREN:532458809,35.0,Cybersecurity,2022-08-04,12.0,1,11.47,,11.47,BOAMP:23-47137,100000.0,OUVERT,FOURNITURES,False,2023-08-04,attribution_award_date,calibrated_rule,0.7444,0.9052,0.2,True,0.9117,0,0,0,0.7444,,,1,True,False,strict,calibrated_strict,0
BOAMP:22-73696,BOAMP,NAME:ville du mans,18.0,Telecom & Networks,2022-08-16,12.0,0,28.52,28.52,,,,OUVERT,FOURNITURES,False,2023-08-16,attribution_award_date,none,,,,,,0,0,0,,,,0,False,False,strict,calibrated_strict,1
BOAMP:22-78731,BOAMP,SIREN:214400558,18.0,Unknown,2022-06-05,12.0,0,30.88,30.88,,,100000.0,OUVERT,FOURNITURES,False,2023-06-05,publication_date,none,,,,,,0,0,0,,,,0,False,False,strict,calibrated_strict,1
BOAMP:22-83444,BOAMP,SIREN:381053768,48.0,Software & Applications,2022-10-21,24.0,0,26.35,26.35,,,350000.0,OUVERT,FOURNITURES,False,2024-10-20,attribution_award_date,none,,,,,,0,0,0,,,,0,False,False,strict,calibrated_strict,1
BOAMP:22-87982,BOAMP,SIREN:264400136,72.0,IT Services & Consulting,2022-06-23,12.0,0,30.29,30.29,,,,OUVERT,FOURNITURES,False,2023-06-23,publication_date,none,,,,,,0,0,0,,,,0,False,False,strict,calibrated_strict,1
BOAMP:22-90330,BOAMP,SIREN:860800077,72.0,IT Maintenance & Support,2022-06-30,12.0,0,30.06,30.06,,,,OUVERT,SERVICES,False,2023-06-30,publication_date,none,,,,,,0,0,0,,,,0,False,False,strict,calibrated_strict,1
BOAMP:22-90329,BOAMP,NAME:cd 44,72.0,IT Maintenance & Support,2023-02-22,12.0,0,22.27,22.27,,,,NEGOCIE,SERVICES,False,2024-02-22,attribution_award_date,none,,,,,,0,0,1,,,,0,False,False,strict,calibrated_strict,1
BOAMP:22-93332,BOAMP,SIREN:546650169,72.0,IT Services & Consulting,2022-09-26,12.0,0,27.17,27.17,,,,OUVERT,SERVICES,False,2023-09-26,attribution_award_date,none,,,,,,0,0,0,,,,0,False,False,strict,calibrated_strict,1
BOAMP:22-94809,BOAMP,NAME:com d agglo reg nazairienne estuaire,48.0,Software & Applications,2022-12-06,6.0,0,24.84,24.84,,,,OUVERT,FOURNITURES,False,2023-06-06,attribution_award_date,none,,,,,,0,0,0,,,,0,False,False,strict,calibrated_strict,1
BOAMP:22-95015,BOAMP,SIREN:234400034,32.0,Telecom & Networks,2022-07-09,12.0,0,29.76,29.76,,,,OUVERT,FOURNITURES,False,2023-07-09,publication_date,none,,,,,,0,0,0,,,,0,False,False,strict,calibrated_strict,1
BOAMP:22-95969,BOAMP,SIREN:194909701,32.0,Telecom & Networks,2022-07-10,6.0,0,29.73,29.73,,,,OUVERT,FOURNITURES,False,2023-01-08,publication_date,none,,,,,,0,0,0,,,,0,False,False,strict,calibrated_strict,1
BOAMP:22-99915,BOAMP,NAME:ctre hosp universitaire angers,45.0,Cloud & Infrastructure,2023-01-01,12.0,0,23.98,23.98,,,,OUVERT,TRAVAUX,False,2024-01-01,attribution_award_date,none,,,,,,0,0,0,,,,0,False,False,strict,calibrated_strict,1
BOAMP:22-101575,BOAMP,SIREN:184503019,72.0,Data & AI,2022-07-20,18.0,0,29.4,29.4,,,,OUVERT,SERVICES,False,2024-01-18,publication_date,none,,,,,,0,0,0,,,,0,False,False,strict,calibrated_strict,1
BOAMP:22-102191,BOAMP,NAME:rectorat division scus,32.0,Telecom & Networks,2022-07-24,1.0,0,29.27,29.27,,,,OUVERT,FOURNITURES,False,2022-08-23,publication_date,none,,,,,,0,0,0,,,,0,False,False,strict,calibrated_strict,1
BOAMP:22-102718,BOAMP,SIREN:200078079,72.0,IT Services & Consulting,2022-11-28,12.0,0,25.1,25.1,,,,OUVERT,SERVICES,False,2023-11-28,attribution_award_date,none,,,,,,0,0,0,,,,0,False,False,strict,calibrated_strict,1
BOAMP:22-105384,BOAMP,SIREN:247200132,39.0,Unknown,2023-02-03,20.0,0,22.9,22.9,,,,OUVERT,FOURNITURES,False,2024-10-03,attribution_award_date,none,,,,,,0,0,0,,,,0,False,False,strict,calibrated_strict,1
BOAMP:22-112462,BOAMP,NAME:semitan,72.0,IT Services & Consulting,2022-08-17,3.0,0,28.48,28.48,,,,OUVERT,SERVICES,False,2022-11-16,publication_date,none,,,,,,0,0,0,,,,0,False,False,strict,calibrated_strict,1
BOAMP:22-118541,BOAMP,NAME:dgac dsna,72.0,IT Services & Consulting,2022-09-02,12.0,0,27.96,27.96,,,,OUVERT,SERVICES,False,2023-09-02,publication_date,none,,,,,,0,0,0,,,,0,False,False,strict,calibrated_strict,1
BOAMP:22-120791,BOAMP,SIREN:244900015,32.0,Telecom & Networks,2022-09-11,12.0,0,27.66,27.66,,,300000.0,OUVERT,FOURNITURES,False,2023-09-11,publication_date,none,,,,,,0,0,0,,,,0,False,False,strict,calibrated_strict,1
BOAMP:22-123056,BOAMP,NAME:de loire atlanti,72.0,IT Services & Consulting,2023-02-09,12.0,0,22.7,22.7,,,1000000.0,OUVERT,SERVICES,False,2024-02-09,attribution_award_date,none,,,,,,0,0,0,,,,0,False,False,strict,calibrated_strict,1
BOAMP:22-126881,BOAMP,NAME:de loire atlanti,32.0,Telecom & Networks,2022-09-21,12.0,0,27.33,27.33,,,,OUVERT,FOURNITURES,False,2023-09-21,publication_date,none,,,,,,0,0,0,,,,0,False,False,strict,calibrated_strict,1
BOAMP:22-128177,BOAMP,SIREN:451518641,72.0,IT Services & Consulting,2022-12-13,12.0,0,24.61,24.61,,,,OUVERT,SERVICES,False,2023-12-13,attribution_award_date,none,,,,,,0,0,0,,,,0,False,False,strict,calibrated_strict,1
BOAMP:22-134715,BOAMP,NAME:de loire atlanti,48.0,Software & Applications,2022-10-07,12.0,0,26.81,26.81,,,,OUVERT,FOURNITURES,False,2023-10-07,publication_date,none,,,,,,0,0,0,,,,0,False,False,strict,calibrated_strict,1
BOAMP:22-141252,BOAMP,SIREN:180043010,72.0,Digital Workplace & Collaboration,2022-10-20,12.0,0,26.38,26.38,,,,OUVERT,SERVICES,False,2023-10-20,publication_date,none,,,,,,0,0,0,,,,0,False,False,strict,calibrated_strict,1
BOAMP:22-141594,BOAMP,SIREN:244900015,72.0,IT Services & Consulting,2022-10-21,12.0,0,26.35,26.35,,,,OUVERT,SERVICES,False,2023-10-21,publication_date,none,,,,,,0,0,0,,,,0,False,False,strict,calibrated_strict,1
BOAMP:22-144511,BOAMP,NAME:ubs,38.0,Unknown,2022-10-28,6.0,0,26.12,26.12,,,,OUVERT,FOURNITURES,False,2023-04-28,publication_date,none,,,,,,0,0,0,,,,0,False,False,strict,calibrated_strict,1
BOAMP:22-148365,BOAMP,NAME:le mans,50.0,Unknown,2023-06-02,12.0,0,18.99,18.99,,,264000.0,OUVERT,SERVICES,False,2024-06-01,attribution_award_date,none,,,,,,0,0,0,,,,0,False,False,strict,calibrated_strict,1
BOAMP:22-150567,BOAMP,NAME:geves,35.0,Cybersecurity,2022-11-12,12.0,0,25.62,25.62,,,160000.0,OUVERT,FOURNITURES,False,2023-11-12,publication_date,none,,,,,,0,0,0,,,,0,False,False,strict,calibrated_strict,1
BOAMP:22-153148,BOAMP,SIREN:234400034,72.0,IT Services & Consulting,2022-11-19,5.0,0,25.39,25.39,,,,OUVERT,SERVICES,False,2023-04-20,publication_date,none,,,,,,0,0,0,,,,0,False,False,strict,calibrated_strict,1
BOAMP:22-162609,BOAMP,SIREN:244900015,48.0,Software & Applications,2022-12-09,12.0,0,24.74,24.74,,,,OUVERT,FOURNITURES,False,2023-12-09,publication_date,none,,,,,,0,0,0,,,,0,False,False,strict,calibrated_strict,1
BOAMP:22-162095,BOAMP,SIREN:225300011,72.0,IT Services & Consulting,2022-12-09,12.0,0,24.74,24.74,,,,OUVERT,SERVICES,False,2023-12-09,publication_date,none,,,,,,0,0,0,,,,0,False,False,strict,calibrated_strict,1
BOAMP:22-165707,BOAMP,NAME:le mans,72.0,Cybersecurity,2022-12-15,12.0,0,24.54,24.54,,,,OUVERT,SERVICES,False,2023-12-15,publication_date,none,,,,,,0,0,0,,,,0,False,False,strict,calibrated_strict,1
BOAMP:22-166133,BOAMP,NAME:gie des epl de vendee,48.0,Software & Applications,2022-12-18,12.0,0,24.44,24.44,,,,OUVERT,FOURNITURES,False,2023-12-18,publication_date,none,,,,,,0,0,0,,,,0,False,False,strict,calibrated_strict,1
BOAMP:22-166149,BOAMP,NAME:gie des epl de vendee,48.0,Software & Applications,2023-02-20,2.0,0,22.34,22.34,,,,OUVERT,FOURNITURES,False,2023-04-21,attribution_award_date,none,,,,,,0,0,0,,,,0,False,False,strict,calibrated_strict,1
BOAMP:22-169110,BOAMP,NAME:shema,45.0,Data & AI,2023-03-20,16.0,0,21.42,21.42,,,38000.0,OUVERT,TRAVAUX,False,2024-07-19,attribution_award_date,none,,,,,,0,0,0,,,,0,False,False,strict,calibrated_strict,1
BOAMP:23-2072,BOAMP,SIREN:214400202,72.0,Digital Workplace & Collaboration,2023-04-19,12.0,0,20.43,20.43,,,540000.0,OUVERT,SERVICES,False,2024-04-18,attribution_award_date,none,,,,,,0,0,0,,,,0,False,False,strict,calibrated_strict,1
BOAMP:23-12742,BOAMP,NAME:ubs,43.0,Unknown,2023-01-28,4.0,0,23.09,23.09,,,15000.0,OUVERT,FOURNITURES,False,2023-05-29,publication_date,none,,,,,,0,0,0,,,,0,False,False,strict,calibrated_strict,1
BOAMP:23-12419,BOAMP,SIREN:234400034,72.0,Digital Workplace & Collaboration,2023-05-31,12.0,0,19.05,19.05,,,,OUVERT,SERVICES,False,2024-05-30,attribution_award_date,none,,,,,,0,0,0,,,,0,False,False,strict,calibrated_strict,1
BOAMP:23-20260,BOAMP,SIREN:234400034,72.0,IT Services & Consulting,2023-02-12,12.0,0,22.6,22.6,,,,OUVERT,SERVICES,False,2024-02-12,publication_date,none,,,,,,0,0,0,,,,0,False,False,strict,calibrated_strict,1
BOAMP:23-22379,BOAMP,NAME:ctre hosp universitaire angers,32.0,Telecom & Networks,2023-04-21,12.0,0,20.37,20.37,,,,OUVERT,FOURNITURES,False,2024-04-20,attribution_award_date,none,,,,,,0,0,0,,,,0,False,False,strict,calibrated_strict,1
BOAMP:23-24020,BOAMP,SIREN:214900995,35.0,Cybersecurity,2023-05-11,12.0,0,19.71,19.71,,,,OUVERT,FOURNITURES,False,2024-05-10,attribution_award_date,none,,,,,,0,0,0,,,,0,False,False,strict,calibrated_strict,1
BOAMP:23-30054,BOAMP,SIREN:224900019,35.0,Cybersecurity,2023-03-07,3.0,0,21.85,21.85,,,,OUVERT,TRAVAUX,False,2023-06-06,publication_date,none,,,,,,0,0,0,,,,0,False,False,strict,calibrated_strict,1
BOAMP:23-31948,BOAMP,NAME:soc publique reg abe de fontevraud,32.0,Telecom & Networks,2023-03-11,4.0,0,21.71,21.71,,,,OUVERT,FOURNITURES,False,2023-07-10,publication_date,none,,,,,,0,0,0,,,,0,False,False,strict,calibrated_strict,1
BOAMP:23-41937,BOAMP,SIREN:451518641,72.0,IT Services & Consulting,2023-06-27,12.0,0,18.17,18.17,,,400000.0,OUVERT,SERVICES,False,2024-06-26,attribution_award_date,none,,,,,,0,0,0,,,,0,False,False,strict,calibrated_strict,1
BOAMP:23-42778,BOAMP,SIREN:264400136,72.0,Digital Workplace & Collaboration,2023-04-01,12.0,0,21.02,21.02,,,,NEGOCIE,SERVICES,False,2024-03-31,publication_date,none,,,,,,0,0,0,,,,0,False,False,strict,calibrated_strict,1
BOAMP:23-47137,BOAMP,SIREN:532458809,35.0,Cybersecurity,2023-07-19,12.0,0,17.44,17.44,,,70000.0,OUVERT,FOURNITURES,False,2024-07-18,attribution_award_date,none,,,,,,0,0,0,,,,0,False,False,strict,calibrated_strict,1
BOAMP:23-48831,BOAMP,SIREN:214401093,32.0,Telecom & Networks,2023-04-12,6.0,0,20.66,20.66,,,,OUVERT,SERVICES,False,2023-10-11,publication_date,none,,,,,,0,0,0,,,,0,False,False,strict,calibrated_strict,1
BOAMP:23-53540,BOAMP,SIREN:218502888,30.0,IT Hardware & Equipment,2023-04-21,12.0,0,20.37,20.37,,,,OUVERT,FOURNITURES,False,2024-04-20,publication_date,none,,,,,,0,0,0,,,,0,False,False,strict,calibrated_strict,1
BOAMP:23-56091,BOAMP,NAME:ubs,32.0,Telecom & Networks,2023-04-26,4.0,0,20.2,20.2,,,150000.0,OUVERT,FOURNITURES,False,2023-08-25,publication_date,none,,,,,,0,0,0,,,,0,False,False,strict,calibrated_strict,1
BOAMP:23-61350,BOAMP,SIREN:834692402,45.0,Unknown,2023-12-19,13.0,0,12.42,12.42,,,,OUVERT,TRAVAUX,False,2025-01-17,attribution_award_date,none,,,,,,0,0,0,,,,0,False,False,strict,calibrated_strict,1
BOAMP:23-68037,BOAMP,NAME:cap atlantique,30.0,IT Hardware & Equipment,2023-07-21,12.0,0,17.38,17.38,,,214000.0,OUVERT,FOURNITURES,False,2024-07-20,attribution_award_date,none,,,,,,0,0,0,,,,0,False,False,strict,calibrated_strict,1
BOAMP:23-86585,BOAMP,SIREN:200071900,32.0,Telecom & Networks,2023-06-22,12.0,0,18.33,18.33,,,,OUVERT,SERVICES,False,2024-06-21,publication_date,none,,,,,,0,0,0,,,,0,False,False,strict,calibrated_strict,1
BOAMP:23-85344,BOAMP,SIREN:130026123,32.0,Telecom & Networks,2023-06-23,12.0,0,18.3,18.3,,,1200000.0,OUVERT,FOURNITURES,False,2024-06-22,publication_date,none,,,,,,0,0,0,,,,0,False,False,strict,calibrated_strict,1
BOAMP:23-85790,BOAMP,SIREN:130026123,32.0,Telecom & Networks,2023-06-23,12.0,0,18.3,18.3,,,1200000.0,OUVERT,FOURNITURES,False,2024-06-22,publication_date,none,,,,,,0,0,0,,,,0,False,False,strict,calibrated_strict,1
BOAMP:23-86121,BOAMP,SIREN:228500013,39.0,Cybersecurity,2023-11-28,12.0,0,13.11,13.11,,,75000.0,OUVERT,FOURNITURES,False,2024-11-27,attribution_award_date,none,,,,,,0,0,0,,,,0,False,False,strict,calibrated_strict,1
BOAMP:23-92003,BOAMP,SIREN:830955068,72.0,IT Services & Consulting,2023-09-11,12.0,0,15.67,15.67,,,400000.0,OUVERT,SERVICES,False,2024-09-10,attribution_award_date,none,,,,,,0,0,0,,,,0,False,False,strict,calibrated_strict,1
BOAMP:23-98097,BOAMP,SIREN:200071900,48.0,Software & Applications,2023-07-11,3.0,0,17.71,17.71,,,,OUVERT,SERVICES,False,2023-10-10,publication_date,none,,,,,,0,0,0,,,,0,False,False,strict,calibrated_strict,1
BOAMP:23-131022,BOAMP,SIREN:174404301,48.0,Software & Applications,2023-09-20,7.0,0,15.37,15.37,,,,OUVERT,TRAVAUX,False,2024-04-20,publication_date,none,,,,,,0,0,0,,,,0,False,False,strict,calibrated_strict,1
BOAMP:23-108932,BOAMP,SIREN:555650308,32.0,Telecom & Networks,2023-11-27,4.0,0,13.14,13.14,,,300000.0,OUVERT,FOURNITURES,False,2024-03-27,attribution_award_date,none,,,,,,0,0,0,,,,0,False,False,strict,calibrated_strict,1
BOAMP:23-137061,BOAMP,SIREN:214400434,32.0,Telecom & Networks,2023-10-03,2.0,0,14.95,14.95,,,,OUVERT,FOURNITURES,False,2023-12-02,publication_date,none,,,,,,0,0,0,,,,0,False,False,strict,calibrated_strict,1
BOAMP:23-180715,BOAMP,SIREN:245300355,48.0,Cloud & Infrastructure,2023-12-30,4.0,0,12.06,12.06,,,,OUVERT,FOURNITURES,False,2024-04-29,publication_date,none,,,,,,0,0,0,,,,0,False,False,strict,calibrated_strict,1
BOAMP:24-7288,BOAMP,SIREN:228500013,39.0,Cybersecurity,2024-01-24,4.0,0,11.24,11.24,,,,OUVERT,FOURNITURES,False,2024-05-24,publication_date,none,,,,,,0,0,0,,,,0,False,False,strict,calibrated_strict,1
BOAMP:24-10272,BOAMP,SIRET:83095506800044,71.0,Unknown,2024-01-31,3.942181340341656,0,11.01,11.01,,,1750000.0,OUVERT,SERVICES,False,2024-05-30,publication_date,none,,,,,,0,0,0,,,,0,False,False,strict,calibrated_strict,1
BOAMP:24-11668,BOAMP,SIREN:218500478,32.0,Telecom & Networks,2024-02-01,3.942181340341656,0,10.97,10.97,,,253000.0,OUVERT,FOURNITURES,False,2024-05-31,publication_date,none,,,,,,0,0,0,,,,0,False,False,strict,calibrated_strict,1
BOAMP:24-12133,BOAMP,SIREN:174400051,72.0,IT Services & Consulting,2024-02-02,2.9566360052562417,0,10.94,10.94,,,,OUVERT,SERVICES,False,2024-05-02,publication_date,none,,,,,,0,0,0,,,,0,False,False,strict,calibrated_strict,1
BOAMP:24-11800,BOAMP,NAME:ville du mans,75.0,GIS & Mapping,2024-02-02,4.0,0,10.94,10.94,,,2815000.0,OUVERT,SERVICES,False,2024-06-02,publication_date,none,,,,,,0,0,0,,,,0,False,False,strict,calibrated_strict,1
BOAMP:24-15971,BOAMP,SIREN:214401846,32.0,Telecom & Networks,2024-02-09,4.0,0,10.71,10.71,,,2792500.0,OUVERT,FOURNITURES,False,2024-06-09,publication_date,none,,,,,,0,0,0,,,,0,False,False,strict,calibrated_strict,1
BOAMP:24-18790,BOAMP,SIREN:227200029,50.0,Unknown,2024-02-16,4.0,0,10.48,10.48,,,,OUVERT,SERVICES,False,2024-06-16,publication_date,none,,,,,,0,0,0,,,,0,False,False,strict,calibrated_strict,1
BOAMP:24-20387,BOAMP,SIREN:935367433,71.0,Software & Applications,2024-02-20,4.0,0,10.35,10.35,,,,OUVERT,SERVICES,False,2024-06-20,publication_date,none,,,,,,0,0,0,,,,0,False,False,strict,calibrated_strict,1
BOAMP:24-21999,BOAMP,SIRET:20004248900019,72.0,IT Services & Consulting,2024-02-23,3.942181340341656,0,10.25,10.25,,,,OUVERT,SERVICES,False,2024-06-22,publication_date,none,,,,,,0,0,0,,,,0,False,False,strict,calibrated_strict,1
BOAMP:24-22970,BOAMP,NAME:ville du mans,75.0,GIS & Mapping,2024-02-25,4.0,0,10.18,10.18,,,2815000.0,OUVERT,SERVICES,False,2024-06-25,publication_date,none,,,,,,0,0,0,,,,0,False,False,strict,calibrated_strict,1
BOAMP:24-24883,BOAMP,NAME:lpo touchard washington,50.0,Unknown,2024-03-01,4.0,0,10.02,10.02,,,,,SERVICES,False,2024-06-30,publication_date,none,,,,,,0,0,0,,,,0,False,False,strict,calibrated_strict,1
BOAMP:24-25465,BOAMP,SIREN:200071876,30.0,IT Hardware & Equipment,2024-03-01,3.942181340341656,0,10.02,10.02,,,,,FOURNITURES,False,2024-06-29,publication_date,none,,,,,,0,0,0,,,,0,False,False,strict,calibrated_strict,1
BOAMP:24-34106,BOAMP,NAME:cnieg,72.0,IT Services & Consulting,2024-03-22,3.0,0,9.33,9.33,,,3000000.0,,SERVICES,False,2024-06-21,publication_date,none,,,,,,0,0,0,,,,0,False,False,strict,calibrated_strict,1
