idweb,dateparution,datefindiffusion,datelimitereponse,nomacheteur,code_departement,famille,nature,nature_libelle,type_procedure,type_marche,type_avis,descripteur_libelle,objet,titulaire,annonce_lie,contractfolderid,etat,url_avis,donnees_format,cpv_principal,cpv_all,buyer_siret,buyer_cp,buyer_ville,amount_eur,duration_months,duration_source_field,date_attribution,date_publication_anterieure
15-30947,2015-03-02,2015-03-27,2015-03-27T11:30:00+00:00,SMICTOM de la Vallée de l'Authion,49,JOUE,APPEL_OFFRE,Avis de marché,OUVERT,SERVICES,5|1|,Informatique (matériel)|Location|Logiciel|Maintenance,"Acquisition de systèmes d'identification embarqués, location des solutions logicielles et maintenance associée (matériels et logiciels), pour la collecte des déchets ménagers à Beaufort-en-Vallée",,,,INITIAL,https://www.boamp.fr/pages/avis/?q=idweb:15-30947,legacy,48000000,48000000,,49250,Beaufort en vallee,150000.0,12.0,DUREE_MOIS,,
15-31397,2015-03-03,2015-04-01,,SDIS de la Sarthe,72,JOUE,ATTRIBUTION,Résultat de marché,NEGOCIE,FOURNITURES,|10|6,Logiciel,evolution du systeme de gestion operationnelle au profit du SDIS à Coulaines,SIS,,,INITIAL,https://www.boamp.fr/pages/avis/?q=idweb:15-31397,legacy,48814300,48814300,,72190,COULAINES,,,,2015-02-17,
15-31464,2015-03-02,2015-04-24,2015-04-24T15:00:00+00:00,Sdis de la Mayenne,53,JOUE,APPEL_OFFRE,Avis de marché,OUVERT,FOURNITURES,5|1|,Groupe électrogène|Matériel électrique|Matériel de secours et d'incendie|Outillage|Pièces détachées|Pompes,fourniture de petits materiels d'incendie et de secours et pieces detachees pour le sdis 53,,,,INITIAL,https://www.boamp.fr/pages/avis/?q=idweb:15-31464,legacy,None,None|35311400|31121000|34928410|44423200|43830000|35111100|42122110|34928471|31400000,,53005,Laval cedex,,36.0,DUREE_MOIS,,
15-32296,2015-03-04,2015-06-03,,CHU de Nantes,44,JOUE,ATTRIBUTION,Résultat de marché,OUVERT,SERVICES,|10|6,Logiciel,fourniture de logiciels ibm-lotus et de prestations d'assistance technique associées pour le CHU de Nantes,ASI,14-175328,,INITIAL,https://www.boamp.fr/pages/avis/?q=idweb:15-32296,legacy,48517000,48517000,,44093,Nantes,230957.2,,,2015-02-19,2014-11-21
15-31513,2015-03-02,2015-04-17,2015-04-17T11:00:00+00:00,Ville de Rezé,44,JOUE,APPEL_OFFRE,Avis de marché,OUVERT,FOURNITURES,5|1|,Horodateur|Matériel électrique,fourniture et pose d'horodateurs et de bornes d'arret minute sur le territoire de la ville de Rezé. Exploitation des horodateurs installés sur le territoire de la ville à partir du 1er janvier 2016,,,,INITIAL,https://www.boamp.fr/pages/avis/?q=idweb:15-31513,legacy,38720000,38720000|31224500|48620000,,44403,Rezé Cedex,,48.0,DUREE_MOIS,,
15-32693,2015-03-04,2015-04-02,,Ville de Bouguenais,44,JOUE,ATTRIBUTION,Résultat de marché,OUVERT,FOURNITURES,|10|6,Informatique (matériel)|Informatique (prestations de services),refonte globale de l'infrastructure serveurs et stockages informatiques à Bouguenais,TRYADE,14-163454,,INITIAL,https://www.boamp.fr/pages/avis/?q=idweb:15-32693,legacy,48800000,48800000,,44341,Bouguenais cedex,187264.29,,,2015-03-02,2014-10-30
15-20937,2015-03-03,2015-04-14,2015-04-14T11:00:00+00:00,Ville de Nantes,44,JOUE,APPEL_OFFRE,Avis de marché,OUVERT,FOURNITURES,5|1|,Outillage,"fourniture d'outillages, d'equipements techniques et de consommables divers à Nantes",,,,INITIAL,https://www.boamp.fr/pages/avis/?q=idweb:15-20937,legacy,44512000,44512000|None|31000000|44810000|31500000|44522200|44521100|31518200|42418000|30197642|30192112|39190000|35821000|50313000|44600000|44620000|44100000|43812000,,44000,nantes,,48.0,DUREE_MOIS,,
15-38026,2015-03-16,2015-04-11,,CNIEG,44,JOUE,ATTRIBUTION,Résultat de marché,OUVERT,SERVICES,|10|6,Informatique (prestations de services)|Reprographie|Télécommunications,"prestation de mise en place et d'exploitation d'un centre d'appels et de traitement de services informatiques,télécom et reprographie au profit de la CNIEG à Nantes",DCS EASYWARE,14-175676,,INITIAL,https://www.boamp.fr/pages/avis/?q=idweb:15-38026,legacy,72611000,72611000,,44200,Nantes,,,,2015-03-11,
15-32168,2015-03-03,2015-04-13,2015-04-13T12:00:00+00:00,Conseil régional des Pays de la Loire,44,JOUE,APPEL_OFFRE,Avis de marché,OUVERT,SERVICES,5|1|,Informatique (prestations de services)|Maintenance,"maintenance, surveillance, assistance à l'exploitation et évolutions des infrastructures de réseaux LAN et Wifi de la Région Pays de la Loire.",,,,INITIAL,https://www.boamp.fr/pages/avis/?q=idweb:15-32168,legacy,72700000,72700000,,44966,Nantes cedex 9,,24.0,DUREE_MOIS,,
15-37556,2015-03-16,2015-04-11,,Le Mans Métropole - Communauté Urbaine,72,FNS,ATTRIBUTION,Résultat de marché,PROCEDURE_ADAPTE,SERVICES,|10|6,Informatique (prestations de services)|Logiciel,maintenance et support de l'installation pare-feu et passerelle de réseau privé virtuel checkpoint au Mans,Société NEXTIRAONE France,14-154990,,INITIAL,https://www.boamp.fr/pages/avis/?q=idweb:15-37556,legacy,72267000,72267000,,72039,Le Mans,93195.0,,,2015-02-03,
15-31641,2015-03-04,2015-04-17,2015-04-17T11:00:00+00:00,IRCANTEC,49|44|75,JOUE,APPEL_OFFRE,Avis de marché,OUVERT,FOURNITURES,5|1|,Prestations de services,création d'un dispositif d'information plurimédia de l'ircantec à Angers,,,,INITIAL,https://www.boamp.fr/pages/avis/?q=idweb:15-31641,legacy,None,None|72413000|JA09|79810000,,49939,Angers,800000.0,12.0,DUREE_MOIS,,
15-45725,2015-03-26,2015-04-24,,Ville du Mans,72,FNS,ATTRIBUTION,Résultat de marché,PROCEDURE_ADAPTE,SERVICES,|10|6,Informatique (prestations de services),abonnement à une base de données avec acquisition de licences d'accès simultanés et fourniture de notices bibliographiques pour la médiathèque Louis Aragon au Mans,ELECTRE,14-194936,,INITIAL,https://www.boamp.fr/pages/avis/?q=idweb:15-45725,legacy,72320000,72320000,,72039,LE MANS,,,,2015-03-17,
15-31797,2015-03-04,2015-04-14,2015-04-14T15:00:00+00:00,ACOSS,93|44,JOUE,APPEL_OFFRE,Avis de marché,OUVERT,SERVICES,5|1|,Informatique (prestations de services)|Maintenance,acquisition d'une prestation de maintenance et d'assistance technique d'une solution permettant la rationalisation des accès aux machines sensibles et equipements de sécurité à Montreuil,,,,INITIAL,https://www.boamp.fr/pages/avis/?q=idweb:15-31797,legacy,72500000,72500000,,93100,Montreuil,,12.0,DUREE_MOIS,,
15-47899,2015-03-31,2015-05-30,,SDIS du Maine et Loire,49,FNS,ATTRIBUTION,Résultat de marché,PROCEDURE_ADAPTE,,|10|6,Informatique (prestations de services)|Logiciel,"acquisition, installation et maintenance de solutions informatiques de gestion dématérialisée du courrier et d'un parapheur électronique à Beaucouzé",Digitech,14-189541,,INITIAL,https://www.boamp.fr/pages/avis/?q=idweb:15-47899,legacy,48223000,48223000,,49071,Beaucouzé,33263.33,,,2015-03-13,
15-33241,2015-03-05,2015-04-20,2015-04-20T15:00:00+00:00,CHU de Nantes,44,JOUE,APPEL_OFFRE,Avis de marché,OUVERT,FOURNITURES,5|1|,Interphone|Maintenance|Matériel de transmission,acquisition et maintenance d'un système d'appel malade pour la maison de pirmil sur le site de l'hôpital Saint Jacques à Nantes,,,,INITIAL,https://www.boamp.fr/pages/avis/?q=idweb:15-33241,legacy,32510000,32510000,,44093,Nantes,,,,,
15-21639,2015-04-13,2015-05-11,,Nantes Métropole,44,JOUE,ATTRIBUTION,Résultat de marché,OUVERT,SERVICES,|10|6,Informatique (prestations de services),"Tierce maintenance applicative sur les nouvelles technologies pour le compte du groupement de commandes informatiques Nantes Métropole, Ville de Nantes et son CCAS",Groupe Onepoint,14-161242,,INITIAL,https://www.boamp.fr/pages/avis/?q=idweb:15-21639,legacy,72250000,72250000,,44923,Nantes cedex 9,,,,2015-03-26,2014-10-25
15-33752,2015-03-06,2015-04-15,2015-04-15T12:00:00+00:00,Conseil régional des Pays de la Loire,44,JOUE,APPEL_OFFRE,Avis de marché,OUVERT,SERVICES,5|1|,Informatique (prestations de services)|Internet,"gestion des communautés web, à Nantes",,,,INITIAL,https://www.boamp.fr/pages/avis/?q=idweb:15-33752,legacy,72310000,72310000,,44966,Nantes cedex 9,,,,,
15-10829,2015-04-13,2015-05-10,,Nantes Métropole,44,FNS,ATTRIBUTION,Résultat de marché,PROCEDURE_ADAPTE,SERVICES,|10|6,Informatique (matériel)|Informatique (prestations de services),"acquisition d'une plateforme de solutions informatiques mobiles pour les équipes de terrain de l'agglomération, à Nantes",Daxium,14-94095,,INITIAL,https://www.boamp.fr/pages/avis/?q=idweb:15-10829,legacy,48000000,48000000,,44923,Nantes cedex 9,155310.0,,,2015-02-26,
15-34520,2015-03-06,2015-04-09,2015-04-09T16:00:00+00:00,CHU d'Angers,49,FNS,APPEL_OFFRE,Avis de marché,PROCEDURE_ADAPTE,FOURNITURES,5|1|,Matériel de transmission|Pièces détachées,"Fourniture de pièces détachées et accessoires pour appel-malades, interphonie et matériels assimilés pour le CHU à Angers",,,,INITIAL,https://www.boamp.fr/pages/avis/?q=idweb:15-34520,legacy,32360000,32360000,,49933,Angers,,,,,
15-68640,2015-05-04,2015-06-03,,Ville de Saint Sébastien sur Loire,44,FNS,ATTRIBUTION,Résultat de marché,PROCEDURE_ADAPTE,,|10|6,Informatique (matériel),renouvellement - évolution du socle technique du système d'information à Saint-Sébastien-Sur-Loire,ILIANE,15-15992,,INITIAL,https://www.boamp.fr/pages/avis/?q=idweb:15-68640,legacy,48822000,48822000,,44230,Saint-sébastien-sur-loire,150444.0,,,2015-04-27,
15-37182,2015-03-11,2015-03-20,2015-04-07T14:30:00+00:00,MINDEF/DGA/DT/SCAT,18|49|92,JOUE,APPEL_OFFRE,Avis de marché,NEGOCIE,,5|1|,Armement|Equipements spécialisés,"acquisition de capteurs pour des mesures d'accélération, y compris accessoires et prestations d'étalonnage, à Bourges",,,,INITIAL,https://www.boamp.fr/pages/avis/?q=idweb:15-37182,legacy,35125100,35125100,,18021,Bourges cedex,,48.0,DUREE_MOIS,,
15-72945,2015-05-12,2015-06-11,,Ville du Mans,72,JOUE,ATTRIBUTION,Résultat de marché,OUVERT,SERVICES,|10|6,Logiciel,mise en place d'un logiciel de supervision des équipements d'intrusion et de contrôle d'accès ainsi que sa maintenance au Mans,BARBE DEVAUX,14-96520|14-115505,,INITIAL,https://www.boamp.fr/pages/avis/?q=idweb:15-72945,legacy,72212900,72212900,,72039,LE MANS,,,,2015-04-30,2014-06-28
15-42843,2015-03-24,2015-04-13,2015-04-13T11:30:00+00:00,Cté de Cnes de l'Ile de Noirmoutier,85|44|35|75,JOUE,APPEL_OFFRE,Avis de marché,OUVERT,SERVICES,5|1|,Informatique (prestations de services),prestation pour la réalisation d'une plateforme e-commerce sur l'ile à Noirmoutier,,,,INITIAL,https://www.boamp.fr/pages/avis/?q=idweb:15-42843,legacy,72000000,72000000,,85330,Noirmoutier-en-l'Ile,,48.0,DUREE_MOIS,,
15-75027,2015-05-18,2015-06-17,,O.P.H LE MANS HABITAT,72,JOUE,ATTRIBUTION,Résultat de marché,OUVERT,SERVICES,|10|6,Informatique (prestations de services)|Internet,"Prestation de service et fourniture de réseaux de transmission de données et d'interconnexion de sites, d'accès internet et de téléphonie ip au profit de l'OPH au Mans",SARTHE TELECOM,15-7652,,INITIAL,https://www.boamp.fr/pages/avis/?q=idweb:15-75027,legacy,72300000,72300000,,72055,Le Mans,,,,2015-04-09,2015-01-21
15-44999,2015-03-24,2015-05-05,2015-05-05T16:00:00+00:00,Conseil général de la Vendée,85,JOUE,APPEL_OFFRE,Avis de marché,OUVERT,,5|1|,Plastique|Produits des industries diverses|Textile,fourniture d'articles répondant aux besoins des associations et des manifestations à caractère promotionnel à La Roche Sur Yon,,,,INITIAL,https://www.boamp.fr/pages/avis/?q=idweb:15-44999,legacy,39294100,39294100|18230000|22459100|35821000,,85923,La Roche sur Yon,,,,,
15-75780,2015-05-19,2015-06-18,,Le Mans Métropole - Communauté Urbaine,72,FNS,ATTRIBUTION,Résultat de marché,PROCEDURE_ADAPTE,SERVICES,|10|6,Internet,développement d'un portail intranet entreprise pour la SETRAM au Mans,GROUPE CYRES,14-162734,,INITIAL,https://www.boamp.fr/pages/avis/?q=idweb:15-75780,legacy,72212220,72212220,,72039,Le Mans,139986.0,,,2015-05-06,
15-47591,2015-03-27,2015-04-20,2015-04-20T11:00:00+00:00,Ville d'Angers,49,FNS,APPEL_OFFRE,Avis de marché,PROCEDURE_ADAPTE,,5|1|,Réseaux divers,"Boucle optique Angevine et infrastructures de communications électroniques : extensions et restructurations, à Angers",,,,INITIAL,https://www.boamp.fr/pages/avis/?q=idweb:15-47591,legacy,32412100,32412100,,49020,Angers,,36.0,DUREE_MOIS,,
15-83578,2015-06-02,2015-07-02,,Le Mans Métropole - Communauté Urbaine,72,JOUE,ATTRIBUTION,Résultat de marché,OUVERT,,|10|6,Matériel de transmission,fourniture et entretien des équipements de radio-téléphone TETRA au Mans,MODULO COM,15-16049,,INITIAL,https://www.boamp.fr/pages/avis/?q=idweb:15-83578,legacy,32236000,32236000,,72039,Le Mans,,,,2015-05-29,2015-02-04
15-47696,2015-03-30,2015-05-07,2015-05-07T16:30:00+00:00,Ministère des Affaires étrangères,75|44,JOUE,APPEL_OFFRE,Avis de marché,OUVERT,SERVICES,5|1|,Informatique (prestations de services)|Logiciel,Prestation t.m.a. de la messagerie du m.a.e.d.i. dans l'evironnement kerio et logiciels libres d'une part et dans l'environnement microsoft de l'autre pour le Ministère des Affaires étrangères à Paris,,,,INITIAL,https://www.boamp.fr/pages/avis/?q=idweb:15-47696,legacy,72500000,72500000,,75015,Paris,,48.0,DUREE_MOIS,,
15-86614,2015-06-08,2015-06-30,,GIE SESAM Vitale,72,JOUE,ATTRIBUTION,Résultat de marché,RESTREINT,SERVICES,|10|6,Internet|Logiciel,"assistance technique dans le domaine de la sécurité des systèmes d'information couvrant les domaines : conseils en sécurité, analyses de risques ou audits au profit du GIE Sesam Vitale au Mans",Orange consulting|Solucom|Oppida,14-19260,,INITIAL,https://www.boamp.fr/pages/avis/?q=idweb:15-86614,legacy,72000000,72000000,,72019,Le mans cedex 2,,,,2015-05-18,2014-02-07
15-31076,2015-04-01,2015-04-28,2015-04-28T11:30:00+00:00,Ville de La Roche-sur-Yon,85,FNS,APPEL_OFFRE,Avis de marché,PROCEDURE_ADAPTE,,5|1|,Matériel de secours et d'incendie|Mobilier extérieur,Fourniture de matériels de protection et de signalisation incendie au profit de la ville à La Roche-Sur-Yon,,,,INITIAL,https://www.boamp.fr/pages/avis/?q=idweb:15-31076,legacy,35110000,35110000,,85021,La Roche-sur-Yon,,48.0,DUREE_MOIS,,
15-83607,2015-06-11,2016-03-31,,Centre hospitalier de Saumur,49,JOUE,ATTRIBUTION,Résultat de marché,DIALOGUE_COMPETITIF,,|10|6,Informatique (prestations de services)|Logiciel,informatisation de la production de soins pour le Centre hospitalier à Saumur,Softway Medical,14-141908,,INITIAL,https://www.boamp.fr/pages/avis/?q=idweb:15-83607,legacy,48814000,48814000,,49403,Saumur Cedex,1529871.72,,,2015-06-10,2014-09-27
15-50314,2015-04-02,2015-05-07,,Ministère des Affaires étrangères,75|44,JOUE,APPEL_OFFRE,Avis de marché,OUVERT,,5|1|,Informatique (prestations de services),"T.M.A. de la messagerie du M.A.E.D.I. dans l'evironnement KERIO et logiciels libres d'une part et dans l'environnement microsoft de l'autre, à Paris (annulation)",,15-47696,,ANNULATION,https://www.boamp.fr/pages/avis/?q=idweb:15-50314,legacy,72500000,72500000,,75015,Paris,,,,,
15-90510,2015-06-18,2015-09-01,,Conseil régional des Pays de la Loire,44,JOUE,ATTRIBUTION,Résultat de marché,OUVERT,SERVICES,|10|6,Informatique (prestations de services),prestation de saisie des données et mise à jour du fichier protocolaire de la région des Pays de la Loire pour le Conseil régional à Nantes,OPERATIONNELLE,14-180547,,INITIAL,https://www.boamp.fr/pages/avis/?q=idweb:15-90510,legacy,72310000,72310000,,44966,Nantes cedex 9,600000.0,,,2015-04-08,2014-12-03
15-51571,2015-04-07,2015-05-18,2015-05-18T11:00:00+00:00,RESIDENCES SAINT ALEXANDRE,85,JOUE,APPEL_OFFRE,Avis de marché,OUVERT,,5|1|,Informatique (prestations de services)|Logiciel,"evolution du système d'information autour du dossier du résident informatisé, à Mortagne Sur Sevre",,,,INITIAL,https://www.boamp.fr/pages/avis/?q=idweb:15-51571,legacy,48180000,48180000,,85290,Mortagne sur sevre,,,,,
15-96329,2015-06-24,2015-07-23,,Le Mans Métropole - Communauté Urbaine,72,JOUE,ATTRIBUTION,Résultat de marché,DIALOGUE_COMPETITIF,SERVICES,|10|6,Informatique (prestations de services)|Internet,remplacement du site internet www.lemans.fr et des sites satellites au Mans,PLAN.NET|ATALAN,14-149653,,INITIAL,https://www.boamp.fr/pages/avis/?q=idweb:15-96329,legacy,72413000,72413000,,72039,Le Mans,270791.6,,,2015-06-22,2014-10-07
15-52664,2015-04-08,2015-05-18,2015-05-18T16:30:00+00:00,Ministère des Affaires étrangères,75|44,JOUE,APPEL_OFFRE,Avis de marché,OUVERT,SERVICES,5|1|,Informatique (prestations de services)|Logiciel,"prestation de TMA de la messagerie du ministère des affaires étrangères dans l'environnement Kerio et logiciels libres d'une part et dans l'environnement microsoft de l'autre, à Paris",,,,INITIAL,https://www.boamp.fr/pages/avis/?q=idweb:15-52664,legacy,72500000,72500000,,75015,Paris,,48.0,DUREE_MOIS,,
15-99507,2015-06-30,2015-07-31,,Vendée Eau,85,FNS,ATTRIBUTION,Résultat de marché,PROCEDURE_ADAPTE,,|10|6,Signalétique,fourniture et pose de supports signalétiques pour les usines de production d'eau potable et sur les rives des retenues d'eau au profit de Vendée Eau à La Roche-Sur-Yon,OUEST GRAVURE|OUEST GRAVURE|OUEST GRAVURE|LACROIX SIGNALISATION,15-50024,,INITIAL,https://www.boamp.fr/pages/avis/?q=idweb:15-99507,legacy,35261000,35261000,,85036,La roche-sur-yon cedex,,,,2015-06-25,
15-53947,2015-04-10,2015-04-30,2015-04-30T11:00:00+00:00,Commune de Saint-Herblain,44,FNS,APPEL_OFFRE,Avis de marché,PROCEDURE_ADAPTE,SERVICES,5|1|,Informatique (prestations de services)|Internet|Logiciel,"Réalisation du nouveau site web: web design, acquisition et mise en oeuvre des briques logicielles nécessaires au profit de la ville de Saint Herblain",,,,INITIAL,https://www.boamp.fr/pages/avis/?q=idweb:15-53947,legacy,48220000,48220000,,44802,Saint herblain cedex,,,,,
15-99569,2015-06-30,2015-09-13,,GCS eSanté Pays de la Loire,44,JOUE,ATTRIBUTION,Résultat de marché,DIALOGUE_COMPETITIF,,|10|6,Logiciel,"fourniture d'un système d'information permettant l'échange, le partage, l'interprétation et la sécurisation de l'imagerie médicale au profit du GCS à Nantes",CARESTREAM HEALTH FRANCE,13-106363,,INITIAL,https://www.boamp.fr/pages/avis/?q=idweb:15-99569,legacy,48900000,48900000,,44200,Nantes,,,,2015-05-13,2013-06-15
15-54892,2015-04-10,2015-05-10,,SDIS 85,85,JOUE,APPEL_OFFRE,Avis de marché,OUVERT,,5|1|,Logiciel|Matériel de transmission,fourniture et mise en oeuvre des nouveaux équipements et logiciels au CTA/Codis du SDIS et au Samu du CHD à La Roche sur Yon (rectificatif),,15-43149,,RECTIFICATIF,https://www.boamp.fr/pages/avis/?q=idweb:15-54892,legacy,32522000,32522000,,85017,La roche sur yon cedex,,,,,
15-101606,2015-07-02,2015-11-01,,CHU de Nantes,44,JOUE,ATTRIBUTION,Résultat de marché,OUVERT,,|10|6,Maintenance|Matériel de transmission,"fourniture, installation et maintenance d'équipements DATI au profit du CHU de Nantes",Lv com,14-181564,,INITIAL,https://www.boamp.fr/pages/avis/?q=idweb:15-101606,legacy,32344250,32344250,,44093,Nantes,200000.0,,,2015-06-23,2014-12-05
15-54272,2015-04-10,2015-06-01,2015-06-01T15:00:00+00:00,Centre Hospitalier de Cholet,49,JOUE,APPEL_OFFRE,Avis de marché,OUVERT,,5|1|,Articles à usage unique|Non-tissés|Textile,Fourniture d'articles de protection à usage unique pour le Centre Hospitalier de Cholet,,,,INITIAL,https://www.boamp.fr/pages/avis/?q=idweb:15-54272,legacy,None,None|39550000|35814000|19520000,,49325,Cholet cedex,,44.0,DUREE_MOIS,,
15-93951,2015-07-03,2015-09-02,,Syndicat Trivalis,85,FNS,ATTRIBUTION,Résultat de marché,PROCEDURE_ADAPTE,SERVICES,|10|6,Informatique (prestations de services)|Publicité,Conception de visuels et de supports de communication pour le compte du Syndicat Trivalis à La Roche-sur-Yon,AUGURAL|AUGURAL|AGENCE RELLINGER,15-25385,,INITIAL,https://www.boamp.fr/pages/avis/?q=idweb:15-93951,legacy,32584000,32584000,,85015,La Roche sur Yon,,,,2015-06-22,
15-54977,2015-04-13,2015-05-22,2015-05-22T10:30:00+00:00,Conseil Général de la Sarthe,72,JOUE,APPEL_OFFRE,Avis de marché,OUVERT,SERVICES,5|1|,Informatique (prestations de services)|Internet|Télécommunications,prestations de services de télécommunications pour le compte du département de la Sarthe,,,,INITIAL,https://www.boamp.fr/pages/avis/?q=idweb:15-54977,legacy,64200000,64200000|64212000|72400000,,72072,Le Mans,,,,,
15-107017,2015-07-10,2015-08-31,,ADEME,49,JOUE,ATTRIBUTION,Résultat de marché,OUVERT,SERVICES,|10|6,Maintenance|Maîtrise d'oeuvre|Prestations de services,TMA Dia'Terre : maintenance évolutive et corrective à Angers,KALICONSEIL|AUSY,15-4247,,INITIAL,https://www.boamp.fr/pages/avis/?q=idweb:15-107017,legacy,72267100,72267100,,49004,ANGERS CEDEX 01,320000.0,,,2015-07-09,2015-01-16
15-55213,2015-04-13,2015-05-05,2015-05-05T11:00:00+00:00,Ville du Croisic,44,JOUE,APPEL_OFFRE,Avis de marché,OUVERT,,5|1|,Voirie et réseaux divers,"aménagement de l'avenue Aristide Briand, au Croisic",,,,INITIAL,https://www.boamp.fr/pages/avis/?q=idweb:15-55213,legacy,32424000,32424000,,44490,le croisic,,12.0,DUREE_MOIS,,
15-56123,2015-04-14,2015-05-13,2015-05-13T16:00:00+00:00,Le Mans Métropole - Communauté Urbaine,72,FNS,APPEL_OFFRE,Avis de marché,PROCEDURE_ADAPTE,,5|1|,Eclairage public|Electricité|Espaces verts|Réseaux divers|Voirie,Aménagement du parvis du collège de l'épine et de ses abords au Mans,,,,INITIAL,https://www.boamp.fr/pages/avis/?q=idweb:15-56123,legacy,45112500,45112500|32400000|45112700,,72039,Le Mans,,,,,
15-56649,2015-04-14,2015-05-26,2015-05-26T12:00:00+00:00,Conseil régional des Pays de la Loire,44,JOUE,APPEL_OFFRE,Avis de marché,OUVERT,SERVICES,5|1|,Dématérialisation|Edition|Prestations de services,"réalisation et diffusion de publications digitales, à Nantes",,,,INITIAL,https://www.boamp.fr/pages/avis/?q=idweb:15-56649,legacy,72500000,72500000,,44966,Nantes cedex 9,,12.0,DUREE_MOIS,,
15-55527,2015-04-14,2015-05-26,2015-05-26T11:00:00+00:00,CDC du Pays de Saint Gilles Cx de Vie,85,JOUE,APPEL_OFFRE,Avis de marché,OUVERT,SERVICES,5|1|,Informatique (prestations de services)|Logiciel,fourniture d'un logiciel et de systemes d'identification pour la gestion et la facturation de la redevance incitative (reomi) et prestations associees à Saint Gilles Croix De Vie,,,,INITIAL,https://www.boamp.fr/pages/avis/?q=idweb:15-55527,legacy,48000000,48000000,,85806,Saint gilles croix de vie cedex,,,,,
16-2771,2016-01-08,2016-01-15,,Conseil général de la Vendée,85,FNS,APPEL_OFFRE,Avis de marché,PROCEDURE_ADAPTE,,5|1|,Informatique (prestations de services)|Logiciel,"Conception, réalisation et installation de productions multimédias au musée des enfants à La Roche Sur Yon (rectificatif)",,15-185112,,RECTIFICATIF,https://www.boamp.fr/pages/avis/?q=idweb:16-2771,legacy,72230000,72230000,,85923,La Roche sur Yon,,,,,
16-490,2016-01-05,2016-02-10,,Ville de Nantes,44,JOUE,ATTRIBUTION,Résultat de marché,OUVERT,,|10|6,Sonorisation,"acquisition de matériels d'amplification et de diffusion sonore pour la salle paul fort, 9 rue basse porte à Nantes",Société MelpomenSonorisation - Eclairage,15-146024,,INITIAL,https://www.boamp.fr/pages/avis/?q=idweb:16-490,legacy,32342410,32342410,,44094,Nantes,107950.75,,,2015-12-17,2015-09-30
16-60088,2016-04-29,2016-05-09,,Laval Agglomération,53,JOUE,RECTIFICATIF,Rectificatif,,TRAVAUX,,Télésurveillance,"Amélioration de la vidéosurveillance, de la sonorisation et du local sécurité du stade Francis Lebasser à Laval.",,16-40838,,RECTIFICATIF,https://www.boamp.fr/pages/avis/?q=idweb:16-60088,legacy,32342410,32342410,,53008,Laval cedex,,,,,
16-3447,2016-01-11,2016-02-05,2016-02-05T15:00:00+00:00,Centre Hospitalier Loire Vendée Océan,85,FNS,APPEL_OFFRE,Avis de marché,PROCEDURE_ADAPTE,,5|1|,Informatique (matériel)|Informatique (prestations de services),"Fourniture et installation de serveurs informatiques au profit du Centre Hospitalier Loire Vendée Océan, à Challans",,,,INITIAL,https://www.boamp.fr/pages/avis/?q=idweb:16-3447,legacy,48800000,48800000,,85302,Challans Cedex,,,,,
16-8934,2016-01-21,2016-02-22,,Nantes Métropole,44,JOUE,ATTRIBUTION,Résultat de marché,OUVERT,SERVICES,|10|6,Etude|Voirie,Diagnostic d'accessibilité de la voirie du territoire métropolitain et création d'une base de données sig à Nantes,ULR Valor,,,INITIAL,https://www.boamp.fr/pages/avis/?q=idweb:16-8934,legacy,48614000,48614000,,44923,Nantes cedex 9,133151.0,,,2016-01-18,
16-4040,2016-01-12,2016-02-22,2016-02-22T11:00:00+00:00,Cté de Communes du Pays des Herbiers,85,JOUE,APPEL_OFFRE,Avis de marché,OUVERT,SERVICES,5|1|,Informatique (prestations de services),gestion du cybercentre de la communauté de communes du pays des herbiers à Herbiers,,,,INITIAL,https://www.boamp.fr/pages/avis/?q=idweb:16-4040,legacy,72514100,72514100,,85504,Les Herbiers,,,,,
16-15746,2016-02-02,2016-03-03,,CNIEG,44,JOUE,ATTRIBUTION,Résultat de marché,OUVERT,SERVICES,|10|6,Informatique (prestations de services)|Internet,Appui au pilotage de projets du systeme d'information au profit de la CNIEG à Nantes,SEMANTYS,15-154566,,INITIAL,https://www.boamp.fr/pages/avis/?q=idweb:16-15746,legacy,72400000,72400000,,44200,Nantes,,,,2016-01-28,
16-6135,2016-01-14,2016-02-19,2016-02-19T11:00:00+00:00,SDIS de la Sarthe,72,FNS,APPEL_OFFRE,Avis de marché,PROCEDURE_ADAPTE,,5|1|,Logiciel,"fourniture, installation, mise en service et maintenance d'un serveur d'affichage, d'un mur d'image et d'ecrans à Coulaines",,,,INITIAL,https://www.boamp.fr/pages/avis/?q=idweb:16-6135,legacy,48500000,48500000,,72190,COULAINES,,,,,
16-16021,2016-02-03,2016-03-03,,Ville du Mans,72,JOUE,ATTRIBUTION,Résultat de marché,OUVERT,,|10|6,Audiovisuel|Edition,acquisition de documents sonores et audiovisuels - supports préenregistrés son et images destinés à tous les publics du réseau des médiathèques de la ville du Mans,SOCIETE GAM|BOOK'IN DIFFUSION|RDM VIDEO|Société CVS|ADAV - Ateliers Diffusion Audiovisuelle,15-142353,,INITIAL,https://www.boamp.fr/pages/avis/?q=idweb:16-16021,legacy,32353000,32353000,,72039,LE MANS,,,,2016-01-21,2015-09-22
16-5206,2016-01-14,2016-02-18,2016-02-18T11:00:00+00:00,Commune de Saint-Nazaire,44,FNS,APPEL_OFFRE,Avis de marché,PROCEDURE_ADAPTE,,5|1|,"Ascenseur|Carrelage|Chauffage (travaux)|Cloison, faux plafond|Electricité|Etanchéité|Gros oeuvre|Menuiserie|Mobilier|Peinture (travaux)|Plomberie|Revêtements de sols|Revêtements muraux|Sanitaire|Serrurerie|Ventilation",rénovation des foyers logements pour le ccas de la ville à Saint-Nazaire,,,,INITIAL,https://www.boamp.fr/pages/avis/?q=idweb:16-5206,legacy,None,None|45223220|45261420|45421000|39100000|44112300|45431000|45432111|44111400|45313100|45442100|32412000|45330000|45112700,,44606,Saint-Nazaire cédex,,28.0,DUREE_MOIS,,
16-14952,2016-02-08,2016-05-05,,Conseil départemental de la Mayenne,53,JOUE,ATTRIBUTION,Résultat de marché,NEGOCIE,SERVICES,|10|6,Progiciel,progiciels de gestion financière et de transport scolaire à Laval,GFI progiciels|GFI Progiciels,,,INITIAL,https://www.boamp.fr/pages/avis/?q=idweb:16-14952,legacy,35710000,35710000,,53014,Laval,,,,2015-12-22,
16-7712,2016-01-18,2016-03-01,2016-03-01T11:00:00+00:00,CNIEG,44,JOUE,APPEL_OFFRE,Avis de marché,OUVERT,SERVICES,5|1|,Informatique (prestations de services),prestation pour confier une partie des activités informatiques de la Cnieg à un tiers sous la forme d'un accord cadre d'infogérance à Nantes,,,,INITIAL,https://www.boamp.fr/pages/avis/?q=idweb:16-7712,legacy,72500000,72500000,,44200,Nantes,,24.0,DUREE_MOIS,,
16-20290,2016-02-19,2016-04-25,,Conseil régional des Pays de la Loire,44,JOUE,ATTRIBUTION,Résultat de marché,OUVERT,SERVICES,|10|6,Informatique (prestations de services)|Logiciel,Maintenance des licences business objects au profit du Conseil Régional à Nantes,DECIVISION,15-141361,,INITIAL,https://www.boamp.fr/pages/avis/?q=idweb:16-20290,legacy,72500000,72500000,,44966,Nantes cedex 9,,,,2015-12-07,2015-09-19
16-1046,2016-01-18,2016-03-09,2016-03-09T13:00:00+00:00,ADEME,49,JOUE,APPEL_OFFRE,Avis de marché,OUVERT,SERVICES,5|1|,Informatique (prestations de services)|Logiciel,Mise en oeuvre d'une solution de gestion des colloques en mode saas à Angers,,,,INITIAL,https://www.boamp.fr/pages/avis/?q=idweb:16-1046,legacy,72212500,72212500,,49004,ANGERS cedex 01,,55.0,DUREE_MOIS,,
16-16609,2016-03-04,2016-04-02,,Nantes Métropole,44,JOUE,ATTRIBUTION,Résultat de marché,OUVERT,SERVICES,|10|6,Eclairage public|Prestations de services,"élaboration, conformément à une charte graphique précise, d'établir des plans de réseaux d'éclairage public et de régulation de trafic à Nantes",Dagit Ingénierie,15-175210,,INITIAL,https://www.boamp.fr/pages/avis/?q=idweb:16-16609,legacy,72310000,72310000,,44923,Nantes cedex 9,3648.0,,,2016-02-25,2015-11-24
16-7640,2016-01-18,2016-03-10,2016-03-10T15:00:00+00:00,CHU de Nantes,44,JOUE,APPEL_OFFRE,Avis de marché,OUVERT,,5|1|,Informatique (prestations de services)|Maintenance,"fourniture, mise en oeuvre et maintenance d'une solution de gestion des recrutements, de la mobilité interne et des concours à Nantes",,,,INITIAL,https://www.boamp.fr/pages/avis/?q=idweb:16-7640,legacy,48450000,48450000,,44093,Nantes,,,,,2015-04-22
16-32334,2016-03-07,2016-04-03,,Le Mans Métropole - Communauté Urbaine,72,FNS,ATTRIBUTION,Résultat de marché,PROCEDURE_ADAPTE,,|10|6,Informatique (prestations de services)|Logiciel,"fourniture, mise en oeuvre et maintenance d'un logiciel de gestion de parc informatique et de helpdesk utilisateurs au Mans",APSYNET,15-107245,,INITIAL,https://www.boamp.fr/pages/avis/?q=idweb:16-32334,legacy,48700000,48700000,,72039,Le Mans,,,,2016-02-02,
16-7903,2016-01-19,2016-03-01,2016-03-01T11:00:00+00:00,Ecole des Mines de Nantes,44,JOUE,APPEL_OFFRE,Avis de marché,OUVERT,,5|1|,Câblage|Consommable informatique|Informatique (matériel),fourniture d'équipements de connexion réseau 10/40 gigabits à l'Ecole des Mines à Nantes,,,,INITIAL,https://www.boamp.fr/pages/avis/?q=idweb:16-7903,legacy,32420000,32420000,,44307,Nantes cedex 3,,,,,
16-33092,2016-03-08,2016-03-31,,commune de Le Pellerin,44,FNS,ATTRIBUTION,Résultat de marché,PROCEDURE_ADAPTE,SERVICES,|10|6,Informatique (prestations de services),"Marché de prestation de service de fourniture, installation et maintenance d'un système de vidéoprotection sur le territoire de la commune, au Pellerin",SARL LERAY SECURITE,15-165845,,INITIAL,https://www.boamp.fr/pages/avis/?q=idweb:16-33092,legacy,35125300,35125300,,44640,Le Pellerin,,,,2016-02-16,
16-10778,2016-01-22,2016-02-22,2016-02-22T11:00:00+00:00,GIE SESAM Vitale,72,JOUE,APPEL_OFFRE,Avis de marché,RESTREINT,SERVICES,5|1|,Informatique (prestations de services),prestation d'assistance technique décisionnel pour le compte de GIE SESAM Vitale au Mans,,,,INITIAL,https://www.boamp.fr/pages/avis/?q=idweb:16-10778,legacy,72611000,72611000,,72019,Le mans cedex 2,,24.0,DUREE_MOIS,,
16-33502,2016-03-09,2016-04-07,,CNIEG,44,JOUE,ATTRIBUTION,Résultat de marché,OUVERT,SERVICES,|10|6,Informatique (prestations de services),tierce recette applicative pour le CNIEG à Nantes,OPEN,15-175690,,INITIAL,https://www.boamp.fr/pages/avis/?q=idweb:16-33502,legacy,72400000,72400000,,44200,Nantes,,,,2016-02-23,
16-10414,2016-01-22,2016-02-12,2016-02-12T11:00:00+00:00,Conseil général de Loire-Atlantique,44,FNS,APPEL_OFFRE,Avis de marché,PROCEDURE_ADAPTE,SERVICES,5|1|,Informatique (prestations de services),référencement web et réseaux sociaux à Nantes,,,,INITIAL,https://www.boamp.fr/pages/avis/?q=idweb:16-10414,legacy,72400000,72400000,,44041,Nantes,,24.0,DUREE_MOIS,,
16-44784,2016-03-30,2016-04-28,,Département de la Sarthe,72,JOUE,ATTRIBUTION,Résultat de marché,OUVERT,SERVICES,|10|6,Informatique (prestations de services)|Logiciel,déploiement d'une plateforme de téléservices à destination des usagers du département de la sarthe au Mans,LANTEAS,15-102510,,INITIAL,https://www.boamp.fr/pages/avis/?q=idweb:16-44784,legacy,72212900,72212900,,72072,Le Mans,,,,2016-01-26,2015-07-07
16-10649,2016-01-25,2016-03-04,2016-03-04T15:00:00+00:00,SDIS 44,44,JOUE,APPEL_OFFRE,Avis de marché,OUVERT,,5|1|,Informatique (matériel),fourniture de matériels informatiques et prestations associées à La Chapelle Sur Erdre,,,,INITIAL,https://www.boamp.fr/pages/avis/?q=idweb:16-10649,legacy,None,None|48820000|30230000,,44243,La chapelle sur erdre,,,,,
16-49735,2016-04-06,2016-05-20,,Le Mans Métropole - Communauté Urbaine,72,FNS,ATTRIBUTION,Résultat de marché,PROCEDURE_ADAPTE,,|10|6,Logiciel,"Fourniture, installation et maintenance du logiciel PC WIN2 et du matériel associé pour le suivi des postes de relèvement, des stations d'épuration et du diagnostic permanent",CYRISEA,15-178728,,INITIAL,https://www.boamp.fr/pages/avis/?q=idweb:16-49735,legacy,48150000,48150000,,72039,Le Mans,40720.0,,,2016-03-14,
16-12477,2016-01-27,2016-03-21,2016-03-21T11:00:00+00:00,GPM de Nantes - St Nazaire,44,JOUE,APPEL_OFFRE,Avis de marché,OUVERT,,5|1|,Informatique (matériel)|Informatique (prestations de services)|Logiciel,"fourniture et installation de toutes les licences et logiciels nécessaires, à Nantes",,,,INITIAL,https://www.boamp.fr/pages/avis/?q=idweb:16-12477,legacy,32424000,32424000,,44186,Nantes,,,,,
16-53903,2016-04-18,2016-05-31,,COMSOPGN,72,JOUE,ATTRIBUTION,Résultat de marché,OUVERT,FOURNITURES,|10|6,Abris|Equipements spécialisés,Fourniture de cordons spirales équipés pour les casques moto de la gendarmerie nationale pour le compte du Service Central des Réseaux et Technologies Avancées (S.C.R.T.A.) situé au Mans (72),COMUFRANCE SAS,15-186668,,INITIAL,https://www.boamp.fr/pages/avis/?q=idweb:16-53903,legacy,32520000,32520000,,36300,Le blanc,140000.0,,,2016-04-04,
16-14558,2016-02-02,2016-03-11,2016-03-11T11:00:00+00:00,INRA Angers Nantes,44|75,JOUE,APPEL_OFFRE,Avis de marché,OUVERT,SERVICES,5|1|,Informatique (prestations de services)|Internet,"prestation d'hébergement, support technique et fonctionnel et assistance technico-pédagogique, graphique et ergonomique pour la plateforme de téléformation moodle de l'Inra à Nantes",,,,INITIAL,https://www.boamp.fr/pages/avis/?q=idweb:16-14558,legacy,72415000,72415000,,44316,Nantes,129000.0,36.0,DUREE_MOIS,,
16-55334,2016-04-18,2016-05-30,,Conseil général de la Vendée,85,FNS,ATTRIBUTION,Résultat de marché,PROCEDURE_ADAPTE,SERVICES,|10|6,"Jeux, jouets","Conception, réalisation et installation de productions multimédias au musée des enfants",opixido,15-185112|16-2771,,INITIAL,https://www.boamp.fr/pages/avis/?q=idweb:16-55334,legacy,72230000,72230000,,85923,La Roche sur Yon,64539.0,,,2016-04-11,
16-15282,2016-02-02,2016-02-22,2016-02-22T15:00:00+00:00,MONTREVAULT-SUR-ÈVRE,49,FNS,APPEL_OFFRE,Avis de marché,PROCEDURE_ADAPTE,,5|1|,Logiciel,"acquisition, mise en place et maintenance d'un logiciel de gestion de l'ensemble des activités petite-enfance, enfance et jeunesse et d'équipements liés à Montrevault-sur-Èvre",,,,INITIAL,https://www.boamp.fr/pages/avis/?q=idweb:16-15282,legacy,48000000,48000000,,49117,Montrevault-sur-Èvre Cedex,,,,,
16-57603,2016-04-25,2016-06-05,,SDIS de la Sarthe,72,FNS,ATTRIBUTION,Résultat de marché,PROCEDURE_ADAPTE,,|10|6,Logiciel,"FOURNITURE, INSTALLATION, MISE EN SERVICE ET MAINTENANCE D'UN SERVEUR D'AFFICHAGE, D'UN MUR D'IMAGE ET D'ÉCRANS À COULAINES",EYEVIS FRANCE,16-6135,,INITIAL,https://www.boamp.fr/pages/avis/?q=idweb:16-57603,legacy,48500000,48500000,,72190,COULAINES,,,,2016-04-12,
16-16627,2016-02-04,2016-03-21,2016-03-21T16:00:00+00:00,Le Mans Métropole - Communauté Urbaine,72,FNS,APPEL_OFFRE,Avis de marché,PROCEDURE_ADAPTE,SERVICES,5|1|,Informatique (prestations de services)|Télécommunications,fourniture et mise en oeuvre d'un sig de gestion des fourreaux de télécommunications pour le mans métropole à Le Mans,,,,INITIAL,https://www.boamp.fr/pages/avis/?q=idweb:16-16627,legacy,72212214,72212214,,72039,Le Mans,,,,,
16-61085,2016-04-30,2016-05-07,,Département de la Sarthe,72,JOUE,ATTRIBUTION,Résultat de marché,OUVERT,FOURNITURES,|10|6,Informatique (prestations de services),Déploiement de réseaux télé-informatiques dans les collèges publics de la Sarthe,Spie Infoservices|Comasys,15-187883|16-9086,,INITIAL,https://www.boamp.fr/pages/avis/?q=idweb:16-61085,legacy,32420000,32420000|None,,72072,Le Mans,23330000.0,,,2016-04-20,
16-17002,2016-02-04,2016-03-01,2016-03-01T11:00:00+00:00,Ville de Rezé,44,FNS,APPEL_OFFRE,Avis de marché,PROCEDURE_ADAPTE,,5|1|,Consommable informatique,achat d'une solution informatisée de planification des activités et de contrôle d'accès des équipements sportifs pour le compte de la ville à Rezé,,,,INITIAL,https://www.boamp.fr/pages/avis/?q=idweb:16-17002,legacy,48421000,48421000|IA05,,44403,Rezé Cedex,,36.0,DUREE_MOIS,,
16-63679,2016-05-05,2016-06-02,,Office Public de l'Habitat,49,JOUE,ATTRIBUTION,Résultat de marché,RESTREINT,,|10|6,Maîtrise d'oeuvre,concours de maîtrise d'oeuvre restreint sur esquisse en vue de la démolition-reconstruction d'un EHPAD au Longeron,sarl essentiel,15-140215,,INITIAL,https://www.boamp.fr/pages/avis/?q=idweb:16-63679,legacy,71200000,71200000|72000000,,49001,Angers cedex 01,,,,2016-03-01,
16-19705,2016-02-10,2016-03-21,2016-03-21T16:00:00+00:00,Concarneau Cornouaille Agglomération,29|56|22|35|44,JOUE,APPEL_OFFRE,Avis de marché,OUVERT,SERVICES,5|1|,Informatique (matériel)|Informatique (prestations de services)|Logiciel,"Fourniture, mise en oeuvre et maintenance d'un sigb, portail doc. web, système de gestion des terminaux publics et d'équipements rfid pour les bibliothèques concarneau cornouaille agglomération",,,,INITIAL,https://www.boamp.fr/pages/avis/?q=idweb:16-19705,legacy,None,None|48160000|30238000,,29186,Concarneau cedex,,48.0,DUREE_MOIS,,
16-66916,2016-05-12,2016-05-19,,Ville du Mans,72,JOUE,ATTRIBUTION,Résultat de marché,OUVERT,FOURNITURES,|10|6,Equipement sportif,Acquisition de matériel et mobilier sportif - année 2016 - renouvelable en 2017 - 2018 - 2019,Dixi|Intersport|Marty Sports|Casal Sport|bamboo skateshop (Sarl Hld)|Decasport|Decasport|Futura Play|Futura Play|Casal Sport,15-153008,,INITIAL,https://www.boamp.fr/pages/avis/?q=idweb:16-66916,legacy,37400000,37400000|37535291|37535200|37415000|35812200|18143000|34722100|37441100|34522000|43324100|34522550,,72039,Le Mans,92500.0,,,2016-04-12,
16-21939,2016-02-12,2016-03-11,2016-03-11T11:00:00+00:00,Ville de Rezé,44,FNS,APPEL_OFFRE,Avis de marché,PROCEDURE_ADAPTE,,5|1|,Audiovisuel|Matériel scénique|Prestations de services|Signalétique,"Aménagement scénographique du centre d'interprétation et d'animation du patrimoine (CIAP), à Rezé",,,,INITIAL,https://www.boamp.fr/pages/avis/?q=idweb:16-21939,legacy,39150000,39150000|34999400|31527260|42962000|32321200|32322000,,44403,Rezé Cedex,,,,,
16-68157,2016-05-14,2016-07-16,,Commune des Herbiers,85,JOUE,ATTRIBUTION,Résultat de marché,OUVERT,SERVICES,|10|6,Informatique (matériel)|Informatique (prestations de services)|Informatique (assistance)|Informatique (maintenance serveurs et réseaux),marché public relatif à l'acquisition et la maintenance d'équipements d'infrastr..,CTV,,,INITIAL,https://www.boamp.fr/pages/avis/?q=idweb:16-68157,legacy,32424000,32424000,,85502,Les Herbiers,270000.0,,,2016-04-04,2015-12-29
16-23686,2016-02-17,2016-04-08,2016-04-08T11:00:00+00:00,Cté Cnes Coeur d'Estuaire,44,JOUE,APPEL_OFFRE,Avis de marché,OUVERT,SERVICES,5|1|,Informatique (prestations de services),"mise en place d'un contrat de service incluant l'assistance aux utilisateurs, le maintien en condition opérationnelle à Saint Etienne De Montluc",,,,INITIAL,https://www.boamp.fr/pages/avis/?q=idweb:16-23686,legacy,72500000,72500000,,44360,Saint etienne de montluc,,,,,
16-70640,2016-05-20,2016-05-25,,Loire Ocean developpement,44|49,JOUE,ATTRIBUTION,Résultat de marché,OUVERT,TRAVAUX,|10|6,Assainissement|Réseaux divers|Terrassement|Travaux de viabilité|Végétaux|Voirie,travaux d'aménagement de la zac de la jaguere (44)-phase 2,COLAS|BOUYGUES ENERGIES ET SERVICES|ID VERDE,15-177490,,INITIAL,https://www.boamp.fr/pages/avis/?q=idweb:16-70640,legacy,45111291,45111291|None|32400000|45112700,,44821,Saint-Herblain cedex,2232117.0,,,2016-03-21,2015-12-26
16-26260,2016-02-23,2016-03-15,2016-03-15T11:30:00+00:00,Ville de Carquefou,44,FNS,APPEL_OFFRE,Avis de marché,PROCEDURE_ADAPTE,,5|1|,Informatique (prestations de services),evolution et maintenance du système de virtualisation à Carquefou,,,,INITIAL,https://www.boamp.fr/pages/avis/?q=idweb:16-26260,legacy,48822000,48822000,,44471,Carquefou Cedex,,12.0,DUREE_MOIS,,
16-71852,2016-05-23,2016-08-18,,Département de Maine-et-Loire,49,JOUE,ATTRIBUTION,Résultat de marché,OUVERT,FOURNITURES,|10|6,Prestations de services,fourniture de licences pour logiciels et services en ligne microsoft pour les se..,SCC SA,16-25827|16-30715,,INITIAL,https://www.boamp.fr/pages/avis/?q=idweb:16-71852,legacy,72268000,72268000,,49941,ANGERS Cedex 09,750000.0,,,2016-05-12,2016-02-26
16-20531,2016-02-23,2016-03-17,2016-03-17T15:00:00+00:00,DREAL Pays de la Loire,44,FNS,APPEL_OFFRE,Avis de marché,PROCEDURE_ADAPTE,SERVICES,5|1|,Informatique (prestations de services),"Installation, hébergement, exploitation, administration et maintenance du système d'information géographique du parc locatif social en région Pays de la Loire à Nantes",,,,INITIAL,https://www.boamp.fr/pages/avis/?q=idweb:16-20531,legacy,72500000,72500000,,44263,NANTES Cedex 2,,,,,
16-68871,2016-05-23,2016-07-18,,Ville d'Angers,49,JOUE,ATTRIBUTION,Résultat de marché,OUVERT,FOURNITURES,|10|6,Equipements spécialisés|Habillement,acquisition d'équipements pour la sécurité et la prévention,GK PROFESSIONAL,15-178562,,INITIAL,https://www.boamp.fr/pages/avis/?q=idweb:16-68871,legacy,35811200,35811200|None,,49020,Angers Cedex 02,20000.0,,,2016-04-06,
16-25827,2016-02-23,2016-04-04,2016-04-04T11:00:00+00:00,CG49,49,JOUE,APPEL_OFFRE,Avis de marché,OUVERT,SERVICES,5|1|,Informatique (prestations de services)|Logiciel,fourniture de licences pour logiciels et services en ligne microsoft pour les services départementaux à Angers,,,,INITIAL,https://www.boamp.fr/pages/avis/?q=idweb:16-25827,legacy,72268000,72268000,,49941,Angers cedex 9,,,,,
16-73141,2016-05-23,2016-07-19,,Nantes Métropole Habitat,44,JOUE,ATTRIBUTION,Résultat de marché,RESTREINT,,|10|6,Maîtrise d'oeuvre,concours restreints de maîtrise d'oeuvre zac erdre porterie bourg nord 2 pour la..,MFR Architectes (Mandataire),14-174973,,INITIAL,https://www.boamp.fr/pages/avis/?q=idweb:16-73141,legacy,71200000,71200000|72000000,,44000,Nantes,,,,2016-02-29,2014-11-21
16-27767,2016-02-25,2016-03-18,2016-03-18T11:00:00+00:00,Centre Hospitalier de Cholet,49,FNS,APPEL_OFFRE,Avis de marché,PROCEDURE_ADAPTE,,5|1|,Logiciel,"Fourniture d'une solution de stockage avec maintenance associée, à Cholet",,,,INITIAL,https://www.boamp.fr/pages/avis/?q=idweb:16-27767,legacy,48782000,48782000,,49325,Cholet cedex,,48.0,DUREE_MOIS,,
16-69584,2016-05-26,2016-07-20,,Conseil général de Loire-Atlantique,44,JOUE,ATTRIBUTION,Résultat de marché,OUVERT,FOURNITURES,|10|6,Chaussures ou articles chaussants|Habillement,achat d'équipements de protection individuelle et vêtements de travail pour les ..,SARL PIRMILVET - ATOUT PRO|GEDIVEPRO|VAMA DOCKS - DOCKS INDUSTRIE SERVICES|VAMA DOCKS - DOCKS INDUSTRIE SERVICES,15-177015,,INITIAL,https://www.boamp.fr/pages/avis/?q=idweb:16-69584,legacy,18100000,18100000|35113400|18143000|18830000,,44041,Nantes cedex 1,548000.0,,,2016-04-28,2015-11-27
16-28465,2016-03-01,2016-03-25,2016-03-25T11:00:00+00:00,Syndicat Départemental d'Energie,85,FNS,APPEL_OFFRE,Avis de marché,PROCEDURE_ADAPTE,SERVICES,5|1|,Informatique (prestations de services)|Internet,refonte du site internet du sydev et de son extranet à La Roche Sur Yon,,,,INITIAL,https://www.boamp.fr/pages/avis/?q=idweb:16-28465,legacy,72400000,72400000,,85036,la roche sur yon,,,,,
17-1971,2017-01-06,2017-01-30,2017-01-30T16:00:00+00:00,MAINE LOIRE HABITAT OFFICE PUB HABITAT,49,FNS,APPEL_OFFRE,Avis de marché,PROCEDURE_ADAPTE,,5|1|,Logiciel,"acquisition, mise en oeuvre et maintenance d'un logiciel de gestion des ressources humaines",,,,INITIAL,https://www.boamp.fr/pages/avis/?q=idweb:17-1971,legacy,48000000,48000000,,49001,ANGERS CEDEX 01,,48.0,DUREE_MOIS,,
17-2928,2017-01-08,2017-03-06,,Ville de Thouaré-sur-Loire,44,JOUE,ATTRIBUTION,Résultat de marché,OUVERT,FOURNITURES,|10|6,Surveillance,"Marché pour la fourniture, la mise en oeuvre et la maintenance d'un système de vidéo-protection urbaine",ENGIE INEO,,,INITIAL,https://www.boamp.fr/pages/avis/?q=idweb:17-2928,legacy,35120000,35120000,,44473,Thouaré-sur-Loire,235570.0,,,2017-01-02,
17-784,2017-01-05,2017-02-08,,SDIS 44,44,JOUE,RECTIFICATIF,Rectificatif,,SERVICES,,Matériel de sécurité,Reconditionnement d'une échelle pivotante à mouvements combinés (EPC) avec changement de châssis,,16-182034,,RECTIFICATIF,https://www.boamp.fr/pages/avis/?q=idweb:17-784,legacy,35110000,35110000,,44243,La chapelle sur erdre,,,,,
17-2924,2017-01-08,2017-02-06,,SICTIAM,6|60|40|85|39|17,JOUE,APPEL_OFFRE,Avis de marché,OUVERT,SERVICES,5|1|,Dématérialisation|Reliure|Numérisation,"Numérisation des actes, intégration et conservation des registres d'état civil",,,,INITIAL,https://www.boamp.fr/pages/avis/?q=idweb:17-2924,legacy,72252000,72252000,,06225,Vallauris,,12.0,DUREE_MOIS,,
17-4225,2017-01-12,2017-02-10,,Sarthe Habitat,72,JOUE,ATTRIBUTION,Résultat de marché,OUVERT,TRAVAUX,|10|6,Electricité (travaux)|Interphone|Maçonnerie|Menuiserie|Plomberie (travaux)|Serrurerie,travaux d'entretien courant et de petites réparations répartis en 6 agences,PROXISERVE|DELABOUDINIERE|DELABOUDINIERE|PROXISERVE|PROXISERVE|DELABOUDINIERE|SYGMATEL|SYGMATEL|SYGMATEL|SYGMATEL|SYGMATEL|SYGMATEL|SCBA|SCBA|SCBA|SCBA|SCBA|SCBA|SYGMATEL|HEULIN|HEULIN|HEULIN|HEULIN|HEULIN|HEULIN,16-137248,,INITIAL,https://www.boamp.fr/pages/avis/?q=idweb:17-4225,legacy,45330000,45330000|45317000|None|32552600|45262522,,72019,Le Mans Cedex 2,3084781.0,,,2016-12-30,2016-10-01
17-6463,2017-01-15,2017-02-08,,SDIS 44,44,JOUE,RECTIFICATIF,Rectificatif,,SERVICES,,Matériel de sécurité,Reconditionnement d'une échelle pivotante à mouvements combinés (EPC) avec changement de châssis,,16-182034|17-784,,RECTIFICATIF,https://www.boamp.fr/pages/avis/?q=idweb:17-6463,legacy,35110000,35110000,,44243,La chapelle sur erdre,,,,,
17-4904,2017-01-11,2017-02-17,2017-02-17T11:00:00+00:00,IPHV LES HAUTS THEBAUDIERES,44,FNS,APPEL_OFFRE,Avis de marché,PROCEDURE_ADAPTE,,5|1|,Informatique (matériel)|Informatique (assistance)|Informatique (maintenance serveurs et réseaux),MAPA 1701 - VIRTUALISATION DES SERVEURS DE L'INSTITUT LES HAUTS THEBAUDIERES (44),,,,INITIAL,https://www.boamp.fr/pages/avis/?q=idweb:17-4904,legacy,48822000,48822000,,44122,Vertou Cedex,,,,,
17-6770,2017-01-18,2017-04-16,,Département de Maine-et-Loire,49,JOUE,ATTRIBUTION,Résultat de marché,OUVERT,SERVICES,|10|6,Informatique (prestations de services),intégration du système d'archivage électronique as@lae sur une infrastructure mutualisée,CGI FRANCE SAS,16-111867,,INITIAL,https://www.boamp.fr/pages/avis/?q=idweb:17-6770,legacy,72210000,72210000|None,,49941,ANGERS Cedex 9,500000.0,,,2016-12-26,2016-07-30
17-16652,2017-02-05,2017-03-17,,Université d'Angers,49,JOUE,RECTIFICATIF,Rectificatif,,SERVICES,,Matériel de téléphonie,A completer,,17-6714,,RECTIFICATIF,https://www.boamp.fr/pages/avis/?q=idweb:17-16652,legacy,72267000,72267000,,49035,Angers cedex 01,,,,,
17-8592,2017-01-18,2017-02-08,2017-02-08T11:00:00+00:00,Communauté de Communes de Grand Lieu,44,FNS,APPEL_OFFRE,Avis de marché,PROCEDURE_ADAPTE,,5|1|,Signalétique,"Conception, fourniture et pose d'équipements pour les circuits de randonnée de la Communauté de Communes de Grand Lieu",,,,INITIAL,https://www.boamp.fr/pages/avis/?q=idweb:17-8592,legacy,35261000,35261000|35260000,,44118,La chevroliere,,12.0,DUREE_MOIS,,
17-8526,2017-01-20,2017-03-15,,CHU de Nantes,44,JOUE,ATTRIBUTION,Résultat de marché,ATTRIBUE_SANS_PUB_JOUE,SERVICES,|10|6,Informatique (prestations de services),Acquisition et maintenance d'un système d'appel malde pour l'HGRL,LV COM,,,INITIAL,https://www.boamp.fr/pages/avis/?q=idweb:17-8526,legacy,32510000,32510000,,44093,Nantes,357735.0,,,2016-12-27,
17-18930,2017-02-10,2017-04-08,,DIR Ouest,35|22|29|44,JOUE,RECTIFICATIF,Rectificatif,,SERVICES,,Abris,"Prestations de Tierce Maintenance Applicative (TMA) du système informatique d'aide à la gestion du Trafic Dor Breizh - maintenances préventive, corrective et évolutive",,16-83013|17-14983,,RECTIFICATIF,https://www.boamp.fr/pages/avis/?q=idweb:17-18930,legacy,72267000,72267000,,35031,Rennes cedex,,,,,
17-6714,2017-01-18,2017-02-27,,Université d'Angers,49,JOUE,APPEL_OFFRE,Avis de marché,OUVERT,SERVICES,5|1|,Informatique (prestations de services)|Matériel de téléphonie,Maintenance des matériels de téléphonie Alcatel,,,,INITIAL,https://www.boamp.fr/pages/avis/?q=idweb:17-6714,legacy,72267000,72267000,,49035,Angers cedex 01,,36.0,DUREE_MOIS,,
17-8352,2017-01-20,2017-01-28,,Département de la Sarthe,72,JOUE,ATTRIBUTION,Résultat de marché,OUVERT,FOURNITURES,|10|6,Informatique (matériel),Evolution et maintien en condition opérationnelle des réseaux informatiques et des installations de téléphone sur Ip,Orange Business Services,16-139674,,INITIAL,https://www.boamp.fr/pages/avis/?q=idweb:17-8352,legacy,48800000,48800000,,72072,Le Mans,1950000.0,,,2017-01-06,
17-21657,2017-02-16,2017-03-17,,Université d'Angers,49,JOUE,RECTIFICATIF,Rectificatif,,SERVICES,,Matériel de téléphonie,A completer,,17-6714|17-16652,,RECTIFICATIF,https://www.boamp.fr/pages/avis/?q=idweb:17-21657,legacy,72267000,72267000,,49035,Angers cedex 01,,,,,
17-8714,2017-01-19,2017-02-10,2017-02-10T10:30:00+00:00,Département de la Sarthe,72,FNS,APPEL_OFFRE,Avis de marché,PROCEDURE_ADAPTE,SERVICES,5|1|,Informatique (prestations de services)|Progiciel,"FOURNITURE, LIVRAISON, MISE EN SERVICE REGULIER ET MAINTENANCE SUR 5 ANS D'UN PROGICIEL DE GESTION DE LA TARIFICATION DES ETABLISSEMENTS ET SERVICES POUR PERSONNES AGEES, HANDICAPEEES ET ENFANCE",,,,INITIAL,https://www.boamp.fr/pages/avis/?q=idweb:17-8714,legacy,72500000,72500000,,72072,Le Mans,,,,,
17-12753,2017-01-26,2017-02-16,,SDIS 85,85,FNS,ATTRIBUTION,Résultat de marché,PROCEDURE_ADAPTE,SERVICES,|10|6,Pièces détachées|Prestations de services|Sécurité incendie,Contrôle annuel et fourniture de pièces pour les casques F1 et F2 du SDIS de la Vendée,EXTINCTEURS NANTAIS|DUMONT SECURITE,16-161115,,INITIAL,https://www.boamp.fr/pages/avis/?q=idweb:17-12753,legacy,35111000,35111000,,85017,LA ROCHE SUR YON Cedex,,,,2017-01-25,
17-40692,2017-03-25,2017-04-07,,CHD VENDEE,85,JOUE,RECTIFICATIF,Rectificatif,,FOURNITURES,,Informatique (prestations de services),"FOURNITURE, INSTALLATION, ACCOMPAGNEMENT, MISE EN OeUVRE ET MAINTENANCE D'UNE SOLUTION DE GESTION DES CANDIDATURES",,17-23490,,RECTIFICATIF,https://www.boamp.fr/pages/avis/?q=idweb:17-40692,legacy,48000000,48000000,,85925,La roche sur yon cedex 9,,,,,
17-9361,2017-01-19,2017-02-17,2017-02-17T15:00:00+00:00,CHU de Nantes,44,FNS,APPEL_OFFRE,Avis de marché,PROCEDURE_ADAPTE,,5|1|,Informatique (matériel),FOURNITURE ET MAINTENANCE D'UNE SOLUTION INFORMATISEE DE GESTION DES CHECK-LIST DE BLOCS OPERATOIRES,,,,INITIAL,https://www.boamp.fr/pages/avis/?q=idweb:17-9361,legacy,48814300,48814300,,44093,Nantes cedex,,,,,
17-12185,2017-01-28,2017-02-25,,Commune de Saint-Nazaire,44,JOUE,ATTRIBUTION,Résultat de marché,OUVERT,SERVICES,|10|6,Maintenance|Télésurveillance,accord-cadre pour la fourniture et la mise en oeuvre d'un dispositif de vidéo protection de la voie publique de la ville de saint-nazaire,,16-153795,,INITIAL,https://www.boamp.fr/pages/avis/?q=idweb:17-12185,legacy,32323500,32323500,,44606,Saint-Nazaire Cedex,,,,,2016-10-26
17-53063,2017-04-15,2017-05-05,,CARENE,44,JOUE,RECTIFICATIF,Rectificatif,,FOURNITURES,,Logiciel,17s0018 - acquisition et maintenance d'un logiciel de gestion clientèle et technique pour la direction du cycle de l'eau pour la carene (rectificatif),,17-48519,,RECTIFICATIF,https://www.boamp.fr/pages/avis/?q=idweb:17-53063,legacy,48445000,48445000,,44605,Saint-Nazaire cédex,,,,,
17-10167,2017-01-20,2017-02-17,2017-02-17T11:00:00+00:00,MAIRIE DE SAINT SATURNIN,72,FNS,APPEL_OFFRE,Avis de marché,PROCEDURE_ADAPTE,,5|1|,Bâtiment,CONSTRUCTION D'UNE MAISON PLURIDISCIPLINAIRE DE SANTE,,,,INITIAL,https://www.boamp.fr/pages/avis/?q=idweb:17-10167,legacy,44115000,44115000|32400000|45200000|44142000|45261210|44220000|45410000|09310000|45421146|45330000|39715200|44111400|45431000|45112710,,72650,Saint Saturnin,,,,,
17-14754,2017-02-02,2017-03-31,,CHU de Nantes,44,JOUE,ATTRIBUTION,Résultat de marché,OUVERT,SERVICES,|10|6,Informatique (prestations de services),Prestations d'assistance technique et conduite de projets techniques pour la mise en oeuvre du schéma directeur du système d'information,ECONOCOM OSIATIS,16-128870,,INITIAL,https://www.boamp.fr/pages/avis/?q=idweb:17-14754,legacy,72611000,72611000,,44093,Nantes,1500000.0,,,2016-12-22,
17-8483,2017-01-20,2017-02-24,,Département de la Sarthe,72,JOUE,APPEL_OFFRE,Avis de marché,OUVERT,FOURNITURES,5|1|,Alarme|Equipements spécialisés,Mise en place d'équipements d'alarmes pour le plan particulier de mise en sûreté face aux risques majeurs (Ppms) et risques d'intrusion attentat dans les collèges publics sarthois,,,,INITIAL,https://www.boamp.fr/pages/avis/?q=idweb:17-8483,legacy,45312000,45312000|35121000,,72072,Le Mans,,4.0,DUREE_MOIS,,
17-14983,2017-02-02,2017-03-31,,DIR Ouest,35|22|29|44,JOUE,ATTRIBUTION,Résultat de marché,OUVERT,SERVICES,|10|6,Abris,"Prestations de Tierce Maintenance Applicative (TMA) du système informatique d'aide à la gestion du Trafic Dor Breizh - maintenances préventive, corrective et évolutive",CLEMESSY,16-83013,,INITIAL,https://www.boamp.fr/pages/avis/?q=idweb:17-14983,legacy,72267000,72267000,,35031,Rennes cedex,263599.56,,,2017-01-26,
17-12394,2017-01-26,2017-02-13,,SDEGM,53|49|72,FNS,APPEL_OFFRE,Avis de marché,PROCEDURE_ADAPTE,,5|1|,Réseaux divers,Accord-cadre pour la résorption de zones blanches de téléphonie mobile,,16-184522,,RECTIFICATIF,https://www.boamp.fr/pages/avis/?q=idweb:17-12394,legacy,32571000,32571000,,53810,CHANGE,,,,,
17-10672,2017-02-03,2017-04-02,,Com Communes du Pays d'Ancenis,44|49,JOUE,ATTRIBUTION,Résultat de marché,OUVERT,SERVICES,|10|6,Informatique (matériel)|Informatique (prestations de services)|Logiciel|Formation|Informatique (assistance)|Informatique (maintenance serveurs et réseaux),"acquisition, mise en oeuvre et maintenance d'un sytème de gestion intégré pour une mise en réseau des bibliohtèques de la Communauté de Communes du Pays d'Ancenis",C3rb Informatique,16-80474,,INITIAL,https://www.boamp.fr/pages/avis/?q=idweb:17-10672,legacy,48160000,48160000,,44156,Ancenis,109260.0,,,2016-12-30,2016-06-18
17-13461,2017-01-29,2017-02-27,,Nantes Métropole,44,JOUE,APPEL_OFFRE,Avis de marché,OUVERT,SERVICES,5|1|,Site internet|Assistance à maîtrise d'ouvrage,mission d'assistance à maîtrise d'ouvrage pour la refonte des sites internet nantes.fr et nantesmetropole.fr,,,,INITIAL,https://www.boamp.fr/pages/avis/?q=idweb:17-13461,legacy,72422000,72422000,,44923,Nantes cedex 9,,36.0,DUREE_MOIS,,
17-17371,2017-02-08,2017-02-16,,Département de la Vendée,85,JOUE,ATTRIBUTION,Résultat de marché,OUVERT,SERVICES,|10|6,Logiciel,Renouvellement des solutions informatiques de billetteries et boutiques du Département,Digitick,16-48130,,INITIAL,https://www.boamp.fr/pages/avis/?q=idweb:17-17371,legacy,48481000,48481000|None,,85923,La Roche Sur Yon,480000.0,,,2017-01-09,
17-14320,2017-02-01,2017-03-03,,Agence Régionale Pays de la Loire TI,44,JOUE,APPEL_OFFRE,Avis de marché,OUVERT,SERVICES,5|1|,Informatique (prestations de services),prestation de mise à disposition d'une plateforme de gestion de place de marché pour l'offre touristique en pays de la loire,,,,INITIAL,https://www.boamp.fr/pages/avis/?q=idweb:17-14320,legacy,72514100,72514100|72514200,,,Nantes,260000.0,48.0,DUREE_MOIS,,
17-18543,2017-02-09,2017-03-07,,Ecole Centrale de Nantes,44,JOUE,ATTRIBUTION,Résultat de marché,OUVERT,FOURNITURES,|10|6,Télécommunications,Fourniture et mise en oeuvre d'une plateforme de Téléphonie sur IP (ToIP) pour l'École Centrale de Nantes,AVENCALL,16-151274,,INITIAL,https://www.boamp.fr/pages/avis/?q=idweb:17-18543,legacy,32500000,32500000,,44321,Nantes,130771.0,,,2017-01-25,2016-10-20
17-14986,2017-02-02,2017-03-06,,CHU de Nantes,44,JOUE,APPEL_OFFRE,Avis de marché,OUVERT,SERVICES,5|1|,Informatique (prestations de services),Prestations d'assistance au management des projets et mise en oeuvre des applications informatiques,,,,INITIAL,https://www.boamp.fr/pages/avis/?q=idweb:17-14986,legacy,72600000,72600000,,44093,Nantes cedex,600000.0,12.0,DUREE_MOIS,,
17-21716,2017-02-16,2017-03-17,,Vendée Expansion,85,JOUE,ATTRIBUTION,Résultat de marché,OUVERT,SERVICES,|10|6,Informatique (prestations de services),services d'hébergement de sites internet et prestations connexes,OCEANET TECHNOLOGY,,,INITIAL,https://www.boamp.fr/pages/avis/?q=idweb:17-21716,legacy,72500000,72500000|None,,85005,La Roche sur Yon,26112.0,,,2017-02-03,2016-11-23
17-16256,2017-02-02,2017-03-02,2017-03-03T11:00:00+00:00,Inst. Interdpt bassin Sèvre Niortaise,85|79|17,FNS,APPEL_OFFRE,Avis de marché,PROCEDURE_ADAPTE,,5|1|,Automatisation|Barrage|Métallerie|Ouvrage hydraulique|Télégestion,Modernisation des 2 barrages hydrauliques,,,,INITIAL,https://www.boamp.fr/pages/avis/?q=idweb:17-16256,legacy,45248000,45248000|45246000|48921000,,79028,Niort cedex,,,,,
17-22650,2017-02-17,2017-03-15,,Chambre Agriculture Pays de la Loire,49,JOUE,ATTRIBUTION,Résultat de marché,OUVERT,SERVICES,|10|6,Réseaux divers,Le marché public a pour objet la fourniture de services d'interconnexion des sites avec la fourniture limitée d'accessoires pour les besoins de la Chambre d'agriculture des Pays de la L,SERVEURCOM,16-151998,,INITIAL,https://www.boamp.fr/pages/avis/?q=idweb:17-22650,legacy,64200000,64200000|72400000,,49105,ANGERS,354624.0,,,2017-01-02,
17-15684,2017-02-03,2017-03-06,2017-03-06T11:00:00+00:00,Commune de Saint-Nazaire,44,FNS,APPEL_OFFRE,Avis de marché,PROCEDURE_ADAPTE,SERVICES,5|1|,Prestations de services,17s0004 - distribution du journal municipal de la ville de saint-nazaire,,,,INITIAL,https://www.boamp.fr/pages/avis/?q=idweb:17-15684,legacy,72512000,72512000,,44606,Saint-Nazaire Cedex,,,,,
17-29439,2017-03-01,2017-05-02,,Ville de Carquefou,44,FNS,ATTRIBUTION,Résultat de marché,PROCEDURE_ADAPTE,,|10|6,Informatique (matériel)|Informatique (maintenance serveurs et réseaux),Maintenance et extension du système de téléphonie (traditionnelle et sur IP) et du réseau informatique,CTV Nantes|TDO,16-151887,,INITIAL,https://www.boamp.fr/pages/avis/?q=idweb:17-29439,legacy,32522000,32522000,,44471,Carquefou Cedex,,,,2017-02-01,
17-20659,2017-02-10,2017-03-01,2017-03-01T11:00:00+00:00,SDIS 85,85,FNS,APPEL_OFFRE,Avis de marché,PROCEDURE_ADAPTE,SERVICES,5|1|,Assistance à maîtrise d'ouvrage,Assistance à maîtrise d'ouvrage pour les systèmes d'information du SDIS de la Vendée,,,,INITIAL,https://www.boamp.fr/pages/avis/?q=idweb:17-20659,legacy,72000000,72000000,,85017,LA ROCHE SUR YON Cedex,200000.0,,,,
17-18226,2017-03-03,2017-06-01,,Conseil départemental de la Mayenne,53,JOUE,ATTRIBUTION,Résultat de marché,OUVERT,SERVICES,|10|6,Dématérialisation|Informatique (matériel)|Informatique (prestations de services)|Progiciel|Informatique (assistance)|Informatique (maintenance serveurs et réseaux),modernisation des moyens de communication,,16-105530|16-111578|16-137618,,INITIAL,https://www.boamp.fr/pages/avis/?q=idweb:17-18226,legacy,32523000,32523000|None,,53014,Laval cedex,,,,,2016-07-16
17-19962,2017-02-11,2017-03-14,,Ecole Centrale de Nantes,44,JOUE,APPEL_OFFRE,Avis de marché,OUVERT,FOURNITURES,5|1|,"Vidéo, cinéma","fourniture, installation, mise en service d'une caméra ultra-rapide pour l'ecole centrale de nantes",,,,INITIAL,https://www.boamp.fr/pages/avis/?q=idweb:17-19962,legacy,32323300,32323300,,,Nantes,,12.0,DUREE_MOIS,,
17-30238,2017-03-04,2017-03-12,,Département de la Vendée,85,JOUE,ATTRIBUTION,Résultat de marché,OUVERT,SERVICES,|10|6,Logiciel|Maintenance,"Maintenance, prestations spécifiques et fournitures associées aux outils Business Objects et Alfresco",Cosmos Consulting|Smile,16-130215,,INITIAL,https://www.boamp.fr/pages/avis/?q=idweb:17-30238,legacy,72267000,72267000|None,,85923,La Roche Sur Yon,742113.0,,,2017-02-08,
17-19635,2017-02-11,2017-03-09,,Mairie du croisic,44,JOUE,APPEL_OFFRE,Avis de marché,OUVERT,TRAVAUX,5|1|,Espaces verts|Réseaux divers|Voirie,AMENAGEMENT DU LOTISSEMENT DU PUIGAUDEAU 2. Le Croisic,,,,INITIAL,https://www.boamp.fr/pages/avis/?q=idweb:17-19635,legacy,32400000,32400000|90611000|45112710,,44490,Le Croisic,,1.0,DUREE_MOIS,,
17-31074,2017-03-08,2017-05-05,,CHU de Nantes,44,JOUE,ATTRIBUTION,Résultat de marché,ATTRIBUE_SANS_PUB_JOUE,SERVICES,|10|6,Informatique (prestations de services),"Maintenance corrective, adaptative, reglementaire et évolutive du progiciel Qbloc",Dotnext,,,INITIAL,https://www.boamp.fr/pages/avis/?q=idweb:17-31074,legacy,72267000,72267000|72260000,,44093,Nantes,342250.0,,,2017-02-14,
17-20825,2017-02-12,2017-03-31,,CH LE MANS,72,JOUE,APPEL_OFFRE,Avis de marché,OUVERT,SERVICES,5|1|,Matériel de téléphonie,"Téléphonie - mise à niveau, extension, formation et maintenance du réseau de téléphonie Alcatel Lucent Oxe",,,,INITIAL,https://www.boamp.fr/pages/avis/?q=idweb:17-20825,legacy,32545000,32545000|None,,72037,Le mans cedex 09,,48.0,DUREE_MOIS,,
17-18240,2017-03-08,2017-06-06,,Conseil départemental de la Mayenne,53,JOUE,ATTRIBUTION,Résultat de marché,ATTRIBUE_SANS_PUB_JOUE,SERVICES,|10|6,Dématérialisation|Informatique (matériel)|Informatique (prestations de services)|Progiciel|Informatique (maintenance serveurs et réseaux),modernisation des moyens de communication,NEXTO FRANCE,,,INITIAL,https://www.boamp.fr/pages/avis/?q=idweb:17-18240,legacy,32523000,32523000,,53000,LAVAL,540272.32,,,2016-12-19,
17-23389,2017-02-16,2017-03-15,2017-03-15T11:00:00+00:00,Loire Ocean developpement,44,FNS,APPEL_OFFRE,Avis de marché,PROCEDURE_ADAPTE,,5|1|,Assainissement|Espaces verts|Réseaux divers|Signalétique|Terrassement|Travaux de viabilité|Voirie,travaux d'aménagement de la zac du verger à carquefou (44),,,,INITIAL,https://www.boamp.fr/pages/avis/?q=idweb:17-23389,legacy,45113000,45113000|None|32400000|45112700,,44821,Saint-Herblain cédex,,9.0,DUREE_MOIS,,
17-33863,2017-03-12,2017-04-10,,CAF de la Somme,80|31|33|72|93,JOUE,ATTRIBUTION,Résultat de marché,OUVERT,FOURNITURES,|10|6,Informatique (prestations de services),Dispositif matériel et logiciel de courrier industriel unifié,KERN FRANCE SAS,,,INITIAL,https://www.boamp.fr/pages/avis/?q=idweb:17-33863,legacy,72212311,72212311,,80000,Amiens,,,,2017-03-09,
17-22230,2017-02-16,2017-03-20,,Commune de Saint-Herblain,44,JOUE,APPEL_OFFRE,Avis de marché,OUVERT,SERVICES,5|1|,Matériel de sécurité,Installation et maintenance des dispositifs de télésurveillance des équipements municipaux de la Ville de Saint-Herblain,,,,INITIAL,https://www.boamp.fr/pages/avis/?q=idweb:17-22230,legacy,35120000,35120000|None,,44802,Saint-herblain cedex,,12.0,DUREE_MOIS,,
17-36486,2017-03-17,2017-05-14,,CHU de Nantes,44,JOUE,ATTRIBUTION,Résultat de marché,ATTRIBUE_SANS_PUB_JOUE,SERVICES,|10|6,Informatique (prestations de services),MAINTENANCE DE LA SUITE PROGICIELLE AMEDIM,Société Maincare Solutions,,,INITIAL,https://www.boamp.fr/pages/avis/?q=idweb:17-36486,legacy,72267100,72267100,,44093,Nantes cedex,153628.0,,,2016-12-21,
17-23490,2017-02-18,2017-03-31,,CHD VENDEE,85,JOUE,APPEL_OFFRE,Avis de marché,OUVERT,FOURNITURES,5|1|,Informatique (prestations de services)|Logiciel,"FOURNITURE, INSTALLATION, ACCOMPAGNEMENT, MISE EN OeUVRE ET MAINTENANCE D'UNE SOLUTION DE GESTION DES CANDIDATURES",,,,INITIAL,https://www.boamp.fr/pages/avis/?q=idweb:17-23490,legacy,48000000,48000000|None,,85925,La roche sur yon cedex 9,,12.0,DUREE_MOIS,,
18-265,2018-01-02,2018-02-05,2018-02-05T12:00:00+00:00,Conseil régional des Pays de la Loire,44,FNS,APPEL_OFFRE,Avis de marché,PROCEDURE_ADAPTE,SERVICES,5|1|,"Vidéo, cinéma",Réalisation de Vidéos 360° et location de supports de diffusion,,,,INITIAL,https://www.boamp.fr/pages/avis/?q=idweb:18-265,legacy,32354500,32354500,,44966,Nantes cedex 9,,12.0,DUREE_MOIS,,
18-82,2018-01-04,2018-02-01,,e-Collectivités Vendée,85,JOUE,ATTRIBUTION,Résultat de marché,OUVERT,SERVICES,|10|6,Informatique (matériel)|Informatique (prestations de services),Attribution du marché,ACT SERVICE,17-120545,,INITIAL,https://www.boamp.fr/pages/avis/?q=idweb:18-82,legacy,72100000,72100000,,85006,La Roche sur Yon Cedex,500000.0,,,2017-11-06,
18-5827,2018-01-17,2018-01-31,,Nantes Métropole,44,JOUE,RECTIFICATIF,Rectificatif,,SERVICES,,Prestations de services,tierce maintenance applicative du système d'information ressources (s.i.r.h.) pour le compte de nantes métropole (rectificatif),,17-129614,,RECTIFICATIF,https://www.boamp.fr/pages/avis/?q=idweb:18-5827,legacy,72250000,72250000,,44923,Nantes cedex 9,,,,,
18-546,2018-01-05,2018-02-05,,Angers Loire Métropole,49,JOUE,APPEL_OFFRE,Avis de marché,OUVERT,FOURNITURES,5|1|,Logiciel,"FOURNITURE DE LICENCES DE PRODUITS AUTODESK, SUPPORT TECHNIQUE ET PRESTATIONS D'ACCOMPAGNEMENT ET DE FORMATION ASSOCIEES",,,,INITIAL,https://www.boamp.fr/pages/avis/?q=idweb:18-546,legacy,48321000,48321000,,49020,ANGERS,500000.0,24.0,DUREE_MOIS,,
18-693,2018-01-05,2018-01-13,,Le Mans Métropole - Communauté Urbaine,72,JOUE,ATTRIBUTION,Résultat de marché,OUVERT,FOURNITURES,|10|6,Informatique (matériel)|Outillage,"Equipement en matériels informatique, technique et logiciels pour la Setram",Garage Cretot|Voith Turbo|Maha France|Freinage Poids Lourds Services|Knorr-Bremse Systèmes Ferroviaires France S.A|Sarl Montanier|Sas Beauplet Languille|Adartec 4i|Sirev|Hlc Indus|Maine Radiocom|Solstis|Raoul Dreux Sellerie,17-105683,,INITIAL,https://www.boamp.fr/pages/avis/?q=idweb:18-693,legacy,39300000,39300000|34311000|34224200|43800000|35125300|30236000|32236000|30200000|50113000,,72039,Le Mans,500000.0,,,2017-12-20,
18-6970,2018-01-18,2018-01-29,,Conseil régional des Pays de la Loire,44,JOUE,RECTIFICATIF,Rectificatif,,SERVICES,,Logiciel,"FOURNITURE LOGICIELLE, HÉBERGEMENT, EXPLOITATION ET MAINTENANCE APPLICATIVE DE L'ESPACE NUMÉRIQUE DE TRAVAIL (ENT) E-LYCO ET PRESTATIONS ASSOCIÉES",,17-173975,,RECTIFICATIF,https://www.boamp.fr/pages/avis/?q=idweb:18-6970,legacy,48000000,48000000,,44966,Nantes cedex 9,,,,,
18-2518,2018-01-09,2018-02-02,2018-02-02T11:00:00+00:00,CHU de Nantes,44,FNS,APPEL_OFFRE,Avis de marché,PROCEDURE_ADAPTE,SERVICES,5|1|,Informatique (prestations de services),Prestation numérisation intelligente de factures - LAD/RAD,,,,INITIAL,https://www.boamp.fr/pages/avis/?q=idweb:18-2518,legacy,72311100,72311100,,44093,Nantes cedex,,12.0,DUREE_MOIS,,
18-1558,2018-01-05,2018-02-19,,Le Mans Métropole - Communauté Urbaine,72,FNS,ATTRIBUTION,Résultat de marché,NEGOCIE,,|10|6,Informatique (prestations de services),Maintenance et évolution du progiciel AS-TECH WEB OFFICE - Année 2018 renouvelable en 2019 - 2020 et 2021,SBCG Informatique,,,INITIAL,https://www.boamp.fr/pages/avis/?q=idweb:18-1558,legacy,72267100,72267100,,72039,Le Mans,,,,2017-12-21,
18-8867,2018-01-21,2018-01-30,,Sdis de la Mayenne,53,JOUE,RECTIFICATIF,Rectificatif,,FOURNITURES,,Matériel de secours et d'incendie,Equipements pour Camions Citerne Grande Capacité et pour Camions Citerne Incendie pour le Service Départemental d'Incendie et de Secours de la Mayenne.,,17-176560,,RECTIFICATIF,https://www.boamp.fr/pages/avis/?q=idweb:18-8867,legacy,35111200,35111200,,53005,Laval cedex,,,,,
18-4239,2018-01-14,2018-02-19,,CA PORNIC AGGLO PAYS DE RETZ,44,JOUE,APPEL_OFFRE,Avis de marché,OUVERT,FOURNITURES,5|1|,Panneaux,Fourniture et pose de signalétique pour les zones d'activités de Pornic Agglo Pays de Retz,,,,INITIAL,https://www.boamp.fr/pages/avis/?q=idweb:18-4239,legacy,35261000,35261000,,,Pornic cedex,,12.0,DUREE_MOIS,,
18-965,2018-01-06,2018-02-04,,Ecole Centrale de Nantes,44,JOUE,ATTRIBUTION,Résultat de marché,OUVERT,FOURNITURES,|10|6,Logiciel,"fournitures, déploiement et maintenance d'un système d'information pédagogique pour l'ecole centrale de nantes",AURIGA,17-110921,,INITIAL,https://www.boamp.fr/pages/avis/?q=idweb:18-965,legacy,48900000,48900000,,44321,Nantes,285745.0,,,2017-12-18,2017-08-04
18-11615,2018-01-27,2018-02-19,,Communauté Communes La Chataigneraie,85|79,JOUE,RECTIFICATIF,Rectificatif,,FOURNITURES,,Logiciel,fourniture et maintenance de logiciels métiers (rectificatif),,18-9170,,RECTIFICATIF,https://www.boamp.fr/pages/avis/?q=idweb:18-11615,legacy,48000000,48000000,,85120,La Châtaigneraie,,,,,
18-6884,2018-01-16,2018-02-06,2018-02-06T15:00:00+00:00,CHU de Nantes,44,FNS,APPEL_OFFRE,Avis de marché,PROCEDURE_ADAPTE,SERVICES,5|1|,Informatique (prestations de services),Fourniture d'un outil d'autodiagnostic managérial pour les besoins du GHT 44,,,,INITIAL,https://www.boamp.fr/pages/avis/?q=idweb:18-6884,legacy,72000000,72000000,,44093,Nantes cedex,,12.0,DUREE_MOIS,,
18-1295,2018-01-07,2018-04-04,,GIE SESAM Vitale,72,JOUE,ATTRIBUTION,Résultat de marché,RESTREINT,SERVICES,|10|6,Assistance technique,Assistance Technique Etudes Fonctionnelles,WAVESTONE,17-53475,,INITIAL,https://www.boamp.fr/pages/avis/?q=idweb:18-1295,legacy,72223000,72223000,,72019,Le mans cedex 2,400897.0,,,2018-01-02,
18-12852,2018-01-31,2018-02-09,,Nantes Métropole,44,JOUE,RECTIFICATIF,Rectificatif,,SERVICES,,Prestations de services,tierce maintenance applicative du système d'information ressources (s.i.r.h.) pour le compte de nantes métropole (rectificatif),,17-129614|18-5827,,RECTIFICATIF,https://www.boamp.fr/pages/avis/?q=idweb:18-12852,legacy,72250000,72250000,,44923,Nantes cedex 9,,,,,
18-6138,2018-01-17,2018-02-15,,SDIS 44,44,JOUE,APPEL_OFFRE,Avis de marché,OUVERT,FOURNITURES,5|1|,Logiciel,"Fourniture de logiciels bureautiques, maintenance et prestations associées pour les besoins du SDIS 44.",,,,INITIAL,https://www.boamp.fr/pages/avis/?q=idweb:18-6138,legacy,48000000,48000000,,44243,La chapelle sur erdre,,48.0,DUREE_MOIS,,
18-1841,2018-01-10,2018-01-31,,Université d'Angers,49,JOUE,ATTRIBUTION,Résultat de marché,OUVERT,FOURNITURES,|10|6,Audiovisuel,Solution de podcasting et de diffusion en direct sur les Campus de l'Université d'Angers,,17-102187|17-133406,,INITIAL,https://www.boamp.fr/pages/avis/?q=idweb:18-1841,legacy,32330000,32330000,,49035,Angers cedex 01,,,,,
18-15423,2018-02-03,2018-02-21,,GCS eSanté Pays de la Loire,44,JOUE,RECTIFICATIF,Rectificatif,,SERVICES,,Informatique (prestations de services),Marché relatif à des développements d'applications mobiles en Santé interopérable avec la plateforme régionale de Système d'Information en Santé,,18-8615,,RECTIFICATIF,https://www.boamp.fr/pages/avis/?q=idweb:18-15423,legacy,72200000,72200000,,44200,NANTES,,,,,
18-3854,2018-01-17,2018-02-18,,VILLE DE LA ROCHE SUR YON,85,JOUE,APPEL_OFFRE,Avis de marché,OUVERT,FOURNITURES,5|1|,Equipement sportif|Sonorisation,Equipements pour une salle de basket-ball,,,,INITIAL,https://www.boamp.fr/pages/avis/?q=idweb:18-3854,legacy,44212320,44212320|37482000|32342410,,85000,La Roche-sur-Yon,290000.0,3.0,DUREE_MOIS,,
18-3921,2018-01-11,2018-03-10,,Conseil régional des Pays de la Loire,44,FNS,ATTRIBUTION,Résultat de marché,PROCEDURE_ADAPTE,SERVICES,|10|6,Assistance technique,Prestations d'assistance en administration de systèmes,AIS OUEST,17-140377,,INITIAL,https://www.boamp.fr/pages/avis/?q=idweb:18-3921,legacy,72250000,72250000,,44966,Nantes cedex 9,190000.0,,,2017-12-14,
18-31069,2018-03-07,2018-05-20,,Université de Nantes,44,JOUE,RECTIFICATIF,Rectificatif,,SERVICES,,Informatique (assistance),A completer,,18-18602,,RECTIFICATIF,https://www.boamp.fr/pages/avis/?q=idweb:18-31069,legacy,72224000,72224000,,44035,Nantes cedex 1,,,,,
18-8070,2018-01-18,2018-02-16,2018-02-16T13:00:00+00:00,Angers Loire Métropole,49,FNS,APPEL_OFFRE,Avis de marché,PROCEDURE_ADAPTE,SERVICES,5|1|,Informatique (prestations de services)|Logiciel,Mise en place d'une application mobile pour la ville d'Angers,,,,INITIAL,https://www.boamp.fr/pages/avis/?q=idweb:18-8070,legacy,72421000,72421000,,49020,ANGERS,,36.0,DUREE_MOIS,,
18-3938,2018-01-11,2018-03-15,,Conseil régional des Pays de la Loire,44,FNS,ATTRIBUTION,Résultat de marché,PROCEDURE_ADAPTE,SERVICES,|10|6,Informatique (prestations de services),Fourniture d'une solution de gestion de données protocolaires,OPERATIONNELLE,17-118765,,INITIAL,https://www.boamp.fr/pages/avis/?q=idweb:18-3938,legacy,48600000,48600000,,44966,Nantes cedex 9,140000.0,,,2017-12-14,
18-45496,2018-04-05,2018-05-04,,Angers Loire Métropole,49,JOUE,RECTIFICATIF,Rectificatif,,SERVICES,,Logiciel,ré-informatisation du réseau des bibliothèques municipales d'angers (rectificatif),,18-30024,,RECTIFICATIF,https://www.boamp.fr/pages/avis/?q=idweb:18-45496,legacy,48160000,48160000,,49020,ANGERS,,,,,
18-8615,2018-01-20,2018-02-21,,GCS eSanté Pays de la Loire,44,JOUE,APPEL_OFFRE,Avis de marché,NEGOCIE,SERVICES,5|1|,Informatique (prestations de services),Marché relatif à des développements d'applications mobiles en Santé interopérable avec la plateforme régionale de Système d'Information en Santé,,,,INITIAL,https://www.boamp.fr/pages/avis/?q=idweb:18-8615,legacy,72200000,72200000,,44200,NANTES,250000.0,,,,
18-4073,2018-01-13,2018-03-30,,Commune de La Baule,44,JOUE,ATTRIBUTION,Résultat de marché,OUVERT,SERVICES,|10|6,Voirie et réseaux divers,"Maintenance et exploitation des infrastructures d'eaux pluviales, eaux usées et eaux brutes",SAUR,17-138140|17-149998,,INITIAL,https://www.boamp.fr/pages/avis/?q=idweb:18-4073,legacy,32424000,32424000,,44504,LA BAULE CEDEX,1000000.0,,,2018-01-02,
18-49999,2018-04-14,2018-05-25,,Angers Loire Métropole,49,JOUE,RECTIFICATIF,Rectificatif,,SERVICES,,Logiciel,ré-informatisation du réseau des bibliothèques municipales d'angers (rectificatif),,18-30024|18-45496,,RECTIFICATIF,https://www.boamp.fr/pages/avis/?q=idweb:18-49999,legacy,48160000,48160000,,49020,ANGERS,,,,,
18-8280,2018-01-20,2018-02-19,,LA ROCHE-SUR-YON AGGLOMERATION,85,JOUE,APPEL_OFFRE,Avis de marché,OUVERT,FOURNITURES,5|1|,Informatique (matériel)|Informatique (maintenance serveurs et réseaux),Renouvellement des solutions de stockage informatique,,,,INITIAL,https://www.boamp.fr/pages/avis/?q=idweb:18-8280,legacy,48822000,48822000,,85000,La Roche-sur-Yon,300000.0,48.0,DUREE_MOIS,,
18-5589,2018-01-17,2018-01-31,,Communauté de Communes du Perche,28|61|72|45|27|14|78|41,JOUE,ATTRIBUTION,Résultat de marché,OUVERT,TRAVAUX,|10|6,"Ascenseur|Bardage|Bâtiment|Carburant, hydrocarbure|Carrelage|Chambre froide|Charpente|Chauffage (travaux)|Climatisation|Cloison, faux plafond|Couverture|Electricité (travaux)|Equipement hydraulique|Equipements spécialisés|Gros oeuvre|Isolation|Matériel de manutention|Menuiserie|Manutention|Peinture (travaux)|Réseaux divers|Revêtements de sols|Sanitaire|Serrurerie|Sécurité incendie|Ventilation|Amiante (désamiantage)",Réhabilitation des anciens abattoirs de Nogent le Rotrou pour y accueillir un atelier de découpe de viandes : attribution des marchés,VERGNAUD BATIMENT|GH|GH|FACE CEntre Loire|FACE CENTRE LOIRE|DEFI MAINE ANJOU|SMI|CHRARTRES MIROITERIE|BEZAULT|BEZAULT|LEDUC|SOL SOLUTION AGRO|COUEDIC MADORE EQUIPEMENT|SPIE|MISSENARD|Christian Ledru SARL|AXIMA|SNTTC,17-123584,,INITIAL,https://www.boamp.fr/pages/avis/?q=idweb:18-5589,legacy,45000000,45000000|45223220|44142000|39511100|44316500|45262650|45241100|44111520|44220000|44112300|45421146|44810000|45431000|45430000|44423300|09310000|35110000|45331000|42512000|45213210|42416100|09134200|42996000|45262660,,28400,Nogent-le-Rotrou,3030643.0,,,2017-12-04,
18-8879,2018-01-21,2018-02-20,,GIE SESAM Vitale,72,JOUE,APPEL_OFFRE,Avis de marché,NEGOCIE,SERVICES,5|1|,Assistance technique,Assistance technique maintien en condition operationnelle,,,,INITIAL,https://www.boamp.fr/pages/avis/?q=idweb:18-8879,legacy,72600000,72600000,,72019,Le mans cedex 2,,24.0,DUREE_MOIS,,
18-5823,2018-01-17,2018-02-15,,AUTORITE REGULATION ACTIVITES FERROVIA,75|72,JOUE,ATTRIBUTION,Résultat de marché,OUVERT,SERVICES,|10|6,Informatique (prestations de services)|Informatique (maintenance serveurs et réseaux),infogérance du système d'information de l'arafer,SARL XITHI,,,INITIAL,https://www.boamp.fr/pages/avis/?q=idweb:18-5823,legacy,72611000,72611000,,72019,Le Mans Cedex 02,260215.35,,,2017-07-22,2017-05-19
18-10415,2018-01-23,2018-03-01,2018-03-01T11:00:00+00:00,Université de Nantes,44,FNS,APPEL_OFFRE,Avis de marché,PROCEDURE_ADAPTE,FOURNITURES,5|1|,Radiologie (matériel),Acquisition d'une enceinte blindée haute énergie pour le Centre d'Imagerie Multimodale Appliqué (CIMA) de l'Université de Nantes,,,,INITIAL,https://www.boamp.fr/pages/avis/?q=idweb:18-10415,legacy,35113200,35113200,,44035,Nantes cedex 1,,30.0,DUREE_MOIS,,
18-7641,2018-01-18,2018-03-15,,Conseil régional des Pays de la Loire,44,FNS,ATTRIBUTION,Résultat de marché,PROCEDURE_ADAPTE,SERVICES,|10|6,Informatique (prestations de services),Réalisation d'une application de signalement pour les usagers du TER,BOOKBEO,17-120212,,INITIAL,https://www.boamp.fr/pages/avis/?q=idweb:18-7641,legacy,72000000,72000000,,44966,Nantes cedex 9,110000.0,,,2017-12-15,
18-9170,2018-01-24,2018-02-19,,Communauté Communes La Chataigneraie,85|79,JOUE,APPEL_OFFRE,Avis de marché,OUVERT,FOURNITURES,5|1|,Logiciel,fourniture et maintenance de logiciels métiers,,,,INITIAL,https://www.boamp.fr/pages/avis/?q=idweb:18-9170,legacy,48000000,48000000|None,,85120,La Châtaigneraie,221000.0,48.0,DUREE_MOIS,,
18-6506,2018-01-19,2018-04-17,,Conseil départemental de la Mayenne,53,JOUE,ATTRIBUTION,Résultat de marché,ATTRIBUE_SANS_PUB_JOUE,SERVICES,|10|6,Informatique (prestations de services),"maintenance, évolution et assistance des solutions logicielles de gestion de l'action sociale ""solis"", ""solatis""",Sas Info DB,,,INITIAL,https://www.boamp.fr/pages/avis/?q=idweb:18-6506,legacy,72267100,72267100,,53014,Laval cedex,620000.0,,,2017-12-20,
18-11225,2018-01-27,2018-02-26,,Nantes Métropole,44,JOUE,APPEL_OFFRE,Avis de marché,RESTREINT,SERVICES,5|1|,Informatique (prestations de services),tierce recette applicative sur des sites web et des applications mobiles,,,,INITIAL,https://www.boamp.fr/pages/avis/?q=idweb:18-11225,legacy,72000000,72000000,,44000,nantes,,48.0,DUREE_MOIS,,
18-9704,2018-01-24,2018-03-22,,Conseil départemental Loire-Atlantique,44,JOUE,ATTRIBUTION,Résultat de marché,OUVERT,SERVICES,|10|6,Informatique (maintenance serveurs et réseaux),"Fourniture, mise en oeuvre, maintenance et évolution d'une solution d'infrastructure pour le système d'information du Département",Société CIS VALLEY,,,INITIAL,https://www.boamp.fr/pages/avis/?q=idweb:18-9704,legacy,48822000,48822000,,44041,NANTES,2500000.0,,,2018-01-05,
18-12557,2018-01-28,2018-03-01,,La Cité des Congrès de Nantes,44,JOUE,APPEL_OFFRE,Avis de marché,OUVERT,SERVICES,5|1|,Maintenance|Réseaux divers|Informatique (maintenance serveurs et réseaux),"L'objet du marché concerne la refonte du Lan et du Wifi, les évolutions des infrastructures Pare-Feu, l'évolution de la Téléphonie et les prestations de maintenance associées",,,,INITIAL,https://www.boamp.fr/pages/avis/?q=idweb:18-12557,legacy,32424000,32424000|None,,44041,Nantes cedex 1,,12.0,DUREE_MOIS,,
18-10194,2018-01-25,2018-02-26,,Ministère des Affaires étrangères,75|44,JOUE,ATTRIBUTION,Résultat de marché,OUVERT,SERVICES,|10|6,Prestations de services|Informatique (maintenance serveurs et réseaux),"Fourniture dans le domaine des réseaux de matériels actifs, de logiciels afférents, de la maintenance et de prestations associées",SFR BUSINESS,17-134575,,INITIAL,https://www.boamp.fr/pages/avis/?q=idweb:18-10194,legacy,72315000,72315000|None,,75700,Paris 07 sp,2000000.0,,,2018-01-16,
18-12119,2018-01-28,2018-02-26,,Conseil régional des Pays de la Loire,44,JOUE,APPEL_OFFRE,Avis de marché,OUVERT,SERVICES,5|1|,Prestations de services,Renouvellement et exploitation du système d'information multimodale DESTINEO en Région des Pays de la Loire - Lot no4: Prestations d'exploitation,,,,INITIAL,https://www.boamp.fr/pages/avis/?q=idweb:18-12119,legacy,72312000,72312000,,44966,Nantes cedex 9,,,,,
18-10400,2018-01-25,2018-02-27,,METROPOLE NANTES METROPOLE,44,JOUE,ATTRIBUTION,Résultat de marché,OUVERT,FOURNITURES,|10|6,Alimentation en eau potable|Assainissement|Etanchéité|Matériel de secours et d'incendie|Pièces détachées|Produits des industries diverses,fourniture de pièces de réseau pour les opérateurs publics de l'eau et de l'assainissement,BAYARD|SAINT GOBAIN PAM|BAYARD|SOVAL SA|LNTP|SAINT GOBAIN PAM|BAYARD|LNTP,17-123595,,INITIAL,https://www.boamp.fr/pages/avis/?q=idweb:18-10400,legacy,44482200,44482200|35111200|34312500|44470000|44212382|42131146,,44928,Nantes cedex 9,277457.36,,,2018-01-18,2017-09-08
18-13131,2018-01-29,2018-02-23,2018-02-23T11:00:00+00:00,Cté de Communes d'Erdre et Gesvres,44,FNS,APPEL_OFFRE,Avis de marché,PROCEDURE_ADAPTE,SERVICES,5|1|,Logiciel,Acquisition d'un logiciel de gestion des activités : petite enfance et enfance jeunesse.,,,,INITIAL,https://www.boamp.fr/pages/avis/?q=idweb:18-13131,legacy,48000000,48000000,,44119,Grandchamp des Fontaines,,39.0,DUREE_MOIS,,
18-12847,2018-01-31,2018-03-29,,DIR INTERDEPARTEMENTALE ROUTES OUEST,35|22|29|44,JOUE,ATTRIBUTION,Résultat de marché,OUVERT,SERVICES,|10|6,Informatique (prestations de services),16-DIR-UDI-05,,17-136551,,INITIAL,https://www.boamp.fr/pages/avis/?q=idweb:18-12847,legacy,72267000,72267000,,35061,Rennes cedex,,,,,
18-13243,2018-01-29,2018-02-16,2018-02-16T11:00:00+00:00,Université d'Angers,49,FNS,APPEL_OFFRE,Avis de marché,PROCEDURE_ADAPTE,SERVICES,5|1|,Logiciel|Maintenance,Maintenance du logiciel ZIMBRA,,,,INITIAL,https://www.boamp.fr/pages/avis/?q=idweb:18-13243,legacy,72267100,72267100,,49035,Angers cedex 01,,48.0,DUREE_MOIS,,
18-12877,2018-01-31,2018-03-03,,Nantes Métropole,44,JOUE,ATTRIBUTION,Résultat de marché,OUVERT,SERVICES,|10|6,Informatique (prestations de services),"prestations en appui de la conduite de projets informatiques pour le compte du groupement de commande nantes métropole, ville de nantes et ccas",One Point|GFI  Informatique,17-111330,,INITIAL,https://www.boamp.fr/pages/avis/?q=idweb:18-12877,legacy,72250000,72250000,,,Nantes Cedex 9,738538.25,,,2018-01-16,2017-08-11
18-14081,2018-02-02,2018-03-06,,CDC du Pays de Saint Gilles Cx de Vie,85,JOUE,APPEL_OFFRE,Avis de marché,OUVERT,SERVICES,5|1|,Logiciel,fourniture d'un logiciel de gestion enfance / petite enfance / affaires scolaires et prestations associees,,,,INITIAL,https://www.boamp.fr/pages/avis/?q=idweb:18-14081,legacy,48000000,48000000|FA03,,85806,Saint gilles croix de vie,160000.0,48.0,DUREE_MOIS,,
18-13691,2018-02-01,2018-03-30,,Conseil régional des Pays de la Loire,44,JOUE,ATTRIBUTION,Résultat de marché,OUVERT,SERVICES,|10|6,Logiciel,A completer,JDS CONSEIL,17-142035,,INITIAL,https://www.boamp.fr/pages/avis/?q=idweb:18-13691,legacy,48000000,48000000,,44966,Nantes cedex 9,500000.0,,,2017-12-26,
18-15680,2018-02-07,2018-02-28,2018-02-28T11:00:00+00:00,Commune de Saint-Nazaire,44,FNS,APPEL_OFFRE,Avis de marché,PROCEDURE_ADAPTE,SERVICES,5|1|,Informatique (maintenance serveurs et réseaux),18S0009 - tierce maintenance applicative des sites internet de la ville de Saint-Nazaire et de la Carene,,,,INITIAL,https://www.boamp.fr/pages/avis/?q=idweb:18-15680,legacy,72000000,72000000,,44606,Saint-Nazaire cédex,160000.0,48.0,DUREE_MOIS,,
18-13756,2018-02-01,2018-03-30,,Conseil régional des Pays de la Loire,44,JOUE,ATTRIBUTION,Résultat de marché,OUVERT,SERVICES,|10|6,Logiciel,A completer,CITYWAY,17-140948,,INITIAL,https://www.boamp.fr/pages/avis/?q=idweb:18-13756,legacy,48000000,48000000,,44966,Nantes cedex 9,400000.0,,,2017-12-30,
18-17886,2018-02-07,2018-03-15,2018-03-15T16:00:00+00:00,Département de la Vendée,85,FNS,APPEL_OFFRE,Avis de marché,PROCEDURE_ADAPTE,SERVICES,5|1|,Informatique (assistance),Assistance technique et prestations d'experts sur l'environnement Microsoft,,,,INITIAL,https://www.boamp.fr/pages/avis/?q=idweb:18-17886,legacy,72600000,72600000,,85923,LA ROCHE SUR YON,,12.0,DUREE_MOIS,,
19-3707,2019-01-09,2019-02-25,2019-02-01T11:00:00+00:00,CH LE MANS,72,FNS,APPEL_OFFRE,Avis de marché,PROCEDURE_ADAPTE,FOURNITURES,5|1|,Informatique (matériel),Acquisition d'un outil de control de sérialisation et de maintenance pour les établissements parties du GHT 72,,,,INITIAL,https://www.boamp.fr/pages/avis/?q=idweb:19-3707,legacy,48170000,48170000,,72037,Le mans cedex 09,,36.0,DUREE_MOIS,,
19-2847,2019-01-10,2019-03-08,,Conseil départemental Loire-Atlantique,44,JOUE,ATTRIBUTION,Résultat de marché,OUVERT,SERVICES,|10|6,Maîtrise d'oeuvre|Assistance à maîtrise d'ouvrage,Prestations d'assistance à maîtrise d'ouvrage et maîtrise d'oeuvre de développement numérique,CGI FRANCE|Wavestone Advisors|Libre Logic SARL|Société ASI INFORMATIQUE|Apside|Wavestone Advisors|CGI FRANCE|Smile,,,INITIAL,https://www.boamp.fr/pages/avis/?q=idweb:19-2847,legacy,72600000,72600000,,44041,NANTES,2000000.0,,,2018-12-06,
19-1474,2019-01-06,2019-01-17,,Nantes Métropole,44,JOUE,RECTIFICATIF,Rectificatif,,SERVICES,,Télésurveillance,prestation de télésurveillance électronique pour des installations provisoires sur les sites de la ville de nantes et de nantes métropole (rectificatif),,18-168544,,RECTIFICATIF,https://www.boamp.fr/pages/avis/?q=idweb:19-1474,legacy,35120000,35120000,,44923,Nantes cedex 9,,,,,
19-1779,2019-01-09,2019-02-08,,Conseil régional des Pays de la Loire,44,JOUE,APPEL_OFFRE,Avis de marché,OUVERT,SERVICES,5|1|,Informatique (prestations de services),Créations et développements numériques hors typo 3,,,,INITIAL,https://www.boamp.fr/pages/avis/?q=idweb:19-1779,legacy,72212300,72212300,,44966,Nantes cedex 9,,12.0,DUREE_MOIS,,
19-1347,2019-01-10,2019-02-08,,Commune de Saint-Nazaire,44,JOUE,ATTRIBUTION,Résultat de marché,OUVERT,FOURNITURES,|10|6,Informatique (matériel),18s0066 - fournitures de services de solutions d'impression bureautiques - groupement de commande,Sas OMR Impression|Ricoh France SAS|Sphere Bureautique,18-97260,,INITIAL,https://www.boamp.fr/pages/avis/?q=idweb:19-1347,legacy,30120000,30120000|32581200,,44606,Saint-Nazaire cédex,963011.0,,,2018-11-29,2018-07-17
19-23801,2019-02-16,2019-03-15,,Conseil départemental Loire-Atlantique,44,JOUE,RECTIFICATIF,Rectificatif,,FOURNITURES,,Contrôle d'accès|Surveillance|Télésurveillance,"fourniture, pose et maintenance des équipements de sûreté des bâtiments du département de loire-atlantique (rectificatif)",,19-21908,,RECTIFICATIF,https://www.boamp.fr/pages/avis/?q=idweb:19-23801,legacy,35120000,35120000,,44041,Nantes,,,,,
19-3078,2019-01-10,2019-03-04,,Laval Agglomération,53,JOUE,APPEL_OFFRE,Avis de marché,OUVERT,TRAVAUX,5|1|,Audiovisuel|Bâtiment|Mobilier|Plomberie (travaux)|Textile|Tous corps d'état,Travaux de construction d'un pôle culturel à Laval,,,,INITIAL,https://www.boamp.fr/pages/avis/?q=idweb:19-3078,legacy,45212300,45212300|45000000|None|45262650|45443000|44316500|45421150|45432100|45311000|45313100|32320000|39110000,,53008,Laval cedex,,22.0,DUREE_MOIS,,
19-3641,2019-01-11,2019-04-01,,CCIR Pays de la Loire,44|85|52|49,JOUE,ATTRIBUTION,Résultat de marché,OUVERT,SERVICES,|10|6,Informatique (prestations de services),Marché de prestations de services informatiques pour l'externalisation de la hot line informatique,PROSERVIA,18-148384,,INITIAL,https://www.boamp.fr/pages/avis/?q=idweb:19-3641,legacy,72610000,72610000,,44105,Nantes Cedex 4,436920.0,,,2018-12-26,
19-57094,2019-04-14,2019-05-30,,LA ROCHE-SUR-YON AGGLOMERATION,85,JOUE,PRE-INFORMATION,Avis informatif,,TRAVAUX,5||3,"Ascenseur|Bâtiment|Charpente|Chauffage (travaux)|Cloison, faux plafond|Couverture|Electricité (travaux)|Espaces verts|Gros oeuvre|Matériel scénique|Menuiserie|Oeuvre d'art|Peinture (travaux)|Plomberie (travaux)|Revêtements de sols|Serrurerie|Terrassement|Ventilation",construction de la nouvelle scène de musiques actuelles de la roche-sur-yon agglomération,,,,INITIAL,https://www.boamp.fr/pages/avis/?q=idweb:19-57094,legacy,45212000,45212000|None|45223220|45261100|45261210|45421000|44316500|44112300|44112200|44810000|09310000|32351000|44812000,,85000,La Roche-sur-Yon,,,,,
19-2530,2019-01-10,2019-02-08,,CTRE NATIONAL D ENST A DISTANCE,85,JOUE,APPEL_OFFRE,Avis de marché,OUVERT,SERVICES,5|1|,Informatique (prestations de services)|Maintenance,Tierce maintenance applicative sur un ensemble de sites web et de leur back office,,,,INITIAL,https://www.boamp.fr/pages/avis/?q=idweb:19-2530,legacy,72250000,72250000|72251000,,86963,Chasseneuil futuroscope cedex,,12.0,DUREE_MOIS,,
19-3799,2019-01-11,2019-03-09,,SDIS 44,44|22|35|50,JOUE,ATTRIBUTION,Résultat de marché,OUVERT,FOURNITURES,|10|6,Matériel de sécurité,"Fourniture de gilets de signalisation haute visibilité, de reconnaissance et de fonction destinée à l'activité des Sapeur-Pompiers",T2S,18-134465,,INITIAL,https://www.boamp.fr/pages/avis/?q=idweb:19-3799,legacy,35113440,35113440,,44243,La chapelle sur erdre,25624.1,,,2018-01-03,
19-61573,2019-04-18,2019-05-13,,Conseil régional des Pays de la Loire,44,JOUE,RECTIFICATIF,Rectificatif,,FOURNITURES,,Logiciel,Fourniture de Licences logicielles Microsoft,,19-56150,,RECTIFICATIF,https://www.boamp.fr/pages/avis/?q=idweb:19-61573,legacy,48000000,48000000,,44966,Nantes cedex 9,,,,,
19-8964,2019-01-17,2019-02-08,2019-02-08T10:30:00+00:00,DEPARTEMENT DE LA SARTHE,72,FNS,APPEL_OFFRE,Avis de marché,PROCEDURE_ADAPTE,SERVICES,5|1|,Informatique (prestations de services),Prestations d'accompagnement à la mis en place d'un système d'information décisionnel,,,,INITIAL,https://www.boamp.fr/pages/avis/?q=idweb:19-8964,legacy,72600000,72600000,,72072,Le Mans,,,,,
19-3973,2019-01-13,2019-03-03,,Ville de Cholet,49,JOUE,ATTRIBUTION,Résultat de marché,OUVERT,SERVICES,|10|6,Eclairage public|Prestations de services|Ingénierie,géoréférencement des réseaux d'éclairage public et de signalisation lumineuse tricolore - groupement de commandes,Société ADRE Réseaux,18-91441,,INITIAL,https://www.boamp.fr/pages/avis/?q=idweb:19-3973,legacy,48326100,48326100,,49321,Cholet cedex,420000.0,,,2019-01-03,2018-07-05
19-8916,2019-01-17,2019-02-11,2019-02-11T13:00:00+00:00,Angers Loire Métropole,49,FNS,APPEL_OFFRE,Avis de marché,PROCEDURE_ADAPTE,SERVICES,5|1|,Logiciel,Solution d'accès et de saisie de données en mobilité,,,,INITIAL,https://www.boamp.fr/pages/avis/?q=idweb:19-8916,legacy,48900000,48900000,,49020,ANGERS,208999.0,12.0,DUREE_MOIS,,
19-8315,2019-01-19,2019-03-17,,Laval Agglomération,53,JOUE,ATTRIBUTION,Résultat de marché,OUVERT,SERVICES,|10|6,Informatique (maintenance serveurs et réseaux),"Évolution de l'infrastructure du système d'information pour le groupement de commande composé de la ville, du CCAS et de l'agglomération de Laval",DFI,18-129881,,INITIAL,https://www.boamp.fr/pages/avis/?q=idweb:19-8315,legacy,48822000,48822000,,53008,Laval cedex,466928.93,,,2018-12-10,
19-9782,2019-01-18,2019-02-12,2019-02-12T11:00:00+00:00,COM D AGGLO REG NAZAIRIENNE ESTUAIRE,44,FNS,APPEL_OFFRE,Avis de marché,PROCEDURE_ADAPTE,SERVICES,5|1|,Logiciel,19S0002_Acquisition et maintenance d'un système de gestion du dispositif Ecorenove pour la CARENE,,,,INITIAL,https://www.boamp.fr/pages/avis/?q=idweb:19-9782,legacy,72500000,72500000,,44605,Saint-Nazaire,,12.0,DUREE_MOIS,,
19-9498,2019-01-23,2019-03-21,,Angers Loire Métropole,49,JOUE,ATTRIBUTION,Résultat de marché,RESTREINT,SERVICES,|10|6,"Mission d'ordonnancement, pilotage, coordination (OPC)",opc urbain - renouvelement urbain npnru belle-beille et monplaisir,EGIS CONSEIL,18-101099|18-105346,,INITIAL,https://www.boamp.fr/pages/avis/?q=idweb:19-9498,legacy,72224000,72224000,,49020,Angers,,,,2018-12-20,2018-07-24
19-7404,2019-01-18,2019-02-20,,DIR INTERDEPARTEMENTALE ROUTES OUEST,35|22|29|44|53|56,JOUE,APPEL_OFFRE,Avis de marché,OUVERT,FOURNITURES,5|1|,Informatique (prestations de services),Fourniture en temps réel en temps différé de données vitesse issues de la localisation GNSS des véhicules circulant sur le réseau routier de la DIR-OUEST et des partenaires,,,,INITIAL,https://www.boamp.fr/pages/avis/?q=idweb:19-7404,legacy,72319000,72319000,,35031,RENNES CEDEX,,12.0,DUREE_MOIS,,
19-10753,2019-01-24,2019-03-21,,Université d'Angers,49,JOUE,ATTRIBUTION,Résultat de marché,OUVERT,FOURNITURES,|10|6,Audiovisuel,Accord cadre relatif à la fourniture et pose de matériels audiovisuels,ELACOM|SEDIM|SAS VIDELIO IEC|ELACOM,18-128950,,INITIAL,https://www.boamp.fr/pages/avis/?q=idweb:19-10753,legacy,32321300,32321300,,49035,Angers cedex 01,855800.0,,,2019-01-17,
19-8820,2019-01-19,2019-03-01,,AGCE POUR L ENST FR A L ETRANGER,75|44,JOUE,APPEL_OFFRE,Avis de marché,RESTREINT,SERVICES,5|1|,Logiciel,MISE A DISPOSITION D'UNE SOLUTION LOGICIELLE INFORMATIQUE DE GESTION BUDGETAIRE ET COMPTABLE ET SERVICES ASSOCIES,,,,INITIAL,https://www.boamp.fr/pages/avis/?q=idweb:19-8820,legacy,72220000,72220000,,75014,Paris,350000.0,24.0,DUREE_MOIS,,
19-12274,2019-01-25,2019-03-30,,SPR Pays de la Loire,44|49|53|85,JOUE,ATTRIBUTION,Résultat de marché,OUVERT,TRAVAUX,|10|6,Bâtiment,Construction du pôle mutualisé de formations à SAUMUR (49),GOHARD SAS,18-93488,,INITIAL,https://www.boamp.fr/pages/avis/?q=idweb:19-12274,legacy,45214800,45214800|45110000|45112710|45262210|45223220|45261000|45262650|45261420|45261213|45421000|44316500|44112000|45421146|44112310|32321200|None|45432111|45442100|35261000|42416100|09310000,,44202,Nantes,63573.1,,,2018-12-03,
19-10579,2019-01-21,2019-02-08,2019-02-08T15:00:00+00:00,Ville d'Angers,49,FNS,APPEL_OFFRE,Avis de marché,PROCEDURE_ADAPTE,FOURNITURES,5|1|,Panneaux,Renouvellement du dispositif de lutrins patrimoniaux dans le centre-ville d'Angers (Maine-et-Loire),,,,INITIAL,https://www.boamp.fr/pages/avis/?q=idweb:19-10579,legacy,35261000,35261000,,49020,ANGERS,208000.0,48.0,DUREE_MOIS,,
19-16548,2019-02-02,2019-03-02,,Université de Nantes,44|85,JOUE,ATTRIBUTION,Résultat de marché,OUVERT,FOURNITURES,|10|6,Audiovisuel|Informatique (matériel),"Fourniture de matériels informatiques et fourniture, installation d'équipements audiovisuels pour l'Université de Nantes",ESI FRANCE|CALESTOR-PERIWAY|OFFICEXPRESS|SEDIM JACLEBERT|SAS VIDELIO-IEC,18-101350,,INITIAL,https://www.boamp.fr/pages/avis/?q=idweb:19-16548,legacy,30200000,30200000|32321200,,44035,Nantes cedex 1,3650000.0,,,2018-12-21,
19-10428,2019-01-23,2019-02-25,,Département de la Vendée,85,JOUE,APPEL_OFFRE,Avis de marché,OUVERT,FOURNITURES,5|1|,Signalisation,"Fourniture et pose de la signalisation des itinéraires cyclables, pédestres et équestres de la Vendée",,,,INITIAL,https://www.boamp.fr/pages/avis/?q=idweb:19-10428,legacy,35261000,35261000|None,,85923,La Roche Sur Yon,,12.0,DUREE_MOIS,,
19-16148,2019-02-02,2019-03-31,,CHU de Nantes,44,JOUE,ATTRIBUTION,Résultat de marché,ATTRIBUE_SANS_PUB_JOUE,SERVICES,|10|6,Informatique (prestations de services),"Maintenance corrective, adaptative, règlementaire et évolutive du progiciel XPLORE WEB",EDL,,,INITIAL,https://www.boamp.fr/pages/avis/?q=idweb:19-16148,legacy,72267100,72267100,,44093,Nantes cedex,216511.68,,,2019-01-29,
19-12872,2019-01-24,2019-02-22,2019-02-22T11:00:00+00:00,Communauté d'agglomération du Niortais,79|16|17|86|33|44|87|85|49,FNS,APPEL_OFFRE,Avis de marché,PROCEDURE_ADAPTE,SERVICES,5|1|,Informatique (prestations de services),La consultation porte sur la passation simultannée de deux contrats : - Un accord cadre qui a pour objet de définir les termes des marchés à passer pour la mise en place d'un marché de service p,,,,INITIAL,https://www.boamp.fr/pages/avis/?q=idweb:19-12872,legacy,48900000,48900000,,79027,Niort cedex,,48.0,DUREE_MOIS,,
19-19522,2019-02-08,2019-02-27,,GIE SESAM Vitale,72,JOUE,ATTRIBUTION,Résultat de marché,NEGOCIE,SERVICES,|10|6,Assistance technique,Assistance technique- Sécurité des systèmes d'information,Orange cyberdefense|Wavestone advisors|Oppida,18-26430,,INITIAL,https://www.boamp.fr/pages/avis/?q=idweb:19-19522,legacy,72000000,72000000,,72019,Le mans cedex 2,877925.0,,,2019-01-11,
19-13483,2019-01-27,2019-03-01,,ONIRIS,44,JOUE,APPEL_OFFRE,Avis de marché,DIALOGUE_COMPETITIF,SERVICES,5|1|,Logiciel,Système d'information de laboratoires d'analyses de biologie vétérinaire,,,,INITIAL,https://www.boamp.fr/pages/avis/?q=idweb:19-13483,legacy,48000000,48000000|LA21,,44307,Nantes,,8.0,DUREE_MOIS,,
19-21362,2019-02-10,2019-04-08,,Conseil départemental Loire-Atlantique,44,JOUE,ATTRIBUTION,Résultat de marché,OUVERT,TRAVAUX,|10|6,Bâtiment,Reconstruction du centre départemental enfance familles (CDEF) à SAINT SEBASTIEN SUR LOIRE,DONADA|AUBRON MECHINEAU|DOUILLARD|Société ANDRE BTP|SANI TOITURE|Société OUEST ETANCHE|SN ALUGO|TSI METATECH TUYAUTERIE SOUDURE INDUSTRIELLE|MENUISERIE CARDINAL|Société APPLICATION TECHNIQUES INDUSTRIELLES (SATI)|Société PLAFISOL|BATICERAM|BATICERAM|Société ROSSI|Entreprise VILLEMONTEIL|Société NOUVELLE SOCIETE D ASCENSEURS|Société CEME MOREAU|BLI SAS|ETABLISSEMENT BIARD FROID|BUREAU TP (Travaux Publics)|ARBORA,,,INITIAL,https://www.boamp.fr/pages/avis/?q=idweb:19-21362,legacy,45215210,45215210|None|45223220|45261100|45261213|45421146|45262321|45431000|45432111|45442100|45313100|39221000|32400000|45112710,,44041,NANTES,9750000.0,,,2019-01-24,
19-16528,2019-01-31,2019-02-26,2019-02-26T11:00:00+00:00,CDC du Pays de Saint Gilles Cx de Vie,85,FNS,APPEL_OFFRE,Avis de marché,PROCEDURE_ADAPTE,,5|1|,"Ascenseur|Détection incendie|Extincteur|Gaz divers|Matériel agricole, horticole|Matériel électrique|Matériel de manutention|Matériel de sécurité|Réseaux divers|Sécurité incendie|Ventilation|Aire de jeux|Porte automatique, portail",Contrôle et vérifications périodiques réglementaires,,,,INITIAL,https://www.boamp.fr/pages/avis/?q=idweb:19-16528,legacy,71315400,71315400|50532400|71315410|50531200|35100000|71631100|50870000,,85806,Saint gilles croix de vie,,36.0,DUREE_MOIS,,
19-21876,2019-02-13,2019-04-08,,DIR INTERDEPARTEMENTALE ROUTES OUEST,35|22|44|29,JOUE,ATTRIBUTION,Résultat de marché,OUVERT,SERVICES,|10|6,Informatique (matériel)|Réseaux divers,18-DIR-UDI-03,,18-87219,,INITIAL,https://www.boamp.fr/pages/avis/?q=idweb:19-21876,legacy,72267000,72267000,,35061,Rennes cedex,,,,,
19-15670,2019-02-01,2019-03-08,,CTRE HOSP UNIVERSITAIRE ANGERS,49,JOUE,APPEL_OFFRE,Avis de marché,OUVERT,SERVICES,5|1|,Informatique (prestations de services)|Télésurveillance,La location en mode SaaS (logiciel en tant que service) d'un logiciel de gestion des plannings médicaux ainsi que toutes les prestations nécessaires à sa mise en oeuvre et à sa maintenance.,,,,INITIAL,https://www.boamp.fr/pages/avis/?q=idweb:19-15670,legacy,72000000,72000000,,49933,Angers cédex 9,,48.0,DUREE_MOIS,,
19-22323,2019-02-13,2019-04-04,,Conseil régional des Pays de la Loire,44,JOUE,ATTRIBUTION,Résultat de marché,OUVERT,SERVICES,|10|6,Site internet,REFONTE DES SITES INSTITUTIONNELS ET INTERNE DE LA REGION DES PAYS DE LA LOIRE,RC2C SA,18-128655,,INITIAL,https://www.boamp.fr/pages/avis/?q=idweb:19-22323,legacy,72420000,72420000,,44966,Nantes cedex 9,800000.0,,,2019-01-11,
19-16942,2019-02-03,2019-03-06,,Nantes Métropole,44,JOUE,APPEL_OFFRE,Avis de marché,OUVERT,SERVICES,5|1|,Prestations de services,"Mission de veille de la presse écrite, audiovisuelle et du web sur le thème "" jules verne "" au profit du musée Jules Verne de Nantes métropole.",,,,INITIAL,https://www.boamp.fr/pages/avis/?q=idweb:19-16942,legacy,72318000,72318000,,44923,Nantes  cedex 9,,48.0,DUREE_MOIS,,
19-24293,2019-02-16,2019-05-14,,MAINE LOIRE HABITAT OFFICE PUB HABITAT,49,JOUE,ATTRIBUTION,Résultat de marché,NEGOCIE,SERVICES,|10|6,Informatique (maintenance serveurs et réseaux),Hébergement et infogérance de serveurs - Groupement de commande,Sgma Informatique,18-101085,,INITIAL,https://www.boamp.fr/pages/avis/?q=idweb:19-24293,legacy,72700000,72700000|48800000,,49001,Angers,566614.0,,,2018-12-13,
19-17531,2019-02-03,2019-03-03,,association songo,44,JOUE,APPEL_OFFRE,Avis de marché,OUVERT,FOURNITURES,5|1|,Audiovisuel,"MARCHE 19_01 : FOURNITURE, INSTALLATION ET SERVICE APRES-VENTE DE MATERIELS AUDIOVISUELS",,,,INITIAL,https://www.boamp.fr/pages/avis/?q=idweb:19-17531,legacy,32321300,32321300|None,,44200,Nantes,,6.0,DUREE_MOIS,,
19-24486,2019-02-16,2019-03-12,,AGCE POUR L ENST FR A L ETRANGER,75|44,JOUE,ATTRIBUTION,Résultat de marché,OUVERT,SERVICES,|10|6,Informatique (prestations de services),"Tierce maintenance applicative, d'assistance à maîtrise d'oeuvre et d'assistance à maîtrise d'ouvrage portant sur l'application MAGE basée sur l'ERP PeopleSoft",HRGSYS,18-144285,,INITIAL,https://www.boamp.fr/pages/avis/?q=idweb:19-24486,legacy,72500000,72500000,,75014,Paris,2496000.0,,,2019-02-12,
19-17058,2019-02-03,2019-03-07,,Conseil régional des Pays de la Loire,44,JOUE,APPEL_OFFRE,Avis de marché,OUVERT,SERVICES,5|1|,Informatique (prestations de services)|Prestations de services,Accompagnement à la mise en oeuvre de la transformation numérique,,,,INITIAL,https://www.boamp.fr/pages/avis/?q=idweb:19-17058,legacy,72220000,72220000,,44966,Nantes cedex 9,,12.0,DUREE_MOIS,,
19-26906,2019-02-21,2019-03-20,,Nantes Métropole,44,JOUE,ATTRIBUTION,Résultat de marché,OUVERT,SERVICES,|10|6,Informatique (assistance),maintenance et extension de progiciels systèmes,AIS,18-53804,,INITIAL,https://www.boamp.fr/pages/avis/?q=idweb:19-26906,legacy,48213000,48213000,,44923,Nantes cedex 9,228931.0,,,2018-08-21,2018-04-24
19-15197,2019-02-04,2019-03-04,2019-03-04T11:00:00+00:00,Syndicat Trivalis,85,FNS,APPEL_OFFRE,Avis de marché,PROCEDURE_ADAPTE,TRAVAUX,5|1|,Drainage|Etanchéité|Minéraux divers|Ouvrage d'infrastructure|Réseaux divers|Terrassement,travaux de construction des casiers a11 et a12 et de couverture des casiers a9 et a10 sur l'installation de stockage de déchets non dangereux (isdnd) de tallud-sainte-gemme,,,,INITIAL,https://www.boamp.fr/pages/avis/?q=idweb:19-15197,legacy,None,None|45112500|45261420|45232451|75310000|32400000,,85015,La Roche sur Yon,,,,,
19-30559,2019-02-27,2019-05-25,,DEPARTEMENT DE LA SARTHE,72,JOUE,ATTRIBUTION,Résultat de marché,OUVERT,FOURNITURES,|10|6,Sécurité incendie,Fourniture Et Controle Annuel Des Equipements De Securite Incendie Du Departement De La Sarthe,Eurofeu,18-152399,,INITIAL,https://www.boamp.fr/pages/avis/?q=idweb:19-30559,legacy,35100000,35100000,,72072,Le Mans,400000.0,,,2019-02-25,
19-18202,2019-02-04,2019-03-08,2019-03-08T11:00:00+00:00,Ville de Villemomble,93|38|44,FNS,APPEL_OFFRE,Avis de marché,PROCEDURE_ADAPTE,SERVICES|FOURNITURES,5|1|,Matériel de secours et d'incendie|Sécurité incendie,"Le présent marché porte sur des prestations de vérification, de maintenance, de fourniture et d'installation d'appareils mobiles d'extinction contre les risques d'incendie et des d",,,,INITIAL,https://www.boamp.fr/pages/avis/?q=idweb:19-18202,legacy,35111300,35111300,,93250,Villemomble,,48.0,DUREE_MOIS,,
19-32876,2019-03-02,2019-04-15,,CH LE MANS,72,JOUE,ATTRIBUTION,Résultat de marché,OUVERT,FOURNITURES,|10|6,Extincteur|Prestations de services,Acquisition d'extincteurs et de petites fournitures courantes ET maintenance du parc des matériels de lutte contre l'incendie,EUROFEU SERVICES|T E C C,18-127511,,INITIAL,https://www.boamp.fr/pages/avis/?q=idweb:19-32876,legacy,35111300,35111300|None|50413200,,72037,Le mans cedex 09,112040.0,,,2019-02-20,
19-18263,2019-02-06,2019-03-11,,DEPARTEMENT DE LA SARTHE,72,JOUE,APPEL_OFFRE,Avis de marché,NEGOCIE,SERVICES,5|1|,Informatique (prestations de services)|Informatique (assistance)|Informatique (maintenance serveurs et réseaux),Prestations d'intégration de déploiement et de maintenance du numérique dans les collèges du département de la Sarthe et sites associés,,,,INITIAL,https://www.boamp.fr/pages/avis/?q=idweb:19-18263,legacy,72500000,72500000,,72072,Le Mans,,12.0,DUREE_MOIS,,
19-32320,2019-03-02,2019-03-28,,CAP ATLANTIQUE,44,JOUE,ATTRIBUTION,Résultat de marché,OUVERT,FOURNITURES,|10|6,Informatique (matériel)|Télécommunications,Accord cadre à marchés subséquents - fourniture de materiel informatique et téléphonique,PENTASONIC|ESI FRANCE|PROSELIS|LES ARTISANS DU MOBILE|ESI FRANCE|ONE DIRECT,,,INITIAL,https://www.boamp.fr/pages/avis/?q=idweb:19-32320,legacy,30200000,30200000|32250000,,44503,LA BAULE,800000.0,,,2019-02-07,
19-17307,2019-02-06,2019-03-07,,COMMUNE DE NANTES,44,JOUE,APPEL_OFFRE,Avis de marché,OUVERT,FOURNITURES,5|1|,"Lubrifiants|Matériaux de construction|Matériel d'imprimerie|Manutention|Outillage|Peinture (fourniture)|Plomberie (travaux)|Quincaillerie (articles)|Réservoir|Serrurerie|Textile|Electricité, gaz (fourniture)","fournitures d'outillages, d'équipements techniques et de consommables divers",,,,INITIAL,https://www.boamp.fr/pages/avis/?q=idweb:19-17307,legacy,44512000,44512000|31000000|None|31500000|31518200|44522200|44521000|44100000|35821000|42418000|44600000|30192112|50313000|19243000|43812000,,44094,Nantes cedex 1,,48.0,DUREE_MOIS,,
19-33369,2019-03-03,2019-03-25,,GIE SESAM Vitale,72,JOUE,ATTRIBUTION,Résultat de marché,NEGOCIE,SERVICES,|10|6,Assistance technique,Assistance technique maintien en condition operationnelle,Dxc technology france|Sii,18-8879,,INITIAL,https://www.boamp.fr/pages/avis/?q=idweb:19-33369,legacy,72600000,72600000,,72019,Le mans cedex 2,1854370.0,,,2019-01-11,
19-21370,2019-02-08,2019-04-01,2019-04-01T11:00:00+00:00,ESAT Foyers,44,FNS,APPEL_OFFRE,Avis de marché,PROCEDURE_ADAPTE,FOURNITURES,5|1|,Informatique (matériel)|Informatique (prestations de services)|Informatique (maintenance serveurs et réseaux),Procédure Adaptée relative à la CONVERGENCE DES SYSTEMES D'INFORMATION DE 3 ETABLISSEMENTS MEDICO-SOCIAUX PLACES SOUS DIRECTION COMMUNE et réunis en GROUPEMENT DE COMMANDE,,,,INITIAL,https://www.boamp.fr/pages/avis/?q=idweb:19-21370,legacy,48800000,48800000,,44260,SAVENAY,,60.0,DUREE_MOIS,,
19-41608,2019-03-20,2019-04-18,,"SEMITAN, mandataire de la CUN",44,JOUE,ATTRIBUTION,Résultat de marché,OUVERT,SERVICES,|10|6,Ingénierie,Ingénierie SAE tramways,INGEROP Conseil &amp; Ingénierie,18-139266,,INITIAL,https://www.boamp.fr/pages/avis/?q=idweb:19-41608,legacy,72224000,72224000|None,,44046,Nantes Cedex 1,,,,2019-03-01,2018-10-10
19-176963,2020-01-06,2020-01-31,2020-01-31T13:00:00+00:00,Angers Loire Métropole,49,FNS,APPEL_OFFRE,Avis de marché,PROCEDURE_ADAPTE,SERVICES,5|1|,Informatique (prestations de services)|Maintenance|Informatique (assistance),"Prestations d'assistance au développement sous typo 3, et maintenance web et prestations complémentaires",,,,INITIAL,https://www.boamp.fr/pages/avis/?q=idweb:19-176963,legacy,72212224,72212224,,49020,Angers Cedex 02,,48.0,DUREE_MOIS,,
20-81,2020-01-04,2020-03-31,,Le Mans Métropole - Communauté Urbaine,72,JOUE,ATTRIBUTION,Résultat de marché,OUVERT,FOURNITURES,|10|6,Equipement industriel,Achat de matériels pour la Setrram,Lavance|Montanier|Europe Service|Amio|Knorr-Bremse Systèmes Ferroviaires France S.A|Comeca Power|Comeca Power|Vitamotor Maintenance|Comeca Power|Econocom Products Et Solutions|Maine Radiocom|Solstis|Isi-Com|Sarl Fcc Dreux,19-119207,,INITIAL,https://www.boamp.fr/pages/avis/?q=idweb:20-81,legacy,39300000,39300000|42995100|42924740|42410000|31630000|42512000|50222000|42512500|32323000|32236000|30230000|48900000|50113200,,72039,Le Mans,537027.98,,,2019-12-23,
20-201,2020-01-04,2020-01-27,,Nantes Métropole,44,JOUE,RECTIFICATIF,Rectificatif,,SERVICES,,Informatique (prestations de services),tierce maintenance applicative de l'usine à sites (maintien en conditions opérationnelles et évolutions) (rectificatif),,19-191665,,RECTIFICATIF,https://www.boamp.fr/pages/avis/?q=idweb:20-201,legacy,72250000,72250000,,44036,Nantes cedex 9,,,,,
20-892,2020-01-07,2020-01-30,2020-01-30T17:00:00+00:00,Commune des Herbiers,85,FNS,APPEL_OFFRE,Avis de marché,PROCEDURE_ADAPTE,FOURNITURES,5|1|,Mobilier,marché de fourniture de mobilier pour l'aménagement du centre technique municipal et intercommunal,,,,INITIAL,https://www.boamp.fr/pages/avis/?q=idweb:20-892,legacy,None,None|39113000|39130000|45212230|35113000|39131100,,85502,Les Herbiers,,,,,
20-664,2020-01-05,2020-03-03,,SDIS 44,44,JOUE,ATTRIBUTION,Résultat de marché,OUVERT,FOURNITURES,|10|6,Pièces détachées,Fourniture de pièces détachées pour réaliser la maintenance en régie des appareils de protection respiratoire de marque MSA,,19-131092,,INITIAL,https://www.boamp.fr/pages/avis/?q=idweb:20-664,legacy,35111100,35111100,,44243,La chapelle sur erdre,,,,,
20-1280,2020-01-08,2020-03-06,,Université d'Angers,49,JOUE,RECTIFICATIF,Rectificatif,,FOURNITURES,,Audiovisuel,Fourniture d'équipements audiovisuels et visioconférence,,19-190328,,RECTIFICATIF,https://www.boamp.fr/pages/avis/?q=idweb:20-1280,legacy,32321300,32321300,,49035,Angers cedex 01,,,,,
20-2441,2020-01-10,2020-02-10,,Ville du Mans,72,JOUE,APPEL_OFFRE,Avis de marché,OUVERT,FOURNITURES,5|1|,"Cd, DVD",Acquisition de documents sonores et audiovisuels - supports préenregistrés son et images destinés à tous les publics du réseau des médiathèques de la Ville du Mans - Années 2020 à,,,,INITIAL,https://www.boamp.fr/pages/avis/?q=idweb:20-2441,legacy,32353000,32353000|32354500,,72039,Le Mans,,48.0,DUREE_MOIS,,
20-865,2020-01-06,2020-03-06,,Communauté de Communes de Grand Lieu,44,FNS,ATTRIBUTION,Résultat de marché,PROCEDURE_ADAPTE,TRAVAUX,|10|6,Surveillance,"Fourniture, mise en oeuvre et maintenance d'un système de vidéo protection sur les zones et parcs d'activités ainsi que sur certains bâtiments de la Communauté de Communes de Grand Lieu (44)",I3S mandataire groupement I3S / Eiffage Energie Systèmes Loire Océan,19-130305,,INITIAL,https://www.boamp.fr/pages/avis/?q=idweb:20-865,legacy,35120000,35120000,,44118,La chevroliere,331783.53,,,2019-12-20,
20-8494,2020-01-22,2020-02-14,,Conseil départemental Loire-Atlantique,44,JOUE,PRE-INFORMATION,Avis informatif,,SERVICES,5||3,Espaces verts|Etude,SOURCING - Marché pour la modélisation numérique et la simulation numérique de l'évolution d'un paysage de haies bocagères en fonction de leur mode d'entretien,,,,INITIAL,https://www.boamp.fr/pages/avis/?q=idweb:20-8494,legacy,72242000,72242000,,,Nantes,,,,,
20-4011,2020-01-12,2020-02-13,,CNIEG,44,JOUE,APPEL_OFFRE,Avis de marché,OUVERT,SERVICES,5|1|,Informatique (prestations de services),PRESTATIONS D'ASSISTANCE AU PILOTAGE DANS LA MISE EN PLACE DE PROJETS DE LA COG 2020-2024,,,,INITIAL,https://www.boamp.fr/pages/avis/?q=idweb:20-4011,legacy,72224000,72224000,,44200,NANTES,1200000.0,24.0,DUREE_MOIS,,
20-654,2020-01-08,2020-03-06,,Angers Loire Métropole,49,JOUE,ATTRIBUTION,Résultat de marché,OUVERT,SERVICES,|10|6,Maintenance,EVOLUTIONS ET MAINTENANCE CORRECTIVE DU SYSTEME ATOUT (CARTE DE VIE QUOTIDIENNE - REFERENTIEL PARTAGE- SERVICES EN LIGNE),GFI INFORMATIQUE,19-85688,,INITIAL,https://www.boamp.fr/pages/avis/?q=idweb:20-654,legacy,72267000,72267000,,49020,ANGERS,138375.0,,,2019-12-09,2019-06-06
20-12576,2020-01-29,2020-02-27,,CHD VENDEE,85,JOUE,RECTIFICATIF,Rectificatif,,FOURNITURES,,Télésurveillance,"Fourniture, installation, et mise en service d'un système de sûreté ; vidéoprotection et contrôle d'accès",,20-10180,,RECTIFICATIF,https://www.boamp.fr/pages/avis/?q=idweb:20-12576,legacy,32323500,32323500,,85925,La roche sur yon cedex 9,,,,,
20-4259,2020-01-12,2020-04-01,,SYDELA,44|49|53,JOUE,APPEL_OFFRE,Avis de marché,OUVERT,SERVICES,5|1|,Logiciel,Mise à disposition d'un système d'information de management de l'énergie (SIME),,,,INITIAL,https://www.boamp.fr/pages/avis/?q=idweb:20-4259,legacy,48000000,48000000,,44701,Orvault cedex 1,,72.0,DUREE_MOIS,,
20-1217,2020-01-08,2020-04-04,,DEPARTEMENT DE LA MAYENNE,53,JOUE,ATTRIBUTION,Résultat de marché,RESTREINT,SERVICES,|10|6,Logiciel,"Logiciel Marcoweb : maintenance, formation et prestations associées",Agysoft,,,INITIAL,https://www.boamp.fr/pages/avis/?q=idweb:20-1217,legacy,72267100,72267100,,53014,Laval,140000.0,,,2020-01-01,
20-14868,2020-02-01,2020-02-27,,CHD VENDEE,85,JOUE,RECTIFICATIF,Rectificatif,,FOURNITURES,,Télésurveillance,"Fourniture, installation, et mise en service d'un système de sûreté ; vidéoprotection et contrôle d'accès",,20-10180|20-12576,,RECTIFICATIF,https://www.boamp.fr/pages/avis/?q=idweb:20-14868,legacy,32323500,32323500,,85925,La roche sur yon cedex 9,,,,,
20-6019,2020-01-14,2020-04-06,2020-02-21T14:00:00+00:00,Cté de Communes de la Région de Blain,44,FNS,APPEL_OFFRE,Avis de marché,PROCEDURE_ADAPTE,FOURNITURES,5|1|,Logiciel,FOURNITURE D'UN LOGICIEL DE GESTION DES MARCHES PUBLICS ET PRESTATIONS ASSOCIEES POUR LA COMMUNAUTE DE COMMUNES DE LA REGION DE BLAIN,,,,INITIAL,https://www.boamp.fr/pages/avis/?q=idweb:20-6019,legacy,48000000,48000000,,44130,Blain,,24.0,DUREE_MOIS,,
20-4175,2020-01-12,2020-02-10,,ETABLISSEMENT PUBLIC DU MARAIS POITEVI,85,JOUE,ATTRIBUTION,Résultat de marché,OUVERT,SERVICES,|10|6,Informatique (prestations de services),Exploitation et maintenance du système d'information sur l'eau du marais Poitevin,,19-155590,,INITIAL,https://www.boamp.fr/pages/avis/?q=idweb:20-4175,legacy,72212900,72212900|71313000,,85400,Luçon,295797.58,,,2019-12-20,
20-29713,2020-02-28,2020-04-15,,Ville de Bouguenais,44,JOUE,RECTIFICATIF,Rectificatif,,FOURNITURES,,Informatique (maintenance serveurs et réseaux),Fourniture et mise en oeuvre d'infrastructures Lan et Wifi pour la ville de Bouguenais,,20-27109,,RECTIFICATIF,https://www.boamp.fr/pages/avis/?q=idweb:20-29713,legacy,32400000,32400000,,44341,BOUGUENAIS CEDEX,,,,,
20-5957,2020-01-16,2020-02-14,,Conseil régional des Pays de la Loire,44,JOUE,APPEL_OFFRE,Avis de marché,OUVERT,SERVICES,5|1|,Informatique (prestations de services),"CREATION D'UNE PLATEFORME NUMERIQUE D'OFFRES DE STAGES ET DE CONTRATS D'ALTERNANCE : Mise en ligne, apport d'offres et maintenance",,,,INITIAL,https://www.boamp.fr/pages/avis/?q=idweb:20-5957,legacy,72000000,72000000,,44966,Nantes cedex 9,,12.0,DUREE_MOIS,,
20-8658,2020-01-22,2020-03-20,,CHD VENDEE,85,JOUE,ATTRIBUTION,Résultat de marché,OUVERT,FOURNITURES,|10|6,Télésurveillance,"Fourniture, installation, et mise en service d'un système de sûreté ; vidéoprotection et contrôle d'accès",,19-152453|19-155267|19-167905,,INITIAL,https://www.boamp.fr/pages/avis/?q=idweb:20-8658,legacy,32323500,32323500|None|45233292,,85925,La roche sur yon cedex 9,,,,,2019-10-11
20-39867,2020-03-18,2020-03-27,,Réseau Canopé,86|44|75|33,JOUE,RECTIFICATIF,Rectificatif,,SERVICES,,Informatique (prestations de services),20-009 Prestations de conception et développement numériques,,20-23104,,RECTIFICATIF,https://www.boamp.fr/pages/avis/?q=idweb:20-39867,legacy,72000000,72000000,,86961,Futuroscope cedex,,,,,
20-6008,2020-01-16,2020-03-20,,CTRE HOSP UNIVERSITAIRE ANGERS,49,JOUE,APPEL_OFFRE,Avis de marché,OUVERT,SERVICES,5|1|,Matériel de secours et d'incendie,"PRESTATIONS DE MAINTENANCE PREVENTIVE, CORRECTIVE ET FOURNITURE DE PIECES DETACHEES POUR LES EXTINCTEURS, ARI, RIA, COLONNES SECHES ET POTEAUX INCENDIE DES ETABLISSEMENTS DU GHT 49",,,,INITIAL,https://www.boamp.fr/pages/avis/?q=idweb:20-6008,legacy,50413200,50413200|35110000,,49933,Angers cédex 9,,12.0,DUREE_MOIS,,
20-9575,2020-01-23,2020-03-20,,Conseil régional des Pays de la Loire,44,JOUE,ATTRIBUTION,Résultat de marché,OUVERT,SERVICES,|10|6,Maintenance,MAINTENANCE ET EVOLUTIONS DES RESEAUX LAN ET WIFI,L'ETE - AXIANS,19-147943,,INITIAL,https://www.boamp.fr/pages/avis/?q=idweb:20-9575,legacy,72700000,72700000,,44966,Nantes cedex 9,700000.0,,,2019-12-27,2019-09-25
20-39421,2020-03-18,2020-04-06,,Nantes Métropole,44,JOUE,RECTIFICATIF,Rectificatif,,SERVICES,,Informatique (prestations de services)|Site internet,"conseil en stratégie de contenus web, l'animation et la conception de contenus digitaux pour le site nantes entreprise dans ma poche (rectificatif)",,20-26328,,RECTIFICATIF,https://www.boamp.fr/pages/avis/?q=idweb:20-39421,legacy,72130000,72130000,,44923,Nantes cedex 9,,,,,
20-6485,2020-01-19,2020-02-20,,CNIEG,44,JOUE,APPEL_OFFRE,Avis de marché,OUVERT,SERVICES,5|1|,Maintenance,Confier une partie des activités informatiques de la CNIEG à un tiers sous la forme d'un marché d'infogérance.,,,,INITIAL,https://www.boamp.fr/pages/avis/?q=idweb:20-6485,legacy,72250000,72250000,,44200,NANTES,2000000.0,24.0,DUREE_MOIS,,
20-9582,2020-01-23,2020-03-08,,Conseil régional des Pays de la Loire,44,JOUE,ATTRIBUTION,Résultat de marché,OUVERT,SERVICES,|10|6,Informatique (prestations de services)|Prestations de services,Accompagnement à la mise en oeuvre de la transformation numérique,,19-17058,,INITIAL,https://www.boamp.fr/pages/avis/?q=idweb:20-9582,legacy,72220000,72220000,,44966,Nantes cedex 9,1000000.0,,,2019-05-24,2019-09-25
20-40291,2020-03-19,2020-04-06,,Nantes Métropole,44,JOUE,RECTIFICATIF,Rectificatif,,SERVICES,,Prestations de services,hébergement du data center de nantes métropole et prestations associées pour les besoins de nantes métropole (rectificatif),,20-26585,,RECTIFICATIF,https://www.boamp.fr/pages/avis/?q=idweb:20-40291,legacy,72250000,72250000,,,Nantes cedex 9,,,,,
20-8882,2020-01-20,2020-02-20,2020-02-20T13:00:00+00:00,Ville d'Angers,49,FNS,APPEL_OFFRE,Avis de marché,PROCEDURE_ADAPTE,FOURNITURES,5|1|,Chaussures ou articles chaussants|Habillement|Matériel de sécurité,acquisition des tenues et équipements pour la sécurité et la prévention,,,,INITIAL,https://www.boamp.fr/pages/avis/?q=idweb:20-8882,legacy,None,None|35321100,,49020,Angers,,12.0,DUREE_MOIS,,
20-10004,2020-01-24,2020-02-22,,Mairie de Coueron,44|49|85|35,JOUE,ATTRIBUTION,Résultat de marché,NEGOCIE,FOURNITURES,|10|6,Informatique (matériel)|Informatique (prestations de services)|Informatique (maintenance serveurs et réseaux),Refonte de l'infrastructure du système d'information de la ville de Couëron,AVITI|QUADRIA SAS,19-101998,,INITIAL,https://www.boamp.fr/pages/avis/?q=idweb:20-10004,legacy,30200000,30200000|72000000,,44220,Couëron,432209.0,,,2020-01-08,2019-07-05
20-40785,2020-03-19,2020-04-06,,COMMUNE DE NANTES,44,JOUE,RECTIFICATIF,Rectificatif,,FOURNITURES,,Armement,"fourniture et livraison de pistolets à impulsion électrique, munitions, et accessoires pour la police municipale (nantes) et la police métropolitaine des transports en commun (NM)(rectificatif)",,20-29244,,RECTIFICATIF,https://www.boamp.fr/pages/avis/?q=idweb:20-40785,legacy,35300000,35300000,,44094,Nantes,,,,,
20-9474,2020-01-21,2020-02-11,2020-02-11T11:00:00+00:00,Conseil départemental Loire-Atlantique,44,FNS,APPEL_OFFRE,Avis de marché,PROCEDURE_ADAPTE,SERVICES,5|1|,Signalétique,Signalétique événementielle,,,,INITIAL,https://www.boamp.fr/pages/avis/?q=idweb:20-9474,legacy,35261000,35261000,,44041,NANTES,200000.0,36.0,DUREE_MOIS,,
20-10745,2020-01-25,2020-03-23,,COMMUNE DE MAUGES SUR LOIRE,49,JOUE,ATTRIBUTION,Résultat de marché,OUVERT,SERVICES,|10|6,"Cloison, faux plafond|Informatique (matériel)|Informatique (prestations de services)|Informatique (maintenance serveurs et réseaux)",Renouvellement du système informatique et du système de collaboration en ligne,UNYC|SCIT|SCIT,19-160506,,INITIAL,https://www.boamp.fr/pages/avis/?q=idweb:20-10745,legacy,72500000,72500000|35710000,,49620,Mauges sur Loire,373259.0,,,2020-01-09,2019-10-25
20-40731,2020-03-19,2020-04-06,,Ville de Nantes,44,JOUE,RECTIFICATIF,Rectificatif,,FOURNITURES,,Chaussures ou articles chaussants|Habillement|Matériel de sécurité,"fourniture de vêtements et chaussures pour les agents de la police municipale, de la police métropolitaine des transports en commun et du service stationnement sur voirie (rectificatif)",,20-29934,,RECTIFICATIF,https://www.boamp.fr/pages/avis/?q=idweb:20-40731,legacy,35811200,35811200,,44094,Nantes Cedex 1,,,,,
20-8874,2020-01-22,2020-03-24,,Ministère des Affaires étrangères,75|44,JOUE,APPEL_OFFRE,Avis de marché,OUVERT,SERVICES,5|1|,Informatique (prestations de services),Fourniture et exploitation d'accès internet haut-débit pour le Ministère de l'Europe et des affaires étrangères,,,,INITIAL,https://www.boamp.fr/pages/avis/?q=idweb:20-8874,legacy,72411000,72411000|72400000,,75700,Paris 07 Sp,1000000.0,12.0,DUREE_MOIS,,
20-10834,2020-01-25,2020-02-24,,Nantes Métropole,44,JOUE,ATTRIBUTION,Résultat de marché,OUVERT,FOURNITURES,|10|6,Impression,"impression numérique de supports graphiques évènementiels grand format pour nantes métropole, la ville de nantes, le ccas et l'ebansn",Agelia,19-156899,,INITIAL,https://www.boamp.fr/pages/avis/?q=idweb:20-10834,legacy,35261000,35261000,,,Nantes cedex 9,578.0,,,2020-01-22,2019-10-18
20-42931,2020-03-21,2020-06-18,,GIE SESAM Vitale,72,JOUE,RECTIFICATIF,Rectificatif,,SERVICES,,Numérisation,Numérisation des photos pour la personnalisation des cartes Vitale,,20-27358,,RECTIFICATIF,https://www.boamp.fr/pages/avis/?q=idweb:20-42931,legacy,72314000,72314000,,72019,Le mans cedex 2,,,,,
20-8819,2020-01-22,2020-03-02,,COMMUNE DE REZE,44,JOUE,APPEL_OFFRE,Avis de marché,OUVERT,FOURNITURES,5|1|,Chaussures ou articles chaussants|Textile,"Fourniture de vêtements de travail, d'articles chaussants et d'équipements de protection individuelle (Epi) 2020-2024",,,,INITIAL,https://www.boamp.fr/pages/avis/?q=idweb:20-8819,legacy,18100000,18100000|18830000|35811200|18412000|18143000,,44403,Rezé,160000.0,12.0,DUREE_MOIS,,
20-14658,2020-01-31,2020-04-28,,DEPARTEMENT DE LA MAYENNE,53,JOUE,ATTRIBUTION,Résultat de marché,ATTRIBUE_SANS_PUB_JOUE,SERVICES,|10|6,Logiciel,Prestations de maintenance et d'assistance pour le logiciel Astre-Gf,Gfi Progiciels,,,INITIAL,https://www.boamp.fr/pages/avis/?q=idweb:20-14658,legacy,72267100,72267100,,53014,Laval,340000.0,,,2020-01-24,
20-42663,2020-03-21,2020-04-28,,Conseil régional des Pays de la Loire,44,JOUE,RECTIFICATIF,Rectificatif,,SERVICES,,Informatique (prestations de services),Conception et mise en oeuvre d'agents conversationnels (chatbot),,20-32737,,RECTIFICATIF,https://www.boamp.fr/pages/avis/?q=idweb:20-42663,legacy,72212221,72212221,,44966,Nantes cedex 9,,,,,
20-10119,2020-01-24,2020-02-28,,Conseil général de la Vendée,85,JOUE,APPEL_OFFRE,Avis de marché,NEGOCIE,SERVICES,5|1|,Informatique (prestations de services)|Site internet,"Acquisition d'une plateforme technique collaborative de recherche, d'enrichissement et de diffusion de ressources documentaires pour les archives départementales de la Vendée",,,,INITIAL,https://www.boamp.fr/pages/avis/?q=idweb:20-10119,legacy,72400000,72400000|None,,85923,La Roche sur Yon,,48.0,DUREE_MOIS,,
20-15670,2020-02-02,2020-04-10,,Conseil régional des Pays de la Loire,44,JOUE,ATTRIBUTION,Résultat de marché,OUVERT,FOURNITURES,|10|6,Habillement|Matériel de sécurité,Conception et acquisition de gilets haute visibilité normalisés à destination des élèves empruntant le transport scolaire dans la Région des Pays de la Loire,GEDIVEPRO,19-32405,,INITIAL,https://www.boamp.fr/pages/avis/?q=idweb:20-15670,legacy,35113440,35113440|35113430,,44966,Nantes cedex 9,2240000.0,,,2019-06-27,2019-03-04
20-42725,2020-03-21,2020-05-12,,SGAMI OUEST,35|45|76|44,JOUE,RECTIFICATIF,Rectificatif,,FOURNITURES,,Matériel de sécurité,"Fourniture, Installation et mise en service de systèmes de sûreté 2020",,20-28158,,RECTIFICATIF,https://www.boamp.fr/pages/avis/?q=idweb:20-42725,legacy,35113000,35113000,,35207,Rennes cedex 2,,,,,
20-10180,2020-01-24,2020-02-25,,CHD VENDEE,85,JOUE,APPEL_OFFRE,Avis de marché,OUVERT,FOURNITURES,5|1|,Télésurveillance,"Fourniture, installation, et mise en service d'un système de sûreté ; vidéoprotection et contrôle d'accès",,,,INITIAL,https://www.boamp.fr/pages/avis/?q=idweb:20-10180,legacy,32323500,32323500|None|45233292,,85925,La roche sur yon cedex 9,,64.0,DUREE_MOIS,,
20-17752,2020-02-06,2020-04-06,,CHD VENDEE,85,JOUE,ATTRIBUTION,Résultat de marché,OUVERT,SERVICES,|10|6,Maîtrise d'oeuvre,Prestations informatiques de maitrise d'oeuvre pour les besoins des établissements membres du GHT Vendée,CONSORT France,19-150176,,INITIAL,https://www.boamp.fr/pages/avis/?q=idweb:20-17752,legacy,72000000,72000000|72245000,,85925,La roche sur yon cedex 9,1200000.0,,,2019-12-27,2019-10-08
20-43218,2020-03-22,2020-04-24,,COMMUNE DE NANTES,44,JOUE,RECTIFICATIF,Rectificatif,,FOURNITURES,,Logiciel,acquisition et installation d'un logiciel de gestion de l'accompagnement social (rectificatif),,20-38676,,RECTIFICATIF,https://www.boamp.fr/pages/avis/?q=idweb:20-43218,legacy,48000000,48000000,,44923,Nantes cedex 9,,,,,
20-11000,2020-01-25,2020-02-25,,Nantes Métropole,44,JOUE,APPEL_OFFRE,Avis de marché,NEGOCIE,FOURNITURES,5|1|,Logiciel,"acquisition, mise en oeuvre et maintenance d'une solution logicielle de gestion du centre de réception des appels institutionnels et d'organisation de la logistique (craiol)",,,,INITIAL,https://www.boamp.fr/pages/avis/?q=idweb:20-11000,legacy,48000000,48000000,,44923,Nantes Cedex 9,,60.0,DUREE_MOIS,,
20-19101,2020-02-08,2020-04-05,,CHU de Nantes,44,JOUE,ATTRIBUTION,Résultat de marché,ATTRIBUE_SANS_PUB_JOUE,SERVICES,|10|6,Informatique (prestations de services),"MAINTENANCE CORRECTIVE, ADAPTATIVE, REGLEMENTAIRE ET EVOLUTIVE DE LA SUITE LOGICIELLE IWS ET DE TOUS LES MODULES SOUS LICENCE ASSOCIES",ISILOG SA,,,INITIAL,https://www.boamp.fr/pages/avis/?q=idweb:20-19101,legacy,72267000,72267000,,44093,Nantes cedex,220000.0,,,2020-01-02,
20-44293,2020-03-26,2020-05-04,,Ville de Nantes,44,JOUE,RECTIFICATIF,Rectificatif,,FOURNITURES,,Chaussures ou articles chaussants|Habillement|Matériel de sécurité,"fourniture de vêtements et chaussures pour les agents de la police municipale, de la police métropolitaine des transports en commun et du service stationnement sur voirie (rectificatif)",,20-29934|20-40731,,RECTIFICATIF,https://www.boamp.fr/pages/avis/?q=idweb:20-44293,legacy,35811200,35811200,,44094,Nantes Cedex 1,,,,,
20-12202,2020-01-26,2020-03-05,,Conseil régional des Pays de la Loire,44,JOUE,APPEL_OFFRE,Avis de marché,OUVERT,SERVICES,5|1|,Livres|Logiciel,Mise en place d'un centre de service de développement pour la Région des Pays de la Loire,,,,INITIAL,https://www.boamp.fr/pages/avis/?q=idweb:20-12202,legacy,72000000,72000000,,44966,Nantes cedex 9,,12.0,DUREE_MOIS,,
20-19755,2020-02-09,2020-04-06,,CHU de Nantes,44,JOUE,ATTRIBUTION,Résultat de marché,ATTRIBUE_SANS_PUB_JOUE,SERVICES,|10|6,Informatique (prestations de services),MAINTENANCE DES SOLUTIONS DE GESTION DES DOSSIERS DE SPECIALITES RECHERCHE,IDBC,,,INITIAL,https://www.boamp.fr/pages/avis/?q=idweb:20-19755,legacy,72267000,72267000,,44093,Nantes cedex,505800.0,,,2019-11-25,
21-3091,2021-01-08,2021-03-05,2021-03-05T13:00:00+00:00,Ville d'Angers,49,FNS,APPEL_OFFRE,Avis de marché,PROCEDURE_ADAPTE,TRAVAUX,5|1|,"Ascenseur|Bardage|Bâtiment|Charpente|Chauffage (travaux)|Climatisation|Cloison, faux plafond|Electricité (travaux)|Equipement sportif|Espaces verts|Etanchéité|Matériel scénique|Menuiserie|Métallerie|Peinture (travaux)|Plâtrerie|Plomberie (travaux)|Réseaux divers|Revêtements de sols|Serrurerie|Terrassement|Ventilation|Voirie et réseaux divers",travaux de construction de la maison de quartiers des hauts de saint-aubin à angers,,,,INITIAL,https://www.boamp.fr/pages/avis/?q=idweb:21-3091,legacy,45210000,45210000|None|45261100|45261420|45442110|45421100|44316500|45421000|45421152|45410000|45421146|45331000|45317300|31640000|32400000|39113100|45313100|45432111,,49020,Angers cedex 02,,,,,
20-159340,2021-01-02,2021-02-15,,Conseil régional des Pays de la Loire,44,JOUE,ATTRIBUTION,Résultat de marché,OUVERT,SERVICES,|10|6,Informatique (prestations de services),Conception et mise en oeuvre d'agents conversationnels (chatbot),,20-32737|20-42663|20-56446,,INITIAL,https://www.boamp.fr/pages/avis/?q=idweb:20-159340,legacy,72212221,72212221|79530000,,44966,Nantes cedex 9,600000.0,,,2020-10-29,2020-03-04
21-3671,2021-01-30,2021-02-27,,MASH,44,JOUE,MODIFICATION,Modification,,SERVICES,,Assistance technique|Assistance à maîtrise d'ouvrage|Assistance juridique,Mission d'amo technique et juridique des marchés et procédures du projet energiesprong pays de la loire,,20-72791|20-122894,,MODIFICATION,https://www.boamp.fr/pages/avis/?q=idweb:21-3671,legacy,72224000,72224000|None,,44800,Saint Herblain,1559820.0,16.0,DUREE_MOIS,2020-09-21,2020-10-13
21-4564,2021-01-12,2021-02-12,2021-02-12T11:00:00+00:00,Ecole Centrale de Nantes,44,FNS,APPEL_OFFRE,Avis de marché,PROCEDURE_ADAPTE,FOURNITURES,5|1|,Logiciel,mise à disposition d'un système de vote dématérialisé par internet et services associés pour les élections des représentants des personnels et usagers aux différentes instances de l'ecn,,,,INITIAL,https://www.boamp.fr/pages/avis/?q=idweb:21-4564,legacy,48000000,48000000,,44321,Nantes,,,,,
21-365,2021-01-07,2021-03-05,,Angers Loire Métropole,49,JOUE,ATTRIBUTION,Résultat de marché,OUVERT,FOURNITURES,|10|6,Informatique (maintenance serveurs et réseaux),evolution du coeur de réseau,SFR (SOCIETE FRANCAISE DU RADIOTELEPHONE),20-85492,,INITIAL,https://www.boamp.fr/pages/avis/?q=idweb:21-365,legacy,32424000,32424000|None,,49020,Angers cedex 02,225008.83,,,2020-12-03,2020-07-23
21-42629,2021-04-01,2021-06-10,,CH LE MANS,72,JOUE,RECTIFICATIF,Rectificatif,,FOURNITURES,,Progiciel,Acquisition d'un progiciel de gestion des dossiers médicaux pour le Centre Hospitalier du Mans.,,21-37354,,RECTIFICATIF,https://www.boamp.fr/pages/avis/?q=idweb:21-42629,legacy,48219300,48219300,,72037,Le mans cedex 09,,,,,
21-5415,2021-01-15,2021-04-16,,CHU de Nantes,44,JOUE,APPEL_OFFRE,Avis de marché,RESTREINT,FOURNITURES,5|1|,Articles à usage unique|Hygiène (articles)|Matériel de sécurité|Textile,Fourniture d'articles à usage unique pour le groupement régional des Pays de Loire (5 catégories),,,,INITIAL,https://www.boamp.fr/pages/avis/?q=idweb:21-5415,legacy,39550000,39550000|19520000|33760000|35113490|33000000|35113460,,44093,Nantes cedex,,96.0,DUREE_MOIS,,
20-153721,2021-01-07,2021-02-05,,Nantes Métropole,44,JOUE,ATTRIBUTION,Résultat de marché,NEGOCIE,SERVICES,|10|6,Prestations de services,hébergement du data center de nantes métropole et prestations associées pour les besoins de nantes métropole,SIGMA INFORMATIQUE,20-26585|20-40291,,INITIAL,https://www.boamp.fr/pages/avis/?q=idweb:20-153721,legacy,72250000,72250000,,,Nantes cedex 9,393275.9,,,2021-01-05,2020-02-26
21-47707,2021-04-11,2021-06-04,,CH LE MANS,72,JOUE,RECTIFICATIF,Rectificatif,,FOURNITURES,,Matériel de téléphonie,"Pièces, accessoires, maintenance pour appel malade, anti-fugue et DATI pour les établissements membres du GHT 72",,21-28963,,RECTIFICATIF,https://www.boamp.fr/pages/avis/?q=idweb:21-47707,legacy,32500000,32500000,,72037,Le mans cedex 09,,,,,
21-7561,2021-01-18,2021-02-03,2021-02-03T11:00:00+00:00,Nantes Métropole,44,FNS,APPEL_OFFRE,Avis de marché,PROCEDURE_ADAPTE,SERVICES,5|1|,Informatique (prestations de services),prestations d'expertises et d'assistance informatique sur leslogiciels composant la solution de gestion des identités pour lecompte de nantes métropole et de la ville de nantes,,,,INITIAL,https://www.boamp.fr/pages/avis/?q=idweb:21-7561,legacy,72227000,72227000,,44929,Nantes cedex 9,,,,,
21-1371,2021-01-07,2021-04-04,,Cap Atlantique,44,JOUE,ATTRIBUTION,Résultat de marché,OUVERT,FOURNITURES,|10|6,Chaussures ou articles chaussants|Habillement,Fourniture de vêtements et d'équipements de travail,Silium|Silium|Technidis Docks Maritimes,20-98937,,INITIAL,https://www.boamp.fr/pages/avis/?q=idweb:21-1371,legacy,35113400,35113400|18100000,,44503,La Baule,550000.0,,,2020-12-30,2020-08-07
21-47892,2021-04-11,2021-06-01,,Université d'Angers,49,JOUE,RECTIFICATIF,Rectificatif,,FOURNITURES,,Informatique (matériel),Fourniture et maintenance d'un système de gestion de la médecine du travail à l'Université d'Angers,,21-43310,,RECTIFICATIF,https://www.boamp.fr/pages/avis/?q=idweb:21-47892,legacy,48814000,48814000,,49035,Angers cedex 01,,,,,
21-8751,2021-01-22,2021-02-19,,CENTRE DE GESTION DE LA FONCTION PUBLI,85,JOUE,APPEL_OFFRE,Avis de marché,OUVERT,SERVICES,5|1|,Informatique (matériel)|Informatique (prestations de services)|Informatique (assistance)|Informatique (maintenance serveurs et réseaux),RENOUVELLEMENT DE L'INFRASTRUCTURE DE VIRTUALISATION et MAINTIEN EN CONDITION OPERATIONNELLE,,,,INITIAL,https://www.boamp.fr/pages/avis/?q=idweb:21-8751,legacy,72610000,72610000,,85000,La Roche sur Yon,,48.0,DUREE_MOIS,,
21-1809,2021-01-08,2021-03-06,,Commune de Saint-Herblain,44,JOUE,ATTRIBUTION,Résultat de marché,OUVERT,SERVICES,|10|6,Maintenance,Maintenance et prestations associées pour les logiciels de sécurité périmétriques et postes clients de la Ville de Saint-Herblain,APIXIT|APIXIT|ILLICO RESEAU,20-118247,,INITIAL,https://www.boamp.fr/pages/avis/?q=idweb:21-1809,legacy,72250000,72250000|None,,44802,Saint herblain cedex,720000.0,,,2020-12-16,2020-10-02
21-11209,2021-01-25,2021-02-25,2021-02-16T11:00:00+00:00,Réseau Canopé,86|75|91|93|92|33|44,FNS,APPEL_OFFRE,Avis de marché,PROCEDURE_ADAPTE,SERVICES,5|1|,Informatique (prestations de services),"Réalisation, aménagement fonctionnel aux besoins et mise à disposition de la plateforme événementielle In-FINE, configuration et intégration des informations In-FINE, prestations techniques et moye..",,,,INITIAL,https://www.boamp.fr/pages/avis/?q=idweb:21-11209,legacy,72413000,72413000,,86961,Futuroscope cedex,138500.0,5.0,DUREE_MOIS,,
21-2532,2021-01-09,2021-01-31,,Réseau Canopé,86|44|75|33,JOUE,ATTRIBUTION,Résultat de marché,OUVERT,SERVICES,|10|6,Informatique (prestations de services),20-009 Prestations de conception et développement numériques,,20-23104|20-39867,,INITIAL,https://www.boamp.fr/pages/avis/?q=idweb:21-2532,legacy,72000000,72000000,,86961,Futuroscope cedex,3200000.0,,,2020-05-12,2020-02-17
21-11865,2021-01-26,2021-04-14,2021-03-05T14:00:00+00:00,Cté de Communes de la Région de Blain,44,FNS,APPEL_OFFRE,Avis de marché,PROCEDURE_ADAPTE,SERVICES,5|1|,Informatique (prestations de services)|Logiciel,Déploiement d'un logiciel de gestion pour les Etablissements d'accueil du Jeune Enfant et du Relais Petite Enfance du Pays de BLAIN,,,,INITIAL,https://www.boamp.fr/pages/avis/?q=idweb:21-11865,legacy,72000000,72000000,,44130,Blain,,60.0,DUREE_MOIS,,
21-4880,2021-01-12,2021-04-11,,COM D AGGLO REG NAZAIRIENNE ESTUAIRE,44,FNS,ATTRIBUTION,Résultat de marché,PROCEDURE_ADAPTE,,|10|6,Logiciel,Acquisition et maintenance d'un logiciel de suivi-évaluation des politiques publiques,ACT21,20-107792,,INITIAL,https://www.boamp.fr/pages/avis/?q=idweb:21-4880,legacy,72220000,72220000,,44605,Saint-Nazaire,52305.0,,,2021-01-07,
21-12643,2021-01-27,2021-02-26,2021-02-25T13:00:00+00:00,SEC GAL POUR L ADM MIN INTERIEUR OUEST,35|53|44|56|22|50,FNS,APPEL_OFFRE,Avis de marché,PROCEDURE_ADAPTE,TRAVAUX,5|1|,Electricité (travaux)|Gros oeuvre|Menuiserie|Peinture (travaux)|Télésurveillance,Travaux de construction d'une soute à Saint Jacques De La Lande (35) en procédure adaptée restreinte : phase candidature. L'opération a pour objet la création un bâtiment neuf de 90 mètres carrés envir,,,,INITIAL,https://www.boamp.fr/pages/avis/?q=idweb:21-12643,legacy,45000000,45000000|34928200|None|09310000|32323500,,35207,Rennes cedex 2,,6.0,DUREE_MOIS,,
21-4950,2021-01-15,2021-01-31,,GIE SESAM Vitale,72,JOUE,ATTRIBUTION,Résultat de marché,NEGOCIE,SERVICES,|10|6,Numérisation,Numérisation des photos pour la personnalisation des cartes Vitale,Jouve,20-27358|20-42931,,INITIAL,https://www.boamp.fr/pages/avis/?q=idweb:21-4950,legacy,72314000,72314000,,72019,Le mans cedex 2,4616240.0,,,2021-01-06,2020-02-25
21-14714,2021-02-01,2021-03-15,2021-03-01T12:00:00+00:00,Université de Nantes,44,FNS,APPEL_OFFRE,Avis de marché,PROCEDURE_ADAPTE,FOURNITURES,5|1|,Logiciel,Acquisition d'une solution numérique dédiée à l'évaluation des risques professionnels et à la rédaction du document unique pour l'Université de Nantes,,,,INITIAL,https://www.boamp.fr/pages/avis/?q=idweb:21-14714,legacy,48000000,48000000,,44035,Nantes cedex 1,,,,,
21-9965,2021-01-24,2021-03-26,,Conseil régional des Pays de la Loire,44,JOUE,ATTRIBUTION,Résultat de marché,OUVERT,SERVICES,|10|6,Informatique (assistance),"PRESTATION D'ASSISTANCE SUR LE SYSTEME D'INFORMATION DÉCISIONNEL, L'OPEN DATA ET L'ALIMENTATION ET LA GESTION DE BASES DE DONNEES",BUSINESS ET DECISION,20-110309,,INITIAL,https://www.boamp.fr/pages/avis/?q=idweb:21-9965,legacy,72220000,72220000,,44966,Nantes cedex 9,200880.0,,,2021-01-11,2020-09-08
21-13474,2021-02-03,2021-03-15,,Nantes Métropole,44,JOUE,APPEL_OFFRE,Avis de marché,OUVERT,SERVICES,5|1|,Informatique (prestations de services),maintenance et l'acquisition de licences et progiciels systèmes,,,,INITIAL,https://www.boamp.fr/pages/avis/?q=idweb:21-13474,legacy,72260000,72260000,,,Nantes cedex 9,,48.0,DUREE_MOIS,,
21-9964,2021-01-24,2021-02-21,,VENDEE EAU,85,JOUE,ATTRIBUTION,Résultat de marché,NEGOCIE,SERVICES,|10|6,Informatique (maintenance serveurs et réseaux),Fourniture et prestations de refonte et de maintenance des infrastructures du système d'informations de Vendée Eau,DYNAMIPS,20-91479,,INITIAL,https://www.boamp.fr/pages/avis/?q=idweb:21-9964,legacy,72514300,72514300|None,,85036,La Roche sur Yon,251947.0,,,2021-01-07,2020-07-17
21-16407,2021-02-04,2021-03-06,2021-03-05T11:00:00+00:00,Communauté d'agglomération du Niortais,79|16|17|85|86,FNS,APPEL_OFFRE,Avis de marché,PROCEDURE_ADAPTE,SERVICES,5|1|,Maintenance,"La présente consultation a pour objet les prestations de maintenance applicative, d'assistance, de prestations sur les produits SAP existants (Business Object) et sur le système d'informatio",,,,INITIAL,https://www.boamp.fr/pages/avis/?q=idweb:21-16407,legacy,72267100,72267100,,79027,Niort cedex,,12.0,DUREE_MOIS,,
21-10246,2021-01-24,2021-03-22,,CHU de Nantes,44,JOUE,ATTRIBUTION,Résultat de marché,OUVERT,SERVICES,|10|6,Dématérialisation,Fourniture d'une solution de dématérialisation des demandes de prise en charge et des factures vers les organismes complémentaires,4Axes,20-62727,,INITIAL,https://www.boamp.fr/pages/avis/?q=idweb:21-10246,legacy,72318000,72318000,,44093,Nantes cedex,1211791.0,,,2020-08-05,2020-05-14
21-15299,2021-02-04,2021-03-05,,CHU de Nantes,44,JOUE,APPEL_OFFRE,Avis de marché,NEGOCIE,SERVICES,5|1|,Informatique (prestations de services),Développement et mise en oeuvre multi sites d'un logiciel de médecine de précision pour la Recherche,,,,INITIAL,https://www.boamp.fr/pages/avis/?q=idweb:21-15299,legacy,72212180,72212180,,44093,Nantes cedex,,48.0,DUREE_MOIS,,
21-12561,2021-01-29,2021-02-15,,GIE SESAM Vitale,72,JOUE,ATTRIBUTION,Résultat de marché,NEGOCIE,SERVICES,|10|6,Assistance technique|Informatique (prestations de services),PCN-20-02 - Assistance Technique Décisionnel,Micropole france,20-16671,,INITIAL,https://www.boamp.fr/pages/avis/?q=idweb:21-12561,legacy,72611000,72611000,,72019,Le Mans Cedex 2,1033605.0,,,2021-01-18,2020-02-05
21-16505,2021-02-06,2021-03-09,,Conseil régional des Pays de la Loire,44|49|53|72|85,JOUE,APPEL_OFFRE,Avis de marché,OUVERT,SERVICES,5|1|,Informatique (prestations de services),Assistance technique pour les extensions des réseaux numériques pour les lycées publics et établissements régionaux d'enseignement adapté (EREA) de la Région des Pays de la Loire,,,,INITIAL,https://www.boamp.fr/pages/avis/?q=idweb:21-16505,legacy,72315100,72315100|None,,44966,Nantes cedex 9,,12.0,DUREE_MOIS,,
21-15013,2021-02-04,2021-05-02,,ComCom des Vallées du Haut-Anjou,49,JOUE,ATTRIBUTION,Résultat de marché,OUVERT,SERVICES,|10|6,Informatique (prestations de services),Numéro de la consultation : 20cc026 Externalisation des infrastructures et fournitures de services d'infogérance des systèmes d'information de la Ccvha,Maine Cloud Telecom,20-105702,,INITIAL,https://www.boamp.fr/pages/avis/?q=idweb:21-15013,legacy,72212421,72212421,,49220,Le Lion d'Angers,718350.0,,,2020-12-04,2020-08-31
21-20759,2021-02-12,2021-03-19,2021-03-19T11:00:00+00:00,ARAFER,72|75,FNS,APPEL_OFFRE,Avis de marché,PROCEDURE_ADAPTE,SERVICES,5|1|,Site internet,"Définition, conception, réalisation, hébergement et maintenance du site internet de l'Autorité de Régulation des Transports",,,,INITIAL,https://www.boamp.fr/pages/avis/?q=idweb:21-20759,legacy,None,None|72130000|72413000|72415000,,72019,LE MANS,138000.0,24.0,DUREE_MOIS,,
21-15176,2021-02-04,2021-05-02,,ARAFER,72|75,JOUE,ATTRIBUTION,Résultat de marché,OUVERT,SERVICES,|10|6,Logiciel,Dématérialisation des processus métiers,Atol Conseils et Développements,20-94120|20-99384,,INITIAL,https://www.boamp.fr/pages/avis/?q=idweb:21-15176,legacy,72268000,72268000|None,,72019,Le Mans,240000.0,,,2020-12-10,2020-07-27
21-19596,2021-02-13,2021-03-23,,Ville d'Alençon,61|72,JOUE,APPEL_OFFRE,Avis de marché,OUVERT,SERVICES,5|1|,Informatique (prestations de services),Fourniture d'accès internet isolés pour la Ville et la Communauté urbaine d'Alençon,,,,INITIAL,https://www.boamp.fr/pages/avis/?q=idweb:21-19596,legacy,72400000,72400000,,61014,Alençon,240000.0,12.0,DUREE_MOIS,,
21-16061,2021-02-06,2021-04-06,,Conseil départemental Loire-Atlantique,44,JOUE,ATTRIBUTION,Résultat de marché,OUVERT,SERVICES,|10|6,Informatique (prestations de services),Assistance à l'adaptation du logiciel de gestion des ressources humaines HR ACCESS,Société SOPRA HR SOFTWARE,20-114714,,INITIAL,https://www.boamp.fr/pages/avis/?q=idweb:21-16061,legacy,72611000,72611000|72268000,,44041,NANTES,2500000.0,,,2021-02-01,2020-09-23
21-23663,2021-02-19,2021-03-15,2021-03-15T16:00:00+00:00,Cté de Communes d'Erdre et Gesvres,44,FNS,APPEL_OFFRE,Avis de marché,PROCEDURE_ADAPTE,SERVICES,5|1|,Informatique (prestations de services)|Télécommunications,Services de télécommunications,,,,INITIAL,https://www.boamp.fr/pages/avis/?q=idweb:21-23663,legacy,64000000,64000000|64221000|32412110|64210000,,44119,Grandchamp des Fontaines,,,,,
21-16776,2021-02-07,2021-05-05,,Conseil départemental Loire-Atlantique,44,JOUE,ATTRIBUTION,Résultat de marché,OUVERT,FOURNITURES,|10|6,Informatique (matériel),"Matériels informatiques, serveurs, logiciels et services associés, pour les collèges, les services départementaux et les structures associées du Département de Loire-Atlantique (centrale d'achat)",Iliane,20-117677,,INITIAL,https://www.boamp.fr/pages/avis/?q=idweb:21-16776,legacy,30230000,30230000|48000000,,44041,NANTES,13000000.0,,,2021-01-19,2020-09-30
21-22700,2021-02-19,2022-04-12,,Ministère des Affaires étrangères,75|44,JOUE,APPEL_OFFRE,Avis de marché,OUVERT,SERVICES,5|1|,Abris|Prestations de services,Prestations intellectuelles informatiques pour les applications du Ministère de l'Europe et des Affaires Etrangères et ses opérateurs,,,,INITIAL,https://www.boamp.fr/pages/avis/?q=idweb:21-22700,legacy,72000000,72000000,,75015,Paris,29000000.0,24.0,DUREE_MOIS,,
21-17904,2021-02-10,2021-04-15,,CHU de Nantes,44,JOUE,ATTRIBUTION,Résultat de marché,NEGOCIE,SERVICES,|10|6,Prestations de services,"Maintenance courante et évolutive, Attribution d'une licence d'exploitation pour la commercialisation et le déploiement, et Gouvernance nationale de l'application informatique Easydore®",GFI Progiciels,20-50446,,INITIAL,https://www.boamp.fr/pages/avis/?q=idweb:21-17904,legacy,72000000,72000000,,44093,Nantes cedex,640000.0,,,2020-11-04,2020-04-10
21-23643,2021-02-19,2021-03-17,2021-03-17T10:00:00+00:00,Vendée Habitat - OPH de Vendée,85,FNS,APPEL_OFFRE,Avis de marché,PROCEDURE_ADAPTE,SERVICES,5|1|,Informatique (prestations de services),MARCHE DE FOURNITURE D'UNE SOLUTION INFORMATIQUE DE GESTION DE TAXE FONCIERE BATIE ET NON BATIE,,,,INITIAL,https://www.boamp.fr/pages/avis/?q=idweb:21-23643,legacy,48000000,48000000,,85002,La roche sur yon,,,,,
21-17803,2021-02-10,2021-04-19,,Conseil régional des Pays de la Loire,44,JOUE,ATTRIBUTION,Résultat de marché,OUVERT,SERVICES,|10|6,Logiciel,ADMINISTRATION DE BASES DE DONNEES,GFI INFORMATIQUE / INETUM,20-124045,,INITIAL,https://www.boamp.fr/pages/avis/?q=idweb:21-17803,legacy,72250000,72250000,,44966,Nantes cedex 9,200000.0,,,2021-02-02,2020-10-09
21-25043,2021-02-23,2021-03-22,2021-03-22T16:00:00+00:00,Ville de Carquefou,44,FNS,APPEL_OFFRE,Avis de marché,PROCEDURE_ADAPTE,FOURNITURES,5|1|,Matériel scénique|Sonorisation|Spectacle,Achat de matériel de spectacle professionnel pour le théatre de la Fleuriaye et l'Ecole Municipale de Musique à Carquefou,,,,INITIAL,https://www.boamp.fr/pages/avis/?q=idweb:21-25043,legacy,None,None|31518100|32342300|32342410,,44471,Carquefou Cedex,,6.0,DUREE_MOIS,,
21-17139,2021-02-10,2021-02-15,,CIF GIE GEIPCI,44,JOUE,ATTRIBUTION,Résultat de marché,OUVERT,SERVICES,|10|6,Informatique (prestations de services)|Télécommunications|Télégestion|Informatique (maintenance serveurs et réseaux),Evolution de l'infrastructure informatique et de la téléphonie,OCEANET TECHNOLOGY|TIBCO SERVICES|BOUYGUES TELECOM,20-130827,,INITIAL,https://www.boamp.fr/pages/avis/?q=idweb:21-17139,legacy,72514000,72514000|None,,44000,NANTES,638955.0,,,2021-01-12,2020-10-28
21-25169,2021-02-23,2021-04-02,2021-04-02T11:00:00+00:00,Orchestre National des Pays de la Loir,49|44,FNS,APPEL_OFFRE,Avis de marché,PROCEDURE_ADAPTE,SERVICES,5|1|,Logiciel,La consultation a pour objet la mise en place d'une solution de paye et de gestion des ressources humaines et de prestations de maintenance et d'assistance associées :- pour les personnels,,,,INITIAL,https://www.boamp.fr/pages/avis/?q=idweb:21-25169,legacy,48450000,48450000,,49052,Angers cedex 02,,,,,
21-18119,2021-02-11,2021-04-09,,Université d'Angers,49,JOUE,ATTRIBUTION,Résultat de marché,OUVERT,SERVICES,|10|6,Déchets non ménagers (prestations),"Collecte, transport et traitement des déchets chimiques",TRIADIS SERVICE SAS,20-120399,,INITIAL,https://www.boamp.fr/pages/avis/?q=idweb:21-18119,legacy,90520000,90520000|72267000,,49035,Angers cedex 01,18450.0,,,2021-02-02,2020-10-07
21-25103,2021-02-25,2021-03-26,,COMMUNE LES SABLES D OLONNE,85,JOUE,APPEL_OFFRE,Avis de marché,OUVERT,FOURNITURES,5|1|,"Cd, DVD|Jeux, jouets|Livres","achat de livres non scolaires, de cd, de dvd et de jeux de société pour les médiathèques et la ludothèque",,,,INITIAL,https://www.boamp.fr/pages/avis/?q=idweb:21-25103,legacy,22110000,22110000|48912000|30234400|30237380,,85100,Les Sables d'Olonne,180000.0,12.0,DUREE_MOIS,,
21-19050,2021-02-12,2021-03-12,,VENDEE,85,JOUE,ATTRIBUTION,Résultat de marché,OUVERT,FOURNITURES,|10|6,Télécommunications,"Fourniture, installation et maintien des infrastructures informatiques et télécommunications pour le Vendée Globe 2020-2021",ORANGE SA,20-88562,,INITIAL,https://www.boamp.fr/pages/avis/?q=idweb:21-19050,legacy,32523000,32523000,,85000,La Roche sur Yon,240000.0,,,2020-09-01,2020-07-09
21-26465,2021-02-27,2021-03-30,,CHU de Nantes,44,JOUE,APPEL_OFFRE,Avis de marché,OUVERT,SERVICES,5|1|,Informatique (prestations de services),"PRESTATIONS D'ASSISTANCE TECHNIQUE POUR LA CONCEPTION, LA MISE EN OEUVRE ET le MAINTIEN AUX CONDITIONS OPÉRATIONNELLES DES APPLICATIONS DU SI DU GHT44 (2 LOTS)",,,,INITIAL,https://www.boamp.fr/pages/avis/?q=idweb:21-26465,legacy,72611000,72611000,,44093,Nantes cedex,,,,,
21-21839,2021-02-18,2021-05-16,,SEM CENOVIA,72,JOUE,ATTRIBUTION,Résultat de marché,OUVERT,FOURNITURES,|10|6,Contrôle d'accès|Terrassement|Télésurveillance,Mise En Place D'Equipements De Peage Et De Videosurveillance Sur Le Parc De Stationnement De La Clinique Du Pre Au Mans Avec Prestations De Maintenance Associees,Garczynski Traploir Citeos|Garczynski Traploir Citeos|Scheidt Et Bachmann France,20-154115,,INITIAL,https://www.boamp.fr/pages/avis/?q=idweb:21-21839,legacy,34996300,34996300|45111291|32323500,,72015,Le Mans,271145.98,,,2021-02-11,2020-12-22
21-26779,2021-02-28,2021-04-01,,Conseil régional des Pays de la Loire,44,JOUE,APPEL_OFFRE,Avis de marché,OUVERT,SERVICES,5|1|,Informatique (prestations de services),MAINTENANCE ET EVOLUTIONS DU SYSTEME DE STOCKAGE DES DONNEES,,,,INITIAL,https://www.boamp.fr/pages/avis/?q=idweb:21-26779,legacy,72250000,72250000,,44966,Nantes,,24.0,DUREE_MOIS,,
21-21847,2021-02-18,2021-03-18,,VENDEE,85,JOUE,ATTRIBUTION,Résultat de marché,OUVERT,FOURNITURES,|10|6,Sonorisation,Sonorisation intérieure et extérieure du Vendée Globe 2020-2021,SARL ELCE EXPO|ELEC EXPO,20-60923,,INITIAL,https://www.boamp.fr/pages/avis/?q=idweb:21-21847,legacy,32342410,32342410,,85000,La Roche sur Yon,37800.0,,,2020-08-10,2020-05-06
22-1668,2022-01-05,2022-01-26,,LYCEE POLYVALENT LEONARD DE VINCI,85,FNS,APPEL_OFFRE,Avis de marché,OUVERT,FOURNITURES,5|1|,Audiovisuel,Renouvellement Materiel Audiovisuel pour le lycée Leonard de Vinci (85),,,,INITIAL,https://www.boamp.fr/pages/avis/?q=idweb:22-1668,legacy,32321300,32321300,,85600,Montaigu,1.0,,,,
21-171661,2022-01-02,2022-02-28,,CHU de Nantes,44,JOUE,ATTRIBUTION,Résultat de marché,ATTRIBUE_SANS_PUB_JOUE,SERVICES,|10|6,Informatique (prestations de services),Licence d'utilisation pour la base de données Thériaque et de la base de données Thériaque Diététique,CNHIM,,,INITIAL,https://www.boamp.fr/pages/avis/?q=idweb:21-171661,legacy,72321000,72321000,,44093,Nantes cedex,446775.0,,,2021-10-20,
22-21742,2022-02-12,2022-02-28,,Conseil régional des Pays de la Loire,44,JOUE,RECTIFICATIF,Rectificatif,,SERVICES,,Informatique (prestations de services),RENOUVELLEMENT DES INFRASTRUCTURES DE SECURITE INFORMATIQUE Renouvellement de l'infrastructure de sécurité informatique et des solutions de détection des menaces,,22-8616,,RECTIFICATIF,https://www.boamp.fr/pages/avis/?q=idweb:22-21742,legacy,72212730,72212730,,44966,Nantes Cedex 9,,,,,
22-2168,2022-01-06,2022-02-03,,Ville d'Orvault,44,FNS,APPEL_OFFRE,Avis de marché,OUVERT,SERVICES,5|1|,Alarme,"Maintenance et exploitation des équipements anti-intrusion, de télésurveillance et de vidéosurveillance de la Ville d'Orvault.",,,,INITIAL,https://www.boamp.fr/pages/avis/?q=idweb:22-2168,legacy,35121700,35121700,,44700,ORVAULT,,,,,
22-106,2022-01-05,2022-03-03,,CHU de Nantes,44,JOUE,ATTRIBUTION,Résultat de marché,ATTRIBUE_SANS_PUB_JOUE,SERVICES,|10|6,Informatique (prestations de services),Maintenance de la suite progicielle M-RH / M-PH,MAINCARE,,,INITIAL,https://www.boamp.fr/pages/avis/?q=idweb:22-106,legacy,72267000,72267000,,44093,Nantes cedex,2443291.0,,,2021-12-14,
22-22787,2022-02-14,2022-03-14,,LA GARNACHE,85,FNS,RECTIFICATIF,Rectificatif,,FOURNITURES,,Maintenance|Surveillance,fourniture et installation de systèmes de vidéosurveillance avec contrat de maintenance associé (rectificatif),,22-15926,,RECTIFICATIF,https://www.boamp.fr/pages/avis/?q=idweb:22-22787,legacy,32323500,32323500,,85710,LA GARNACHE,,,,,
22-2032,2022-01-07,2022-02-28,,ONIRIS,44,JOUE,APPEL_OFFRE,Avis de marché,DIALOGUE_COMPETITIF,FOURNITURES,5|1|,Logiciel,"Conception, développement, intégration, formation et maintenance d'un système d'information et de gestion de Laboratoire (LABERCA)",,,,INITIAL,https://www.boamp.fr/pages/avis/?q=idweb:22-2032,legacy,48000000,48000000,,44307,Nantes cedex 3,500000.0,72.0,DUREE_MOIS,,
22-712,2022-01-06,2022-04-03,,COMMUNE DE BOUAYE,44,JOUE,ATTRIBUTION,Résultat de marché,OUVERT,TRAVAUX,|10|6,Maçonnerie|Menuiserie|Plomberie (travaux),Construction du nouveau groupe scolaire Victor Hugo,,21-87351,,INITIAL,https://www.boamp.fr/pages/avis/?q=idweb:22-712,legacy,45214200,45214200|45112500|45262522|45261100|44142000|71631430|39511100|45443000|45421000|44316500|45320000|45421146|45432130|44810000|42416100|45330000|09310000|39221000|77310000|32400000,,44830,Bouaye,,,,,2021-06-30
22-17129,2022-02-17,2049-11-18,,"Syndicat Mixte "" Sarthe Numérique """,72,JOUE,MODIFICATION,Modification,,SERVICES,,Télécommunications,"concession de travaux et de services pour le financement, la construction, la maintenance et l'exploitation de boucles locales optiques de dessertes à l'usager final sur le territoire de la sarthe",,17-165318|19-28399|19-172745,,MODIFICATION,https://www.boamp.fr/pages/avis/?q=idweb:22-17129,legacy,64200000,64200000|32412100|None,,72072,Le Mans,932000000.0,360.0,DUREE_MOIS,2019-01-09,2019-02-26
22-5921,2022-01-14,2022-02-21,,COMMUNE DE SAINT NAZAIRE,44,JOUE,APPEL_OFFRE,Avis de marché,OUVERT,SERVICES,5|1|,Evénementiel,2021110115mv _ Prestations de conception événementielle et de création de productions visuelles et audio,,,,INITIAL,https://www.boamp.fr/pages/avis/?q=idweb:22-5921,legacy,79952000,79952000|32354500,,44600,Saint Nazaire,,48.0,DUREE_MOIS,,
22-2207,2022-01-08,2022-02-06,,FONDATION PARTENARIALE POLYTECH,44,JOUE,ATTRIBUTION,Résultat de marché,OUVERT,SERVICES,|10|6,Informatique (prestations de services),"DEVELOPPEMENT D'UN OUTIL DE GESTION A DESTINATION DU CONCOURS POLYTECH CONCEPTION, MISE EN SERVICE",OUIDOU CONSULTING,,,INITIAL,https://www.boamp.fr/pages/avis/?q=idweb:22-2207,legacy,72212900,72212900,,13007,Marseilles,188925.0,,,2022-01-05,2021-11-15
22-26974,2022-02-24,2022-03-01,,SEMITAN mandataire de Nantes Métropole,44,JOUE,RECTIFICATIF,Rectificatif,,SERVICES,,Logiciel,Connexion Lignes 1 & 2 Phase 2 CETEX Babinière - CFA PCC - MTIC12 (rectificatif),,22-24441,,RECTIFICATIF,https://www.boamp.fr/pages/avis/?q=idweb:22-26974,legacy,72212100,72212100,,44046,Nantes Cedex 1,,,,,
22-7823,2022-01-16,2022-03-24,,La Cité des Congrès de Nantes,44,JOUE,APPEL_OFFRE,Avis de marché,OUVERT,FOURNITURES,5|1|,Audiovisuel|Câblage|Fibre optique|Informatique (prestations de services)|Matériel de téléphonie|Informatique (maintenance serveurs et réseaux),Accord-cadre relatif à l'évolution et la maintenance des infrastructures IT et à la mise en oeuvre d'une infrastructure d'Intercom pour la Cité des Congrès de Nantes,,,,INITIAL,https://www.boamp.fr/pages/avis/?q=idweb:22-7823,legacy,32424000,32424000|None,,44041,Nantes,400000.0,24.0,DUREE_MOIS,,
22-5893,2022-01-12,2022-02-12,,Nantes Métropole,44,FNS,ATTRIBUTION,Résultat de marché,PROCEDURE_ADAPTE,SERVICES,|10|6,Informatique (prestations de services)|Logiciel,réalisation d'un cadastre solaire pour le territoire de nantesmétropole,cythelia energie,21-122032,,INITIAL,https://www.boamp.fr/pages/avis/?q=idweb:22-5893,legacy,72000000,72000000,,44929,Nantes cedex9,,,,2022-01-06,
22-39034,2022-03-16,2022-03-25,,Vendée Expansion,85,FNS,RECTIFICATIF,Rectificatif,,SERVICES,,Informatique (prestations de services),Mise à disposition d'une plateforme de marketing conversationnel,,22-28144,,RECTIFICATIF,https://www.boamp.fr/pages/avis/?q=idweb:22-39034,legacy,72500000,72500000,,,,,,,,
22-8860,2022-01-18,2022-02-22,,COM D AGGLO REG NAZAIRIENNE ESTUAIRE,44,FNS,APPEL_OFFRE,Avis de marché,OUVERT,FOURNITURES,5|1|,Logiciel,202201031400 _ Acquisition et maintenance d'un logiciel de gestion de la conformité en matière de protection des données à caractère personnel,,,,INITIAL,https://www.boamp.fr/pages/avis/?q=idweb:22-8860,legacy,48311000,48311000,,44605,Saint-Nazaire,,48.0,DUREE_MOIS,,
22-5715,2022-01-12,2022-03-12,,SDIS49,49,FNS,ATTRIBUTION,Résultat de marché,PROCEDURE_ADAPTE,SERVICES,|10|6,Informatique (prestations de services),Accès internet fiabilisés et services associés pour le SDIS de Maine et Loire,Société crt informatique,21-113571,,INITIAL,https://www.boamp.fr/pages/avis/?q=idweb:22-5715,legacy,72400000,72400000,,49071,Beaucouzé,,,,2021-12-02,
22-38550,2022-03-17,2022-04-06,,Conseil régional des Pays de la Loire,44,JOUE,RECTIFICATIF,Rectificatif,,FOURNITURES,,Logiciel,Fourniture d'une solution informatique d'un système de gestion des données amiante,,22-25102,,RECTIFICATIF,https://www.boamp.fr/pages/avis/?q=idweb:22-38550,legacy,48900000,48900000,,44966,Nantes cedex,,,,,
22-8616,2022-01-19,2022-02-22,,Conseil régional des Pays de la Loire,44,JOUE,APPEL_OFFRE,Avis de marché,OUVERT,SERVICES,5|1|,Informatique (prestations de services),RENOUVELLEMENT DES INFRASTRUCTURES DE SECURITE INFORMATIQUE Renouvellement de l'infrastructure de sécurité informatique et des solutions de détection des menaces,,,,INITIAL,https://www.boamp.fr/pages/avis/?q=idweb:22-8616,legacy,72212730,72212730,,44966,Nantes Cedex 9,,48.0,DUREE_MOIS,,
22-6828,2022-01-15,2022-03-21,,Conseil régional des Pays de la Loire,44|49|53|72,JOUE,ATTRIBUTION,Résultat de marché,OUVERT,SERVICES,|10|6,Prestations de services,ASSISTANCE A MAITRISE D'OUVRAGE TECHNIQUE POUR LE RENOUVELLEMENT ET LE SUIVI DU SYSTEME D'INFORMATION MULTIMODALE DESTINEO EN REGION DES PAYS DE LA LOIRE,MT3,21-116891,,INITIAL,https://www.boamp.fr/pages/avis/?q=idweb:22-6828,legacy,72000000,72000000,,44966,Nantes Cedex 9,428210.0,,,2022-01-12,2021-08-30
22-40640,2022-03-20,2022-04-18,,La Cité des Congrès de Nantes,44,JOUE,RECTIFICATIF,Rectificatif,,FOURNITURES,,Audiovisuel,Rénovation des équipements d'affichage dynamique et de signalétique de la cité des congrès de Nantes. (suite à abandon de la procédure M22002),,22-25855,,RECTIFICATIF,https://www.boamp.fr/pages/avis/?q=idweb:22-40640,legacy,32321200,32321200,,44041,Nantes Cedex 01,,,,,
22-10801,2022-01-22,2022-02-23,,CCI Nantes Saint-Nazaire,44,JOUE,APPEL_OFFRE,Avis de marché,OUVERT,FOURNITURES,5|1|,Informatique (matériel),Evolution de l'infrastructure serveurs d'AUDENCIA,,,,INITIAL,https://www.boamp.fr/pages/avis/?q=idweb:22-10801,legacy,48822000,48822000,,44300,Nantes,,48.0,DUREE_MOIS,,
22-7779,2022-01-16,2022-02-28,,Ministère des Affaires étrangères,75|44,JOUE,ATTRIBUTION,Résultat de marché,OUVERT,SERVICES,|10|6,Abris|Prestations de services,Prestations intellectuelles informatiques pour les applications du Ministère de l'Europe et des Affaires Etrangères et ses opérateurs,,21-22700,,INITIAL,https://www.boamp.fr/pages/avis/?q=idweb:22-7779,legacy,72000000,72000000,,75015,Paris,41.5,,,2021-03-12,2021-02-22
22-40573,2022-03-20,2022-05-05,,Université d'Angers,49,JOUE,RECTIFICATIF,Rectificatif,,FOURNITURES,,Réseaux divers,2022-01 CONSTRUCTION DE LIENS FIBRE OPTIQUE NOIRE EN DROIT IRREVOCABLE D'USAGE et MAINTIEN EN CONDITIONS OPERATIONNELLES,,22-22098,,RECTIFICATIF,https://www.boamp.fr/pages/avis/?q=idweb:22-40573,legacy,32415000,32415000,,49035,Angers cedex 01,,,,,
22-12003,2022-01-26,2022-03-01,,Laval Agglomération,53,JOUE,APPEL_OFFRE,Avis de marché,OUVERT,FOURNITURES,5|1|,Instruments de musique|Matériel phonique|Matériel scénique|Mobilier,"Acquisition de matériel de sonorisation et de vidéo projection, de matériels d'orchestre et d'instruments pour le pôle culturel de Laval",,,,INITIAL,https://www.boamp.fr/pages/avis/?q=idweb:22-12003,legacy,32342410,32342410|38652100|39100000|37310000,,53008,Laval cedex,,,,,
22-8594,2022-01-19,2022-03-31,,CCI Nantes Saint-Nazaire,44,JOUE,ATTRIBUTION,Résultat de marché,NEGOCIE,SERVICES,|10|6,Abris|Site internet,Conception et optimisation des outils de commercialisation en ligne de l'offre AUDENCIA,NIJI SA|NIJI SA|NIJI SA,21-72712,,INITIAL,https://www.boamp.fr/pages/avis/?q=idweb:22-8594,legacy,72400000,72400000,,44312,Nantes cedex 3,679086.94,,,2022-01-10,2021-06-04
22-11807,2022-01-26,2022-02-25,,SYNDICAT MIXTE GIGALIS,44,JOUE,APPEL_OFFRE,Avis de marché,OUVERT,SERVICES,5|1|,Informatique (prestations de services),"ACCORD CADRE DE MISE EN OEUVRE DU SYSTEME D'INFORMATION DE GESTION COMMERCIALE, DE FACTURATION ET DE GESTION FINANCIERE ET COMPTABLE DE GIGALIS",,,,INITIAL,https://www.boamp.fr/pages/avis/?q=idweb:22-11807,legacy,75310000,75310000|48219300|None|48442000,,44966,Nantes Cedex 9,,36.0,DUREE_MOIS,,
22-9649,2022-01-21,2022-02-25,,CH LE MANS,72,JOUE,ATTRIBUTION,Résultat de marché,OUVERT,FOURNITURES,|10|6,Prestations de services|Télécommunications|Matériel de téléphonie,"Pièces, accessoires, maintenance pour appel malade, anti-fugue et DATI pour les établissements membres du GHT 72",AMELEC MAINTENANCE|AMELEC MAINTENANCE|AMELEC MAINTENANCE|AMELEC MAINTENANCE|AMELEC MAINTENANCE|AMELEC MAINTENANCE|AMELEC MAINTENANCE|LV COM|AMELEC MAINTENANCE|AMELEC MAINTENANCE|LV COM|AMELEC MAINTENANCE|AMELEC MAINTENANCE|AMELEC MAINTENANCE,21-28963|21-47707,,INITIAL,https://www.boamp.fr/pages/avis/?q=idweb:22-9649,legacy,32500000,32500000|None|50330000,,72037,Le mans cedex 09,636940.0,,,2022-01-13,2021-03-08
22-13142,2022-01-27,2022-03-08,,Conseil régional des Pays de la Loire,44|49|53|72|85,JOUE,APPEL_OFFRE,Avis de marché,OUVERT,SERVICES,5|1|,Informatique (prestations de services),"Accord-cadre de relevé et modélisation BIM du patrimoine bâti propriété de la Région Pays de la Loire, pour la mutation du SIP* régional. *(Système d'Informations Patrimoniales)",,,,INITIAL,https://www.boamp.fr/pages/avis/?q=idweb:22-13142,legacy,72242000,72242000,,44966,Nantes Cedex 9,,12.0,DUREE_MOIS,,
22-9627,2022-01-21,2022-02-25,,CH LE MANS,72,JOUE,ATTRIBUTION,Résultat de marché,OUVERT,FOURNITURES,|10|6,Surveillance,"Fourniture d'équipements de vidéoprotection et de contrôle des accès, prestations associées et maintenance pour le GHT 72 - CHM, CH de Château du Loir, CH de la Ferté Bernard, CH du Lude, EPSM, P",BARBE DEVAUX,21-118586|21-132378,,INITIAL,https://www.boamp.fr/pages/avis/?q=idweb:22-9627,legacy,35113300,35113300|32323500|50324100,,72037,Le mans cedex 09,231893.24,,,2022-01-14,2021-09-08
22-15926,2022-01-31,2022-04-01,,LA GARNACHE,85,FNS,APPEL_OFFRE,Avis de marché,OUVERT,FOURNITURES,5|1|,Maintenance|Surveillance,Fourniture et installation de systèmes de vidéosurveillance avec contrat de maintenance associé,,,,INITIAL,https://www.boamp.fr/pages/avis/?q=idweb:22-15926,legacy,32323500,32323500,,85710,LA GARNACHE,,3.0,DUREE_MOIS,,
22-12455,2022-01-26,2022-04-23,,DEPARTEMENT DE LA SARTHE,72,JOUE,ATTRIBUTION,Résultat de marché,OUVERT,SERVICES,|10|6,Informatique (prestations de services),"Fourniture et maintenance des composants logiciels du système d'information décisionnel (Bo, 360 et Talend) pour les besoins du Département de la Sarthe",Decivision,21-138241,,INITIAL,https://www.boamp.fr/pages/avis/?q=idweb:22-12455,legacy,72267100,72267100,,72072,Le Mans,220000.0,,,2022-01-21,2021-10-19
22-17628,2022-02-03,2022-03-08,,Cté de Cnes du Pays d'Ancenis,44,FNS,APPEL_OFFRE,Avis de marché,OUVERT,SERVICES,5|1|,Contrôle d'accès|Equipement de piscine|Logiciel,"Fourniture et installation d'un système informatisé de réservation, billetterie, contrôle d'accès et maintenance associée au Centre Aquatique Jean Blanchet à Ancenis-Saint-Géréon",,,,INITIAL,https://www.boamp.fr/pages/avis/?q=idweb:22-17628,legacy,48000000,48000000,,44156,Ancenis-Saint-Géréon cedex,,,,,
22-12710,2022-01-27,2022-02-24,,CH LE MANS,72,JOUE,ATTRIBUTION,Résultat de marché,OUVERT,FOURNITURES,|10|6,Télécommunications,"Fournitures, prestations de maintenance des infrastructures de communications unifiées et les services associés pour les établissements du GHT 72",,21-148700,,INITIAL,https://www.boamp.fr/pages/avis/?q=idweb:22-12710,legacy,32500000,32500000|32000000,,72037,Le mans cedex 09,810708.0,,,2022-01-21,2021-11-12
22-18098,2022-02-03,2022-03-10,,Nantes Métropole,44,FNS,APPEL_OFFRE,Avis de marché,OUVERT,SERVICES,5|1|,Logiciel,Mise à disposition d'une plateforme dédiée au bénévolat pour les besoins de la ville de nantes,,,,INITIAL,https://www.boamp.fr/pages/avis/?q=idweb:22-18098,legacy,48000000,48000000,,44041,Nantes Cedex 01,,,,,
22-12622,2022-01-30,2022-02-28,,SEMITAN,44,JOUE,ATTRIBUTION,Résultat de marché,NEGOCIE,SERVICES,|10|6,Audit|Informatique (prestations de services)|Prestations de services|Assistance à maîtrise d'ouvrage|Informatique (maintenance serveurs et réseaux),Accord-cadre de prestations pour la Direction des Systèmes d'Information (10 lots),ONEPOINT|SQLI|TALAN|SQLI|NIJI|NEO-SOFT SERVICES|ISIA|SIGMA INFORMATIQUE|INGEVA|ACIAL ATLANTIQUE|TALAN|CGI FRANCE|DECIVISION|SYD IM|Trsb Digiwin|Orange Cyberdefense|Orange Cyberdefense|ERNST &amp; YOUNG ADVISORY|TALAN,21-86348,,INITIAL,https://www.boamp.fr/pages/avis/?q=idweb:22-12622,legacy,72000000,72000000|None,,44046,Nantes cedex 1,,,,2021-11-29,2021-06-28
22-12758,2022-02-03,2022-03-07,,Ville d'Angers,49,JOUE,APPEL_OFFRE,Avis de marché,OUVERT,FOURNITURES,5|1|,Chaussures ou articles chaussants|Habillement|Matériel de sécurité,acquisition des tenues et équipements pour la sécurité et la prévention,,,,INITIAL,https://www.boamp.fr/pages/avis/?q=idweb:22-12758,legacy,35811200,35811200|None|35000000,,49020,Angers Cedex 02,200000.0,12.0,DUREE_MOIS,,
22-13417,2022-02-03,2022-05-02,,CA PORNIC AGGLO PAYS DE RETZ,44,JOUE,ATTRIBUTION,Résultat de marché,OUVERT,FOURNITURES,|10|6,Informatique (matériel)|Matériel de téléphonie,"Groupement de commande pour la fourniture de matériels informatiques, réseaux et téléphoniques - 2 lots (GC2021-01)",APS SOLUTIONS INFORMATIQUES,21-139944,,INITIAL,https://www.boamp.fr/pages/avis/?q=idweb:22-13417,legacy,30200000,30200000|32250000,,,PORNIC cedex,1200000.0,,,2022-01-24,2021-10-29
22-16534,2022-02-03,2022-03-04,,Le Mans Métropole - Communauté Urbaine,72,JOUE,APPEL_OFFRE,Avis de marché,NEGOCIE,FOURNITURES,5|1|,Logiciel,"Fourniture, mise en oeuvre et maintenance d'une solution de Gestion de Temps d'Activités",,,,INITIAL,https://www.boamp.fr/pages/avis/?q=idweb:22-16534,legacy,48450000,48450000|72267000,,72039,Le Mans,584000.0,60.0,DUREE_MOIS,,
22-18293,2022-02-06,2022-04-15,,CHU de Nantes,44,JOUE,ATTRIBUTION,Résultat de marché,OUVERT,FOURNITURES,|10|6,Chaussures ou articles chaussants|Matériel de sécurité|Textile,Marché de fourniture d'équipements de protection individuelle (EPI),ACTUEL VET|DL DISTRIBUTION|LYRECO|LYRECO|INTERSON PROTAC,21-78638,,INITIAL,https://www.boamp.fr/pages/avis/?q=idweb:22-18293,legacy,18143000,18143000|18830000|18800000|18141000|35113400,,44093,Nantes cedex,545746.0,,,2022-02-03,2021-06-14
22-17364,2022-02-04,2022-03-07,,SDIS 44,44,JOUE,APPEL_OFFRE,Avis de marché,OUVERT,FOURNITURES,5|1|,Logiciel,"Fourniture de logiciels bureautiques, maintenance et prestations associées pour les besoins du SDIS 44.",,,,INITIAL,https://www.boamp.fr/pages/avis/?q=idweb:22-17364,legacy,48000000,48000000,,44243,La chapelle sur erdre,,48.0,DUREE_MOIS,,
22-18409,2022-02-06,2022-05-04,,Département de Maine-et-Loire,49,JOUE,ATTRIBUTION,Résultat de marché,ATTRIBUE_SANS_PUB_JOUE,SERVICES,|10|6,Informatique (prestations de services)|Logiciel|Prestations de services|Informatique (assistance)|Informatique (maintenance serveurs et réseaux),"Exploitation d'un portail de télétransmission des prestations d'aide à domicile et prestations de maintenance, d'hébergement et d'assistance",SAS CITYZEN,,,INITIAL,https://www.boamp.fr/pages/avis/?q=idweb:22-18409,legacy,72000000,72000000,,49941,Angers,400000.0,,,2022-01-28,
22-15069,2022-02-06,2022-03-09,,Angers Loire Métropole,49,JOUE,APPEL_OFFRE,Avis de marché,OUVERT,FOURNITURES,5|1|,Sonorisation,prestations de sonorisation et de mise en lumière pour les évènements de la ville d'angers et d'angers loire métropole,,,,INITIAL,https://www.boamp.fr/pages/avis/?q=idweb:22-15069,legacy,32342410,32342410|None,,,Angers Cedex 02,800000.0,12.0,DUREE_MOIS,,
22-20106,2022-02-10,2022-04-11,,INRA ANGERS NANTES,44|49,JOUE,ATTRIBUTION,Résultat de marché,NEGOCIE,FOURNITURES,|10|6,Informatique (matériel),SALLES-REUNION-2021,DIGITALIS,21-68348,,INITIAL,https://www.boamp.fr/pages/avis/?q=idweb:22-20106,legacy,32232000,32232000,,44300,Nantes,158750.96,,,2021-12-14,2021-05-25
22-19299,2022-02-09,2022-03-11,,Ville de Bouguenais,44,JOUE,APPEL_OFFRE,Avis de marché,NEGOCIE,FOURNITURES,5|1|,Informatique (matériel)|Informatique (prestations de services)|Informatique (maintenance serveurs et réseaux),Fourniture et prestations de refonte et de maintenance des infrastructures du système informatique de la Ville de Bouguenais.,,,,INITIAL,https://www.boamp.fr/pages/avis/?q=idweb:22-19299,legacy,48800000,48800000|None,,44341,BOUGUENAIS CEDEX,1040000.0,24.0,DUREE_MOIS,,
22-24782,2022-02-17,2022-05-17,,SYDELA,44,FNS,ATTRIBUTION,Résultat de marché,PROCEDURE_ADAPTE,,|10|6,Télécommunications,diagnostics des infrastructures de communication électroniques,IRH Ingénieur Conseil|IRH Ingénieur Conseil,21-161507,,INITIAL,https://www.boamp.fr/pages/avis/?q=idweb:22-24782,legacy,32523000,32523000,,44700,Orvault,,,,2022-01-27,
22-19646,2022-02-09,2022-03-11,,Rectorat de l'Académie de Nantes,44|49,JOUE,APPEL_OFFRE,Avis de marché,OUVERT,SERVICES,5|1|,Informatique (prestations de services)|Logiciel,Mise à disposition d'un ENT pour les écoles primaires,,,,INITIAL,https://www.boamp.fr/pages/avis/?q=idweb:22-19646,legacy,72267000,72267000,,44326,NANTES,,,,,
22-25537,2022-02-20,2022-03-18,,SEMITAN,44,JOUE,ATTRIBUTION,Résultat de marché,NEGOCIE,SERVICES,|10|6,Informatique (prestations de services),Mise en place d'un ERP Finance,SYXPERIANE,21-88699,,INITIAL,https://www.boamp.fr/pages/avis/?q=idweb:22-25537,legacy,72000000,72000000|None,,44046,Nantes cedex 1,,,,2022-02-16,2021-07-02
22-16811,2022-02-10,2022-03-11,,Département de Maine-et-Loire,49,JOUE,APPEL_OFFRE,Avis de marché,NEGOCIE,FOURNITURES,5|1|,Logiciel,"Acquisition, mise en oeuvre et maintenance d'un progiciel de gestion financière et comptable",,,,INITIAL,https://www.boamp.fr/pages/avis/?q=idweb:22-16811,legacy,48440000,48440000|None,,49941,Angers cedex 09,,48.0,DUREE_MOIS,,
22-26063,2022-02-21,2022-05-19,,Le Mans Métropole - Communauté Urbaine,72,JOUE,ATTRIBUTION,Résultat de marché,ATTRIBUE_SANS_PUB_JOUE,SERVICES,|10|6,Informatique (matériel)|Logiciel,Rénovation du système Saeiv du réseau de transport en commun de Le Mans Métropole,Ineo Systrans,,,INITIAL,https://www.boamp.fr/pages/avis/?q=idweb:22-26063,legacy,72211000,72211000|48813000,,72039,Le Mans,5351010.0,,,2022-02-14,
23-2072,2023-01-07,2023-02-10,,Ville de Bouguenais,44,JOUE,APPEL_OFFRE,Avis de marché,OUVERT,SERVICES,5|1|,Informatique (prestations de services),ACQUISITION DE LICENCES INFORMATIQUES ' MICROSOFT 365 et MPSA ' POUR LA VILLE DE BOUGUENAIS,,,,INITIAL,https://www.boamp.fr/pages/avis/?q=idweb:23-2072,legacy,72212218,72212218|48000000,,44341,BOUGUENAIS CEDEX,540000.0,12.0,DUREE_MOIS,,
23-890,2023-01-05,2023-02-04,,SEMITAN,44,JOUE,ATTRIBUTION,Résultat de marché,NEGOCIE,FOURNITURES,|10|6,Informatique (matériel)|Informatique (prestations de services)|Informatique (assistance)|Informatique (maintenance serveurs et réseaux),"Renouvellements des infrastructures Serveurs, Stockage & Sauvegarde",ILIANE,22-115287,,INITIAL,https://www.boamp.fr/pages/avis/?q=idweb:23-890,legacy,48822000,48822000|None,,44046,Nantes cedex 1,1597617.8,,,2022-12-21,2022-08-30
23-1325,2023-01-06,2023-01-21,,Conseil régional des Pays de la Loire,44|53|72|49|85,JOUE,RECTIFICATIF,Rectificatif,,FOURNITURES,,Logiciel,RENOUVELLEMENT ET EXPLOITATION DU SYSTEME D'INFORMATION MULTIMODALE DESTINEO EN REGION DES PAYS DE LA LOIRE - LOT 3 : PRESTATIONS D'EXPLOITATION,,22-162091,,RECTIFICATIF,https://www.boamp.fr/pages/avis/?q=idweb:23-1325,legacy,48000000,48000000,,44966,Nantes,,,,,
23-6460,2023-01-13,2023-02-20,2023-02-20T11:00:00+00:00,GPM de Nantes - St Nazaire,44,FNS,APPEL_OFFRE,Avis de marché,OUVERT,FOURNITURES,5|1|,Matériel de transmission,Fourniture de station de base AIS (Automatic Identification System),,,,INITIAL,https://www.boamp.fr/pages/avis/?q=idweb:23-6460,legacy,32230000,32230000,,44100,Nantes,,,,,
23-823,2023-01-05,2023-04-02,,COM D AGGLO REG NAZAIRIENNE ESTUAIRE,44,JOUE,ATTRIBUTION,Résultat de marché,OUVERT,FOURNITURES,|10|6,Logiciel,"Fourniture, mise en oeuvre, maintenance d'un système intégré de gestion de bibliothèque, d'un portail documentaire web,d'un système de gestion des terminaux publics pour le réseau d",C3rb Informatique,22-94809,,INITIAL,https://www.boamp.fr/pages/avis/?q=idweb:23-823,legacy,48160000,48160000,,44605,Saint-Nazaire,400000.0,,,2022-12-06,2022-07-11
23-2428,2023-01-07,2023-01-16,,DEPARTEMENT DE LA MAYENNE,53,JOUE,RECTIFICATIF,Rectificatif,,SERVICES,,Informatique (prestations de services),Déploiement d'une plateforme départementale de mise en relation des Mayennais en vue de développer des actions d'entraide bénévoles,,22-162095,,RECTIFICATIF,https://www.boamp.fr/pages/avis/?q=idweb:23-2428,legacy,72268000,72268000,,53014,LAVAL,,,,,
23-6087,2023-01-13,2023-02-08,2023-02-08T11:30:00+00:00,VILLE DE LA ROCHE SUR YON,85|44,FNS,APPEL_OFFRE,Avis de marché,OUVERT,SERVICES,5|1|,Site internet,refonte et maintenance du site internet de la ville et de l'agglomération de la roche-sur-yon,,,,INITIAL,https://www.boamp.fr/pages/avis/?q=idweb:23-6087,legacy,72413000,72413000,,85000,La Roche-sur-Yon,,48.0,DUREE_MOIS,,
23-969,2023-01-05,2023-01-13,,Commune de VALLONS-DE-L'ERDRE,44,JOUE,ATTRIBUTION,Résultat de marché,OUVERT,SERVICES,|10|6,Informatique (matériel)|Informatique (prestations de services)|Informatique (maintenance serveurs et réseaux),Renouvellement du système informatique et téléphonique de la commune de VALLONS-DE-L'ERDRE (44),UNYC|SCIT|SCIT,22-102718,,INITIAL,https://www.boamp.fr/pages/avis/?q=idweb:23-969,legacy,72500000,72500000|JA03|72315200|48822000|30200000,,44540,VALLONS-DE-L'ERDRE,234968.0,,,2022-11-28,2022-07-25
23-7514,2023-01-18,2023-01-27,,Département de la Vendée,85,JOUE,RECTIFICATIF,Rectificatif,,SERVICES,,Informatique (prestations de services)|Logiciel|Informatique (assistance),"Maintenance, fournitures et prestations associées aux outils Business Objects et Etl-Talend",,22-166698,,RECTIFICATIF,https://www.boamp.fr/pages/avis/?q=idweb:23-7514,legacy,72267100,72267100,,85923,LA ROCHE SUR YON,,,,,
23-6398,2023-01-13,2023-02-03,2023-02-03T11:00:00+00:00,CHU de Nantes,44,FNS,APPEL_OFFRE,Avis de marché,OUVERT,FOURNITURES,5|1|,Télécommunications,FOURNITURE D'UN SERVICE DE CENTRE D'APPEL CLOUD POUR LE CENTRE D'ASSISTANCE UTILISATEURS DU CHU DE NANTES,,,,INITIAL,https://www.boamp.fr/pages/avis/?q=idweb:23-6398,legacy,32546100,32546100,,,Nantes cedex,,60.0,DUREE_MOIS,,
23-2826,2023-01-08,2023-03-05,,DEPARTEMENT DE LA MAYENNE,53,JOUE,ATTRIBUTION,Résultat de marché,ATTRIBUE_SANS_PUB_JOUE,SERVICES,|10|6,Logiciel,"Acquisition d'abonnement de logiciels, maintenance et prestations associées des outils d'infrastructure - lot 16",SARL DECIVISION,,,INITIAL,https://www.boamp.fr/pages/avis/?q=idweb:23-2826,legacy,72268000,72268000|None,,53000,LAVAL CEDEX,240000.0,,,2022-12-09,
23-23201,2023-02-19,2023-04-20,,Angers Loire Métropole,49,JOUE,MODIFICATION,Modification,,SERVICES,,Alimentation en eau potable|Assainissement|Informatique (matériel)|Informatique (prestations de services)|Logiciel|Informatique (maintenance serveurs et réseaux),refonte du système de supervision de la direction de l'eau et de l'assainissement d'angers loire métropole,CALASYS,19-127477|20-62473|21-36541,,MODIFICATION,https://www.boamp.fr/pages/avis/?q=idweb:23-23201,legacy,72212900,72212900|KA11|None,,49000,Angers,1649316.68,96.0,DUREE_MOIS,2021-03-11,2021-03-23
23-5727,2023-01-14,2023-02-14,,CCI Pays de la Loire,44,JOUE,APPEL_OFFRE,Avis de marché,OUVERT,SERVICES,5|1|,Informatique (prestations de services),Marché d'externalisation du service help desk informatique de la CCI Région Pays de la Loire,,,,INITIAL,https://www.boamp.fr/pages/avis/?q=idweb:23-5727,legacy,72610000,72610000,,44100,Nantes,,48.0,DUREE_MOIS,,
23-2947,2023-01-08,2023-04-05,,DEPARTEMENT DE LA MAYENNE,53,JOUE,ATTRIBUTION,Résultat de marché,OUVERT,SERVICES,|10|6,Informatique (matériel)|Informatique (prestations de services)|Logiciel,"Acquisition d'abonnement de logiciels, maintenance et prestations associées des outils d'infrastructure Lots 09, 11, 12, 21",Nomios|Apixit|Apixit,22-130851,,INITIAL,https://www.boamp.fr/pages/avis/?q=idweb:23-2947,legacy,72268000,72268000|None,,53014,LAVAL,1960000.0,,,2023-01-02,2022-10-05
23-35823,2023-03-16,2023-05-10,,Nantes Métropole,44,FNS,RECTIFICATIF,Rectificatif,,SERVICES,,Etude|Informatique (prestations de services),prestations d'auit de sécurité des systèmes d'information (rectificatif),,23-34854,,RECTIFICATIF,https://www.boamp.fr/pages/avis/?q=idweb:23-35823,legacy,72150000,72150000,,44923,Nantes cedex 9,,,,,
23-8217,2023-01-19,2023-03-03,,SDIS49,49|44|53|85|72,JOUE,APPEL_OFFRE,Avis de marché,OUVERT,FOURNITURES,5|1|,Télécommunications,Renouvellement des installations de téléphonie administrative et mise en oeuvre d'une infrastructure Wifi,,,,INITIAL,https://www.boamp.fr/pages/avis/?q=idweb:23-8217,legacy,32500000,32500000,,49071,Beaucouzé,1800000.0,60.0,DUREE_MOIS,,
23-5553,2023-01-14,2023-04-11,,Ville du Mans,72,JOUE,ATTRIBUTION,Résultat de marché,OUVERT,SERVICES,|10|6,Logiciel,Maintenance et pérennisation du progiciel Appvision. Années 2023 à 2026,Barbe - Devaux Sas,22-137172|22-150274,,INITIAL,https://www.boamp.fr/pages/avis/?q=idweb:23-5553,legacy,72267000,72267000,,72039,LE MANS,215000.0,,,2023-01-04,2022-10-18
23-34182,2023-03-16,2023-04-14,,SOC PUBLIQUE REG ABE DE FONTEVRAUD,49,JOUE,RECTIFICATIF,Rectificatif,,FOURNITURES,,Matériel scénique,Fourniture De Materiel Technique Pour Le Parcours Nocturne Scenographie De L'Abbaye De Fontevraud,,23-31948,,RECTIFICATIF,https://www.boamp.fr/pages/avis/?q=idweb:23-34182,legacy,32323300,32323300,,49590,FONTEVRAUD L'ABBAYE,,,,,
23-12403,2023-01-26,2023-02-24,2023-02-28T11:00:00+00:00,VENDEE EAU,85,FNS,APPEL_OFFRE,Avis de marché,OUVERT,SERVICES,5|1|,Informatique (prestations de services),Acquisition de matériels et d'un système d'information pour la relève des compteurs d'eau,,,,INITIAL,https://www.boamp.fr/pages/avis/?q=idweb:23-12403,legacy,48000000,48000000,,85036,La Roche sur Yon,,48.0,DUREE_MOIS,,
23-6025,2023-01-14,2023-02-15,,ONIRIS,44,JOUE,ATTRIBUTION,Résultat de marché,OUVERT,SERVICES,|10|6,Réseaux divers,2022-023 LAN-ONIRIS,NXO France,22-97433,,INITIAL,https://www.boamp.fr/pages/avis/?q=idweb:23-6025,legacy,50312310,50312310|32420000,,44307,Nantes cedex 3,1680000.0,,,2023-01-02,2022-07-11
23-37438,2023-03-22,2023-03-30,,COM D AGGLO REG NAZAIRIENNE ESTUAIRE,44,JOUE,RECTIFICATIF,Rectificatif,,FOURNITURES,,Logiciel|Matériel de transmission|Progiciel,Fourniture et déploiement d'un système de priorité radio aux carrefours à feux pour les bus du territoire de la Carene,,23-19634,,RECTIFICATIF,https://www.boamp.fr/pages/avis/?q=idweb:23-37438,legacy,35262000,35262000,,44605,Saint-Nazaire,,,,,
23-12742,2023-01-28,2023-02-28,,UBS,56|44|75,JOUE,APPEL_OFFRE,Avis de marché,OUVERT,FOURNITURES,5|1|,Equipements spécialisés|Logiciel,Acquisition de matériels dans le cadre du CPER Recherche 2021/2027 de l'UBS -vague 2-,,,,INITIAL,https://www.boamp.fr/pages/avis/?q=idweb:23-12742,legacy,43135000,43135000|42997300|48331000,,56321,Lorient,15000.0,4.0,DUREE_MOIS,,
23-7917,2023-01-19,2023-04-16,,Université d'Angers,49,JOUE,ATTRIBUTION,Résultat de marché,OUVERT,FOURNITURES,|10|6,Réseaux divers,Creation De Liaisons Ethernet Inter Campus Universitaires En Pays De La Loire,Melis@ Exploitation|Melis@ Exploitation|Sartel Thd|Societe Francaise Du Radiotelephone - Sfr|Celeste|Syndicat Mixte D'Etude Et De Developpement Des Sces Et Des Reseaux De Communications Electroniques Des Pays De La Loire,22-131126|22-133595,,INITIAL,https://www.boamp.fr/pages/avis/?q=idweb:23-7917,legacy,32415000,32415000,,49035,ANGERS,818480.0,,,2023-01-16,2022-10-05
23-37783,2023-03-23,2023-06-21,,SDIS49,49,JOUE,RECTIFICATIF,Rectificatif,,FOURNITURES,,Télécommunications,"Fourniture de postes radio tactiques, de pièces détachées, des équipements accessoires et services associés. Numéro de référence : 2023-02",,23-24753,,RECTIFICATIF,https://www.boamp.fr/pages/avis/?q=idweb:23-37783,legacy,32230000,32230000,,49071,Beaucouzé,,,,,
23-12419,2023-01-28,2023-02-07,,Conseil régional des Pays de la Loire,44,JOUE,APPEL_OFFRE,Avis de marché,OUVERT,SERVICES,5|1|,Informatique (prestations de services),Développement d'outils numériques grand public,,,,INITIAL,https://www.boamp.fr/pages/avis/?q=idweb:23-12419,legacy,72212200,72212200,,44966,Nantes Cedex 9,,12.0,DUREE_MOIS,,
23-8022,2023-01-19,2023-03-17,,CHU de Nantes,44,JOUE,ATTRIBUTION,Résultat de marché,ATTRIBUE_SANS_PUB_JOUE,SERVICES,|10|6,Informatique (prestations de services),"Maintenance corrective, adaptative, règlementaire et évolutive du progiciel ICCA",PHILIPS FRANCE COMMERCIAL,,,INITIAL,https://www.boamp.fr/pages/avis/?q=idweb:23-8022,legacy,72267100,72267100,,44093,Nantes cedex,1000000.0,,,2022-12-27,
23-45263,2023-04-06,2023-06-04,,SDIS49,49,JOUE,RECTIFICATIF,Rectificatif,,FOURNITURES,,Télécommunications,"Fourniture de postes radio tactiques, de pièces détachées, des équipements accessoires et services associés. Numéro de référence : 2023-02",,23-24753|23-37783,,RECTIFICATIF,https://www.boamp.fr/pages/avis/?q=idweb:23-45263,legacy,32230000,32230000,,49071,Beaucouzé,,,,,
23-13321,2023-01-29,2023-02-26,,CC Océan Marais de Monts,85,JOUE,APPEL_OFFRE,Avis de marché,OUVERT,SERVICES,5|1|,Informatique (prestations de services),PRESTATIONS INFORMATIQUES,,,,INITIAL,https://www.boamp.fr/pages/avis/?q=idweb:23-13321,legacy,72220000,72220000,,85167,Saint Jean de Monts,,48.0,DUREE_MOIS,,
23-12301,2023-01-28,2023-04-25,,DEPARTEMENT DE LA MAYENNE,53,JOUE,ATTRIBUTION,Résultat de marché,OUVERT,SERVICES,|10|6,Logiciel|Informatique (maintenance serveurs et réseaux),Acquisition et mise en oeuvre d'un Sigb mutualisé et de portails pour la Bibliothèque Départementale de la Mayenne et pour les réseaux de lecture publique des Epci mayennais,C3rb Informatique,22-114731|22-118198,,INITIAL,https://www.boamp.fr/pages/avis/?q=idweb:23-12301,legacy,72212160,72212160,,53014,LAVAL,390000.0,,,2023-01-20,2022-08-26
23-14004,2023-02-01,2023-03-03,,COMMUNE DE SAINT NAZAIRE,44,JOUE,APPEL_OFFRE,Avis de marché,OUVERT,FOURNITURES,5|1|,"Matériel scénique|Sonorisation|Vidéo, cinéma","Acquisition, installation et maintenance de matériels scéniques pour l'auditorium du Conservatoire de Musique et de Danse (Crd) de la Ville de Saint-Nazaire",,,,INITIAL,https://www.boamp.fr/pages/avis/?q=idweb:23-14004,legacy,32342410,32342410|None,,44600,Saint Nazaire,550000.0,48.0,DUREE_MOIS,,
23-12735,2023-01-28,2023-04-01,,La Cité des Congrès de Nantes,44,JOUE,ATTRIBUTION,Résultat de marché,OUVERT,FOURNITURES,|10|6,Audiovisuel|Logiciel|Maintenance|Matériel électronique,"Accord-cadre pour la rénovation, la fourniture, l'installation et la maintenance des équipements audiovisuels des salles de sous commissions (B à N) de La Cité des Congrès de Nantes",MANGANELLI Technology,22-115191,,INITIAL,https://www.boamp.fr/pages/avis/?q=idweb:23-12735,legacy,32321200,32321200|None,,44041,Nantes,318531.0,,,2023-01-10,2022-08-27
23-16483,2023-02-03,2023-03-07,2023-03-06T13:00:00+00:00,SPL EAU DU BASSIN RENNAIS,35|44|75|91|92|93|94|77|56,FNS,APPEL_OFFRE,Avis de marché,OUVERT,SERVICES,5|1|,Informatique (prestations de services),PRESTATION D'ASSISTANCE A LA SECURITE DES SYSTEMES D'INFORMATION,,,,INITIAL,https://www.boamp.fr/pages/avis/?q=idweb:23-16483,legacy,72246000,72246000,,35000,RENNES CEDEX,,30.0,DUREE_MOIS,,
23-14196,2023-02-01,2023-04-29,,Le Mans Métropole - Communauté Urbaine,72,JOUE,ATTRIBUTION,Résultat de marché,NEGOCIE,FOURNITURES,|10|6,Logiciel,"Fourniture, mise en oeuvre et maintenance d'une solution de Gestion de Temps d'Activités",Horoquartz,22-16534,,INITIAL,https://www.boamp.fr/pages/avis/?q=idweb:23-14196,legacy,48450000,48450000|72267000,,72039,Le Mans,532351.0,,,2023-01-19,2022-02-04
23-16355,2023-02-05,2023-03-15,,COM D AGGLO REG NAZAIRIENNE ESTUAIRE,44,JOUE,APPEL_OFFRE,Avis de marché,OUVERT,FOURNITURES,5|1|,Logiciel|Matériel de transmission|Prestations de services,Renouvellement du Système d'Aide à l'Exploitation et à l'Information Voyageurs (Saeiv) du réseau Stran de la Carene,,,,INITIAL,https://www.boamp.fr/pages/avis/?q=idweb:23-16355,legacy,48627000,48627000|48813200,,44605,Saint-Nazaire,,48.0,DUREE_MOIS,,
23-14564,2023-02-02,2023-03-02,,VENDEE,85,JOUE,ATTRIBUTION,Résultat de marché,OUVERT,SERVICES,|10|6,Prestations de services,Hébergement infogéré de sites internet et d'applications,OXEVA,22-146330,,INITIAL,https://www.boamp.fr/pages/avis/?q=idweb:23-14564,legacy,72500000,72500000|None,,85000,La Roche sur Yon,500000.0,,,2023-01-31,2022-10-31
23-13928,2023-02-09,2023-02-28,,Angers Loire Métropole,49,JOUE,APPEL_OFFRE,Avis de marché,RESTREINT,FOURNITURES,5|1|,Alimentation en eau potable|Assainissement|Réseaux divers|Voirie et réseaux divers,fourniture de pièces de réseaux et d'équipements connexes pour les travaux d'adduction d'eau potable et d'assainissement d'angers loire métropole,,,,INITIAL,https://www.boamp.fr/pages/avis/?q=idweb:23-13928,legacy,39350000,39350000|42131000|44167100|42131146|42130000|44470000|38421100|44165100|44163000|14212000|34942000|38550000|44531400|None|44165300|44163210|39360000|44482200|35121500,,49020,Angers cedex 02,480000.0,96.0,DUREE_MOIS,,
23-16164,2023-02-04,2023-05-02,,Le Mans Métropole - Communauté Urbaine,72,JOUE,ATTRIBUTION,Résultat de marché,OUVERT,FOURNITURES,|10|6,Equipements spécialisés|Logiciel,Acquisition et maintenance d'un système de guidage et de géolocalisation dans le cadre de la collecte des déchets pour 4 ans,Sysoco,22-116324,,INITIAL,https://www.boamp.fr/pages/avis/?q=idweb:23-16164,legacy,48600000,48600000,,72039,Le Mans,200000.0,,,2023-02-01,2022-09-02
23-19634,2023-02-11,2023-03-23,,COM D AGGLO REG NAZAIRIENNE ESTUAIRE,44,JOUE,APPEL_OFFRE,Avis de marché,OUVERT,FOURNITURES,5|1|,Logiciel|Matériel de transmission|Progiciel,Fourniture et déploiement d'un système de priorité radio aux carrefours à feux pour les bus du territoire de la Carene,,,,INITIAL,https://www.boamp.fr/pages/avis/?q=idweb:23-19634,legacy,35262000,35262000|None,,44605,Saint-Nazaire,,72.0,DUREE_MOIS,,
23-15595,2023-02-04,2023-03-04,,Centre Hospitalier de Laval (53),53,JOUE,ATTRIBUTION,Résultat de marché,OUVERT,FOURNITURES,|10|6,Télévision,Fourniture et installation de téléviseurs dans les futurs EHPAD du Centre Hospitalier de Laval,ATV SARL,22-157032,,INITIAL,https://www.boamp.fr/pages/avis/?q=idweb:23-15595,legacy,32000000,32000000,,53015,Laval Cedex,76648.0,,,2023-01-23,2022-11-25
23-18685,2023-02-11,2023-03-22,,Communauté de communes BAUGEOIS VALLEE,49,JOUE,APPEL_OFFRE,Avis de marché,OUVERT,SERVICES,5|1|,Informatique (prestations de services)|Informatique (maintenance serveurs et réseaux),"prestations d'hébergement, de maintenance et d'infogérance des serveurs.",,,,INITIAL,https://www.boamp.fr/pages/avis/?q=idweb:23-18685,legacy,72500000,72500000|None,,,Baugé en Anjou,214000.0,48.0,DUREE_MOIS,,
23-16857,2023-02-05,2023-05-03,,Le Mans Métropole - Communauté Urbaine,72,JOUE,ATTRIBUTION,Résultat de marché,OUVERT,FOURNITURES,|10|6,Informatique (matériel)|Matériel de manutention|Transport,Acquisition de matériels informatiques et techniques pour la Setram,Stertil Equip Vi|Hlc Indus|Coral Promindus|Riello Onduleurs|Roiret Transport|Oceane Telecom|Touiller Organisation|Fcc Dreux|Robert Paysage|Robert Paysage,22-105384,,INITIAL,https://www.boamp.fr/pages/avis/?q=idweb:23-16857,legacy,39300000,39300000|43800000|34631300|31155000|35125300|32236000|30230000|50113000|34114400|77314100,,72039,Le Mans,880887.44,,,2023-02-03,2022-08-02
23-20260,2023-02-12,2023-03-18,,Conseil régional des Pays de la Loire,44|49|53|72|85,JOUE,APPEL_OFFRE,Avis de marché,OUVERT,SERVICES,5|1|,Informatique (prestations de services),"Intégration, paramétrage et maintenance du CRM Microsoft Dynamics 365 dans le système d'informations de la Région des Pays de la Loire",,,,INITIAL,https://www.boamp.fr/pages/avis/?q=idweb:23-20260,legacy,72000000,72000000,,44966,Nantes,,12.0,DUREE_MOIS,,
23-16271,2023-02-05,2023-03-01,,CTRE HOSP UNIVERSITAIRE ANGERS,49,JOUE,ATTRIBUTION,Résultat de marché,OUVERT,TRAVAUX,|10|6,Bâtiment|Chauffage (travaux)|Couverture|Electricité (travaux)|Gaz médicaux|Gros oeuvre|Réseaux divers|Tous corps d'état,TRAVAUX D'ENTRETIEN ET DE MAINTENANCE DES BATIMENTS ET DES INFRASTRUCTURES DES ETABLISSEMENTS DU GHT 49,VALLEE ATLANTIQUE|GOUIN DECORATION|ATELIER LACOUR|ROUSSEAU REPAR|ATELIER PLAFONS DU MAINE|POVERT|CHARLES ET COMPAGNIE|CREATISS|SMAC|COLAS|GMO|SPIE BUILDING SOLUTIONS|HERVE THERMIQUE 1ER - AXIMA 2EME|BERENGIER 1ER - OCCAMIANTE 2EME - AMIANTECH 3EME|EGDC 1 ER - SPIE 2EME - GAUTIER 3 EME|EGDC 1ER - ROUSSEAU 2EME - APERTIO 3EME|OUEST SERRURERIE 1ER - EGDC 2EME - PARCHARD 3EME|NORBERT PAILLAT|NORBERT PAILLAT|ATELIER LACOUR|ROUSSEAU REPAR|ATELIER PLAFONS DU MAINE|SATI|CHARLES ET COMPAGNIE|CREATISS|SMAC|COLAS|GMO|CEGELEC LOIRE OCEAN|HERVE THERMIQUE 1ER - OGER ROUSSEAU COUDRAY 2EME|BERENGIER 1ER - OCCAMIANTE 2EME - AMIANTECH 3EME|EGDC 1ER - SPIE 2EME - GAUTIER 3EME|EGDC 1ER - ROUSSEAU 2EME - SOGEA 3EME|EGDC 1ER - OUEST SERRURERIE 2EME - PARCHARD 3EME|CHAUVAT|CHAUVAT|LACOUR|ROUSSEAU REPAR|ATELIER PLAFONFS DU MAINE|BERTRON|CHARLES ET COMPAGNIE|CREATISS|SMAC|COLAS|GMO|SPIE BUILDING SOLUTIONS|HERVE THERMIQUE 1ER - BRUNET MIGNE 2EME|BERENGIER 1 ER - OCCAMIANTE 2EME - SECHE 3EME|BERTRON 1ER - EGDC 2EME - SPIE 3EME|EGDC 1ER - ROUSSEAU 2EME - APERTIO 3EME|EGDC 1ER - OUEST SERRURERIE 2EME - PARCHARD 3EME,22-99915,,INITIAL,https://www.boamp.fr/pages/avis/?q=idweb:23-16271,legacy,45400000,45400000|45442100|45432000|45421000|45441000|45421146|45410000|45261213|45421143|32400000|44161110|45317300|45331000|45262660|45223220|45421150,,49933,Angers cédex 9,53476000.0,,,2023-01-01,2022-07-22
23-20884,2023-02-15,2023-03-20,,CNIEG,44,JOUE,APPEL_OFFRE,Avis de marché,NEGOCIE,SERVICES,5|1|,Informatique (prestations de services),Prestations d'accompagnement à la transformation des infrastructures et prestations de services managés du SI de la CNIEG. (cf doc 'contexte et périmètre du besoin').,,,,INITIAL,https://www.boamp.fr/pages/avis/?q=idweb:23-20884,legacy,72500000,72500000,,44200,NANTES,3800000.0,24.0,DUREE_MOIS,,
23-17061,2023-02-08,2023-05-08,,Département de Maine-et-Loire,49,JOUE,ATTRIBUTION,Résultat de marché,ATTRIBUE_SANS_PUB_JOUE,SERVICES,|10|6,Informatique (prestations de services)|Logiciel|Informatique (assistance),"Maintenance des logiciels de gestion de l'aide sociale ""Solis"" et &quot;Solatis"" et prestations associées",ARCHE MC2,,,INITIAL,https://www.boamp.fr/pages/avis/?q=idweb:23-17061,legacy,72267000,72267000,,49941,Angers Cedex 9,464278.08,,,2023-02-03,
23-22379,2023-02-18,2023-04-23,,CTRE HOSP UNIVERSITAIRE ANGERS,49,JOUE,APPEL_OFFRE,Avis de marché,OUVERT,FOURNITURES,5|1|,Télécommunications,"FOURNITURE D'ACCESSOIRES, PIECES DETACHEES ET PRESTATIONS DE MAINTENANCE POUR LES INSTALLATIONS D'APPELS MALADES",,,,INITIAL,https://www.boamp.fr/pages/avis/?q=idweb:23-22379,legacy,32360000,32360000,,49933,Angers,,12.0,DUREE_MOIS,,
23-17080,2023-02-08,2023-03-06,,Nantes Métropole,44,JOUE,ATTRIBUTION,Résultat de marché,RESTREINT,SERVICES,|10|6,Etude|Transport,Maintenance des modèles de simulation multimodale des déplacements et de transport de marchandises de Nantes Métropole,SYSTRA France,22-94454,,INITIAL,https://www.boamp.fr/pages/avis/?q=idweb:23-17080,legacy,72242000,72242000,,44923,Nantes,219160.0,,,2023-02-03,2022-07-27
23-24028,2023-02-20,2023-03-13,2023-03-13T11:00:00+00:00,CONSEIL DEPARTEMENTAL DE LOIRE-ATLANTI,44,FNS,APPEL_OFFRE,Avis de marché,OUVERT,FOURNITURES,5|1|,Signalétique,Signalétique événementielle,,,,INITIAL,https://www.boamp.fr/pages/avis/?q=idweb:23-24028,legacy,35261000,35261000,,44041,NANTES,,36.0,DUREE_MOIS,,
23-18958,2023-02-09,2023-05-09,,Département de la Vendée,85,FNS,ATTRIBUTION,Résultat de marché,,SERVICES,|10|6,Informatique (prestations de services)|Informatique (assistance),Assistance technique et prestations d'experts sur les environnements Microsoft et Citrix,,22-98192|22-120129,,INITIAL,https://www.boamp.fr/pages/avis/?q=idweb:23-18958,legacy,72600000,72600000,,85923,LA ROCHE SUR YON,,,,,
23-24849,2023-02-21,2023-03-30,2023-03-30T11:00:00+00:00,COMMUNE DE SAINT NAZAIRE,44,FNS,APPEL_OFFRE,Avis de marché,OUVERT,SERVICES,5|1|,Site internet,"Refonte technique, hébergement et maintenance des sites internet de la ville et de l'agglomération de Saint Nazaire",,,,INITIAL,https://www.boamp.fr/pages/avis/?q=idweb:23-24849,legacy,72416000,72416000,,44600,Saint Nazaire,,48.0,DUREE_MOIS,,
24-1266,2024-01-04,2024-01-26,2024-01-26T11:00:00+00:00,Commune d'Ancenis-Saint-Géréon,44|49|85,FNS,APPEL_OFFRE,Avis de marché,OUVERT,SERVICES,5|1|,Prestations de services,Fourniture et gestion d'un service de téléassistance à la résidence autonomie La Davrays,,,,INITIAL,https://www.boamp.fr/pages/avis/?q=idweb:24-1266,legacy,72253000,72253000,,44156,Ancenis-Saint-Géréon,,12.0,DUREE_MOIS,,
24-747,2024-01-05,2024-04-01,,Le Mans Métropole - Communauté Urbaine,72,JOUE,ATTRIBUTION,Résultat de marché,NEGOCIE,SERVICES,|10|6,Prestations de services,Déploiement d'une infrastructure Wifi haut débit,Spie Ics / Spie Citynetworks,22-136844,,INITIAL,https://www.boamp.fr/pages/avis/?q=idweb:24-747,legacy,72700000,72700000,,72039,Le Mans,344510.0,,,2023-12-28,2022-10-17
24-3636,2024-01-10,2024-02-06,2024-02-06T11:30:00+00:00,Angers Loire Métropole,49|44|72|53,FNS,APPEL_OFFRE,Avis de marché,RESTREINT,SERVICES,5|1|,Alimentation en eau potable|Maîtrise d'oeuvre|Informatique (maintenance serveurs et réseaux)|Ingénierie,mission de maîtrise d'oeuvre pour la rénovation de l'automatisme et la supervision de l'usine de production d'eau potable,,,,INITIAL,https://www.boamp.fr/pages/avis/?q=idweb:24-3636,legacy,48921000,48921000,,,,,72.0,DUREE_MOIS,,
24-1366,2024-01-06,2024-04-02,,Le Mans Métropole - Communauté Urbaine,72,JOUE,ATTRIBUTION,Résultat de marché,NEGOCIE,SERVICES,|10|6,Logiciel,Evolution du système Saeiv du réseau de transports en commun de Le Mans Métropole,Equans Ineo Systrans,23-93496,,INITIAL,https://www.boamp.fr/pages/avis/?q=idweb:24-1366,legacy,72260000,72260000,,72039,Le Mans,1717280.0,,,2023-12-26,2023-07-07
24-3414,2024-01-11,2024-02-10,,EPSILON CENTRALE D'ACHAT INFORMATIQUE,33|75|69|44|45|67|59|13|21,JOUE,APPEL_OFFRE,Avis de marché,OUVERT,SERVICES,5|1|,Assistance à maîtrise d'ouvrage,Assistance à maitrise d'ouvrage pour la conduite de projets numériques mutualisés,,,,INITIAL,https://www.boamp.fr/pages/avis/?q=idweb:24-3414,legacy,72600000,72600000,,33077,BORDEAUX Cedex,500000.0,24.0,DUREE_MOIS,,
24-1106,2024-01-06,2024-02-04,,Université de Nantes,44,JOUE,ATTRIBUTION,Résultat de marché,NEGOCIE,FOURNITURES,|10|6,Logiciel,Fourniture en mode SaaS (Service as a Software) du système de gestion de bibliothèque FOLIO pour l'établissement public expérimental Nantes Université,EBSCO,23-44436,,INITIAL,https://www.boamp.fr/pages/avis/?q=idweb:24-1106,legacy,48161000,48161000,,44035,Nantes cedex 1,415451.0,,,2023-12-22,2023-04-05
24-5880,2024-01-19,2024-02-15,2024-02-15T14:00:00+00:00,CENOVIA CITES,72,JOUE,APPEL_OFFRE,Avis de marché,OUVERT,FOURNITURES,5|1|,"Télésurveillance|Signalisation|Porte automatique, portail|Contrôle d'accès|Informatique (maintenance serveurs et réseaux)",Fourniture et installation d'équipements des parkings de la maison de santé pluridisciplinaire (MSP) et la maison des organisations syndicales (MOS) au Mans,,,074bcfdb-0518-4346-a1c3-86cd0d60a303,INITIAL,https://www.boamp.fr/pages/avis/?q=idweb:24-5880,eforms,34927000,34927000|45310000|32323500|32424000|30200000|34942000,443928874,38170,Seyssinet-Pariset,,6.0,cbc:DurationMeasure,,
24-2064,2024-01-10,2024-03-08,,COMMUNE DE CESSON SEVIGNE,35|56|29|22|53,JOUE,ATTRIBUTION,Résultat de marché,OUVERT,FOURNITURES,|10|6,Télésurveillance,"Extension, exploitation et maintenance du système de vidéoprotection de la Ville de Cesson-Sévigné",ACXIA SURETE,23-125681,,INITIAL,https://www.boamp.fr/pages/avis/?q=idweb:24-2064,legacy,32323500,32323500|None,,35510,Cesson-Sévigné,800000.0,,,2023-12-07,2023-09-13
24-7288,2024-01-24,2024-02-22,2024-02-22T16:00:00+00:00,Département de la Vendée,85,JOUE,APPEL_OFFRE,Avis de marché,OUVERT,FOURNITURES,5|1|,"Publicité, Communication",Achat d'articles répondant aux besoins des associations ou des manifestations à caractère promotionnel - Relance lots 2 et 3,,,1d202127-4262-44c9-91f4-aab10975833f,INITIAL,https://www.boamp.fr/pages/avis/?q=idweb:24-7288,eforms,39294100,39294100|22459100|35821000,443928874,38170,Seyssinet-Pariset,,4.0,cbc:DurationMeasure,,
24-2293,2024-01-10,2024-03-06,,Conseil régional des Pays de la Loire,44|49|53|72,JOUE,ATTRIBUTION,Résultat de marché,OUVERT,FOURNITURES,|10|6,Matériel de sécurité,Acquisition de gilets haute visibilité normalisés à destination des élèves empruntant le transport scolaire,GEDIVEPRO,23-94478|23-111846|23-115897,,INITIAL,https://www.boamp.fr/pages/avis/?q=idweb:24-2293,legacy,35113440,35113440,,44966,Nantes cedex,560000.0,,,2023-12-21,2023-08-17
24-7943,2024-01-25,2024-02-28,2024-02-28T08:00:00+00:00,SOCIETE PUBLIQUE REGIONALE ABBAYE DE FONTEVRAUD,49,JOUE,APPEL_OFFRE,Avis de marché,NEGOCIE,SERVICES,5|1|,Logiciel,"FOURNITURE ET MISE EN OEUVRE D'UNE SOLUTION DE GESTION INFORMATISEE DE BILLETTERIE, BOUTIQUE, CONTROLE D'ACCES et PRESTATIONS ASSOCIEES",,,69d075a7-f7f6-4774-8c6b-a3c98703af61,INITIAL,https://www.boamp.fr/pages/avis/?q=idweb:24-7943,eforms,72500000,72500000,443928874,38170,Seyssinet-Pariset,,,,,
24-2818,2024-01-11,2024-04-07,,Cap Atlantique,44,JOUE,ATTRIBUTION,Résultat de marché,OUVERT,FOURNITURES,|10|6,Informatique (prestations de services)|Logiciel,Contrats d'achat de licences Microsoft pour les logiciels et services cloud et logiciels sur site,Econocom Products & Solutions,23-143770,,INITIAL,https://www.boamp.fr/pages/avis/?q=idweb:24-2818,legacy,48900000,48900000,,44503,LA BAULE,2000000.0,,,2024-01-03,2023-10-18
24-10272,2024-01-31,2024-02-15,2024-03-01T11:00:00+00:00,Destination Angers,49,JOUE,APPEL_OFFRE,Avis de marché,OUVERT,SERVICES,5|1|,Audiovisuel|Evénementiel|Illumination|Matériel phonique|Matériel scénique,"prestation son, lumière et location matériel technique",,,bc75e13f-7dc9-4a63-8bad-e2becae9b42d,INITIAL,https://www.boamp.fr/pages/avis/?q=idweb:24-10272,eforms,71318100,71318100|79950000|79952000|79956000|32342410,83095506800044,49051,Angers,1750000.0,3.942181340341656,cbc:DurationMeasure,,
24-4843,2024-01-14,2024-01-31,,GIE SESAM Vitale,72,JOUE,ATTRIBUTION,Résultat de marché,OUVERT,SERVICES,|10|6,Assistance technique|Informatique (prestations de services),Assistance technique support exploitation,SII,23-115723,,INITIAL,https://www.boamp.fr/pages/avis/?q=idweb:24-4843,legacy,72600000,72600000,,72019,Le mans cedex 2,1621416.0,,,2023-12-19,2023-08-22
24-11486,2024-02-01,2024-03-06,2024-03-06T08:00:00+00:00,SOCIETE PUBLIQUE REGIONALE ABBAYE DE FONTEVRAUD,49,JOUE,APPEL_OFFRE,Avis de marché,OUVERT,FOURNITURES,5|1|,Matériel scénique,FOURNITURE DE MATERIEL TECHNIQUE POUR LE PARCOURS NOCTURNE SCENOGRAPHIE DE L'ABBAYE DE FONTEVRAUD,,,65aaae51-c5ee-4c5c-833b-714ce121e09d,INITIAL,https://www.boamp.fr/pages/avis/?q=idweb:24-11486,eforms,32323300,32323300|32342410,443928874,38170,Seyssinet-Pariset,,,,,
24-5196,2024-01-18,2024-04-14,,Département de la Vendée,85,JOUE,ATTRIBUTION,Résultat de marché,OUVERT,FOURNITURES,|10|6,Informatique (maintenance serveurs et réseaux)|Informatique (matériel),"Fourniture et prestations associées d'équipements réseaux et d'une infrastructure Wi-Fi, maintenance de l'existant",,,1cc5a74e-3bc9-484f-825b-df46dbd6916d,INITIAL,https://www.boamp.fr/pages/avis/?q=idweb:24-5196,eforms,32420000,32420000|32424000,443928874,38170,Seyssinet-Pariset,1200000.0,,,2023-10-20+02:00,
24-11668,2024-02-01,2024-03-31,2024-03-18T11:00:00+00:00,Commune de Challans,85,JOUE,APPEL_OFFRE,Avis de marché,OUVERT,FOURNITURES,5|1|,Matériel scénique,"Fourniture de matériel d'éclairage scénique, de diffusion sonore et de vidéo du théâtre le Marais à Challans",,,0aa33180-09cd-4b7b-8fa8-bbf611159fd9,INITIAL,https://www.boamp.fr/pages/avis/?q=idweb:24-11668,eforms,32342410,32342410|31527260|31518600|32350000,21850047800209,85300,CHALLANS,253000.0,3.942181340341656,cbc:DurationMeasure,,
24-6034,2024-01-20,2024-04-16,,Conseil Départemental de la Mayenne,53,JOUE,ATTRIBUTION,Résultat de marché,NEGOCIE,SERVICES,|10|6,Informatique (prestations de services),"Souscription au contrat d'entreprise (EA), maintenance des licences SIG et prestations associées pour les besoins du Système d'Informatique Géographique (SIG) du Département de la Mayenne",,,91aece74-7207-4e17-b2cc-14697a146a8d,INITIAL,https://www.boamp.fr/pages/avis/?q=idweb:24-6034,eforms,72267100,72267100,443928874,38170,Seyssinet-Pariset,330000.0,,,2024-01-09+01:00,
24-12133,2024-02-02,2024-03-15,2024-02-27T10:00:00+00:00,Tribunal administratif de Nantes,44|49|53|72|85,JOUE,APPEL_OFFRE,Avis de marché,OUVERT,SERVICES,5|1|,Prestations de services,Fourniture de services managés IT et d'infogérance de l'infrastructure informatique de l'ARS Pays de la Loire,,,8d7406a1-4e1d-48ed-81d7-66c816a0ae0a,INITIAL,https://www.boamp.fr/pages/avis/?q=idweb:24-12133,eforms,72514000,72514000,17440005100010,44041,Nantes Cedex,,2.9566360052562417,cbc:DurationMeasure,,
24-7716,2024-01-25,2024-04-21,,SEMITAN,44,JOUE,ATTRIBUTION,Résultat de marché,NEGOCIE,SERVICES,|10|6,Etude|Informatique (prestations de services)|Logiciel|Prestations de services,"Gestion des formations, entretiens et E-Learning",,,f52fb613-2844-4abb-bbb8-ab38f4b8468d,INITIAL,https://www.boamp.fr/pages/avis/?q=idweb:24-7716,eforms,72212900,72212900|72212930|48900000|48931000,443928874,38170,Seyssinet-Pariset,292290.0,,,2023-12-21+01:00,
24-11800,2024-02-02,2024-03-04,2024-03-04T16:00:00+00:00,Ville du Mans,72,JOUE,APPEL_OFFRE,Avis de marché,OUVERT,SERVICES,5|1|,Prestations de services,Accord cadre relatif à la logistique dans le cadre des manifestations évènementielles,,,5618180b-a1ec-4085-9b36-c3b9927f315a,INITIAL,https://www.boamp.fr/pages/avis/?q=idweb:24-11800,eforms,75310000,75310000|45223800|32321300|32342410|31500000|45232460|34114000,443928874,38170,Seyssinet-Pariset,2815000.0,4.0,cbc:DurationMeasure,,
24-8269,2024-01-26,2024-04-22,,VILLE DE SAINT NAZAIRE,44,JOUE,ATTRIBUTION,Résultat de marché,OUVERT,FOURNITURES,|10|6,Logiciel,Acquisition d'une solution informatique de suivi et de gestion des données liées à l'amiante et aux dossiers de diagnostics techniques,,,3c4ef964-7674-435b-9fac-5450b87db1c1,INITIAL,https://www.boamp.fr/pages/avis/?q=idweb:24-8269,eforms,48611000,48611000,443928874,38170,Seyssinet-Pariset,600000.0,,,2023-12-11+01:00,
24-13163,2024-02-04,2024-03-05,2024-03-05T11:00:00+00:00,Conseil départemental Loire Atlantique,44,JOUE,APPEL_OFFRE,Avis de marché,NEGOCIE,SERVICES,5|1|,Informatique (prestations de services)|Informatique (assistance),Assistance numérique pour les collèges publics de Loire-Atlantique,,,ccdb2a59-e462-443b-b923-fbf447d52c6f,INITIAL,https://www.boamp.fr/pages/avis/?q=idweb:24-13163,eforms,72611000,72611000,443928874,38170,Seyssinet-Pariset,,6.0,cbc:DurationMeasure,,
24-8263,2024-01-26,2024-04-22,,VILLE DE SAINT NAZAIRE,44,JOUE,ATTRIBUTION,Résultat de marché,OUVERT,SERVICES,|10|6,Informatique (assistance)|Informatique (prestations de services)|Informatique (maintenance serveurs et réseaux)|Informatique (matériel)|Logiciel,Maintenance exploitation et évolution des systèmes de téléphonie interne,,,c05ecbd9-f215-40ef-b3d6-823bf124170c,INITIAL,https://www.boamp.fr/pages/avis/?q=idweb:24-8263,eforms,50334110,50334110|32540000|32545000,443928874,38170,Seyssinet-Pariset,875000.0,,,2023-11-22+01:00,
24-14769,2024-02-07,2024-03-12,2024-03-12T11:00:00+00:00,Conseil départemental Loire Atlantique,44,JOUE,APPEL_OFFRE,Avis de marché,NEGOCIE,SERVICES,5|1|,Informatique (prestations de services)|Informatique (assistance),Assistance numérique pour les collèges publics de Loire-Atlantique,,24-13163,ccdb2a59-e462-443b-b923-fbf447d52c6f,RECTIFICATIF,https://www.boamp.fr/pages/avis/?q=idweb:24-14769,eforms,72611000,72611000,443928874,38170,Seyssinet-Pariset,,6.0,cbc:DurationMeasure,,
24-9009,2024-01-27,2024-04-23,,VILLE DE SAINT NAZAIRE,44,JOUE,ATTRIBUTION,Résultat de marché,OUVERT,SERVICES,|10|6,Surveillance|Télésurveillance,"Maintenance, Travaux, Télésurveillance de systèmes d'alarme intrusion et interventions de sécurité",,,2c222910-5bd7-4376-a460-0990de3ab405,INITIAL,https://www.boamp.fr/pages/avis/?q=idweb:24-9009,eforms,71700000,71700000|35113100|35121000|45233292|79711000,443928874,38170,Seyssinet-Pariset,1208000.0,,,2023-12-28+01:00,
24-14889,2024-02-08,2024-03-08,2024-03-08T12:00:00+00:00,GIE des EPL des Pays de la Loire,44|53|49|72|85|75,JOUE,APPEL_OFFRE,Avis de marché,OUVERT,SERVICES,5|1|,Prestations de services,"Aide à la décision stratégique et appui au management au profit de Solutions&co, Agence de développement économique de la Région des Pays de la Loire",,,7b3bb148-117f-4994-83b5-536acf93d7dc,INITIAL,https://www.boamp.fr/pages/avis/?q=idweb:24-14889,eforms,72224000,72224000|79419000|79411100|79400000,52921080900016,44 200,Nantes,,,,,
24-12024,2024-02-02,2024-04-30,,Département de la Sarthe,72,JOUE,ATTRIBUTION,Résultat de marché,OUVERT,SERVICES,|10|6,Télécommunications,Services de télécommunications mobiles pour les besoins du Département de la Sarthe - Lot unique,,,d8dd64c2-fc7d-40c5-bcf7-5a3327a0c51c,INITIAL,https://www.boamp.fr/pages/avis/?q=idweb:24-12024,eforms,64200000,64200000|32412100|64210000|64215000,443928874,38170,Seyssinet-Pariset,800000.0,,,2024-01-29+01:00,
24-15971,2024-02-09,2024-03-11,2024-03-11T11:00:00+00:00,VILLE DE SAINT NAZAIRE,44,JOUE,APPEL_OFFRE,Avis de marché,OUVERT,FOURNITURES,5|1|,"Vidéo, cinéma|Sonorisation|Matériel photographique et cinématographique|Matériel scénique",Acquisition et maintenance de matériels audio-vidéo et d'éclairage,,,4012e33d-f35e-4cca-8c64-7cfe12dfd308,INITIAL,https://www.boamp.fr/pages/avis/?q=idweb:24-15971,eforms,32321200,32321200|32342410|31518100|32323300|42416300|38652100|38651000,443928874,38170,Seyssinet-Pariset,2792500.0,4.0,cbc:DurationMeasure,,
24-16054,2024-02-10,2024-05-08,,BACKNET SOLUTIONS,49|72|53|44,JOUE,ATTRIBUTION,Résultat de marché,NEGOCIE,FOURNITURES,|10|6,Détection incendie,Dispositif de vidéo détection des feux de forêt et d'espaces naturels,,,8f6a939c-a2a1-4c3f-9000-c08dbf5b1e8c,INITIAL,https://www.boamp.fr/pages/avis/?q=idweb:24-16054,eforms,32323500,32323500,48756658000014,01600,LA VALETTE DU VAR,,,,2024-01-16+02:00,
24-16750,2024-02-11,2024-03-15,2024-03-15T11:00:00+00:00,SDIS 85,85,JOUE,APPEL_OFFRE,Avis de marché,OUVERT,FOURNITURES,5|1|,Logiciel|Informatique (maintenance serveurs et réseaux),Licences et équipements de sécurité des systèmes d'information et services associé pour le SDIS de la Vendée,,,484c093c-6b47-4ea8-a517-97ed829a3f4e,INITIAL,https://www.boamp.fr/pages/avis/?q=idweb:24-16750,eforms,48000000,48000000,28850001000013,85017,LA ROCHE SUR YON cedex,2000000.0,5.913272010512483,cbc:DurationMeasure,,
24-16783,2024-02-11,2024-03-04,,CHD VENDEE,85,JOUE,ATTRIBUTION,Résultat de marché,OUVERT,SERVICES,|10|6,Maintenance|Télésurveillance|Contrôle d'accès,"Maintenance et extension des systèmes de sûreté, vidéoprotection et contrôle d'accès au CHD Vendée",,,848259f9-a47e-45c6-a2c7-73d46fcb2c90,INITIAL,https://www.boamp.fr/pages/avis/?q=idweb:24-16783,eforms,50343000,50343000|35113100|45233292|50324100,50937719800023,44220,COUERON,501280.0,,,2024-01-12+02:00,
24-16801,2024-02-11,2024-03-11,2024-03-11T10:00:00+00:00,Société d'aménagement de la Métropole Ouest Atlantique,44,JOUE,APPEL_OFFRE,Avis de marché,OUVERT,FOURNITURES,5|1|,Matériel scénique,MARCHE PUBLIC PORTANT SUR LA FOURNITURE ET INSTALLATION DE MATERIEL TECHNIQUE AUDIOVISUEL ET SCENIQUE POUR LES HALLES 1 ET 2 SUR L'ILE DE NANTES,,,a9e5abba-f094-4438-9bb6-108dde4a2d49,INITIAL,https://www.boamp.fr/pages/avis/?q=idweb:24-16801,eforms,32000000,32000000|32500000,17350111500013,35031 ,Rennes,,5.913272010512483,cbc:DurationMeasure,,
24-18614,2024-02-15,2024-05-13,,Ville du Mans,72,JOUE,ATTRIBUTION,Résultat de marché,OUVERT,FOURNITURES,|10|6,"Cd, DVD",Acquisition de documents sonores et audiovisuels - supports préenregistrés son et images destinés à tous publics du réseau des médiathèques de la ville du Mans - Années 2024 à 2027,,,bd7afc5a-d877-4b76-b11a-ef5115bf9496,INITIAL,https://www.boamp.fr/pages/avis/?q=idweb:24-18614,eforms,32353000,32353000|32354500,443928874,38170,Seyssinet-Pariset,616000.0,,,2023-12-22+01:00,
24-17454,2024-02-14,2024-04-22,2024-03-21T12:00:00+00:00,Nantes Université,44,JOUE,APPEL_OFFRE,Avis de marché,OUVERT,SERVICES,5|1|,Informatique (assistance)|Informatique (maintenance serveurs et réseaux),Prestations de support des applicatifs liés à la plate-forme UNCLOUD de Nantes Université.,,,8f5d37a2-6a28-412a-a92e-41b39a918b65,INITIAL,https://www.boamp.fr/pages/avis/?q=idweb:24-17454,eforms,72261000,72261000|72267100,13002928300012,44042,NANTES,,,,,
24-19072,2024-02-16,2024-05-14,,Département de la Vendée,85,JOUE,ATTRIBUTION,Résultat de marché,NEGOCIE,SERVICES,|10|6,Logiciel,"Souscription d'un contrat EA, prestations relatives à la fourniture, la maintenance et prestations associées aux logiciels SIG pour le Département auprès de la société ESRI France",,,3bd42b53-7f81-4249-87a9-af1594d6ef8c,INITIAL,https://www.boamp.fr/pages/avis/?q=idweb:24-19072,eforms,72240000,72240000,443928874,38170,Seyssinet-Pariset,250000.0,,,2024-02-06+01:00,
24-18790,2024-02-16,2024-03-27,2024-03-27T10:30:00+00:00,Département de la Sarthe,72,JOUE,APPEL_OFFRE,Avis de marché,OUVERT,SERVICES,5|1|,Maintenance,Maintenance des systèmes de sécurité incendie (SSI) dans les collèges et bâtiments du Département de la Sarthe,,,7163c8a0-7110-432e-9d96-408e57babc47,INITIAL,https://www.boamp.fr/pages/avis/?q=idweb:24-18790,eforms,50413200,50413200|35110000|50710000,443928874,38170,Seyssinet-Pariset,,4.0,cbc:DurationMeasure,,
24-21207,2024-02-22,2024-05-19,,Conseil départemental Loire Atlantique,44,JOUE,ATTRIBUTION,Résultat de marché,OUVERT,SERVICES,|10|6,Assistance technique|Etude|Ouvrage d'infrastructure|Assistance à maîtrise d'ouvrage|Ingénierie,RD 723 - VR2+ - Assistance à la maîtrise d'ouvrage pour la mise en place de la gestion dynamique des vitesses,,24-20387,f3746697-a4fa-4373-a5f3-36548c655e28,INITIAL,https://www.boamp.fr/pages/avis/?q=idweb:24-21207,eforms,71336000,71336000|72220000|79933000,443928874,38170,Seyssinet-Pariset,,,,,
24-19872,2024-02-18,2024-03-19,2024-03-19T14:00:00+00:00,Tribunal Administratif de Nantes,44,JOUE,APPEL_OFFRE,Avis de marché,OUVERT,FOURNITURES,5|1|,Informatique (matériel),"Fourniture, intégration, maintenance et ingénierie de solutions de systèmes d'appel malades pour le compte des centres hospitaliers membres du GHT 44",,,c9a69107-7eb0-49ad-b897-a3cdb955293e,INITIAL,https://www.boamp.fr/pages/avis/?q=idweb:24-19872,eforms,32510000,32510000,17440005100010,44041,Nantes cedex,,6.0,cbc:DurationMeasure,,
24-21608,2024-02-22,2024-05-20,,Le Mans Métropole,72,JOUE,ATTRIBUTION,Résultat de marché,OUVERT,FOURNITURES,|10|6,Audiovisuel|Informatique (matériel)|Maintenance,"Acquisition, installation, calage et maintenance de matériel de projection - Mapping et supports techniques dans le cadre de la Nuit des Chimères pour une durée de 4 ans",,,3bdf992d-62a3-4725-b4ee-cce445b1c653,INITIAL,https://www.boamp.fr/pages/avis/?q=idweb:24-21608,eforms,48820000,48820000|30213000|38652120|50300000|50312000,443928874,38170,Seyssinet-Pariset,2298076.0,,,2024-02-08+01:00,
24-20340,2024-02-20,2024-03-22,2024-03-22T11:00:00+00:00,VILLE DE SAINT NAZAIRE,44,JOUE,APPEL_OFFRE,Avis de marché,OUVERT,FOURNITURES,5|1|,Panneaux|Signalisation|Signalétique,Acquisition et pose de panneaux d'information et communication provisoires,,,e3a6f148-cb7b-481d-bc33-abceb2761326,INITIAL,https://www.boamp.fr/pages/avis/?q=idweb:24-20340,eforms,44175000,44175000|32570000|35261000,443928874,38170,Seyssinet-Pariset,680000.0,5.0,cbc:DurationMeasure,,
24-22684,2024-02-24,2024-05-21,,Département de la Sarthe,72,JOUE,ATTRIBUTION,Résultat de marché,OUVERT,FOURNITURES,|10|6,Informatique (matériel),"Fourniture d'équipements numériques
pour les besoins du Département de la Sarthe
et du Service Départemental d'Incendie et de Secours de la Sarthe",,,eeef801d-9c45-46a0-9ca8-106a62815876,INITIAL,https://www.boamp.fr/pages/avis/?q=idweb:24-22684,eforms,30230000,30230000|32322000,443928874,38170,Seyssinet-Pariset,8000000.0,,,2024-02-21+01:00,
24-20387,2024-02-20,2024-03-21,2024-03-21T16:00:00+00:00,Conseil départemental Loire Atlantique,44,JOUE,APPEL_OFFRE,Avis de marché,OUVERT,SERVICES,5|1|,Assistance technique|Etude|Ouvrage d'infrastructure|Assistance à maîtrise d'ouvrage|Ingénierie,RD 723 - VR2+ - Assistance à la maîtrise d'ouvrage pour la mise en place de la gestion dynamique des vitesses,,,f3746697-a4fa-4373-a5f3-36548c655e28,INITIAL,https://www.boamp.fr/pages/avis/?q=idweb:24-20387,eforms,71336000,71336000|72220000|79933000,443928874,38170,Seyssinet-Pariset,,4.0,cbc:DurationMeasure,,
24-25531,2024-03-02,2024-03-29,,Syndicat Mixte e-Collectivités Vendée,85,JOUE,ATTRIBUTION,Résultat de marché,,SERVICES,|10|6,Logiciel,Fourniture de logiciels métiers pour les collectivités locales et prestations associées,,,65ea4036-3413-457e-b93f-294d0559002d,INITIAL,https://www.boamp.fr/pages/avis/?q=idweb:24-25531,eforms,72268000,72268000,20004311500019,85006,La Roche sur Yon Cedex,430070.0,24.0,cbc:DurationMeasure,2024-01-31+01:00,
24-21999,2024-02-23,2024-03-17,2024-03-26T11:00:00+00:00,Syndicat Départemental d'Energie et d'Equipement de la Vendée (85),85,JOUE,APPEL_OFFRE,Avis de marché,OUVERT,SERVICES,5|1|,Prestations de services|Site internet,"Création, animation et promotion d'un média grand public (2 lots)",,,ed248a4c-d15c-4348-bb6c-145772174ec9,INITIAL,https://www.boamp.fr/pages/avis/?q=idweb:24-21999,eforms,72000000,72000000|79341200,20004248900019,85000,LA ROCHE SUR YON Cedex,,3.942181340341656,cbc:DurationMeasure,,
24-26114,2024-03-03,2024-05-04,,CHD VENDEE,85,JOUE,ATTRIBUTION,Résultat de marché,,SERVICES,|10|6,Informatique (prestations de services),Marché négocié n° 230395 sans mise en concurrence sur le maintien en service et la maintenance du logiciel WEBDETTE et des outils automatisé WINGET et WEBPREV HOPITAUX.,,,f65ff67b-93e5-42a1-8fab-32fa3f84fcb3,INITIAL,https://www.boamp.fr/pages/avis/?q=idweb:24-26114,eforms,72267000,72267000,52859061500035,25000,BESANCON,252233.6,,,2024-01-04+02:00,
24-22970,2024-02-25,2024-03-14,2024-03-14T16:00:00+00:00,Ville du Mans,72,JOUE,APPEL_OFFRE,Avis de marché,OUVERT,SERVICES,5|1|,Prestations de services,Accord cadre relatif à la logistique dans le cadre des manifestations évènementielles,,24-11800,5618180b-a1ec-4085-9b36-c3b9927f315a,RECTIFICATIF,https://www.boamp.fr/pages/avis/?q=idweb:24-22970,eforms,75310000,75310000|45223800|32321300|32342410|31500000|45232460|34114000,443928874,38170,Seyssinet-Pariset,2815000.0,4.0,cbc:DurationMeasure,,
24-32286,2024-03-19,2024-06-15,,Département de la Vendée,85,JOUE,ATTRIBUTION,Résultat de marché,,SERVICES,|10|6,Logiciel,"Prestations d'hébergement, d'exploitation, de maintenance du logiciel CHILL et mise en oeuvre de prestations complémentaires",,,aa47633f-6c55-4967-bec6-871d2b269717,INITIAL,https://www.boamp.fr/pages/avis/?q=idweb:24-32286,eforms,72416000,72416000|85300000|72267100,443928874,38170,Seyssinet-Pariset,,,,,
24-22909,2024-02-25,2024-03-22,2024-03-22T11:00:00+00:00,Vendée Eau (85),85,JOUE,APPEL_OFFRE,Avis de marché,NEGOCIE,SERVICES,5|1|,Ingénierie,ETUDE SUR LE RENFORCEMENT ET LA SECURISATION DU RESEAU D'ALIMENTATION EN EAU POTABLE DU SUD-EST VENDÉEN,,,0207b7da-50b6-4bb2-94b2-f23b5b58f1a5,INITIAL,https://www.boamp.fr/pages/avis/?q=idweb:24-22909,eforms,72410000,72410000,25850022200033,85036,La Roche sur Yon,,36.0,cbc:DurationMeasure,,
24-34058,2024-03-22,2024-04-30,,CARIFOREF,44,JOUE,ATTRIBUTION,Résultat de marché,,SERVICES,|10|6,Informatique (prestations de services),Prestation informatique d'infogérance,,,d5e863e1-9caf-480d-b188-8024461e60a7,INITIAL,https://www.boamp.fr/pages/avis/?q=idweb:24-34058,eforms,72500000,72500000|72220000|72315200|50312000|30230000,92084215000012,44041,NANTES,188273.09,36.0,cbc:DurationMeasure,2024-03-01+02:00,
