uid,acheteur_id,cpv_div2,source_date_notification,declared_duration_months,renewal_uid,event,observed_duration_months,gap_months,text_similarity,match_score,is_censored,censoring_date
214401622000112018v-XOnDSodM00,21440162200011,72,2018-03-14,48.0,214401622000112022h0JYa7inW200,1,48.49,48.49,0.824,0.852,0,
214401622000112019MqNgfeQtj300,21440162200011,72,2019-03-13,48.0,214401622000112023NXt3Q2OHpC00,1,48.26,48.26,0.778,0.832,0,
214401622000112019TLnx5fkSai00,21440162200011,72,2019-03-28,48.0,214401622000112023NXt3Q2OHpC00,1,47.77,47.77,1.0,0.988,0,
214401622000112019_MMeN7kSxq00,21440162200011,72,2019-04-01,48.0,214401622000112023MO2IpRdiwf00,1,47.83,47.83,0.684,0.771,0,
214401622000112019QX8fhqF8LM00,21440162200011,72,2019-04-04,48.0,214401622000112023MO2IpRdiwf00,1,47.73,47.73,1.0,0.987,0,
214401622000112019Z7_2jGlUZ400,21440162200011,72,2019-06-14,43.0,214401622000112022BegYPV6rjL00,1,42.05,42.05,0.882,0.87,0,
2144016220001120191C2kLv9K3k00,21440162200011,72,2019-06-18,48.0,214401622000112023FyHxxA73ZB00,1,46.94,46.94,0.833,0.831,0,
2144016220001120194J4fGNmkUV00,21440162200011,72,2019-06-20,48.0,214401622000112023FyHxxA73ZB00,1,46.88,46.88,0.429,0.544,0,
214401622000112019-MvpeeTJfI00,21440162200011,72,2019-06-20,48.0,214401622000112023FyHxxA73ZB00,1,46.88,46.88,0.609,0.67,0,
214401622000112019hkGAK9XfVk00,21440162200011,72,2019-07-11,48.0,214401622000112023qNCSPNCDtt00,1,48.69,48.69,0.577,0.67,0,
214401622000112019Vd6GOpajq100,21440162200011,72,2019-10-25,48.0,,0,62.22,,,,1,2024-12-31
214401622000112019aK9M0nR5Th00,21440162200011,72,2020-02-10,48.0,214401622000112024DGndusCkB800,1,49.97,49.97,0.462,0.525,0,
214401622000112019WigFdUrVoQ00,21440162200011,72,2020-03-20,48.0,214401622000112024wFSZPFfTLV00,1,47.83,47.83,0.938,0.948,0,
2144016220001120200BplL6KvvM00,21440162200011,72,2020-03-20,48.0,214401622000112024wFSZPFfTLV00,1,47.83,47.83,0.722,0.797,0,
214401622000112020GtYZbncGAI00,21440162200011,72,2020-06-12,48.0,214401622000112024wFSZPFfTLV00,1,45.07,45.07,0.722,0.659,0,
21440162200011202042FN3RTcjM00,21440162200011,72,2020-10-29,16.0,,0,50.07,,,,1,2024-12-31
214401622000112020yYLrg85GrZ00,21440162200011,72,2020-11-25,48.0,2144016220001120242AG_e1A-O700,1,47.34,47.34,0.778,0.811,0,
214401622000112020CWEQEWSebi02,21440162200011,72,2020-11-25,48.0,214401622000112024K-P0rgdsDS00,1,49.18,49.18,0.737,0.757,0,
214401622000112020CWEQEWSebi00,21440162200011,72,2020-11-25,48.0,214401622000112024K-P0rgdsDS00,1,49.18,49.18,0.737,0.757,0,
214401622000112020njI6F8VEK200,21440162200011,72,2020-12-01,48.0,2144016220001120242AG_e1A-O700,1,47.14,47.14,0.882,0.875,0,
214401622000112020ywnvaNYW7w00,21440162200011,72,2020-12-21,48.0,,0,48.32,,,,1,2024-12-31
214401622000112020wmLHx_NL2_00,21440162200011,72,2020-12-21,48.0,2144016220001120242XTy0PCROT00,1,47.01,47.01,0.357,0.501,0,
214401622000112020sFJyN6kt8w00,21440162200011,72,2020-12-21,48.0,,0,48.32,,,,1,2024-12-31
214401622000112020xP0zEZ3BBB00,21440162200011,72,2021-01-07,48.0,214401622000112024K-P0rgdsDS00,1,47.77,47.77,0.684,0.767,0,
214401622000112021Qf-lXH7iEA00,21440162200011,72,2021-03-25,48.0,214401622000112024K-P0rgdsDS00,1,45.24,45.24,0.778,0.706,0,
214401622000112021etTL2dARdD00,21440162200011,72,2021-06-07,48.0,214401622000112024K-P0rgdsDS00,1,42.81,42.81,0.778,0.585,0,
214401622000112021vWlL2KxPom00,21440162200011,72,2021-08-03,48.0,,0,40.93,,,,1,2024-12-31
214401622000112021C1bFoLmNaW00,21440162200011,72,2021-08-03,48.0,,0,40.93,,,,1,2024-12-31
2144016220001120215dEfnWsESM00,21440162200011,72,2021-10-25,48.0,,0,38.21,,,,1,2024-12-31
214401622000112021h4S-HEKQt500,21440162200011,72,2021-11-03,48.0,,0,37.91,,,,1,2024-12-31
2144016220001120219BDOOYsNCb00,21440162200011,72,2021-11-21,48.0,,0,37.32,,,,1,2024-12-31
214401622000112021P1QjfK1gir00,21440162200011,72,2021-12-14,48.0,,0,36.56,,,,1,2024-12-31
214401622000112022an_3PQnNPD00,21440162200011,72,2022-01-18,48.0,,0,35.41,,,,1,2024-12-31
214401622000112022iQEFi03R9Z00,21440162200011,72,2022-02-16,48.0,,0,34.46,,,,1,2024-12-31
214401622000112022ej6fyIpmSS00,21440162200011,72,2022-02-23,48.0,,0,34.23,,,,1,2024-12-31
214401622000112022h0JYa7inW200,21440162200011,72,2022-03-29,48.0,,0,33.11,,,,1,2024-12-31
214401622000112022BegYPV6rjL00,21440162200011,72,2022-12-15,48.0,,0,24.54,,,,1,2024-12-31
214401622000112023qMhTRpHwqC00,21440162200011,72,2023-01-05,48.0,,0,23.85,,,,1,2024-12-31
214401622000112023BBywQeIeff00,21440162200011,72,2023-02-16,36.0,,0,22.47,,,,1,2024-12-31
214401622000112023NXt3Q2OHpC00,21440162200011,72,2023-03-21,48.0,,0,21.39,,,,1,2024-12-31
214401622000112023MO2IpRdiwf00,21440162200011,72,2023-03-27,48.0,,0,21.19,,,,1,2024-12-31
214401622000112023FyHxxA73ZB00,21440162200011,72,2023-05-17,48.0,,0,19.51,,,,1,2024-12-31
214401622000112023qNCSPNCDtt00,21440162200011,72,2023-08-01,48.0,,0,17.02,,,,1,2024-12-31
214401622000112024D6AJxOJlni00,21440162200011,72,2024-01-02,48.0,,0,11.96,,,,1,2024-12-31
214401622000112024wFSZPFfTLV00,21440162200011,72,2024-03-15,48.0,,0,9.56,,,,1,2024-12-31
21440162200011202433fIDtexH_00,21440162200011,72,2024-03-15,48.0,,0,9.56,,,,1,2024-12-31
214401622000112024DGndusCkB800,21440162200011,72,2024-04-10,48.0,,0,8.71,,,,1,2024-12-31
214401622000112024B0d-Yvh3G900,21440162200011,72,2024-06-17,48.0,,0,6.47,,,,1,2024-12-31
2144016220001120242AG_e1A-O700,21440162200011,72,2024-11-05,48.0,,0,1.84,,,,1,2024-12-31
214401622000112024GjE2AdRXaH00,21440162200011,72,2024-11-21,48.0,,0,1.31,,,,1,2024-12-31
214401622000112024EkxM2rCECS00,21440162200011,72,2024-11-21,48.0,,0,1.31,,,,1,2024-12-31
2144016220001120242XTy0PCROT00,21440162200011,72,2024-11-21,48.0,,0,1.31,,,,1,2024-12-31
214401622000112024K-P0rgdsDS00,21440162200011,72,2024-12-31,48.0,,0,0.0,,,,1,2024-12-31
244400552000262019PAREFEU00,24440055200026,48,2020-03-11,48.0,244400552000262021-832026-00,1,50.62,50.62,0.304,0.382,0,
24440055200026202074831800,24440055200026,48,2020-10-21,48.0,,0,50.33,,,,1,2024-12-31
24440055200026202180046200,24440055200026,48,2021-05-06,84.0,,0,43.86,,,,1,2024-12-31
24440055200026202180046300,24440055200026,48,2021-06-04,108.0,,0,42.9,,,,1,2024-12-31
24440055200026202183202600,24440055200026,48,2021-09-08,72.0,,0,39.75,,,,1,2024-12-31
24440055200026202287528100,24440055200026,48,2022-06-17,96.0,,0,30.49,,,,1,2024-12-31
2444005520002624990833,24440055200026,48,2024-01-26,1.0,,0,11.17,,,,1,2024-12-31
244400552000262021-832026-00,24440055200026,48,2024-05-30,72.0,,0,7.06,,,,1,2024-12-31
2444005520002624-1029138,24440055200026,48,2024-06-03,36.0,,0,6.93,,,,1,2024-12-31
2444005520002624-1029301,24440055200026,48,2024-06-03,36.0,,0,6.93,,,,1,2024-12-31
2444005520002624-1057430,24440055200026,48,2024-11-18,48.0,,0,1.41,,,,1,2024-12-31
2444005520002625-1065514,24440055200026,48,2024-12-31,48.0,,0,0.0,,,,1,2024-12-31
200033298000152024M01524,20003329800015,72,2024-11-06,48.0,,0,1.81,,,,1,2024-12-31
200033298000152024M01524000000,20003329800015,72,2024-11-06,8.0,,0,1.81,,,,1,2024-12-31
200033298000152024M02124000000,20003329800015,72,2024-12-27,48.0,,0,0.13,,,,1,2024-12-31
244900015000112021G21039P00000,24490001500011,72,2021-07-22,60.0,,0,41.33,,,,1,2024-12-31
244900015000112021A21081P00000,24490001500011,72,2021-07-29,48.0,,0,41.1,,,,1,2024-12-31
244900015000112021A21114P00000,24490001500011,72,2021-10-15,12.0,,0,38.53,,,,1,2024-12-31
244900015000112021A21124P00000,24490001500011,72,2021-10-22,60.0,,0,38.3,,,,1,2024-12-31
244900015000112021G21061P00000,24490001500011,72,2021-11-23,60.0,,0,37.25,,,,1,2024-12-31
24490001500011202271s3l0000000,24490001500011,72,2022-04-05,12.0,,0,32.88,,,,1,2024-12-31
244900015000112022G22065P00000,24490001500011,72,2022-07-26,26.0,,0,29.2,,,,1,2024-12-31
244900015000112023G23003P02,24490001500011,72,2023-01-20,18.0,,0,23.36,,,,1,2024-12-31
244900015000112023G23003P01,24490001500011,72,2023-01-20,18.0,,0,23.36,,,,1,2024-12-31
244900015000112023G23003P00,24490001500011,72,2023-01-20,18.0,,0,23.36,,,,1,2024-12-31
244900015000112022G22089P00,24490001500011,72,2023-02-10,48.0,,0,22.67,,,,1,2024-12-31
244900015000112023A23010P00,24490001500011,72,2023-03-06,24.0,,0,21.88,,,,1,2024-12-31
244900015000112022G22090P00,24490001500011,72,2023-03-30,48.0,,0,21.09,,,,1,2024-12-31
244900015000112023G23019P00,24490001500011,72,2023-05-22,48.0,,0,19.35,,,,1,2024-12-31
244900015000112023A23030P00,24490001500011,72,2023-06-05,36.0,,0,18.89,,,,1,2024-12-31
244900015000112023G23034P00,24490001500011,72,2023-06-06,24.0,,0,18.86,,,,1,2024-12-31
244900015000112023ld51u0000000,24490001500011,72,2023-06-26,24.0,,0,18.2,,,,1,2024-12-31
244900015000112023G23030P01,24490001500011,72,2023-06-28,48.0,,0,18.13,,,,1,2024-12-31
244900015000112023G23030P00,24490001500011,72,2023-06-28,48.0,,0,18.13,,,,1,2024-12-31
2449000150001120238nphe0000000,24490001500011,72,2023-07-04,12.0,,0,17.94,,,,1,2024-12-31
244900015000112023G23003P03,24490001500011,72,2023-07-06,18.0,,0,17.87,,,,1,2024-12-31
244900015000112023G23055P00000,24490001500011,72,2023-07-19,48.0,,0,17.44,,,,1,2024-12-31
244900015000112023A23032P00000,24490001500011,72,2023-07-19,72.0,,0,17.44,,,,1,2024-12-31
244900015000112023G23001P00,24490001500011,72,2023-09-28,48.0,,0,15.11,,,,1,2024-12-31
244900015000112023A23108P00,24490001500011,72,2023-10-12,37.0,,0,14.65,,,,1,2024-12-31
244900015000112023A23113P00,24490001500011,72,2023-12-01,72.0,,0,13.01,,,,1,2024-12-31
244900015000112023A23125P,24490001500011,72,2023-12-09,48.0,,0,12.75,,,,1,2024-12-31
244900015000112023A23125P00,24490001500011,72,2023-12-09,48.0,,0,12.75,,,,1,2024-12-31
244900015000112024A24001P,24490001500011,72,2024-01-22,60.0,,0,11.3,,,,1,2024-12-31
244900015000112024G24008P,24490001500011,72,2024-04-10,36.0,,0,8.71,,,,1,2024-12-31
244900015000112024A24017P,24490001500011,72,2024-04-19,36.0,,0,8.41,,,,1,2024-12-31
244900015000112024fncam0000000,24490001500011,72,2024-04-25,24.0,,0,8.21,,,,1,2024-12-31
244900015000112024A24016P,24490001500011,72,2024-04-25,48.0,,0,8.21,,,,1,2024-12-31
244900015000112023A23121P,24490001500011,72,2024-05-16,24.0,,0,7.52,,,,1,2024-12-31
244900015000112023A23101P,24490001500011,72,2024-05-28,48.0,,0,7.13,,,,1,2024-12-31
244900015000112024A24022P,24490001500011,72,2024-05-30,61.0,,0,7.06,,,,1,2024-12-31
244900015000112022G22089P,24490001500011,72,2024-05-31,48.0,,0,7.03,,,,1,2024-12-31
244900015000112024A24046P,24490001500011,72,2024-07-01,48.0,,0,6.01,,,,1,2024-12-31
244900015000112024A24023P,24490001500011,72,2024-07-02,60.0,,0,5.98,,,,1,2024-12-31
244900015000112024G24029P,24490001500011,72,2024-07-04,48.0,,0,5.91,,,,1,2024-12-31
244900015000112024A24048P,24490001500011,72,2024-07-05,48.0,,0,5.88,,,,1,2024-12-31
244900015000112024A24039P,24490001500011,72,2024-07-13,72.0,,0,5.62,,,,1,2024-12-31
244900015000112024A24042P,24490001500011,72,2024-08-01,48.0,,0,4.99,,,,1,2024-12-31
244900015000112024A24047P,24490001500011,72,2024-08-22,48.0,,0,4.3,,,,1,2024-12-31
244900015000112024A24034P,24490001500011,72,2024-10-05,60.0,,0,2.86,,,,1,2024-12-31
244900015000112024A24073P,24490001500011,72,2024-10-28,61.0,,0,2.1,,,,1,2024-12-31
244900015000112024A24053P,24490001500011,72,2024-11-09,60.0,,0,1.71,,,,1,2024-12-31
244900015000112024ll7n30000000,24490001500011,72,2024-11-15,12.0,,0,1.51,,,,1,2024-12-31
244900015000112024A24096P,24490001500011,72,2024-12-16,61.0,,0,0.49,,,,1,2024-12-31
244900015000112024A24130P,24490001500011,72,2024-12-26,60.0,,0,0.16,,,,1,2024-12-31
244900015000112024A24129P,24490001500011,72,2024-12-26,60.0,,0,0.16,,,,1,2024-12-31
224400028000112019I2460100,22440002800011,72,2018-12-14,24.0,,0,72.57,,,,1,2024-12-31
224400028000112019I2460200,22440002800011,72,2018-12-17,24.0,,0,72.47,,,,1,2024-12-31
224400028000112019I172100,22440002800011,72,2019-02-07,48.0,,0,70.76,,,,1,2024-12-31
224400028000112019I4570000,22440002800011,72,2019-02-26,24.0,224400028000112019I4570001,1,22.96,22.96,1.0,0.948,0,
224400028000112019I172BMS0100,22440002800011,72,2019-02-27,4.0,224400028000112019I172BMS0200,1,9.92,9.92,0.5,0.354,0,
224400028000112019I266FA00,22440002800011,72,2019-03-29,48.0,,0,69.12,,,,1,2024-12-31
224400028000112019I172AMS0300,22440002800011,72,2019-07-10,12.0,,0,65.74,,,,1,2024-12-31
224400028000112019I172201,22440002800011,72,2019-11-25,48.0,,0,61.2,,,,1,2024-12-31
224400028000112019I172201,22440002800011,72,2019-11-25,48.0,,0,61.2,,,,1,2024-12-31
224400028000112019I172201,22440002800011,72,2019-11-25,48.0,,0,61.2,,,,1,2024-12-31
224400028000112019I172201,22440002800011,72,2019-11-25,48.0,,0,61.2,,,,1,2024-12-31
224400028000112019I172101,22440002800011,72,2019-12-10,48.0,,0,60.71,,,,1,2024-12-31
224400028000112019I172BMS0200,22440002800011,72,2019-12-26,6.0,,0,60.18,,,,1,2024-12-31
224400028000112020I172BMS0500,22440002800011,72,2020-04-01,12.0,224400028000112021I172BMS1100,1,12.61,12.61,0.333,0.503,0,
224400028000112020I172AMS1000,22440002800011,72,2020-05-06,12.0,,0,55.85,,,,1,2024-12-31
224400028000112020I172BMS400,22440002800011,72,2020-05-07,48.0,,0,55.81,,,,1,2024-12-31
224400028000112020I172BMS0300,22440002800011,72,2020-05-07,48.0,,0,55.81,,,,1,2024-12-31
224400028000112020I172AMS900,22440002800011,72,2020-07-06,6.0,,0,53.84,,,,1,2024-12-31
224400028000112020I172BMS0600,22440002800011,72,2020-09-24,18.0,224400028000112022I172BMS1900,1,17.97,17.97,0.5,0.648,0,
224400028000112020I172AMS1100,22440002800011,72,2020-10-02,4.0,224400028000112020I172AMS1101,1,3.91,3.91,1.0,0.995,0,
224400028000112020I172BMS0900,22440002800011,72,2020-12-07,12.0,,0,48.78,,,,1,2024-12-31
224400028000112020I172BMS1000,22440002800011,72,2020-12-18,12.0,224400028000112022I172BMS1700,1,16.23,16.23,0.375,0.351,0,
224400028000112019I4570001,22440002800011,72,2021-01-25,30.0,,0,47.17,,,,1,2024-12-31
224400028000112020I172AMS1101,22440002800011,72,2021-01-29,6.0,224400028000112021I172BMS1600,1,9.33,9.33,0.556,0.522,0,
224400028000112021I172AMS1200,22440002800011,72,2021-04-19,8.0,,0,44.42,,,,1,2024-12-31
224400028000112021I172BMS1100,22440002800011,72,2021-04-20,24.0,224400028000112023S00035,1,29.53,29.53,0.333,0.257,0,
224400028000112021I172AD02,22440002800011,72,2021-05-06,12.0,,0,43.86,,,,1,2024-12-31
224400028000112021I172AD01,22440002800011,72,2021-05-06,12.0,,0,43.86,,,,1,2024-12-31
224400028000112021I172AD00,22440002800011,72,2021-05-06,12.0,,0,43.86,,,,1,2024-12-31
224400028000112021I172AMS1500,22440002800011,72,2021-07-08,18.0,,0,41.79,,,,1,2024-12-31
224400028000112021I172BMS1300,22440002800011,72,2021-09-20,12.0,,0,39.36,,,,1,2024-12-31
224400028000112021S00002,22440002800011,72,2021-10-08,48.0,,0,38.76,,,,1,2024-12-31
224400028000112021S00001,22440002800011,72,2021-10-26,72.0,,0,38.17,,,,1,2024-12-31
224400028000112021I172BMS1400,22440002800011,72,2021-11-04,18.0,,0,37.88,,,,1,2024-12-31
224400028000112021I172AMS1600,22440002800011,72,2021-11-08,18.0,,0,37.75,,,,1,2024-12-31
224400028000112021I172BMS1600,22440002800011,72,2021-11-09,18.0,,0,37.71,,,,1,2024-12-31
224400028000112021I172BMS1500,22440002800011,72,2021-11-10,18.0,,0,37.68,,,,1,2024-12-31
224400028000112019I172103,22440002800011,72,2021-12-06,48.0,,0,36.83,,,,1,2024-12-31
224400028000112019I172102,22440002800011,72,2021-12-06,48.0,,0,36.83,,,,1,2024-12-31
224400028000112021S00012,22440002800011,72,2021-12-14,24.0,224400028000112023S00040,1,23.92,23.92,0.333,0.529,0,
224400028000112021S00015,22440002800011,72,2021-12-15,24.0,224400028000112023S00039,1,23.85,23.85,0.7,0.783,0,
224400028000112021S00014,22440002800011,72,2021-12-15,24.0,224400028000112023S00038,1,23.65,23.65,0.786,0.833,0,
224400028000112021S00016,22440002800011,72,2021-12-20,24.0,,0,36.37,,,,1,2024-12-31
224400028000112021S00013,22440002800011,72,2021-12-21,24.0,224400028000112023S00036,1,21.85,21.85,0.75,0.717,0,
224400028000112022I172AMS1700,22440002800011,72,2022-03-18,22.0,,0,33.48,,,,1,2024-12-31
224400028000112022I172BMS1800,22440002800011,72,2022-03-18,16.0,,0,33.48,,,,1,2024-12-31
224400028000112022I172BMS1900,22440002800011,72,2022-03-25,12.0,,0,33.25,,,,1,2024-12-31
224400028000112022I172BMS2000,22440002800011,72,2022-04-13,12.0,,0,32.62,,,,1,2024-12-31
224400028000112022I172BMS1700,22440002800011,72,2022-04-26,15.0,,0,32.19,,,,1,2024-12-31
224400028000112022I172BMS2100,22440002800011,72,2022-04-29,12.0,,0,32.1,,,,1,2024-12-31
224400028000112022I172AMS1800,22440002800011,72,2022-04-29,12.0,,0,32.1,,,,1,2024-12-31
224400028000112022I172AMS1900,22440002800011,72,2022-05-02,12.0,,0,32.0,,,,1,2024-12-31
224400028000112022I172AMS2000,22440002800011,72,2022-05-12,12.0,,0,31.67,,,,1,2024-12-31
224400028000112022S00021,22440002800011,72,2022-07-22,48.0,,0,29.34,,,,1,2024-12-31
224400028000112022I172BMS2200,22440002800011,72,2022-09-13,12.0,,0,27.6,,,,1,2024-12-31
224400028000112022I172BMS2300,22440002800011,72,2022-12-02,12.0,,0,24.97,,,,1,2024-12-31
224400028000112022I172AMS2200,22440002800011,72,2022-12-05,12.0,,0,24.87,,,,1,2024-12-31
224400028000112022S00030,22440002800011,72,2022-12-05,12.0,,0,24.87,,,,1,2024-12-31
224400028000112023S00020,22440002800011,72,2023-07-10,6.0,224400028000112023S00031,1,2.6,2.6,0.667,0.596,0,
224400028000112023S00027,22440002800011,72,2023-07-13,18.0,,0,17.64,,,,1,2024-12-31
224400028000112023S00009,22440002800011,72,2023-07-18,18.0,,0,17.48,,,,1,2024-12-31
224400028000112023S00008,22440002800011,72,2023-07-18,31.0,,0,17.48,,,,1,2024-12-31
224400028000112023S00007,22440002800011,72,2023-07-18,31.0,,0,17.48,,,,1,2024-12-31
224400028000112023S00019,22440002800011,72,2023-07-27,18.0,,0,17.18,,,,1,2024-12-31
224400028000112023S00028,22440002800011,72,2023-08-02,18.0,,0,16.98,,,,1,2024-12-31
224400028000112023S00030,22440002800011,72,2023-08-03,6.0,,0,16.95,,,,1,2024-12-31
224400028000112023S00029,22440002800011,72,2023-09-01,18.0,,0,16.0,,,,1,2024-12-31
224400028000112023S00031,22440002800011,72,2023-09-27,12.0,,0,15.14,,,,1,2024-12-31
224400028000112023S00032,22440002800011,72,2023-09-28,12.0,,0,15.11,,,,1,2024-12-31
224400028000112023S00034,22440002800011,72,2023-10-05,7.0,,0,14.88,,,,1,2024-12-31
224400028000112023S00035,22440002800011,72,2023-10-06,48.0,,0,14.85,,,,1,2024-12-31
224400028000112023S00033,22440002800011,72,2023-10-06,24.0,,0,14.85,,,,1,2024-12-31
224400028000112023S00036,22440002800011,72,2023-10-17,24.0,,0,14.49,,,,1,2024-12-31
224400028000112023S00038,22440002800011,72,2023-12-05,24.0,,0,12.88,,,,1,2024-12-31
224400028000112023S00004,22440002800011,72,2023-12-05,48.0,,0,12.88,,,,1,2024-12-31
224400028000112023S00039,22440002800011,72,2023-12-11,24.0,,0,12.68,,,,1,2024-12-31
224400028000112023S00042,22440002800011,72,2023-12-12,24.0,,0,12.65,,,,1,2024-12-31
224400028000112023S00040,22440002800011,72,2023-12-12,24.0,,0,12.65,,,,1,2024-12-31
224400028000112023S00043,22440002800011,72,2023-12-21,12.0,,0,12.35,,,,1,2024-12-31
224400028000112024S00005,22440002800011,72,2024-03-07,22.0,,0,9.82,,,,1,2024-12-31
224400028000112024S00015,22440002800011,72,2024-08-21,48.0,,0,4.34,,,,1,2024-12-31
224400028000112024S00016,22440002800011,72,2024-09-16,48.0,,0,3.48,,,,1,2024-12-31
224400028000112024S00017,22440002800011,72,2024-09-19,48.0,,0,3.38,,,,1,2024-12-31
224400028000112024S00019,22440002800011,72,2024-10-08,24.0,,0,2.76,,,,1,2024-12-31
224400028000112024S00021,22440002800011,72,2024-12-04,48.0,,0,0.89,,,,1,2024-12-31
224400028000112024S00023,22440002800011,72,2024-12-24,48.0,,0,0.23,,,,1,2024-12-31
214900151000172024V23000000100,21490015100017,48,2024-12-23,12.0,,0,0.26,,,,1,2024-12-31
21720181300011202312995,21720181300011,32,2023-12-21,48.0,,0,12.35,,,,1,2024-12-31
2172018130001120231299500,21720181300011,32,2023-12-21,48.0,,0,12.35,,,,1,2024-12-31
21720181300011202312996,21720181300011,32,2023-12-21,48.0,,0,12.35,,,,1,2024-12-31
2172018130001120231299600,21720181300011,32,2023-12-21,48.0,,0,12.35,,,,1,2024-12-31
21720181300011202312997,21720181300011,32,2023-12-21,48.0,,0,12.35,,,,1,2024-12-31
2172018130001120231299700,21720181300011,32,2023-12-21,48.0,,0,12.35,,,,1,2024-12-31
21720181300011202312994,21720181300011,32,2023-12-22,48.0,,0,12.32,,,,1,2024-12-31
2172018130001120231299400,21720181300011,32,2023-12-22,48.0,,0,12.32,,,,1,2024-12-31
21720181300011202312998,21720181300011,32,2024-12-22,48.0,,0,0.3,,,,1,2024-12-31
2172018130001120231299800,21720181300011,32,2024-12-22,48.0,,0,0.3,,,,1,2024-12-31
21440184600016201907251005A01,21440184600016,48,2019-09-03,40.0,,0,63.93,,,,1,2024-12-31
21440184600016201907251005A00,21440184600016,48,2019-09-03,40.0,,0,63.93,,,,1,2024-12-31
21440184600016201907251005A01,21440184600016,48,2019-09-03,40.0,,0,63.93,,,,1,2024-12-31
214401846000162019112613MV00,21440184600016,48,2020-01-30,48.0,,0,59.03,,,,1,2024-12-31
2144018460001620191020201201,21440184600016,48,2020-03-12,24.0,214401846000162021041215MC00,1,18.66,18.66,0.333,0.266,0,
2144018460001620191020201201,21440184600016,48,2020-03-12,24.0,214401846000162021041215MC00,1,18.66,18.66,0.333,0.266,0,
2144018460001620191020201200,21440184600016,48,2020-03-12,48.0,,0,57.65,,,,1,2024-12-31
2144018460001620191207222001,21440184600016,48,2020-03-26,48.0,,0,57.19,,,,1,2024-12-31
2144018460001620191207222001,21440184600016,48,2020-03-26,48.0,,0,57.19,,,,1,2024-12-31
2144018460001620191207222000,21440184600016,48,2020-03-26,48.0,,0,57.19,,,,1,2024-12-31
214401846000162019102314MV00,21440184600016,48,2020-03-27,48.0,,0,57.16,,,,1,2024-12-31
214401846000162020060909MVC01,21440184600016,48,2020-12-04,48.0,,0,48.88,,,,1,2024-12-31
214401846000162020060909MVC00,21440184600016,48,2020-12-04,48.0,,0,48.88,,,,1,2024-12-31
214401846000162021011915MV00,21440184600016,48,2021-04-16,48.0,,0,44.51,,,,1,2024-12-31
214401846000162019112613MV01,21440184600016,48,2021-05-21,48.0,,0,43.36,,,,1,2024-12-31
214401846000162021041215MC00,21440184600016,48,2021-10-01,48.0,,0,38.99,,,,1,2024-12-31
2144018460001620210708,21440184600016,48,2021-11-03,12.0,,0,37.91,,,,1,2024-12-31
214401846000162022050309MV00,21440184600016,48,2022-07-20,48.0,,0,29.4,,,,1,2024-12-31
214401846000162022061514MV00,21440184600016,48,2022-10-14,48.0,,0,26.58,,,,1,2024-12-31
214401846000162022111609MV00,21440184600016,48,2023-04-13,48.0,,0,20.63,,,,1,2024-12-31
2144018460001620230116162500,21440184600016,48,2023-06-05,43.0,,0,18.89,,,,1,2024-12-31
2144018460001620230510094200,21440184600016,48,2023-06-28,48.0,,0,18.13,,,,1,2024-12-31
2144018460001620230510094201,21440184600016,48,2023-09-01,48.0,,0,16.0,,,,1,2024-12-31
2144018460001620230426145700,21440184600016,48,2023-09-06,48.0,,0,15.83,,,,1,2024-12-31
214401846000162023081214MV00,21440184600016,48,2023-12-12,49.0,,0,12.65,,,,1,2024-12-31
214401846000162023081214MV,21440184600016,48,2023-12-12,49.0,,0,12.65,,,,1,2024-12-31
21440184600016202311241116,21440184600016,48,2024-02-12,48.0,,0,10.61,,,,1,2024-12-31
21440184600016202401051549,21440184600016,48,2024-03-21,48.0,,0,9.36,,,,1,2024-12-31
214401846000162024021409MV,21440184600016,48,2024-06-14,48.0,,0,6.57,,,,1,2024-12-31
21440184600016202305100942,21440184600016,48,2024-09-03,48.0,,0,3.91,,,,1,2024-12-31
21440184600016202305100942,21440184600016,48,2024-09-03,48.0,,0,3.91,,,,1,2024-12-31
21440184600016202403180919,21440184600016,48,2024-12-20,48.0,,0,0.36,,,,1,2024-12-31
2444006100005520222211100,24440061000055,72,2022-11-18,12.0,,0,25.43,,,,1,2024-12-31
24440061000055202323018A,24440061000055,72,2023-03-21,48.0,,0,21.39,,,,1,2024-12-31
24440061000055202323018A00,24440061000055,72,2023-03-21,48.0,,0,21.39,,,,1,2024-12-31
24440061000055202323055A00,24440061000055,72,2023-07-27,48.0,,0,17.18,,,,1,2024-12-31
24440061000055202323122,24440061000055,72,2024-01-09,12.0,,0,11.73,,,,1,2024-12-31
24440061000055202323S067,24440061000055,72,2024-03-13,48.0,,0,9.63,,,,1,2024-12-31
24440061000055202424030,24440061000055,72,2024-05-14,48.0,,0,7.59,,,,1,2024-12-31
244400610000552024CAP0030000,24440061000055,72,2024-05-14,36.0,,0,7.59,,,,1,2024-12-31
244400610000552024CAP003000000,24440061000055,72,2024-05-14,36.0,,0,7.59,,,,1,2024-12-31
24440061000055202424010,24440061000055,72,2024-06-05,48.0,,0,6.87,,,,1,2024-12-31
244400610000552024CAP0010000,24440061000055,72,2024-06-05,48.0,,0,6.87,,,,1,2024-12-31
244400610000552024CAP001000000,24440061000055,72,2024-06-05,48.0,,0,6.87,,,,1,2024-12-31
24440061000055202424058,24440061000055,72,2024-07-24,96.0,,0,5.26,,,,1,2024-12-31
24440061000055202424066,24440061000055,72,2024-11-04,48.0,,0,1.87,,,,1,2024-12-31
24440061000055202424134,24440061000055,72,2024-11-26,48.0,,0,1.15,,,,1,2024-12-31
24440061000055202524133,24440061000055,72,2024-12-20,48.0,,0,0.36,,,,1,2024-12-31
21720154000010202222023LFL0200,21720154000010,32,2022-05-24,18.0,,0,31.27,,,,1,2024-12-31
2172015400001020232023LF01100,21720154000010,32,2023-08-29,4.0,2172015400001020232023LF01101,1,5.09,5.09,1.0,0.945,0,
2172015400001020232023LF01100,21720154000010,32,2023-08-29,4.0,2172015400001020232023LF01101,1,5.09,5.09,1.0,0.945,0,
2172015400001020232023LF01101,21720154000010,32,2024-01-31,5.0,2172015400001020232023LF01102,1,1.58,1.58,1.0,0.829,0,
2172015400001020232023LF01102,21720154000010,32,2024-03-19,6.0,2172015400001020232023LF011,1,9.03,9.03,1.0,0.848,0,
2172015400001020232023LF011,21720154000010,32,2024-12-19,9.0,,0,0.39,,,,1,2024-12-31
225300011000152018S02200,22530001100015,72,2018-12-19,48.0,,0,72.4,,,,1,2024-12-31
225300011000152019004600,22530001100015,72,2019-05-15,48.0,,0,67.58,,,,1,2024-12-31
225300011000152019015000,22530001100015,72,2019-10-22,48.0,2253000110001520240046,1,52.0,52.0,0.4,0.38,0,
225300011000152019004502,22530001100015,72,2019-12-20,48.0,,0,60.38,,,,1,2024-12-31
225300011000152020001300,22530001100015,72,2020-01-01,48.0,,0,59.99,,,,1,2024-12-31
225300011000152020001200,22530001100015,72,2020-01-27,48.0,,0,59.13,,,,1,2024-12-31
225300011000152020003000,22530001100015,72,2020-02-19,48.0,,0,58.38,,,,1,2024-12-31
225300011000152020004200,22530001100015,72,2020-03-24,48.0,,0,57.26,,,,1,2024-12-31
225300011000152020015100,22530001100015,72,2020-09-30,48.0,,0,51.02,,,,1,2024-12-31
225300011000152020015201,22530001100015,72,2020-10-19,48.0,,0,50.39,,,,1,2024-12-31
225300011000152020015200,22530001100015,72,2020-10-19,48.0,,0,50.39,,,,1,2024-12-31
2253000110001520200152,22530001100015,72,2020-10-19,48.0,,0,50.39,,,,1,2024-12-31
225300011000152021000801,22530001100015,72,2021-01-14,36.0,225300011000152023012400,1,32.1,32.1,0.333,0.338,0,
225300011000152021000800,22530001100015,72,2021-01-14,36.0,225300011000152023012400,1,32.1,32.1,0.333,0.338,0,
225300011000152021000900,22530001100015,72,2021-01-22,36.0,,0,47.27,,,,1,2024-12-31
225300011000152021011400,22530001100015,72,2021-06-09,36.0,,0,42.74,,,,1,2024-12-31
225300011000152021011700,22530001100015,72,2021-06-25,48.0,,0,42.21,,,,1,2024-12-31
225300011000152021017400,22530001100015,72,2021-11-03,48.0,,0,37.91,,,,1,2024-12-31
225300011000152021018701,22530001100015,72,2021-11-16,24.0,,0,37.48,,,,1,2024-12-31
225300011000152021018701,22530001100015,72,2021-11-16,24.0,,0,37.48,,,,1,2024-12-31
225300011000152021018700,22530001100015,72,2021-11-16,36.0,,0,37.48,,,,1,2024-12-31
225300011000152022005300,22530001100015,72,2022-03-15,48.0,,0,33.57,,,,1,2024-12-31
225300011000152022005700,22530001100015,72,2022-03-18,48.0,,0,33.48,,,,1,2024-12-31
225300011000152022007900,22530001100015,72,2022-04-25,12.0,225300011000152022007901,1,7.85,7.85,1.0,0.793,0,
2253000110001520220100,22530001100015,72,2022-05-03,48.0,,0,31.96,,,,1,2024-12-31
2253000110001520220100,22530001100015,72,2022-05-03,48.0,,0,31.96,,,,1,2024-12-31
2253000110001520220100,22530001100015,72,2022-05-03,48.0,,0,31.96,,,,1,2024-12-31
225300011000152022010000,22530001100015,72,2022-05-03,48.0,,0,31.96,,,,1,2024-12-31
225300011000152022010001,22530001100015,72,2022-05-03,48.0,,0,31.96,,,,1,2024-12-31
225300011000152022010001,22530001100015,72,2022-05-03,48.0,,0,31.96,,,,1,2024-12-31
225300011000152022010100,22530001100015,72,2022-05-03,48.0,,0,31.96,,,,1,2024-12-31
225300011000152021011402,22530001100015,72,2022-05-16,24.0,,0,31.54,,,,1,2024-12-31
225300011000152021011401,22530001100015,72,2022-05-16,24.0,,0,31.54,,,,1,2024-12-31
225300011000152022009900,22530001100015,72,2022-05-18,36.0,,0,31.47,,,,1,2024-12-31
225300011000152022012001,22530001100015,72,2022-07-05,48.0,,0,29.89,,,,1,2024-12-31
225300011000152022012000,22530001100015,72,2022-07-05,48.0,,0,29.89,,,,1,2024-12-31
225300011000152022015900,22530001100015,72,2022-09-09,48.0,,0,27.73,,,,1,2024-12-31
225300011000152022016000,22530001100015,72,2022-09-10,48.0,,0,27.69,,,,1,2024-12-31
225300011000152022017100,22530001100015,72,2022-09-29,48.0,,0,27.07,,,,1,2024-12-31
225300011000152022017300,22530001100015,72,2022-09-29,48.0,,0,27.07,,,,1,2024-12-31
2253000110001520220176,22530001100015,72,2022-09-29,48.0,,0,27.07,,,,1,2024-12-31
225300011000152022017600,22530001100015,72,2022-09-29,48.0,,0,27.07,,,,1,2024-12-31
2253000110001520220176,22530001100015,72,2022-09-29,48.0,,0,27.07,,,,1,2024-12-31
225300011000152022017500,22530001100015,72,2022-09-30,48.0,,0,27.04,,,,1,2024-12-31
225300011000152022017400,22530001100015,72,2022-09-30,48.0,,0,27.04,,,,1,2024-12-31
225300011000152022017200,22530001100015,72,2022-09-30,48.0,,0,27.04,,,,1,2024-12-31
225300011000152022022300,22530001100015,72,2022-11-21,24.0,2253000110001520220223,1,21.94,21.94,1.0,0.897,0,
225300011000152022024400,22530001100015,72,2022-12-12,48.0,,0,24.64,,,,1,2024-12-31
225300011000152022024000,22530001100015,72,2022-12-12,48.0,,0,24.64,,,,1,2024-12-31
225300011000152022007901,22530001100015,72,2022-12-20,24.0,,0,24.38,,,,1,2024-12-31
225300011000152022024500,22530001100015,72,2022-12-21,48.0,,0,24.34,,,,1,2024-12-31
225300011000152022024300,22530001100015,72,2022-12-21,48.0,,0,24.34,,,,1,2024-12-31
225300011000152022024200,22530001100015,72,2022-12-21,48.0,,0,24.34,,,,1,2024-12-31
225300011000152022024100,22530001100015,72,2023-01-03,48.0,,0,23.92,,,,1,2024-12-31
225300011000152023000700,22530001100015,72,2023-01-23,48.0,,0,23.26,,,,1,2024-12-31
225300011000152023000500,22530001100015,72,2023-01-31,48.0,,0,23.0,,,,1,2024-12-31
225300011000152022009901,22530001100015,72,2023-02-03,24.0,,0,22.9,,,,1,2024-12-31
225300011000152023000900,22530001100015,72,2023-02-25,36.0,,0,22.17,,,,1,2024-12-31
225300011000152023002900,22530001100015,72,2023-04-03,48.0,,0,20.96,,,,1,2024-12-31
2253000110001520230029,22530001100015,72,2023-04-03,48.0,,0,20.96,,,,1,2024-12-31
2253000110001520230029,22530001100015,72,2023-04-03,48.0,,0,20.96,,,,1,2024-12-31
225300011000152023004900,22530001100015,72,2023-04-06,48.0,,0,20.86,,,,1,2024-12-31
225300011000152023004800,22530001100015,72,2023-04-06,48.0,,0,20.86,,,,1,2024-12-31
225300011000152023007300,22530001100015,72,2023-06-12,42.0,,0,18.66,,,,1,2024-12-31
225300011000152023008900,22530001100015,72,2023-06-16,48.0,,0,18.53,,,,1,2024-12-31
225300011000152023012100,22530001100015,72,2023-09-11,48.0,,0,15.67,,,,1,2024-12-31
225300011000152023012100,22530001100015,72,2023-09-11,48.0,,0,15.67,,,,1,2024-12-31
225300011000152023012400,22530001100015,72,2023-09-18,48.0,,0,15.44,,,,1,2024-12-31
225300011000152023012500,22530001100015,72,2023-09-18,48.0,,0,15.44,,,,1,2024-12-31
225300011000152023000901,22530001100015,72,2023-11-21,24.0,,0,13.34,,,,1,2024-12-31
225300011000152023019000,22530001100015,72,2023-12-07,48.0,,0,12.81,,,,1,2024-12-31
225300011000152024000100,22530001100015,72,2024-01-09,36.0,,0,11.73,,,,1,2024-12-31
2253000110001520240001,22530001100015,72,2024-01-09,36.0,,0,11.73,,,,1,2024-12-31
2253000110001520240040,22530001100015,72,2024-02-13,48.0,,0,10.58,,,,1,2024-12-31
2253000110001520240046,22530001100015,72,2024-02-21,48.0,,0,10.32,,,,1,2024-12-31
225300011000152024005000,22530001100015,72,2024-03-14,48.0,,0,9.59,,,,1,2024-12-31
225300011000152024011500,22530001100015,72,2024-06-20,24.0,,0,6.37,,,,1,2024-12-31
2253000110001520240115,22530001100015,72,2024-06-20,24.0,,0,6.37,,,,1,2024-12-31
2253000110001520240174,22530001100015,72,2024-09-06,48.0,,0,3.81,,,,1,2024-12-31
2253000110001520240175,22530001100015,72,2024-09-06,48.0,,0,3.81,,,,1,2024-12-31
2253000110001520240175,22530001100015,72,2024-09-06,48.0,,0,3.81,,,,1,2024-12-31
2253000110001520240174,22530001100015,72,2024-09-06,48.0,,0,3.81,,,,1,2024-12-31
2253000110001520240178,22530001100015,72,2024-09-09,48.0,,0,3.71,,,,1,2024-12-31
2253000110001520240178,22530001100015,72,2024-09-09,48.0,,0,3.71,,,,1,2024-12-31
2253000110001520240177,22530001100015,72,2024-09-09,48.0,,0,3.71,,,,1,2024-12-31
2253000110001520240177,22530001100015,72,2024-09-09,46.0,,0,3.71,,,,1,2024-12-31
2253000110001520240176,22530001100015,72,2024-09-09,48.0,,0,3.71,,,,1,2024-12-31
2253000110001520240176,22530001100015,72,2024-09-09,48.0,,0,3.71,,,,1,2024-12-31
2253000110001520220223,22530001100015,72,2024-09-19,32.0,,0,3.38,,,,1,2024-12-31
2253000110001520240200,22530001100015,72,2024-10-17,48.0,,0,2.46,,,,1,2024-12-31
2253000110001520240200,22530001100015,72,2024-10-17,48.0,,0,2.46,,,,1,2024-12-31
2253000110001520240200,22530001100015,72,2024-10-17,48.0,,0,2.46,,,,1,2024-12-31
22530001100015202401,22530001100015,72,2024-10-25,48.0,,0,2.2,,,,1,2024-12-31
2253000110001520240199,22530001100015,72,2024-10-25,48.0,,0,2.2,,,,1,2024-12-31
2253000110001520240199,22530001100015,72,2024-10-25,48.0,,0,2.2,,,,1,2024-12-31
2253000110001520240150,22530001100015,72,2024-11-25,48.0,,0,1.18,,,,1,2024-12-31
2253000110001520240150,22530001100015,72,2024-11-25,48.0,,0,1.18,,,,1,2024-12-31
2253000110001520230009,22530001100015,72,2024-12-06,36.0,,0,0.82,,,,1,2024-12-31
2253000110001520230009,22530001100015,72,2024-12-06,36.0,,0,0.82,,,,1,2024-12-31
2253000110001520240228,22530001100015,72,2024-12-09,48.0,,0,0.72,,,,1,2024-12-31
2253000110001520240228,22530001100015,72,2024-12-09,48.0,,0,0.72,,,,1,2024-12-31
2253000110001520240227,22530001100015,72,2024-12-09,48.0,,0,0.72,,,,1,2024-12-31
2253000110001520240227,22530001100015,72,2024-12-09,48.0,,0,0.72,,,,1,2024-12-31
2253000110001520240209,22530001100015,72,2024-12-19,48.0,,0,0.39,,,,1,2024-12-31
2449008090011620240000000032,24490080900116,48,2024-12-19,13.0,,0,0.39,,,,1,2024-12-31
1949097010030320192021F0328400,19490970100303,48,2019-07-08,48.0,,0,65.8,,,,1,2024-12-31
1949097010030320202021F0076200,19490970100303,48,2020-05-13,36.0,,0,55.62,,,,1,2024-12-31
1949097010030320202020F1961700,19490970100303,48,2020-09-03,48.0,,0,51.91,,,,1,2024-12-31
1949097010030320212021S2236600,19490970100303,48,2021-11-29,48.0,,0,37.06,,,,1,2024-12-31
19490970100303202409,19490970100303,48,2024-11-14,48.0,,0,1.54,,,,1,2024-12-31
194909701003032024,19490970100303,48,2024-12-18,15.0,,0,0.43,,,,1,2024-12-31
19490970100303202408,19490970100303,48,2024-12-18,15.0,,0,0.43,,,,1,2024-12-31
25440109400068201964346600,25440109400068,72,2019-01-30,3.0,,0,71.02,,,,1,2024-12-31
254401094000682020AC200010000,25440109400068,72,2020-01-16,48.0,,0,59.49,,,,1,2024-12-31
25440109400068202121_009_0000,25440109400068,72,2021-07-01,42.0,,0,42.02,,,,1,2024-12-31
254401094000682020AC200010001,25440109400068,72,2022-05-18,45.0,,0,31.47,,,,1,2024-12-31
25440109400068202222_031_0000,25440109400068,72,2022-10-12,36.0,,0,26.64,,,,1,2024-12-31
25440109400068202424_025_00,25440109400068,72,2024-12-18,48.0,,0,0.43,,,,1,2024-12-31
868801523000282024S00048,86880152300028,72,2024-10-01,48.0,,0,2.99,,,,1,2024-12-31
868801523000282024S00049,86880152300028,72,2024-10-01,48.0,,0,2.99,,,,1,2024-12-31
868801523000282024S00060,86880152300028,72,2024-12-18,72.0,,0,0.43,,,,1,2024-12-31
214400905000112024VIDEOPROTE,21440090500011,32,2024-12-16,60.0,,0,0.49,,,,1,2024-12-31
24530022300170202412Pannea,24530022300170,35,2024-12-12,2.0,,0,0.62,,,,1,2024-12-31
24530022300170202412Panneaux,24530022300170,35,2024-12-12,2.0,,0,0.62,,,,1,2024-12-31
245300223001702025004,24530022300170,35,2024-12-12,2.0,,0,0.62,,,,1,2024-12-31
856801360000202024HU1s_XWRj300,85680136000020,32,2024-12-12,48.0,,0,0.62,,,,1,2024-12-31
200091007000352024AMO_27,20009100700035,32,2024-12-05,3.0,,0,0.85,,,,1,2024-12-31
200091007000352024AMO_18,20009100700035,32,2024-12-11,18.0,,0,0.66,,,,1,2024-12-31
22490001900015167601633213300,22490001900015,72,2023-02-06,48.0,,0,22.8,,,,1,2024-12-31
22490001900015168716956002700,22490001900015,72,2023-06-02,24.0,,0,18.99,,,,1,2024-12-31
22490001900015171940079474700,22490001900015,72,2024-06-20,60.0,,0,6.37,,,,1,2024-12-31
22490001900015173494288676800,22490001900015,72,2024-12-11,48.0,,0,0.66,,,,1,2024-12-31
403040850000142024SH299,40304085000014,72,2024-12-11,60.0,,0,0.66,,,,1,2024-12-31
244400404001292019S00160,24440040400129,72,2020-01-07,48.0,,0,59.79,,,,1,2024-12-31
244400404001292019S00004,24440040400129,72,2020-01-07,24.0,,0,59.79,,,,1,2024-12-31
244400404001292019S00005,24440040400129,72,2020-01-09,12.0,,0,59.72,,,,1,2024-12-31
244400404001292020S00008,24440040400129,72,2020-02-20,48.0,,0,58.34,,,,1,2024-12-31
244400404001292020S00052,24440040400129,72,2020-02-24,48.0,,0,58.21,,,,1,2024-12-31
244400404001292020S00024,24440040400129,72,2020-03-05,24.0,,0,57.88,,,,1,2024-12-31
244400404001292020S00023,24440040400129,72,2020-03-05,24.0,,0,57.88,,,,1,2024-12-31
244400404001292020S00022,24440040400129,72,2020-03-05,24.0,,0,57.88,,,,1,2024-12-31
244400404001292020S00019,24440040400129,72,2020-03-05,24.0,,0,57.88,,,,1,2024-12-31
244400404001292020S00063,24440040400129,72,2020-03-06,72.0,,0,57.85,,,,1,2024-12-31
244400404001292020S00018,24440040400129,72,2020-03-06,24.0,244400404001292021S00030,1,21.35,21.35,0.312,0.386,0,
244400404001292020S00017,24440040400129,72,2020-03-06,24.0,,0,57.85,,,,1,2024-12-31
244400404001292020S00016,24440040400129,72,2020-03-06,24.0,,0,57.85,,,,1,2024-12-31
244400404001292020S00062,24440040400129,72,2020-03-09,72.0,,0,57.75,,,,1,2024-12-31
244400404001292020S00071,24440040400129,72,2020-03-12,8.0,,0,57.65,,,,1,2024-12-31
244400404001292020S00091,24440040400129,72,2020-04-18,12.0,,0,56.44,,,,1,2024-12-31
244400404001292020S00093,24440040400129,72,2020-04-28,12.0,,0,56.11,,,,1,2024-12-31
244400404001292020S00226,24440040400129,72,2020-11-24,48.0,244400404001292024S00057,1,48.03,48.03,0.588,0.71,0,
244400404001292020S00225,24440040400129,72,2020-11-24,48.0,244400404001292024S00057,1,48.03,48.03,0.688,0.78,0,
244400404001292020S00246,24440040400129,72,2021-01-05,55.0,,0,47.83,,,,1,2024-12-31
244400404001292020S00245,24440040400129,72,2021-01-05,48.0,,0,47.83,,,,1,2024-12-31
244400404001292020S00044,24440040400129,72,2021-01-20,48.0,,0,47.34,,,,1,2024-12-31
244400404001292021S00012,24440040400129,72,2021-02-23,48.0,,0,46.22,,,,1,2024-12-31
244400404001292021S00029,24440040400129,72,2021-03-23,48.0,,0,45.3,,,,1,2024-12-31
244400404001292021S00051,24440040400129,72,2021-04-09,36.0,,0,44.74,,,,1,2024-12-31
244400404001292021F00005,24440040400129,72,2021-04-13,48.0,,0,44.61,,,,1,2024-12-31
244400404001292021S00056,24440040400129,72,2021-04-16,36.0,,0,44.51,,,,1,2024-12-31
244400404001292021S00089,24440040400129,72,2021-05-12,48.0,,0,43.66,,,,1,2024-12-31
244400404001292021S00011,24440040400129,72,2021-05-26,36.0,,0,43.2,,,,1,2024-12-31
244400404001292021S00303,24440040400129,72,2021-06-14,19.0,,0,42.58,,,,1,2024-12-31
244400404001292021S00014,24440040400129,72,2021-07-08,24.0,244400404001292023S00018,1,20.86,20.86,0.765,0.678,0,
244400404001292021S00013,24440040400129,72,2021-07-08,24.0,244400404001292023S00018,1,20.86,20.86,0.765,0.678,0,
244400404001292021S00156,24440040400129,72,2021-07-21,48.0,,0,41.36,,,,1,2024-12-31
244400404001292021S00019,24440040400129,72,2021-09-27,48.0,,0,39.13,,,,1,2024-12-31
244400404001292021S00018,24440040400129,72,2021-09-27,48.0,,0,39.13,,,,1,2024-12-31
244400404001292021S00017,24440040400129,72,2021-09-27,48.0,,0,39.13,,,,1,2024-12-31
244400404001292021S00210,24440040400129,72,2021-09-28,48.0,,0,39.09,,,,1,2024-12-31
244400404001292021S00030,24440040400129,72,2021-12-16,24.0,244400404001292023S00067,1,23.92,23.92,0.5,0.646,0,
244400404001292021S00031,24440040400129,72,2021-12-16,24.0,244400404001292023S00067,1,23.92,23.92,0.481,0.633,0,
244400404001292021S00033,24440040400129,72,2021-12-28,24.0,244400404001292023S00067,1,23.52,23.52,0.789,0.829,0,
244400404001292021S00005,24440040400129,72,2022-01-06,60.0,,0,35.81,,,,1,2024-12-31
244400404001292022F00003,24440040400129,72,2022-02-10,48.0,,0,34.66,,,,1,2024-12-31
244400404001292022F00005,24440040400129,72,2022-03-22,48.0,,0,33.34,,,,1,2024-12-31
244400404001292022F00078,24440040400129,72,2022-03-24,48.0,,0,33.28,,,,1,2024-12-31
244400404001292022S00104,24440040400129,72,2022-04-15,12.0,,0,32.56,,,,1,2024-12-31
244400404001292022S00017,24440040400129,72,2022-06-21,48.0,,0,30.35,,,,1,2024-12-31
244400404001292022S00032,24440040400129,72,2022-08-09,48.0,,0,28.75,,,,1,2024-12-31
244400404001292022S00034,24440040400129,72,2022-08-10,48.0,,0,28.71,,,,1,2024-12-31
244400404001292022S00033,24440040400129,72,2022-08-11,48.0,,0,28.68,,,,1,2024-12-31
244400404001292022S00037,24440040400129,72,2022-09-20,24.0,244400404001292024S00042,1,21.45,21.45,0.75,0.698,0,
244400404001292022S00039,24440040400129,72,2022-09-27,24.0,244400404001292024S00042,1,21.22,21.22,0.75,0.686,0,
244400404001292022S00045,24440040400129,72,2022-10-18,48.0,,0,26.45,,,,1,2024-12-31
244400404001292022S00046,24440040400129,72,2022-10-25,24.0,244400404001292024S00042,1,20.3,20.3,0.333,0.348,0,
244400404001292022S00047,24440040400129,72,2022-11-09,24.0,,0,25.72,,,,1,2024-12-31
244400404001292022S00050,24440040400129,72,2022-12-15,48.0,,0,24.54,,,,1,2024-12-31
244400404001292022S00051,24440040400129,72,2022-12-29,24.0,244400404001292024S00042,1,18.17,18.17,0.75,0.533,0,
244400404001292023S00009,24440040400129,72,2023-01-20,48.0,,0,23.36,,,,1,2024-12-31
244400404001292023S00018,24440040400129,72,2023-04-04,24.0,,0,20.93,,,,1,2024-12-31
244400404001292023S00022,24440040400129,72,2023-05-24,48.0,,0,19.28,,,,1,2024-12-31
244400404001292023S00024,24440040400129,72,2023-06-14,48.0,,0,18.59,,,,1,2024-12-31
244400404001292023S00025,24440040400129,72,2023-06-19,4.0,,0,18.43,,,,1,2024-12-31
244400404001292023S00026,24440040400129,72,2023-06-21,72.0,,0,18.36,,,,1,2024-12-31
244400404001292023S00027,24440040400129,72,2023-07-06,48.0,,0,17.87,,,,1,2024-12-31
244400404001292023S00032,24440040400129,72,2023-07-25,48.0,,0,17.25,,,,1,2024-12-31
244400404001292023S00033,24440040400129,72,2023-08-09,48.0,,0,16.75,,,,1,2024-12-31
244400404001292023S00039,24440040400129,72,2023-09-13,48.0,,0,15.6,,,,1,2024-12-31
244400404001292023S00064,24440040400129,72,2023-09-29,60.0,,0,15.08,,,,1,2024-12-31
244400404001292023S00063,24440040400129,72,2023-09-29,60.0,,0,15.08,,,,1,2024-12-31
244400404001292023S00062,24440040400129,72,2023-09-29,60.0,,0,15.08,,,,1,2024-12-31
244400404001292023S00040,24440040400129,72,2023-10-04,48.0,,0,14.91,,,,1,2024-12-31
244400404001292023S00066,24440040400129,72,2023-12-06,48.0,,0,12.84,,,,1,2024-12-31
244400404001292023S00067,24440040400129,72,2023-12-14,24.0,,0,12.58,,,,1,2024-12-31
244400404001292023S00068,24440040400129,72,2023-12-20,48.0,,0,12.39,,,,1,2024-12-31
244400404001292024S00011,24440040400129,72,2024-02-15,48.0,,0,10.51,,,,1,2024-12-31
244400404001292024S00012,24440040400129,72,2024-02-16,24.0,,0,10.48,,,,1,2024-12-31
244400404001292024S00016,24440040400129,72,2024-02-16,24.0,,0,10.48,,,,1,2024-12-31
244400404001292024S00017,24440040400129,72,2024-02-16,24.0,,0,10.48,,,,1,2024-12-31
244400404001292024S00013,24440040400129,72,2024-02-16,24.0,,0,10.48,,,,1,2024-12-31
244400404001292024S00003,24440040400129,72,2024-02-26,12.0,,0,10.15,,,,1,2024-12-31
244400404001292024S00023,24440040400129,72,2024-02-27,48.0,,0,10.12,,,,1,2024-12-31
244400404001292024S00026,24440040400129,72,2024-03-19,24.0,,0,9.43,,,,1,2024-12-31
244400404001292024S00028,24440040400129,72,2024-03-27,48.0,,0,9.17,,,,1,2024-12-31
244400404001292024S00032,24440040400129,72,2024-04-25,48.0,,0,8.21,,,,1,2024-12-31
244400404001292024S00034,24440040400129,72,2024-05-13,48.0,,0,7.62,,,,1,2024-12-31
244400404001292024S00035,24440040400129,72,2024-05-14,48.0,,0,7.59,,,,1,2024-12-31
244400404001292024S00037,24440040400129,72,2024-05-17,48.0,,0,7.49,,,,1,2024-12-31
244400404001292024S00039,24440040400129,72,2024-05-24,48.0,,0,7.26,,,,1,2024-12-31
244400404001292024S00041,24440040400129,72,2024-06-20,48.0,,0,6.37,,,,1,2024-12-31
244400404001292024S00042,24440040400129,72,2024-07-04,24.0,,0,5.91,,,,1,2024-12-31
244400404001292024S00045,24440040400129,72,2024-07-10,48.0,,0,5.72,,,,1,2024-12-31
244400404001292024S00044,24440040400129,72,2024-07-11,48.0,,0,5.68,,,,1,2024-12-31
244400404001292024S00047,24440040400129,72,2024-07-12,48.0,,0,5.65,,,,1,2024-12-31
244400404001292022F00122,24440040400129,72,2024-07-24,48.0,,0,5.26,,,,1,2024-12-31
244400404001292024S00050,24440040400129,72,2024-10-16,15.0,,0,2.5,,,,1,2024-12-31
244400404001292024S00055,24440040400129,72,2024-11-07,48.0,,0,1.77,,,,1,2024-12-31
244400404001292024S00056,24440040400129,72,2024-11-19,24.0,,0,1.38,,,,1,2024-12-31
244400404001292024S00057,24440040400129,72,2024-11-25,48.0,,0,1.18,,,,1,2024-12-31
244400404001292024S00060,24440040400129,72,2024-11-28,18.0,,0,1.08,,,,1,2024-12-31
244400404001292024S00059,24440040400129,72,2024-12-10,25.0,,0,0.69,,,,1,2024-12-31
24440064400013201905271343B00,24440064400013,32,2019-10-07,48.0,244400644000132023061910MVB00,1,49.74,49.74,0.833,0.796,0,
24440064400013201905271343A00,24440064400013,32,2019-10-07,48.0,244400644000132023061910MVA00,1,49.51,49.51,0.364,0.479,0,
244400644000132019092416MVF00,24440064400013,32,2019-12-27,49.0,,0,60.15,,,,1,2024-12-31
244400644000132019092416MVD00,24440064400013,32,2019-12-27,49.0,,0,60.15,,,,1,2024-12-31
244400644000132019092416MVC00,24440064400013,32,2019-12-27,49.0,,0,60.15,,,,1,2024-12-31
244400644000132019092416MVA00,24440064400013,32,2019-12-27,49.0,,0,60.15,,,,1,2024-12-31
244400644000132019083016MVF00,24440064400013,32,2020-06-03,49.0,,0,54.93,,,,1,2024-12-31
244400644000132019083016MVF00,24440064400013,32,2020-06-03,49.0,,0,54.93,,,,1,2024-12-31
244400644000132020061716MVB00,24440064400013,32,2020-11-06,36.0,,0,49.8,,,,1,2024-12-31
244400644000132020060909MVB00,24440064400013,32,2020-12-04,48.0,,0,48.88,,,,1,2024-12-31
244400644000132020060909MVB01,24440064400013,32,2021-03-26,48.0,,0,45.2,,,,1,2024-12-31
24440064400013201905271343A01,24440064400013,32,2021-06-11,48.0,,0,42.67,,,,1,2024-12-31
24440064400013201905271343A01,24440064400013,32,2021-06-11,48.0,,0,42.67,,,,1,2024-12-31
244400644000132019092416MVD01,24440064400013,32,2022-01-01,49.0,,0,35.97,,,,1,2024-12-31
244400644000132019092416MVD01,24440064400013,32,2022-01-01,49.0,,0,35.97,,,,1,2024-12-31
244400644000132019092416MVC01,24440064400013,32,2022-01-01,49.0,,0,35.97,,,,1,2024-12-31
244400644000132019092416MVA01,24440064400013,32,2022-01-01,49.0,,0,35.97,,,,1,2024-12-31
244400644000132019092416MVA01,24440064400013,32,2022-01-01,49.0,,0,35.97,,,,1,2024-12-31
244400644000132019092416MVC01,24440064400013,32,2022-01-01,49.0,,0,35.97,,,,1,2024-12-31
24440064400013202111091136MV00,24440064400013,32,2022-05-16,49.0,,0,31.54,,,,1,2024-12-31
24440064400013202111091136MV00,24440064400013,32,2022-05-16,49.0,,0,31.54,,,,1,2024-12-31
244400644000132021110115MVB00,24440064400013,32,2022-05-17,48.0,,0,31.5,,,,1,2024-12-31
244400644000132021110115MVB00,24440064400013,32,2022-05-17,48.0,,0,31.5,,,,1,2024-12-31
24440064400013202303060904B00,24440064400013,32,2023-07-25,7.0,,0,17.25,,,,1,2024-12-31
244400644000132023061910MVA00,24440064400013,32,2023-11-22,48.0,,0,13.3,,,,1,2024-12-31
244400644000132023061910MVA,24440064400013,32,2023-11-22,48.0,,0,13.3,,,,1,2024-12-31
244400644000132023061910MVB00,24440064400013,32,2023-11-29,48.0,,0,13.07,,,,1,2024-12-31
244400644000132023061910MVB,24440064400013,32,2023-11-29,48.0,,0,13.07,,,,1,2024-12-31
24440064400013202303060904B,24440064400013,32,2024-12-10,7.0,,0,0.69,,,,1,2024-12-31
31468496000045201919M8711700,31468496000045,72,2019-06-21,48.0,,0,66.36,,,,1,2024-12-31
31468496000045201919C0212500,31468496000045,72,2019-10-08,7.0,,0,62.78,,,,1,2024-12-31
31468496000045202019C0217000,31468496000045,72,2020-06-22,36.0,,0,54.3,,,,1,2024-12-31
31468496000045202020SEE210100,31468496000045,72,2020-07-17,12.0,,0,53.48,,,,1,2024-12-31
31468496000045202120C0207700,31468496000045,72,2021-02-11,36.0,,0,46.62,,,,1,2024-12-31
31468496000045202121C0201400,31468496000045,72,2021-04-21,9.0,31468496000045202222C0200400,1,10.51,10.51,0.333,0.458,0,
31468496000045202121C0202100,31468496000045,72,2021-04-22,8.0,,0,44.32,,,,1,2024-12-31
31468496000045202121SEE2249300,31468496000045,72,2021-11-29,60.0,,0,37.06,,,,1,2024-12-31
31468496000045202121SEE2249200,31468496000045,72,2021-11-29,60.0,,0,37.06,,,,1,2024-12-31
31468496000045202121SEE225100,31468496000045,72,2021-11-30,60.0,,0,37.02,,,,1,2024-12-31
31468496000045202121SEE2250200,31468496000045,72,2021-11-30,60.0,,0,37.02,,,,1,2024-12-31
31468496000045202121SEE224900,31468496000045,72,2021-11-30,60.0,,0,37.02,,,,1,2024-12-31
31468496000045202121SEE2250300,31468496000045,72,2022-01-03,60.0,,0,35.91,,,,1,2024-12-31
31468496000045202221C0212900,31468496000045,72,2022-01-31,96.0,,0,34.99,,,,1,2024-12-31
31468496000045202222C0200900,31468496000045,72,2022-03-03,6.0,3146849600004520222C0207600,1,6.67,6.67,0.5,0.617,0,
31468496000045202222C0200400,31468496000045,72,2022-03-07,4.0,31468496000045202222C0205600,1,4.17,4.17,0.5,0.641,0,
31468496000045202222C0202200,31468496000045,72,2022-04-12,8.0,31468496000045202222C0211000,1,7.59,7.59,0.571,0.679,0,
31468496000045202222M9308800,31468496000045,72,2022-05-20,18.0,,0,31.41,,,,1,2024-12-31
31468496000045202222C0205600,31468496000045,72,2022-07-12,1.0,31468496000045202222C0210200,1,3.75,3.75,0.667,0.629,0,
314684960000452022222C0206200,31468496000045,72,2022-07-21,18.0,31468496000045202323SEE229200,1,16.26,16.26,0.4,0.493,0,
31468496000045202222M8700100,31468496000045,72,2022-08-01,77.0,,0,29.01,,,,1,2024-12-31
3146849600004520222C0207600,31468496000045,72,2022-09-22,18.0,31468496000045202424C0200700,1,19.05,19.05,0.5,0.597,0,
31468496000045202222C0204200,31468496000045,72,2022-10-04,60.0,,0,26.91,,,,1,2024-12-31
31468496000045202222C0205100,31468496000045,72,2022-10-05,48.0,,0,26.87,,,,1,2024-12-31
31468496000045202222C0208900,31468496000045,72,2022-10-18,24.0,,0,26.45,,,,1,2024-12-31
31468496000045202222C0208500,31468496000045,72,2022-10-31,9.0,,0,26.02,,,,1,2024-12-31
31468496000045202222C0210400,31468496000045,72,2022-11-03,18.0,31468496000045202424C0200700,1,17.67,17.67,0.5,0.634,0,
31468496000045202222C0210200,31468496000045,72,2022-11-03,12.0,31468496000045202323C0208000,1,13.07,13.07,0.667,0.713,0,
31468496000045202222C0211000,31468496000045,72,2022-11-29,12.0,31468496000045202424C0200600,1,15.47,15.47,0.375,0.389,0,
31468496000045202222C0207500,31468496000045,72,2022-12-05,48.0,,0,24.87,,,,1,2024-12-31
31468496000045202322MB426100,31468496000045,72,2023-02-15,24.0,,0,22.5,,,,1,2024-12-31
31468496000045202322MB426100,31468496000045,72,2023-02-15,24.0,,0,22.5,,,,1,2024-12-31
31468496000045202323C0205600,31468496000045,72,2023-10-23,6.0,,0,14.29,,,,1,2024-12-31
31468496000045202323SEE229200,31468496000045,72,2023-11-28,18.0,,0,13.11,,,,1,2024-12-31
31468496000045202323C0208000,31468496000045,72,2023-12-06,6.0,31468496000045202424SEE208200,1,5.98,5.98,0.5,0.649,0,
31468496000045202323SEE211800,31468496000045,72,2023-12-12,62.0,,0,12.65,,,,1,2024-12-31
31468496000045202323C0208100,31468496000045,72,2023-12-20,6.0,31468496000045202424SEE208200,1,5.52,5.52,0.6,0.696,0,
31468496000045202323C0202700,31468496000045,72,2023-12-21,96.0,,0,12.35,,,,1,2024-12-31
31468496000045202323C02027,31468496000045,72,2023-12-21,96.0,,0,12.35,,,,1,2024-12-31
31468496000045202323C02027,31468496000045,72,2023-12-21,96.0,,0,12.35,,,,1,2024-12-31
31468496000045202323C0209200,31468496000045,72,2024-01-15,24.0,,0,11.53,,,,1,2024-12-31
31468496000045202323C02092,31468496000045,72,2024-01-15,24.0,,0,11.53,,,,1,2024-12-31
31468496000045202323C0209100,31468496000045,72,2024-01-15,24.0,,0,11.53,,,,1,2024-12-31
31468496000045202323C02091,31468496000045,72,2024-01-15,24.0,,0,11.53,,,,1,2024-12-31
31468496000045202423C0208800,31468496000045,72,2024-01-17,18.0,,0,11.47,,,,1,2024-12-31
31468496000045202423C02088,31468496000045,72,2024-01-17,18.0,,0,11.47,,,,1,2024-12-31
31468496000045202424C0200600,31468496000045,72,2024-03-14,24.0,,0,9.59,,,,1,2024-12-31
31468496000045202424C02006,31468496000045,72,2024-03-14,24.0,,0,9.59,,,,1,2024-12-31
31468496000045202424C02002,31468496000045,72,2024-04-10,36.0,,0,8.71,,,,1,2024-12-31
31468496000045202424C0200200,31468496000045,72,2024-04-10,36.0,,0,8.71,,,,1,2024-12-31
31468496000045202424C0200700,31468496000045,72,2024-04-24,18.0,,0,8.25,,,,1,2024-12-31
31468496000045202424C02007,31468496000045,72,2024-04-24,18.0,,0,8.25,,,,1,2024-12-31
31468496000045202424C0200500,31468496000045,72,2024-05-24,72.0,,0,7.26,,,,1,2024-12-31
31468496000045202424C02005,31468496000045,72,2024-05-24,72.0,,0,7.26,,,,1,2024-12-31
31468496000045202423C020,31468496000045,72,2024-06-04,96.0,,0,6.9,,,,1,2024-12-31
31468496000045202423C020,31468496000045,72,2024-06-04,96.0,,0,6.9,,,,1,2024-12-31
31468496000045202424SEE208200,31468496000045,72,2024-06-05,6.0,,0,6.87,,,,1,2024-12-31
31468496000045202424SEE2082,31468496000045,72,2024-06-05,6.0,,0,6.87,,,,1,2024-12-31
31468496000045202424C0210500,31468496000045,72,2024-06-05,18.0,,0,6.87,,,,1,2024-12-31
31468496000045202424C02105,31468496000045,72,2024-06-05,18.0,,0,6.87,,,,1,2024-12-31
31468496000045202423XT58NS19600,31468496000045,72,2024-06-07,72.0,,0,6.8,,,,1,2024-12-31
31468496000045202423XT58NS196,31468496000045,72,2024-06-07,72.0,,0,6.8,,,,1,2024-12-31
31468496000045202424SEF1172,31468496000045,72,2024-12-10,60.0,,0,0.69,,,,1,2024-12-31
31468496000045202424SEF11,31468496000045,72,2024-12-10,60.0,,0,0.69,,,,1,2024-12-31
2444006100005520191904200,24440061000055,48,2019-05-15,36.0,2444006100005520191904201,1,34.99,34.99,1.0,0.949,0,
2444006100005520191901500,24440061000055,48,2019-05-21,72.0,,0,67.38,,,,1,2024-12-31
2444006100005520191902801,24440061000055,48,2019-05-29,48.0,,0,67.12,,,,1,2024-12-31
2444006100005520191902800,24440061000055,48,2019-05-29,48.0,,0,67.12,,,,1,2024-12-31
24440061000055202019052A00,24440061000055,48,2019-09-04,48.0,,0,63.9,,,,1,2024-12-31
24440061000055202019052A00,24440061000055,48,2019-09-04,48.0,,0,63.9,,,,1,2024-12-31
2444006100005520191905600,24440061000055,48,2019-09-06,48.0,,0,63.83,,,,1,2024-12-31
2444006100005520191903700,24440061000055,48,2019-10-23,48.0,,0,62.29,,,,1,2024-12-31
24440061000055202019073A00,24440061000055,48,2020-02-03,48.0,,0,58.9,,,,1,2024-12-31
24440061000055202019055A00,24440061000055,48,2020-02-05,48.0,,0,58.84,,,,1,2024-12-31
244400610000552020CAP02000,24440061000055,48,2020-06-16,48.0,,0,54.5,,,,1,2024-12-31
24440061000055202020020A01,24440061000055,48,2020-06-16,48.0,,0,54.5,,,,1,2024-12-31
24440061000055202020020A00,24440061000055,48,2020-06-16,48.0,,0,54.5,,,,1,2024-12-31
2444006100005520202004800,24440061000055,48,2020-06-23,48.0,,0,54.27,,,,1,2024-12-31
2444006100005520202007900,24440061000055,48,2020-10-14,48.0,,0,50.56,,,,1,2024-12-31
2444006100005520212000200,24440061000055,48,2021-01-15,48.0,,0,47.5,,,,1,2024-12-31
24440061000055202121033200,24440061000055,48,2021-06-14,48.0,,0,42.58,,,,1,2024-12-31
24440061000055202121033100,24440061000055,48,2021-06-14,48.0,,0,42.58,,,,1,2024-12-31
244400610000552021CAP004800000,24440061000055,48,2021-07-05,48.0,,0,41.89,,,,1,2024-12-31
24440061000055202121048A00,24440061000055,48,2021-07-05,48.0,,0,41.89,,,,1,2024-12-31
244400610000552021CAP004900000,24440061000055,48,2021-07-27,48.0,,0,41.16,,,,1,2024-12-31
24440061000055202121049A00,24440061000055,48,2021-07-27,48.0,,0,41.16,,,,1,2024-12-31
244400610000552021CAP005900000,24440061000055,48,2021-11-26,48.0,,0,37.16,,,,1,2024-12-31
24440061000055202121059A00,24440061000055,48,2021-11-26,48.0,,0,37.16,,,,1,2024-12-31
2444006100005520222114000,24440061000055,48,2022-01-04,48.0,,0,35.87,,,,1,2024-12-31
244400610000552021CAP014000,24440061000055,48,2022-01-04,48.0,,0,35.87,,,,1,2024-12-31
2444006100005520191904201,24440061000055,48,2022-04-14,48.0,,0,32.59,,,,1,2024-12-31
2444006100005520222206600,24440061000055,48,2022-08-11,48.0,,0,28.68,,,,1,2024-12-31
2444006100005520222206500,24440061000055,48,2022-09-20,48.0,,0,27.37,,,,1,2024-12-31
24440061000055202424081,24440061000055,48,2024-08-12,72.0,,0,4.63,,,,1,2024-12-31
24440061000055202121059A,24440061000055,48,2024-11-28,48.0,,0,1.08,,,,1,2024-12-31
24440061000055202121059A,24440061000055,48,2024-11-28,48.0,,0,1.08,,,,1,2024-12-31
24440061000055202524114,24440061000055,48,2024-12-09,48.0,,0,0.72,,,,1,2024-12-31
174404301000152606629,17440430100015,48,2024-12-05,24.0,,0,0.85,,,,1,2024-12-31
17440000200054201920191133300,17440000200054,35,2019-06-12,48.0,,0,66.66,,,,1,2024-12-31
17440000200054201920191134700,17440000200054,35,2019-06-12,48.0,,0,66.66,,,,1,2024-12-31
17440000200054201920191132100,17440000200054,35,2019-06-13,48.0,,0,66.62,,,,1,2024-12-31
17440000200054201920191132200,17440000200054,35,2019-06-13,48.0,,0,66.62,,,,1,2024-12-31
17440000200054201920191132300,17440000200054,35,2019-06-13,48.0,,0,66.62,,,,1,2024-12-31
17440000200054201920191133000,17440000200054,35,2019-06-13,48.0,,0,66.62,,,,1,2024-12-31
17440000200054201920191134800,17440000200054,35,2019-06-13,48.0,,0,66.62,,,,1,2024-12-31
174400002000542605944,17440000200054,35,2024-12-04,48.0,,0,0.89,,,,1,2024-12-31
228500013006582018201818041200,22850001300658,72,2018-12-10,6.0,,0,72.7,,,,1,2024-12-31
228500013006582019201819002100,22850001300658,72,2019-01-09,24.0,228500013006582121202021004900,1,26.02,26.02,0.643,0.649,0,
228500013006582019201819002000,22850001300658,72,2019-01-09,24.0,228500013006582121202021004900,1,26.02,26.02,0.643,0.649,0,
228500013006582019201819005200,22850001300658,72,2019-03-01,24.0,228500013006582121202021004900,1,24.34,24.34,0.643,0.733,0,
228500013006582019201819001600,22850001300658,72,2019-03-01,48.0,22850001300658202222003600,1,42.21,42.21,0.333,0.244,0,
228500013006582019201819000700,22850001300658,72,2019-03-04,48.0,22850001300658202222003600,1,42.12,42.12,0.5,0.356,0,
228500013006582019201919009700,22850001300658,72,2019-03-19,24.0,228500013006582121202021004900,1,23.75,23.75,1.0,0.988,0,
228500013006582019201919014800,22850001300658,72,2019-04-25,24.0,,0,68.23,,,,1,2024-12-31
228500013006582019201919013900,22850001300658,72,2019-04-26,24.0,228500013006582020202021000200,1,19.45,19.45,0.308,0.288,0,
228500013006582019201919013900,22850001300658,72,2019-04-26,24.0,228500013006582020202021000200,1,19.45,19.45,0.308,0.288,0,
228500013006582019201919025300,22850001300658,72,2019-09-19,48.0,,0,63.4,,,,1,2024-12-31
228500013006582019201919030400,22850001300658,72,2019-10-17,4.0,228500013006582020202020019400,1,8.71,8.71,0.438,0.371,0,
228500013006582019201920000100,22850001300658,72,2019-10-25,48.0,,0,62.22,,,,1,2024-12-31
228500013006582019201920000200,22850001300658,72,2019-11-25,24.0,22850001300658202122000600,1,25.16,25.16,0.6,0.662,0,
228500013006582020201920000500,22850001300658,72,2020-01-09,48.0,2285000130065820232400,1,49.18,49.18,1.0,0.941,0,
228500013006582020201920006700,22850001300658,72,2020-03-09,9.0,,0,57.75,,,,1,2024-12-31
228500013006582020201920005700,22850001300658,72,2020-03-11,48.0,,0,57.69,,,,1,2024-12-31
228500013006582020201920005700,22850001300658,72,2020-03-11,48.0,,0,57.69,,,,1,2024-12-31
228500013006582020202020014900,22850001300658,72,2020-06-09,48.0,228500013006582024240319,1,52.86,52.86,0.929,0.707,0,
228500013006582020202020017700,22850001300658,72,2020-07-02,48.0,,0,53.98,,,,1,2024-12-31
228500013006582020202020019400,22850001300658,72,2020-07-08,12.0,,0,53.78,,,,1,2024-12-31
228500013006582020202020019800,22850001300658,72,2020-09-10,48.0,,0,51.68,,,,1,2024-12-31
228500013006582020202020021400,22850001300658,72,2020-09-23,48.0,228500013006582024250001,1,50.2,50.2,0.545,0.572,0,
228500013006582020202020019900,22850001300658,72,2020-09-30,48.0,,0,51.02,,,,1,2024-12-31
228500013006582020202020026900,22850001300658,72,2020-10-07,48.0,,0,50.79,,,,1,2024-12-31
228500013006582020202020027700,22850001300658,72,2020-10-28,48.0,228500013006582024240389,1,49.21,49.21,0.75,0.764,0,
228500013006582020202020026700,22850001300658,72,2020-10-28,96.0,,0,50.1,,,,1,2024-12-31
228500013006582020202020026600,22850001300658,72,2020-10-28,96.0,,0,50.1,,,,1,2024-12-31
228500013006582020202020024900,22850001300658,72,2020-10-29,48.0,,0,50.07,,,,1,2024-12-31
228500013006582020202021000200,22850001300658,72,2020-12-08,48.0,228500013006582024250001,1,47.7,47.7,0.4,0.565,0,
228500013006582020202021000700,22850001300658,72,2020-12-11,48.0,,0,48.65,,,,1,2024-12-31
228500013006582020202021000400,22850001300658,72,2020-12-14,48.0,,0,48.55,,,,1,2024-12-31
228500013006582021202021000600,22850001300658,72,2021-01-08,48.0,,0,47.73,,,,1,2024-12-31
228500013006582021202021000500,22850001300658,72,2021-01-08,48.0,228500013006582024250001,1,46.68,46.68,0.333,0.467,0,
228500013006582021202021000800,22850001300658,72,2021-01-22,48.0,228500013006582024250001,1,46.22,46.22,0.308,0.426,0,
22850001300658202121002000,22850001300658,72,2021-02-01,48.0,,0,46.94,,,,1,2024-12-31
228500013006582021202121002100,22850001300658,72,2021-02-11,36.0,228500013006582023240017,1,35.81,35.81,1.0,0.99,0,
228500013006582021202021003300,22850001300658,72,2021-02-18,48.0,,0,46.39,,,,1,2024-12-31
228500013006582021202021003000,22850001300658,72,2021-03-01,48.0,228500013006582024250001,1,44.97,44.97,0.4,0.429,0,
228500013006582020201818015400,22850001300658,72,2021-03-08,48.0,,0,45.8,,,,1,2024-12-31
228500013006582121202021004900,22850001300658,72,2021-03-11,48.0,,0,45.7,,,,1,2024-12-31
228500013006582021202021004400,22850001300658,72,2021-03-22,48.0,,0,45.34,,,,1,2024-12-31
22850001300658202121009500,22850001300658,72,2021-04-16,48.0,,0,44.51,,,,1,2024-12-31
22850001300658202121030000,22850001300658,72,2021-09-13,18.0,,0,39.59,,,,1,2024-12-31
228500013006582021202121008900,22850001300658,72,2021-10-18,48.0,,0,38.44,,,,1,2024-12-31
22850001300658202122000600,22850001300658,72,2021-12-30,48.0,,0,36.04,,,,1,2024-12-31
22850001300658202121038800,22850001300658,72,2022-01-13,48.0,,0,35.58,,,,1,2024-12-31
22850001300658202122000800,22850001300658,72,2022-01-18,48.0,,0,35.41,,,,1,2024-12-31
22850001300658202222002400,22850001300658,72,2022-01-26,48.0,,0,35.15,,,,1,2024-12-31
228500013006582222202122005500,22850001300658,72,2022-03-02,96.0,,0,34.0,,,,1,2024-12-31
2285000130065820222022020400,22850001300658,72,2022-08-12,48.0,,0,28.65,,,,1,2024-12-31
228500013006582022202222020500,22850001300658,72,2022-08-16,48.0,,0,28.52,,,,1,2024-12-31
22850001300658202222003600,22850001300658,72,2022-09-06,48.0,,0,27.83,,,,1,2024-12-31
22850001300658202222028600,22850001300658,72,2022-10-14,36.0,,0,26.58,,,,1,2024-12-31
22850001300658202223001800,22850001300658,72,2023-02-08,48.0,,0,22.73,,,,1,2024-12-31
22850001300658202323028800,22850001300658,72,2023-09-22,48.0,,0,15.31,,,,1,2024-12-31
22850001300658202323038800,22850001300658,72,2023-12-07,48.0,,0,12.81,,,,1,2024-12-31
228500013006582023230388,22850001300658,72,2023-12-07,48.0,,0,12.81,,,,1,2024-12-31
228500013006582023240017,22850001300658,72,2024-02-06,36.0,,0,10.81,,,,1,2024-12-31
2285000130065820232400,22850001300658,72,2024-02-14,12.0,228500013006582024250001,1,9.49,9.49,0.364,0.429,0,
2285000130065820232022230078,22850001300658,72,2024-02-16,48.0,,0,10.48,,,,1,2024-12-31
22850001300658202424008200,22850001300658,72,2024-03-01,24.0,,0,10.02,,,,1,2024-12-31
228500013006582024240082,22850001300658,72,2024-03-01,24.0,,0,10.02,,,,1,2024-12-31
228500013006582024240074,22850001300658,72,2024-04-19,48.0,,0,8.41,,,,1,2024-12-31
22850001300658202424014900,22850001300658,72,2024-05-22,48.0,,0,7.33,,,,1,2024-12-31
228500013006582024240149,22850001300658,72,2024-05-22,48.0,,0,7.33,,,,1,2024-12-31
228500013006582024240275,22850001300658,72,2024-08-23,48.0,,0,4.27,,,,1,2024-12-31
228500013006582024240319,22850001300658,72,2024-11-04,48.0,,0,1.87,,,,1,2024-12-31
228500013006582024250001,22850001300658,72,2024-11-29,48.0,,0,1.05,,,,1,2024-12-31
228500013006582024240393,22850001300658,72,2024-12-02,48.0,,0,0.95,,,,1,2024-12-31
228500013006582024240389,22850001300658,72,2024-12-04,48.0,,0,0.89,,,,1,2024-12-31
25850022200033202120_08900,25850022200033,72,2021-01-07,48.0,,0,47.77,,,,1,2024-12-31
25850022200033202120_08901,25850022200033,72,2021-06-30,48.0,,0,42.05,,,,1,2024-12-31
25850022200033202221_05700,25850022200033,72,2022-03-16,48.0,,0,33.54,,,,1,2024-12-31
25850022200033202221_05700,25850022200033,72,2022-03-16,48.0,,0,33.54,,,,1,2024-12-31
25850022200033202222SV08100,25850022200033,72,2022-05-17,55.0,,0,31.5,,,,1,2024-12-31
25850022200033202222SV08101,25850022200033,72,2022-07-06,55.0,,0,29.86,,,,1,2024-12-31
25850022200033202222SV12000,25850022200033,72,2022-07-18,17.0,,0,29.47,,,,1,2024-12-31
25850022200033202222SV13100,25850022200033,72,2022-11-09,12.0,,0,25.72,,,,1,2024-12-31
25850022200033202323PI08700,25850022200033,72,2023-07-24,18.0,,0,17.28,,,,1,2024-12-31
25850022200033202424PI027,25850022200033,72,2024-07-10,19.0,,0,5.72,,,,1,2024-12-31
25850022200033202426C066_1,25850022200033,72,2024-12-04,48.0,,0,0.89,,,,1,2024-12-31
25850022200033202426C066_1,25850022200033,72,2024-12-04,48.0,,0,0.89,,,,1,2024-12-31
247200132000142022551,24720013200014,72,2022-12-21,48.0,,0,24.34,,,,1,2024-12-31
24720013200014202355400,24720013200014,72,2023-12-26,24.0,,0,12.19,,,,1,2024-12-31
2472001320001420235540000,24720013200014,72,2023-12-26,24.0,,0,12.19,,,,1,2024-12-31
2472001320001420235608800,24720013200014,72,2024-02-23,36.0,,0,10.25,,,,1,2024-12-31
24720013200014202356088,24720013200014,72,2024-02-23,36.0,,0,10.25,,,,1,2024-12-31
2472001320001420245609400,24720013200014,72,2024-03-15,48.0,,0,9.56,,,,1,2024-12-31
24720013200014202456094,24720013200014,72,2024-03-15,48.0,,0,9.56,,,,1,2024-12-31
24720013200014202455849,24720013200014,72,2024-05-14,48.0,,0,7.59,,,,1,2024-12-31
24720013200014202455850,24720013200014,72,2024-05-15,48.0,,0,7.56,,,,1,2024-12-31
24720013200014202455851,24720013200014,72,2024-05-16,48.0,,0,7.52,,,,1,2024-12-31
247200132000145617320,24720013200014,72,2024-05-31,48.0,,0,7.03,,,,1,2024-12-31
24720013200014561482024,24720013200014,72,2024-05-31,48.0,,0,7.03,,,,1,2024-12-31
247200132000145614820,24720013200014,72,2024-05-31,48.0,,0,7.03,,,,1,2024-12-31
24720013200014561732024,24720013200014,72,2024-05-31,48.0,,0,7.03,,,,1,2024-12-31
24720013200014202456154,24720013200014,72,2024-06-13,48.0,,0,6.6,,,,1,2024-12-31
24720013200014202456309,24720013200014,72,2024-07-19,48.0,,0,5.42,,,,1,2024-12-31
24720013200014202456447,24720013200014,72,2024-11-19,48.0,,0,1.38,,,,1,2024-12-31
24720013200014202456540,24720013200014,72,2024-12-03,48.0,,0,0.92,,,,1,2024-12-31
247200132000142024565,24720013200014,72,2024-12-03,48.0,,0,0.92,,,,1,2024-12-31
2672001600001320182018S1936400,26720016000013,72,2018-12-19,36.0,,0,72.4,,,,1,2024-12-31
2672001600001320192019S0629700,26720016000013,72,2019-02-02,35.0,2672001600001320222022S1001500,1,40.6,40.6,0.812,0.589,0,
2672001600001320192019S0630000,26720016000013,72,2019-02-02,35.0,2672001600001320222022S1001300,1,40.6,40.6,0.647,0.473,0,
2672001600001320192019S0629900,26720016000013,72,2019-02-02,35.0,2672001600001320222022S1001300,1,40.6,40.6,0.647,0.473,0,
2672001600001320192019S0629800,26720016000013,72,2019-02-02,35.0,2672001600001320222022S1001600,1,40.6,40.6,0.812,0.589,0,
2672001600001320192019S0630200,26720016000013,72,2019-02-08,35.0,2672001600001320222022S1001800,1,40.41,40.41,0.812,0.598,0,
2672001600001320192019S0630100,26720016000013,72,2019-02-08,35.0,2672001600001320222022S1001300,1,40.41,40.41,0.611,0.457,0,
2672001600001320192019S0629600,26720016000013,72,2019-02-08,35.0,2672001600001320222022S1001300,1,40.41,40.41,0.688,0.511,0,
2672001600001320192019S0629500,26720016000013,72,2019-02-08,35.0,2672001600001320222022S1001300,1,40.41,40.41,0.8,0.59,0,
2672001600001320192019S0630300,26720016000013,72,2019-02-08,35.0,2672001600001320222022S1002100,1,40.41,40.41,0.812,0.598,0,
2672001600001320192019S0807200,26720016000013,72,2019-04-02,45.0,2672001600001320222022S1212800,1,39.62,39.62,0.429,0.331,0,
2672001600001320192019S0939800,26720016000013,72,2019-04-30,12.0,2672001600001320202020S1156100,1,15.18,15.18,0.333,0.374,0,
2672001600001320192019S1330200,26720016000013,72,2019-07-02,30.0,,0,66.0,,,,1,2024-12-31
2672001600001320192019S1564800,26720016000013,72,2019-08-07,48.0,2672001600001320232023S1114800,1,46.19,46.19,0.452,0.526,0,
2672001600001320192019S1564900,26720016000013,72,2019-08-07,48.0,2672001600001320232023S1114800,1,46.19,46.19,0.438,0.516,0,
2672001600001320192019S1564600,26720016000013,72,2019-08-07,48.0,2672001600001320232023S1114800,1,46.19,46.19,0.452,0.526,0,
2672001600001320192019S1565100,26720016000013,72,2019-08-07,48.0,2672001600001320232023S1114800,1,46.19,46.19,0.467,0.536,0,
2672001600001320192019S1565000,26720016000013,72,2019-08-07,48.0,2672001600001320232023S1114800,1,46.19,46.19,0.452,0.526,0,
2672001600001320192019S1564700,26720016000013,72,2019-08-07,48.0,2672001600001320232023S1114800,1,46.19,46.19,0.452,0.526,0,
2672001600001320192019S1565200,26720016000013,72,2019-08-07,48.0,2672001600001320232023S1114800,1,46.19,46.19,0.438,0.516,0,
2672001600001320192019S1572600,26720016000013,72,2019-08-08,48.0,,0,64.78,,,,1,2024-12-31
2672001600001320192019S1903400,26720016000013,72,2019-09-25,48.0,,0,63.21,,,,1,2024-12-31
2672001600001320192019S2001600,26720016000013,72,2019-10-03,48.0,,0,62.94,,,,1,2024-12-31
2672001600001320192019S2283100,26720016000013,72,2019-11-13,48.0,2672001600001320232023S1726600,1,45.6,45.6,0.304,0.393,0,
2672001600001320192019S2272900,26720016000013,72,2019-11-13,48.0,,0,61.6,,,,1,2024-12-31
2672001600001320192019S2376200,26720016000013,72,2019-11-27,48.0,2672001600001320232023S1726600,1,45.14,45.14,0.318,0.38,0,
2672001600001320192019S2376300,26720016000013,72,2019-11-27,36.0,,0,61.14,,,,1,2024-12-31
2672001600001320192019S2423500,26720016000013,72,2019-12-04,48.0,,0,60.91,,,,1,2024-12-31
2672001600001320202020S0304300,26720016000013,72,2020-02-27,48.0,,0,58.11,,,,1,2024-12-31
2672001600001320202020S0304200,26720016000013,72,2020-02-27,48.0,,0,58.11,,,,1,2024-12-31
2672001600001320202020S0345600,26720016000013,72,2020-03-02,48.0,,0,57.98,,,,1,2024-12-31
2672001600001320202020S0345500,26720016000013,72,2020-03-02,48.0,,0,57.98,,,,1,2024-12-31
2672001600001320202020S0364300,26720016000013,72,2020-03-04,48.0,,0,57.92,,,,1,2024-12-31
2672001600001320202020S0467900,26720016000013,72,2020-03-31,48.0,,0,57.03,,,,1,2024-12-31
2672001600001320202020S0468000,26720016000013,72,2020-03-31,48.0,,0,57.03,,,,1,2024-12-31
2672001600001320202020S0644600,26720016000013,72,2020-05-05,48.0,,0,55.88,,,,1,2024-12-31
2672001600001320202020S0699600,26720016000013,72,2020-05-19,48.0,,0,55.42,,,,1,2024-12-31
2672001600001320202020S1009200,26720016000013,72,2020-07-16,48.0,,0,53.52,,,,1,2024-12-31
2672001600001320202020S1156100,26720016000013,72,2020-08-04,48.0,,0,52.89,,,,1,2024-12-31
2672001600001320202020F1156000,26720016000013,72,2020-08-04,48.0,,0,52.89,,,,1,2024-12-31
2672001600001320202020S1704000,26720016000013,72,2020-11-04,48.0,,0,49.87,,,,1,2024-12-31
2672001600001320202020S1703900,26720016000013,72,2020-11-04,48.0,,0,49.87,,,,1,2024-12-31
2672001600001320202020S1703800,26720016000013,72,2020-11-04,48.0,,0,49.87,,,,1,2024-12-31
2672001600001320212020S2110400,26720016000013,72,2021-01-01,48.0,,0,47.96,,,,1,2024-12-31
2672001600001320212020S2100900,26720016000013,72,2021-01-01,48.0,,0,47.96,,,,1,2024-12-31
2672001600001320212020S2100800,26720016000013,72,2021-01-01,48.0,,0,47.96,,,,1,2024-12-31
2672001600001320212020S2100700,26720016000013,72,2021-01-01,48.0,,0,47.96,,,,1,2024-12-31
2672001600001320212020S2100400,26720016000013,72,2021-01-01,48.0,,0,47.96,,,,1,2024-12-31
2672001600001320212020S2099900,26720016000013,72,2021-01-01,48.0,,0,47.96,,,,1,2024-12-31
2672001600001320212021S0664400,26720016000013,72,2021-04-16,48.0,,0,44.51,,,,1,2024-12-31
2672001600001320212021S0672900,26720016000013,72,2021-04-20,48.0,,0,44.38,,,,1,2024-12-31
2672001600001320212021S1193300,26720016000013,72,2021-06-11,48.0,,0,42.67,,,,1,2024-12-31
2672001600001320212021S1194400,26720016000013,72,2021-06-16,48.0,,0,42.51,,,,1,2024-12-31
2672001600001320212021S1194300,26720016000013,72,2021-06-16,48.0,,0,42.51,,,,1,2024-12-31
2672001600001320212021S1194200,26720016000013,72,2021-06-16,48.0,,0,42.51,,,,1,2024-12-31
2672001600001320212021S1228000,26720016000013,72,2021-07-07,48.0,,0,41.82,,,,1,2024-12-31
2672001600001320212021S1389300,26720016000013,72,2021-07-29,48.0,,0,41.1,,,,1,2024-12-31
2672001600001320212021S1400600,26720016000013,72,2021-08-02,48.0,,0,40.97,,,,1,2024-12-31
2672001600001320212021S1441400,26720016000013,72,2021-08-06,48.0,,0,40.83,,,,1,2024-12-31
2672001600001320212021S1879500,26720016000013,72,2021-10-11,48.0,,0,38.67,,,,1,2024-12-31
2672001600001320212021S1879400,26720016000013,72,2021-10-11,48.0,,0,38.67,,,,1,2024-12-31
2672001600001320212021S2027500,26720016000013,72,2021-11-10,45.0,,0,37.68,,,,1,2024-12-31
2672001600001320212021S2027400,26720016000013,72,2021-11-10,45.0,,0,37.68,,,,1,2024-12-31
2672001600001320212021S2027300,26720016000013,72,2021-11-10,45.0,,0,37.68,,,,1,2024-12-31
2672001600001320212021S2263700,26720016000013,72,2021-11-30,48.0,,0,37.02,,,,1,2024-12-31
2672001600001320222021S2542500,26720016000013,72,2022-01-11,60.0,,0,35.64,,,,1,2024-12-31
2672001600001320222021S2542300,26720016000013,72,2022-01-11,60.0,,0,35.64,,,,1,2024-12-31
2672001600001320222021S2541900,26720016000013,72,2022-01-11,60.0,,0,35.64,,,,1,2024-12-31
2672001600001320222021S2542000,26720016000013,72,2022-01-11,60.0,,0,35.64,,,,1,2024-12-31
2672001600001320222021S2542400,26720016000013,72,2022-01-11,60.0,,0,35.64,,,,1,2024-12-31
2672001600001320222021S2542200,26720016000013,72,2022-01-11,60.0,,0,35.64,,,,1,2024-12-31
2672001600001320222021S2542100,26720016000013,72,2022-01-11,60.0,,0,35.64,,,,1,2024-12-31
2672001600001320222021S2608600,26720016000013,72,2022-01-12,60.0,,0,35.61,,,,1,2024-12-31
2672001600001320222021S2608500,26720016000013,72,2022-01-12,60.0,,0,35.61,,,,1,2024-12-31
2672001600001320222021S2608400,26720016000013,72,2022-01-12,60.0,,0,35.61,,,,1,2024-12-31
2672001600001320222021S2604300,26720016000013,72,2022-01-12,48.0,,0,35.61,,,,1,2024-12-31
2672001600001320222021S2604200,26720016000013,72,2022-01-12,48.0,,0,35.61,,,,1,2024-12-31
2672001600001320222021S2604100,26720016000013,72,2022-01-12,48.0,,0,35.61,,,,1,2024-12-31
2672001600001320222021S2604000,26720016000013,72,2022-01-12,48.0,,0,35.61,,,,1,2024-12-31
2672001600001320222021S2603900,26720016000013,72,2022-01-12,48.0,,0,35.61,,,,1,2024-12-31
2672001600001320222021S2603800,26720016000013,72,2022-01-12,48.0,,0,35.61,,,,1,2024-12-31
2672001600001320222021S2603700,26720016000013,72,2022-01-12,48.0,,0,35.61,,,,1,2024-12-31
2672001600001320222021S2603600,26720016000013,72,2022-01-12,48.0,,0,35.61,,,,1,2024-12-31
2672001600001320222022S0226400,26720016000013,72,2022-02-20,48.0,,0,34.33,,,,1,2024-12-31
2672001600001320222022S0226500,26720016000013,72,2022-02-20,48.0,,0,34.33,,,,1,2024-12-31
2672001600001320222022S0226600,26720016000013,72,2022-02-20,48.0,,0,34.33,,,,1,2024-12-31
2672001600001320222022S0226700,26720016000013,72,2022-02-20,48.0,,0,34.33,,,,1,2024-12-31
2672001600001320222022S0226800,26720016000013,72,2022-02-20,48.0,,0,34.33,,,,1,2024-12-31
2672001600001320222022S0484200,26720016000013,72,2022-03-29,48.0,,0,33.11,,,,1,2024-12-31
2672001600001320222022S0729800,26720016000013,72,2022-05-12,42.0,,0,31.67,,,,1,2024-12-31
2672001600001320222022F0897600,26720016000013,72,2022-06-07,48.0,,0,30.81,,,,1,2024-12-31
2672001600001320222022S0958800,26720016000013,72,2022-06-15,12.0,,0,30.55,,,,1,2024-12-31
2672001600001320222022S1002100,26720016000013,72,2022-06-22,55.0,,0,30.32,,,,1,2024-12-31
2672001600001320222022S1001800,26720016000013,72,2022-06-22,55.0,,0,30.32,,,,1,2024-12-31
2672001600001320222022S1001700,26720016000013,72,2022-06-22,55.0,,0,30.32,,,,1,2024-12-31
2672001600001320222022S1001600,26720016000013,72,2022-06-22,55.0,,0,30.32,,,,1,2024-12-31
2672001600001320222022S1001500,26720016000013,72,2022-06-22,55.0,,0,30.32,,,,1,2024-12-31
2672001600001320222022S1001300,26720016000013,72,2022-06-22,55.0,,0,30.32,,,,1,2024-12-31
2672001600001320222022S1057600,26720016000013,72,2022-06-30,12.0,2672001600001320232023S2589400,1,17.64,17.64,0.333,0.251,0,
2672001600001320222022S1212800,26720016000013,72,2022-07-21,48.0,,0,29.37,,,,1,2024-12-31
2672001600001320222022S1275500,26720016000013,72,2022-08-03,48.0,,0,28.94,,,,1,2024-12-31
2672001600001320222022S1591000,26720016000013,72,2022-09-15,60.0,,0,27.53,,,,1,2024-12-31
2672001600001320222022S1838700,26720016000013,72,2022-11-09,60.0,,0,25.72,,,,1,2024-12-31
2672001600001320222022S2289500,26720016000013,72,2022-12-26,48.0,,0,24.18,,,,1,2024-12-31
2672001600001320232023S0628100,26720016000013,72,2023-04-12,48.0,,0,20.66,,,,1,2024-12-31
2672001600001320232023S0679700,26720016000013,72,2023-04-18,12.0,,0,20.47,,,,1,2024-12-31
2672001600001320232023S0788900,26720016000013,72,2023-05-02,48.0,,0,20.01,,,,1,2024-12-31
2672001600001320232023S1114800,26720016000013,72,2023-06-13,43.0,,0,18.63,,,,1,2024-12-31
2672001600001320232023S1114700,26720016000013,72,2023-06-13,43.0,,0,18.63,,,,1,2024-12-31
2672001600001320232023S1114600,26720016000013,72,2023-06-13,43.0,,0,18.63,,,,1,2024-12-31
2672001600001320232023S1114500,26720016000013,72,2023-06-13,43.0,,0,18.63,,,,1,2024-12-31
2672001600001320232023S1277500,26720016000013,72,2023-07-05,48.0,,0,17.9,,,,1,2024-12-31
2672001600001320232023S1362900,26720016000013,72,2023-08-08,48.0,,0,16.79,,,,1,2024-12-31
2672001600001320232023S1633000,26720016000013,72,2023-08-16,48.0,,0,16.52,,,,1,2024-12-31
2672001600001320232023S1663200,26720016000013,72,2023-08-17,60.0,,0,16.49,,,,1,2024-12-31
2672001600001320232023S1726600,26720016000013,72,2023-09-01,48.0,,0,16.0,,,,1,2024-12-31
2672001600001320232023S1748600,26720016000013,72,2023-09-05,48.0,,0,15.87,,,,1,2024-12-31
2672001600001320232023S1909400,26720016000013,72,2023-10-04,48.0,,0,14.91,,,,1,2024-12-31
2672001600001320232023S1909500,26720016000013,72,2023-10-04,48.0,,0,14.91,,,,1,2024-12-31
2672001600001320232023S2589400,26720016000013,72,2023-12-19,12.0,,0,12.42,,,,1,2024-12-31
267200160000132521561,26720016000013,72,2024-07-12,48.0,,0,5.65,,,,1,2024-12-31
267200160000132648488,26720016000013,72,2024-10-18,48.0,,0,2.43,,,,1,2024-12-31
267200160000132648473,26720016000013,72,2024-10-18,48.0,,0,2.43,,,,1,2024-12-31
267200160000132648448,26720016000013,72,2024-10-18,48.0,,0,2.43,,,,1,2024-12-31
267200160000132648423,26720016000013,72,2024-10-18,48.0,,0,2.43,,,,1,2024-12-31
267200160000132648418,26720016000013,72,2024-10-18,48.0,,0,2.43,,,,1,2024-12-31
267200160000132648413,26720016000013,72,2024-10-18,48.0,,0,2.43,,,,1,2024-12-31
267200160000132648458,26720016000013,72,2024-10-21,48.0,,0,2.33,,,,1,2024-12-31
267200160000132648483,26720016000013,72,2024-10-30,48.0,,0,2.04,,,,1,2024-12-31
267200160000132648478,26720016000013,72,2024-10-31,48.0,,0,2.0,,,,1,2024-12-31
267200160000132648443,26720016000013,72,2024-12-03,48.0,,0,0.92,,,,1,2024-12-31
245300355000302024MF00100,24530035500030,48,2024-03-22,4.0,245300355000302024MF001,1,8.38,8.38,1.0,0.781,0,
245300355000302024MF001,24530035500030,48,2024-12-02,4.0,,0,0.95,,,,1,2024-12-31
245300355000302024MF001,24530035500030,48,2024-12-02,4.0,,0,0.95,,,,1,2024-12-31
3852903090045420182018S4112000,38529030900454,72,2018-11-28,8.0,,0,73.09,,,,1,2024-12-31
3852903090045420192019S0639900,38529030900454,72,2019-03-01,18.0,,0,70.04,,,,1,2024-12-31
3852903090045420192019S2047000,38529030900454,72,2019-03-13,72.0,,0,69.65,,,,1,2024-12-31
3852903090045420192019S0000500,38529030900454,72,2019-03-15,48.0,,0,69.58,,,,1,2024-12-31
3852903090045420192019S0000600,38529030900454,72,2019-03-15,48.0,,0,69.58,,,,1,2024-12-31
3852903090045420192019S0001000,38529030900454,72,2019-03-15,48.0,,0,69.58,,,,1,2024-12-31
3852903090045420192019S0000900,38529030900454,72,2019-03-15,48.0,,0,69.58,,,,1,2024-12-31
3852903090045420192019S0000800,38529030900454,72,2019-03-15,48.0,,0,69.58,,,,1,2024-12-31
3852903090045420192019S0000700,38529030900454,72,2019-03-18,48.0,,0,69.48,,,,1,2024-12-31
3852903090045420192019S0840600,38529030900454,72,2019-03-29,36.0,,0,69.12,,,,1,2024-12-31
3852903090045420191363300,38529030900454,72,2019-05-29,18.0,,0,67.12,,,,1,2024-12-31
3852903090045420192019S1760800,38529030900454,72,2019-06-14,24.0,,0,66.59,,,,1,2024-12-31
3852903090045420192019S2256400,38529030900454,72,2019-07-03,48.0,,0,65.97,,,,1,2024-12-31
3852903090045420191477600,38529030900454,72,2019-07-04,31.0,,0,65.93,,,,1,2024-12-31
3852903090045420192019S1899400,38529030900454,72,2019-08-21,48.0,,0,64.36,,,,1,2024-12-31
3852903090045420191472400,38529030900454,72,2019-08-30,48.0,,0,64.06,,,,1,2024-12-31
3852903090045420192019S1845100,38529030900454,72,2019-09-05,14.0,3852903090045420202020S1903400,1,13.53,13.53,1.0,0.977,0,
3852903090045420192019S1966200,38529030900454,72,2019-09-06,48.0,,0,63.83,,,,1,2024-12-31
3852903090045420192020S0038500,38529030900454,72,2019-09-11,48.0,,0,63.67,,,,1,2024-12-31
3852903090045420192019S2653200,38529030900454,72,2019-09-11,48.0,,0,63.67,,,,1,2024-12-31
3852903090045420192019S2940100,38529030900454,72,2019-09-19,48.0,,0,63.4,,,,1,2024-12-31
3852903090045420192019S1926300,38529030900454,72,2019-09-23,48.0,,0,63.27,,,,1,2024-12-31
3852903090045420192019S1907500,38529030900454,72,2019-09-23,48.0,,0,63.27,,,,1,2024-12-31
3852903090045420192019S2336800,38529030900454,72,2019-09-30,10.0,,0,63.04,,,,1,2024-12-31
3852903090045420192019S2433600,38529030900454,72,2019-10-01,48.0,,0,63.01,,,,1,2024-12-31
3852903090045420192019S1855900,38529030900454,72,2019-10-22,48.0,,0,62.32,,,,1,2024-12-31
3852903090045420192019S2680300,38529030900454,72,2019-11-15,12.0,3852903090045420202020S2352900,1,12.32,12.32,1.0,0.984,0,
3852903090045420192019S2440000,38529030900454,72,2019-12-04,40.0,,0,60.91,,,,1,2024-12-31
3852903090045420202021S0968800,38529030900454,72,2020-03-13,17.0,,0,57.62,,,,1,2024-12-31
3852903090045420202020S2403300,38529030900454,72,2020-03-25,17.0,,0,57.23,,,,1,2024-12-31
3852903090045420202020S0191100,38529030900454,72,2020-04-01,36.0,,0,57.0,,,,1,2024-12-31
3852903090045420202020S1613300,38529030900454,72,2020-04-06,15.0,3852903090045420211744700,1,17.38,17.38,0.438,0.487,0,
3852903090045420202020S1439200,38529030900454,72,2020-04-22,14.0,,0,56.31,,,,1,2024-12-31
3852903090045420202020S0660100,38529030900454,72,2020-05-11,36.0,,0,55.68,,,,1,2024-12-31
3852903090045420202020S1918200,38529030900454,72,2020-05-12,7.0,,0,55.65,,,,1,2024-12-31
3852903090045420202020S0727800,38529030900454,72,2020-05-26,60.0,,0,55.19,,,,1,2024-12-31
3852903090045420202020S2353500,38529030900454,72,2020-06-30,12.0,,0,54.04,,,,1,2024-12-31
3852903090045420202020S1603800,38529030900454,72,2020-08-07,13.0,,0,52.79,,,,1,2024-12-31
3852903090045420202021S0098300,38529030900454,72,2020-08-19,10.0,,0,52.4,,,,1,2024-12-31
3852903090045420202020S1943000,38529030900454,72,2020-08-27,40.0,,0,52.14,,,,1,2024-12-31
3852903090045420202020S1903400,38529030900454,72,2020-10-21,14.0,3852903090045420212021S1728200,1,8.94,8.94,0.636,0.492,0,
3852903090045420202020S1910900,38529030900454,72,2020-11-09,16.0,,0,49.7,,,,1,2024-12-31
3852903090045420202020S2370500,38529030900454,72,2020-11-20,36.0,,0,49.34,,,,1,2024-12-31
3852903090045420202020S2370400,38529030900454,72,2020-11-24,36.0,,0,49.21,,,,1,2024-12-31
3852903090045420202020S2352900,38529030900454,72,2020-11-24,18.0,,0,49.21,,,,1,2024-12-31
3852903090045420212021S0251400,38529030900454,72,2021-03-08,48.0,,0,45.8,,,,1,2024-12-31
3852903090045420212021S0251300,38529030900454,72,2021-03-08,48.0,,0,45.8,,,,1,2024-12-31
3852903090045420212021S1513800,38529030900454,72,2021-03-16,12.0,,0,45.53,,,,1,2024-12-31
3852903090045420212021S0532900,38529030900454,72,2021-04-08,12.0,,0,44.78,,,,1,2024-12-31
3852903090045420212021S0580100,38529030900454,72,2021-04-09,72.0,,0,44.74,,,,1,2024-12-31
3852903090045420212021S0848400,38529030900454,72,2021-04-12,48.0,,0,44.65,,,,1,2024-12-31
3852903090045420212021S1728200,38529030900454,72,2021-07-20,40.0,385290309004542578611,1,38.9,38.9,0.429,0.545,0,
3852903090045420212021S2906600,38529030900454,72,2021-09-07,24.0,,0,39.78,,,,1,2024-12-31
3852903090045420211744700,38529030900454,72,2021-09-17,42.0,,0,39.45,,,,1,2024-12-31
3852903090045420212021S2906700,38529030900454,72,2021-10-11,24.0,,0,38.67,,,,1,2024-12-31
3852903090045420212021S2373100,38529030900454,72,2021-11-12,14.0,,0,37.61,,,,1,2024-12-31
3852903090045420212021S2373400,38529030900454,72,2021-12-02,8.0,,0,36.96,,,,1,2024-12-31
3852903090045420212021S2758400,38529030900454,72,2021-12-06,12.0,,0,36.83,,,,1,2024-12-31
3852903090045420212021S2909200,38529030900454,72,2021-12-07,99.0,,0,36.79,,,,1,2024-12-31
3852903090045420212021S2909100,38529030900454,72,2021-12-07,99.0,,0,36.79,,,,1,2024-12-31
3852903090045420212021S2758600,38529030900454,72,2021-12-09,20.0,,0,36.73,,,,1,2024-12-31
3852903090045420212021S2643800,38529030900454,72,2021-12-17,48.0,,0,36.47,,,,1,2024-12-31
3852903090045420222022S1020500,38529030900454,72,2022-03-18,12.0,,0,33.48,,,,1,2024-12-31
3852903090045420222022S2392900,38529030900454,72,2022-03-21,48.0,,0,33.38,,,,1,2024-12-31
3852903090045420222022S0739300,38529030900454,72,2022-04-29,48.0,,0,32.1,,,,1,2024-12-31
3852903090045420222022S1592800,38529030900454,72,2022-07-29,60.0,,0,29.11,,,,1,2024-12-31
3852903090045420222022S1592600,38529030900454,72,2022-08-12,60.0,,0,28.65,,,,1,2024-12-31
3852903090045420222022S2427300,38529030900454,72,2022-11-28,15.0,,0,25.1,,,,1,2024-12-31
3852903090045420222022S2428100,38529030900454,72,2022-12-02,28.0,,0,24.97,,,,1,2024-12-31
3852903090045420222022S2541100,38529030900454,72,2022-12-22,60.0,,0,24.31,,,,1,2024-12-31
3852903090045420222022S2541000,38529030900454,72,2022-12-23,60.0,,0,24.28,,,,1,2024-12-31
3852903090045420232023S0147000,38529030900454,72,2023-01-26,48.0,,0,23.16,,,,1,2024-12-31
3852903090045420232022S2476400,38529030900454,72,2023-02-08,48.0,,0,22.73,,,,1,2024-12-31
3852903090045420232022S2476300,38529030900454,72,2023-02-08,48.0,,0,22.73,,,,1,2024-12-31
3852903090045420232022S2476200,38529030900454,72,2023-02-08,48.0,,0,22.73,,,,1,2024-12-31
3852903090045420232023S0536200,38529030900454,72,2023-02-27,48.0,,0,22.11,,,,1,2024-12-31
3852903090045420232023S0536100,38529030900454,72,2023-02-27,48.0,,0,22.11,,,,1,2024-12-31
3852903090045420232023S0536000,38529030900454,72,2023-02-27,48.0,,0,22.11,,,,1,2024-12-31
3852903090045420232023S0535900,38529030900454,72,2023-02-27,48.0,,0,22.11,,,,1,2024-12-31
3852903090045420232023S0536300,38529030900454,72,2023-03-02,48.0,,0,22.01,,,,1,2024-12-31
3852903090045420232022S2540900,38529030900454,72,2023-03-06,48.0,,0,21.88,,,,1,2024-12-31
3852903090045420232022S2540800,38529030900454,72,2023-03-06,48.0,,0,21.88,,,,1,2024-12-31
3852903090045420232022S2540600,38529030900454,72,2023-03-09,48.0,,0,21.78,,,,1,2024-12-31
3852903090045420232023S0537100,38529030900454,72,2023-03-17,36.0,,0,21.52,,,,1,2024-12-31
3852903090045420232022S2540700,38529030900454,72,2023-03-21,48.0,,0,21.39,,,,1,2024-12-31
3852903090045420232022S2540500,38529030900454,72,2023-03-23,48.0,,0,21.32,,,,1,2024-12-31
3852903090045420232023S1057600,38529030900454,72,2023-06-05,48.0,,0,18.89,,,,1,2024-12-31
3852903090045420232023S1761800,38529030900454,72,2023-06-14,48.0,,0,18.59,,,,1,2024-12-31
3852903090045420232023S2134000,38529030900454,72,2023-09-25,48.0,,0,15.21,,,,1,2024-12-31
3852903090045420232023S2133800,38529030900454,72,2023-09-25,48.0,,0,15.21,,,,1,2024-12-31
385290309004542536569,38529030900454,72,2024-07-30,48.0,,0,5.06,,,,1,2024-12-31
385290309004542536561,38529030900454,72,2024-07-31,48.0,,0,5.03,,,,1,2024-12-31
385290309004542536573,38529030900454,72,2024-07-31,48.0,,0,5.03,,,,1,2024-12-31
385290309004542653568,38529030900454,72,2024-10-02,14.0,,0,2.96,,,,1,2024-12-31
385290309004542578611,38529030900454,72,2024-10-16,48.0,,0,2.5,,,,1,2024-12-31
385290309004542600239,38529030900454,72,2024-11-08,48.0,,0,1.74,,,,1,2024-12-31
385290309004542600249,38529030900454,72,2024-11-08,48.0,,0,1.74,,,,1,2024-12-31
385290309004542600254,38529030900454,72,2024-11-08,48.0,,0,1.74,,,,1,2024-12-31
385290309004542617124,38529030900454,72,2024-11-08,48.0,,0,1.74,,,,1,2024-12-31
385290309004542617134,38529030900454,72,2024-11-08,48.0,,0,1.74,,,,1,2024-12-31
385290309004542619784,38529030900454,72,2024-11-08,48.0,,0,1.74,,,,1,2024-12-31
385290309004542619744,38529030900454,72,2024-11-08,48.0,,0,1.74,,,,1,2024-12-31
385290309004542619754,38529030900454,72,2024-11-08,48.0,,0,1.74,,,,1,2024-12-31
385290309004542619759,38529030900454,72,2024-11-08,48.0,,0,1.74,,,,1,2024-12-31
385290309004542619774,38529030900454,72,2024-11-08,48.0,,0,1.74,,,,1,2024-12-31
385290309004542619789,38529030900454,72,2024-11-08,48.0,,0,1.74,,,,1,2024-12-31
385290309004542617139,38529030900454,72,2024-11-08,48.0,,0,1.74,,,,1,2024-12-31
385290309004542607669,38529030900454,72,2024-12-02,39.0,,0,0.95,,,,1,2024-12-31
288500010000132019MSP190400,28850001000013,32,2019-10-16,3.0,,0,62.52,,,,1,2024-12-31
288500010000132020AO200500,28850001000013,32,2021-04-12,12.0,,0,44.65,,,,1,2024-12-31
288500010000132022MA220900,28850001000013,32,2022-05-09,12.0,,0,31.77,,,,1,2024-12-31
288500010000132024-AO240803-00,28850001000013,32,2024-11-28,12.0,,0,1.08,,,,1,2024-12-31
288500010000132024-AO240801-00,28850001000013,32,2024-11-29,12.0,,0,1.05,,,,1,2024-12-31
24440045300035202289404400,24440045300035,48,2022-08-23,60.0,,0,28.29,,,,1,2024-12-31
24440045300035202398542900,24440045300035,48,2023-12-18,24.0,,0,12.45,,,,1,2024-12-31
2444004530003524-1059995,24440045300035,48,2024-11-28,30.0,,0,1.08,,,,1,2024-12-31
244400404001292021T00030,24440040400129,32,2021-03-10,18.0,,0,45.73,,,,1,2024-12-31
244400404001292021F00124,24440040400129,32,2021-06-24,48.0,,0,42.25,,,,1,2024-12-31
244400404001292021S00230,24440040400129,32,2021-11-03,48.0,,0,37.91,,,,1,2024-12-31
244400404001292022F00001,24440040400129,32,2022-01-10,48.0,,0,35.68,,,,1,2024-12-31
244400404001292022F00034,24440040400129,32,2022-09-27,6.0,,0,27.14,,,,1,2024-12-31
244400404001292024F00008,24440040400129,32,2024-02-05,1.0,,0,10.84,,,,1,2024-12-31
244400404001292024F00017,24440040400129,32,2024-11-27,24.0,,0,1.12,,,,1,2024-12-31
217200542000172025INV2409L01,21720054200017,35,2024-11-25,10.0,,0,1.18,,,,1,2024-12-31
2649000360001520192019S1609600,26490003600015,72,2019-07-30,48.0,,0,65.08,,,,1,2024-12-31
2649000360001520192019F1829700,26490003600015,72,2019-09-12,48.0,,0,63.63,,,,1,2024-12-31
2649000360001520192019F2307900,26490003600015,72,2019-09-30,48.0,,0,63.04,,,,1,2024-12-31
2649000360001520192019S2250100,26490003600015,72,2019-11-06,48.0,,0,61.83,,,,1,2024-12-31
2649000360001520192019S2258600,26490003600015,72,2019-11-07,48.0,,0,61.79,,,,1,2024-12-31
2649000360001520192019S2143200,26490003600015,72,2019-11-22,48.0,,0,61.3,,,,1,2024-12-31
2649000360001520192019S2413300,26490003600015,72,2019-12-03,48.0,,0,60.94,,,,1,2024-12-31
2649000360001520212021S2426500,26490003600015,72,2021-12-17,48.0,,0,36.47,,,,1,2024-12-31
2649000360001520222022S1040300,26490003600015,72,2022-06-16,12.0,,0,30.52,,,,1,2024-12-31
2649000360001520232023S0049800,26490003600015,72,2023-01-10,48.0,,0,23.69,,,,1,2024-12-31
264900036000152567766,26490003600015,72,2024-09-17,48.0,,0,3.45,,,,1,2024-12-31
264900036000152573571,26490003600015,72,2024-10-10,48.0,,0,2.69,,,,1,2024-12-31
264900036000152599724,26490003600015,72,2024-11-22,48.0,,0,1.28,,,,1,2024-12-31
214401432000152019190240100,21440143200015,72,2019-05-09,44.0,,0,67.77,,,,1,2024-12-31
214401432000152022210740100,21440143200015,72,2022-01-28,12.0,,0,35.09,,,,1,2024-12-31
214401432000152022210700000,21440143200015,72,2022-02-07,12.0,,0,34.76,,,,1,2024-12-31
214401432000152022220620100,21440143200015,72,2022-12-16,4.0,,0,24.51,,,,1,2024-12-31
214401432000152400101,21440143200015,72,2024-01-04,36.0,,0,11.89,,,,1,2024-12-31
21440143200015240010100,21440143200015,72,2024-01-04,36.0,,0,11.89,,,,1,2024-12-31
21440143200015240010100,21440143200015,72,2024-01-04,36.0,,0,11.89,,,,1,2024-12-31
2144014320001524045,21440143200015,72,2024-09-13,60.0,,0,3.58,,,,1,2024-12-31
214401432000152404501,21440143200015,72,2024-09-13,60.0,,0,3.58,,,,1,2024-12-31
21440143200015202424050,21440143200015,72,2024-11-21,12.0,,0,1.31,,,,1,2024-12-31
2144014320001520242405001,21440143200015,72,2024-11-21,12.0,,0,1.31,,,,1,2024-12-31
24530044700084202323_023CC00,24530044700084,35,2023-03-02,11.0,,0,22.01,,,,1,2024-12-31
24530044700084202323_023CC01,24530044700084,35,2023-03-02,11.0,,0,22.01,,,,1,2024-12-31
24530044700084202323_023CC03,24530044700084,35,2023-06-05,11.0,,0,18.89,,,,1,2024-12-31
24530044700084202323_023CC04,24530044700084,35,2023-06-05,11.0,,0,18.89,,,,1,2024-12-31
24530044700084202323_023CC,24530044700084,35,2024-11-20,11.0,,0,1.35,,,,1,2024-12-31
174400002000542018180005211000,17440000200054,72,2018-11-14,24.0,,0,73.55,,,,1,2024-12-31
174400002000542021180006508000,17440000200054,72,2021-07-01,29.0,,0,42.02,,,,1,2024-12-31
174400002000542022130017395800,17440000200054,72,2022-02-22,48.0,,0,34.26,,,,1,2024-12-31
174400002000542022130017395900,17440000200054,72,2022-02-22,48.0,,0,34.26,,,,1,2024-12-31
174400002000542022130017396800,17440000200054,72,2022-02-22,48.0,,0,34.26,,,,1,2024-12-31
174400002000542022130017396900,17440000200054,72,2022-02-22,48.0,,0,34.26,,,,1,2024-12-31
174400002000542022130017399200,17440000200054,72,2022-02-22,48.0,,0,34.26,,,,1,2024-12-31
174400002000542578123,17440000200054,72,2024-11-18,48.0,,0,1.41,,,,1,2024-12-31
174400002000542578123,17440000200054,72,2024-11-18,48.0,,0,1.41,,,,1,2024-12-31
174400002000542578127,17440000200054,72,2024-11-18,48.0,,0,1.41,,,,1,2024-12-31
20007190000308202125-CU0000005,20007190000308,32,2021-12-21,5.0,,0,36.33,,,,1,2024-12-31
200071900003082023SI0000000041,20007190000308,32,2023-06-21,3.0,,0,18.36,,,,1,2024-12-31
200071900003082024037CLS000000,20007190000308,32,2024-11-15,7.0,,0,1.51,,,,1,2024-12-31
21440026900012201919S001500,21440026900012,35,2019-06-24,3.0,,0,66.26,,,,1,2024-12-31
21440026900012202020S00240100,21440026900012,35,2020-12-21,12.0,,0,48.32,,,,1,2024-12-31
21440026900012202221S004700,21440026900012,35,2022-03-23,12.0,,0,33.31,,,,1,2024-12-31
21440026900012202391015200,21440026900012,35,2022-12-26,12.0,,0,24.18,,,,1,2024-12-31
214400269000122024_24_01,21440026900012,35,2024-11-15,12.0,,0,1.51,,,,1,2024-12-31
21440182000011202313,21440182000011,32,2023-12-13,48.0,,0,12.61,,,,1,2024-12-31
21440182000011202409,21440182000011,32,2024-11-15,48.0,,0,1.51,,,,1,2024-12-31
214401846000162018S007900,21440184600016,72,2018-11-29,48.0,,0,73.06,,,,1,2024-12-31
214401846000162018S0110101,21440184600016,72,2019-04-30,49.0,,0,68.07,,,,1,2024-12-31
214401846000162018S0110100,21440184600016,72,2019-04-30,49.0,,0,68.07,,,,1,2024-12-31
21440184600016201906111353A00,21440184600016,72,2019-07-29,37.0,,0,65.11,,,,1,2024-12-31
2144018460001620191129202400,21440184600016,72,2020-02-27,12.0,,0,58.11,,,,1,2024-12-31
214401846000162020041610MV00,21440184600016,72,2020-09-30,49.0,,0,51.02,,,,1,2024-12-31
214401846000162020090411MV02,21440184600016,72,2021-01-04,48.0,21440184600016202404050902,1,42.18,42.18,0.3,0.219,0,
214401846000162020090411MV01,21440184600016,72,2021-01-04,48.0,21440184600016202404050902,1,42.18,42.18,0.3,0.219,0,
214401846000162020090411MV00,21440184600016,72,2021-01-04,48.0,21440184600016202404050902,1,42.18,42.18,0.3,0.219,0,
2144018460001620201231110001,21440184600016,72,2021-01-27,48.0,,0,47.11,,,,1,2024-12-31
2144018460001620201231110000,21440184600016,72,2021-01-27,48.0,,0,47.11,,,,1,2024-12-31
2144018460001620201221110000,21440184600016,72,2021-02-05,48.0,,0,46.81,,,,1,2024-12-31
214401846000162021040109MV00,21440184600016,72,2021-08-24,48.0,,0,40.24,,,,1,2024-12-31
214401846000162021031715MV00,21440184600016,72,2021-09-16,48.0,,0,39.49,,,,1,2024-12-31
21440184600016202107131100X00,21440184600016,72,2021-09-17,28.0,,0,39.45,,,,1,2024-12-31
21440184600016202107131100X01,21440184600016,72,2021-09-17,28.0,,0,39.45,,,,1,2024-12-31
2144018460001620211018144500,21440184600016,72,2021-12-10,48.0,,0,36.7,,,,1,2024-12-31
214401846000162020100915MV00,21440184600016,72,2021-12-21,60.0,,0,36.33,,,,1,2024-12-31
2144018460001620211026153400,21440184600016,72,2022-03-01,48.0,,0,34.03,,,,1,2024-12-31
2144018460001620220119081901,21440184600016,72,2022-05-03,48.0,,0,31.96,,,,1,2024-12-31
2144018460001620220119081900,21440184600016,72,2022-05-03,48.0,,0,31.96,,,,1,2024-12-31
2144018460001620220608135900,21440184600016,72,2022-09-06,48.0,,0,27.83,,,,1,2024-12-31
2144018460001620220809172300,21440184600016,72,2022-10-19,48.0,,0,26.41,,,,1,2024-12-31
21440184600016202209090812MV01,21440184600016,72,2022-12-23,48.0,,0,24.28,,,,1,2024-12-31
21440184600016202209090812MV00,21440184600016,72,2022-12-23,48.0,,0,24.28,,,,1,2024-12-31
2144018460001620221114172601,21440184600016,72,2023-01-02,36.0,,0,23.95,,,,1,2024-12-31
2144018460001620221114172600,21440184600016,72,2023-01-02,36.0,,0,23.95,,,,1,2024-12-31
2144018460001620220809172301,21440184600016,72,2023-03-14,48.0,,0,21.62,,,,1,2024-12-31
214401846000162022112511MC00,21440184600016,72,2023-03-22,49.0,,0,21.35,,,,1,2024-12-31
214401846000162022112511MC,21440184600016,72,2023-03-22,49.0,,0,21.35,,,,1,2024-12-31
214401846000162022112511MC,21440184600016,72,2023-03-22,49.0,,0,21.35,,,,1,2024-12-31
2144018460001620230127111700,21440184600016,72,2023-05-09,48.0,,0,19.78,,,,1,2024-12-31
214401846000162020090411MV03,21440184600016,72,2023-05-19,48.0,,0,19.45,,,,1,2024-12-31
2144018460001620230123095401,21440184600016,72,2023-06-13,48.0,,0,18.63,,,,1,2024-12-31
2144018460001620230123095400,21440184600016,72,2023-06-13,48.0,,0,18.63,,,,1,2024-12-31
21440184600016202211291125MV00,21440184600016,72,2023-06-14,48.0,,0,18.59,,,,1,2024-12-31
2144018460001620230502111500,21440184600016,72,2023-06-21,48.0,,0,18.36,,,,1,2024-12-31
214401846000162023020814MV00,21440184600016,72,2023-06-26,48.0,,0,18.2,,,,1,2024-12-31
214401846000162023031314MV00,21440184600016,72,2023-07-28,48.0,,0,17.15,,,,1,2024-12-31
214401846000162023031314MV00,21440184600016,72,2023-07-28,48.0,,0,17.15,,,,1,2024-12-31
21440184600016202309121012,21440184600016,72,2024-01-08,24.0,,0,11.76,,,,1,2024-12-31
21440184600016202309121012,21440184600016,72,2024-01-08,24.0,,0,11.76,,,,1,2024-12-31
21440184600016202201190819,21440184600016,72,2024-01-25,48.0,,0,11.2,,,,1,2024-12-31
214401846000162020041610MV,21440184600016,72,2024-01-29,49.0,,0,11.07,,,,1,2024-12-31
214401846000162018S0110102,21440184600016,72,2024-02-26,49.0,,0,10.15,,,,1,2024-12-31
214401846000162018S0110103,21440184600016,72,2024-02-27,49.0,,0,10.12,,,,1,2024-12-31
214401846000162018S01101,21440184600016,72,2024-02-27,49.0,,0,10.12,,,,1,2024-12-31
21440184600016202311161651,21440184600016,72,2024-03-22,24.0,,0,9.33,,,,1,2024-12-31
21440184600016202311161651,21440184600016,72,2024-03-22,24.0,,0,9.33,,,,1,2024-12-31
21440184600016202404050902,21440184600016,72,2024-07-11,48.0,,0,5.68,,,,1,2024-12-31
214401846000162023031314MV,21440184600016,72,2024-10-14,48.0,,0,2.56,,,,1,2024-12-31
214401846000162023031314MV,21440184600016,72,2024-10-14,48.0,,0,2.56,,,,1,2024-12-31
21440184600016202408081553,21440184600016,72,2024-11-14,48.0,,0,1.54,,,,1,2024-12-31
751245408000162024l1Uob66hZh00,75124540800016,35,2024-11-14,6.0,,0,1.54,,,,1,2024-12-31
28720026500018201920191200,28720026500018,72,2019-04-25,48.0,,0,68.23,,,,1,2024-12-31
2872002650001820190800,28720026500018,72,2019-05-25,24.0,,0,67.25,,,,1,2024-12-31
2872002650001820194200,28720026500018,72,2019-12-23,48.0,,0,60.28,,,,1,2024-12-31
2872002650001820200400,28720026500018,72,2020-05-05,48.0,,0,55.88,,,,1,2024-12-31
2872002650001820201600,28720026500018,72,2020-06-12,60.0,,0,54.63,,,,1,2024-12-31
2872002650001820200100,28720026500018,72,2020-07-06,48.0,,0,53.84,,,,1,2024-12-31
28720026500018202231MS00,28720026500018,72,2022-08-18,24.0,,0,28.45,,,,1,2024-12-31
28720026500018202432,28720026500018,72,2023-09-29,48.0,,0,15.08,,,,1,2024-12-31
28720026500018202423,28720026500018,72,2024-08-27,24.0,,0,4.14,,,,1,2024-12-31
28720026500018202420243101,28720026500018,72,2024-11-13,1.0,,0,1.58,,,,1,2024-12-31
21440020200013202121890000,21440020200013,35,2021-11-22,32.0,214400202000132021-218900-00,1,33.11,33.11,1.0,0.944,0,
214400202000132021-218900-00,21440020200013,35,2024-08-26,32.0,,0,4.17,,,,1,2024-12-31
214400202000132024-248403-00,21440020200013,35,2024-11-08,36.0,,0,1.74,,,,1,2024-12-31
214400202000132024-248405-00,21440020200013,35,2024-11-08,36.0,,0,1.74,,,,1,2024-12-31
2272000290001420191835600,22720002900014,72,2018-12-04,37.0,2272000290001420212129300,1,36.53,36.53,0.333,0.51,0,
227200029000142019C1809400,22720002900014,72,2018-12-19,6.0,,0,72.4,,,,1,2024-12-31
2272000290001420191904200,22720002900014,72,2019-02-07,12.0,,0,70.76,,,,1,2024-12-31
2272000290001420191906000,22720002900014,72,2019-03-05,10.0,2272000290001420191906002,1,15.28,15.28,1.0,0.736,0,
2272000290001420191910900,22720002900014,72,2019-05-09,9.0,,0,67.77,,,,1,2024-12-31
2272000290001420191910901,22720002900014,72,2019-05-09,9.0,,0,67.77,,,,1,2024-12-31
2272000290001420191911900,22720002900014,72,2019-06-04,13.0,,0,66.92,,,,1,2024-12-31
2272000290001420191904201,22720002900014,72,2019-06-13,12.0,,0,66.62,,,,1,2024-12-31
2272000290001420191913200,22720002900014,72,2019-06-19,7.0,,0,66.43,,,,1,2024-12-31
2272000290001420191913700,22720002900014,72,2019-06-21,43.0,2272000290001420222216900,1,41.39,41.39,0.4,0.5,0,
2272000290001420191917000,22720002900014,72,2019-08-26,36.0,,0,64.19,,,,1,2024-12-31
2272000290001420191935700,22720002900014,72,2019-10-25,48.0,,0,62.22,,,,1,2024-12-31
2272000290001420191937100,22720002900014,72,2019-11-18,48.0,2272000290001420232317700,1,48.42,48.42,0.5,0.629,0,
2272000290001420191937900,22720002900014,72,2019-11-28,48.0,,0,61.1,,,,1,2024-12-31
22720002900014202020002000,22720002900014,72,2020-01-28,48.0,2272000290001420232317700,1,46.09,46.09,0.5,0.555,0,
2272000290001420202002600,22720002900014,72,2020-02-13,36.0,,0,58.57,,,,1,2024-12-31
2272000290001420202005502,22720002900014,72,2020-02-19,47.0,,0,58.38,,,,1,2024-12-31
2272000290001420191915004,22720002900014,72,2020-04-07,48.0,,0,56.8,,,,1,2024-12-31
2272000290001420191906002,22720002900014,72,2020-06-12,22.0,,0,54.63,,,,1,2024-12-31
2272000290001420202015200,22720002900014,72,2020-07-20,18.0,2272000290001420202015201,1,14.59,14.59,1.0,0.829,0,
2272000290001420202015200,22720002900014,72,2020-07-20,18.0,2272000290001420202015201,1,14.59,14.59,1.0,0.829,0,
2272000290001420202015200,22720002900014,72,2020-07-20,18.0,2272000290001420202015201,1,14.59,14.59,1.0,0.829,0,
2272000290001420202014400,22720002900014,72,2020-07-20,42.0,2272000290001420232317700,1,40.37,40.37,0.4,0.499,0,
2272000290001420202015600,22720002900014,72,2020-07-22,48.0,22720002900014202424166,1,50.3,50.3,0.5,0.535,0,
2272000290001420202002700,22720002900014,72,2020-07-22,42.0,,0,53.32,,,,1,2024-12-31
2272000290001420202014401,22720002900014,72,2020-07-29,42.0,2272000290001420232317700,1,40.08,40.08,0.4,0.484,0,
2272000290001420202017600,22720002900014,72,2020-09-10,48.0,22720002900014202424166,1,48.65,48.65,0.4,0.547,0,
2272000290001420202034800,22720002900014,72,2020-10-14,48.0,,0,50.56,,,,1,2024-12-31
2272000290001420191915005,22720002900014,72,2020-11-26,48.0,,0,49.15,,,,1,2024-12-31
2272000290001420191915006,22720002900014,72,2020-11-26,48.0,,0,49.15,,,,1,2024-12-31
2272000290001420202043900,22720002900014,72,2020-12-08,48.0,,0,48.75,,,,1,2024-12-31
227200029000142020C2009700,22720002900014,72,2020-12-22,12.0,,0,48.29,,,,1,2024-12-31
2272000290001420202002001,22720002900014,72,2021-02-06,48.0,22720002900014202424166,1,43.76,43.76,0.5,0.438,0,
2272000290001420202005503,22720002900014,72,2021-05-03,47.0,,0,43.96,,,,1,2024-12-31
2272000290001420202005503,22720002900014,72,2021-05-03,47.0,,0,43.96,,,,1,2024-12-31
2272000290001420212111400,22720002900014,72,2021-05-21,48.0,,0,43.36,,,,1,2024-12-31
2272000290001420202002002,22720002900014,72,2021-05-25,48.0,,0,43.23,,,,1,2024-12-31
2272000290001420212111500,22720002900014,72,2021-05-31,11.0,,0,43.04,,,,1,2024-12-31
2272000290001420212111900,22720002900014,72,2021-05-31,48.0,,0,43.04,,,,1,2024-12-31
2272000290001420212118800,22720002900014,72,2021-06-24,48.0,,0,42.25,,,,1,2024-12-31
2272000290001420212120800,22720002900014,72,2021-06-29,48.0,,0,42.08,,,,1,2024-12-31
2272000290001420212119800,22720002900014,72,2021-06-29,48.0,,0,42.08,,,,1,2024-12-31
2272000290001420191915007,22720002900014,72,2021-06-29,48.0,,0,42.08,,,,1,2024-12-31
2272000290001420191915008,22720002900014,72,2021-09-13,48.0,,0,39.59,,,,1,2024-12-31
2272000290001420202015201,22720002900014,72,2021-10-07,18.0,,0,38.8,,,,1,2024-12-31
2272000290001420202015201,22720002900014,72,2021-10-07,18.0,,0,38.8,,,,1,2024-12-31
2272000290001420202015201,22720002900014,72,2021-10-07,18.0,,0,38.8,,,,1,2024-12-31
2272000290001420191915009,22720002900014,72,2021-10-19,48.0,,0,38.4,,,,1,2024-12-31
2272000290001420212126000,22720002900014,72,2021-11-05,48.0,,0,37.84,,,,1,2024-12-31
2272000290001420212125800,22720002900014,72,2021-11-05,48.0,,0,37.84,,,,1,2024-12-31
2272000290001420212128500,22720002900014,72,2021-12-13,48.0,,0,36.6,,,,1,2024-12-31
2272000290001420212129300,22720002900014,72,2021-12-20,48.0,,0,36.37,,,,1,2024-12-31
227200029000142021C2200100,22720002900014,72,2022-01-14,48.0,,0,35.55,,,,1,2024-12-31
2272000290001420222201000,22720002900014,72,2022-01-21,48.0,,0,35.32,,,,1,2024-12-31
2272000290001420222201900,22720002900014,72,2022-01-27,48.0,,0,35.12,,,,1,2024-12-31
2272000290001420222202400,22720002900014,72,2022-02-02,47.0,,0,34.92,,,,1,2024-12-31
2272000290001420202015602,22720002900014,72,2022-02-02,48.0,,0,34.92,,,,1,2024-12-31
2272000290001420222204100,22720002900014,72,2022-03-29,16.0,,0,33.11,,,,1,2024-12-31
2272000290001420222204100,22720002900014,72,2022-03-29,16.0,,0,33.11,,,,1,2024-12-31
2272000290001420222204100,22720002900014,72,2022-03-29,16.0,,0,33.11,,,,1,2024-12-31
2272000290001420212118801,22720002900014,72,2022-04-08,48.0,,0,32.79,,,,1,2024-12-31
2272000290001420212129301,22720002900014,72,2022-04-19,48.0,,0,32.42,,,,1,2024-12-31
2272000290001420191937103,22720002900014,72,2022-04-20,48.0,,0,32.39,,,,1,2024-12-31
2272000290001420191937101,22720002900014,72,2022-04-20,48.0,,0,32.39,,,,1,2024-12-31
2272000290001420191937104,22720002900014,72,2022-05-24,48.0,,0,31.27,,,,1,2024-12-31
2272000290001420222201904,22720002900014,72,2022-06-14,48.0,,0,30.58,,,,1,2024-12-31
2272000290001420222201903,22720002900014,72,2022-06-14,48.0,,0,30.58,,,,1,2024-12-31
2272000290001420222201903,22720002900014,72,2022-06-14,48.0,,0,30.58,,,,1,2024-12-31
2272000290001420222201901,22720002900014,72,2022-06-14,48.0,,0,30.58,,,,1,2024-12-31
2272000290001420222201901,22720002900014,72,2022-06-14,48.0,,0,30.58,,,,1,2024-12-31
2272000290001420222201904,22720002900014,72,2022-06-14,48.0,,0,30.58,,,,1,2024-12-31
2272000290001420191915010,22720002900014,72,2022-07-12,48.0,,0,29.66,,,,1,2024-12-31
2272000290001420222213900,22720002900014,72,2022-10-03,50.0,,0,26.94,,,,1,2024-12-31
2272000290001420222215100,22720002900014,72,2022-10-20,9.0,2272000290001420222215101,1,8.31,8.31,1.0,0.966,0,
2272000290001420222216100,22720002900014,72,2022-11-15,48.0,,0,25.53,,,,1,2024-12-31
227200029000142022C2209300,22720002900014,72,2022-11-17,31.0,,0,25.46,,,,1,2024-12-31
2272000290001420222217000,22720002900014,72,2022-12-01,48.0,,0,25.0,,,,1,2024-12-31
2272000290001420222216900,22720002900014,72,2022-12-02,48.0,,0,24.97,,,,1,2024-12-31
2272000290001420191915012,22720002900014,72,2022-12-05,48.0,,0,24.87,,,,1,2024-12-31
2272000290001420222200402,22720002900014,72,2022-12-12,24.0,,0,24.64,,,,1,2024-12-31
2272000290001420222200404,22720002900014,72,2023-01-13,24.0,,0,23.59,,,,1,2024-12-31
2272000290001420222200403,22720002900014,72,2023-01-13,24.0,,0,23.59,,,,1,2024-12-31
2272000290001420232301000,22720002900014,72,2023-01-30,48.0,,0,23.03,,,,1,2024-12-31
227200029000142023C2301300,22720002900014,72,2023-03-20,48.0,,0,21.42,,,,1,2024-12-31
2272000290001420232306000,22720002900014,72,2023-03-30,36.0,,0,21.09,,,,1,2024-12-31
2272000290001420232307400,22720002900014,72,2023-04-27,33.0,,0,20.17,,,,1,2024-12-31
2272000290001420222215101,22720002900014,72,2023-06-30,15.0,,0,18.07,,,,1,2024-12-31
2272000290001420232311000,22720002900014,72,2023-07-25,39.0,,0,17.25,,,,1,2024-12-31
2272000290001420191915013,22720002900014,72,2023-10-05,48.0,,0,14.88,,,,1,2024-12-31
2272000290001420232315000,22720002900014,72,2023-10-18,9.0,,0,14.45,,,,1,2024-12-31
2272000290001420232317700,22720002900014,72,2023-12-01,61.0,,0,13.01,,,,1,2024-12-31
2272000290001420202015606,22720002900014,72,2024-01-02,48.0,,0,11.96,,,,1,2024-12-31
22720002900014202020156,22720002900014,72,2024-01-02,48.0,,0,11.96,,,,1,2024-12-31
22720002900014202424078,22720002900014,72,2024-04-25,48.0,,0,8.21,,,,1,2024-12-31
22720002900014202121188,22720002900014,72,2024-06-09,48.0,,0,6.73,,,,1,2024-12-31
22720002900014202424118,22720002900014,72,2024-07-01,48.0,,0,6.01,,,,1,2024-12-31
227200029000142024C24028,22720002900014,72,2024-07-02,48.0,,0,5.98,,,,1,2024-12-31
22720002900014202424172,22720002900014,72,2024-09-30,48.0,,0,3.02,,,,1,2024-12-31
22720002900014202424166,22720002900014,72,2024-09-30,48.0,,0,3.02,,,,1,2024-12-31
227200029000142024C24023,22720002900014,72,2024-11-08,49.0,,0,1.74,,,,1,2024-12-31
2753000100001220222KFFHdGaHI00,27530001000012,72,2022-01-04,6.0,,0,35.87,,,,1,2024-12-31
275300010000122022wvKjG13kGz00,27530001000012,72,2022-01-04,6.0,,0,35.87,,,,1,2024-12-31
275300010000122024DBA2SyqcXM00,27530001000012,72,2024-11-08,84.0,,0,1.74,,,,1,2024-12-31
44212836900018242,44212836900018,48,2024-11-06,5.0,,0,1.81,,,,1,2024-12-31
4421283690001824299,44212836900018,48,2024-11-06,5.0,,0,1.81,,,,1,2024-12-31
1300297470001620212021F2921400,13002974700016,48,2021-07-22,36.0,130029747000162519465,1,35.61,35.61,0.625,0.718,0,
1300297470001620232023F1757900,13002974700016,48,2023-09-05,48.0,,0,15.87,,,,1,2024-12-31
130029747000162519465,13002974700016,48,2024-07-10,60.0,,0,5.72,,,,1,2024-12-31
130029747000162586174,13002974700016,48,2024-11-05,36.0,,0,1.84,,,,1,2024-12-31
22850001300658201818040800,22850001300658,32,2018-12-18,3.0,,0,72.44,,,,1,2024-12-31
228500013006582020201920008100,22850001300658,32,2020-03-03,120.0,,0,57.95,,,,1,2024-12-31
228500013006582020202020012100,22850001300658,32,2020-04-09,120.0,,0,56.73,,,,1,2024-12-31
228500013006582020201920009400,22850001300658,32,2020-04-15,3.0,,0,56.54,,,,1,2024-12-31
228500013006582020202020014100,22850001300658,32,2020-05-19,120.0,,0,55.42,,,,1,2024-12-31
228500013006582020202020014600,22850001300658,32,2020-07-27,48.0,,0,53.15,,,,1,2024-12-31
228500013006582023202323033000,22850001300658,32,2023-10-20,48.0,,0,14.39,,,,1,2024-12-31
228500013006582023202323038700,22850001300658,32,2023-12-13,48.0,,0,12.61,,,,1,2024-12-31
228500013006582024240293,22850001300658,32,2024-09-12,1.0,,0,3.61,,,,1,2024-12-31
228500013006582024240426,22850001300658,32,2024-11-05,12.0,,0,1.84,,,,1,2024-12-31
2544013910002724-1058015-3,25440139100027,48,2024-11-05,48.0,,0,1.84,,,,1,2024-12-31
381053768000282019C1900100,38105376800028,32,2019-02-26,2.0,,0,70.14,,,,1,2024-12-31
38105376800028202072556200,38105376800028,32,2020-07-15,6.0,,0,53.55,,,,1,2024-12-31
38105376800028202180320701,38105376800028,32,2021-06-15,5.0,,0,42.54,,,,1,2024-12-31
38105376800028202180320701,38105376800028,32,2021-06-15,24.0,,0,42.54,,,,1,2024-12-31
38105376800028202180321001,38105376800028,32,2021-06-15,5.0,,0,42.54,,,,1,2024-12-31
38105376800028202180321001,38105376800028,32,2021-06-15,5.0,,0,42.54,,,,1,2024-12-31
38105376800028202290442800,38105376800028,32,2022-06-23,12.0,,0,30.29,,,,1,2024-12-31
38105376800028202290442800,38105376800028,32,2022-06-23,12.0,,0,30.29,,,,1,2024-12-31
38105376800028202290442900,38105376800028,32,2022-06-23,12.0,,0,30.29,,,,1,2024-12-31
38105376800028202290442900,38105376800028,32,2022-06-23,12.0,,0,30.29,,,,1,2024-12-31
38105376800028202290442900,38105376800028,32,2022-06-23,12.0,,0,30.29,,,,1,2024-12-31
381053768000282023M2201400,38105376800028,32,2023-01-10,48.0,,0,23.69,,,,1,2024-12-31
38105376800028F24002,38105376800028,32,2024-11-05,48.0,,0,1.84,,,,1,2024-12-31
214903536000162022faa7l0000059,21490353600016,32,2022-07-22,4.0,,0,29.34,,,,1,2024-12-31
214903536000162024bbhem0000030,21490353600016,32,2024-06-04,36.0,,0,6.9,,,,1,2024-12-31
214903536000162024x6fjy0000049,21490353600016,32,2024-11-04,12.0,,0,1.87,,,,1,2024-12-31
264900671000192024bbhem0000030,26490067100019,32,2024-06-04,36.0,,0,6.9,,,,1,2024-12-31
264900671000192024x6fjy0000049,26490067100019,32,2024-11-04,12.0,,0,1.87,,,,1,2024-12-31
21440143200015202424023,21440143200015,32,2024-10-30,48.0,,0,2.04,,,,1,2024-12-31
248500530001132024y55qz0000000,24850053000113,48,2023-12-28,12.0,,0,12.12,,,,1,2024-12-31
248500530001132024CO0000000002,24850053000113,48,2024-10-29,24.0,,0,2.07,,,,1,2024-12-31
2272000290001420191908000,22720002900014,48,2019-04-23,45.0,,0,68.3,,,,1,2024-12-31
2272000290001420191908001,22720002900014,48,2019-07-02,45.0,,0,66.0,,,,1,2024-12-31
2272000290001420202002500,22720002900014,48,2020-02-11,36.0,,0,58.64,,,,1,2024-12-31
2272000290001420212103000,22720002900014,48,2021-01-18,48.0,,0,47.4,,,,1,2024-12-31
2272000290001420212103600,22720002900014,48,2021-02-08,47.0,22720002900014202121036,1,44.61,44.61,1.0,0.881,0,
2272000290001420212103602,22720002900014,48,2022-01-28,47.0,,0,35.09,,,,1,2024-12-31
2272000290001420212103604,22720002900014,48,2023-02-24,47.0,,0,22.21,,,,1,2024-12-31
22720002900014202121036,22720002900014,48,2024-10-28,47.0,,0,2.1,,,,1,2024-12-31
22720002900014202121036,22720002900014,48,2024-10-28,47.0,,0,2.1,,,,1,2024-12-31
248500258000462020202001800,24850025800046,48,2020-12-16,36.0,,0,48.49,,,,1,2024-12-31
248500258000462021202101500,24850025800046,48,2021-08-09,96.0,,0,40.74,,,,1,2024-12-31
248500258000462021202104000,24850025800046,48,2021-10-15,84.0,,0,38.53,,,,1,2024-12-31
248500258000462021202104500,24850025800046,48,2021-12-16,84.0,,0,36.5,,,,1,2024-12-31
248500258000462021202104501,24850025800046,48,2023-05-09,84.0,,0,19.78,,,,1,2024-12-31
2485002580004620231800,24850025800046,48,2023-11-15,96.0,,0,13.53,,,,1,2024-12-31
2485002580004620212021045,24850025800046,48,2024-09-12,84.0,,0,3.61,,,,1,2024-12-31
2485002580004620212021045,24850025800046,48,2024-09-12,84.0,,0,3.61,,,,1,2024-12-31
24850025800046202318,24850025800046,48,2024-10-25,96.0,,0,2.2,,,,1,2024-12-31
2000719000030820230760000000SI,20007190000308,48,2023-11-08,3.0,,0,13.76,,,,1,2024-12-31
200071900003082023080000000000,20007190000308,48,2023-11-30,48.0,,0,13.04,,,,1,2024-12-31
200071900003082023075AC0000000,20007190000308,48,2024-01-04,60.0,,0,11.89,,,,1,2024-12-31
200071900003082024040SI0000000,20007190000308,48,2024-10-24,48.0,,0,2.23,,,,1,2024-12-31
200069474000192020000000020000,20006947400019,35,2020-09-30,48.0,,0,51.02,,,,1,2024-12-31
200069474000192021000000037100,20006947400019,35,2021-10-22,120.0,,0,38.3,,,,1,2024-12-31
2000694740001920210000000371,20006947400019,35,2024-10-22,12.0,,0,2.3,,,,1,2024-12-31
244900015000452023A23216F00,24490001500045,48,2023-06-08,40.0,,0,18.79,,,,1,2024-12-31
244900015000452023A23216F01,24490001500045,48,2023-06-08,40.0,,0,18.79,,,,1,2024-12-31
244900015000452023A23216F02,24490001500045,48,2023-06-08,40.0,,0,18.79,,,,1,2024-12-31
244900015000452022A22214F,24490001500045,48,2024-09-10,49.0,,0,3.68,,,,1,2024-12-31
244900015000452023A23216F,24490001500045,48,2024-10-21,52.0,,0,2.33,,,,1,2024-12-31
130005481131532577619,13000548113153,72,2024-10-09,24.0,,0,2.73,,,,1,2024-12-31
130005481131532565921,13000548113153,72,2024-10-18,24.0,,0,2.43,,,,1,2024-12-31
200058899000102024C24-0019,20005889900010,48,2024-10-18,36.0,,0,2.43,,,,1,2024-12-31
1944010060001120212021S1118000,19440100600011,72,2021-06-24,48.0,,0,42.25,,,,1,2024-12-31
1944010060001120222022S0211100,19440100600011,72,2022-02-08,60.0,,0,34.72,,,,1,2024-12-31
194401006000112586484,19440100600011,72,2024-10-17,46.0,,0,2.46,,,,1,2024-12-31
20007186800158202120cc01500,20007186800158,72,2020-08-18,60.0,,0,52.43,,,,1,2024-12-31
200071868001582024-24CC012,20007186800158,72,2024-10-17,48.0,,0,2.46,,,,1,2024-12-31
20007186800158202424CC01200,20007186800158,72,2024-10-17,48.0,,0,2.46,,,,1,2024-12-31
2444006440001320191113095300,24440064400013,72,2020-03-13,46.0,,0,57.62,,,,1,2024-12-31
2444006440001320201217113600,24440064400013,72,2020-12-22,36.0,,0,48.29,,,,1,2024-12-31
244400644000132020090411MV02,24440064400013,72,2021-01-04,48.0,,0,47.86,,,,1,2024-12-31
244400644000132020090411MV01,24440064400013,72,2021-01-04,48.0,,0,47.86,,,,1,2024-12-31
244400644000132020090411MV00,24440064400013,72,2021-01-04,48.0,,0,47.86,,,,1,2024-12-31
244400644000132020090411MV02,24440064400013,72,2021-01-04,48.0,,0,47.86,,,,1,2024-12-31
2444006440001320200821114000,24440064400013,72,2021-02-10,48.0,24440064400013202008211140,1,44.19,44.19,1.0,0.809,0,
244400644000132021040109MV00,24440064400013,72,2021-08-24,48.0,,0,40.24,,,,1,2024-12-31
244400644000132021031715MV00,24440064400013,72,2021-09-16,48.0,,0,39.49,,,,1,2024-12-31
2444006440001320211124133800,24440064400013,72,2022-01-03,48.0,,0,35.91,,,,1,2024-12-31
2444006440001320211220113300,24440064400013,72,2022-02-09,48.0,,0,34.69,,,,1,2024-12-31
244400644000132022020711MC00,24440064400013,72,2022-04-27,48.0,,0,32.16,,,,1,2024-12-31
2444006440001320210819115100,24440064400013,72,2022-06-28,43.0,,0,30.12,,,,1,2024-12-31
2444006440001320220524101601,24440064400013,72,2022-07-13,16.0,2444006440001320220524101603,1,11.89,11.89,1.0,0.795,0,
2444006440001320220524101600,24440064400013,72,2022-07-13,16.0,2444006440001320220524101603,1,11.89,11.89,1.0,0.795,0,
2444006440001320220114113100,24440064400013,72,2022-07-29,48.0,,0,29.11,,,,1,2024-12-31
2444006440001320220628162000,24440064400013,72,2022-08-17,49.0,,0,28.48,,,,1,2024-12-31
2444006440001320211220113301,24440064400013,72,2022-10-27,48.0,,0,26.15,,,,1,2024-12-31
2444006440001320211220113301,24440064400013,72,2022-10-27,48.0,,0,26.15,,,,1,2024-12-31
24440064400013202209090812MV00,24440064400013,72,2022-12-23,48.0,,0,24.28,,,,1,2024-12-31
24440064400013202209090812MV01,24440064400013,72,2022-12-23,48.0,,0,24.28,,,,1,2024-12-31
2444006440001320221114135400,24440064400013,72,2023-02-08,48.0,,0,22.73,,,,1,2024-12-31
244400644000132022112511MC00,24440064400013,72,2023-03-22,49.0,,0,21.35,,,,1,2024-12-31
24440064400013202301230954MV00,24440064400013,72,2023-06-13,48.0,,0,18.63,,,,1,2024-12-31
24440064400013202211291125MV00,24440064400013,72,2023-06-14,48.0,,0,18.59,,,,1,2024-12-31
244400644000132023020814MV00,24440064400013,72,2023-06-26,48.0,,0,18.2,,,,1,2024-12-31
2444006440001320220524101603,24440064400013,72,2023-07-10,19.0,,0,17.74,,,,1,2024-12-31
2444006440001320220524101602,24440064400013,72,2023-07-10,19.0,,0,17.74,,,,1,2024-12-31
2444006440001320230615175500,24440064400013,72,2023-07-24,48.0,,0,17.28,,,,1,2024-12-31
244400644000132023031314MV00,24440064400013,72,2023-07-28,48.0,,0,17.15,,,,1,2024-12-31
244400644000132023031314MV00,24440064400013,72,2023-07-28,48.0,,0,17.15,,,,1,2024-12-31
24440064400013202308290919,24440064400013,72,2023-12-18,49.0,,0,12.45,,,,1,2024-12-31
244400644000132023031314MV,24440064400013,72,2024-10-14,48.0,,0,2.56,,,,1,2024-12-31
244400644000132023031314MV,24440064400013,72,2024-10-14,48.0,,0,2.56,,,,1,2024-12-31
24440064400013202008211140,24440064400013,72,2024-10-17,48.0,,0,2.46,,,,1,2024-12-31
24440064400013202008211140,24440064400013,72,2024-10-17,48.0,,0,2.46,,,,1,2024-12-31
24720009000014202424CPS19L01,24720009000014,48,2024-10-17,48.0,,0,2.46,,,,1,2024-12-31
214401432000152021210500100,21440143200015,35,2021-09-23,36.0,,0,39.26,,,,1,2024-12-31
21440143200015202424016,21440143200015,35,2024-10-14,48.0,,0,2.56,,,,1,2024-12-31
2144014320001520242401602,21440143200015,35,2024-10-14,48.0,,0,2.56,,,,1,2024-12-31
2144014320001520242401603,21440143200015,35,2024-10-14,48.0,,0,2.56,,,,1,2024-12-31
2144014320001520242401604,21440143200015,35,2024-10-14,48.0,,0,2.56,,,,1,2024-12-31
2144014320001520242401601,21440143200015,35,2024-10-15,48.0,,0,2.53,,,,1,2024-12-31
2144014320001520242401605,21440143200015,35,2024-10-15,48.0,,0,2.53,,,,1,2024-12-31
200083228000112020ASG0100,20008322800011,35,2020-02-06,12.0,,0,58.8,,,,1,2024-12-31
200083228000112024ASG07,20008322800011,35,2024-10-14,48.0,,0,2.56,,,,1,2024-12-31
2644001360047120182018S0020300,26440013600471,72,2018-09-21,36.0,2644001360047120212021S1741800,1,36.1,36.1,0.514,0.655,0,
2644001360047120182018S0010300,26440013600471,72,2018-10-16,24.0,,0,74.51,,,,1,2024-12-31
2644001360047120192019S0640900,26440013600471,72,2019-01-29,48.0,2644001360047120222022S2260800,1,46.65,46.65,0.357,0.482,0,
2644001360047120192019S0565200,26440013600471,72,2019-01-31,48.0,,0,70.99,,,,1,2024-12-31
2644001360047120192019F0202700,26440013600471,72,2019-01-31,48.0,2644001360047120232023S0446100,1,49.41,49.41,0.524,0.596,0,
2644001360047120192019S0660000,26440013600471,72,2019-02-12,48.0,2644001360047120232023S0446100,1,49.01,49.01,0.55,0.634,0,
2644001360047120192019S0750300,26440013600471,72,2019-03-19,48.0,2644001360047120232023S0438500,1,47.34,47.34,0.385,0.536,0,
2644001360047120192019S0749900,26440013600471,72,2019-03-19,48.0,2644001360047120222022S2260800,1,45.04,45.04,0.333,0.385,0,
2644001360047120192019S0750500,26440013600471,72,2019-03-20,48.0,2644001360047120232023S0446100,1,47.83,47.83,0.765,0.827,0,
2644001360047120192019S0911600,26440013600471,72,2019-04-04,48.0,2644001360047120232023S0446100,1,47.34,47.34,0.316,0.488,0,
2644001360047120191364500,26440013600471,72,2019-04-19,31.0,2644001360047120222022S0372100,1,34.46,34.46,0.333,0.36,0,
2644001360047120191362500,26440013600471,72,2019-07-02,24.0,,0,66.0,,,,1,2024-12-31
2644001360047120191411000,26440013600471,72,2019-07-11,48.0,264400136004712484641,1,51.45,51.45,0.636,0.573,0,
2644001360047120192019S1495600,26440013600471,72,2019-07-25,48.0,2644001360047120232023F0659600,1,44.61,44.61,0.444,0.442,0,
2644001360047120192019S2406700,26440013600471,72,2019-11-25,48.0,,0,61.2,,,,1,2024-12-31
2644001360047120202020S0144700,26440013600471,72,2020-01-13,48.0,264400136004712011861,1,48.42,48.42,0.348,0.522,0,
2644001360047120202020S0319800,26440013600471,72,2020-02-20,48.0,264400136004712484641,1,44.09,44.09,0.304,0.317,0,
2644001360047120202020S0432200,26440013600471,72,2020-03-12,48.0,,0,57.65,,,,1,2024-12-31
2644001360047120202020S0777400,26440013600471,72,2020-05-11,48.0,264400136004712569753,1,52.69,52.69,0.647,0.518,0,
2644001360047120202020S0745600,26440013600471,72,2020-05-26,36.0,264400136004712482146,1,36.1,36.1,1.0,0.995,0,
2644001360047120202020S0846400,26440013600471,72,2020-06-12,48.0,264400136004712569753,1,51.64,51.64,0.647,0.571,0,
2644001360047120202020S0877200,26440013600471,72,2020-06-18,48.0,264400136004712569753,1,51.45,51.45,0.438,0.434,0,
2644001360047120202020S0883300,26440013600471,72,2020-06-19,24.0,2644001360047120222022S1218600,1,24.77,24.77,0.4,0.541,0,
2644001360047120202020S1455400,26440013600471,72,2020-08-05,84.0,,0,52.86,,,,1,2024-12-31
2644001360047120202020S1839400,26440013600471,72,2020-10-19,48.0,264400136004712574683,1,47.83,47.83,0.562,0.685,0,
2644001360047120202020S1718700,26440013600471,72,2020-10-29,48.0,264400136004712569753,1,47.08,47.08,0.5,0.604,0,
2644001360047120202020S1766500,26440013600471,72,2020-11-04,96.0,,0,49.87,,,,1,2024-12-31
2644001360047120202020S1936900,26440013600471,72,2020-11-27,48.0,264400136004712569753,1,46.12,46.12,0.474,0.538,0,
2644001360047120212021S0102700,26440013600471,72,2021-01-20,48.0,264400136004712569753,1,44.35,44.35,0.304,0.331,0,
2644001360047120212021S0159300,26440013600471,72,2021-01-27,48.0,,0,47.11,,,,1,2024-12-31
2644001360047120212021S0159200,26440013600471,72,2021-01-28,48.0,,0,47.08,,,,1,2024-12-31
2644001360047120212021F0338600,26440013600471,72,2021-02-23,48.0,,0,46.22,,,,1,2024-12-31
2644001360047120212021S0595400,26440013600471,72,2021-04-06,46.0,264400136004712569753,1,41.85,41.85,0.444,0.404,0,
2644001360047120212021S1112000,26440013600471,72,2021-06-21,48.0,,0,42.35,,,,1,2024-12-31
2644001360047120212021S1114800,26440013600471,72,2021-06-22,48.0,,0,42.31,,,,1,2024-12-31
2644001360047120212021S1149800,26440013600471,72,2021-06-28,48.0,,0,42.12,,,,1,2024-12-31
2644001360047120212021S1149600,26440013600471,72,2021-06-29,47.0,,0,42.08,,,,1,2024-12-31
2644001360047120212021S1166600,26440013600471,72,2021-06-30,48.0,,0,42.05,,,,1,2024-12-31
2644001360047120212021S1281900,26440013600471,72,2021-07-16,48.0,,0,41.52,,,,1,2024-12-31
2644001360047120212021S1730400,26440013600471,72,2021-09-23,48.0,,0,39.26,,,,1,2024-12-31
2644001360047120212021S1741800,26440013600471,72,2021-09-24,36.0,264400136004712567241,1,36.01,36.01,0.543,0.68,0,
2644001360047120212021S1868600,26440013600471,72,2021-10-15,48.0,,0,38.53,,,,1,2024-12-31
2644001360047120212021S1979700,26440013600471,72,2021-10-20,73.0,,0,38.37,,,,1,2024-12-31
2644001360047120212021S2346600,26440013600471,72,2021-12-13,48.0,,0,36.6,,,,1,2024-12-31
2644001360047120212022S0000600,26440013600471,72,2021-12-14,48.0,,0,36.56,,,,1,2024-12-31
2644001360047120212021S2539200,26440013600471,72,2021-12-14,48.0,,0,36.56,,,,1,2024-12-31
2644001360047120222022S0372100,26440013600471,72,2022-03-03,48.0,,0,33.97,,,,1,2024-12-31
2644001360047120222022S0791900,26440013600471,72,2022-05-09,48.0,,0,31.77,,,,1,2024-12-31
2644001360047120222022S0942700,26440013600471,72,2022-06-08,48.0,,0,30.78,,,,1,2024-12-31
2644001360047120222022S0982000,26440013600471,72,2022-06-16,48.0,,0,30.52,,,,1,2024-12-31
2644001360047120222022S0981000,26440013600471,72,2022-06-16,48.0,,0,30.52,,,,1,2024-12-31
2644001360047120222022S1218600,26440013600471,72,2022-07-13,12.0,,0,29.63,,,,1,2024-12-31
2644001360047120222022S2260800,26440013600471,72,2022-12-19,48.0,,0,24.41,,,,1,2024-12-31
2644001360047120222022S2433600,26440013600471,72,2022-12-27,96.0,,0,24.15,,,,1,2024-12-31
2644001360047120232023S0438500,26440013600471,72,2023-02-27,48.0,,0,22.11,,,,1,2024-12-31
2644001360047120232023S0438600,26440013600471,72,2023-02-27,48.0,,0,22.11,,,,1,2024-12-31
2644001360047120232023S0446100,26440013600471,72,2023-03-15,96.0,,0,21.58,,,,1,2024-12-31
2644001360047120232023F0659600,26440013600471,72,2023-04-13,120.0,,0,20.63,,,,1,2024-12-31
2644001360047120232023S0839700,26440013600471,72,2023-05-09,48.0,,0,19.78,,,,1,2024-12-31
264400136004712482146,26440013600471,72,2023-05-30,56.0,,0,19.09,,,,1,2024-12-31
2644001360047120232023S1090400,26440013600471,72,2023-05-30,48.0,,0,19.09,,,,1,2024-12-31
2644001360047120232023S1323800,26440013600471,72,2023-07-06,12.0,,0,17.87,,,,1,2024-12-31
2644001360047120232023S1910100,26440013600471,72,2023-08-09,48.0,,0,16.75,,,,1,2024-12-31
264400136004712484641,26440013600471,72,2023-10-24,63.0,,0,14.26,,,,1,2024-12-31
2644001360047120232023S2547100,26440013600471,72,2023-12-04,84.0,,0,12.91,,,,1,2024-12-31
264400136004712011861,26440013600471,72,2024-01-26,86.0,,0,11.17,,,,1,2024-12-31
264400136004712012821,26440013600471,72,2024-01-26,86.0,,0,11.17,,,,1,2024-12-31
264400136004712510965,26440013600471,72,2024-07-01,48.0,,0,6.01,,,,1,2024-12-31
264400136004712543897,26440013600471,72,2024-08-13,48.0,,0,4.6,,,,1,2024-12-31
264400136004712567241,26440013600471,72,2024-09-24,36.0,,0,3.22,,,,1,2024-12-31
264400136004712570108,26440013600471,72,2024-09-26,67.0,,0,3.15,,,,1,2024-12-31
264400136004712569753,26440013600471,72,2024-10-01,60.0,,0,2.99,,,,1,2024-12-31
264400136004712576459,26440013600471,72,2024-10-10,9.0,,0,2.69,,,,1,2024-12-31
264400136004712574683,26440013600471,72,2024-10-14,51.0,,0,2.56,,,,1,2024-12-31
278500012001842024F00218,27850001200184,35,2024-10-14,51.0,,0,2.56,,,,1,2024-12-31
200048551000102024OM001L,20004855100010,35,2024-10-11,2.0,,0,2.66,,,,1,2024-12-31
200048551000102024OM001LOT,20004855100010,35,2024-10-11,2.0,,0,2.66,,,,1,2024-12-31
244400610000552022CAP003700000,24440061000055,32,2022-05-16,12.0,,0,31.54,,,,1,2024-12-31
24440061000055202322102100,24440061000055,32,2023-01-16,3.0,,0,23.49,,,,1,2024-12-31
24440061000055202322102101,24440061000055,32,2023-01-16,3.0,,0,23.49,,,,1,2024-12-31
24440061000055202323043200,24440061000055,32,2023-07-28,12.0,244400610000552023230432,1,13.96,13.96,1.0,0.902,0,
24440061000055202323043300,24440061000055,32,2023-07-28,12.0,244400610000552023230432,1,13.96,13.96,0.429,0.502,0,
244400610000552023230432,24440061000055,32,2024-09-25,12.0,,0,3.19,,,,1,2024-12-31
244400610000552023230432,24440061000055,32,2024-09-25,12.0,,0,3.19,,,,1,2024-12-31
24440061000055202524092,24440061000055,32,2024-10-09,12.0,,0,2.73,,,,1,2024-12-31
2644001360047120182018F0020200,26440013600471,32,2018-09-21,48.0,,0,75.33,,,,1,2024-12-31
2644001360047120192019S1966700,26440013600471,32,2019-09-24,43.0,,0,63.24,,,,1,2024-12-31
2644001360047120202020S0501600,26440013600471,32,2020-04-03,48.0,,0,56.93,,,,1,2024-12-31
2644001360047120202020F0622400,26440013600471,32,2020-04-29,48.0,,0,56.08,,,,1,2024-12-31
2644001360047120202020F0635600,26440013600471,32,2020-04-29,48.0,,0,56.08,,,,1,2024-12-31
2644001360047120202020F0635700,26440013600471,32,2020-04-29,48.0,,0,56.08,,,,1,2024-12-31
2644001360047120202020F0645000,26440013600471,32,2020-05-07,48.0,,0,55.81,,,,1,2024-12-31
2644001360047120202020F0706300,26440013600471,32,2020-05-19,48.0,,0,55.42,,,,1,2024-12-31
2644001360047120212021F0447600,26440013600471,32,2021-03-17,84.0,,0,45.5,,,,1,2024-12-31
2644001360047120232023F0985600,26440013600471,32,2023-05-30,48.0,,0,19.09,,,,1,2024-12-31
264400136004712574311,26440013600471,32,2024-10-08,87.0,,0,2.76,,,,1,2024-12-31
20005270200012170012553745600,20005270200012,35,2023-10-30,5.0,,0,14.06,,,,1,2024-12-31
20005270200012172744350061300,20005270200012,35,2024-09-26,48.0,,0,3.15,,,,1,2024-12-31
20005270200012202409STF06000,20005270200012,35,2024-10-07,48.0,,0,2.79,,,,1,2024-12-31
200072882000592024LOGICIELRI,20007288200059,48,2024-10-07,36.0,,0,2.79,,,,1,2024-12-31
2144021580001525-SI240064,21440215800015,48,2024-01-24,1.0,,0,11.24,,,,1,2024-12-31
2144021580001525-SI240168,21440215800015,48,2024-10-03,1.0,,0,2.92,,,,1,2024-12-31
244400404001292020S00004,24440040400129,48,2020-01-21,48.0,,0,59.33,,,,1,2024-12-31
244400404001292020F00005,24440040400129,48,2020-01-21,65.0,,0,59.33,,,,1,2024-12-31
244400404001292020S00006,24440040400129,48,2020-01-28,48.0,,0,59.1,,,,1,2024-12-31
244400404001292020S00011,24440040400129,48,2020-03-04,48.0,,0,57.92,,,,1,2024-12-31
244400404001292020S00230,24440040400129,48,2020-11-24,68.0,,0,49.21,,,,1,2024-12-31
244400404001292020S00231,24440040400129,48,2020-12-01,88.0,,0,48.98,,,,1,2024-12-31
244400404001292020F00242,24440040400129,48,2020-12-21,68.0,,0,48.32,,,,1,2024-12-31
244400404001292020S00042,24440040400129,48,2021-01-01,48.0,,0,47.96,,,,1,2024-12-31
244400404001292020S00045,24440040400129,48,2021-02-17,48.0,,0,46.42,,,,1,2024-12-31
244400404001292021F00002,24440040400129,48,2021-02-23,48.0,,0,46.22,,,,1,2024-12-31
244400404001292021F00007,24440040400129,48,2021-04-29,24.0,,0,44.09,,,,1,2024-12-31
244400404001292021F00016,24440040400129,48,2021-08-27,48.0,,0,40.14,,,,1,2024-12-31
244400404001292020S00279,24440040400129,48,2021-09-01,74.0,,0,39.98,,,,1,2024-12-31
244400404001292021T00221,24440040400129,48,2021-09-22,25.0,,0,39.29,,,,1,2024-12-31
244400404001292021F00023,24440040400129,48,2021-10-04,12.0,,0,38.9,,,,1,2024-12-31
244400404001292021F00035,24440040400129,48,2021-12-13,54.0,,0,36.6,,,,1,2024-12-31
244400404001292022F00012,24440040400129,48,2022-06-03,48.0,,0,30.95,,,,1,2024-12-31
244400404001292022F00022,24440040400129,48,2022-07-01,48.0,,0,30.03,,,,1,2024-12-31
244400404001292022S00113,24440040400129,48,2022-07-05,48.0,,0,29.89,,,,1,2024-12-31
244400404001292022F00120,24440040400129,48,2022-07-18,48.0,,0,29.47,,,,1,2024-12-31
244400404001292022F00030,24440040400129,48,2022-07-22,48.0,,0,29.34,,,,1,2024-12-31
244400404001292022F00040,24440040400129,48,2022-10-03,48.0,,0,26.94,,,,1,2024-12-31
244400404001292022F00041,24440040400129,48,2022-10-04,48.0,,0,26.91,,,,1,2024-12-31
244400404001292022F00042,24440040400129,48,2022-10-11,56.0,,0,26.68,,,,1,2024-12-31
244400404001292022F00044,24440040400129,48,2022-10-18,65.0,,0,26.45,,,,1,2024-12-31
244400404001292022F00049,24440040400129,48,2022-12-12,37.0,,0,24.64,,,,1,2024-12-31
244400404001292023F00010,24440040400129,48,2023-01-31,48.0,,0,23.0,,,,1,2024-12-31
244400404001292023F00014,24440040400129,48,2023-02-20,60.0,,0,22.34,,,,1,2024-12-31
244400404001292023F00023,24440040400129,48,2023-06-07,60.0,,0,18.82,,,,1,2024-12-31
244400404001292023F00034,24440040400129,48,2023-07-25,59.0,,0,17.25,,,,1,2024-12-31
244400404001292023F00065,24440040400129,48,2023-12-12,48.0,,0,12.65,,,,1,2024-12-31
244400404001292024F00011,24440040400129,48,2024-02-29,36.0,,0,10.05,,,,1,2024-12-31
244400404001292024F00027,24440040400129,48,2024-03-26,48.0,,0,9.2,,,,1,2024-12-31
244400404001292024F00019,24440040400129,48,2024-04-26,48.0,,0,8.18,,,,1,2024-12-31
244400404001292024S00038,24440040400129,48,2024-05-21,60.0,,0,7.36,,,,1,2024-12-31
244400404001292024S00040,24440040400129,48,2024-06-18,48.0,,0,6.44,,,,1,2024-12-31
244400404001292021F00032,24440040400129,48,2024-08-02,48.0,,0,4.96,,,,1,2024-12-31
244400404001292024F00051,24440040400129,48,2024-09-25,48.0,,0,3.19,,,,1,2024-12-31
244400404001292024F00052,24440040400129,48,2024-09-27,48.0,,0,3.12,,,,1,2024-12-31
244400404001292024F00053,24440040400129,48,2024-10-02,48.0,,0,2.96,,,,1,2024-12-31
534172481000102024aUMRCpjwnx00,53417248100010,72,2024-10-01,36.0,,0,2.99,,,,1,2024-12-31
830955068000512024DA0000000001,83095506800051,72,2024-10-01,24.0,,0,2.99,,,,1,2024-12-31
20005481500010202288961500,20005481500010,32,2022-09-20,60.0,,0,27.37,,,,1,2024-12-31
2000548150001024-1048764,20005481500010,32,2024-09-30,12.0,,0,3.02,,,,1,2024-12-31
200077402000362023230000001700,20007740200036,48,2023-05-02,44.0,,0,20.01,,,,1,2024-12-31
200077402000362023230000001700,20007740200036,48,2023-05-02,44.0,,0,20.01,,,,1,2024-12-31
200077402000362024000000000013,20007740200036,48,2024-09-27,48.0,,0,3.12,,,,1,2024-12-31
2000774020003620242400000013,20007740200036,48,2024-09-27,48.0,,0,3.12,,,,1,2024-12-31
21440190300155202120210310000,21440190300155,48,2021-12-09,48.0,,0,36.73,,,,1,2024-12-31
21440190300155202290852201,21440190300155,48,2022-12-20,60.0,,0,24.38,,,,1,2024-12-31
2144019030015524-1046218,21440190300155,48,2024-09-24,60.0,,0,3.22,,,,1,2024-12-31
20007187600011202222000220000,20007187600011,72,2022-09-18,1.0,,0,27.43,,,,1,2024-12-31
20007187600011202222000370000,20007187600011,72,2022-12-08,24.0,200071876000112022220003700,1,21.39,21.39,1.0,0.869,0,
20007187600011202323000440000,20007187600011,72,2023-10-16,36.0,,0,14.52,,,,1,2024-12-31
20007187600011202323000480000,20007187600011,72,2023-10-25,32.0,,0,14.22,,,,1,2024-12-31
200071876000112022220002200,20007187600011,72,2024-09-11,48.0,,0,3.65,,,,1,2024-12-31
200071876000112022220003700,20007187600011,72,2024-09-19,24.0,,0,3.38,,,,1,2024-12-31
26440052400130202408081000,26440052400130,72,2024-09-19,48.0,,0,3.38,,,,1,2024-12-31
1300297470001620232023F0211000,13002974700016,32,2023-02-28,48.0,,0,22.08,,,,1,2024-12-31
130029747000162557826,13002974700016,32,2024-09-18,24.0,,0,3.42,,,,1,2024-12-31
24720013200014202455807,24720013200014,35,2024-09-17,48.0,,0,3.45,,,,1,2024-12-31
188500490000192556736,18850049000019,48,2024-09-13,40.0,,0,3.58,,,,1,2024-12-31
2172024560001820220100,21720245600018,32,2022-04-27,3.0,2172024560001820220101,1,1.84,1.84,1.0,0.942,0,
2172024560001820220200,21720245600018,32,2022-04-27,3.0,2172024560001820220201,1,2.04,2.04,1.0,0.952,0,
2172024560001820230500,21720245600018,32,2022-04-27,12.0,,0,32.16,,,,1,2024-12-31
2172024560001820220101,21720245600018,32,2022-06-22,3.0,,0,30.32,,,,1,2024-12-31
2172024560001820220201,21720245600018,32,2022-06-28,3.0,,0,30.12,,,,1,2024-12-31
2172024560001820220102,21720245600018,32,2023-06-20,3.0,,0,18.4,,,,1,2024-12-31
21720245600018202401,21720245600018,32,2024-09-13,3.0,,0,3.58,,,,1,2024-12-31
24440055200026202284339000,24440055200026,72,2022-01-26,48.0,,0,35.15,,,,1,2024-12-31
2444005520002624-1061931,24440055200026,72,2024-02-20,16.0,,0,10.35,,,,1,2024-12-31
2444005520002624-1044522,24440055200026,72,2024-09-13,24.0,,0,3.58,,,,1,2024-12-31
2144004590001924-1044293,21440045900019,72,2024-09-12,12.0,,0,3.61,,,,1,2024-12-31
20006001000044202074702800,20006001000044,48,2020-11-06,42.0,200060010000442020-06B451L00D1,1,46.12,46.12,0.818,0.667,0,
200060010000442020-06B451L00D1,20006001000044,48,2024-09-10,42.0,,0,3.68,,,,1,2024-12-31
2000237780001820222022-00600,20002377800018,48,2022-01-28,72.0,,0,35.09,,,,1,2024-12-31
20002377800018202424A00MULTI,20002377800018,48,2024-03-04,48.0,,0,9.92,,,,1,2024-12-31
20002377800018202424AOOMICA1,20002377800018,48,2024-04-16,48.0,,0,8.51,,,,1,2024-12-31
200023778000182024-24-33,20002377800018,48,2024-09-09,48.0,,0,3.71,,,,1,2024-12-31
244900015000602024A24081T,24490001500060,32,2024-09-09,3.0,,0,3.71,,,,1,2024-12-31
24440064400013201919S000200,24440064400013,48,2019-05-03,48.0,,0,67.97,,,,1,2024-12-31
244400644000132018S11100,24440064400013,48,2019-05-16,44.0,244400644000132018S11107,1,40.18,40.18,1.0,0.809,0,
244400644000132019112613MV00,24440064400013,48,2020-01-30,48.0,,0,59.03,,,,1,2024-12-31
244400644000132018S11101,24440064400013,48,2020-02-19,44.0,,0,58.38,,,,1,2024-12-31
2444006440001320191207222000,24440064400013,48,2020-03-26,48.0,,0,57.19,,,,1,2024-12-31
24440064400013202009221030X00,24440064400013,48,2020-11-17,37.0,24440064400013202009221030X01,1,36.79,36.79,1.0,0.99,0,
244400644000132020060909MVC00,24440064400013,48,2020-12-04,48.0,,0,48.88,,,,1,2024-12-31
2444006440001320200817154200,24440064400013,48,2021-01-07,48.0,,0,47.77,,,,1,2024-12-31
2444006440001320201221160000,24440064400013,48,2021-03-03,48.0,,0,45.96,,,,1,2024-12-31
244400644000132020060909MVC01,24440064400013,48,2021-03-26,48.0,,0,45.2,,,,1,2024-12-31
244400644000132020060909MVC01,24440064400013,48,2021-03-26,48.0,,0,45.2,,,,1,2024-12-31
244400644000132021011915MV00,24440064400013,48,2021-04-16,48.0,,0,44.51,,,,1,2024-12-31
244400644000132018S11102,24440064400013,48,2021-04-20,44.0,,0,44.38,,,,1,2024-12-31
244400644000132018S11103,24440064400013,48,2021-04-22,44.0,,0,44.32,,,,1,2024-12-31
244400644000132021041215MC00,24440064400013,48,2021-10-01,48.0,,0,38.99,,,,1,2024-12-31
244400644000132018S11104,24440064400013,48,2021-12-09,44.0,,0,36.73,,,,1,2024-12-31
2444006440001320211207162100,24440064400013,48,2022-02-01,48.0,,0,34.95,,,,1,2024-12-31
2444006440001320211207162101,24440064400013,48,2022-03-23,48.0,,0,33.31,,,,1,2024-12-31
2444006440001320211207162102,24440064400013,48,2022-03-24,48.0,,0,33.28,,,,1,2024-12-31
2444006440001320220103140000,24440064400013,48,2022-07-06,48.0,,0,29.86,,,,1,2024-12-31
244400644000132022050309MV00,24440064400013,48,2022-07-20,48.0,,0,29.4,,,,1,2024-12-31
244400644000132018S11107,24440064400013,48,2022-09-20,44.0,,0,27.37,,,,1,2024-12-31
244400644000132022061514MV00,24440064400013,48,2022-10-14,48.0,,0,26.58,,,,1,2024-12-31
244400644000132022061514MCA00,24440064400013,48,2022-12-07,48.0,,0,24.8,,,,1,2024-12-31
2444006440001320221201085500,24440064400013,48,2023-01-19,48.0,,0,23.39,,,,1,2024-12-31
2444006440001320221006101800,24440064400013,48,2023-02-10,48.0,,0,22.67,,,,1,2024-12-31
244400644000132022111609MV00,24440064400013,48,2023-04-13,48.0,,0,20.63,,,,1,2024-12-31
2444006440001320230510094200,24440064400013,48,2023-06-28,48.0,,0,18.13,,,,1,2024-12-31
24440064400013202304031556MV00,24440064400013,48,2023-06-28,48.0,,0,18.13,,,,1,2024-12-31
244400644000132023010315MC00,24440064400013,48,2023-07-05,96.0,,0,17.9,,,,1,2024-12-31
244400644000132023010315MC00,24440064400013,48,2023-07-05,96.0,,0,17.9,,,,1,2024-12-31
244400644000132023010315MC00,24440064400013,48,2023-07-05,96.0,,0,17.9,,,,1,2024-12-31
2444006440001320230502160900,24440064400013,48,2023-08-07,48.0,,0,16.82,,,,1,2024-12-31
24440064400013202305021609,24440064400013,48,2023-08-07,48.0,,0,16.82,,,,1,2024-12-31
24440064400013202306261404A00,24440064400013,48,2023-09-05,48.0,,0,15.87,,,,1,2024-12-31
244400644000132023010315MC01,24440064400013,48,2023-10-16,96.0,,0,14.52,,,,1,2024-12-31
244400644000132023010315MC01,24440064400013,48,2023-10-16,96.0,,0,14.52,,,,1,2024-12-31
244400644000132023010315MC01,24440064400013,48,2023-10-16,96.0,,0,14.52,,,,1,2024-12-31
2444006440001320230711092700,24440064400013,48,2023-10-20,48.0,,0,14.39,,,,1,2024-12-31
244400644000132023081214MV00,24440064400013,48,2023-12-12,48.0,,0,12.65,,,,1,2024-12-31
244400644000132023081214MV,24440064400013,48,2023-12-12,48.0,,0,12.65,,,,1,2024-12-31
24440064400013202009221030X01,24440064400013,48,2023-12-12,50.0,,0,12.65,,,,1,2024-12-31
24440064400013202009221030X,24440064400013,48,2023-12-12,50.0,,0,12.65,,,,1,2024-12-31
24440064400013202401051549,24440064400013,48,2024-03-21,48.0,,0,9.36,,,,1,2024-12-31
244400644000132024021409MV,24440064400013,48,2024-06-14,48.0,,0,6.57,,,,1,2024-12-31
24440064400013202305100942,24440064400013,48,2024-09-03,48.0,,0,3.91,,,,1,2024-12-31
24440064400013202305100942,24440064400013,48,2024-09-03,48.0,,0,3.91,,,,1,2024-12-31
288500028000232023xd1zo0000000,28850002800023,72,2022-11-05,8.0,,0,25.85,,,,1,2024-12-31
288500028000232024-01_LOT10001,28850002800023,72,2024-08-30,12.0,,0,4.04,,,,1,2024-12-31
288500028000232024-01_LOT20001,28850002800023,72,2024-08-30,12.0,,0,4.04,,,,1,2024-12-31
288500028000232024-01_LOT20001,28850002800023,72,2024-08-30,12.0,,0,4.04,,,,1,2024-12-31
1949097010030320192019F5028600,19490970100303,32,2019-01-17,48.0,,0,71.45,,,,1,2024-12-31
1949097010030320192019F0000301,19490970100303,32,2019-01-17,48.0,,0,71.45,,,,1,2024-12-31
1949097010030320192019F2465500,19490970100303,32,2019-01-17,48.0,,0,71.45,,,,1,2024-12-31
1949097010030320192019F0187200,19490970100303,32,2019-01-17,48.0,,0,71.45,,,,1,2024-12-31
1949097010030320192019F0187000,19490970100303,32,2019-01-17,48.0,,0,71.45,,,,1,2024-12-31
1949097010030320202020F1961800,19490970100303,32,2020-06-04,48.0,,0,54.89,,,,1,2024-12-31
1949097010030320202020F2458100,19490970100303,32,2020-10-07,36.0,,0,50.79,,,,1,2024-12-31
1949097010030320202020F2458000,19490970100303,32,2020-11-02,12.0,,0,49.93,,,,1,2024-12-31
1949097010030320202020F2457900,19490970100303,32,2020-12-03,60.0,,0,48.92,,,,1,2024-12-31
1949097010030320202020F2457800,19490970100303,32,2020-12-11,12.0,,0,48.65,,,,1,2024-12-31
1949097010030320202020F2457700,19490970100303,32,2020-12-17,60.0,,0,48.46,,,,1,2024-12-31
1949097010030320222022F0810900,19490970100303,32,2022-05-24,120.0,,0,31.27,,,,1,2024-12-31
1949097010030320222022F0810800,19490970100303,32,2022-05-24,120.0,,0,31.27,,,,1,2024-12-31
1949097010030320222022F1546900,19490970100303,32,2022-09-06,12.0,194909701003032022204L1MS00700,1,15.24,15.24,0.4,0.418,0,
19490970100303202211lot200,19490970100303,32,2022-10-13,84.0,,0,26.61,,,,1,2024-12-31
1949097010030320221100,19490970100303,32,2022-10-13,84.0,,0,26.61,,,,1,2024-12-31
19490970100303202210200,19490970100303,32,2023-01-16,84.0,,0,23.49,,,,1,2024-12-31
194909701003032022100400,19490970100303,32,2023-01-16,84.0,,0,23.49,,,,1,2024-12-31
194909701003032022100300,19490970100303,32,2023-01-16,84.0,,0,23.49,,,,1,2024-12-31
194909701003032022204L1MS00300,19490970100303,32,2023-09-08,2.0,,0,15.77,,,,1,2024-12-31
194909701003032022204L1MS00200,19490970100303,32,2023-09-08,2.0,,0,15.77,,,,1,2024-12-31
194909701003032022204L1MS00100,19490970100303,32,2023-09-08,4.0,,0,15.77,,,,1,2024-12-31
194909701003032022204L1MS00500,19490970100303,32,2023-09-28,10.0,,0,15.11,,,,1,2024-12-31
194909701003032022204L1MS00400,19490970100303,32,2023-10-05,4.0,,0,14.88,,,,1,2024-12-31
194909701003032022204L1MS00700,19490970100303,32,2023-12-14,9.0,194909701003032022204L1MS01000,1,5.06,5.06,0.75,0.628,0,
194909701003032022204L1MS00900,19490970100303,32,2024-04-16,8.0,,0,8.51,,,,1,2024-12-31
194909701003032022204L1MS009,19490970100303,32,2024-04-16,8.0,,0,8.51,,,,1,2024-12-31
194909701003032022204L1MS01000,19490970100303,32,2024-05-16,8.0,,0,7.52,,,,1,2024-12-31
194909701003032022204L1MS010,19490970100303,32,2024-05-16,8.0,,0,7.52,,,,1,2024-12-31
194909701003032022204L1MS00800,19490970100303,32,2024-06-03,7.0,,0,6.93,,,,1,2024-12-31
194909701003032022204L1MS008,19490970100303,32,2024-06-03,7.0,,0,6.93,,,,1,2024-12-31
194909701003032022204L1MS014,19490970100303,32,2024-07-18,5.0,,0,5.45,,,,1,2024-12-31
194909701003032022204L1MS012,19490970100303,32,2024-07-18,5.0,,0,5.45,,,,1,2024-12-31
194909701003032022204L1MS0,19490970100303,32,2024-08-29,2.0,,0,4.07,,,,1,2024-12-31
200071165001672022ppgvu0000000,20007116500167,72,2022-03-24,48.0,,0,33.28,,,,1,2024-12-31
20007116500167202626A02401,20007116500167,72,2024-08-28,50.0,,0,4.11,,,,1,2024-12-31
20007116500167202626A02401,20007116500167,72,2024-08-28,50.0,,0,4.11,,,,1,2024-12-31
20007116500167202626A02401,20007116500167,72,2024-08-28,50.0,,0,4.11,,,,1,2024-12-31
28720026500018201920190700,28720026500018,48,2019-03-29,72.0,,0,69.12,,,,1,2024-12-31
28720026500018201920192400,28720026500018,48,2019-06-15,72.0,,0,66.56,,,,1,2024-12-31
287200265000182019410000,28720026500018,48,2019-11-26,48.0,,0,61.17,,,,1,2024-12-31
28720026500018202120213900,28720026500018,48,2020-08-28,1.0,,0,52.1,,,,1,2024-12-31
2872002650001820212400,28720026500018,48,2021-04-19,48.0,,0,44.42,,,,1,2024-12-31
2872002650001820215500,28720026500018,48,2021-11-29,60.0,,0,37.06,,,,1,2024-12-31
28720026500018202420242301,28720026500018,48,2024-08-27,24.0,,0,4.14,,,,1,2024-12-31
529260903000162023SOPRAF000600,52926090300016,72,2023-09-19,12.0,,0,15.41,,,,1,2024-12-31
5292609030001624SOPRAF0001,52926090300016,72,2024-08-27,72.0,,0,4.14,,,,1,2024-12-31
200075547000142022gdcdouévoi00,20007554700014,32,2022-04-27,47.0,,0,32.16,,,,1,2024-12-31
200075547000142023atppin00,20007554700014,32,2023-11-07,13.0,,0,13.8,,,,1,2024-12-31
200075547000142024antea,20007554700014,32,2024-08-21,22.0,,0,4.34,,,,1,2024-12-31
200075547000142024antea,20007554700014,32,2024-08-21,22.0,,0,4.34,,,,1,2024-12-31
2649000360001520192019F2371600,26490003600015,35,2019-11-26,48.0,,0,61.17,,,,1,2024-12-31
2649000360001520202020F1051600,26490003600015,35,2020-06-09,48.0,264900036000152586464,1,50.23,50.23,0.321,0.414,0,
2649000360001520202020F1051700,26490003600015,35,2020-06-09,48.0,264900036000152586464,1,50.23,50.23,0.321,0.414,0,
2649000360001520202020F1051800,26490003600015,35,2020-06-09,48.0,264900036000152586464,1,50.23,50.23,0.321,0.414,0,
2649000360001520232023F1798100,26490003600015,35,2023-08-04,48.0,,0,16.92,,,,1,2024-12-31
2649000360001520232023F1798200,26490003600015,35,2023-08-04,48.0,,0,16.92,,,,1,2024-12-31
264900036000152586464,26490003600015,35,2024-08-16,34.0,,0,4.5,,,,1,2024-12-31
057201139000452024K43x6xFhTm00,05720113900045,48,2024-08-12,48.0,,0,4.63,,,,1,2024-12-31
2144015070006320212021TIC00800,21440150700063,72,2021-12-27,48.0,,0,36.14,,,,1,2024-12-31
2144015070006320212021TIC00801,21440150700063,72,2023-01-01,48.0,,0,23.98,,,,1,2024-12-31
2144015070006320212021TIC008,21440150700063,72,2024-08-09,48.0,,0,4.73,,,,1,2024-12-31
3852903090045420192019S1498500,38529030900454,48,2019-08-28,12.0,,0,64.13,,,,1,2024-12-31
3852903090045420192019S2933900,38529030900454,48,2019-11-26,40.0,,0,61.17,,,,1,2024-12-31
3852903090045420202020S0692900,38529030900454,48,2020-05-14,39.0,,0,55.58,,,,1,2024-12-31
3852903090045420202020S0693100,38529030900454,48,2020-05-14,39.0,,0,55.58,,,,1,2024-12-31
3852903090045420212021S2906800,38529030900454,48,2021-10-29,99.0,,0,38.07,,,,1,2024-12-31
385290309004542507736,38529030900454,48,2024-08-05,36.0,,0,4.86,,,,1,2024-12-31
2000424890001920232023031MP000,20004248900019,72,2023-10-16,36.0,,0,14.52,,,,1,2024-12-31
2000424890001920242024020MP100,20004248900019,72,2024-05-16,24.0,,0,7.52,,,,1,2024-12-31
2000424890001920242024020MP200,20004248900019,72,2024-05-22,24.0,,0,7.33,,,,1,2024-12-31
2000424890001920242024037MP000,20004248900019,72,2024-07-24,24.0,,0,5.26,,,,1,2024-12-31
200042489000192025202403800000,20004248900019,72,2024-08-01,8.0,,0,4.99,,,,1,2024-12-31
200023778000182022-22-07200,20002377800018,32,2022-12-16,36.0,,0,24.51,,,,1,2024-12-31
200023778000182022-22-07201,20002377800018,32,2022-12-16,36.0,,0,24.51,,,,1,2024-12-31
200023778000182022-22-07202,20002377800018,32,2023-07-11,36.0,,0,17.71,,,,1,2024-12-31
200023778000182024-24-38,20002377800018,32,2024-07-31,48.0,,0,5.03,,,,1,2024-12-31
218501781000152023004-202300,21850178100015,32,2023-10-04,12.0,218501781000152023004-2023,1,9.89,9.89,1.0,0.894,0,
218501781000152023xv9xn0000000,21850178100015,32,2023-10-04,6.0,218501781000152023004-202301,1,5.06,5.06,1.0,0.953,0,
218501781000152023004-202301,21850178100015,32,2024-03-06,12.0,,0,9.86,,,,1,2024-12-31
218501781000152023004-2023,21850178100015,32,2024-07-31,12.0,,0,5.03,,,,1,2024-12-31
4504521150003020240711MAINTW00,45045211500030,72,2024-07-29,24.0,,0,5.09,,,,1,2024-12-31
214400202000132022224400,21440020200013,48,2022-07-08,48.0,,0,29.8,,,,1,2024-12-31
214400202000132024-246801-00,21440020200013,48,2024-07-25,48.0,,0,5.22,,,,1,2024-12-31
214400202000132024-246802-00,21440020200013,48,2024-07-25,48.0,,0,5.22,,,,1,2024-12-31
214400202000132024-246803-00,21440020200013,48,2024-07-25,48.0,,0,5.22,,,,1,2024-12-31
20005433600017202070581000,20005433600017,32,2020-03-13,36.0,,0,57.62,,,,1,2024-12-31
20005433600017202202000,20005433600017,32,2022-07-15,1.0,,0,29.57,,,,1,2024-12-31
200054336000172023202204700,20005433600017,32,2023-05-12,36.0,,0,19.68,,,,1,2024-12-31
200054336000172024-011-TIC-01,20005433600017,32,2024-07-17,48.0,,0,5.49,,,,1,2024-12-31
47865038500014201960177800,47865038500014,72,2018-04-05,12.0,,0,80.88,,,,1,2024-12-31
47865038500014201965628700,47865038500014,72,2019-03-08,12.0,,0,69.81,,,,1,2024-12-31
47865038500014201965629400,47865038500014,72,2019-03-08,24.0,,0,69.81,,,,1,2024-12-31
47865038500014201968427300,47865038500014,72,2019-10-18,24.0,,0,62.45,,,,1,2024-12-31
47865038500014202075603500,47865038500014,72,2020-05-20,48.0,,0,55.39,,,,1,2024-12-31
47865038500014202075603100,47865038500014,72,2020-05-29,24.0,,0,55.09,,,,1,2024-12-31
47865038500014202075603700,47865038500014,72,2020-09-21,48.0,,0,51.31,,,,1,2024-12-31
47865038500014202075603700,47865038500014,72,2020-09-21,48.0,,0,51.31,,,,1,2024-12-31
47865038500014202075603700,47865038500014,72,2020-09-21,48.0,,0,51.31,,,,1,2024-12-31
47865038500014202075603700,47865038500014,72,2020-09-21,48.0,,0,51.31,,,,1,2024-12-31
47865038500014202075603700,47865038500014,72,2020-09-21,48.0,,0,51.31,,,,1,2024-12-31
47865038500014202075603800,47865038500014,72,2020-09-21,24.0,,0,51.31,,,,1,2024-12-31
47865038500014202075603900,47865038500014,72,2020-09-21,24.0,,0,51.31,,,,1,2024-12-31
47865038500014202397835600,47865038500014,72,2023-06-29,24.0,,0,18.1,,,,1,2024-12-31
47865038500014202397837900,47865038500014,72,2023-10-06,24.0,,0,14.85,,,,1,2024-12-31
4786503850001424-1035018,47865038500014,72,2024-07-16,48.0,,0,5.52,,,,1,2024-12-31
21720337100018201401-02,21720337100018,32,2024-07-15,4.0,,0,5.55,,,,1,2024-12-31
482414216000442022CDB-03000000,48241421600044,32,2022-04-26,8.0,482414216000442022CDB-15000000,1,2.5,2.5,0.533,0.398,0,
482414216000442022CDB-14000000,48241421600044,32,2022-06-28,1.0,,0,30.12,,,,1,2024-12-31
482414216000442022CDB-15000000,48241421600044,32,2022-07-11,1.0,,0,29.7,,,,1,2024-12-31
482414216000442022CDB180000000,48241421600044,32,2022-08-03,2.0,,0,28.94,,,,1,2024-12-31
482414216000442024DPP080000000,48241421600044,32,2023-02-26,2.0,,0,22.14,,,,1,2024-12-31
482414216000442024DPP090000000,48241421600044,32,2024-02-26,2.0,,0,10.15,,,,1,2024-12-31
482414216000442024DPP100000000,48241421600044,32,2024-02-26,2.0,,0,10.15,,,,1,2024-12-31
482414216000442024DAF100000001,48241421600044,32,2024-07-13,1.0,,0,5.62,,,,1,2024-12-31
214401093000152020S00015,21440109300015,72,2020-01-17,1.0,,0,59.46,,,,1,2024-12-31
214401093000152020S00017,21440109300015,72,2020-01-20,1.0,,0,59.36,,,,1,2024-12-31
214401093000152020S00014,21440109300015,72,2020-01-21,48.0,,0,59.33,,,,1,2024-12-31
214401093000152024S00225,21440109300015,72,2023-02-01,24.0,,0,22.96,,,,1,2024-12-31
214401093000152024S00118,21440109300015,72,2024-07-01,72.0,,0,6.01,,,,1,2024-12-31
214401093000152024S00119,21440109300015,72,2024-07-01,72.0,,0,6.01,,,,1,2024-12-31
214401093000152024S00120,21440109300015,72,2024-07-01,72.0,,0,6.01,,,,1,2024-12-31
214401093000152024S00122,21440109300015,72,2024-07-12,120.0,,0,5.65,,,,1,2024-12-31
214401234000152023002,21440123400015,35,2024-07-12,24.0,,0,5.65,,,,1,2024-12-31
555650308000522024os9940000000,55565030800052,32,2024-07-10,5.0,,0,5.72,,,,1,2024-12-31
786019554001162024PAL_24_03300,78601955400116,48,2024-07-08,36.0,,0,5.78,,,,1,2024-12-31
244400404001292024F00026,24440040400129,35,2024-07-05,51.0,,0,5.88,,,,1,2024-12-31
274400027003072020046NMH00,27440002700307,72,2020-02-18,48.0,274400027003072024174NMH,1,52.2,52.2,0.333,0.323,0,
27440002700307202147200,27440002700307,72,2021-12-21,48.0,,0,36.33,,,,1,2024-12-31
27440002700307202228900,27440002700307,72,2022-10-17,48.0,,0,26.48,,,,1,2024-12-31
274400027003072024174NMH,27440002700307,72,2024-06-25,48.0,,0,6.21,,,,1,2024-12-31
274400027003072024174NMH00,27440002700307,72,2024-06-25,48.0,,0,6.21,,,,1,2024-12-31
27440002700307202418,27440002700307,72,2024-07-05,48.0,,0,5.88,,,,1,2024-12-31
274400027003072024182N,27440002700307,72,2024-07-05,48.0,,0,5.88,,,,1,2024-12-31
274400027003072024183N,27440002700307,72,2024-07-05,48.0,,0,5.88,,,,1,2024-12-31
214401200000162024,21440120000016,72,2024-07-04,12.0,,0,5.91,,,,1,2024-12-31
21440120000016202401,21440120000016,72,2024-07-04,12.0,,0,5.91,,,,1,2024-12-31
244900015000112022G22044P00,24490001500011,48,2022-05-13,48.0,,0,31.64,,,,1,2024-12-31
244900015000112022G22044P00000,24490001500011,48,2022-05-13,12.0,244900015000112022G22044P01,1,12.88,12.88,0.5,0.606,0,
244900015000112022G22047P00000,24490001500011,48,2022-05-20,12.0,,0,31.41,,,,1,2024-12-31
244900015000112022G22044P01,24490001500011,48,2023-06-09,49.0,,0,18.76,,,,1,2024-12-31
244900015000112022G22044P02,24490001500011,48,2023-06-12,48.0,,0,18.66,,,,1,2024-12-31
244900015000112024A24051P,24490001500011,48,2024-07-04,48.0,,0,5.91,,,,1,2024-12-31
214401093000152024F00011,21440109300015,32,2024-05-15,9.0,,0,7.56,,,,1,2024-12-31
214401093000152024F00008,21440109300015,32,2024-07-01,48.0,,0,6.01,,,,1,2024-12-31
180070039005572494906,18007003900557,72,2024-06-25,48.0,,0,6.21,,,,1,2024-12-31
21440172100011202289396100,21440172100011,32,2022-10-11,7.0,,0,26.68,,,,1,2024-12-31
21440172100011202394323301,21440172100011,32,2023-06-05,6.0,,0,18.89,,,,1,2024-12-31
2144017210001124-1029551,21440172100011,32,2024-06-25,2.0,,0,6.21,,,,1,2024-12-31
9233959090001624-1028706,92339590900016,32,2024-06-24,52.0,,0,6.24,,,,1,2024-12-31
200057438000182022INFO00000001,20005743800018,72,2022-05-30,3.0,,0,31.08,,,,1,2024-12-31
2000574380001820248qd9t0000000,20005743800018,72,2024-04-11,57.0,,0,8.67,,,,1,2024-12-31
200057438000182024PA0040000000,20005743800018,72,2024-06-21,36.0,,0,6.34,,,,1,2024-12-31
200071629001212021400PA0900001,20007162900121,48,2021-02-12,1.0,,0,46.58,,,,1,2024-12-31
200071629001212024400PA57,20007162900121,48,2024-06-20,12.0,,0,6.37,,,,1,2024-12-31
218502045000142024EUBEAUSTX,21850204500014,32,2024-06-20,3.0,,0,6.37,,,,1,2024-12-31
1300314870001524-1027315,13003148700015,72,2024-06-17,48.0,,0,6.47,,,,1,2024-12-31
4421283690001820222209500,44212836900018,72,2022-03-23,48.0,,0,33.31,,,,1,2024-12-31
4421283690001824171,44212836900018,72,2024-06-17,36.0,,0,6.47,,,,1,2024-12-31
442128369000182417100,44212836900018,72,2024-06-17,36.0,,0,6.47,,,,1,2024-12-31
21440047500015202120212200,21440047500015,32,2021-07-19,36.0,,0,41.43,,,,1,2024-12-31
214400475000152024mTUJrIOPhS00,21440047500015,32,2024-05-30,48.0,,0,7.06,,,,1,2024-12-31
214400475000152024SKIHiHB-cn00,21440047500015,32,2024-06-14,36.0,,0,6.57,,,,1,2024-12-31
214401325000112018TVX370600,21440132500011,48,2019-04-03,4.0,214401325000112018TVX370601,1,5.78,5.78,1.0,0.911,0,
214401325000112018TVX370601,21440132500011,48,2019-09-26,4.0,,0,63.17,,,,1,2024-12-31
21440132500011202060909300,21440132500011,48,2020-12-04,12.0,,0,48.88,,,,1,2024-12-31
21440132500011202075356000,21440132500011,48,2020-12-04,12.0,,0,48.88,,,,1,2024-12-31
2144013250001124-1027611,21440132500011,48,2024-06-14,48.0,,0,6.57,,,,1,2024-12-31
218500031000162024PA0600000000,21850003100016,35,2024-06-14,48.0,,0,6.57,,,,1,2024-12-31
200053619000172024M2403L01,20005361900017,32,2024-06-11,1.0,,0,6.67,,,,1,2024-12-31
775604853000412019jPA-vFCmP700,77560485300041,48,2019-09-27,36.0,775604853000412022wpe186hM2300,1,35.84,35.84,0.8,0.852,0,
775604853000412022wpe186hM2300,77560485300041,48,2022-09-22,36.0,,0,27.3,,,,1,2024-12-31
775604853000412024UGJfWINVWU00,77560485300041,48,2024-06-04,96.0,,0,6.9,,,,1,2024-12-31
217201326000142021AMOInfo00,21720132600014,72,2021-09-02,12.0,,0,39.95,,,,1,2024-12-31
2172013260001420221200,21720132600014,72,2022-06-07,60.0,,0,30.81,,,,1,2024-12-31
21720132600014202212,21720132600014,72,2024-05-21,60.0,,0,7.36,,,,1,2024-12-31
4504521150003020226gf4o0000000,45045211500030,32,2022-06-27,12.0,,0,30.16,,,,1,2024-12-31
450452115000302023443j30000000,45045211500030,32,2023-02-28,4.0,,0,22.08,,,,1,2024-12-31
4504521150003020240502eqtech00,45045211500030,32,2024-05-21,6.0,,0,7.36,,,,1,2024-12-31
442128369000182024131,44212836900018,35,2024-05-16,24.0,,0,7.52,,,,1,2024-12-31
44212836900018202413100,44212836900018,35,2024-05-16,24.0,,0,7.52,,,,1,2024-12-31
442128369000182024132,44212836900018,35,2024-05-16,48.0,,0,7.52,,,,1,2024-12-31
44212836900018202413200,44212836900018,35,2024-05-16,48.0,,0,7.52,,,,1,2024-12-31
20007326000016202127TIC_POP000,20007326000016,48,2021-08-09,53.0,,0,40.74,,,,1,2024-12-31
20007326000016202313TICPOP0000,20007326000016,48,2023-06-23,54.0,,0,18.3,,,,1,2024-12-31
200073260000162024202410000000,20007326000016,48,2024-05-07,48.0,,0,7.82,,,,1,2024-12-31
214900078000122023G23004P00,21490007800012,72,2023-02-08,36.0,,0,22.73,,,,1,2024-12-31
214900078000122023G23004P01,21490007800012,72,2023-02-08,36.0,,0,22.73,,,,1,2024-12-31
214900078000122023G23004P02,21490007800012,72,2023-11-08,38.0,,0,13.76,,,,1,2024-12-31
214900078000122023G23072P00,21490007800012,72,2023-12-01,49.0,,0,13.01,,,,1,2024-12-31
214900078000122024240130300000,21490007800012,72,2024-05-07,48.0,,0,7.82,,,,1,2024-12-31
21850047800209202121661-PA4200,21850047800209,32,2021-12-29,48.0,,0,36.07,,,,1,2024-12-31
218500478002092022661PA390100,21850047800209,32,2022-11-15,48.0,,0,25.53,,,,1,2024-12-31
21850047800209202424PF0102,21850047800209,32,2024-05-07,1.0,,0,7.82,,,,1,2024-12-31
200053619000172024M2404L03,20005361900017,35,2024-02-26,1.0,,0,10.15,,,,1,2024-12-31
200053619000172024M2405L01,20005361900017,35,2024-05-06,1.0,,0,7.85,,,,1,2024-12-31
20006001000010202008B457L00D00,20006001000010,48,2020-07-13,36.0,,0,53.61,,,,1,2024-12-31
20006001000010202207B450L00D00,20006001000010,48,2022-09-28,60.0,,0,27.1,,,,1,2024-12-31
20006001000010202207B450L00D1,20006001000010,48,2022-09-28,60.0,,0,27.1,,,,1,2024-12-31
200060010000102022202207B45000,20006001000010,48,2022-09-28,36.0,,0,27.1,,,,1,2024-12-31
200060010000102022202207B450,20006001000010,48,2024-02-29,36.0,,0,10.05,,,,1,2024-12-31
200060010000102022202207B45001,20006001000010,48,2024-02-29,36.0,,0,10.05,,,,1,2024-12-31
20006001000010202411B450-L00,20006001000010,48,2024-05-06,60.0,,0,7.85,,,,1,2024-12-31
20006001000010202411B450L00D0,20006001000010,48,2024-05-06,60.0,,0,7.85,,,,1,2024-12-31
247200090000142021Cdc0050100,24720009000014,35,2021-06-21,48.0,,0,42.35,,,,1,2024-12-31
247200090000142021Cdc0050200,24720009000014,35,2021-06-21,48.0,,0,42.35,,,,1,2024-12-31
247200090000142021Cdc0050300,24720009000014,35,2021-06-21,48.0,,0,42.35,,,,1,2024-12-31
247200090000142021Cdc0050400,24720009000014,35,2021-06-21,48.0,,0,42.35,,,,1,2024-12-31
24720009000014202424CPS09L01,24720009000014,35,2024-05-06,48.0,,0,7.85,,,,1,2024-12-31
288500010000132019MA190900,28850001000013,48,2019-12-13,48.0,,0,60.61,,,,1,2024-12-31
288500010000132019MA190901,28850001000013,48,2020-07-24,48.0,,0,53.25,,,,1,2024-12-31
288500010000132022MSP220400,28850001000013,48,2022-05-05,48.0,,0,31.9,,,,1,2024-12-31
288500010000132022MA221000,28850001000013,48,2022-05-20,36.0,,0,31.41,,,,1,2024-12-31
288500010000132022MSP220801,28850001000013,48,2022-10-11,12.0,,0,26.68,,,,1,2024-12-31
288500010000132023MSP21010200,28850001000013,48,2023-01-06,3.0,,0,23.82,,,,1,2024-12-31
2885000100001320239MSP21010300,28850001000013,48,2023-01-13,5.0,,0,23.59,,,,1,2024-12-31
288500010000132023MA23060100,28850001000013,48,2023-01-27,26.0,,0,23.13,,,,1,2024-12-31
288500010000132023MA23060200,28850001000013,48,2023-01-27,36.0,,0,23.13,,,,1,2024-12-31
288500010000132023MSP21010400,28850001000013,48,2023-02-17,4.0,,0,22.44,,,,1,2024-12-31
288500010000132024AO240400,28850001000013,48,2024-05-06,48.0,,0,7.85,,,,1,2024-12-31
254401243000122024S00016,25440124300012,72,2024-04-30,48.0,,0,8.05,,,,1,2024-12-31
288500010000132020PN190100,28850001000013,35,2020-02-14,8.0,,0,58.54,,,,1,2024-12-31
288500010000132022MA221101,28850001000013,35,2022-06-14,12.0,,0,30.58,,,,1,2024-12-31
288500010000132022MA221102,28850001000013,35,2022-06-14,12.0,,0,30.58,,,,1,2024-12-31
288500010000132023MA23130200,28850001000013,35,2023-08-03,1.0,,0,16.95,,,,1,2024-12-31
288500010000132023MA23130100,28850001000013,35,2023-08-24,1.0,,0,16.26,,,,1,2024-12-31
288500010000132023MA23130101,28850001000013,35,2023-08-24,1.0,,0,16.26,,,,1,2024-12-31
288500010000132023MA231600,28850001000013,35,2023-11-20,8.0,,0,13.37,,,,1,2024-12-31
28850001000013241016886,28850001000013,35,2024-04-30,48.0,,0,8.05,,,,1,2024-12-31
214401432000152019190550100,21440143200015,48,2019-11-06,84.0,,0,61.83,,,,1,2024-12-31
214401432000152019190590100,21440143200015,48,2019-12-09,12.0,,0,60.74,,,,1,2024-12-31
214401432000152020200060100,21440143200015,48,2020-03-05,48.0,,0,57.88,,,,1,2024-12-31
214401432000152020200060200,21440143200015,48,2020-03-05,48.0,,0,57.88,,,,1,2024-12-31
214401432000152020200140100,21440143200015,48,2020-06-10,60.0,,0,54.7,,,,1,2024-12-31
214401432000152020200270100,21440143200015,48,2020-11-02,48.0,,0,49.93,,,,1,2024-12-31
214401432000152021200430100,21440143200015,48,2021-01-05,12.0,,0,47.83,,,,1,2024-12-31
214401432000152021200430200,21440143200015,48,2021-01-05,12.0,,0,47.83,,,,1,2024-12-31
214401432000152021200430300,21440143200015,48,2021-01-05,12.0,,0,47.83,,,,1,2024-12-31
214401432000152021210550100,21440143200015,48,2021-10-04,12.0,,0,38.9,,,,1,2024-12-31
2144014320001520242303901,21440143200015,48,2024-02-01,48.0,,0,10.97,,,,1,2024-12-31
214401432000152304301,21440143200015,48,2024-02-21,72.0,,0,10.32,,,,1,2024-12-31
21440143200015230430100,21440143200015,48,2024-02-21,72.0,,0,10.32,,,,1,2024-12-31
2144014320001520242400601,21440143200015,48,2024-04-29,12.0,,0,8.08,,,,1,2024-12-31
214401432000152024240060100,21440143200015,48,2024-04-29,12.0,,0,8.08,,,,1,2024-12-31
45045211500030202426twr0000000,45045211500030,35,2024-04-26,12.0,,0,8.18,,,,1,2024-12-31
482414216000442022CDB-06000000,48241421600044,72,2022-03-29,12.0,,0,33.11,,,,1,2024-12-31
482414216000442022CDB-07000000,48241421600044,72,2022-03-29,12.0,,0,33.11,,,,1,2024-12-31
482414216000442022DAF-03000000,48241421600044,72,2022-03-31,48.0,,0,33.05,,,,1,2024-12-31
482414216000442022igzq30000000,48241421600044,72,2022-05-25,48.0,,0,31.24,,,,1,2024-12-31
482414216000442022CDB220000000,48241421600044,72,2022-12-19,10.0,482414216000442022CDB200000000,1,9.86,9.86,0.647,0.746,0,
482414216000442022CDB230000000,48241421600044,72,2022-12-19,10.0,482414216000442022CDB200000000,1,9.86,9.86,0.647,0.746,0,
482414216000442022CDB240000000,48241421600044,72,2022-12-19,10.0,482414216000442022CDB200000000,1,9.86,9.86,0.647,0.746,0,
482414216000442023DAF-02000000,48241421600044,72,2023-06-12,48.0,,0,18.66,,,,1,2024-12-31
48241421600044202399ecc0000000,48241421600044,72,2023-10-02,36.0,,0,14.98,,,,1,2024-12-31
48241421600044202332s5x0000000,48241421600044,72,2023-10-04,36.0,,0,14.91,,,,1,2024-12-31
482414216000442022CDB200000000,48241421600044,72,2023-10-15,10.0,,0,14.55,,,,1,2024-12-31
482414216000442023DT-020000000,48241421600044,72,2024-04-26,48.0,,0,8.18,,,,1,2024-12-31
214401796000882023VIDEO-TRVX,21440179600088,35,2024-04-23,2.0,,0,8.28,,,,1,2024-12-31
225300011000152024008800,22530001100015,32,2024-04-23,48.0,,0,8.28,,,,1,2024-12-31
20005433600017202398068600,20005433600017,35,2023-11-27,12.0,,0,13.14,,,,1,2024-12-31
20005433600017241014400,20005433600017,35,2024-04-22,11.0,,0,8.31,,,,1,2024-12-31
278500012001842022S00089,27850001200184,72,2022-07-26,8.0,,0,29.2,,,,1,2024-12-31
278500012001842023S00061,27850001200184,72,2023-11-30,24.0,,0,13.04,,,,1,2024-12-31
278500012001842023S00177,27850001200184,72,2024-01-02,24.0,,0,11.96,,,,1,2024-12-31
2785000120018400210,27850001200184,72,2024-04-22,19.0,,0,8.31,,,,1,2024-12-31
21440035000010202401181439,21440035000010,72,2023-10-19,60.0,,0,14.42,,,,1,2024-12-31
2144003500001020240118143900,21440035000010,72,2023-10-19,60.0,,0,14.42,,,,1,2024-12-31
21440035000010202401181220,21440035000010,72,2024-01-02,48.0,,0,11.96,,,,1,2024-12-31
2144003500001020240118122000,21440035000010,72,2024-01-02,48.0,,0,11.96,,,,1,2024-12-31
2144003500001020240118122000,21440035000010,72,2024-01-02,48.0,,0,11.96,,,,1,2024-12-31
21440035000010202400831IN,21440035000010,72,2024-04-18,36.0,,0,8.44,,,,1,2024-12-31
21440035000010202400831IN00,21440035000010,72,2024-04-18,36.0,,0,8.44,,,,1,2024-12-31
214903288000142024011L00,21490328800014,48,2024-04-17,48.0,,0,8.48,,,,1,2024-12-31
265300236000142020S00026,26530023600014,72,2020-05-06,44.0,,0,55.85,,,,1,2024-12-31
265300236000142020S00027,26530023600014,72,2020-05-06,44.0,,0,55.85,,,,1,2024-12-31
265300236000142024018000000000,26530023600014,72,2024-04-17,12.0,,0,8.48,,,,1,2024-12-31
214900995000172019V1805000,21490099500017,48,2019-01-03,48.0,,0,71.91,,,,1,2024-12-31
214900995000172019V1908000,21490099500017,48,2019-12-13,36.0,214900995000172022V2203300,1,35.38,35.38,0.455,0.587,0,
214900995000172019V1805001,21490099500017,48,2020-02-12,24.0,214900995000172019V1805003,1,23.0,23.0,1.0,0.95,0,
214900995000172019V1805002,21490099500017,48,2021-03-10,36.0,,0,45.73,,,,1,2024-12-31
214900995000172021V2104200,21490099500017,48,2021-08-05,60.0,,0,40.87,,,,1,2024-12-31
214900995000172021V21042R00,21490099500017,48,2021-08-05,60.0,,0,40.87,,,,1,2024-12-31
214900995000172021V21042R01,21490099500017,48,2021-12-02,60.0,,0,36.96,,,,1,2024-12-31
214900995000172019V1805003,21490099500017,48,2022-01-12,48.0,,0,35.61,,,,1,2024-12-31
214900995000172022V2203300,21490099500017,48,2022-11-24,36.0,,0,25.23,,,,1,2024-12-31
214900995000172024V25013,21490099500017,48,2024-04-16,48.0,,0,8.51,,,,1,2024-12-31
22490001900015169719401809100,22490001900015,32,2023-10-03,3.0,,0,14.95,,,,1,2024-12-31
22490001900015171940370902400,22490001900015,32,2024-04-16,2.0,,0,8.51,,,,1,2024-12-31
25850022200033202424PS016,25850022200033,48,2024-03-07,36.0,,0,9.82,,,,1,2024-12-31
25850022200033202426C028,25850022200033,48,2024-04-16,48.0,,0,8.51,,,,1,2024-12-31
529260903000162021SOPRAF000300,52926090300016,32,2021-05-10,5.0,,0,43.73,,,,1,2024-12-31
529260903000162021SOPRAF3600,52926090300016,32,2021-09-23,1.0,,0,39.26,,,,1,2024-12-31
529260903000162022SOPRAF000301,52926090300016,32,2022-05-25,4.0,,0,31.24,,,,1,2024-12-31
5292609030001624SOPRAF0003,52926090300016,32,2024-04-15,4.0,,0,8.54,,,,1,2024-12-31
5292609030001624SOPRAF000300,52926090300016,32,2024-04-15,4.0,,0,8.54,,,,1,2024-12-31
21440201800011202178033900,21440201800011,32,2021-04-15,24.0,,0,44.55,,,,1,2024-12-31
21440201800011202288221200,21440201800011,32,2022-08-30,48.0,,0,28.06,,,,1,2024-12-31
21440201800011241013487,21440201800011,32,2024-04-11,48.0,,0,8.67,,,,1,2024-12-31
247200629000762025BG0004,24720062900076,32,2024-04-10,48.0,,0,8.71,,,,1,2024-12-31
247200629000762025BG0004,24720062900076,32,2024-04-10,48.0,,0,8.71,,,,1,2024-12-31
247200629000762025BG0004,24720062900076,32,2024-04-10,48.0,,0,8.71,,,,1,2024-12-31
214900078000122022220340200000,21490007800012,35,2022-06-17,48.0,,0,30.49,,,,1,2024-12-31
214900078000122022220340101,21490007800012,35,2022-06-17,48.0,,0,30.49,,,,1,2024-12-31
214900078000122022220340100000,21490007800012,35,2022-06-17,48.0,,0,30.49,,,,1,2024-12-31
214900078000122022220340100,21490007800012,35,2022-06-17,48.0,,0,30.49,,,,1,2024-12-31
214900078000122022220340200,21490007800012,35,2022-06-17,48.0,,0,30.49,,,,1,2024-12-31
214900078000122022220340203,21490007800012,35,2022-07-07,48.0,,0,29.83,,,,1,2024-12-31
214900078000122022220340202,21490007800012,35,2022-07-07,48.0,,0,29.83,,,,1,2024-12-31
214900078000122022220340201,21490007800012,35,2022-07-07,48.0,,0,29.83,,,,1,2024-12-31
214900078000122022220340402,21490007800012,35,2022-08-04,48.0,,0,28.91,,,,1,2024-12-31
214900078000122022220340400,21490007800012,35,2022-08-04,48.0,,0,28.91,,,,1,2024-12-31
214900078000122022220340401,21490007800012,35,2022-08-04,48.0,,0,28.91,,,,1,2024-12-31
214900078000122022220340103,21490007800012,35,2023-03-31,48.0,,0,21.06,,,,1,2024-12-31
214900078000122022220340102,21490007800012,35,2023-03-31,48.0,,0,21.06,,,,1,2024-12-31
214900078000122023230380101,21490007800012,35,2023-07-19,37.0,,0,17.44,,,,1,2024-12-31
214900078000122023230380100000,21490007800012,35,2023-07-19,36.0,,0,17.44,,,,1,2024-12-31
2149000780001220222203402,21490007800012,35,2024-03-22,48.0,,0,9.33,,,,1,2024-12-31
214900078000122024G24007P,21490007800012,35,2024-04-09,48.0,,0,8.74,,,,1,2024-12-31
2772000360019620191903500,27720003600196,72,2019-06-14,48.0,,0,66.59,,,,1,2024-12-31
2772000360019620222200600,27720003600196,72,2022-03-21,9.0,,0,33.38,,,,1,2024-12-31
2772000360019620232300300,27720003600196,72,2023-02-22,12.0,,0,22.27,,,,1,2024-12-31
277200036001962024240101,27720003600196,72,2024-04-08,12.0,,0,8.77,,,,1,2024-12-31
27720003600196202424010100,27720003600196,72,2024-04-08,12.0,,0,8.77,,,,1,2024-12-31
391722881000522018r9MOt9llsN00,39172288100052,72,2019-02-11,4.0,,0,70.63,,,,1,2024-12-31
391722881000522019gcKKLkh2OM00,39172288100052,72,2019-12-24,3.0,,0,60.25,,,,1,2024-12-31
391722881000522019I8Es_cNNHf00,39172288100052,72,2020-07-29,3.0,,0,53.09,,,,1,2024-12-31
391722881000522019_iky6yLPLm00,39172288100052,72,2020-08-03,1.0,,0,52.92,,,,1,2024-12-31
391722881000522020ZwGKXrJV4w00,39172288100052,72,2020-08-17,36.0,,0,52.46,,,,1,2024-12-31
391722881000522021TUhGCDeTKJ00,39172288100052,72,2021-01-05,36.0,,0,47.83,,,,1,2024-12-31
391722881000522020H86aERUz5s00,39172288100052,72,2021-01-06,72.0,,0,47.8,,,,1,2024-12-31
391722881000522020JizE6PLF1y00,39172288100052,72,2021-01-18,24.0,,0,47.4,,,,1,2024-12-31
391722881000522019_rKnWR6_3000,39172288100052,72,2021-02-16,60.0,,0,46.45,,,,1,2024-12-31
391722881000522019_rKnWR6_3000,39172288100052,72,2021-02-16,60.0,,0,46.45,,,,1,2024-12-31
391722881000522019_rKnWR6_3000,39172288100052,72,2021-02-16,60.0,,0,46.45,,,,1,2024-12-31
391722881000522021cVPO7YUw4000,39172288100052,72,2021-12-15,36.0,,0,36.53,,,,1,2024-12-31
391722881000522022FXi5BiXTSn00,39172288100052,72,2022-01-21,24.0,,0,35.32,,,,1,2024-12-31
391722881000522022k34zRNFWyb00,39172288100052,72,2022-02-16,48.0,,0,34.46,,,,1,2024-12-31
391722881000522022173OODtZ6y00,39172288100052,72,2022-02-21,60.0,,0,34.3,,,,1,2024-12-31
391722881000522022JipAmrr2hb00,39172288100052,72,2022-02-21,48.0,,0,34.3,,,,1,2024-12-31
391722881000522022fAcwbF5_7o00,39172288100052,72,2022-04-28,58.0,,0,32.13,,,,1,2024-12-31
391722881000522022gZccAGoDbt00,39172288100052,72,2022-09-01,48.0,,0,27.99,,,,1,2024-12-31
391722881000522023KNXPgOSGE800,39172288100052,72,2023-01-12,36.0,,0,23.62,,,,1,2024-12-31
3917228810005220236UeZnpWzug00,39172288100052,72,2023-02-13,48.0,,0,22.57,,,,1,2024-12-31
391722881000522023prk3aLZCn300,39172288100052,72,2023-04-17,48.0,,0,20.5,,,,1,2024-12-31
391722881000522023PAN-22-01L00,39172288100052,72,2023-04-17,48.0,,0,20.5,,,,1,2024-12-31
391722881000522023PAN-22-0100,39172288100052,72,2023-04-17,48.0,,0,20.5,,,,1,2024-12-31
391722881000522023Og-0k-R4YE00,39172288100052,72,2023-06-20,48.0,,0,18.4,,,,1,2024-12-31
391722881000522023AbJAXTHBhG00,39172288100052,72,2023-06-20,48.0,,0,18.4,,,,1,2024-12-31
391722881000522024fyTLBw4vbR00,39172288100052,72,2024-04-03,18.0,,0,8.94,,,,1,2024-12-31
200054302000192020021HTDEBIT00,20005430200019,72,2020-03-18,36.0,200054302000192020021HTDEBIT01,1,35.12,35.12,1.0,0.956,0,
20005430200019202070908500,20005430200019,72,2020-03-19,36.0,200054302000192020021HTDEBIT01,1,35.09,35.09,0.8,0.814,0,
200054302000192020021HTDEBIT01,20005430200019,72,2023-02-20,48.0,,0,22.34,,,,1,2024-12-31
200054302000192410094531,20005430200019,72,2024-04-02,48.0,,0,8.97,,,,1,2024-12-31
200072254000102023MAM0100,20007225400010,32,2023-06-30,9.0,200072254000102023MAM01,1,8.74,8.74,1.0,0.987,0,
200072254000102023MAM01,20007225400010,32,2024-03-22,9.0,,0,9.33,,,,1,2024-12-31
2144004750001520180bbKx6pwvK00,21440047500015,48,2019-02-15,48.0,21440047500015202243-k4ATO0F00,1,44.02,44.02,0.3,0.311,0,
21440047500015202062Q8h1LTEX00,21440047500015,48,2020-05-28,36.0,,0,55.12,,,,1,2024-12-31
2144004750001520207CfAxZQwna00,21440047500015,48,2020-05-28,36.0,,0,55.12,,,,1,2024-12-31
214400475000152022kC2ApVaZGm00,21440047500015,48,2022-06-16,48.0,,0,30.52,,,,1,2024-12-31
21440047500015202243-k4ATO0F00,21440047500015,48,2022-10-17,12.0,2144004750001520245y7wL9DtCK00,1,17.15,17.15,0.435,0.347,0,
2144004750001520245y7wL9DtCK00,21440047500015,48,2024-03-22,48.0,,0,9.33,,,,1,2024-12-31
234400034000262019S00142,23440003400026,72,2020-01-17,48.0,234400034000262023S00211,1,44.48,44.48,0.429,0.424,0,
234400034000262020S00011,23440003400026,72,2020-02-20,36.0,,0,58.34,,,,1,2024-12-31
234400034000262020S00054,23440003400026,72,2020-02-21,12.0,,0,58.31,,,,1,2024-12-31
234400034000262020S00055,23440003400026,72,2020-02-24,22.0,234400034000262021S00348,1,21.02,21.02,0.367,0.508,0,
234400034000262020S00067,23440003400026,72,2020-03-24,16.0,,0,57.26,,,,1,2024-12-31
234400034000262020S00017,23440003400026,72,2020-03-30,48.0,234400034000262023S00211,1,42.08,42.08,0.394,0.28,0,
234400034000262020S00027,23440003400026,72,2020-03-31,36.0,,0,57.03,,,,1,2024-12-31
234400034000262020S00048,23440003400026,72,2020-04-06,48.0,,0,56.83,,,,1,2024-12-31
234400034000262020S00056,23440003400026,72,2020-05-13,24.0,234400034000262022S00041,1,23.98,23.98,0.342,0.539,0,
234400034000262020S00061,23440003400026,72,2020-06-02,48.0,,0,54.96,,,,1,2024-12-31
234400034000262020S00066,23440003400026,72,2020-06-11,48.0,,0,54.66,,,,1,2024-12-31
234400034000262020S00156,23440003400026,72,2020-10-29,48.0,,0,50.07,,,,1,2024-12-31
234400034000262020S00170,23440003400026,72,2020-11-10,48.0,,0,49.67,,,,1,2024-12-31
234400034000262020S00171,23440003400026,72,2020-11-10,48.0,,0,49.67,,,,1,2024-12-31
234400034000262020S00165,23440003400026,72,2020-11-24,48.0,,0,49.21,,,,1,2024-12-31
234400034000262020S00167,23440003400026,72,2021-01-11,24.0,,0,47.63,,,,1,2024-12-31
234400034000262020S00192,23440003400026,72,2021-01-28,24.0,234400034000262023S00030,1,28.02,28.02,0.303,0.311,0,
234400034000262020S00188,23440003400026,72,2021-02-02,48.0,,0,46.91,,,,1,2024-12-31
234400034000262021S00149,23440003400026,72,2021-04-16,48.0,,0,44.51,,,,1,2024-12-31
234400034000262021S00139,23440003400026,72,2021-06-14,48.0,,0,42.58,,,,1,2024-12-31
234400034000262021S00065,23440003400026,72,2021-06-25,48.0,,0,42.21,,,,1,2024-12-31
234400034000262021S00088,23440003400026,72,2021-06-30,48.0,,0,42.05,,,,1,2024-12-31
234400034000262021S00066,23440003400026,72,2021-06-30,48.0,,0,42.05,,,,1,2024-12-31
234400034000262021S00360,23440003400026,72,2021-11-25,48.0,,0,37.19,,,,1,2024-12-31
234400034000262021S00347,23440003400026,72,2021-11-25,48.0,,0,37.19,,,,1,2024-12-31
234400034000262021S00346,23440003400026,72,2021-11-25,48.0,,0,37.19,,,,1,2024-12-31
234400034000262021S00348,23440003400026,72,2021-11-25,48.0,,0,37.19,,,,1,2024-12-31
234400034000262021S00365,23440003400026,72,2021-12-15,48.0,,0,36.53,,,,1,2024-12-31
234400034000262021S00372,23440003400026,72,2022-01-10,48.0,,0,35.68,,,,1,2024-12-31
234400034000262021S00356,23440003400026,72,2022-01-12,48.0,,0,35.61,,,,1,2024-12-31
234400034000262022S00041,23440003400026,72,2022-05-13,48.0,,0,31.64,,,,1,2024-12-31
234400034000262022S00019,23440003400026,72,2022-05-17,48.0,,0,31.5,,,,1,2024-12-31
234400034000262022S00051,23440003400026,72,2022-05-20,24.0,,0,31.41,,,,1,2024-12-31
234400034000262022S00057,23440003400026,72,2022-06-21,48.0,,0,30.35,,,,1,2024-12-31
234400034000262022S00081,23440003400026,72,2022-07-07,12.0,,0,29.83,,,,1,2024-12-31
234400034000262022S00082,23440003400026,72,2022-07-08,24.0,,0,29.8,,,,1,2024-12-31
234400034000262023S00004,23440003400026,72,2023-03-30,5.0,,0,21.09,,,,1,2024-12-31
234400034000262023S00030,23440003400026,72,2023-05-31,48.0,,0,19.05,,,,1,2024-12-31
234400034000262023S00211,23440003400026,72,2023-10-02,48.0,,0,14.98,,,,1,2024-12-31
234400034000262024S00012,23440003400026,72,2023-12-26,48.0,,0,12.19,,,,1,2024-12-31
234400034000262024S00010,23440003400026,72,2023-12-26,12.0,,0,12.19,,,,1,2024-12-31
234400034000262024S00006,23440003400026,72,2024-02-13,48.0,,0,10.58,,,,1,2024-12-31
234400034000262024S00055,23440003400026,72,2024-03-12,36.0,,0,9.66,,,,1,2024-12-31
234400034000262024S00054,23440003400026,72,2024-03-12,36.0,,0,9.66,,,,1,2024-12-31
234400034000262024S00053,23440003400026,72,2024-03-12,36.0,,0,9.66,,,,1,2024-12-31
234400034000262024S00052,23440003400026,72,2024-03-12,36.0,,0,9.66,,,,1,2024-12-31
234400034000262024S00056,23440003400026,72,2024-03-18,36.0,,0,9.46,,,,1,2024-12-31
21720181300011202413335,21720181300011,72,2024-01-30,48.0,,0,11.04,,,,1,2024-12-31
217201813000112024133343,21720181300011,72,2024-02-23,36.0,,0,10.25,,,,1,2024-12-31
21720181300011202413334300,21720181300011,72,2024-02-23,36.0,,0,10.25,,,,1,2024-12-31
21720181300011202413371,21720181300011,72,2024-03-15,48.0,,0,9.56,,,,1,2024-12-31
2172018130001120241337100,21720181300011,72,2024-03-15,48.0,,0,9.56,,,,1,2024-12-31
20005438500014201900180000,20005438500014,32,2019-07-02,12.0,,0,66.0,,,,1,2024-12-31
20005438500014202100540000,20005438500014,32,2021-07-13,36.0,,0,41.62,,,,1,2024-12-31
2000543850001424-24017-00,20005438500014,32,2024-03-08,36.0,,0,9.79,,,,1,2024-12-31
55655032500030202396530200,55655032500030,32,2023-09-06,14.0,,0,15.83,,,,1,2024-12-31
55655032500030202396530400,55655032500030,32,2023-09-06,14.0,,0,15.83,,,,1,2024-12-31
5565503250003024100631516,55655032500030,32,2024-03-07,15.0,,0,9.82,,,,1,2024-12-31
200083236000142024CCA03,20008323600014,72,2024-03-05,48.0,,0,9.89,,,,1,2024-12-31
20007116500118202525A01801,20007116500118,48,2024-03-04,120.0,,0,9.92,,,,1,2024-12-31
20007116500167202525A01801,20007116500167,48,2024-03-04,120.0,,0,9.92,,,,1,2024-12-31
20008213900011202525V01001,20008213900011,48,2024-03-04,50.0,,0,9.92,,,,1,2024-12-31
389106865000142024G1Yy73E0-m00,38910686500014,72,2024-02-28,120.0,,0,10.09,,,,1,2024-12-31
389106865000142024kQZo8jKGEQ00,38910686500014,72,2024-02-28,120.0,,0,10.09,,,,1,2024-12-31
248500191000232023_55_M_COM000,24850019100023,72,2024-02-27,60.0,,0,10.12,,,,1,2024-12-31
200043115000192023070000000000,20004311500019,72,2024-02-21,24.0,,0,10.32,,,,1,2024-12-31
244400537000352022M050300,24440053700035,72,2022-07-18,18.0,,0,29.47,,,,1,2024-12-31
244400537000352022M050100,24440053700035,72,2022-09-09,18.0,,0,27.73,,,,1,2024-12-31
244400537000352022M050200,24440053700035,72,2022-09-09,18.0,,0,27.73,,,,1,2024-12-31
244400537000352022M050400,24440053700035,72,2022-09-09,18.0,,0,27.73,,,,1,2024-12-31
244400537000352023M17,24440053700035,72,2024-02-21,12.0,,0,10.32,,,,1,2024-12-31
244400537000352023M1700,24440053700035,72,2024-02-21,12.0,,0,10.32,,,,1,2024-12-31
26490044000019202420237055,26490044000019,72,2024-02-20,48.0,,0,10.35,,,,1,2024-12-31
28440002500011201965176200,28440002500011,72,2019-06-14,12.0,,0,66.59,,,,1,2024-12-31
28440002500011202420240201,28440002500011,72,2024-02-19,48.0,,0,10.38,,,,1,2024-12-31
284400025000112025611,28440002500011,72,2024-02-19,48.0,,0,10.38,,,,1,2024-12-31
2844000250002924-1037071,28440002500029,72,2024-01-30,24.0,,0,11.04,,,,1,2024-12-31
2844000250002924999897,28440002500029,72,2024-02-19,48.0,,0,10.38,,,,1,2024-12-31
775604853000412019a7quqE9R4800,77560485300041,72,2019-05-07,12.0,,0,67.84,,,,1,2024-12-31
775604853000412019IPt5qzsUlK00,77560485300041,72,2019-07-09,48.0,,0,65.77,,,,1,2024-12-31
775604853000412018hR1zz_aLwF00,77560485300041,72,2019-09-09,7.0,,0,63.73,,,,1,2024-12-31
775604853000412021G3ePId_zsS00,77560485300041,72,2021-05-06,48.0,,0,43.86,,,,1,2024-12-31
775604853000412021Sa5YoY6qXD00,77560485300041,72,2021-12-17,12.0,,0,36.47,,,,1,2024-12-31
775604853000412021pLGJyD_1HT00,77560485300041,72,2021-12-17,48.0,,0,36.47,,,,1,2024-12-31
775604853000412022vQ2ysUdMSn00,77560485300041,72,2022-01-07,48.0,,0,35.78,,,,1,2024-12-31
775604853000412022otnSWJ-u4C00,77560485300041,72,2022-07-21,26.0,,0,29.37,,,,1,2024-12-31
775604853000412023nnK6eY-9qm00,77560485300041,72,2023-10-10,27.0,,0,14.72,,,,1,2024-12-31
775604853000412023v4Y_F7M27M00,77560485300041,72,2023-10-30,50.0,,0,14.06,,,,1,2024-12-31
775604853000412024JLa2yh3jsH00,77560485300041,72,2024-02-15,36.0,,0,10.51,,,,1,2024-12-31
2000574380001820244eg770000000,20005743800018,48,2024-02-14,36.0,,0,10.55,,,,1,2024-12-31
200068955000182020-1900,20006895500018,72,2020-12-18,12.0,,0,48.42,,,,1,2024-12-31
200068955000182020-19,20006895500018,72,2024-02-06,48.0,,0,10.81,,,,1,2024-12-31
200068955000182020-1901,20006895500018,72,2024-02-06,48.0,,0,10.81,,,,1,2024-12-31
79915633600015201910uEhGxs5P00,79915633600015,72,2019-04-23,12.0,,0,68.3,,,,1,2024-12-31
799156336000152023GIE0006,79915633600015,72,2024-02-06,36.0,,0,10.81,,,,1,2024-12-31
200072726000332023C24-N01,20007272600033,32,2024-01-16,24.0,,0,11.5,,,,1,2024-12-31
218500825001282024VIDEOPROTE,21850082500128,32,2024-01-09,48.0,,0,11.73,,,,1,2024-12-31
200071900000192023080000000000,20007190000019,48,2023-11-30,48.0,,0,13.04,,,,1,2024-12-31
200071900000192023075AC0000000,20007190000019,48,2024-01-04,60.0,,0,11.89,,,,1,2024-12-31
200067635001322021056000000000,20006763500132,72,2022-02-22,48.0,,0,34.26,,,,1,2024-12-31
2000676350013220232023-05400,20006763500132,72,2023-07-12,48.0,,0,17.67,,,,1,2024-12-31
200067635001322023064000000001,20006763500132,72,2024-01-02,48.0,,0,11.96,,,,1,2024-12-31
244900015000112022G22072P00000,24490001500011,32,2022-09-08,48.0,,0,27.76,,,,1,2024-12-31
244900015000112022G22072P00,24490001500011,32,2022-09-08,48.0,,0,27.76,,,,1,2024-12-31
244900015000112022G22072P00,24490001500011,32,2022-09-08,48.0,,0,27.76,,,,1,2024-12-31
244900015000112022G22072P00000,24490001500011,32,2022-09-08,48.0,,0,27.76,,,,1,2024-12-31
244900015000112022G22072P01,24490001500011,32,2022-10-03,48.0,,0,26.94,,,,1,2024-12-31
244900015000112022G22072P01,24490001500011,32,2022-10-03,48.0,,0,26.94,,,,1,2024-12-31
244900015000112022G22070P00000,24490001500011,32,2022-10-10,48.0,,0,26.71,,,,1,2024-12-31
244900015000112022G22070P00000,24490001500011,32,2022-10-10,48.0,,0,26.71,,,,1,2024-12-31
244900015000112022G22070P00000,24490001500011,32,2022-10-10,48.0,,0,26.71,,,,1,2024-12-31
244900015000112023G22095P00000,24490001500011,32,2023-01-30,48.0,,0,23.03,,,,1,2024-12-31
244900015000112023G22095P00000,24490001500011,32,2023-01-30,48.0,,0,23.03,,,,1,2024-12-31
244900015000112023G22093P00000,24490001500011,32,2023-01-30,48.0,,0,23.03,,,,1,2024-12-31
244900015000112023G22093P00000,24490001500011,32,2023-01-30,48.0,,0,23.03,,,,1,2024-12-31
244900015000112023G22093P00000,24490001500011,32,2023-01-30,48.0,,0,23.03,,,,1,2024-12-31
244900015000112023G22091P00000,24490001500011,32,2023-01-30,48.0,,0,23.03,,,,1,2024-12-31
244900015000112023G22091P00000,24490001500011,32,2023-01-30,48.0,,0,23.03,,,,1,2024-12-31
244900015000112023G22091P00000,24490001500011,32,2023-01-30,48.0,,0,23.03,,,,1,2024-12-31
244900015000112023G22091P00000,24490001500011,32,2023-01-30,48.0,,0,23.03,,,,1,2024-12-31
244900015000112023G22093P00000,24490001500011,32,2023-01-30,48.0,,0,23.03,,,,1,2024-12-31
244900015000112023G22094P00000,24490001500011,32,2023-01-31,48.0,,0,23.0,,,,1,2024-12-31
244900015000112023G22094P00000,24490001500011,32,2023-01-31,48.0,,0,23.0,,,,1,2024-12-31
244900015000112023G22094P00000,24490001500011,32,2023-01-31,48.0,,0,23.0,,,,1,2024-12-31
244900015000112023A23034P,24490001500011,32,2024-01-01,72.0,,0,11.99,,,,1,2024-12-31
234400034000262020S00075,23440003400026,48,2020-07-22,48.0,,0,53.32,,,,1,2024-12-31
234400034000262021S00009,23440003400026,48,2021-02-26,48.0,,0,46.12,,,,1,2024-12-31
234400034000262021S00153,23440003400026,48,2021-06-14,48.0,,0,42.58,,,,1,2024-12-31
234400034000262021F00239,23440003400026,48,2021-09-22,6.0,234400034000262022F00036,1,7.65,7.65,0.308,0.433,0,
234400034000262021F00234,23440003400026,48,2021-10-08,24.0,,0,38.76,,,,1,2024-12-31
234400034000262021F00350,23440003400026,48,2021-11-25,12.0,234400034000262022F00063,1,7.39,7.39,0.6,0.49,0,
234400034000262022F00007,23440003400026,48,2022-03-15,9.0,234400034000262022F00063,1,3.78,3.78,0.533,0.412,0,
234400034000262022F00036,23440003400026,48,2022-05-13,6.0,234400034000262022F00063,1,1.84,1.84,0.308,0.307,0,
234400034000262022F00046,23440003400026,48,2022-06-14,6.0,,0,30.58,,,,1,2024-12-31
234400034000262022F00061,23440003400026,48,2022-07-04,48.0,,0,29.93,,,,1,2024-12-31
234400034000262022F00063,23440003400026,48,2022-07-08,12.0,234400034000262023F00228,1,17.67,17.67,0.609,0.442,0,
234400034000262022S00064,23440003400026,48,2022-07-11,48.0,,0,29.7,,,,1,2024-12-31
234400034000262022F00067,23440003400026,48,2022-07-22,48.0,,0,29.34,,,,1,2024-12-31
234400034000262022F00158,23440003400026,48,2022-11-08,60.0,,0,25.76,,,,1,2024-12-31
234400034000262022F00178,23440003400026,48,2023-01-19,60.0,,0,23.39,,,,1,2024-12-31
234400034000262023S00016,23440003400026,48,2023-03-29,60.0,,0,21.12,,,,1,2024-12-31
234400034000262023F00228,23440003400026,48,2023-12-28,7.0,,0,12.12,,,,1,2024-12-31
24720013200014202401181508,24720013200014,32,2023-12-28,30.0,,0,12.12,,,,1,2024-12-31
2472001320001420240118150800,24720013200014,32,2023-12-28,30.0,,0,12.12,,,,1,2024-12-31
254401243000122024F00048,25440124300012,48,2023-12-28,48.0,,0,12.12,,,,1,2024-12-31
75256187800014241000008,75256187800014,48,2023-12-28,60.0,,0,12.12,,,,1,2024-12-31
2144015800001120222500,21440158000011,48,2022-11-30,12.0,,0,25.03,,,,1,2024-12-31
2144015800001120231200,21440158000011,48,2023-12-26,12.0,,0,12.19,,,,1,2024-12-31
2444005520002624-1061944,24440055200026,35,2023-03-21,18.0,,0,21.39,,,,1,2024-12-31
24440055200026202398703500,24440055200026,35,2023-12-26,36.0,,0,12.19,,,,1,2024-12-31
2144019030015524-990363,21440190300155,35,2023-12-21,12.0,,0,12.35,,,,1,2024-12-31
234400034000262020F00023,23440003400026,35,2020-03-31,24.0,,0,57.03,,,,1,2024-12-31
234400034000262023F00226,23440003400026,35,2023-12-21,48.0,,0,12.35,,,,1,2024-12-31
248500662000152023764000000000,24850066200015,72,2023-12-21,12.0,,0,12.35,,,,1,2024-12-31
1300297470001620222023S0822800,13002974700016,72,2022-10-10,57.0,,0,26.71,,,,1,2024-12-31
1300297470001620222023S0822700,13002974700016,72,2022-10-13,57.0,,0,26.61,,,,1,2024-12-31
1300297470001620232023S0144700,13002974700016,72,2023-02-13,24.0,,0,22.57,,,,1,2024-12-31
1300297470001620232023S0571000,13002974700016,72,2023-02-13,48.0,,0,22.57,,,,1,2024-12-31
1300297470001620232023S1278000,13002974700016,72,2023-06-06,48.0,,0,18.86,,,,1,2024-12-31
1300297470001620232023S2705500,13002974700016,72,2023-12-20,72.0,,0,12.39,,,,1,2024-12-31
214400699001432023MGU002700,21440069900143,72,2023-12-20,39.0,,0,12.39,,,,1,2024-12-31
20008465500014202323_025V00,20008465500014,32,2023-12-19,48.0,,0,12.42,,,,1,2024-12-31
24530044700019202323_072CC00,24530044700019,32,2023-12-19,48.0,,0,12.42,,,,1,2024-12-31
200040475001192024Z-B-NOYEN00,20004047500119,32,2023-12-18,24.0,,0,12.45,,,,1,2024-12-31
25850022200033202323C196_100,25850022200033,32,2023-12-15,48.0,,0,12.55,,,,1,2024-12-31
25850022200033202323C196_100,25850022200033,32,2023-12-15,48.0,,0,12.55,,,,1,2024-12-31
25850022200033202323C196_100,25850022200033,32,2023-12-15,48.0,,0,12.55,,,,1,2024-12-31
258502962000402023202347800,25850296200040,35,2023-12-15,48.0,,0,12.55,,,,1,2024-12-31
2672001600001320182018F1836200,26720016000013,32,2018-12-11,3.0,2672001600001320192019F0716300,1,3.09,3.09,0.833,0.879,0,
2672001600001320192019F0716300,26720016000013,32,2019-03-15,3.0,2672001600001320192019F1826400,1,5.91,5.91,0.917,0.796,0,
2672001600001320192019F1826400,26720016000013,32,2019-09-11,3.0,2672001600001320192019F2455300,1,3.02,3.02,0.786,0.849,0,
2672001600001320192019F2347700,26720016000013,32,2019-11-28,48.0,,0,61.1,,,,1,2024-12-31
2672001600001320192019F2345200,26720016000013,32,2019-11-28,48.0,,0,61.1,,,,1,2024-12-31
2672001600001320192019F2455300,26720016000013,32,2019-12-12,3.0,2672001600001320202020F0406500,1,3.09,3.09,1.0,0.996,0,
2672001600001320202020F0406500,26720016000013,32,2020-03-15,3.0,,0,57.56,,,,1,2024-12-31
2672001600001320202020F2100000,26720016000013,32,2020-12-23,12.0,,0,48.26,,,,1,2024-12-31
2672001600001320212021F0679900,26720016000013,32,2021-04-26,48.0,,0,44.19,,,,1,2024-12-31
2672001600001320222021S2511300,26720016000013,32,2022-01-11,48.0,,0,35.64,,,,1,2024-12-31
2672001600001320222021F2600900,26720016000013,32,2022-01-13,48.0,,0,35.58,,,,1,2024-12-31
2672001600001320222021F2600800,26720016000013,32,2022-01-13,48.0,,0,35.58,,,,1,2024-12-31
2672001600001320222021F2600600,26720016000013,32,2022-01-13,48.0,,0,35.58,,,,1,2024-12-31
2672001600001320222021F2600500,26720016000013,32,2022-01-13,48.0,,0,35.58,,,,1,2024-12-31
2672001600001320222021F2600400,26720016000013,32,2022-01-13,48.0,,0,35.58,,,,1,2024-12-31
2672001600001320222021F2600300,26720016000013,32,2022-01-13,48.0,,0,35.58,,,,1,2024-12-31
2672001600001320222021F2600700,26720016000013,32,2022-01-13,48.0,,0,35.58,,,,1,2024-12-31
2672001600001320222022F0087800,26720016000013,32,2022-01-21,48.0,,0,35.32,,,,1,2024-12-31
2672001600001320222022F1810100,26720016000013,32,2022-10-19,48.0,,0,26.41,,,,1,2024-12-31
2672001600001320232023F1794400,26720016000013,32,2023-09-14,48.0,,0,15.57,,,,1,2024-12-31
2672001600001320232023F2554000,26720016000013,32,2023-12-12,3.0,,0,12.65,,,,1,2024-12-31
2672001600001320232023F2553900,26720016000013,32,2023-12-12,3.0,,0,12.65,,,,1,2024-12-31
2000149260003020234300,20001492600030,72,2023-12-04,60.0,,0,12.91,,,,1,2024-12-31
2000149260003020234600,20001492600030,72,2023-12-06,24.0,,0,12.84,,,,1,2024-12-31
2000149260003020234800,20001492600030,72,2023-12-06,24.0,,0,12.84,,,,1,2024-12-31
2000332980001520222022019BIC00,20003329800015,32,2022-05-12,2.0,,0,31.67,,,,1,2024-12-31
2000332980001520232023067BG00,20003329800015,32,2023-12-05,16.0,,0,12.88,,,,1,2024-12-31
244900015000602023A23099T,24490001500060,48,2023-09-25,48.0,,0,15.21,,,,1,2024-12-31
244900015000602023A23099T00,24490001500060,48,2023-09-25,48.0,,0,15.21,,,,1,2024-12-31
244900015000602023A23124T00,24490001500060,48,2023-11-30,3.0,,0,13.04,,,,1,2024-12-31
21440184600016201905271343B00,21440184600016,32,2019-10-07,48.0,214401846000162023061910MVB00,1,49.74,49.74,0.833,0.796,0,
21440184600016201905271343A00,21440184600016,32,2019-10-07,48.0,214401846000162023061910MVA00,1,49.51,49.51,0.455,0.543,0,
21440184600016201905271343A01,21440184600016,32,2019-10-07,24.0,,0,62.81,,,,1,2024-12-31
21440184600016201905271343A01,21440184600016,32,2019-10-07,24.0,,0,62.81,,,,1,2024-12-31
214401846000162019092416MVD00,21440184600016,32,2019-12-27,49.0,,0,60.15,,,,1,2024-12-31
214401846000162019092416MVC00,21440184600016,32,2019-12-27,49.0,,0,60.15,,,,1,2024-12-31
214401846000162019092416MVA00,21440184600016,32,2019-12-27,49.0,,0,60.15,,,,1,2024-12-31
214401846000162019083016MVF00,21440184600016,32,2020-06-03,49.0,,0,54.93,,,,1,2024-12-31
214401846000162019083016MVF00,21440184600016,32,2020-06-03,49.0,,0,54.93,,,,1,2024-12-31
214401846000162020060909MVB01,21440184600016,32,2020-12-04,48.0,,0,48.88,,,,1,2024-12-31
214401846000162020060909MVB00,21440184600016,32,2020-12-04,48.0,,0,48.88,,,,1,2024-12-31
21440184600016202107080927,21440184600016,32,2021-11-03,24.0,,0,37.91,,,,1,2024-12-31
21440184600016202107080927,21440184600016,32,2021-11-03,24.0,,0,37.91,,,,1,2024-12-31
21440184600016202107080927,21440184600016,32,2021-11-03,24.0,,0,37.91,,,,1,2024-12-31
2144018460001620210708092702,21440184600016,32,2021-11-03,24.0,,0,37.91,,,,1,2024-12-31
2144018460001620210708092701,21440184600016,32,2021-11-03,48.0,,0,37.91,,,,1,2024-12-31
2144018460001620210708092701,21440184600016,32,2021-11-03,48.0,,0,37.91,,,,1,2024-12-31
2144018460001620210708092700,21440184600016,32,2021-11-03,48.0,,0,37.91,,,,1,2024-12-31
2144018460001620210708092702,21440184600016,32,2021-11-03,24.0,,0,37.91,,,,1,2024-12-31
214401846000162019092416MVD01,21440184600016,32,2022-01-01,49.0,,0,35.97,,,,1,2024-12-31
214401846000162019092416MVD01,21440184600016,32,2022-01-01,49.0,,0,35.97,,,,1,2024-12-31
214401846000162019092416MVC01,21440184600016,32,2022-01-01,49.0,,0,35.97,,,,1,2024-12-31
214401846000162019092416MVA01,21440184600016,32,2022-01-01,49.0,,0,35.97,,,,1,2024-12-31
214401846000162019092416MVA01,21440184600016,32,2022-01-01,49.0,,0,35.97,,,,1,2024-12-31
214401846000162019092416MVC01,21440184600016,32,2022-01-01,49.0,,0,35.97,,,,1,2024-12-31
21440184600016202111091136MV00,21440184600016,32,2022-05-16,49.0,,0,31.54,,,,1,2024-12-31
21440184600016202111091136MV01,21440184600016,32,2022-05-16,49.0,,0,31.54,,,,1,2024-12-31
21440184600016202111091136MV01,21440184600016,32,2022-05-16,49.0,,0,31.54,,,,1,2024-12-31
21440184600016202111091136MV01,21440184600016,32,2022-05-16,49.0,,0,31.54,,,,1,2024-12-31
21440184600016202111091136MV00,21440184600016,32,2022-05-16,49.0,,0,31.54,,,,1,2024-12-31
21440184600016202111091136MV02,21440184600016,32,2022-05-16,49.0,,0,31.54,,,,1,2024-12-31
21440184600016202111091136MV02,21440184600016,32,2022-05-16,49.0,,0,31.54,,,,1,2024-12-31
214401846000162023INV0400,21440184600016,32,2022-05-16,48.0,,0,31.54,,,,1,2024-12-31
214401846000162023INV0400,21440184600016,32,2022-05-16,48.0,,0,31.54,,,,1,2024-12-31
21440184600016202111091136MV02,21440184600016,32,2022-05-16,49.0,,0,31.54,,,,1,2024-12-31
214401846000162021110115MVB00,21440184600016,32,2022-05-17,48.0,,0,31.5,,,,1,2024-12-31
214401846000162021110115MVB00,21440184600016,32,2022-05-17,48.0,,0,31.5,,,,1,2024-12-31
2144018460001620230116135000,21440184600016,32,2023-04-20,48.0,,0,20.4,,,,1,2024-12-31
21440184600016202111091136MV03,21440184600016,32,2023-06-21,49.0,,0,18.36,,,,1,2024-12-31
21440184600016202111091136MV03,21440184600016,32,2023-06-21,49.0,,0,18.36,,,,1,2024-12-31
214401846000162023061910MVA00,21440184600016,32,2023-11-22,48.0,,0,13.3,,,,1,2024-12-31
214401846000162023061910MVB00,21440184600016,32,2023-11-29,48.0,,0,13.07,,,,1,2024-12-31
214401846000162023061910MVB,21440184600016,32,2023-11-29,48.0,,0,13.07,,,,1,2024-12-31
21720334800016202204-0200,21720334800016,32,2023-01-17,20.0,,0,23.46,,,,1,2024-12-31
21720334800016202204-02,21720334800016,32,2023-11-28,20.0,,0,13.11,,,,1,2024-12-31
20004855100010249986462,20004855100010,48,2023-11-23,24.0,,0,13.27,,,,1,2024-12-31
214401325000112019TVX1800,21440132500011,32,2019-07-08,6.0,,0,65.8,,,,1,2024-12-31
21440132500011201968429200,21440132500011,32,2019-10-07,24.0,,0,62.81,,,,1,2024-12-31
21440132500011202068965800,21440132500011,32,2020-01-09,4.0,,0,59.72,,,,1,2024-12-31
21440132500011202075355700,21440132500011,32,2020-12-04,12.0,,0,48.88,,,,1,2024-12-31
21440132500011202176736900,21440132500011,32,2021-05-26,14.0,,0,43.2,,,,1,2024-12-31
2144013250001120230619101,21440132500011,32,2023-11-22,48.0,,0,13.3,,,,1,2024-12-31
214401325000112023061910100,21440132500011,32,2023-11-22,48.0,,0,13.3,,,,1,2024-12-31
2685024240001620192019S2536800,26850242400016,72,2019-12-16,60.0,,0,60.51,,,,1,2024-12-31
2685024240001620192019S2432800,26850242400016,72,2019-12-27,48.0,,0,60.15,,,,1,2024-12-31
2685024240001620202020S0379300,26850242400016,72,2020-03-05,48.0,,0,57.88,,,,1,2024-12-31
2685024240001620202020S0704500,26850242400016,72,2020-05-20,55.0,,0,55.39,,,,1,2024-12-31
2685024240001620202020S2300100,26850242400016,72,2020-12-30,36.0,,0,48.03,,,,1,2024-12-31
2685024240001620202020S2373300,26850242400016,72,2020-12-31,36.0,,0,48.0,,,,1,2024-12-31
2685024240001620212021S2859700,26850242400016,72,2021-06-03,84.0,,0,42.94,,,,1,2024-12-31
2685024240001620222022S1167000,26850242400016,72,2022-06-25,4.0,,0,30.22,,,,1,2024-12-31
2685024240001620232023S0846500,26850242400016,72,2023-05-12,56.0,,0,19.68,,,,1,2024-12-31
2685024240001620232023S1052600,26850242400016,72,2023-06-09,12.0,,0,18.76,,,,1,2024-12-31
2685024240001620232023S1264400,26850242400016,72,2023-07-04,48.0,,0,17.94,,,,1,2024-12-31
2685024240001620232023S2088900,26850242400016,72,2023-10-16,48.0,,0,14.52,,,,1,2024-12-31
2685024240001620232023S2498900,26850242400016,72,2023-11-15,48.0,,0,13.53,,,,1,2024-12-31
21850109600018202222VH01300000,21850109600018,32,2022-06-09,18.0,21850109600018202222VH01300103,1,17.15,17.15,0.5,0.607,0,
21850109600018202222VH01300100,21850109600018,32,2022-06-09,18.0,21850109600018202222VH01300103,1,17.15,17.15,1.0,0.957,0,
21850109600018202222VH01300101,21850109600018,32,2023-01-27,18.0,,0,23.13,,,,1,2024-12-31
21850109600018202222VH01300102,21850109600018,32,2023-05-17,18.0,,0,19.51,,,,1,2024-12-31
21850109600018202222VH01300103,21850109600018,32,2023-11-13,18.0,,0,13.6,,,,1,2024-12-31
258502962000402023M39300000000,25850296200040,48,2023-11-10,48.0,,0,13.7,,,,1,2024-12-31
218500031000162023PA0900000000,21850003100016,32,2023-11-07,1.0,,0,13.8,,,,1,2024-12-31
200083392000152023M111,20008339200015,72,2023-11-04,36.0,,0,13.9,,,,1,2024-12-31
2149026780001720212edb60000000,21490267800017,72,2021-10-15,12.0,,0,38.53,,,,1,2024-12-31
214902678000172023330000000000,21490267800017,72,2023-11-03,60.0,,0,13.93,,,,1,2024-12-31
393267091000972023000000097900,39326709100097,72,2023-10-26,48.0,,0,14.19,,,,1,2024-12-31
200083392000152019M005L1500,20008339200015,32,2019-07-15,39.0,,0,65.57,,,,1,2024-12-31
200083392000152021M06700,20008339200015,32,2021-06-24,3.0,,0,42.25,,,,1,2024-12-31
200083392000152019M005L1501,20008339200015,32,2021-10-11,39.0,,0,38.67,,,,1,2024-12-31
200083392000152021M11600,20008339200015,32,2022-02-01,6.0,200083392000152022M008L0100,1,2.83,2.83,0.333,0.375,0,
200083392000152022M008L0100,20008339200015,32,2022-04-28,12.0,200083392000152022M008L0101,1,17.74,17.74,1.0,0.713,0,
200083392000152022M008L0101,20008339200015,32,2023-10-20,12.0,,0,14.39,,,,1,2024-12-31
218501914005662022235eo0000000,21850191400566,48,2022-05-03,3.0,,0,31.96,,,,1,2024-12-31
218501914005662023V23076000000,21850191400566,48,2023-07-18,12.0,,0,17.48,,,,1,2024-12-31
218501914005662023G23016V00,21850191400566,48,2023-10-20,48.0,,0,14.39,,,,1,2024-12-31
218501914005662023G23016V00,21850191400566,48,2023-10-20,48.0,,0,14.39,,,,1,2024-12-31
218501914005662023G23016V00,21850191400566,48,2023-10-20,48.0,,0,14.39,,,,1,2024-12-31
218501914005662023G23016V00,21850191400566,48,2023-10-20,48.0,,0,14.39,,,,1,2024-12-31
218501914005662023G23016V,21850191400566,48,2023-10-20,48.0,,0,14.39,,,,1,2024-12-31
218501914005662023G23016V,21850191400566,48,2023-10-20,48.0,,0,14.39,,,,1,2024-12-31
218501914005662023G23016V,21850191400566,48,2023-10-20,48.0,,0,14.39,,,,1,2024-12-31
218501914005662023G23016001,21850191400566,48,2023-10-20,48.0,,0,14.39,,,,1,2024-12-31
218501914005662023G2301600100,21850191400566,48,2023-10-20,48.0,,0,14.39,,,,1,2024-12-31
218501914005662023G2301600100,21850191400566,48,2023-10-20,48.0,,0,14.39,,,,1,2024-12-31
218501914005662023G2301600100,21850191400566,48,2023-10-20,48.0,,0,14.39,,,,1,2024-12-31
218501914005662023G23016001,21850191400566,48,2023-10-20,48.0,,0,14.39,,,,1,2024-12-31
218501914005662023G23016001,21850191400566,48,2023-10-20,48.0,,0,14.39,,,,1,2024-12-31
218501914005662023G23016001,21850191400566,48,2023-10-20,48.0,,0,14.39,,,,1,2024-12-31
218501914005662023G2301600100,21850191400566,48,2023-10-20,48.0,,0,14.39,,,,1,2024-12-31
218501914005662023G23016V,21850191400566,48,2023-10-20,48.0,,0,14.39,,,,1,2024-12-31
248500589003172022A22039000,24850058900317,48,2022-12-19,1.0,,0,24.41,,,,1,2024-12-31
248500589003172022A2203900000,24850058900317,48,2022-12-19,1.0,,0,24.41,,,,1,2024-12-31
2485005890031720232cucg0000000,24850058900317,48,2023-10-20,48.0,,0,14.39,,,,1,2024-12-31
2485005890031720232cucg0000000,24850058900317,48,2023-10-20,48.0,,0,14.39,,,,1,2024-12-31
248500589003172023G2301600000,24850058900317,48,2023-10-20,48.0,,0,14.39,,,,1,2024-12-31
248500589003172023G2301600000,24850058900317,48,2023-10-20,48.0,,0,14.39,,,,1,2024-12-31
248500589003172023G2301600000,24850058900317,48,2023-10-20,48.0,,0,14.39,,,,1,2024-12-31
248500589003172023G23016A,24850058900317,48,2023-10-20,48.0,,0,14.39,,,,1,2024-12-31
248500589003172023G23016A,24850058900317,48,2023-10-20,48.0,,0,14.39,,,,1,2024-12-31
248500589003172023G23016A,24850058900317,48,2023-10-20,48.0,,0,14.39,,,,1,2024-12-31
248500589003172023G23016A,24850058900317,48,2023-10-20,48.0,,0,14.39,,,,1,2024-12-31
21440114300018202072368800,21440114300018,35,2020-06-25,6.0,,0,54.2,,,,1,2024-12-31
21440114300018202182634100,21440114300018,35,2021-11-22,36.0,,0,37.29,,,,1,2024-12-31
21440114300018202285372703,21440114300018,35,2022-03-28,48.0,,0,33.15,,,,1,2024-12-31
21440114300018202285372704,21440114300018,35,2022-11-25,48.0,,0,25.2,,,,1,2024-12-31
21440114300018202285372705,21440114300018,35,2023-10-19,48.0,,0,14.42,,,,1,2024-12-31
244900882000972023A020S21,24490088200097,72,2023-10-18,48.0,,0,14.45,,,,1,2024-12-31
244900882000972023A020S2100,24490088200097,72,2023-10-18,48.0,,0,14.45,,,,1,2024-12-31
20005433600017201803700,20005433600017,72,2018-12-11,12.0,,0,72.67,,,,1,2024-12-31
20005433600017202397923100,20005433600017,72,2023-10-12,11.0,,0,14.65,,,,1,2024-12-31
2144013580009520232023IBP1100,21440135800095,48,2023-10-12,48.0,,0,14.65,,,,1,2024-12-31
21440215800015202397040700,21440215800015,35,2023-10-10,39.0,,0,14.72,,,,1,2024-12-31
2685024240001620202020F0940200,26850242400016,32,2020-06-12,60.0,,0,54.63,,,,1,2024-12-31
2685024240001620202020F0940300,26850242400016,32,2020-06-12,60.0,,0,54.63,,,,1,2024-12-31
2685024240001620202020F0940400,26850242400016,32,2020-06-12,60.0,,0,54.63,,,,1,2024-12-31
2685024240001620232023F2027400,26850242400016,32,2023-10-09,34.0,,0,14.75,,,,1,2024-12-31
1800360480228420232023S2597700,18003604802284,72,2023-10-04,12.0,,0,14.91,,,,1,2024-12-31
799245709000162021at6qC2edAM04,79924570900016,32,2021-05-19,7.0,,0,43.43,,,,1,2024-12-31
799245709000162023siscz0000000,79924570900016,32,2023-09-27,22.0,,0,15.14,,,,1,2024-12-31
799245709000162023siscz0000000,79924570900016,32,2023-09-27,22.0,,0,15.14,,,,1,2024-12-31
2772000360019620181807200,27720003600196,48,2018-12-20,48.0,,0,72.37,,,,1,2024-12-31
2772000360019620191905300,27720003600196,48,2019-09-26,36.0,,0,63.17,,,,1,2024-12-31
2772000360019620202005500,27720003600196,48,2020-09-29,34.0,2772000360019620232304100,1,35.74,35.74,0.667,0.68,0,
2772000360019620232304100,27720003600196,48,2023-09-22,36.0,,0,15.31,,,,1,2024-12-31
218502326000182023004100,21850232600018,32,2023-09-21,13.0,,0,15.34,,,,1,2024-12-31
218502326000182023004100,21850232600018,32,2023-09-21,13.0,,0,15.34,,,,1,2024-12-31
40304085000014202024900,40304085000014,32,2020-10-29,5.0,,0,50.07,,,,1,2024-12-31
403040850000142023SH14800,40304085000014,32,2023-09-20,36.0,,0,15.37,,,,1,2024-12-31
2000149260003020232900,20001492600030,32,2023-09-18,18.0,,0,15.44,,,,1,2024-12-31
2000149260003020233000,20001492600030,32,2023-09-18,18.0,,0,15.44,,,,1,2024-12-31
247200629000922023MULTI00100,24720062900092,48,2023-09-18,51.0,,0,15.44,,,,1,2024-12-31
225300011000152019011400,22530001100015,48,2019-09-13,48.0,,0,63.6,,,,1,2024-12-31
225300011000152020015600,22530001100015,48,2020-10-29,48.0,,0,50.07,,,,1,2024-12-31
2253000110001520200209,22530001100015,48,2020-12-28,48.0,,0,48.09,,,,1,2024-12-31
2253000110001520200209,22530001100015,48,2020-12-28,48.0,,0,48.09,,,,1,2024-12-31
225300011000152020020900,22530001100015,48,2020-12-28,48.0,,0,48.09,,,,1,2024-12-31
225300011000152023012300,22530001100015,48,2023-09-15,48.0,,0,15.54,,,,1,2024-12-31
24850062100011202323CC01100100,24850062100011,72,2023-09-15,48.0,,0,15.54,,,,1,2024-12-31
24850062100011202323CC01100100,24850062100011,72,2023-09-15,48.0,,0,15.54,,,,1,2024-12-31
24850062100045202323CC01100000,24850062100045,72,2023-09-15,48.0,,0,15.54,,,,1,2024-12-31
200053593000142023220038000000,20005359300014,32,2022-12-21,48.0,,0,24.34,,,,1,2024-12-31
2000535930001420232300130100,20005359300014,32,2023-09-04,60.0,,0,15.9,,,,1,2024-12-31
2000535930001420232300130100,20005359300014,32,2023-09-04,60.0,,0,15.9,,,,1,2024-12-31
200096659000122023G2301400300,20009665900012,32,2023-09-04,1.0,,0,15.9,,,,1,2024-12-31
218501914005662022V2210000000,21850191400566,32,2022-12-14,1.0,,0,24.57,,,,1,2024-12-31
218501914005662023V230380000,21850191400566,32,2023-04-28,53.0,,0,20.14,,,,1,2024-12-31
218501914005662023G2301400100,21850191400566,32,2023-09-04,1.0,,0,15.9,,,,1,2024-12-31
248500589003172021h23u90000000,24850058900317,32,2021-10-07,36.0,,0,38.8,,,,1,2024-12-31
248500589003172021ploan0000000,24850058900317,32,2021-10-07,36.0,,0,38.8,,,,1,2024-12-31
248500589003172022A2204100000,24850058900317,32,2022-12-09,1.0,,0,24.74,,,,1,2024-12-31
248500589003172023G23014A00,24850058900317,32,2023-09-04,1.0,,0,15.9,,,,1,2024-12-31
2672001600001320182018S1937000,26720016000013,48,2018-10-09,1.0,,0,74.74,,,,1,2024-12-31
2672001600001320182018S1936600,26720016000013,48,2018-10-09,1.0,,0,74.74,,,,1,2024-12-31
2672001600001320182018S1936900,26720016000013,48,2018-10-09,1.0,,0,74.74,,,,1,2024-12-31
2672001600001320182018S1936800,26720016000013,48,2018-10-09,1.0,,0,74.74,,,,1,2024-12-31
2672001600001320182018S1936700,26720016000013,48,2018-10-09,1.0,,0,74.74,,,,1,2024-12-31
267200160000132460921,26720016000013,48,2019-03-05,48.0,,0,69.91,,,,1,2024-12-31
2672001600001320192019F0726000,26720016000013,48,2019-03-11,36.0,,0,69.71,,,,1,2024-12-31
2672001600001320192019F0725900,26720016000013,48,2019-03-11,36.0,,0,69.71,,,,1,2024-12-31
2672001600001320192019F0725800,26720016000013,48,2019-03-11,36.0,,0,69.71,,,,1,2024-12-31
2672001600001320192019F0725700,26720016000013,48,2019-03-11,36.0,,0,69.71,,,,1,2024-12-31
2672001600001320192019F0725600,26720016000013,48,2019-03-11,36.0,,0,69.71,,,,1,2024-12-31
2672001600001320192019F0725400,26720016000013,48,2019-03-11,36.0,,0,69.71,,,,1,2024-12-31
2672001600001320192019F0725300,26720016000013,48,2019-03-11,36.0,,0,69.71,,,,1,2024-12-31
2672001600001320192019F0725200,26720016000013,48,2019-03-11,36.0,,0,69.71,,,,1,2024-12-31
2672001600001320192019F0725500,26720016000013,48,2019-03-13,36.0,,0,69.65,,,,1,2024-12-31
2672001600001320192019S0741300,26720016000013,48,2019-03-21,34.0,2672001600001320212021S1880000,1,30.72,30.72,0.444,0.447,0,
2672001600001320192019F1086400,26720016000013,48,2019-05-25,36.0,,0,67.25,,,,1,2024-12-31
2672001600001320192019F1086500,26720016000013,48,2019-05-25,36.0,,0,67.25,,,,1,2024-12-31
2672001600001320192019F1086600,26720016000013,48,2019-05-25,36.0,,0,67.25,,,,1,2024-12-31
2672001600001320192019F1086800,26720016000013,48,2019-05-25,36.0,,0,67.25,,,,1,2024-12-31
2672001600001320192019F1086900,26720016000013,48,2019-05-25,36.0,,0,67.25,,,,1,2024-12-31
2672001600001320192019F1086700,26720016000013,48,2019-05-25,36.0,,0,67.25,,,,1,2024-12-31
2672001600001320192019F1087000,26720016000013,48,2019-05-25,36.0,,0,67.25,,,,1,2024-12-31
2672001600001320192019S1345600,26720016000013,48,2019-06-14,48.0,,0,66.59,,,,1,2024-12-31
2672001600001320192019S1251300,26720016000013,48,2019-06-17,12.0,2672001600001320202020S0539900,1,9.95,9.95,0.316,0.419,0,
2672001600001320192019S1177500,26720016000013,48,2019-06-17,20.0,,0,66.49,,,,1,2024-12-31
2672001600001320192019S1577100,26720016000013,48,2019-08-07,48.0,,0,64.82,,,,1,2024-12-31
2672001600001320192019S1561300,26720016000013,48,2019-08-07,48.0,,0,64.82,,,,1,2024-12-31
2672001600001320192019F2406400,26720016000013,48,2019-12-02,12.0,2672001600001320212021F0672400,1,16.79,16.79,0.3,0.271,0,
2672001600001320202020S0082500,26720016000013,48,2020-01-21,48.0,,0,59.33,,,,1,2024-12-31
2672001600001320202020S0082700,26720016000013,48,2020-01-21,48.0,,0,59.33,,,,1,2024-12-31
2672001600001320202020S0082600,26720016000013,48,2020-01-21,48.0,,0,59.33,,,,1,2024-12-31
2672001600001320202020S0539900,26720016000013,48,2020-04-15,48.0,,0,56.54,,,,1,2024-12-31
2672001600001320202020F0973200,26720016000013,48,2020-06-16,48.0,,0,54.5,,,,1,2024-12-31
2672001600001320202020S1239100,26720016000013,48,2020-08-27,48.0,,0,52.14,,,,1,2024-12-31
2672001600001320202020F1544700,26720016000013,48,2020-10-01,12.0,,0,50.99,,,,1,2024-12-31
2672001600001320202020F1544800,26720016000013,48,2020-10-07,48.0,,0,50.79,,,,1,2024-12-31
2672001600001320202020S1675200,26720016000013,48,2020-10-22,48.0,,0,50.3,,,,1,2024-12-31
2672001600001320212021F0119200,26720016000013,48,2021-02-08,48.0,,0,46.71,,,,1,2024-12-31
2672001600001320212021F0672800,26720016000013,48,2021-04-20,48.0,,0,44.38,,,,1,2024-12-31
2672001600001320212021F0672400,26720016000013,48,2021-04-26,48.0,,0,44.19,,,,1,2024-12-31
2672001600001320212021S1229900,26720016000013,48,2021-07-08,32.0,,0,41.79,,,,1,2024-12-31
2672001600001320212021S1400500,26720016000013,48,2021-08-02,48.0,,0,40.97,,,,1,2024-12-31
2672001600001320212021F1313600,26720016000013,48,2021-08-03,48.0,,0,40.93,,,,1,2024-12-31
2672001600001320212021F1441500,26720016000013,48,2021-08-06,48.0,,0,40.83,,,,1,2024-12-31
2672001600001320212021F1480100,26720016000013,48,2021-08-31,48.0,,0,40.01,,,,1,2024-12-31
2672001600001320212021S1880000,26720016000013,48,2021-10-11,48.0,,0,38.67,,,,1,2024-12-31
2672001600001320212021F1879800,26720016000013,48,2021-10-11,48.0,,0,38.67,,,,1,2024-12-31
2672001600001320212021S2000200,26720016000013,48,2021-11-19,48.0,,0,37.39,,,,1,2024-12-31
2672001600001320222022F0342900,26720016000013,48,2022-03-10,48.0,,0,33.74,,,,1,2024-12-31
2672001600001320222022F0342800,26720016000013,48,2022-03-10,48.0,,0,33.74,,,,1,2024-12-31
2672001600001320222022F0343000,26720016000013,48,2022-03-10,48.0,,0,33.74,,,,1,2024-12-31
2672001600001320222022F0343800,26720016000013,48,2022-03-10,48.0,,0,33.74,,,,1,2024-12-31
2672001600001320222022F0343200,26720016000013,48,2022-03-10,48.0,,0,33.74,,,,1,2024-12-31
2672001600001320222022F0343400,26720016000013,48,2022-03-10,48.0,,0,33.74,,,,1,2024-12-31
2672001600001320222022F0343700,26720016000013,48,2022-03-10,48.0,,0,33.74,,,,1,2024-12-31
2672001600001320222022F0343100,26720016000013,48,2022-03-10,48.0,,0,33.74,,,,1,2024-12-31
2672001600001320222022F0484100,26720016000013,48,2022-03-29,48.0,,0,33.11,,,,1,2024-12-31
2672001600001320222022S1001400,26720016000013,48,2022-06-22,55.0,,0,30.32,,,,1,2024-12-31
2672001600001320222022F1275600,26720016000013,48,2022-08-03,48.0,,0,28.94,,,,1,2024-12-31
2672001600001320222022F1839000,26720016000013,48,2022-10-26,48.0,,0,26.18,,,,1,2024-12-31
2672001600001320232023F0679800,26720016000013,48,2023-04-18,20.0,,0,20.47,,,,1,2024-12-31
2672001600001320232023F1747900,26720016000013,48,2023-09-04,48.0,,0,15.9,,,,1,2024-12-31
2672001600001320232023F1747800,26720016000013,48,2023-09-04,48.0,,0,15.9,,,,1,2024-12-31
2672001600001320232023F1747700,26720016000013,48,2023-09-04,48.0,,0,15.9,,,,1,2024-12-31
200068955000182021-1401,20006895500018,48,2023-08-31,36.0,,0,16.03,,,,1,2024-12-31
200071553000162023COM0100,20007155300016,72,2023-08-08,48.0,,0,16.79,,,,1,2024-12-31
25720054300037202323-700,25720054300037,48,2023-08-04,40.0,,0,16.92,,,,1,2024-12-31
450452115000302023e9flg0000000,45045211500030,48,2023-07-28,12.0,,0,17.15,,,,1,2024-12-31
200055820000192024VIDEO00,20005582000019,35,2023-07-27,7.0,,0,17.18,,,,1,2024-12-31
2144019030015520210010100,21440190300155,32,2021-06-25,9.0,,0,42.21,,,,1,2024-12-31
2144019030015520210010200,21440190300155,32,2021-06-25,9.0,,0,42.21,,,,1,2024-12-31
21440190300155202180365100,21440190300155,32,2021-07-22,12.0,,0,41.33,,,,1,2024-12-31
214401903001552023202302200ST00,21440190300155,32,2023-07-26,5.0,,0,17.21,,,,1,2024-12-31
28490001600023164863261932000,28490001600023,32,2022-02-08,44.0,,0,34.72,,,,1,2024-12-31
28490001600023168914972700,28490001600023,32,2023-07-12,5.0,,0,17.67,,,,1,2024-12-31
2144020590011424-1032710-3,21440205900114,32,2023-07-11,18.0,,0,17.71,,,,1,2024-12-31
248500258000462021202102500,24850025800046,72,2021-09-24,48.0,,0,39.22,,,,1,2024-12-31
248500258000462021202103400,24850025800046,72,2021-10-25,36.0,,0,38.21,,,,1,2024-12-31
2485002580004620230300,24850025800046,72,2023-06-01,48.0,,0,19.02,,,,1,2024-12-31
24850025800046202309,24850025800046,72,2023-07-10,48.0,,0,17.74,,,,1,2024-12-31
2485002580004620230900,24850025800046,72,2023-07-10,48.0,,0,17.74,,,,1,2024-12-31
200071918000112021-25000000000,20007191800011,72,2021-11-24,18.0,,0,37.22,,,,1,2024-12-31
200071918000112022-280000000-0,20007191800011,72,2023-01-11,9.0,,0,23.65,,,,1,2024-12-31
20007191800011202365u2x0000000,20007191800011,72,2023-03-16,11.0,,0,21.55,,,,1,2024-12-31
200071918000112023-06000000000,20007191800011,72,2023-07-04,8.0,,0,17.94,,,,1,2024-12-31
20007186800158202323GC00303,20007186800158,32,2023-06-26,36.0,,0,18.2,,,,1,2024-12-31
2644001360047120191411600,26440013600471,48,2019-04-29,84.0,,0,68.1,,,,1,2024-12-31
2644001360047120192019F1651700,26440013600471,48,2019-08-06,77.0,,0,64.85,,,,1,2024-12-31
2644001360047120212021S1272100,26440013600471,48,2021-07-07,48.0,,0,41.82,,,,1,2024-12-31
264400136004712473091,26440013600471,48,2021-07-09,48.0,,0,41.75,,,,1,2024-12-31
2644001360047120222022F0788400,26440013600471,48,2022-05-19,42.0,,0,31.44,,,,1,2024-12-31
2644001360047120222022F0833200,26440013600471,48,2022-05-20,42.0,,0,31.41,,,,1,2024-12-31
2644001360047120222022F2189400,26440013600471,48,2022-11-29,66.0,,0,25.07,,,,1,2024-12-31
2644001360047120232023F0112400,26440013600471,48,2023-01-19,60.0,,0,23.39,,,,1,2024-12-31
2644001360047120232023F1351200,26440013600471,48,2023-06-26,60.0,,0,18.2,,,,1,2024-12-31
2644001360047120232023S1349900,26440013600471,48,2023-06-26,60.0,,0,18.2,,,,1,2024-12-31
2649000360001520182019T0507400,26490003600015,32,2018-12-21,48.0,,0,72.34,,,,1,2024-12-31
2649000360001520182019T0507000,26490003600015,32,2018-12-21,48.0,,0,72.34,,,,1,2024-12-31
2649000360001520182019T0507100,26490003600015,32,2018-12-21,48.0,,0,72.34,,,,1,2024-12-31
2649000360001520192019F0809100,26490003600015,32,2019-02-01,24.0,,0,70.96,,,,1,2024-12-31
2649000360001520192019S0967800,26490003600015,32,2019-03-08,48.0,2649000360001520232023F1801900,1,49.44,49.44,0.722,0.733,0,
2649000360001520192019S0967600,26490003600015,32,2019-03-08,48.0,2649000360001520232023F1801700,1,49.44,49.44,0.722,0.733,0,
2649000360001520192019F0967700,26490003600015,32,2019-03-08,48.0,2649000360001520232023F1801900,1,49.44,49.44,0.789,0.781,0,
2649000360001520192019F0967400,26490003600015,32,2019-03-08,48.0,2649000360001520232023F1801700,1,49.44,49.44,0.789,0.781,0,
2649000360001520192019S1239300,26490003600015,32,2019-04-19,48.0,,0,68.43,,,,1,2024-12-31
2649000360001520192019S1229700,26490003600015,32,2019-05-01,46.0,2649000360001520232023F1801900,1,47.67,47.67,0.632,0.659,0,
2649000360001520192019F1229600,26490003600015,32,2019-05-01,46.0,2649000360001520232023F1801900,1,47.67,47.67,0.7,0.707,0,
2649000360001520192019S1874300,26490003600015,32,2019-09-19,48.0,,0,63.4,,,,1,2024-12-31
2649000360001520202020F0464800,26490003600015,32,2020-01-21,48.0,,0,59.33,,,,1,2024-12-31
2649000360001520202020F0464600,26490003600015,32,2020-01-21,48.0,,0,59.33,,,,1,2024-12-31
2649000360001520202020F0464700,26490003600015,32,2020-02-21,48.0,,0,58.31,,,,1,2024-12-31
2649000360001520212021S1733200,26490003600015,32,2021-04-08,48.0,,0,44.78,,,,1,2024-12-31
2649000360001520232023F1801900,26490003600015,32,2023-04-21,48.0,,0,20.37,,,,1,2024-12-31
2649000360001520232023F1801700,26490003600015,32,2023-04-21,48.0,,0,20.37,,,,1,2024-12-31
2649000360001520232023F1801800,26490003600015,32,2023-05-28,48.0,,0,19.15,,,,1,2024-12-31
2649000360001520232023F1802000,26490003600015,32,2023-06-26,48.0,,0,18.2,,,,1,2024-12-31
2000237780001820212021-04800,20002377800018,35,2021-09-10,48.0,,0,39.68,,,,1,2024-12-31
2000237780001820212021-04801,20002377800018,35,2023-06-23,46.0,,0,18.3,,,,1,2024-12-31
214401135000142024002TR,21440113500014,32,2023-06-23,9.0,,0,18.3,,,,1,2024-12-31
214401135000142024002TR00,21440113500014,32,2023-06-23,9.0,,0,18.3,,,,1,2024-12-31
200071900000192023SI0000000041,20007190000019,32,2023-06-21,3.0,,0,18.36,,,,1,2024-12-31
55655032500030202179715200,55655032500030,48,2021-05-17,12.0,,0,43.5,,,,1,2024-12-31
55655032500030202398084100,55655032500030,48,2023-06-21,12.0,,0,18.36,,,,1,2024-12-31
2144011010001620230200,21440110100016,72,2023-06-20,6.0,,0,18.4,,,,1,2024-12-31
217203587000192024VIABLGTSEN,21720358700019,32,2023-06-19,12.0,,0,18.43,,,,1,2024-12-31
217203587000192024VIABLGTSEN00,21720358700019,32,2023-06-19,12.0,,0,18.43,,,,1,2024-12-31
217203587000192024VIABLGTSEN01,21720358700019,32,2023-06-19,12.0,,0,18.43,,,,1,2024-12-31
214401622000112018ni5Wvk8zPa00,21440162200011,32,2019-03-11,24.0,214401622000112020Fti_A1RzqT00,1,23.92,23.92,0.381,0.562,0,
214401622000112020Fti_A1RzqT00,21440162200011,32,2021-03-08,3.0,,0,45.8,,,,1,2024-12-31
2144016220001120210IOVDOConA00,21440162200011,32,2021-07-28,48.0,,0,41.13,,,,1,2024-12-31
2144016220001120218P2nt9kpnV00,21440162200011,32,2021-07-28,48.0,,0,41.13,,,,1,2024-12-31
214401622000112021Uvc0DOVQ-U00,21440162200011,32,2021-07-28,48.0,,0,41.13,,,,1,2024-12-31
214401622000112023ojnGFyyM1K00,21440162200011,32,2023-06-15,48.0,,0,18.56,,,,1,2024-12-31
482414216000442021DAF-02000000,48241421600044,48,2021-07-02,48.0,,0,41.98,,,,1,2024-12-31
482414216000442023jil560000000,48241421600044,48,2023-06-15,60.0,,0,18.56,,,,1,2024-12-31
254901309000322023QCPJLtAtBv00,25490130900032,48,2023-06-06,24.0,,0,18.86,,,,1,2024-12-31
254901309000322023QCPJLtAtBv50,25490130900032,48,2023-06-06,24.0,,0,18.86,,,,1,2024-12-31
1300054811315320232023S1012900,13000548113153,35,2023-06-05,24.0,,0,18.89,,,,1,2024-12-31
1300054811315320232023S1013200,13000548113153,35,2023-06-05,24.0,,0,18.89,,,,1,2024-12-31
244400644000132021072615MVE00,24440064400013,35,2022-04-05,48.0,,0,32.88,,,,1,2024-12-31
2444006440001320230112163500,24440064400013,35,2023-06-05,96.0,,0,18.89,,,,1,2024-12-31
2672001600001320192018F1937700,26720016000013,35,2019-02-19,47.0,2672001600001320232023F0994700,1,51.38,51.38,0.696,0.568,0,
2672001600001320192019T1155400,26720016000013,35,2019-05-27,18.0,,0,67.18,,,,1,2024-12-31
2672001600001320202020T1629700,26720016000013,35,2020-10-15,36.0,,0,50.53,,,,1,2024-12-31
2672001600001320222022F0044400,26720016000013,35,2022-01-14,48.0,,0,35.55,,,,1,2024-12-31
2672001600001320232023F0994700,26720016000013,35,2023-06-02,48.0,,0,18.99,,,,1,2024-12-31
2644001360047120222022F0146800,26440013600471,35,2022-02-03,46.0,,0,34.89,,,,1,2024-12-31
2644001360047120232023F2526000,26440013600471,35,2023-05-30,24.0,,0,19.09,,,,1,2024-12-31
2644001360047120232023F2526200,26440013600471,35,2023-05-30,24.0,,0,19.09,,,,1,2024-12-31
2644001360047120232023F2526100,26440013600471,35,2023-05-31,24.0,,0,19.05,,,,1,2024-12-31
2644001360047120232023F2526300,26440013600471,35,2023-05-31,24.0,,0,19.05,,,,1,2024-12-31
2144004420001520232023EP,21440044200015,32,2023-05-30,24.0,,0,19.09,,,,1,2024-12-31
254902505000182021F00002,25490250500018,32,2021-02-11,5.0,,0,46.62,,,,1,2024-12-31
254902505000182021F00003,25490250500018,32,2021-02-11,5.0,,0,46.62,,,,1,2024-12-31
254902505000182022F00001,25490250500018,32,2022-03-25,3.0,,0,33.25,,,,1,2024-12-31
254902505000182022F00002,25490250500018,32,2022-03-25,3.0,,0,33.25,,,,1,2024-12-31
254902505000182023F00006,25490250500018,32,2023-05-30,60.0,,0,19.09,,,,1,2024-12-31
21440026900012201919S002200,21440026900012,32,2019-08-22,12.0,21440026900012202020S00120200,1,11.93,11.93,0.357,0.546,0,
21440026900012201919S002200,21440026900012,32,2019-08-22,12.0,21440026900012202020S00120200,1,11.93,11.93,0.357,0.546,0,
21440026900012202020S00120100,21440026900012,32,2020-08-06,1.0,,0,52.83,,,,1,2024-12-31
21440026900012202020S00120300,21440026900012,32,2020-08-06,1.0,,0,52.83,,,,1,2024-12-31
21440026900012202020S00120400,21440026900012,32,2020-08-06,1.0,,0,52.83,,,,1,2024-12-31
21440026900012202020S00120200,21440026900012,32,2020-08-19,1.0,,0,52.4,,,,1,2024-12-31
21440026900012202121C000100,21440026900012,32,2021-04-20,12.0,,0,44.38,,,,1,2024-12-31
21440026900012202121C000100,21440026900012,32,2021-04-20,12.0,,0,44.38,,,,1,2024-12-31
21440026900012202121C000100,21440026900012,32,2021-04-20,12.0,,0,44.38,,,,1,2024-12-31
21440026900012202121S00070300,21440026900012,32,2021-06-03,6.0,,0,42.94,,,,1,2024-12-31
21440026900012202121S00070400,21440026900012,32,2021-06-16,6.0,,0,42.51,,,,1,2024-12-31
21440026900012202121S00150100,21440026900012,32,2021-06-23,12.0,,0,42.28,,,,1,2024-12-31
21440026900012202121S00150300,21440026900012,32,2021-06-23,12.0,,0,42.28,,,,1,2024-12-31
21440026900012202222S00150100,21440026900012,32,2022-07-22,4.0,,0,29.34,,,,1,2024-12-31
21440026900012202222S00150400,21440026900012,32,2022-07-22,5.0,,0,29.34,,,,1,2024-12-31
21440026900012202322S00291900,21440026900012,32,2023-05-25,19.0,,0,19.25,,,,1,2024-12-31
200071678000112023C2302000,20007167800011,35,2023-05-11,48.0,,0,19.71,,,,1,2024-12-31
22490001900015164845400800,22490001900015,35,2022-03-25,4.0,,0,33.25,,,,1,2024-12-31
22490001900015166004471851900,22490001900015,35,2022-04-15,4.0,,0,32.56,,,,1,2024-12-31
22490001900015168372308771600,22490001900015,35,2023-05-09,3.0,,0,19.78,,,,1,2024-12-31
22490001900015168372308774500,22490001900015,35,2023-05-09,3.0,,0,19.78,,,,1,2024-12-31
7756048530004120191905301,77560485300041,32,2019-11-05,10.0,,0,61.86,,,,1,2024-12-31
775604853000412023h033gslfyn00,77560485300041,32,2023-05-09,18.0,,0,19.78,,,,1,2024-12-31
20007272600017201919-0800,20007272600017,72,2019-12-23,62.0,,0,60.28,,,,1,2024-12-31
20007272600017201919-0801,20007272600017,72,2019-12-23,62.0,,0,60.28,,,,1,2024-12-31
200072726000172023M23N0400,20007272600017,72,2023-04-19,48.0,,0,20.43,,,,1,2024-12-31
21440020200013202222630100,21440020200013,72,2022-11-14,5.0,,0,25.56,,,,1,2024-12-31
21440020200013202222630200,21440020200013,72,2022-11-14,12.0,,0,25.56,,,,1,2024-12-31
21440020200013202222630300,21440020200013,72,2022-11-14,8.0,,0,25.56,,,,1,2024-12-31
214400202000132023233500,21440020200013,72,2023-04-19,36.0,,0,20.43,,,,1,2024-12-31
218501914005662021V21111000000,21850191400566,72,2021-09-15,24.0,,0,39.52,,,,1,2024-12-31
218501914005662023G23000000011,21850191400566,72,2023-04-19,48.0,,0,20.43,,,,1,2024-12-31
218501914005662023G2301100100,21850191400566,72,2023-04-19,48.0,,0,20.43,,,,1,2024-12-31
21440114300018201859670201,21440114300018,48,2020-05-19,48.0,,0,55.42,,,,1,2024-12-31
21440114300018202177069800,21440114300018,48,2021-03-01,60.0,,0,46.02,,,,1,2024-12-31
21440114300018202393273200,21440114300018,48,2023-04-14,36.0,,0,20.6,,,,1,2024-12-31
2685024240001620182018S1933800,26850242400016,48,2018-09-10,28.0,,0,75.69,,,,1,2024-12-31
2685024240001620192019S2016200,26850242400016,48,2019-10-07,26.0,,0,62.81,,,,1,2024-12-31
2685024240001620192019S2122800,26850242400016,48,2019-10-21,25.0,,0,62.35,,,,1,2024-12-31
2685024240001620192019F2411500,26850242400016,48,2019-11-28,50.0,,0,61.1,,,,1,2024-12-31
2685024240001620202020F0168600,26850242400016,48,2020-01-28,48.0,,0,59.1,,,,1,2024-12-31
2685024240001620202020F1259000,26850242400016,48,2020-04-21,48.0,,0,56.34,,,,1,2024-12-31
2685024240001620202020S0632300,26850242400016,48,2020-05-05,8.0,,0,55.88,,,,1,2024-12-31
2685024240001620202020F0692700,26850242400016,48,2020-05-20,55.0,,0,55.39,,,,1,2024-12-31
2685024240001620202020F1976400,26850242400016,48,2020-12-08,12.0,,0,48.75,,,,1,2024-12-31
2685024240001620202020S2389600,26850242400016,48,2020-12-14,36.0,,0,48.55,,,,1,2024-12-31
2685024240001620212021F1552600,26850242400016,48,2021-07-26,60.0,,0,41.2,,,,1,2024-12-31
2685024240001620212021F2832400,26850242400016,48,2021-11-15,48.0,,0,37.52,,,,1,2024-12-31
2685024240001620232023F0732100,26850242400016,48,2023-04-14,24.0,,0,20.6,,,,1,2024-12-31
258502962000402022M12900000000,25850296200040,72,2021-03-25,24.0,258502962000402023M11600000000,1,24.34,24.34,1.0,0.983,0,
258502962000402023M11600000000,25850296200040,72,2023-04-05,24.0,,0,20.89,,,,1,2024-12-31
21440114300018202074608500,21440114300018,72,2020-11-02,38.0,,0,49.93,,,,1,2024-12-31
21440114300018202393145700,21440114300018,72,2023-04-04,12.0,,0,20.93,,,,1,2024-12-31
288500028000232019000000000002,28850002800023,32,2019-03-12,48.0,,0,69.68,,,,1,2024-12-31
288500028000232023010000000000,28850002800023,32,2023-04-03,48.0,,0,20.96,,,,1,2024-12-31
284400017000182019j2_fOaiVQO00,28440001700018,72,2019-06-03,48.0,,0,66.95,,,,1,2024-12-31
284400017000182019I5vhcHCh2000,28440001700018,72,2019-09-27,24.0,,0,63.14,,,,1,2024-12-31
284400017000182019fMIKGajKHl00,28440001700018,72,2019-09-27,48.0,28440001700018202377NIUFyVrS00,1,42.08,42.08,0.778,0.549,0,
284400017000182019SrLDSgM8ES00,28440001700018,72,2019-10-11,48.0,,0,62.68,,,,1,2024-12-31
284400017000182019zobGH6sLyn00,28440001700018,72,2019-10-14,48.0,,0,62.58,,,,1,2024-12-31
284400017000182019zobGH6sLyn00,28440001700018,72,2019-10-14,48.0,,0,62.58,,,,1,2024-12-31
284400017000182019izY8mh_kra00,28440001700018,72,2019-12-16,48.0,,0,60.51,,,,1,2024-12-31
284400017000182019WuggYvNpIh00,28440001700018,72,2019-12-16,48.0,,0,60.51,,,,1,2024-12-31
2844000170001820199QB05oiP0N00,28440001700018,72,2020-02-20,48.0,,0,58.34,,,,1,2024-12-31
284400017000182020jCX9CHvBeF00,28440001700018,72,2020-11-25,12.0,284400017000182021V-L2EF-72900,1,12.48,12.48,0.321,0.501,0,
284400017000182021F8S1v3EFAA00,28440001700018,72,2021-02-09,12.0,284400017000182021V-L2EF-72900,1,9.99,9.99,0.375,0.462,0,
284400017000182021V-L2EF-72900,28440001700018,72,2021-12-10,60.0,,0,36.7,,,,1,2024-12-31
284400017000182022TXL-Kq0Ojt00,28440001700018,72,2022-02-10,48.0,,0,34.66,,,,1,2024-12-31
284400017000182022aNTGFcEX9N00,28440001700018,72,2022-03-08,48.0,,0,33.8,,,,1,2024-12-31
284400017000182022pNAYwLE_j600,28440001700018,72,2022-06-07,48.0,,0,30.81,,,,1,2024-12-31
2844000170001820227vfgp3xuiV00,28440001700018,72,2022-06-07,48.0,,0,30.81,,,,1,2024-12-31
284400017000182022Zz6EK8cY1-00,28440001700018,72,2022-07-06,48.0,,0,29.86,,,,1,2024-12-31
284400017000182022WksDlQxUE400,28440001700018,72,2022-07-13,12.0,,0,29.63,,,,1,2024-12-31
28440001700018202377NIUFyVrS00,28440001700018,72,2023-03-31,12.0,,0,21.06,,,,1,2024-12-31
20007326000016202207TICCOM0000,20007326000016,72,2022-04-29,48.0,,0,32.1,,,,1,2024-12-31
20007326000016202264TICTEC0000,20007326000016,72,2023-03-28,7.0,,0,21.16,,,,1,2024-12-31
258502962000402023M02400000000,25850296200040,32,2023-03-27,3.0,,0,21.19,,,,1,2024-12-31
1844012890002220212021S0761200,18440128900022,72,2021-05-04,24.0,,0,43.92,,,,1,2024-12-31
1844012890002220212021S1866800,18440128900022,72,2021-10-15,8.0,,0,38.53,,,,1,2024-12-31
1844012890002220212021S1866900,18440128900022,72,2021-10-15,48.0,,0,38.53,,,,1,2024-12-31
1844012890002220212021S1867100,18440128900022,72,2021-10-15,8.0,,0,38.53,,,,1,2024-12-31
1844012890002220232023S0572000,18440128900022,72,2023-02-21,48.0,,0,22.31,,,,1,2024-12-31
1844012890002220232023S0560600,18440128900022,72,2023-03-23,48.0,,0,21.32,,,,1,2024-12-31
2872002650001820200500,28720026500018,35,2020-05-20,120.0,,0,55.39,,,,1,2024-12-31
2872002650001820202800,28720026500018,35,2020-11-09,36.0,,0,49.7,,,,1,2024-12-31
2872002650001820230700,28720026500018,35,2023-03-23,48.0,,0,21.32,,,,1,2024-12-31
2144018790001720230400,21440187900017,32,2023-03-16,5.0,,0,21.55,,,,1,2024-12-31
257200535000172019BC5GTCANA00,25720053500017,32,2022-07-05,12.0,,0,29.89,,,,1,2024-12-31
2572005350001720232027GTCANA00,25720053500017,32,2023-03-14,12.0,,0,21.62,,,,1,2024-12-31
2572005350001720232027GTCANA01,25720053500017,32,2023-03-14,12.0,,0,21.62,,,,1,2024-12-31
224400028000112018I1612100,22440002800011,32,2019-01-24,20.0,224400028000112018I1612103,1,22.31,22.31,1.0,0.885,0,
224400028000112018I1612101,22440002800011,32,2020-03-30,20.0,,0,57.06,,,,1,2024-12-31
224400028000112018I1612102,22440002800011,32,2020-07-08,20.0,,0,53.78,,,,1,2024-12-31
224400028000112018I1612103,22440002800011,32,2020-12-03,20.0,,0,48.92,,,,1,2024-12-31
224400028000112018I1612104,22440002800011,32,2021-01-21,20.0,,0,47.31,,,,1,2024-12-31
224400028000112022S00020,22440002800011,32,2022-07-26,48.0,,0,29.2,,,,1,2024-12-31
224400028000112023F00013,22440002800011,32,2023-03-13,48.0,,0,21.65,,,,1,2024-12-31
254401839000252023000730000000,25440183900025,72,2023-03-10,36.0,,0,21.75,,,,1,2024-12-31
245300447000192023023CC0000000,24530044700019,35,2023-03-02,11.0,,0,22.01,,,,1,2024-12-31
285300018000302023050100,28530001800030,32,2023-02-28,47.0,,0,22.08,,,,1,2024-12-31
285300018000302023050100,28530001800030,32,2023-02-28,47.0,,0,22.08,,,,1,2024-12-31
285300018000302023050100,28530001800030,32,2023-02-28,47.0,,0,22.08,,,,1,2024-12-31
285300018000302023050500,28530001800030,32,2023-02-28,46.0,,0,22.08,,,,1,2024-12-31
28530001800030201968737800,28530001800030,72,2019-05-03,12.0,,0,67.97,,,,1,2024-12-31
285300018000302023060100,28530001800030,72,2023-02-27,48.0,,0,22.11,,,,1,2024-12-31
285300018000302023060101,28530001800030,72,2023-02-27,48.0,,0,22.11,,,,1,2024-12-31
218502888000172021T03000000000,21850288800017,35,2021-07-29,36.0,,0,41.1,,,,1,2024-12-31
2185028880001720222022S0700,21850288800017,35,2022-12-09,36.0,,0,24.74,,,,1,2024-12-31
2185028880001720232022F0400,21850288800017,35,2023-02-24,60.0,,0,22.21,,,,1,2024-12-31
1300080060006120202020S0218500,13000800600061,72,2020-02-05,10.0,,0,58.84,,,,1,2024-12-31
1300080060006120222022S0264000,13000800600061,72,2022-02-25,10.0,,0,34.17,,,,1,2024-12-31
1300080060006120222022S0465100,13000800600061,72,2022-03-23,12.0,,0,33.31,,,,1,2024-12-31
1300080060006120232023S0392700,13000800600061,72,2023-02-17,36.0,,0,22.44,,,,1,2024-12-31
200067866000592022202201300,20006786600059,48,2022-10-11,72.0,,0,26.68,,,,1,2024-12-31
200067866000592022202201301,20006786600059,48,2023-02-06,72.0,,0,22.8,,,,1,2024-12-31
234400034000262020S00097,23440003400026,32,2020-07-30,48.0,,0,53.06,,,,1,2024-12-31
234400034000262020S00151,23440003400026,32,2020-12-04,48.0,,0,48.88,,,,1,2024-12-31
234400034000262021F00007,23440003400026,32,2021-02-11,48.0,,0,46.62,,,,1,2024-12-31
234400034000262022S00172,23440003400026,32,2023-01-05,48.0,,0,23.85,,,,1,2024-12-31
217200955000112023-06_00,21720095500011,32,2023-01-04,48.0,,0,23.88,,,,1,2024-12-31
21720095500011202323-06_00,21720095500011,32,2023-01-04,48.0,,0,23.88,,,,1,2024-12-31
257202309000152023-0600,25720230900015,32,2023-01-04,48.0,,0,23.88,,,,1,2024-12-31
267200483000192022-2200,26720048300019,32,2023-01-04,48.0,,0,23.88,,,,1,2024-12-31
267200483000272022-2100,26720048300027,32,2023-01-04,48.0,,0,23.88,,,,1,2024-12-31
267200483000432022-2000,26720048300043,32,2023-01-04,48.0,,0,23.88,,,,1,2024-12-31
24440055200026202285840700,24440055200026,32,2022-01-10,20.0,,0,35.68,,,,1,2024-12-31
24440055200026202287992301,24440055200026,32,2022-07-06,48.0,,0,29.86,,,,1,2024-12-31
24440055200026202391405000,24440055200026,32,2023-01-03,22.0,,0,23.92,,,,1,2024-12-31
2172009550001120230500,21720095500011,72,2022-12-29,60.0,,0,24.08,,,,1,2024-12-31
21720264700012202322SAB06LT100,21720264700012,32,2022-12-28,48.0,,0,24.11,,,,1,2024-12-31
20006786600018201963386300,20006786600018,32,2019-05-06,36.0,,0,67.87,,,,1,2024-12-31
20006786600018202180493800,20006786600018,32,2021-07-28,19.0,,0,41.13,,,,1,2024-12-31
200067866000182022202201000,20006786600018,32,2022-12-22,60.0,,0,24.31,,,,1,2024-12-31
20006786600018202070311000,20006786600018,48,2020-02-27,60.0,,0,58.11,,,,1,2024-12-31
20006786600018202290204600,20006786600018,48,2022-10-11,12.0,,0,26.68,,,,1,2024-12-31
20006786600018202391049800,20006786600018,48,2022-12-22,60.0,,0,24.31,,,,1,2024-12-31
28490001600023163956330000,28490001600023,72,2021-12-02,36.0,,0,36.96,,,,1,2024-12-31
28490001600023167481783300,28490001600023,72,2022-12-22,38.0,,0,24.31,,,,1,2024-12-31
2172013260001420230300,21720132600014,32,2022-12-20,24.0,,0,24.38,,,,1,2024-12-31
1949097010030320222022S2185200,19490970100303,72,2022-12-09,60.0,,0,24.74,,,,1,2024-12-31
22490001900015164396370500,22490001900015,48,2022-02-04,59.0,,0,34.86,,,,1,2024-12-31
22490001900015166757661000,22490001900015,48,2022-11-04,65.0,,0,25.89,,,,1,2024-12-31
22490001900015167101887942900,22490001900015,48,2022-12-08,48.0,,0,24.77,,,,1,2024-12-31
20005433600017201966827600,20005433600017,48,2019-05-13,48.0,,0,67.64,,,,1,2024-12-31
20005433600017202290882400,20005433600017,48,2022-12-06,6.0,,0,24.84,,,,1,2024-12-31
130012321000502022003FCS00,13001232100050,72,2022-11-29,24.0,,0,25.07,,,,1,2024-12-31
20007186800158202222CC01200,20007186800158,48,2022-11-29,60.0,,0,25.07,,,,1,2024-12-31
1300085350001020222022S1930800,13000853500010,72,2022-11-24,60.0,,0,25.23,,,,1,2024-12-31
200071678000112019C1808900,20007167800011,48,2019-01-03,48.0,,0,71.91,,,,1,2024-12-31
200071678000112019C1912800,20007167800011,48,2019-12-13,36.0,200071678000112022C2206100,1,35.38,35.38,0.6,0.689,0,
200071678000112019C1808901,20007167800011,48,2020-02-12,24.0,200071678000112019C1808903,1,23.03,23.03,1.0,0.951,0,
200071678000112019C1808902,20007167800011,48,2021-01-05,24.0,,0,47.83,,,,1,2024-12-31
200071678000112019C1808903,20007167800011,48,2022-01-13,36.0,,0,35.58,,,,1,2024-12-31
200071678000112022C2206100,20007167800011,48,2022-11-24,36.0,,0,25.23,,,,1,2024-12-31
225300011004862022022500,22530001100486,72,2022-11-21,5.0,,0,25.33,,,,1,2024-12-31
225300011004862022022501,22530001100486,72,2022-11-21,5.0,,0,25.33,,,,1,2024-12-31
225300011004862022022502,22530001100486,72,2022-11-21,5.0,,0,25.33,,,,1,2024-12-31
2144015800001120210200,21440158000011,32,2021-06-25,48.0,,0,42.21,,,,1,2024-12-31
2144015800001120220603,21440158000011,32,2022-03-09,12.0,,0,33.77,,,,1,2024-12-31
2144015800001120222300,21440158000011,32,2022-11-17,48.0,,0,25.46,,,,1,2024-12-31
2000424890001920222022036MP000,20004248900019,48,2022-11-15,48.0,,0,25.53,,,,1,2024-12-31
200058899000102019vM93oN1Cfc00,20005889900010,32,2020-03-18,3.0,,0,57.46,,,,1,2024-12-31
20005889900010202238lMN-11bz00,20005889900010,32,2022-11-14,48.0,,0,25.56,,,,1,2024-12-31
174400002000542020180006217100,17440000200054,48,2020-11-23,24.0,,0,49.24,,,,1,2024-12-31
174400002000542022170011704200,17440000200054,48,2022-10-27,48.0,,0,26.15,,,,1,2024-12-31
200033298000152022037000000000,20003329800015,48,2022-10-26,16.0,,0,26.18,,,,1,2024-12-31
38105376800028202284369900,38105376800028,48,2021-11-08,8.0,,0,37.75,,,,1,2024-12-31
381053768000282022M2200700,38105376800028,48,2022-10-24,48.0,,0,26.25,,,,1,2024-12-31
248500530001132022yz1x10000000,24850053000113,32,2022-10-21,48.0,,0,26.35,,,,1,2024-12-31
288500010000132020MCP20020200,28850001000013,72,2020-06-11,120.0,,0,54.66,,,,1,2024-12-31
288500010000132020MSP20020100,28850001000013,72,2020-06-11,48.0,,0,54.66,,,,1,2024-12-31
288500010000132020MSP200300,28850001000013,72,2020-11-18,48.0,,0,49.41,,,,1,2024-12-31
288500010000132021MA210100,28850001000013,72,2021-05-12,12.0,,0,43.66,,,,1,2024-12-31
288500010000132022MSP210401,28850001000013,72,2021-12-17,12.0,288500010000132022MSP220802,1,9.79,9.79,0.556,0.578,0,
288500010000132022MSP210402,28850001000013,72,2021-12-17,12.0,288500010000132022MSP220802,1,9.79,9.79,0.5,0.539,0,
288500010000132022MSP210300,28850001000013,72,2021-12-28,12.0,,0,36.1,,,,1,2024-12-31
288500010000132022MSP220300,28850001000013,72,2022-04-29,48.0,,0,32.1,,,,1,2024-12-31
288500010000132022MSP220802,28850001000013,72,2022-10-11,12.0,,0,26.68,,,,1,2024-12-31
21490180300012168085699207600,21490180300012,32,2022-10-03,12.0,,0,26.94,,,,1,2024-12-31
28490001600023166479630800,28490001600023,35,2022-10-03,48.0,,0,26.94,,,,1,2024-12-31
28490001600023166479630900,28490001600023,35,2022-10-03,48.0,,0,26.94,,,,1,2024-12-31
20007326000016202253PIAJ000000,20007326000016,32,2022-09-29,12.0,,0,27.07,,,,1,2024-12-31
21440035000010202100716IN00,21440035000010,48,2021-11-26,60.0,,0,37.16,,,,1,2024-12-31
21440035000010202100733EN00,21440035000010,48,2021-11-29,57.0,,0,37.06,,,,1,2024-12-31
21440035000010202200783IN00,21440035000010,48,2022-09-27,48.0,,0,27.14,,,,1,2024-12-31
248500662000152022537000000000,24850066200015,32,2022-09-27,48.0,,0,27.14,,,,1,2024-12-31
790020010000192018Mb1dKBuAy500,79002001000019,72,2019-03-20,12.0,,0,69.42,,,,1,2024-12-31
790020010000192018SAOhj82Q4s00,79002001000019,72,2019-03-20,12.0,,0,69.42,,,,1,2024-12-31
790020010000192018nmOcXrAIno00,79002001000019,72,2019-06-12,12.0,,0,66.66,,,,1,2024-12-31
790020010000192021xJvxJVrute00,79002001000019,72,2021-02-26,48.0,,0,46.12,,,,1,2024-12-31
790020010000192021AVesPkuL-400,79002001000019,72,2021-12-08,48.0,,0,36.76,,,,1,2024-12-31
790020010000192021wV_WQCJa9D00,79002001000019,72,2021-12-08,48.0,,0,36.76,,,,1,2024-12-31
790020010000192021o8T1T_iZum00,79002001000019,72,2021-12-23,12.0,,0,36.27,,,,1,2024-12-31
7900200100001920224sGIGRN1N700,79002001000019,72,2022-04-27,12.0,,0,32.16,,,,1,2024-12-31
790020010000192022AeVmbU8HcV00,79002001000019,72,2022-09-26,12.0,,0,27.17,,,,1,2024-12-31
130006109000572022151150669500,13000610900057,72,2022-09-20,26.0,,0,27.37,,,,1,2024-12-31
2649000360001520182018F0008500,26490003600015,48,2018-11-16,48.0,2649000360001520222022F1590600,1,45.89,45.89,0.333,0.428,0,
2649000360001520182018F0009900,26490003600015,48,2018-12-11,48.0,,0,72.67,,,,1,2024-12-31
2649000360001520192018F0087700,26490003600015,48,2019-01-01,48.0,2649000360001520222022F1590600,1,44.38,44.38,0.5,0.469,0,
2649000360001520202020F0672200,26490003600015,48,2020-05-14,48.0,,0,55.58,,,,1,2024-12-31
2649000360001520212021S1733500,26490003600015,48,2021-04-16,48.0,,0,44.51,,,,1,2024-12-31
2649000360001520222022F1590600,26490003600015,48,2022-09-13,48.0,,0,27.6,,,,1,2024-12-31
31468496000045201919SEE218400,31468496000045,32,2019-07-22,48.0,,0,65.34,,,,1,2024-12-31
31468496000045202120MA829600,31468496000045,32,2021-04-27,96.0,,0,44.15,,,,1,2024-12-31
31468496000045202222C0205300,31468496000045,32,2022-09-13,60.0,,0,27.6,,,,1,2024-12-31
5151637490001020222022F1555900,51516374900010,32,2022-07-26,6.0,5151637490001020222022F1535800,1,1.45,1.45,1.0,0.772,0,
5151637490001020222022F1535800,51516374900010,32,2022-09-08,4.0,,0,27.76,,,,1,2024-12-31
2172021670005220222022AMGTL100,21720216700052,32,2022-09-06,7.0,,0,27.83,,,,1,2024-12-31
38105376800028202072553000,38105376800028,72,2020-07-13,48.0,,0,53.61,,,,1,2024-12-31
38105376800028202072552900,38105376800028,72,2020-07-15,48.0,,0,53.55,,,,1,2024-12-31
38105376800028202290538100,38105376800028,72,2022-09-01,12.0,,0,27.99,,,,1,2024-12-31
24440045300035202289404300,24440045300035,72,2022-08-23,60.0,,0,28.29,,,,1,2024-12-31
867801334000632022FCSSERVEUR00,86780133400063,72,2022-08-08,60.0,,0,28.78,,,,1,2024-12-31
1944010060001120192019F2536500,19440100600011,48,2019-12-17,12.0,,0,60.48,,,,1,2024-12-31
1944010060001120222022F1318100,19440100600011,48,2022-08-03,8.0,,0,28.94,,,,1,2024-12-31
218500189000122022qtorm0000000,21850018900012,72,2022-08-03,6.0,,0,28.94,,,,1,2024-12-31
214900995000172019V1903800,21490099500017,32,2019-07-05,48.0,,0,65.9,,,,1,2024-12-31
214900995000172019V1902400,21490099500017,32,2019-07-08,48.0,,0,65.8,,,,1,2024-12-31
214900995000172019V1902401,21490099500017,32,2021-07-05,36.0,,0,41.89,,,,1,2024-12-31
214900995000172019V1902402,21490099500017,32,2022-07-28,48.0,,0,29.14,,,,1,2024-12-31
200083228000112022ASG17100,20008322800011,72,2022-07-25,36.0,,0,29.24,,,,1,2024-12-31
244900015000452022A22211E00,24490001500045,35,2022-07-12,3.0,,0,29.66,,,,1,2024-12-31
244900015000452022A22211E01,24490001500045,35,2022-07-12,3.0,,0,29.66,,,,1,2024-12-31
214401093000152022F00027,21440109300015,35,2022-03-31,48.0,,0,33.05,,,,1,2024-12-31
214401093000152022F00036,21440109300015,35,2022-07-11,61.0,,0,29.7,,,,1,2024-12-31
21720067400042202302LOT00,21720067400042,32,2022-07-06,3.0,,0,29.86,,,,1,2024-12-31
218502227000182022005000000000,21850222700018,32,2022-07-06,42.0,,0,29.86,,,,1,2024-12-31
200072726000172022M22N12L0200,20007272600017,32,2022-06-30,48.0,,0,30.06,,,,1,2024-12-31
200072726000172022M22N12L0200,20007272600017,32,2022-06-30,48.0,,0,30.06,,,,1,2024-12-31
200072726000172022M22N12L0200,20007272600017,32,2022-06-30,48.0,,0,30.06,,,,1,2024-12-31
200072726000172022M22N12L0200,20007272600017,32,2022-06-30,48.0,,0,30.06,,,,1,2024-12-31
200072726000172022M22N12L200,20007272600017,32,2022-06-30,48.0,,0,30.06,,,,1,2024-12-31
21720058300011202204000,21720058300011,72,2022-06-30,48.0,,0,30.06,,,,1,2024-12-31
214400475000152019ItZMWmexAU00,21440047500015,72,2019-04-15,21.0,,0,68.56,,,,1,2024-12-31
214400475000152019RL8-g84uMy00,21440047500015,72,2019-07-01,15.0,,0,66.03,,,,1,2024-12-31
214400475000152019C837pa59qJ00,21440047500015,72,2020-01-08,60.0,,0,59.76,,,,1,2024-12-31
214400475000152020RTkujsYneC00,21440047500015,72,2020-06-02,6.0,,0,54.96,,,,1,2024-12-31
21440047500015202120212300,21440047500015,72,2021-10-22,4.0,,0,38.3,,,,1,2024-12-31
214400475000152022jwpb0PzmRB00,21440047500015,72,2022-06-28,4.0,,0,30.12,,,,1,2024-12-31
214902231001482022FR111SI00700,21490223100148,48,2022-06-17,96.0,,0,30.49,,,,1,2024-12-31
24850062100011202222CC00500100,24850062100011,32,2022-06-16,24.0,,0,30.52,,,,1,2024-12-31
21440015200051202391710800,21440015200051,72,2022-06-15,6.0,,0,30.55,,,,1,2024-12-31
284400017000182020fhauXIkXWC00,28440001700018,48,2020-07-24,48.0,,0,53.25,,,,1,2024-12-31
284400017000182021WmwQmBH_yI00,28440001700018,48,2021-06-11,24.0,,0,42.67,,,,1,2024-12-31
284400017000182021X1IJx9jf-b00,28440001700018,48,2021-06-11,48.0,,0,42.67,,,,1,2024-12-31
284400017000182021zPpuotGc9n00,28440001700018,48,2021-06-23,48.0,,0,42.28,,,,1,2024-12-31
284400017000182022zqSxm66ouL00,28440001700018,48,2022-04-19,12.0,,0,32.42,,,,1,2024-12-31
284400017000182022rcAtdVe-xs00,28440001700018,48,2022-06-14,48.0,,0,30.58,,,,1,2024-12-31
284400017000182018UjSJ6fA4AB00,28440001700018,35,2019-01-03,12.0,,0,71.91,,,,1,2024-12-31
284400017000182018o0n0DV0FPH00,28440001700018,35,2019-03-15,24.0,,0,69.58,,,,1,2024-12-31
284400017000182019dsc1DkbYyK00,28440001700018,35,2019-12-04,48.0,,0,60.91,,,,1,2024-12-31
284400017000182020ibzuuL7gBD00,28440001700018,35,2020-10-07,24.0,,0,50.79,,,,1,2024-12-31
284400017000182020wHbT1qAIud00,28440001700018,35,2020-10-15,48.0,,0,50.53,,,,1,2024-12-31
284400017000182020S-JGlD3fLm00,28440001700018,35,2020-12-11,48.0,,0,48.65,,,,1,2024-12-31
284400017000182022u4m0-53xVn00,28440001700018,35,2022-06-14,12.0,,0,30.58,,,,1,2024-12-31
200082477000152020030900,20008247700015,48,2020-06-02,36.0,,0,54.96,,,,1,2024-12-31
20008247700015202222SER0200,20008247700015,48,2022-06-13,58.0,,0,30.62,,,,1,2024-12-31
20008247700015202222SER0200000,20008247700015,48,2022-06-13,58.0,,0,30.62,,,,1,2024-12-31
535104756000152022Dg5Ct9uC9D00,53510475600015,72,2022-06-06,48.0,,0,30.85,,,,1,2024-12-31
214900078000122021210771400000,21490007800012,32,2021-08-31,18.0,,0,40.01,,,,1,2024-12-31
214900078000122021211190100000,21490007800012,32,2021-12-31,12.0,,0,36.01,,,,1,2024-12-31
214900078000122022G18063Pd0000,21490007800012,32,2022-05-30,4.0,,0,31.08,,,,1,2024-12-31
247200629002172022ACSF0300,24720062900217,32,2022-05-30,1.0,,0,31.08,,,,1,2024-12-31
77571510501032202232jQiBv8pX00,77571510501032,48,2022-05-17,5.0,,0,31.5,,,,1,2024-12-31
2144013580009520222022FBP07B00,21440135800095,32,2022-05-02,48.0,,0,32.0,,,,1,2024-12-31
200067635001322022014000000000,20006763500132,48,2022-05-01,48.0,,0,32.03,,,,1,2024-12-31
200072882000182022EXTINCTEUR00,20007288200018,35,2022-05-01,36.0,,0,32.03,,,,1,2024-12-31
21850109600018202222VH00800000,21850109600018,72,2022-04-29,44.0,,0,32.1,,,,1,2024-12-31
21850109600018202222VH00800100,21850109600018,72,2022-04-29,45.0,,0,32.1,,,,1,2024-12-31
214900151000172022248pg0000000,21490015100017,32,2022-04-28,48.0,,0,32.13,,,,1,2024-12-31
218500965000152022001202200,21850096500015,32,2022-04-27,90.0,,0,32.16,,,,1,2024-12-31
200053619000172022M2201L0100,20005361900017,48,2022-04-25,1.0,,0,32.23,,,,1,2024-12-31
214401622000112021CZZqLMczrd00,21440162200011,35,2021-07-20,24.0,,0,41.39,,,,1,2024-12-31
214401622000112021a6MUsyz21x00,21440162200011,35,2021-10-18,48.0,,0,38.44,,,,1,2024-12-31
214401622000112022pGdynDtgds00,21440162200011,35,2022-04-14,6.0,,0,32.59,,,,1,2024-12-31
1300081050001220222022F0630200,13000810500012,48,2022-04-13,48.0,,0,32.62,,,,1,2024-12-31
218500049000182022010000000000,21850004900018,32,2022-04-07,3.0,,0,32.82,,,,1,2024-12-31
2544025220001820221CASIERDE300,25440252200018,32,2022-04-07,60.0,,0,32.82,,,,1,2024-12-31
21440158000011201962715900,21440158000011,35,2019-04-09,12.0,,0,68.76,,,,1,2024-12-31
2144015800001120220400,21440158000011,35,2022-04-06,12.0,,0,32.85,,,,1,2024-12-31
214401846000162021072615MVE00,21440184600016,35,2022-04-05,48.0,,0,32.88,,,,1,2024-12-31
200071165000192022ppgvu0000000,20007116500019,72,2022-03-24,48.0,,0,33.28,,,,1,2024-12-31
200072882000182022AUDIOVIDEO00,20007288200018,32,2022-03-23,6.0,,0,33.31,,,,1,2024-12-31
217203462000152021-0100,21720346200015,35,2021-08-06,4.0,217203462000152021-0101,1,7.52,7.52,1.0,0.824,0,
217203462000152021-0101,21720346200015,35,2022-03-23,6.0,,0,33.31,,,,1,2024-12-31
184401321000152020yiXmxyZXaP00,18440132100015,72,2020-10-27,12.0,,0,50.13,,,,1,2024-12-31
184401321000152022TWQQex7mtz00,18440132100015,72,2022-03-17,12.0,,0,33.51,,,,1,2024-12-31
21440172100011202179857200,21440172100011,72,2021-06-17,48.0,,0,42.48,,,,1,2024-12-31
21440172100011202179857300,21440172100011,72,2021-06-17,48.0,,0,42.48,,,,1,2024-12-31
21440172100011202284995600,21440172100011,72,2022-03-07,3.0,,0,33.84,,,,1,2024-12-31
20006763500017202100600,20006763500017,32,2021-05-18,20.0,,0,43.46,,,,1,2024-12-31
20006763500017202106A00,20006763500017,32,2021-05-18,19.0,,0,43.46,,,,1,2024-12-31
200067635000172021_05600,20006763500017,32,2022-02-22,48.0,,0,34.26,,,,1,2024-12-31
218501286000152021MAPA_0000013,21850128600015,32,2022-02-21,12.0,,0,34.3,,,,1,2024-12-31
200068955000182021240100000000,20006895500018,35,2022-02-17,11.0,,0,34.43,,,,1,2024-12-31
2000718760001120232200004l0000,20007187600011,48,2022-02-02,48.0,,0,34.92,,,,1,2024-12-31
2000718760001120232200003L0000,20007187600011,48,2022-02-09,48.0,,0,34.69,,,,1,2024-12-31
214401952000122022cOZz89rSQH00,21440195200012,32,2022-01-31,48.0,,0,34.99,,,,1,2024-12-31
20006001000010202135B451L00D00,20006001000010,72,2022-01-28,28.0,,0,35.09,,,,1,2024-12-31
25720191300023202221SM001LT200,25720191300023,32,2022-01-03,21.0,,0,35.91,,,,1,2024-12-31
217200039000142021F080100,21720003900014,48,2022-01-01,60.0,,0,35.97,,,,1,2024-12-31
2572021760001820220100,25720217600018,32,2021-12-28,36.0,,0,36.1,,,,1,2024-12-31
2572021760001820220200,25720217600018,32,2021-12-28,36.0,,0,36.1,,,,1,2024-12-31
200071678000112019C1901800,20007167800011,32,2019-01-24,48.0,,0,71.22,,,,1,2024-12-31
200071678000112019C1901900,20007167800011,32,2019-01-24,48.0,,0,71.22,,,,1,2024-12-31
200071678000112019C1901801,20007167800011,32,2020-02-12,24.0,200071678000112019C1901803,1,22.47,22.47,1.0,0.924,0,
200071678000112019C1901901,20007167800011,32,2020-02-17,24.0,200071678000112019C1901903,1,22.31,22.31,1.0,0.915,0,
200071678000112019C1901802,20007167800011,32,2021-01-05,24.0,,0,47.83,,,,1,2024-12-31
200071678000112019C1901902,20007167800011,32,2021-01-05,24.0,,0,47.83,,,,1,2024-12-31
200071678000112019C1901803,20007167800011,32,2021-12-27,24.0,,0,36.14,,,,1,2024-12-31
200071678000112019C1901903,20007167800011,32,2021-12-27,24.0,,0,36.14,,,,1,2024-12-31
214903536000162021tby8i0000030,21490353600016,48,2021-11-09,4.0,,0,37.71,,,,1,2024-12-31
214903536000162021sex830000033,21490353600016,48,2021-12-22,8.0,,0,36.3,,,,1,2024-12-31
2685024240001620212021S2926400,26850242400016,35,2021-12-17,72.0,,0,36.47,,,,1,2024-12-31
200071546000102021ZIA_400,20007154600010,32,2021-12-15,6.0,,0,36.53,,,,1,2024-12-31
790020010000192021-noUkdBLGk00,79002001000019,48,2021-12-08,48.0,,0,36.76,,,,1,2024-12-31
184401321000152021Ug11y66crK00,18440132100015,48,2021-11-23,12.0,,0,37.25,,,,1,2024-12-31
184401321000152021z4Mb2LDoZO00,18440132100015,48,2021-12-06,36.0,,0,36.83,,,,1,2024-12-31
200067635001322021039000000000,20006763500132,32,2021-12-03,60.0,,0,36.93,,,,1,2024-12-31
248500258000462021202104100,24850025800046,32,2021-10-28,60.0,,0,38.11,,,,1,2024-12-31
248500258000462021202104600,24850025800046,32,2021-12-02,48.0,,0,36.96,,,,1,2024-12-31
2000897610001520228nswz0000000,20008976100015,48,2021-11-30,36.0,,0,37.02,,,,1,2024-12-31
2185011380011720222021ZA00,21850113800117,32,2021-11-30,2.0,,0,37.02,,,,1,2024-12-31
20007190000308202122-RS0000000,20007190000308,72,2021-11-25,8.0,,0,37.19,,,,1,2024-12-31
3852903090045420212021F0785500,38529030900454,32,2021-05-17,48.0,,0,43.5,,,,1,2024-12-31
3852903090045420212021F2660000,38529030900454,32,2021-11-24,6.0,,0,37.22,,,,1,2024-12-31
214401622000112019bYzbB8hVn100,21440162200011,48,2019-09-24,48.0,,0,63.24,,,,1,2024-12-31
214401622000112020NOXQHH-R7900,21440162200011,48,2021-02-17,48.0,,0,46.42,,,,1,2024-12-31
214401622000112021plLvb1BNw_00,21440162200011,48,2021-06-24,48.0,,0,42.25,,,,1,2024-12-31
214401622000112021ocRcSxy6mW00,21440162200011,48,2021-07-19,24.0,,0,41.43,,,,1,2024-12-31
214401622000112021putcYJ197E00,21440162200011,48,2021-11-23,48.0,,0,37.25,,,,1,2024-12-31
2185009570001220212021ASSBLA00,21850095700012,32,2021-11-22,6.0,,0,37.29,,,,1,2024-12-31
21440132500011201960490800,21440132500011,72,2019-01-11,24.0,,0,71.65,,,,1,2024-12-31
21440132500011202069200800,21440132500011,72,2020-01-20,3.0,,0,59.36,,,,1,2024-12-31
21440132500011202069200900,21440132500011,72,2020-01-20,1.0,,0,59.36,,,,1,2024-12-31
21440132500011202069201100,21440132500011,72,2020-01-20,2.0,,0,59.36,,,,1,2024-12-31
21440132500011202071299500,21440132500011,72,2020-05-11,48.0,,0,55.68,,,,1,2024-12-31
21440132500011202074236500,21440132500011,72,2020-09-30,25.0,,0,51.02,,,,1,2024-12-31
21440132500011202069200802,21440132500011,72,2021-01-25,15.0,,0,47.17,,,,1,2024-12-31
21440132500011202069200803,21440132500011,72,2021-05-28,1.0,,0,43.13,,,,1,2024-12-31
21440132500011202182467500,21440132500011,72,2021-11-10,48.0,,0,37.68,,,,1,2024-12-31
21440132500011202182467600,21440132500011,72,2021-11-10,48.0,,0,37.68,,,,1,2024-12-31
21440132500011202182467700,21440132500011,72,2021-11-10,48.0,,0,37.68,,,,1,2024-12-31
200089761000152022l4y2i0000000,20008976100015,72,2021-11-08,60.0,,0,37.75,,,,1,2024-12-31
21490015100017202321SIR1201,21490015100017,72,2021-11-08,1.0,,0,37.75,,,,1,2024-12-31
55655032500030202285049300,55655032500030,35,2021-11-04,48.0,,0,37.88,,,,1,2024-12-31
247200090000142022D21S010LT200,24720009000014,32,2021-10-21,6.0,,0,38.34,,,,1,2024-12-31
247200090000142022D21S010LT201,24720009000014,32,2021-10-21,6.0,,0,38.34,,,,1,2024-12-31
247200090000142022D21S010LT300,24720009000014,32,2021-11-02,6.0,,0,37.94,,,,1,2024-12-31
247200090000142022D21S010LT301,24720009000014,32,2021-11-02,6.0,,0,37.94,,,,1,2024-12-31
20005359300014202121001901,20005359300014,48,2021-10-29,48.0,,0,38.07,,,,1,2024-12-31
1944010480002120212021F1783600,19440104800021,32,2021-10-27,24.0,,0,38.14,,,,1,2024-12-31
1944010480002120212021F1784000,19440104800021,32,2021-10-27,24.0,,0,38.14,,,,1,2024-12-31
1844013210001520210y4OJlpw7_00,18440132100015,32,2021-10-25,12.0,,0,38.21,,,,1,2024-12-31
21440114300018202071497601,21440114300018,32,2020-04-10,22.0,,0,56.7,,,,1,2024-12-31
21440114300018202181925300,21440114300018,32,2021-09-18,48.0,,0,39.42,,,,1,2024-12-31
21440114300018202181925201,21440114300018,32,2021-10-18,48.0,,0,38.44,,,,1,2024-12-31
21440014500055202100003200,21440014500055,72,2021-10-11,48.0,,0,38.67,,,,1,2024-12-31
214401028000112022INFOGERANC00,21440102800011,72,2021-10-11,48.0,,0,38.67,,,,1,2024-12-31
24440043800127202100003200,24440043800127,72,2021-10-11,48.0,,0,38.67,,,,1,2024-12-31
244400438001272021000032000000,24440043800127,72,2021-10-11,24.0,,0,38.67,,,,1,2024-12-31
058201534000782021GR210300,05820153400078,72,2021-10-04,60.0,,0,38.9,,,,1,2024-12-31
21850047800209202121661-PA2500,21850047800209,48,2021-08-20,48.0,,0,40.37,,,,1,2024-12-31
21850047800209202121661-PA2600,21850047800209,48,2021-10-04,60.0,,0,38.9,,,,1,2024-12-31
245300223001702021AMOINFO00,24530022300170,72,2021-09-27,3.0,,0,39.13,,,,1,2024-12-31
247200629000762021BGINFOLOT100,24720062900076,48,2021-09-27,60.0,,0,39.13,,,,1,2024-12-31
21440036800012202121M0466500,21440036800012,35,2021-09-23,12.0,,0,39.26,,,,1,2024-12-31
217202647000122021Sab01200,21720264700012,72,2021-09-16,36.0,,0,39.49,,,,1,2024-12-31
21850047800209202121661-PA2700,21850047800209,35,2021-09-02,4.0,,0,39.95,,,,1,2024-12-31
55655032500030202182580500,55655032500030,72,2021-09-01,36.0,,0,39.98,,,,1,2024-12-31
391722881000522021HkUtPF1rJT00,39172288100052,32,2021-08-31,48.0,,0,40.01,,,,1,2024-12-31
20005359300014202121002103,20005359300014,35,2021-08-25,36.0,,0,40.21,,,,1,2024-12-31
215301300000122021M04600,21530130000012,32,2021-04-26,2.0,215301300000122021M04601,1,3.94,3.94,1.0,0.903,0,
215301300000122021M04601,21530130000012,32,2021-08-24,2.0,,0,40.24,,,,1,2024-12-31
214401549000162021JcoRwLGw-a00,21440154900016,32,2021-08-13,48.0,,0,40.6,,,,1,2024-12-31
2144003680001220202020181400,21440036800012,48,2020-12-11,8.0,2144003680001220202020181402,1,8.02,8.02,1.0,0.999,0,
2144003680001220202020181401,21440036800012,48,2021-07-02,8.0,,0,41.98,,,,1,2024-12-31
2144003680001220202020181402,21440036800012,48,2021-08-12,18.0,,0,40.64,,,,1,2024-12-31
24850062100045202121CC01100900,24850062100045,35,2021-08-06,48.0,,0,40.83,,,,1,2024-12-31
24850062100045202121CC01100800,24850062100045,35,2021-08-09,48.0,,0,40.74,,,,1,2024-12-31
21850109600018202121VH01600900,21850109600018,35,2021-08-06,48.0,,0,40.83,,,,1,2024-12-31
2185028880001720212021T0300,21850288800017,32,2021-07-29,36.0,,0,41.1,,,,1,2024-12-31
2185028880001720212021T0301,21850288800017,32,2021-07-29,36.0,,0,41.1,,,,1,2024-12-31
21440020200013202019380200,21440020200013,32,2020-01-06,13.0,21440020200013202019380201,1,12.98,12.98,1.0,0.999,0,
214400202000132020204300,21440020200013,32,2020-10-22,48.0,,0,50.3,,,,1,2024-12-31
21440020200013202019380201,21440020200013,32,2021-02-04,13.0,,0,46.85,,,,1,2024-12-31
21440020200013202019380202,21440020200013,32,2021-07-26,13.0,,0,41.2,,,,1,2024-12-31
552046484005642021DEps0L8EE350,55204648400564,32,2021-07-26,8.0,,0,41.2,,,,1,2024-12-31
214402125000712021210700,21440212500071,35,2021-07-21,2.0,,0,41.36,,,,1,2024-12-31
214900078000122021210730100000,21490007800012,48,2021-07-21,2.0,,0,41.36,,,,1,2024-12-31
2000846970001620212021023BG000,20008469700016,72,2021-07-20,48.0,,0,41.39,,,,1,2024-12-31
2000821390001120214eht80000000,20008213900011,32,2021-07-19,36.0,,0,41.43,,,,1,2024-12-31
342007812000232021kjQy_7nfaV00,34200781200023,48,2021-07-06,42.0,,0,41.85,,,,1,2024-12-31
244400438000442021rL3jQ1GER300,24440043800044,48,2021-06-28,3.0,,0,42.12,,,,1,2024-12-31
1300080060006120212021F1133700,13000800600061,32,2021-06-24,48.0,,0,42.25,,,,1,2024-12-31
24440043800127202100001900,24440043800127,48,2021-06-08,3.0,,0,42.77,,,,1,2024-12-31
057201139000292021gGqhiqCQ_S01,05720113900029,32,2021-05-31,36.0,,0,43.04,,,,1,2024-12-31
2885000280002320226xy1e0000000,28850002800023,48,2021-05-31,48.0,,0,43.04,,,,1,2024-12-31
288500028000232022d3c3y0000000,28850002800023,48,2021-05-31,48.0,,0,43.04,,,,1,2024-12-31
1944098430001920192019S1081000,19440984300019,72,2019-05-14,60.0,,0,67.61,,,,1,2024-12-31
1944098430001920192019F1159500,19440984300019,72,2019-06-06,24.0,,0,66.85,,,,1,2024-12-31
1944098430001920191461400,19440984300019,72,2019-07-22,21.0,,0,65.34,,,,1,2024-12-31
1944098430001920202020S0848700,19440984300019,72,2020-06-03,48.0,,0,54.93,,,,1,2024-12-31
1944098430001920202020S1667500,19440984300019,72,2020-10-14,36.0,,0,50.56,,,,1,2024-12-31
1944098430001920202020S1932700,19440984300019,72,2020-12-09,84.0,,0,48.72,,,,1,2024-12-31
1944098430001920212021S0751000,19440984300019,72,2021-04-30,50.0,,0,44.05,,,,1,2024-12-31
1944098430001920212021S0801000,19440984300019,72,2021-05-11,12.0,,0,43.69,,,,1,2024-12-31
1944098430001920212021S1035200,19440984300019,72,2021-05-28,6.0,,0,43.13,,,,1,2024-12-31
20005430200019202178901000,20005430200019,48,2021-05-25,60.0,,0,43.23,,,,1,2024-12-31
278500012001842021F00126,27850001200184,48,2021-05-18,68.0,,0,43.46,,,,1,2024-12-31
2144011010001620200200,21440110100016,48,2020-05-04,36.0,,0,55.91,,,,1,2024-12-31
21440110100016202283843500,21440110100016,48,2021-05-12,36.0,,0,43.66,,,,1,2024-12-31
75305003800037202123800,75305003800037,72,2021-05-10,48.0,,0,43.73,,,,1,2024-12-31
057201139000292019P-eqlhPOQN01,05720113900029,48,2020-04-07,120.0,,0,56.8,,,,1,2024-12-31
05720113900029202120NmBOAh5q01,05720113900029,48,2021-05-04,48.0,,0,43.92,,,,1,2024-12-31
200065423000102021-00600,20006542300010,48,2021-04-26,1.0,,0,44.19,,,,1,2024-12-31
1944098430001920212021S2480900,19440984300019,48,2021-03-31,36.0,,0,45.04,,,,1,2024-12-31
248500191000232020_22_M_SIG00,24850019100023,48,2021-03-22,70.0,,0,45.34,,,,1,2024-12-31
20006786600018201961679700,20006786600018,72,2019-03-08,60.0,,0,69.81,,,,1,2024-12-31
20006786600018202177627500,20006786600018,72,2021-03-19,60.0,,0,45.43,,,,1,2024-12-31
1844012890002220202020S2285300,18440128900022,48,2020-10-12,48.0,,0,50.62,,,,1,2024-12-31
1844012890002220212021S0388000,18440128900022,48,2021-02-23,48.0,,0,46.22,,,,1,2024-12-31
200071876000112021000012L01000,20007187600011,32,2021-02-19,36.0,,0,46.35,,,,1,2024-12-31
200071876000112021000012L03000,20007187600011,32,2021-02-19,36.0,,0,46.35,,,,1,2024-12-31
200071876000112021000012L02000,20007187600011,32,2021-02-22,36.0,,0,46.25,,,,1,2024-12-31
21440190300155202204000sic00,21440190300155,72,2021-02-21,60.0,,0,46.29,,,,1,2024-12-31
214400475000152019KBEaoKGvEu00,21440047500015,35,2019-12-16,36.0,,0,60.51,,,,1,2024-12-31
214400475000152020nsWIEQflxm00,21440047500015,35,2021-02-16,48.0,,0,46.45,,,,1,2024-12-31
254902505000182021F00001,25490250500018,48,2021-02-10,44.0,,0,46.65,,,,1,2024-12-31
20005430200019202007600,20005430200019,32,2021-01-04,1.0,,0,47.86,,,,1,2024-12-31
21440215800015201818S004100,21440215800015,32,2018-12-17,24.0,,0,72.47,,,,1,2024-12-31
2144021580001520202000030100,21440215800015,32,2020-07-02,2.0,,0,53.98,,,,1,2024-12-31
2144021580001520202000030200,21440215800015,32,2020-07-16,2.0,,0,53.52,,,,1,2024-12-31
2144021580001520212000160100,21440215800015,32,2021-01-04,48.0,,0,47.86,,,,1,2024-12-31
2144021580001520212000160200,21440215800015,32,2021-01-04,48.0,,0,47.86,,,,1,2024-12-31
309755080000532020000000000101,30975508000053,72,2020-12-31,1.0,,0,48.0,,,,1,2024-12-31
24440061000055202020071100,24440061000055,35,2020-12-30,48.0,,0,48.03,,,,1,2024-12-31
24440061000055202020071200,24440061000055,35,2020-12-30,48.0,,0,48.03,,,,1,2024-12-31
24440061000055202020071300,24440061000055,35,2020-12-30,48.0,,0,48.03,,,,1,2024-12-31
40304085000014202026900,40304085000014,35,2020-12-18,48.0,,0,48.42,,,,1,2024-12-31
214400558000182020MLB002800000,21440055800018,32,2020-12-17,48.0,,0,48.46,,,,1,2024-12-31
20008256800011202002200,20008256800011,35,2020-03-23,3.0,20008256800011202002202,1,8.8,8.8,1.0,0.71,0,
20008256800011202002201,20008256800011,35,2020-03-23,3.0,20008256800011202002202,1,8.8,8.8,1.0,0.71,0,
20008256800011202002202,20008256800011,35,2020-12-16,3.0,,0,48.49,,,,1,2024-12-31
200068955000182020-120000,20006895500018,32,2020-03-02,19.0,,0,57.98,,,,1,2024-12-31
200068955000182020-120001,20006895500018,32,2020-12-15,19.0,,0,48.52,,,,1,2024-12-31
200089993000222021100,20008999300022,48,2020-12-15,5.0,,0,48.52,,,,1,2024-12-31
264400524001302020060909MVB00,26440052400130,32,2020-12-04,48.0,,0,48.88,,,,1,2024-12-31
264400524001302020060909MVC00,26440052400130,48,2020-12-04,48.0,,0,48.88,,,,1,2024-12-31
200067635000172020000000016C00,20006763500017,72,2020-12-03,13.0,,0,48.92,,,,1,2024-12-31
20006001000044201921B451L00D00,20006001000044,35,2019-12-17,2.0,,0,60.48,,,,1,2024-12-31
20006001000044202009B451L06D00,20006001000044,35,2020-12-01,1.0,,0,48.98,,,,1,2024-12-31
27490003400019202020022400,27490003400019,72,2020-11-20,12.0,,0,49.34,,,,1,2024-12-31
1300081050001220202020S2270900,13000810500012,72,2020-11-16,48.0,,0,49.47,,,,1,2024-12-31
1300081050001220202020S2271000,13000810500012,72,2020-11-16,48.0,,0,49.47,,,,1,2024-12-31
1300081050001220202020S2271100,13000810500012,72,2020-11-16,48.0,,0,49.47,,,,1,2024-12-31
28530001800030201968687101,28530001800030,35,2019-12-27,12.0,,0,60.15,,,,1,2024-12-31
285300018000302020030500,28530001800030,35,2020-11-12,48.0,,0,49.61,,,,1,2024-12-31
285300018000302020030501,28530001800030,35,2020-11-12,48.0,,0,49.61,,,,1,2024-12-31
285300018000302020030502,28530001800030,35,2020-11-12,48.0,,0,49.61,,,,1,2024-12-31
285300018000302020030503,28530001800030,35,2020-11-12,48.0,,0,49.61,,,,1,2024-12-31
285300018000302020031000,28530001800030,35,2020-11-12,48.0,,0,49.61,,,,1,2024-12-31
285300018000302020031001,28530001800030,35,2020-11-12,48.0,,0,49.61,,,,1,2024-12-31
285300018000302020031002,28530001800030,35,2020-11-12,48.0,,0,49.61,,,,1,2024-12-31
28530001800030202075391700,28530001800030,35,2020-11-12,48.0,,0,49.61,,,,1,2024-12-31
28530001800030202075392100,28530001800030,35,2020-11-12,48.0,,0,49.61,,,,1,2024-12-31
28530001800030202075392600,28530001800030,35,2020-11-12,48.0,,0,49.61,,,,1,2024-12-31
389106865000142020yGAHzJVA7400,38910686500014,48,2020-10-29,36.0,,0,50.07,,,,1,2024-12-31
21440204200110202075185500,21440204200110,32,2020-10-28,12.0,,0,50.1,,,,1,2024-12-31
228500013006582019201919015700,22850001300658,35,2019-05-16,48.0,,0,67.54,,,,1,2024-12-31
228500013006582020202020027200,22850001300658,35,2020-10-19,48.0,,0,50.39,,,,1,2024-12-31
31468496000045201919C0202500,31468496000045,48,2019-10-09,72.0,,0,62.75,,,,1,2024-12-31
31468496000045202019M9227800,31468496000045,48,2020-10-08,96.0,,0,50.76,,,,1,2024-12-31
21440015200051202074134300,21440015200051,48,2020-09-30,1.0,,0,51.02,,,,1,2024-12-31
285300018000302020080100,28530001800030,48,2020-09-29,48.0,,0,51.05,,,,1,2024-12-31
285300018000302020080101,28530001800030,48,2020-09-29,48.0,,0,51.05,,,,1,2024-12-31
285300018000302020080101,28530001800030,48,2020-09-29,48.0,,0,51.05,,,,1,2024-12-31
285300018000302020080102,28530001800030,48,2020-09-29,48.0,,0,51.05,,,,1,2024-12-31
285300018000302020080102,28530001800030,48,2020-09-29,48.0,,0,51.05,,,,1,2024-12-31
28530001800030202074243800,28530001800030,48,2020-09-29,48.0,,0,51.05,,,,1,2024-12-31
34200781200023201824NSCm1_iv00,34200781200023,32,2019-03-21,45.0,,0,69.38,,,,1,2024-12-31
342007812000232020MR1hJ2b41300,34200781200023,32,2020-09-04,4.0,,0,51.87,,,,1,2024-12-31
2144019450001620201000,21440194500016,72,2020-07-31,36.0,,0,53.02,,,,1,2024-12-31
2144019450001620200800,21440194500016,32,2020-07-28,60.0,,0,53.12,,,,1,2024-12-31
20005438500014201900170000,20005438500014,48,2019-07-02,24.0,,0,66.0,,,,1,2024-12-31
20005438500014202000390000,20005438500014,48,2020-07-23,3.0,,0,53.29,,,,1,2024-12-31
556450161000302020SExsTOckrJ00,55645016100030,48,2020-07-22,12.0,,0,53.32,,,,1,2024-12-31
556450161000302020s0xg_c9_zL00,55645016100030,48,2020-07-22,12.0,,0,53.32,,,,1,2024-12-31
20006001000085202008-457-L0000,20006001000085,48,2020-07-13,36.0,,0,53.61,,,,1,2024-12-31
21440129100015202000501100,21440129100015,48,2020-07-10,36.0,,0,53.71,,,,1,2024-12-31
217201912000112020EauxUsées00,21720191200011,72,2020-06-30,84.0,,0,54.04,,,,1,2024-12-31
2000485510001020200000000003500,20004855100010,32,2020-06-29,2.0,,0,54.07,,,,1,2024-12-31
24440043800044201900003900,24440043800044,35,2019-12-20,64.0,,0,60.38,,,,1,2024-12-31
24440043800044201900003900,24440043800044,35,2019-12-20,64.0,,0,60.38,,,,1,2024-12-31
244400438000442019ASR1GwOGFu00,24440043800044,35,2019-12-20,63.0,,0,60.38,,,,1,2024-12-31
244400438000442019ASR1GwOGFu00,24440043800044,35,2019-12-20,63.0,,0,60.38,,,,1,2024-12-31
24440043800044201900003902,24440043800044,35,2020-06-19,66.0,,0,54.4,,,,1,2024-12-31
24440043800044201900003902,24440043800044,35,2020-06-19,66.0,,0,54.4,,,,1,2024-12-31
24440043800044201900003903,24440043800044,35,2020-06-19,66.0,,0,54.4,,,,1,2024-12-31
24440043800044201900003903,24440043800044,35,2020-06-19,66.0,,0,54.4,,,,1,2024-12-31
24440043800044201900003904,24440043800044,35,2020-06-19,66.0,,0,54.4,,,,1,2024-12-31
24440043800044201900003904,24440043800044,35,2020-06-19,66.0,,0,54.4,,,,1,2024-12-31
389106865000142020fPSKlQLolX00,38910686500014,32,2020-06-17,48.0,,0,54.47,,,,1,2024-12-31
389106865000142020fPSKlQLolX00,38910686500014,32,2020-06-17,48.0,,0,54.47,,,,1,2024-12-31
31468496000045202020C0201700,31468496000045,35,2020-06-04,12.0,,0,54.89,,,,1,2024-12-31
20005430200019202002500,20005430200019,35,2020-05-25,12.0,,0,55.22,,,,1,2024-12-31
200054302000192020025PANELEC00,20005430200019,35,2020-05-25,48.0,,0,55.22,,,,1,2024-12-31
274400027003072020112NMH00,27440002700307,48,2020-04-28,48.0,,0,56.11,,,,1,2024-12-31
274400027003072020189NMH00,27440002700307,48,2020-05-14,48.0,,0,55.58,,,,1,2024-12-31
1300085350001020192019F0531200,13000853500010,48,2019-01-04,24.0,,0,71.88,,,,1,2024-12-31
1300085350001020202020S0394400,13000853500010,48,2020-04-03,36.0,,0,56.93,,,,1,2024-12-31
228500013006582019201818041800,22850001300658,48,2019-02-25,42.0,,0,70.17,,,,1,2024-12-31
228500013006582019201919024000,22850001300658,48,2019-08-13,48.0,,0,64.62,,,,1,2024-12-31
228500013006582020202020004900,22850001300658,48,2020-02-07,3.0,,0,58.77,,,,1,2024-12-31
228500013006582020201920005600,22850001300658,48,2020-03-19,48.0,,0,57.42,,,,1,2024-12-31
214400095001282020000019083500,21440009500128,32,2020-03-13,13.0,,0,57.62,,,,1,2024-12-31
215301300000122020M01600,21530130000012,72,2020-03-09,36.0,,0,57.75,,,,1,2024-12-31
391722881000522019nCIi2BOqiZ00,39172288100052,48,2020-03-03,5.0,,0,57.95,,,,1,2024-12-31
2144009210001800002,21440092100018,72,2020-02-13,20.0,,0,58.57,,,,1,2024-12-31
2144009210001800003,21440092100018,72,2020-02-26,20.0,,0,58.15,,,,1,2024-12-31
2144009210001800001,21440092100018,72,2020-02-27,20.0,,0,58.11,,,,1,2024-12-31
214401093000152020S00004,21440109300015,48,2020-01-01,48.0,,0,59.99,,,,1,2024-12-31
214401093000152020S00001,21440109300015,48,2020-01-02,48.0,,0,59.95,,,,1,2024-12-31
214401093000152020F00002,21440109300015,48,2020-01-07,48.0,,0,59.79,,,,1,2024-12-31
214401093000152020S00003,21440109300015,48,2020-01-23,48.0,,0,59.26,,,,1,2024-12-31
214401093000152020S00005,21440109300015,48,2020-02-18,48.0,,0,58.41,,,,1,2024-12-31
200083228001022020SPE0100,20008322800102,35,2020-02-06,12.0,,0,58.8,,,,1,2024-12-31
2785000120018400002,27850001200184,32,2020-01-28,13.0,,0,59.1,,,,1,2024-12-31
217202001000122020-1800,21720200100012,32,2020-01-14,12.0,,0,59.56,,,,1,2024-12-31
218502888000172019PI0000000200,21850288800017,72,2019-04-09,1.0,,0,68.76,,,,1,2024-12-31
218502888000172019PI0000000100,21850288800017,72,2019-12-24,8.0,,0,60.25,,,,1,2024-12-31
217201243000112019MP06000000,21720124300011,32,2019-12-23,3.0,,0,60.28,,,,1,2024-12-31
2144004910012920191810190201,21440049100129,32,2019-12-18,2.0,,0,60.45,,,,1,2024-12-31
21440045900019201900001000,21440045900019,35,2019-12-17,2.0,,0,60.48,,,,1,2024-12-31
21440045900019201900001000,21440045900019,35,2019-12-17,2.0,,0,60.48,,,,1,2024-12-31
215301300000122019J08100,21530130000012,35,2019-12-17,13.0,,0,60.48,,,,1,2024-12-31
200071868000182019CC1905800,20007186800018,35,2019-11-18,6.0,,0,61.43,,,,1,2024-12-31
200055887000182019SER1800,20005588700018,72,2019-11-14,14.0,,0,61.56,,,,1,2024-12-31
130006109000572019180005539100,13000610900057,48,2019-11-04,36.0,,0,61.89,,,,1,2024-12-31
200077402000102019SERVEUR00,20007740200010,72,2019-10-22,1.0,,0,62.32,,,,1,2024-12-31
247200686001002019201913000000,24720068600100,48,2019-10-22,36.0,,0,62.32,,,,1,2024-12-31
274900026000232019SxulF6TpC_00,27490002600023,32,2019-10-16,2.0,,0,62.52,,,,1,2024-12-31
218501294000192019VIDEOPRO00,21850129400019,32,2019-10-15,3.0,,0,62.55,,,,1,2024-12-31
21440217400012201966709300,21440217400012,32,2019-09-26,9.0,,0,63.17,,,,1,2024-12-31
2444006440006220190514092500,24440064400062,35,2019-09-20,6.0,,0,63.37,,,,1,2024-12-31
38105376800028201968735500,38105376800028,35,2019-09-17,12.0,,0,63.47,,,,1,2024-12-31
218502888000172019F00000000401,21850288800017,48,2019-09-04,60.0,,0,63.9,,,,1,2024-12-31
2172005420001720190540500,21720054200017,48,2019-07-22,72.0,,0,65.34,,,,1,2024-12-31
2000594750001820185_LDi_IuSN00,20005947500018,48,2019-02-28,12.0,,0,70.07,,,,1,2024-12-31
200059475000182018g7YDG5rkxi00,20005947500018,48,2019-02-28,12.0,,0,70.07,,,,1,2024-12-31
200059475000182019P1qwl6Z5zL00,20005947500018,48,2019-06-26,60.0,,0,66.2,,,,1,2024-12-31
200059475000182019hwY2AFqFni00,20005947500018,48,2019-07-18,60.0,,0,65.47,,,,1,2024-12-31
244400438000442019s_mMfllrCg00,24440043800044,72,2019-07-09,48.0,,0,65.77,,,,1,2024-12-31
21440066500011201964879900,21440066500011,48,2019-06-24,1.0,,0,66.26,,,,1,2024-12-31
18008928600041201962902200,18008928600041,35,2019-06-12,9.0,,0,66.66,,,,1,2024-12-31
18008928600041201962902200,18008928600041,35,2019-06-12,9.0,,0,66.66,,,,1,2024-12-31
18008928600041201962902200,18008928600041,35,2019-06-12,9.0,,0,66.66,,,,1,2024-12-31
21440035000010201900570CA00,21440035000010,32,2019-06-05,24.0,,0,66.89,,,,1,2024-12-31
1300080060006120192019S1085500,13000800600061,48,2019-05-23,60.0,,0,67.31,,,,1,2024-12-31
244400586000652019x-ut1Sww6L00,24440058600065,48,2019-05-09,48.0,,0,67.77,,,,1,2024-12-31
284400017000182019h9V52z2RJe00,28440001700018,32,2018-10-23,48.0,,0,74.28,,,,1,2024-12-31
284400017000182018hH4gxoPl6I00,28440001700018,32,2018-11-07,14.0,,0,73.78,,,,1,2024-12-31
284400017000182018DL2zBrNI_e00,28440001700018,32,2019-04-05,48.0,,0,68.89,,,,1,2024-12-31
284400017000182019CcGvfYei1100,28440001700018,32,2019-05-03,48.0,,0,67.97,,,,1,2024-12-31
21440066500011201963340000,21440066500011,32,2019-04-30,5.0,,0,68.07,,,,1,2024-12-31
214401721000112019626100,21440172100011,48,2019-04-05,48.0,,0,68.89,,,,1,2024-12-31
1844091910001420192019S0778000,18440919100014,72,2019-03-28,36.0,,0,69.15,,,,1,2024-12-31
2272000290001420191906200,22720002900014,32,2019-03-07,36.0,,0,69.84,,,,1,2024-12-31
224400028000112019I3400000,22440002800011,48,2019-02-22,48.0,,0,70.27,,,,1,2024-12-31
224400028000112019I4080000,22440002800011,48,2019-03-01,48.0,,0,70.04,,,,1,2024-12-31
2272000290001420191905500,22720002900014,35,2019-02-25,47.0,,0,70.17,,,,1,2024-12-31
535164412000202018jEwKAijTGS00,53516441200020,32,2019-02-19,4.0,,0,70.37,,,,1,2024-12-31
245300223001702019LOG0200,24530022300170,48,2019-02-18,7.0,,0,70.4,,,,1,2024-12-31
868801523000282018Sqw62tTvV400,86880152300028,35,2019-02-18,60.0,,0,70.4,,,,1,2024-12-31
868801523000282018VQAUnwEosh00,86880152300028,35,2019-02-18,60.0,,0,70.4,,,,1,2024-12-31
868801523000282018WVqS6PaYbQ00,86880152300028,35,2019-02-18,60.0,,0,70.4,,,,1,2024-12-31
535164412000202018xoiINalyuD00,53516441200020,35,2019-01-31,1.0,,0,70.99,,,,1,2024-12-31
21440172100011201961537900,21440172100011,35,2019-01-23,13.0,,0,71.25,,,,1,2024-12-31
200071868000182018CC1804900,20007186800018,72,2018-12-27,24.0,,0,72.14,,,,1,2024-12-31
1944098430001920182019F0201200,19440984300019,32,2018-12-21,48.0,,0,72.34,,,,1,2024-12-31
1944098430001920182019F0201300,19440984300019,32,2018-12-21,48.0,,0,72.34,,,,1,2024-12-31
79886871700017201859848000,79886871700017,72,2018-12-14,24.0,,0,72.57,,,,1,2024-12-31
200083392000152018I0720000,20008339200015,48,2018-12-10,48.0,,0,72.7,,,,1,2024-12-31
215301300000122018I0720000,21530130000012,48,2018-12-10,48.0,,0,72.7,,,,1,2024-12-31
265300855001282018I0720000,26530085500128,48,2018-12-10,48.0,,0,72.7,,,,1,2024-12-31
1300085350001020182018F9984400,13000853500010,32,2018-10-11,6.0,,0,74.67,,,,1,2024-12-31
2572013760002320180400,25720137600023,32,2018-09-19,3.0,,0,75.39,,,,1,2024-12-31
