source_id,true_candidate_id,true_event,scenario,noise_types_applied
SYN_EASY_SRC_00000,,0,easy,none
SYN_EASY_SRC_00001,,0,easy,none
SYN_EASY_SRC_00002,,0,easy,none
SYN_EASY_SRC_00003,SYN_EASY_TRUE_00003,1,easy,missing_duration
SYN_EASY_SRC_00004,SYN_EASY_TRUE_00004,1,easy,none
SYN_EASY_SRC_00005,,0,easy,none
SYN_EASY_SRC_00006,,0,easy,none
SYN_EASY_SRC_00007,,0,easy,none
SYN_EASY_SRC_00008,,0,easy,missing_cpv
SYN_EASY_SRC_00009,,0,easy,none
SYN_EASY_SRC_00010,,0,easy,none
SYN_EASY_SRC_00011,SYN_EASY_TRUE_00011,1,easy,missing_duration
SYN_EASY_SRC_00012,,0,easy,none
SYN_EASY_SRC_00013,,0,easy,none
SYN_EASY_SRC_00014,SYN_EASY_TRUE_00014,1,easy,none
SYN_EASY_SRC_00015,,0,easy,none
SYN_EASY_SRC_00016,SYN_EASY_TRUE_00016,1,easy,none
SYN_EASY_SRC_00017,,0,easy,missing_duration
SYN_EASY_SRC_00018,SYN_EASY_TRUE_00018,1,easy,none
SYN_EASY_SRC_00019,SYN_EASY_TRUE_00019,1,easy,none
SYN_EASY_SRC_00020,SYN_EASY_TRUE_00020,1,easy,case_variation
SYN_EASY_SRC_00021,,0,easy,none
SYN_EASY_SRC_00022,SYN_EASY_TRUE_00022,1,easy,none
SYN_EASY_SRC_00023,,0,easy,none
SYN_EASY_SRC_00024,,0,easy,none
SYN_EASY_SRC_00025,SYN_EASY_TRUE_00025,1,easy,object_shortening
SYN_EASY_SRC_00026,,0,easy,none
SYN_EASY_SRC_00027,SYN_EASY_TRUE_00027,1,easy,none
SYN_EASY_SRC_00028,,0,easy,none
SYN_EASY_SRC_00029,SYN_EASY_TRUE_00029,1,easy,none
SYN_EASY_SRC_00030,,0,easy,none
SYN_EASY_SRC_00031,SYN_EASY_TRUE_00031,1,easy,none
SYN_EASY_SRC_00032,,0,easy,none
SYN_EASY_SRC_00033,SYN_EASY_TRUE_00033,1,easy,cpv_reclassification
SYN_EASY_SRC_00034,SYN_EASY_TRUE_00034,1,easy,none
SYN_EASY_SRC_00035,SYN_EASY_TRUE_00035,1,easy,buyer_abbreviation
SYN_EASY_SRC_00036,SYN_EASY_TRUE_00036,1,easy,none
SYN_EASY_SRC_00037,,0,easy,none
SYN_EASY_SRC_00038,,0,easy,missing_duration
SYN_EASY_SRC_00039,,0,easy,none
SYN_EASY_SRC_00040,SYN_EASY_TRUE_00040,1,easy,none
SYN_EASY_SRC_00041,SYN_EASY_TRUE_00041,1,easy,object_shortening
SYN_EASY_SRC_00042,,0,easy,none
SYN_EASY_SRC_00043,SYN_EASY_TRUE_00043,1,easy,cpv_reclassification
SYN_EASY_SRC_00044,SYN_EASY_TRUE_00044,1,easy,none
SYN_EASY_SRC_00045,SYN_EASY_TRUE_00045,1,easy,none
SYN_EASY_SRC_00046,,0,easy,none
SYN_EASY_SRC_00047,SYN_EASY_TRUE_00047,1,easy,none
SYN_EASY_SRC_00048,,0,easy,missing_duration
SYN_EASY_SRC_00049,,0,easy,none
SYN_EASY_SRC_00050,SYN_EASY_TRUE_00050,1,easy,none
SYN_EASY_SRC_00051,,0,easy,none
SYN_EASY_SRC_00052,SYN_EASY_TRUE_00052,1,easy,missing_cpv
SYN_EASY_SRC_00053,,0,easy,none
SYN_EASY_SRC_00054,,0,easy,none
SYN_EASY_SRC_00055,SYN_EASY_TRUE_00055,1,easy,none
SYN_EASY_SRC_00056,,0,easy,missing_duration
SYN_EASY_SRC_00057,,0,easy,none
SYN_EASY_SRC_00058,SYN_EASY_TRUE_00058,1,easy,generic_cpv_replacement
SYN_EASY_SRC_00059,SYN_EASY_TRUE_00059,1,easy,none
SYN_EASY_SRC_00060,,0,easy,none
SYN_EASY_SRC_00061,SYN_EASY_TRUE_00061,1,easy,none
SYN_EASY_SRC_00062,SYN_EASY_TRUE_00062,1,easy,missing_duration
SYN_EASY_SRC_00063,,0,easy,none
SYN_EASY_SRC_00064,SYN_EASY_TRUE_00064,1,easy,none
SYN_EASY_SRC_00065,,0,easy,none
SYN_EASY_SRC_00066,,0,easy,none
SYN_EASY_SRC_00067,SYN_EASY_TRUE_00067,1,easy,missing_duration
SYN_EASY_SRC_00068,,0,easy,none
SYN_EASY_SRC_00069,SYN_EASY_TRUE_00069,1,easy,none
SYN_EASY_SRC_00070,,0,easy,none
SYN_EASY_SRC_00071,SYN_EASY_TRUE_00071,1,easy,none
SYN_EASY_SRC_00072,SYN_EASY_TRUE_00072,1,easy,cpv_reclassification|missing_duration|object_shortening
SYN_EASY_SRC_00073,SYN_EASY_TRUE_00073,1,easy,none
SYN_EASY_SRC_00074,,0,easy,none
SYN_EASY_SRC_00075,SYN_EASY_TRUE_00075,1,easy,none
SYN_EASY_SRC_00076,SYN_EASY_TRUE_00076,1,easy,missing_duration
SYN_EASY_SRC_00077,,0,easy,none
SYN_EASY_SRC_00078,SYN_EASY_TRUE_00078,1,easy,none
SYN_EASY_SRC_00079,SYN_EASY_TRUE_00079,1,easy,cpv_reclassification
SYN_EASY_SRC_00080,SYN_EASY_TRUE_00080,1,easy,none
SYN_EASY_SRC_00081,SYN_EASY_TRUE_00081,1,easy,none
SYN_EASY_SRC_00082,SYN_EASY_TRUE_00082,1,easy,none
SYN_EASY_SRC_00083,,0,easy,none
SYN_EASY_SRC_00084,SYN_EASY_TRUE_00084,1,easy,none
SYN_EASY_SRC_00085,SYN_EASY_TRUE_00085,1,easy,none
SYN_EASY_SRC_00086,,0,easy,none
SYN_EASY_SRC_00087,SYN_EASY_TRUE_00087,1,easy,none
SYN_EASY_SRC_00088,,0,easy,none
SYN_EASY_SRC_00089,SYN_EASY_TRUE_00089,1,easy,missing_cpv|timing_outlier
SYN_EASY_SRC_00090,,0,easy,none
SYN_EASY_SRC_00091,,0,easy,none
SYN_EASY_SRC_00092,,0,easy,none
SYN_EASY_SRC_00093,,0,easy,none
SYN_EASY_SRC_00094,SYN_EASY_TRUE_00094,1,easy,missing_duration
SYN_EASY_SRC_00095,,0,easy,none
SYN_EASY_SRC_00096,SYN_EASY_TRUE_00096,1,easy,none
SYN_EASY_SRC_00097,,0,easy,none
SYN_EASY_SRC_00098,SYN_EASY_TRUE_00098,1,easy,none
SYN_EASY_SRC_00099,,0,easy,missing_duration
SYN_EASY_SRC_00100,SYN_EASY_TRUE_00100,1,easy,none
SYN_EASY_SRC_00101,SYN_EASY_TRUE_00101,1,easy,object_shortening|timing_outlier
SYN_EASY_SRC_00102,,0,easy,none
SYN_EASY_SRC_00103,SYN_EASY_TRUE_00103,1,easy,none
SYN_EASY_SRC_00104,SYN_EASY_TRUE_00104,1,easy,none
SYN_EASY_SRC_00105,,0,easy,none
SYN_EASY_SRC_00106,SYN_EASY_TRUE_00106,1,easy,none
SYN_EASY_SRC_00107,SYN_EASY_TRUE_00107,1,easy,none
SYN_EASY_SRC_00108,SYN_EASY_TRUE_00108,1,easy,none
SYN_EASY_SRC_00109,,0,easy,none
SYN_EASY_SRC_00110,SYN_EASY_TRUE_00110,1,easy,none
SYN_EASY_SRC_00111,SYN_EASY_TRUE_00111,1,easy,none
SYN_EASY_SRC_00112,,0,easy,none
SYN_EASY_SRC_00113,,0,easy,none
SYN_EASY_SRC_00114,,0,easy,none
SYN_EASY_SRC_00115,,0,easy,none
SYN_EASY_SRC_00116,SYN_EASY_TRUE_00116,1,easy,accent_removed|case_variation
SYN_EASY_SRC_00117,,0,easy,none
SYN_EASY_SRC_00118,,0,easy,none
SYN_EASY_SRC_00119,,0,easy,none
SYN_EASY_SRC_00120,SYN_EASY_TRUE_00120,1,easy,none
SYN_EASY_SRC_00121,,0,easy,missing_duration
SYN_EASY_SRC_00122,SYN_EASY_TRUE_00122,1,easy,cpv_reclassification
SYN_EASY_SRC_00123,,0,easy,none
SYN_EASY_SRC_00124,,0,easy,none
SYN_EASY_SRC_00125,SYN_EASY_TRUE_00125,1,easy,none
SYN_EASY_SRC_00126,SYN_EASY_TRUE_00126,1,easy,cpv_reclassification|timing_outlier
SYN_EASY_SRC_00127,,0,easy,missing_duration
SYN_EASY_SRC_00128,SYN_EASY_TRUE_00128,1,easy,none
SYN_EASY_SRC_00129,SYN_EASY_TRUE_00129,1,easy,none
SYN_EASY_SRC_00130,SYN_EASY_TRUE_00130,1,easy,none
SYN_EASY_SRC_00131,SYN_EASY_TRUE_00131,1,easy,none
SYN_EASY_SRC_00132,SYN_EASY_TRUE_00132,1,easy,accent_removed|generic_cpv_replacement|legal_form_variation
SYN_EASY_SRC_00133,SYN_EASY_TRUE_00133,1,easy,none
SYN_EASY_SRC_00134,SYN_EASY_TRUE_00134,1,easy,missing_duration
SYN_EASY_SRC_00135,,0,easy,none
SYN_EASY_SRC_00136,SYN_EASY_TRUE_00136,1,easy,none
SYN_EASY_SRC_00137,SYN_EASY_TRUE_00137,1,easy,none
SYN_EASY_SRC_00138,SYN_EASY_TRUE_00138,1,easy,none
SYN_EASY_SRC_00139,,0,easy,none
SYN_EASY_SRC_00140,,0,easy,none
SYN_EASY_SRC_00141,,0,easy,case_variation
SYN_EASY_SRC_00142,,0,easy,none
SYN_EASY_SRC_00143,,0,easy,none
SYN_EASY_SRC_00144,SYN_EASY_TRUE_00144,1,easy,none
SYN_EASY_SRC_00145,,0,easy,missing_cpv
SYN_EASY_SRC_00146,,0,easy,none
SYN_EASY_SRC_00147,,0,easy,none
SYN_EASY_SRC_00148,,0,easy,none
SYN_EASY_SRC_00149,,0,easy,none
SYN_EASY_SRC_00150,SYN_EASY_TRUE_00150,1,easy,none
SYN_EASY_SRC_00151,,0,easy,none
SYN_EASY_SRC_00152,,0,easy,none
SYN_EASY_SRC_00153,SYN_EASY_TRUE_00153,1,easy,none
SYN_EASY_SRC_00154,SYN_EASY_TRUE_00154,1,easy,none
SYN_EASY_SRC_00155,,0,easy,none
SYN_EASY_SRC_00156,SYN_EASY_TRUE_00156,1,easy,none
SYN_EASY_SRC_00157,SYN_EASY_TRUE_00157,1,easy,none
SYN_EASY_SRC_00158,SYN_EASY_TRUE_00158,1,easy,missing_duration
SYN_EASY_SRC_00159,SYN_EASY_TRUE_00159,1,easy,none
SYN_EASY_SRC_00160,,0,easy,none
SYN_EASY_SRC_00161,SYN_EASY_TRUE_00161,1,easy,none
SYN_EASY_SRC_00162,,0,easy,none
SYN_EASY_SRC_00163,,0,easy,legal_form_variation
SYN_EASY_SRC_00164,,0,easy,none
SYN_EASY_SRC_00165,SYN_EASY_TRUE_00165,1,easy,none
SYN_EASY_SRC_00166,,0,easy,none
SYN_EASY_SRC_00167,SYN_EASY_TRUE_00167,1,easy,none
SYN_EASY_SRC_00168,,0,easy,none
SYN_EASY_SRC_00169,,0,easy,missing_duration
SYN_EASY_SRC_00170,SYN_EASY_TRUE_00170,1,easy,accent_removed|buyer_abbreviation|case_variation
SYN_EASY_SRC_00171,SYN_EASY_TRUE_00171,1,easy,none
SYN_EASY_SRC_00172,SYN_EASY_TRUE_00172,1,easy,none
SYN_EASY_SRC_00173,SYN_EASY_TRUE_00173,1,easy,missing_duration
SYN_EASY_SRC_00174,SYN_EASY_TRUE_00174,1,easy,none
SYN_EASY_SRC_00175,,0,easy,none
SYN_EASY_SRC_00176,,0,easy,none
SYN_EASY_SRC_00177,,0,easy,none
SYN_EASY_SRC_00178,SYN_EASY_TRUE_00178,1,easy,missing_duration
SYN_EASY_SRC_00179,SYN_EASY_TRUE_00179,1,easy,missing_duration
SYN_EASY_SRC_00180,,0,easy,none
SYN_EASY_SRC_00181,SYN_EASY_TRUE_00181,1,easy,missing_duration
SYN_EASY_SRC_00182,,0,easy,none
SYN_EASY_SRC_00183,,0,easy,none
SYN_EASY_SRC_00184,,0,easy,none
SYN_EASY_SRC_00185,SYN_EASY_TRUE_00185,1,easy,none
SYN_EASY_SRC_00186,,0,easy,none
SYN_EASY_SRC_00187,,0,easy,none
SYN_EASY_SRC_00188,SYN_EASY_TRUE_00188,1,easy,none
SYN_EASY_SRC_00189,SYN_EASY_TRUE_00189,1,easy,none
SYN_EASY_SRC_00190,SYN_EASY_TRUE_00190,1,easy,none
SYN_EASY_SRC_00191,SYN_EASY_TRUE_00191,1,easy,none
SYN_EASY_SRC_00192,,0,easy,none
SYN_EASY_SRC_00193,,0,easy,none
SYN_EASY_SRC_00194,SYN_EASY_TRUE_00194,1,easy,none
SYN_EASY_SRC_00195,SYN_EASY_TRUE_00195,1,easy,none
SYN_EASY_SRC_00196,SYN_EASY_TRUE_00196,1,easy,none
SYN_EASY_SRC_00197,SYN_EASY_TRUE_00197,1,easy,none
SYN_EASY_SRC_00198,,0,easy,none
SYN_EASY_SRC_00199,,0,easy,none
SYN_EASY_SRC_00200,SYN_EASY_TRUE_00200,1,easy,none
SYN_EASY_SRC_00201,SYN_EASY_TRUE_00201,1,easy,none
SYN_EASY_SRC_00202,SYN_EASY_TRUE_00202,1,easy,missing_duration
SYN_EASY_SRC_00203,SYN_EASY_TRUE_00203,1,easy,none
SYN_EASY_SRC_00204,SYN_EASY_TRUE_00204,1,easy,none
SYN_EASY_SRC_00205,,0,easy,none
SYN_EASY_SRC_00206,,0,easy,none
SYN_EASY_SRC_00207,,0,easy,missing_duration
SYN_EASY_SRC_00208,,0,easy,none
SYN_EASY_SRC_00209,,0,easy,none
SYN_EASY_SRC_00210,,0,easy,none
SYN_EASY_SRC_00211,SYN_EASY_TRUE_00211,1,easy,none
SYN_EASY_SRC_00212,,0,easy,missing_cpv
SYN_EASY_SRC_00213,,0,easy,none
SYN_EASY_SRC_00214,,0,easy,none
SYN_EASY_SRC_00215,SYN_EASY_TRUE_00215,1,easy,none
SYN_EASY_SRC_00216,SYN_EASY_TRUE_00216,1,easy,none
SYN_EASY_SRC_00217,,0,easy,none
SYN_EASY_SRC_00218,,0,easy,none
SYN_EASY_SRC_00219,,0,easy,none
SYN_EASY_SRC_00220,,0,easy,none
SYN_EASY_SRC_00221,SYN_EASY_TRUE_00221,1,easy,accent_removed|buyer_abbreviation|legal_form_variation
SYN_EASY_SRC_00222,,0,easy,none
SYN_EASY_SRC_00223,,0,easy,none
SYN_EASY_SRC_00224,SYN_EASY_TRUE_00224,1,easy,none
SYN_EASY_SRC_00225,,0,easy,none
SYN_EASY_SRC_00226,SYN_EASY_TRUE_00226,1,easy,none
SYN_EASY_SRC_00227,,0,easy,missing_duration
SYN_EASY_SRC_00228,SYN_EASY_TRUE_00228,1,easy,none
SYN_EASY_SRC_00229,SYN_EASY_TRUE_00229,1,easy,accent_removed|case_variation
SYN_EASY_SRC_00230,,0,easy,none
SYN_EASY_SRC_00231,SYN_EASY_TRUE_00231,1,easy,missing_duration
SYN_EASY_SRC_00232,SYN_EASY_TRUE_00232,1,easy,missing_duration|timing_outlier
SYN_EASY_SRC_00233,,0,easy,none
SYN_EASY_SRC_00234,SYN_EASY_TRUE_00234,1,easy,missing_duration
SYN_EASY_SRC_00235,,0,easy,none
SYN_EASY_SRC_00236,SYN_EASY_TRUE_00236,1,easy,none
SYN_EASY_SRC_00237,SYN_EASY_TRUE_00237,1,easy,none
SYN_EASY_SRC_00238,,0,easy,none
SYN_EASY_SRC_00239,SYN_EASY_TRUE_00239,1,easy,none
SYN_EASY_SRC_00240,,0,easy,missing_duration
SYN_EASY_SRC_00241,,0,easy,none
SYN_EASY_SRC_00242,,0,easy,missing_duration
SYN_EASY_SRC_00243,,0,easy,none
SYN_EASY_SRC_00244,SYN_EASY_TRUE_00244,1,easy,accent_removed|buyer_abbreviation|cpv_reclassification|legal_form_variation
SYN_EASY_SRC_00245,,0,easy,none
SYN_EASY_SRC_00246,,0,easy,none
SYN_EASY_SRC_00247,,0,easy,none
SYN_EASY_SRC_00248,,0,easy,none
SYN_EASY_SRC_00249,SYN_EASY_TRUE_00249,1,easy,none
SYN_EASY_SRC_00250,SYN_EASY_TRUE_00250,1,easy,generic_cpv_replacement
SYN_EASY_SRC_00251,,0,easy,none
SYN_EASY_SRC_00252,,0,easy,none
SYN_EASY_SRC_00253,SYN_EASY_TRUE_00253,1,easy,none
SYN_EASY_SRC_00254,,0,easy,none
SYN_EASY_SRC_00255,,0,easy,none
SYN_EASY_SRC_00256,SYN_EASY_TRUE_00256,1,easy,missing_duration
SYN_EASY_SRC_00257,,0,easy,none
SYN_EASY_SRC_00258,,0,easy,none
SYN_EASY_SRC_00259,SYN_EASY_TRUE_00259,1,easy,none
SYN_EASY_SRC_00260,,0,easy,none
SYN_EASY_SRC_00261,SYN_EASY_TRUE_00261,1,easy,missing_duration
SYN_EASY_SRC_00262,SYN_EASY_TRUE_00262,1,easy,none
SYN_EASY_SRC_00263,SYN_EASY_TRUE_00263,1,easy,none
SYN_EASY_SRC_00264,SYN_EASY_TRUE_00264,1,easy,none
SYN_EASY_SRC_00265,,0,easy,none
SYN_EASY_SRC_00266,SYN_EASY_TRUE_00266,1,easy,cpv_reclassification
SYN_EASY_SRC_00267,,0,easy,legal_form_variation
SYN_EASY_SRC_00268,SYN_EASY_TRUE_00268,1,easy,missing_duration
SYN_EASY_SRC_00269,SYN_EASY_TRUE_00269,1,easy,none
SYN_EASY_SRC_00270,SYN_EASY_TRUE_00270,1,easy,missing_cpv
SYN_EASY_SRC_00271,,0,easy,none
SYN_EASY_SRC_00272,SYN_EASY_TRUE_00272,1,easy,none
SYN_EASY_SRC_00273,SYN_EASY_TRUE_00273,1,easy,none
SYN_EASY_SRC_00274,SYN_EASY_TRUE_00274,1,easy,none
SYN_EASY_SRC_00275,SYN_EASY_TRUE_00275,1,easy,none
SYN_EASY_SRC_00276,SYN_EASY_TRUE_00276,1,easy,none
SYN_EASY_SRC_00277,,0,easy,none
SYN_EASY_SRC_00278,SYN_EASY_TRUE_00278,1,easy,none
SYN_EASY_SRC_00279,SYN_EASY_TRUE_00279,1,easy,none
SYN_EASY_SRC_00280,SYN_EASY_TRUE_00280,1,easy,accent_removed
SYN_EASY_SRC_00281,SYN_EASY_TRUE_00281,1,easy,cpv_reclassification
SYN_EASY_SRC_00282,SYN_EASY_TRUE_00282,1,easy,missing_duration
SYN_EASY_SRC_00283,,0,easy,none
SYN_EASY_SRC_00284,,0,easy,none
SYN_EASY_SRC_00285,SYN_EASY_TRUE_00285,1,easy,none
SYN_EASY_SRC_00286,,0,easy,none
SYN_EASY_SRC_00287,,0,easy,none
SYN_EASY_SRC_00288,,0,easy,none
SYN_EASY_SRC_00289,SYN_EASY_TRUE_00289,1,easy,missing_duration
SYN_EASY_SRC_00290,,0,easy,none
SYN_EASY_SRC_00291,SYN_EASY_TRUE_00291,1,easy,none
SYN_EASY_SRC_00292,,0,easy,none
SYN_EASY_SRC_00293,SYN_EASY_TRUE_00293,1,easy,missing_duration
SYN_EASY_SRC_00294,SYN_EASY_TRUE_00294,1,easy,generic_cpv_replacement
SYN_EASY_SRC_00295,SYN_EASY_TRUE_00295,1,easy,none
SYN_EASY_SRC_00296,,0,easy,none
SYN_EASY_SRC_00297,,0,easy,none
SYN_EASY_SRC_00298,SYN_EASY_TRUE_00298,1,easy,missing_duration
SYN_EASY_SRC_00299,,0,easy,none
SYN_EASY_SRC_00300,,0,easy,none
SYN_EASY_SRC_00301,,0,easy,none
SYN_EASY_SRC_00302,SYN_EASY_TRUE_00302,1,easy,none
SYN_EASY_SRC_00303,SYN_EASY_TRUE_00303,1,easy,missing_duration
SYN_EASY_SRC_00304,SYN_EASY_TRUE_00304,1,easy,none
SYN_EASY_SRC_00305,SYN_EASY_TRUE_00305,1,easy,missing_duration
SYN_EASY_SRC_00306,,0,easy,none
SYN_EASY_SRC_00307,,0,easy,none
SYN_EASY_SRC_00308,,0,easy,none
SYN_EASY_SRC_00309,SYN_EASY_TRUE_00309,1,easy,none
SYN_EASY_SRC_00310,SYN_EASY_TRUE_00310,1,easy,none
SYN_EASY_SRC_00311,SYN_EASY_TRUE_00311,1,easy,cpv_reclassification
SYN_EASY_SRC_00312,SYN_EASY_TRUE_00312,1,easy,none
SYN_EASY_SRC_00313,,0,easy,none
SYN_EASY_SRC_00314,SYN_EASY_TRUE_00314,1,easy,none
SYN_EASY_SRC_00315,,0,easy,missing_duration
SYN_EASY_SRC_00316,,0,easy,none
SYN_EASY_SRC_00317,,0,easy,none
SYN_EASY_SRC_00318,,0,easy,none
SYN_EASY_SRC_00319,,0,easy,none
SYN_EASY_SRC_00320,SYN_EASY_TRUE_00320,1,easy,none
SYN_EASY_SRC_00321,SYN_EASY_TRUE_00321,1,easy,object_shortening
SYN_EASY_SRC_00322,SYN_EASY_TRUE_00322,1,easy,none
SYN_EASY_SRC_00323,,0,easy,none
SYN_EASY_SRC_00324,,0,easy,none
SYN_EASY_SRC_00325,,0,easy,none
SYN_EASY_SRC_00326,SYN_EASY_TRUE_00326,1,easy,missing_duration
SYN_EASY_SRC_00327,SYN_EASY_TRUE_00327,1,easy,none
SYN_EASY_SRC_00328,SYN_EASY_TRUE_00328,1,easy,missing_duration
SYN_EASY_SRC_00329,,0,easy,none
SYN_EASY_SRC_00330,SYN_EASY_TRUE_00330,1,easy,generic_cpv_replacement
SYN_EASY_SRC_00331,,0,easy,none
SYN_EASY_SRC_00332,SYN_EASY_TRUE_00332,1,easy,none
SYN_EASY_SRC_00333,,0,easy,none
SYN_EASY_SRC_00334,SYN_EASY_TRUE_00334,1,easy,none
SYN_EASY_SRC_00335,SYN_EASY_TRUE_00335,1,easy,none
SYN_EASY_SRC_00336,SYN_EASY_TRUE_00336,1,easy,none
SYN_EASY_SRC_00337,,0,easy,accent_removed|case_variation
SYN_EASY_SRC_00338,SYN_EASY_TRUE_00338,1,easy,none
SYN_EASY_SRC_00339,,0,easy,none
SYN_EASY_SRC_00340,SYN_EASY_TRUE_00340,1,easy,none
SYN_EASY_SRC_00341,SYN_EASY_TRUE_00341,1,easy,none
SYN_EASY_SRC_00342,,0,easy,none
SYN_EASY_SRC_00343,,0,easy,none
SYN_EASY_SRC_00344,,0,easy,none
SYN_EASY_SRC_00345,,0,easy,none
SYN_EASY_SRC_00346,SYN_EASY_TRUE_00346,1,easy,none
SYN_EASY_SRC_00347,,0,easy,missing_cpv
SYN_EASY_SRC_00348,SYN_EASY_TRUE_00348,1,easy,missing_duration
SYN_EASY_SRC_00349,,0,easy,none
SYN_EASY_SRC_00350,,0,easy,missing_cpv
SYN_EASY_SRC_00351,SYN_EASY_TRUE_00351,1,easy,none
SYN_EASY_SRC_00352,,0,easy,none
SYN_EASY_SRC_00353,,0,easy,missing_duration
SYN_EASY_SRC_00354,SYN_EASY_TRUE_00354,1,easy,none
SYN_EASY_SRC_00355,SYN_EASY_TRUE_00355,1,easy,none
SYN_EASY_SRC_00356,,0,easy,none
SYN_EASY_SRC_00357,,0,easy,none
SYN_EASY_SRC_00358,,0,easy,none
SYN_EASY_SRC_00359,SYN_EASY_TRUE_00359,1,easy,none
SYN_EASY_SRC_00360,,0,easy,none
SYN_EASY_SRC_00361,SYN_EASY_TRUE_00361,1,easy,none
SYN_EASY_SRC_00362,SYN_EASY_TRUE_00362,1,easy,missing_duration
SYN_EASY_SRC_00363,SYN_EASY_TRUE_00363,1,easy,missing_duration
SYN_EASY_SRC_00364,SYN_EASY_TRUE_00364,1,easy,missing_duration
SYN_EASY_SRC_00365,,0,easy,none
SYN_EASY_SRC_00366,SYN_EASY_TRUE_00366,1,easy,none
SYN_EASY_SRC_00367,SYN_EASY_TRUE_00367,1,easy,none
SYN_EASY_SRC_00368,,0,easy,none
SYN_EASY_SRC_00369,,0,easy,none
SYN_EASY_SRC_00370,,0,easy,none
SYN_EASY_SRC_00371,SYN_EASY_TRUE_00371,1,easy,none
SYN_EASY_SRC_00372,,0,easy,none
SYN_EASY_SRC_00373,,0,easy,none
SYN_EASY_SRC_00374,SYN_EASY_TRUE_00374,1,easy,none
SYN_EASY_SRC_00375,SYN_EASY_TRUE_00375,1,easy,none
SYN_EASY_SRC_00376,,0,easy,missing_duration
SYN_EASY_SRC_00377,SYN_EASY_TRUE_00377,1,easy,generic_cpv_replacement
SYN_EASY_SRC_00378,SYN_EASY_TRUE_00378,1,easy,none
SYN_EASY_SRC_00379,,0,easy,none
SYN_EASY_SRC_00380,,0,easy,none
SYN_EASY_SRC_00381,SYN_EASY_TRUE_00381,1,easy,none
SYN_EASY_SRC_00382,,0,easy,none
SYN_EASY_SRC_00383,SYN_EASY_TRUE_00383,1,easy,none
SYN_EASY_SRC_00384,SYN_EASY_TRUE_00384,1,easy,none
SYN_EASY_SRC_00385,,0,easy,none
SYN_EASY_SRC_00386,,0,easy,missing_duration
SYN_EASY_SRC_00387,SYN_EASY_TRUE_00387,1,easy,none
SYN_EASY_SRC_00388,SYN_EASY_TRUE_00388,1,easy,none
SYN_EASY_SRC_00389,SYN_EASY_TRUE_00389,1,easy,missing_duration
SYN_EASY_SRC_00390,SYN_EASY_TRUE_00390,1,easy,generic_cpv_replacement
SYN_EASY_SRC_00391,SYN_EASY_TRUE_00391,1,easy,missing_cpv
SYN_EASY_SRC_00392,,0,easy,none
SYN_EASY_SRC_00393,SYN_EASY_TRUE_00393,1,easy,none
SYN_EASY_SRC_00394,,0,easy,none
SYN_EASY_SRC_00395,SYN_EASY_TRUE_00395,1,easy,none
SYN_EASY_SRC_00396,SYN_EASY_TRUE_00396,1,easy,none
SYN_EASY_SRC_00397,SYN_EASY_TRUE_00397,1,easy,none
SYN_EASY_SRC_00398,SYN_EASY_TRUE_00398,1,easy,none
SYN_EASY_SRC_00399,,0,easy,none
SYN_EASY_SRC_00400,SYN_EASY_TRUE_00400,1,easy,none
SYN_EASY_SRC_00401,,0,easy,none
SYN_EASY_SRC_00402,SYN_EASY_TRUE_00402,1,easy,missing_cpv
SYN_EASY_SRC_00403,SYN_EASY_TRUE_00403,1,easy,none
SYN_EASY_SRC_00404,,0,easy,none
SYN_EASY_SRC_00405,,0,easy,none
SYN_EASY_SRC_00406,,0,easy,none
SYN_EASY_SRC_00407,SYN_EASY_TRUE_00407,1,easy,none
SYN_EASY_SRC_00408,,0,easy,none
SYN_EASY_SRC_00409,SYN_EASY_TRUE_00409,1,easy,none
SYN_EASY_SRC_00410,,0,easy,none
SYN_EASY_SRC_00411,SYN_EASY_TRUE_00411,1,easy,none
SYN_EASY_SRC_00412,,0,easy,missing_duration
SYN_EASY_SRC_00413,,0,easy,none
SYN_EASY_SRC_00414,,0,easy,none
SYN_EASY_SRC_00415,SYN_EASY_TRUE_00415,1,easy,none
SYN_EASY_SRC_00416,,0,easy,none
SYN_EASY_SRC_00417,SYN_EASY_TRUE_00417,1,easy,none
SYN_EASY_SRC_00418,SYN_EASY_TRUE_00418,1,easy,timing_outlier
SYN_EASY_SRC_00419,,0,easy,missing_duration
SYN_EASY_SRC_00420,SYN_EASY_TRUE_00420,1,easy,cpv_reclassification
SYN_EASY_SRC_00421,SYN_EASY_TRUE_00421,1,easy,none
SYN_EASY_SRC_00422,,0,easy,none
SYN_EASY_SRC_00423,,0,easy,none
SYN_EASY_SRC_00424,SYN_EASY_TRUE_00424,1,easy,none
SYN_EASY_SRC_00425,,0,easy,none
SYN_EASY_SRC_00426,,0,easy,none
SYN_EASY_SRC_00427,SYN_EASY_TRUE_00427,1,easy,timing_outlier
SYN_EASY_SRC_00428,SYN_EASY_TRUE_00428,1,easy,none
SYN_EASY_SRC_00429,,0,easy,none
SYN_EASY_SRC_00430,,0,easy,none
SYN_EASY_SRC_00431,SYN_EASY_TRUE_00431,1,easy,missing_duration
SYN_EASY_SRC_00432,SYN_EASY_TRUE_00432,1,easy,object_shortening
SYN_EASY_SRC_00433,,0,easy,none
SYN_EASY_SRC_00434,SYN_EASY_TRUE_00434,1,easy,none
SYN_EASY_SRC_00435,SYN_EASY_TRUE_00435,1,easy,timing_outlier
SYN_EASY_SRC_00436,SYN_EASY_TRUE_00436,1,easy,generic_cpv_replacement
SYN_EASY_SRC_00437,SYN_EASY_TRUE_00437,1,easy,none
SYN_EASY_SRC_00438,,0,easy,none
SYN_EASY_SRC_00439,,0,easy,missing_duration
SYN_EASY_SRC_00440,SYN_EASY_TRUE_00440,1,easy,object_shortening
SYN_EASY_SRC_00441,SYN_EASY_TRUE_00441,1,easy,none
SYN_EASY_SRC_00442,,0,easy,none
SYN_EASY_SRC_00443,SYN_EASY_TRUE_00443,1,easy,none
SYN_EASY_SRC_00444,,0,easy,none
SYN_EASY_SRC_00445,,0,easy,none
SYN_EASY_SRC_00446,SYN_EASY_TRUE_00446,1,easy,cpv_reclassification
SYN_EASY_SRC_00447,SYN_EASY_TRUE_00447,1,easy,none
SYN_EASY_SRC_00448,SYN_EASY_TRUE_00448,1,easy,object_shortening
SYN_EASY_SRC_00449,SYN_EASY_TRUE_00449,1,easy,none
SYN_EASY_SRC_00450,SYN_EASY_TRUE_00450,1,easy,none
SYN_EASY_SRC_00451,SYN_EASY_TRUE_00451,1,easy,none
SYN_EASY_SRC_00452,,0,easy,none
SYN_EASY_SRC_00453,SYN_EASY_TRUE_00453,1,easy,missing_duration
SYN_EASY_SRC_00454,,0,easy,missing_duration
SYN_EASY_SRC_00455,,0,easy,none
SYN_EASY_SRC_00456,SYN_EASY_TRUE_00456,1,easy,missing_cpv
SYN_EASY_SRC_00457,SYN_EASY_TRUE_00457,1,easy,missing_duration
SYN_EASY_SRC_00458,,0,easy,missing_cpv
SYN_EASY_SRC_00459,,0,easy,none
SYN_EASY_SRC_00460,SYN_EASY_TRUE_00460,1,easy,none
SYN_EASY_SRC_00461,SYN_EASY_TRUE_00461,1,easy,none
SYN_EASY_SRC_00462,SYN_EASY_TRUE_00462,1,easy,none
SYN_EASY_SRC_00463,SYN_EASY_TRUE_00463,1,easy,none
SYN_EASY_SRC_00464,SYN_EASY_TRUE_00464,1,easy,none
SYN_EASY_SRC_00465,,0,easy,missing_duration
SYN_EASY_SRC_00466,,0,easy,missing_duration
SYN_EASY_SRC_00467,SYN_EASY_TRUE_00467,1,easy,none
SYN_EASY_SRC_00468,,0,easy,missing_duration
SYN_EASY_SRC_00469,,0,easy,none
SYN_EASY_SRC_00470,SYN_EASY_TRUE_00470,1,easy,none
SYN_EASY_SRC_00471,SYN_EASY_TRUE_00471,1,easy,none
SYN_EASY_SRC_00472,SYN_EASY_TRUE_00472,1,easy,none
SYN_EASY_SRC_00473,,0,easy,none
SYN_EASY_SRC_00474,SYN_EASY_TRUE_00474,1,easy,missing_duration
SYN_EASY_SRC_00475,SYN_EASY_TRUE_00475,1,easy,none
SYN_EASY_SRC_00476,SYN_EASY_TRUE_00476,1,easy,none
SYN_EASY_SRC_00477,,0,easy,none
SYN_EASY_SRC_00478,SYN_EASY_TRUE_00478,1,easy,none
SYN_EASY_SRC_00479,,0,easy,none
SYN_EASY_SRC_00480,,0,easy,none
SYN_EASY_SRC_00481,SYN_EASY_TRUE_00481,1,easy,none
SYN_EASY_SRC_00482,,0,easy,missing_duration
SYN_EASY_SRC_00483,,0,easy,none
SYN_EASY_SRC_00484,SYN_EASY_TRUE_00484,1,easy,none
SYN_EASY_SRC_00485,SYN_EASY_TRUE_00485,1,easy,missing_duration
SYN_EASY_SRC_00486,,0,easy,missing_duration
SYN_EASY_SRC_00487,SYN_EASY_TRUE_00487,1,easy,cpv_reclassification
SYN_EASY_SRC_00488,,0,easy,missing_duration
SYN_EASY_SRC_00489,,0,easy,none
SYN_EASY_SRC_00490,SYN_EASY_TRUE_00490,1,easy,missing_duration
SYN_EASY_SRC_00491,,0,easy,none
SYN_EASY_SRC_00492,SYN_EASY_TRUE_00492,1,easy,missing_duration
SYN_EASY_SRC_00493,,0,easy,none
SYN_EASY_SRC_00494,SYN_EASY_TRUE_00494,1,easy,missing_duration
SYN_EASY_SRC_00495,SYN_EASY_TRUE_00495,1,easy,none
SYN_EASY_SRC_00496,,0,easy,none
SYN_EASY_SRC_00497,SYN_EASY_TRUE_00497,1,easy,case_variation|legal_form_variation
SYN_EASY_SRC_00498,SYN_EASY_TRUE_00498,1,easy,missing_cpv
SYN_EASY_SRC_00499,SYN_EASY_TRUE_00499,1,easy,none
SYN_EASY_SRC_00500,,0,easy,none
SYN_EASY_SRC_00501,,0,easy,none
SYN_EASY_SRC_00502,SYN_EASY_TRUE_00502,1,easy,none
SYN_EASY_SRC_00503,SYN_EASY_TRUE_00503,1,easy,accent_removed|buyer_abbreviation|case_variation|legal_form_variation|missing_duration
SYN_EASY_SRC_00504,,0,easy,missing_duration
SYN_EASY_SRC_00505,SYN_EASY_TRUE_00505,1,easy,none
SYN_EASY_SRC_00506,SYN_EASY_TRUE_00506,1,easy,missing_cpv
SYN_EASY_SRC_00507,SYN_EASY_TRUE_00507,1,easy,none
SYN_EASY_SRC_00508,SYN_EASY_TRUE_00508,1,easy,missing_duration|object_shortening
SYN_EASY_SRC_00509,,0,easy,none
SYN_EASY_SRC_00510,SYN_EASY_TRUE_00510,1,easy,none
SYN_EASY_SRC_00511,,0,easy,none
SYN_EASY_SRC_00512,,0,easy,none
SYN_EASY_SRC_00513,SYN_EASY_TRUE_00513,1,easy,missing_duration
SYN_EASY_SRC_00514,SYN_EASY_TRUE_00514,1,easy,cpv_reclassification
SYN_EASY_SRC_00515,,0,easy,missing_duration
SYN_EASY_SRC_00516,,0,easy,none
SYN_EASY_SRC_00517,SYN_EASY_TRUE_00517,1,easy,generic_cpv_replacement|missing_cpv
SYN_EASY_SRC_00518,,0,easy,none
SYN_EASY_SRC_00519,SYN_EASY_TRUE_00519,1,easy,none
SYN_EASY_SRC_00520,,0,easy,none
SYN_EASY_SRC_00521,SYN_EASY_TRUE_00521,1,easy,legal_form_variation|timing_outlier
SYN_EASY_SRC_00522,SYN_EASY_TRUE_00522,1,easy,none
SYN_EASY_SRC_00523,SYN_EASY_TRUE_00523,1,easy,none
SYN_EASY_SRC_00524,,0,easy,none
SYN_EASY_SRC_00525,,0,easy,none
SYN_EASY_SRC_00526,SYN_EASY_TRUE_00526,1,easy,buyer_abbreviation
SYN_EASY_SRC_00527,SYN_EASY_TRUE_00527,1,easy,none
SYN_EASY_SRC_00528,,0,easy,none
SYN_EASY_SRC_00529,SYN_EASY_TRUE_00529,1,easy,cpv_reclassification
SYN_EASY_SRC_00530,SYN_EASY_TRUE_00530,1,easy,none
SYN_EASY_SRC_00531,,0,easy,missing_duration
SYN_EASY_SRC_00532,,0,easy,none
SYN_EASY_SRC_00533,,0,easy,none
SYN_EASY_SRC_00534,SYN_EASY_TRUE_00534,1,easy,cpv_reclassification
SYN_EASY_SRC_00535,SYN_EASY_TRUE_00535,1,easy,none
SYN_EASY_SRC_00536,,0,easy,none
SYN_EASY_SRC_00537,SYN_EASY_TRUE_00537,1,easy,none
SYN_EASY_SRC_00538,,0,easy,none
SYN_EASY_SRC_00539,SYN_EASY_TRUE_00539,1,easy,none
SYN_EASY_SRC_00540,,0,easy,none
SYN_EASY_SRC_00541,,0,easy,missing_duration
SYN_EASY_SRC_00542,SYN_EASY_TRUE_00542,1,easy,none
SYN_EASY_SRC_00543,,0,easy,none
SYN_EASY_SRC_00544,,0,easy,none
SYN_EASY_SRC_00545,SYN_EASY_TRUE_00545,1,easy,none
SYN_EASY_SRC_00546,,0,easy,none
SYN_EASY_SRC_00547,,0,easy,none
SYN_EASY_SRC_00548,SYN_EASY_TRUE_00548,1,easy,missing_cpv
SYN_EASY_SRC_00549,,0,easy,none
SYN_EASY_SRC_00550,SYN_EASY_TRUE_00550,1,easy,none
SYN_EASY_SRC_00551,,0,easy,none
SYN_EASY_SRC_00552,SYN_EASY_TRUE_00552,1,easy,none
SYN_EASY_SRC_00553,,0,easy,none
SYN_EASY_SRC_00554,SYN_EASY_TRUE_00554,1,easy,none
SYN_EASY_SRC_00555,,0,easy,none
SYN_EASY_SRC_00556,,0,easy,none
SYN_EASY_SRC_00557,SYN_EASY_TRUE_00557,1,easy,none
SYN_EASY_SRC_00558,,0,easy,none
SYN_EASY_SRC_00559,,0,easy,none
SYN_EASY_SRC_00560,SYN_EASY_TRUE_00560,1,easy,none
SYN_EASY_SRC_00561,,0,easy,none
SYN_EASY_SRC_00562,,0,easy,none
SYN_EASY_SRC_00563,,0,easy,none
SYN_EASY_SRC_00564,SYN_EASY_TRUE_00564,1,easy,missing_duration
SYN_EASY_SRC_00565,,0,easy,none
SYN_EASY_SRC_00566,,0,easy,none
SYN_EASY_SRC_00567,,0,easy,none
SYN_EASY_SRC_00568,SYN_EASY_TRUE_00568,1,easy,cpv_reclassification
SYN_EASY_SRC_00569,,0,easy,none
SYN_EASY_SRC_00570,SYN_EASY_TRUE_00570,1,easy,none
SYN_EASY_SRC_00571,SYN_EASY_TRUE_00571,1,easy,none
SYN_EASY_SRC_00572,SYN_EASY_TRUE_00572,1,easy,cpv_reclassification
SYN_EASY_SRC_00573,SYN_EASY_TRUE_00573,1,easy,none
SYN_EASY_SRC_00574,,0,easy,none
SYN_EASY_SRC_00575,,0,easy,none
SYN_EASY_SRC_00576,SYN_EASY_TRUE_00576,1,easy,none
SYN_EASY_SRC_00577,SYN_EASY_TRUE_00577,1,easy,missing_duration
SYN_EASY_SRC_00578,SYN_EASY_TRUE_00578,1,easy,none
SYN_EASY_SRC_00579,SYN_EASY_TRUE_00579,1,easy,none
SYN_EASY_SRC_00580,,0,easy,missing_duration
SYN_EASY_SRC_00581,SYN_EASY_TRUE_00581,1,easy,none
SYN_EASY_SRC_00582,SYN_EASY_TRUE_00582,1,easy,none
SYN_EASY_SRC_00583,SYN_EASY_TRUE_00583,1,easy,none
SYN_EASY_SRC_00584,SYN_EASY_TRUE_00584,1,easy,none
SYN_EASY_SRC_00585,SYN_EASY_TRUE_00585,1,easy,none
SYN_EASY_SRC_00586,SYN_EASY_TRUE_00586,1,easy,none
SYN_EASY_SRC_00587,,0,easy,none
SYN_EASY_SRC_00588,,0,easy,none
SYN_EASY_SRC_00589,SYN_EASY_TRUE_00589,1,easy,cpv_reclassification
SYN_EASY_SRC_00590,SYN_EASY_TRUE_00590,1,easy,none
SYN_EASY_SRC_00591,SYN_EASY_TRUE_00591,1,easy,cpv_reclassification
SYN_EASY_SRC_00592,SYN_EASY_TRUE_00592,1,easy,none
SYN_EASY_SRC_00593,,0,easy,none
SYN_EASY_SRC_00594,,0,easy,none
SYN_EASY_SRC_00595,SYN_EASY_TRUE_00595,1,easy,missing_duration|object_shortening
SYN_EASY_SRC_00596,,0,easy,none
SYN_EASY_SRC_00597,,0,easy,none
SYN_EASY_SRC_00598,SYN_EASY_TRUE_00598,1,easy,none
SYN_EASY_SRC_00599,SYN_EASY_TRUE_00599,1,easy,missing_duration
SYN_EASY_SRC_00600,,0,easy,none
SYN_EASY_SRC_00601,,0,easy,none
SYN_EASY_SRC_00602,SYN_EASY_TRUE_00602,1,easy,none
SYN_EASY_SRC_00603,SYN_EASY_TRUE_00603,1,easy,none
SYN_EASY_SRC_00604,SYN_EASY_TRUE_00604,1,easy,none
SYN_EASY_SRC_00605,,0,easy,none
SYN_EASY_SRC_00606,SYN_EASY_TRUE_00606,1,easy,none
SYN_EASY_SRC_00607,SYN_EASY_TRUE_00607,1,easy,timing_outlier
SYN_EASY_SRC_00608,,0,easy,none
SYN_EASY_SRC_00609,SYN_EASY_TRUE_00609,1,easy,cpv_reclassification
SYN_EASY_SRC_00610,SYN_EASY_TRUE_00610,1,easy,none
SYN_EASY_SRC_00611,SYN_EASY_TRUE_00611,1,easy,none
SYN_EASY_SRC_00612,SYN_EASY_TRUE_00612,1,easy,none
SYN_EASY_SRC_00613,,0,easy,none
SYN_EASY_SRC_00614,,0,easy,none
SYN_EASY_SRC_00615,SYN_EASY_TRUE_00615,1,easy,none
SYN_EASY_SRC_00616,,0,easy,none
SYN_EASY_SRC_00617,SYN_EASY_TRUE_00617,1,easy,none
SYN_EASY_SRC_00618,,0,easy,none
SYN_EASY_SRC_00619,,0,easy,none
SYN_EASY_SRC_00620,SYN_EASY_TRUE_00620,1,easy,none
SYN_EASY_SRC_00621,SYN_EASY_TRUE_00621,1,easy,none
SYN_EASY_SRC_00622,,0,easy,none
SYN_EASY_SRC_00623,,0,easy,missing_duration
SYN_EASY_SRC_00624,SYN_EASY_TRUE_00624,1,easy,missing_duration
SYN_EASY_SRC_00625,,0,easy,none
SYN_EASY_SRC_00626,SYN_EASY_TRUE_00626,1,easy,none
SYN_EASY_SRC_00627,SYN_EASY_TRUE_00627,1,easy,cpv_reclassification
SYN_EASY_SRC_00628,SYN_EASY_TRUE_00628,1,easy,none
SYN_EASY_SRC_00629,,0,easy,none
SYN_EASY_SRC_00630,,0,easy,none
SYN_EASY_SRC_00631,SYN_EASY_TRUE_00631,1,easy,none
SYN_EASY_SRC_00632,SYN_EASY_TRUE_00632,1,easy,cpv_reclassification
SYN_EASY_SRC_00633,,0,easy,missing_duration
SYN_EASY_SRC_00634,SYN_EASY_TRUE_00634,1,easy,none
SYN_EASY_SRC_00635,,0,easy,none
SYN_EASY_SRC_00636,,0,easy,missing_duration
SYN_EASY_SRC_00637,SYN_EASY_TRUE_00637,1,easy,cpv_reclassification
SYN_EASY_SRC_00638,,0,easy,missing_duration
SYN_EASY_SRC_00639,SYN_EASY_TRUE_00639,1,easy,none
SYN_EASY_SRC_00640,SYN_EASY_TRUE_00640,1,easy,none
SYN_EASY_SRC_00641,SYN_EASY_TRUE_00641,1,easy,none
SYN_EASY_SRC_00642,SYN_EASY_TRUE_00642,1,easy,none
SYN_EASY_SRC_00643,,0,easy,none
SYN_EASY_SRC_00644,,0,easy,none
SYN_EASY_SRC_00645,SYN_EASY_TRUE_00645,1,easy,none
SYN_EASY_SRC_00646,,0,easy,none
SYN_EASY_SRC_00647,,0,easy,none
SYN_EASY_SRC_00648,,0,easy,none
SYN_EASY_SRC_00649,,0,easy,none
SYN_EASY_SRC_00650,SYN_EASY_TRUE_00650,1,easy,none
SYN_EASY_SRC_00651,SYN_EASY_TRUE_00651,1,easy,missing_duration
SYN_EASY_SRC_00652,SYN_EASY_TRUE_00652,1,easy,missing_duration
SYN_EASY_SRC_00653,,0,easy,none
SYN_EASY_SRC_00654,SYN_EASY_TRUE_00654,1,easy,none
SYN_EASY_SRC_00655,SYN_EASY_TRUE_00655,1,easy,none
SYN_EASY_SRC_00656,SYN_EASY_TRUE_00656,1,easy,none
SYN_EASY_SRC_00657,,0,easy,none
SYN_EASY_SRC_00658,SYN_EASY_TRUE_00658,1,easy,none
SYN_EASY_SRC_00659,,0,easy,none
SYN_EASY_SRC_00660,,0,easy,none
SYN_EASY_SRC_00661,,0,easy,none
SYN_EASY_SRC_00662,,0,easy,none
SYN_EASY_SRC_00663,SYN_EASY_TRUE_00663,1,easy,missing_duration|object_shortening
SYN_EASY_SRC_00664,SYN_EASY_TRUE_00664,1,easy,cpv_reclassification
SYN_EASY_SRC_00665,SYN_EASY_TRUE_00665,1,easy,none
SYN_EASY_SRC_00666,SYN_EASY_TRUE_00666,1,easy,none
SYN_EASY_SRC_00667,SYN_EASY_TRUE_00667,1,easy,none
SYN_EASY_SRC_00668,,0,easy,none
SYN_EASY_SRC_00669,,0,easy,none
SYN_EASY_SRC_00670,,0,easy,missing_duration
SYN_EASY_SRC_00671,,0,easy,none
SYN_EASY_SRC_00672,SYN_EASY_TRUE_00672,1,easy,none
SYN_EASY_SRC_00673,,0,easy,none
SYN_EASY_SRC_00674,SYN_EASY_TRUE_00674,1,easy,none
SYN_EASY_SRC_00675,,0,easy,none
SYN_EASY_SRC_00676,SYN_EASY_TRUE_00676,1,easy,missing_duration
SYN_EASY_SRC_00677,,0,easy,none
SYN_EASY_SRC_00678,SYN_EASY_TRUE_00678,1,easy,none
SYN_EASY_SRC_00679,SYN_EASY_TRUE_00679,1,easy,none
SYN_EASY_SRC_00680,SYN_EASY_TRUE_00680,1,easy,cpv_reclassification
SYN_EASY_SRC_00681,,0,easy,none
SYN_EASY_SRC_00682,SYN_EASY_TRUE_00682,1,easy,none
SYN_EASY_SRC_00683,SYN_EASY_TRUE_00683,1,easy,none
SYN_EASY_SRC_00684,SYN_EASY_TRUE_00684,1,easy,none
SYN_EASY_SRC_00685,,0,easy,none
SYN_EASY_SRC_00686,SYN_EASY_TRUE_00686,1,easy,none
SYN_EASY_SRC_00687,SYN_EASY_TRUE_00687,1,easy,none
SYN_EASY_SRC_00688,SYN_EASY_TRUE_00688,1,easy,missing_duration
SYN_EASY_SRC_00689,SYN_EASY_TRUE_00689,1,easy,none
SYN_EASY_SRC_00690,,0,easy,none
SYN_EASY_SRC_00691,SYN_EASY_TRUE_00691,1,easy,none
SYN_EASY_SRC_00692,,0,easy,none
SYN_EASY_SRC_00693,,0,easy,none
SYN_EASY_SRC_00694,,0,easy,missing_duration
SYN_EASY_SRC_00695,,0,easy,none
SYN_EASY_SRC_00696,,0,easy,none
SYN_EASY_SRC_00697,SYN_EASY_TRUE_00697,1,easy,none
SYN_EASY_SRC_00698,,0,easy,none
SYN_EASY_SRC_00699,,0,easy,none
SYN_EASY_SRC_00700,,0,easy,none
SYN_EASY_SRC_00701,SYN_EASY_TRUE_00701,1,easy,none
SYN_EASY_SRC_00702,SYN_EASY_TRUE_00702,1,easy,none
SYN_EASY_SRC_00703,,0,easy,none
SYN_EASY_SRC_00704,SYN_EASY_TRUE_00704,1,easy,legal_form_variation
SYN_EASY_SRC_00705,SYN_EASY_TRUE_00705,1,easy,none
SYN_EASY_SRC_00706,SYN_EASY_TRUE_00706,1,easy,cpv_reclassification|missing_duration
SYN_EASY_SRC_00707,SYN_EASY_TRUE_00707,1,easy,none
SYN_EASY_SRC_00708,SYN_EASY_TRUE_00708,1,easy,none
SYN_EASY_SRC_00709,SYN_EASY_TRUE_00709,1,easy,none
SYN_EASY_SRC_00710,,0,easy,none
SYN_EASY_SRC_00711,,0,easy,none
SYN_EASY_SRC_00712,SYN_EASY_TRUE_00712,1,easy,case_variation|legal_form_variation|missing_duration
SYN_EASY_SRC_00713,,0,easy,none
SYN_EASY_SRC_00714,,0,easy,none
SYN_EASY_SRC_00715,,0,easy,none
SYN_EASY_SRC_00716,,0,easy,missing_duration
SYN_EASY_SRC_00717,,0,easy,none
SYN_EASY_SRC_00718,SYN_EASY_TRUE_00718,1,easy,none
SYN_EASY_SRC_00719,,0,easy,none
SYN_EASY_SRC_00720,,0,easy,none
SYN_EASY_SRC_00721,,0,easy,none
SYN_EASY_SRC_00722,SYN_EASY_TRUE_00722,1,easy,none
SYN_EASY_SRC_00723,SYN_EASY_TRUE_00723,1,easy,none
SYN_EASY_SRC_00724,SYN_EASY_TRUE_00724,1,easy,none
SYN_EASY_SRC_00725,,0,easy,none
SYN_EASY_SRC_00726,SYN_EASY_TRUE_00726,1,easy,missing_duration
SYN_EASY_SRC_00727,SYN_EASY_TRUE_00727,1,easy,timing_outlier
SYN_EASY_SRC_00728,SYN_EASY_TRUE_00728,1,easy,none
SYN_EASY_SRC_00729,SYN_EASY_TRUE_00729,1,easy,none
SYN_EASY_SRC_00730,SYN_EASY_TRUE_00730,1,easy,none
SYN_EASY_SRC_00731,SYN_EASY_TRUE_00731,1,easy,none
SYN_EASY_SRC_00732,SYN_EASY_TRUE_00732,1,easy,none
SYN_EASY_SRC_00733,SYN_EASY_TRUE_00733,1,easy,none
SYN_EASY_SRC_00734,,0,easy,none
SYN_EASY_SRC_00735,SYN_EASY_TRUE_00735,1,easy,none
SYN_EASY_SRC_00736,,0,easy,none
SYN_EASY_SRC_00737,SYN_EASY_TRUE_00737,1,easy,none
SYN_EASY_SRC_00738,,0,easy,none
SYN_EASY_SRC_00739,,0,easy,none
SYN_EASY_SRC_00740,,0,easy,none
SYN_EASY_SRC_00741,SYN_EASY_TRUE_00741,1,easy,cpv_reclassification
SYN_EASY_SRC_00742,,0,easy,none
SYN_EASY_SRC_00743,SYN_EASY_TRUE_00743,1,easy,none
SYN_EASY_SRC_00744,,0,easy,none
SYN_EASY_SRC_00745,SYN_EASY_TRUE_00745,1,easy,none
SYN_EASY_SRC_00746,SYN_EASY_TRUE_00746,1,easy,none
SYN_EASY_SRC_00747,,0,easy,none
SYN_EASY_SRC_00748,SYN_EASY_TRUE_00748,1,easy,none
SYN_EASY_SRC_00749,SYN_EASY_TRUE_00749,1,easy,none
SYN_EASY_SRC_00750,SYN_EASY_TRUE_00750,1,easy,none
SYN_EASY_SRC_00751,,0,easy,none
SYN_EASY_SRC_00752,SYN_EASY_TRUE_00752,1,easy,none
SYN_EASY_SRC_00753,,0,easy,none
SYN_EASY_SRC_00754,,0,easy,none
SYN_EASY_SRC_00755,SYN_EASY_TRUE_00755,1,easy,none
SYN_EASY_SRC_00756,SYN_EASY_TRUE_00756,1,easy,none
SYN_EASY_SRC_00757,SYN_EASY_TRUE_00757,1,easy,none
SYN_EASY_SRC_00758,,0,easy,none
SYN_EASY_SRC_00759,SYN_EASY_TRUE_00759,1,easy,missing_cpv|missing_duration|timing_outlier
SYN_EASY_SRC_00760,SYN_EASY_TRUE_00760,1,easy,missing_duration|object_shortening
SYN_EASY_SRC_00761,,0,easy,none
SYN_EASY_SRC_00762,SYN_EASY_TRUE_00762,1,easy,none
SYN_EASY_SRC_00763,,0,easy,none
SYN_EASY_SRC_00764,,0,easy,none
SYN_EASY_SRC_00765,,0,easy,missing_duration
SYN_EASY_SRC_00766,,0,easy,none
SYN_EASY_SRC_00767,SYN_EASY_TRUE_00767,1,easy,accent_removed|case_variation|legal_form_variation
SYN_EASY_SRC_00768,SYN_EASY_TRUE_00768,1,easy,none
SYN_EASY_SRC_00769,,0,easy,none
SYN_EASY_SRC_00770,,0,easy,accent_removed|buyer_abbreviation|legal_form_variation|missing_cpv
SYN_EASY_SRC_00771,,0,easy,missing_duration
SYN_EASY_SRC_00772,,0,easy,missing_duration
SYN_EASY_SRC_00773,SYN_EASY_TRUE_00773,1,easy,missing_duration|timing_outlier
SYN_EASY_SRC_00774,,0,easy,none
SYN_EASY_SRC_00775,,0,easy,missing_cpv|missing_duration
SYN_EASY_SRC_00776,SYN_EASY_TRUE_00776,1,easy,none
SYN_EASY_SRC_00777,,0,easy,none
SYN_EASY_SRC_00778,,0,easy,none
SYN_EASY_SRC_00779,,0,easy,none
SYN_EASY_SRC_00780,SYN_EASY_TRUE_00780,1,easy,missing_duration
SYN_EASY_SRC_00781,SYN_EASY_TRUE_00781,1,easy,none
SYN_EASY_SRC_00782,SYN_EASY_TRUE_00782,1,easy,none
SYN_EASY_SRC_00783,SYN_EASY_TRUE_00783,1,easy,none
SYN_EASY_SRC_00784,,0,easy,none
SYN_EASY_SRC_00785,,0,easy,none
SYN_EASY_SRC_00786,SYN_EASY_TRUE_00786,1,easy,none
SYN_EASY_SRC_00787,SYN_EASY_TRUE_00787,1,easy,none
SYN_EASY_SRC_00788,,0,easy,none
SYN_EASY_SRC_00789,,0,easy,none
SYN_EASY_SRC_00790,SYN_EASY_TRUE_00790,1,easy,none
SYN_EASY_SRC_00791,SYN_EASY_TRUE_00791,1,easy,cpv_reclassification
SYN_EASY_SRC_00792,SYN_EASY_TRUE_00792,1,easy,none
SYN_EASY_SRC_00793,SYN_EASY_TRUE_00793,1,easy,none
SYN_EASY_SRC_00794,,0,easy,missing_duration
SYN_EASY_SRC_00795,SYN_EASY_TRUE_00795,1,easy,missing_duration
SYN_EASY_SRC_00796,,0,easy,none
SYN_EASY_SRC_00797,SYN_EASY_TRUE_00797,1,easy,missing_duration
SYN_EASY_SRC_00798,,0,easy,none
SYN_EASY_SRC_00799,SYN_EASY_TRUE_00799,1,easy,none
SYN_EASY_SRC_00800,SYN_EASY_TRUE_00800,1,easy,none
SYN_EASY_SRC_00801,SYN_EASY_TRUE_00801,1,easy,none
SYN_EASY_SRC_00802,,0,easy,missing_duration
SYN_EASY_SRC_00803,,0,easy,none
SYN_EASY_SRC_00804,,0,easy,none
SYN_EASY_SRC_00805,SYN_EASY_TRUE_00805,1,easy,none
SYN_EASY_SRC_00806,SYN_EASY_TRUE_00806,1,easy,none
SYN_EASY_SRC_00807,,0,easy,none
SYN_EASY_SRC_00808,SYN_EASY_TRUE_00808,1,easy,none
SYN_EASY_SRC_00809,SYN_EASY_TRUE_00809,1,easy,none
SYN_EASY_SRC_00810,SYN_EASY_TRUE_00810,1,easy,none
SYN_EASY_SRC_00811,,0,easy,none
SYN_EASY_SRC_00812,SYN_EASY_TRUE_00812,1,easy,missing_duration
SYN_EASY_SRC_00813,,0,easy,none
SYN_EASY_SRC_00814,SYN_EASY_TRUE_00814,1,easy,none
SYN_EASY_SRC_00815,SYN_EASY_TRUE_00815,1,easy,none
SYN_EASY_SRC_00816,,0,easy,none
SYN_EASY_SRC_00817,SYN_EASY_TRUE_00817,1,easy,none
SYN_EASY_SRC_00818,,0,easy,none
SYN_EASY_SRC_00819,,0,easy,none
SYN_EASY_SRC_00820,SYN_EASY_TRUE_00820,1,easy,none
SYN_EASY_SRC_00821,,0,easy,missing_duration
SYN_EASY_SRC_00822,,0,easy,none
SYN_EASY_SRC_00823,SYN_EASY_TRUE_00823,1,easy,none
SYN_EASY_SRC_00824,SYN_EASY_TRUE_00824,1,easy,none
SYN_EASY_SRC_00825,SYN_EASY_TRUE_00825,1,easy,missing_duration
SYN_EASY_SRC_00826,SYN_EASY_TRUE_00826,1,easy,none
SYN_EASY_SRC_00827,,0,easy,none
SYN_EASY_SRC_00828,SYN_EASY_TRUE_00828,1,easy,none
SYN_EASY_SRC_00829,SYN_EASY_TRUE_00829,1,easy,timing_outlier
SYN_EASY_SRC_00830,SYN_EASY_TRUE_00830,1,easy,legal_form_variation|missing_duration
SYN_EASY_SRC_00831,,0,easy,none
SYN_EASY_SRC_00832,,0,easy,none
SYN_EASY_SRC_00833,SYN_EASY_TRUE_00833,1,easy,none
SYN_EASY_SRC_00834,,0,easy,none
SYN_EASY_SRC_00835,SYN_EASY_TRUE_00835,1,easy,none
SYN_EASY_SRC_00836,,0,easy,missing_duration
SYN_EASY_SRC_00837,SYN_EASY_TRUE_00837,1,easy,none
SYN_EASY_SRC_00838,,0,easy,none
SYN_EASY_SRC_00839,,0,easy,none
SYN_EASY_SRC_00840,,0,easy,none
SYN_EASY_SRC_00841,SYN_EASY_TRUE_00841,1,easy,none
SYN_EASY_SRC_00842,SYN_EASY_TRUE_00842,1,easy,missing_cpv
SYN_EASY_SRC_00843,SYN_EASY_TRUE_00843,1,easy,none
SYN_EASY_SRC_00844,,0,easy,none
SYN_EASY_SRC_00845,SYN_EASY_TRUE_00845,1,easy,cpv_reclassification
SYN_EASY_SRC_00846,,0,easy,none
SYN_EASY_SRC_00847,SYN_EASY_TRUE_00847,1,easy,missing_cpv
SYN_EASY_SRC_00848,,0,easy,none
SYN_EASY_SRC_00849,SYN_EASY_TRUE_00849,1,easy,cpv_reclassification|missing_duration
SYN_EASY_SRC_00850,,0,easy,none
SYN_EASY_SRC_00851,SYN_EASY_TRUE_00851,1,easy,missing_duration
SYN_EASY_SRC_00852,,0,easy,none
SYN_EASY_SRC_00853,,0,easy,none
SYN_EASY_SRC_00854,,0,easy,none
SYN_EASY_SRC_00855,SYN_EASY_TRUE_00855,1,easy,none
SYN_EASY_SRC_00856,SYN_EASY_TRUE_00856,1,easy,none
SYN_EASY_SRC_00857,,0,easy,none
SYN_EASY_SRC_00858,,0,easy,none
SYN_EASY_SRC_00859,,0,easy,none
SYN_EASY_SRC_00860,,0,easy,missing_duration
SYN_EASY_SRC_00861,SYN_EASY_TRUE_00861,1,easy,none
SYN_EASY_SRC_00862,,0,easy,none
SYN_EASY_SRC_00863,SYN_EASY_TRUE_00863,1,easy,none
SYN_EASY_SRC_00864,SYN_EASY_TRUE_00864,1,easy,timing_outlier
SYN_EASY_SRC_00865,SYN_EASY_TRUE_00865,1,easy,missing_duration
SYN_EASY_SRC_00866,,0,easy,none
SYN_EASY_SRC_00867,,0,easy,none
SYN_EASY_SRC_00868,SYN_EASY_TRUE_00868,1,easy,none
SYN_EASY_SRC_00869,,0,easy,missing_duration
SYN_EASY_SRC_00870,SYN_EASY_TRUE_00870,1,easy,timing_outlier
SYN_EASY_SRC_00871,,0,easy,none
SYN_EASY_SRC_00872,,0,easy,none
SYN_EASY_SRC_00873,SYN_EASY_TRUE_00873,1,easy,none
SYN_EASY_SRC_00874,SYN_EASY_TRUE_00874,1,easy,none
SYN_EASY_SRC_00875,,0,easy,none
SYN_EASY_SRC_00876,,0,easy,none
SYN_EASY_SRC_00877,SYN_EASY_TRUE_00877,1,easy,none
SYN_EASY_SRC_00878,,0,easy,none
SYN_EASY_SRC_00879,SYN_EASY_TRUE_00879,1,easy,none
SYN_EASY_SRC_00880,SYN_EASY_TRUE_00880,1,easy,none
SYN_EASY_SRC_00881,SYN_EASY_TRUE_00881,1,easy,missing_duration
SYN_EASY_SRC_00882,,0,easy,none
SYN_EASY_SRC_00883,,0,easy,none
SYN_EASY_SRC_00884,,0,easy,none
SYN_EASY_SRC_00885,,0,easy,none
SYN_EASY_SRC_00886,,0,easy,none
SYN_EASY_SRC_00887,,0,easy,missing_duration
SYN_EASY_SRC_00888,,0,easy,none
SYN_EASY_SRC_00889,SYN_EASY_TRUE_00889,1,easy,buyer_abbreviation
SYN_EASY_SRC_00890,,0,easy,none
SYN_EASY_SRC_00891,,0,easy,none
SYN_EASY_SRC_00892,SYN_EASY_TRUE_00892,1,easy,none
SYN_EASY_SRC_00893,SYN_EASY_TRUE_00893,1,easy,cpv_reclassification
SYN_EASY_SRC_00894,SYN_EASY_TRUE_00894,1,easy,cpv_reclassification|object_shortening
SYN_EASY_SRC_00895,,0,easy,none
SYN_EASY_SRC_00896,SYN_EASY_TRUE_00896,1,easy,none
SYN_EASY_SRC_00897,SYN_EASY_TRUE_00897,1,easy,none
SYN_EASY_SRC_00898,,0,easy,none
SYN_EASY_SRC_00899,SYN_EASY_TRUE_00899,1,easy,none
SYN_EASY_SRC_00900,SYN_EASY_TRUE_00900,1,easy,none
SYN_EASY_SRC_00901,SYN_EASY_TRUE_00901,1,easy,none
SYN_EASY_SRC_00902,SYN_EASY_TRUE_00902,1,easy,none
SYN_EASY_SRC_00903,,0,easy,none
SYN_EASY_SRC_00904,,0,easy,none
SYN_EASY_SRC_00905,,0,easy,none
SYN_EASY_SRC_00906,SYN_EASY_TRUE_00906,1,easy,none
SYN_EASY_SRC_00907,,0,easy,none
SYN_EASY_SRC_00908,,0,easy,none
SYN_EASY_SRC_00909,,0,easy,missing_duration
SYN_EASY_SRC_00910,,0,easy,missing_duration
SYN_EASY_SRC_00911,,0,easy,none
SYN_EASY_SRC_00912,,0,easy,none
SYN_EASY_SRC_00913,SYN_EASY_TRUE_00913,1,easy,none
SYN_EASY_SRC_00914,SYN_EASY_TRUE_00914,1,easy,missing_duration
SYN_EASY_SRC_00915,,0,easy,none
SYN_EASY_SRC_00916,SYN_EASY_TRUE_00916,1,easy,none
SYN_EASY_SRC_00917,SYN_EASY_TRUE_00917,1,easy,none
SYN_EASY_SRC_00918,,0,easy,none
SYN_EASY_SRC_00919,,0,easy,none
SYN_EASY_SRC_00920,SYN_EASY_TRUE_00920,1,easy,none
SYN_EASY_SRC_00921,,0,easy,none
SYN_EASY_SRC_00922,SYN_EASY_TRUE_00922,1,easy,timing_outlier
SYN_EASY_SRC_00923,,0,easy,none
SYN_EASY_SRC_00924,,0,easy,none
SYN_EASY_SRC_00925,,0,easy,none
SYN_EASY_SRC_00926,,0,easy,none
SYN_EASY_SRC_00927,,0,easy,missing_duration
SYN_EASY_SRC_00928,SYN_EASY_TRUE_00928,1,easy,none
SYN_EASY_SRC_00929,SYN_EASY_TRUE_00929,1,easy,none
SYN_EASY_SRC_00930,,0,easy,none
SYN_EASY_SRC_00931,SYN_EASY_TRUE_00931,1,easy,cpv_reclassification|missing_duration
SYN_EASY_SRC_00932,SYN_EASY_TRUE_00932,1,easy,missing_duration
SYN_EASY_SRC_00933,SYN_EASY_TRUE_00933,1,easy,none
SYN_EASY_SRC_00934,,0,easy,none
SYN_EASY_SRC_00935,SYN_EASY_TRUE_00935,1,easy,none
SYN_EASY_SRC_00936,,0,easy,none
SYN_EASY_SRC_00937,,0,easy,none
SYN_EASY_SRC_00938,,0,easy,none
SYN_EASY_SRC_00939,SYN_EASY_TRUE_00939,1,easy,none
SYN_EASY_SRC_00940,,0,easy,none
SYN_EASY_SRC_00941,,0,easy,none
SYN_EASY_SRC_00942,,0,easy,none
SYN_EASY_SRC_00943,,0,easy,none
SYN_EASY_SRC_00944,SYN_EASY_TRUE_00944,1,easy,none
SYN_EASY_SRC_00945,,0,easy,none
SYN_EASY_SRC_00946,SYN_EASY_TRUE_00946,1,easy,none
SYN_EASY_SRC_00947,SYN_EASY_TRUE_00947,1,easy,none
SYN_EASY_SRC_00948,,0,easy,missing_cpv
SYN_EASY_SRC_00949,SYN_EASY_TRUE_00949,1,easy,none
SYN_EASY_SRC_00950,SYN_EASY_TRUE_00950,1,easy,none
SYN_EASY_SRC_00951,SYN_EASY_TRUE_00951,1,easy,none
SYN_EASY_SRC_00952,SYN_EASY_TRUE_00952,1,easy,missing_duration
SYN_EASY_SRC_00953,SYN_EASY_TRUE_00953,1,easy,none
SYN_EASY_SRC_00954,,0,easy,missing_duration
SYN_EASY_SRC_00955,,0,easy,none
SYN_EASY_SRC_00956,SYN_EASY_TRUE_00956,1,easy,none
SYN_EASY_SRC_00957,,0,easy,none
SYN_EASY_SRC_00958,,0,easy,none
SYN_EASY_SRC_00959,SYN_EASY_TRUE_00959,1,easy,none
SYN_EASY_SRC_00960,SYN_EASY_TRUE_00960,1,easy,none
SYN_EASY_SRC_00961,SYN_EASY_TRUE_00961,1,easy,none
SYN_EASY_SRC_00962,SYN_EASY_TRUE_00962,1,easy,missing_duration
SYN_EASY_SRC_00963,SYN_EASY_TRUE_00963,1,easy,none
SYN_EASY_SRC_00964,,0,easy,none
SYN_EASY_SRC_00965,,0,easy,none
SYN_EASY_SRC_00966,,0,easy,none
SYN_EASY_SRC_00967,,0,easy,none
SYN_EASY_SRC_00968,SYN_EASY_TRUE_00968,1,easy,missing_duration
SYN_EASY_SRC_00969,,0,easy,none
SYN_EASY_SRC_00970,,0,easy,none
SYN_EASY_SRC_00971,SYN_EASY_TRUE_00971,1,easy,missing_duration
SYN_EASY_SRC_00972,SYN_EASY_TRUE_00972,1,easy,none
SYN_EASY_SRC_00973,,0,easy,none
SYN_EASY_SRC_00974,SYN_EASY_TRUE_00974,1,easy,none
SYN_EASY_SRC_00975,,0,easy,none
SYN_EASY_SRC_00976,SYN_EASY_TRUE_00976,1,easy,none
SYN_EASY_SRC_00977,SYN_EASY_TRUE_00977,1,easy,none
SYN_EASY_SRC_00978,,0,easy,none
SYN_EASY_SRC_00979,SYN_EASY_TRUE_00979,1,easy,none
SYN_EASY_SRC_00980,SYN_EASY_TRUE_00980,1,easy,none
SYN_EASY_SRC_00981,SYN_EASY_TRUE_00981,1,easy,none
SYN_EASY_SRC_00982,,0,easy,none
SYN_EASY_SRC_00983,,0,easy,none
SYN_EASY_SRC_00984,,0,easy,none
SYN_EASY_SRC_00985,SYN_EASY_TRUE_00985,1,easy,accent_removed|case_variation
SYN_EASY_SRC_00986,SYN_EASY_TRUE_00986,1,easy,none
SYN_EASY_SRC_00987,,0,easy,none
SYN_EASY_SRC_00988,,0,easy,none
SYN_EASY_SRC_00989,SYN_EASY_TRUE_00989,1,easy,none
SYN_EASY_SRC_00990,SYN_EASY_TRUE_00990,1,easy,missing_duration
SYN_EASY_SRC_00991,SYN_EASY_TRUE_00991,1,easy,none
SYN_EASY_SRC_00992,SYN_EASY_TRUE_00992,1,easy,none
SYN_EASY_SRC_00993,,0,easy,none
SYN_EASY_SRC_00994,SYN_EASY_TRUE_00994,1,easy,none
SYN_EASY_SRC_00995,,0,easy,none
SYN_EASY_SRC_00996,SYN_EASY_TRUE_00996,1,easy,none
SYN_EASY_SRC_00997,,0,easy,none
SYN_EASY_SRC_00998,SYN_EASY_TRUE_00998,1,easy,none
SYN_EASY_SRC_00999,,0,easy,none
SYN_EASY_SRC_01000,SYN_EASY_TRUE_01000,1,easy,none
SYN_EASY_SRC_01001,,0,easy,none
SYN_EASY_SRC_01002,,0,easy,none
SYN_EASY_SRC_01003,,0,easy,missing_duration
SYN_EASY_SRC_01004,,0,easy,none
SYN_EASY_SRC_01005,,0,easy,missing_duration
SYN_EASY_SRC_01006,SYN_EASY_TRUE_01006,1,easy,none
SYN_EASY_SRC_01007,SYN_EASY_TRUE_01007,1,easy,missing_duration
SYN_EASY_SRC_01008,SYN_EASY_TRUE_01008,1,easy,timing_outlier
SYN_EASY_SRC_01009,SYN_EASY_TRUE_01009,1,easy,none
SYN_EASY_SRC_01010,SYN_EASY_TRUE_01010,1,easy,none
SYN_EASY_SRC_01011,SYN_EASY_TRUE_01011,1,easy,none
SYN_EASY_SRC_01012,,0,easy,none
SYN_EASY_SRC_01013,,0,easy,missing_duration
SYN_EASY_SRC_01014,,0,easy,none
SYN_EASY_SRC_01015,SYN_EASY_TRUE_01015,1,easy,cpv_reclassification
SYN_EASY_SRC_01016,SYN_EASY_TRUE_01016,1,easy,none
SYN_EASY_SRC_01017,SYN_EASY_TRUE_01017,1,easy,none
SYN_EASY_SRC_01018,,0,easy,missing_duration
SYN_EASY_SRC_01019,SYN_EASY_TRUE_01019,1,easy,none
SYN_EASY_SRC_01020,,0,easy,missing_duration
SYN_EASY_SRC_01021,SYN_EASY_TRUE_01021,1,easy,none
SYN_EASY_SRC_01022,,0,easy,none
SYN_EASY_SRC_01023,SYN_EASY_TRUE_01023,1,easy,none
SYN_EASY_SRC_01024,,0,easy,none
SYN_EASY_SRC_01025,SYN_EASY_TRUE_01025,1,easy,none
SYN_EASY_SRC_01026,,0,easy,none
SYN_EASY_SRC_01027,,0,easy,none
SYN_EASY_SRC_01028,SYN_EASY_TRUE_01028,1,easy,none
SYN_EASY_SRC_01029,SYN_EASY_TRUE_01029,1,easy,none
SYN_EASY_SRC_01030,SYN_EASY_TRUE_01030,1,easy,none
SYN_EASY_SRC_01031,,0,easy,none
SYN_EASY_SRC_01032,,0,easy,none
SYN_EASY_SRC_01033,,0,easy,none
SYN_EASY_SRC_01034,SYN_EASY_TRUE_01034,1,easy,missing_duration
SYN_EASY_SRC_01035,,0,easy,none
SYN_EASY_SRC_01036,SYN_EASY_TRUE_01036,1,easy,missing_duration
SYN_EASY_SRC_01037,,0,easy,none
SYN_EASY_SRC_01038,SYN_EASY_TRUE_01038,1,easy,none
SYN_EASY_SRC_01039,,0,easy,none
SYN_EASY_SRC_01040,SYN_EASY_TRUE_01040,1,easy,none
SYN_EASY_SRC_01041,SYN_EASY_TRUE_01041,1,easy,none
SYN_EASY_SRC_01042,SYN_EASY_TRUE_01042,1,easy,object_shortening
SYN_EASY_SRC_01043,,0,easy,none
SYN_EASY_SRC_01044,SYN_EASY_TRUE_01044,1,easy,timing_outlier
SYN_EASY_SRC_01045,SYN_EASY_TRUE_01045,1,easy,none
SYN_EASY_SRC_01046,,0,easy,none
SYN_EASY_SRC_01047,,0,easy,none
SYN_EASY_SRC_01048,,0,easy,none
SYN_EASY_SRC_01049,SYN_EASY_TRUE_01049,1,easy,none
SYN_EASY_SRC_01050,SYN_EASY_TRUE_01050,1,easy,none
SYN_EASY_SRC_01051,SYN_EASY_TRUE_01051,1,easy,none
SYN_EASY_SRC_01052,SYN_EASY_TRUE_01052,1,easy,none
SYN_EASY_SRC_01053,SYN_EASY_TRUE_01053,1,easy,none
SYN_EASY_SRC_01054,,0,easy,none
SYN_EASY_SRC_01055,,0,easy,none
SYN_EASY_SRC_01056,SYN_EASY_TRUE_01056,1,easy,none
SYN_EASY_SRC_01057,SYN_EASY_TRUE_01057,1,easy,none
SYN_EASY_SRC_01058,,0,easy,none
SYN_EASY_SRC_01059,,0,easy,none
SYN_EASY_SRC_01060,SYN_EASY_TRUE_01060,1,easy,cpv_reclassification
SYN_EASY_SRC_01061,,0,easy,none
SYN_EASY_SRC_01062,SYN_EASY_TRUE_01062,1,easy,missing_cpv
SYN_EASY_SRC_01063,SYN_EASY_TRUE_01063,1,easy,buyer_abbreviation|case_variation|legal_form_variation
SYN_EASY_SRC_01064,SYN_EASY_TRUE_01064,1,easy,none
SYN_EASY_SRC_01065,,0,easy,missing_duration
SYN_EASY_SRC_01066,,0,easy,none
SYN_EASY_SRC_01067,,0,easy,none
SYN_EASY_SRC_01068,,0,easy,missing_duration
SYN_EASY_SRC_01069,SYN_EASY_TRUE_01069,1,easy,none
SYN_EASY_SRC_01070,SYN_EASY_TRUE_01070,1,easy,none
SYN_EASY_SRC_01071,,0,easy,none
SYN_EASY_SRC_01072,,0,easy,none
SYN_EASY_SRC_01073,,0,easy,none
SYN_EASY_SRC_01074,SYN_EASY_TRUE_01074,1,easy,missing_duration
SYN_EASY_SRC_01075,,0,easy,none
SYN_EASY_SRC_01076,SYN_EASY_TRUE_01076,1,easy,none
SYN_EASY_SRC_01077,,0,easy,none
SYN_EASY_SRC_01078,,0,easy,none
SYN_EASY_SRC_01079,,0,easy,none
SYN_EASY_SRC_01080,SYN_EASY_TRUE_01080,1,easy,cpv_reclassification|missing_duration
SYN_EASY_SRC_01081,,0,easy,missing_duration
SYN_EASY_SRC_01082,SYN_EASY_TRUE_01082,1,easy,none
SYN_EASY_SRC_01083,SYN_EASY_TRUE_01083,1,easy,cpv_reclassification
SYN_EASY_SRC_01084,SYN_EASY_TRUE_01084,1,easy,none
SYN_EASY_SRC_01085,,0,easy,none
SYN_EASY_SRC_01086,,0,easy,none
SYN_EASY_SRC_01087,,0,easy,none
SYN_EASY_SRC_01088,SYN_EASY_TRUE_01088,1,easy,none
SYN_EASY_SRC_01089,SYN_EASY_TRUE_01089,1,easy,missing_cpv
SYN_EASY_SRC_01090,SYN_EASY_TRUE_01090,1,easy,none
SYN_EASY_SRC_01091,,0,easy,none
SYN_EASY_SRC_01092,,0,easy,missing_duration
SYN_EASY_SRC_01093,,0,easy,missing_duration
SYN_EASY_SRC_01094,SYN_EASY_TRUE_01094,1,easy,none
SYN_EASY_SRC_01095,SYN_EASY_TRUE_01095,1,easy,object_shortening
SYN_EASY_SRC_01096,SYN_EASY_TRUE_01096,1,easy,none
SYN_EASY_SRC_01097,,0,easy,none
SYN_EASY_SRC_01098,,0,easy,none
SYN_EASY_SRC_01099,SYN_EASY_TRUE_01099,1,easy,none
SYN_EASY_SRC_01100,,0,easy,none
SYN_EASY_SRC_01101,,0,easy,none
SYN_EASY_SRC_01102,,0,easy,none
SYN_EASY_SRC_01103,,0,easy,none
SYN_EASY_SRC_01104,SYN_EASY_TRUE_01104,1,easy,cpv_reclassification
SYN_EASY_SRC_01105,SYN_EASY_TRUE_01105,1,easy,none
SYN_EASY_SRC_01106,,0,easy,none
SYN_EASY_SRC_01107,SYN_EASY_TRUE_01107,1,easy,none
SYN_EASY_SRC_01108,,0,easy,none
SYN_EASY_SRC_01109,SYN_EASY_TRUE_01109,1,easy,none
SYN_EASY_SRC_01110,SYN_EASY_TRUE_01110,1,easy,none
SYN_EASY_SRC_01111,,0,easy,none
SYN_EASY_SRC_01112,SYN_EASY_TRUE_01112,1,easy,none
SYN_EASY_SRC_01113,,0,easy,missing_duration
SYN_EASY_SRC_01114,SYN_EASY_TRUE_01114,1,easy,accent_removed|legal_form_variation
SYN_EASY_SRC_01115,SYN_EASY_TRUE_01115,1,easy,none
SYN_EASY_SRC_01116,SYN_EASY_TRUE_01116,1,easy,none
SYN_EASY_SRC_01117,SYN_EASY_TRUE_01117,1,easy,object_shortening
SYN_EASY_SRC_01118,SYN_EASY_TRUE_01118,1,easy,cpv_reclassification
SYN_EASY_SRC_01119,SYN_EASY_TRUE_01119,1,easy,none
SYN_EASY_SRC_01120,SYN_EASY_TRUE_01120,1,easy,none
SYN_EASY_SRC_01121,SYN_EASY_TRUE_01121,1,easy,none
SYN_EASY_SRC_01122,,0,easy,none
SYN_EASY_SRC_01123,,0,easy,none
SYN_EASY_SRC_01124,,0,easy,none
SYN_EASY_SRC_01125,SYN_EASY_TRUE_01125,1,easy,none
SYN_EASY_SRC_01126,,0,easy,none
SYN_EASY_SRC_01127,,0,easy,none
SYN_EASY_SRC_01128,SYN_EASY_TRUE_01128,1,easy,none
SYN_EASY_SRC_01129,,0,easy,none
SYN_EASY_SRC_01130,,0,easy,none
SYN_EASY_SRC_01131,,0,easy,missing_duration
SYN_EASY_SRC_01132,,0,easy,missing_duration
SYN_EASY_SRC_01133,,0,easy,none
SYN_EASY_SRC_01134,SYN_EASY_TRUE_01134,1,easy,none
SYN_EASY_SRC_01135,,0,easy,none
SYN_EASY_SRC_01136,SYN_EASY_TRUE_01136,1,easy,accent_removed|cpv_reclassification
SYN_EASY_SRC_01137,,0,easy,none
SYN_EASY_SRC_01138,SYN_EASY_TRUE_01138,1,easy,none
SYN_EASY_SRC_01139,,0,easy,missing_duration
SYN_EASY_SRC_01140,,0,easy,none
SYN_EASY_SRC_01141,,0,easy,none
SYN_EASY_SRC_01142,SYN_EASY_TRUE_01142,1,easy,none
SYN_EASY_SRC_01143,SYN_EASY_TRUE_01143,1,easy,none
SYN_EASY_SRC_01144,,0,easy,none
SYN_EASY_SRC_01145,,0,easy,none
SYN_EASY_SRC_01146,,0,easy,missing_duration
SYN_EASY_SRC_01147,,0,easy,none
SYN_EASY_SRC_01148,SYN_EASY_TRUE_01148,1,easy,none
SYN_EASY_SRC_01149,SYN_EASY_TRUE_01149,1,easy,none
SYN_EASY_SRC_01150,SYN_EASY_TRUE_01150,1,easy,none
SYN_EASY_SRC_01151,,0,easy,missing_duration
SYN_EASY_SRC_01152,,0,easy,missing_duration
SYN_EASY_SRC_01153,,0,easy,none
SYN_EASY_SRC_01154,SYN_EASY_TRUE_01154,1,easy,none
SYN_EASY_SRC_01155,,0,easy,none
SYN_EASY_SRC_01156,SYN_EASY_TRUE_01156,1,easy,none
SYN_EASY_SRC_01157,,0,easy,none
SYN_EASY_SRC_01158,SYN_EASY_TRUE_01158,1,easy,none
SYN_EASY_SRC_01159,SYN_EASY_TRUE_01159,1,easy,none
SYN_EASY_SRC_01160,SYN_EASY_TRUE_01160,1,easy,missing_duration
SYN_EASY_SRC_01161,,0,easy,none
SYN_EASY_SRC_01162,SYN_EASY_TRUE_01162,1,easy,timing_outlier
SYN_EASY_SRC_01163,,0,easy,missing_duration
SYN_EASY_SRC_01164,SYN_EASY_TRUE_01164,1,easy,none
SYN_EASY_SRC_01165,SYN_EASY_TRUE_01165,1,easy,missing_duration
SYN_EASY_SRC_01166,,0,easy,none
SYN_EASY_SRC_01167,,0,easy,none
SYN_EASY_SRC_01168,SYN_EASY_TRUE_01168,1,easy,none
SYN_EASY_SRC_01169,SYN_EASY_TRUE_01169,1,easy,none
SYN_EASY_SRC_01170,SYN_EASY_TRUE_01170,1,easy,none
SYN_EASY_SRC_01171,,0,easy,none
SYN_EASY_SRC_01172,,0,easy,none
SYN_EASY_SRC_01173,,0,easy,none
SYN_EASY_SRC_01174,SYN_EASY_TRUE_01174,1,easy,object_shortening
SYN_EASY_SRC_01175,,0,easy,none
SYN_EASY_SRC_01176,,0,easy,missing_cpv
SYN_EASY_SRC_01177,SYN_EASY_TRUE_01177,1,easy,none
SYN_EASY_SRC_01178,SYN_EASY_TRUE_01178,1,easy,cpv_reclassification
SYN_EASY_SRC_01179,SYN_EASY_TRUE_01179,1,easy,none
SYN_EASY_SRC_01180,SYN_EASY_TRUE_01180,1,easy,missing_duration
SYN_EASY_SRC_01181,SYN_EASY_TRUE_01181,1,easy,missing_cpv|missing_duration
SYN_EASY_SRC_01182,,0,easy,none
SYN_EASY_SRC_01183,SYN_EASY_TRUE_01183,1,easy,none
SYN_EASY_SRC_01184,SYN_EASY_TRUE_01184,1,easy,accent_removed|buyer_abbreviation
SYN_EASY_SRC_01185,,0,easy,missing_duration
SYN_EASY_SRC_01186,,0,easy,none
SYN_EASY_SRC_01187,,0,easy,missing_duration
SYN_EASY_SRC_01188,,0,easy,none
SYN_EASY_SRC_01189,SYN_EASY_TRUE_01189,1,easy,none
SYN_EASY_SRC_01190,SYN_EASY_TRUE_01190,1,easy,none
SYN_EASY_SRC_01191,,0,easy,none
SYN_EASY_SRC_01192,SYN_EASY_TRUE_01192,1,easy,missing_cpv
SYN_EASY_SRC_01193,SYN_EASY_TRUE_01193,1,easy,object_shortening
SYN_EASY_SRC_01194,,0,easy,missing_duration
SYN_EASY_SRC_01195,,0,easy,none
SYN_EASY_SRC_01196,,0,easy,none
SYN_EASY_SRC_01197,SYN_EASY_TRUE_01197,1,easy,none
SYN_EASY_SRC_01198,,0,easy,none
SYN_EASY_SRC_01199,,0,easy,missing_duration
SYN_EASY_SRC_01200,,0,easy,none
SYN_EASY_SRC_01201,,0,easy,missing_duration
SYN_EASY_SRC_01202,,0,easy,none
SYN_EASY_SRC_01203,,0,easy,none
SYN_EASY_SRC_01204,SYN_EASY_TRUE_01204,1,easy,none
SYN_EASY_SRC_01205,SYN_EASY_TRUE_01205,1,easy,missing_duration
SYN_EASY_SRC_01206,,0,easy,none
SYN_EASY_SRC_01207,SYN_EASY_TRUE_01207,1,easy,none
SYN_EASY_SRC_01208,SYN_EASY_TRUE_01208,1,easy,none
SYN_EASY_SRC_01209,,0,easy,none
SYN_EASY_SRC_01210,SYN_EASY_TRUE_01210,1,easy,none
SYN_EASY_SRC_01211,,0,easy,none
SYN_EASY_SRC_01212,SYN_EASY_TRUE_01212,1,easy,legal_form_variation
SYN_EASY_SRC_01213,SYN_EASY_TRUE_01213,1,easy,none
SYN_EASY_SRC_01214,,0,easy,none
SYN_EASY_SRC_01215,,0,easy,missing_duration
SYN_EASY_SRC_01216,,0,easy,none
SYN_EASY_SRC_01217,,0,easy,none
SYN_EASY_SRC_01218,,0,easy,none
SYN_EASY_SRC_01219,,0,easy,none
SYN_EASY_SRC_01220,,0,easy,missing_cpv
SYN_EASY_SRC_01221,,0,easy,none
SYN_EASY_SRC_01222,SYN_EASY_TRUE_01222,1,easy,none
SYN_EASY_SRC_01223,SYN_EASY_TRUE_01223,1,easy,missing_duration
SYN_EASY_SRC_01224,,0,easy,none
SYN_EASY_SRC_01225,,0,easy,none
SYN_EASY_SRC_01226,,0,easy,none
SYN_EASY_SRC_01227,,0,easy,missing_duration
SYN_EASY_SRC_01228,,0,easy,missing_duration
SYN_EASY_SRC_01229,,0,easy,none
SYN_EASY_SRC_01230,,0,easy,none
SYN_EASY_SRC_01231,,0,easy,none
SYN_EASY_SRC_01232,SYN_EASY_TRUE_01232,1,easy,missing_duration
SYN_EASY_SRC_01233,,0,easy,none
SYN_EASY_SRC_01234,,0,easy,none
SYN_EASY_SRC_01235,,0,easy,none
SYN_EASY_SRC_01236,,0,easy,none
SYN_EASY_SRC_01237,,0,easy,none
SYN_EASY_SRC_01238,SYN_EASY_TRUE_01238,1,easy,none
SYN_EASY_SRC_01239,,0,easy,none
SYN_EASY_SRC_01240,SYN_EASY_TRUE_01240,1,easy,none
SYN_EASY_SRC_01241,SYN_EASY_TRUE_01241,1,easy,none
SYN_EASY_SRC_01242,SYN_EASY_TRUE_01242,1,easy,missing_duration
SYN_EASY_SRC_01243,SYN_EASY_TRUE_01243,1,easy,none
SYN_EASY_SRC_01244,,0,easy,none
SYN_EASY_SRC_01245,,0,easy,none
SYN_EASY_SRC_01246,,0,easy,missing_cpv
SYN_EASY_SRC_01247,SYN_EASY_TRUE_01247,1,easy,none
SYN_EASY_SRC_01248,SYN_EASY_TRUE_01248,1,easy,none
SYN_EASY_SRC_01249,SYN_EASY_TRUE_01249,1,easy,none
SYN_EASY_SRC_01250,SYN_EASY_TRUE_01250,1,easy,timing_outlier
SYN_EASY_SRC_01251,SYN_EASY_TRUE_01251,1,easy,none
SYN_EASY_SRC_01252,SYN_EASY_TRUE_01252,1,easy,none
SYN_EASY_SRC_01253,SYN_EASY_TRUE_01253,1,easy,none
SYN_EASY_SRC_01254,SYN_EASY_TRUE_01254,1,easy,none
SYN_EASY_SRC_01255,SYN_EASY_TRUE_01255,1,easy,generic_cpv_replacement
SYN_EASY_SRC_01256,,0,easy,none
SYN_EASY_SRC_01257,,0,easy,none
SYN_EASY_SRC_01258,,0,easy,none
SYN_EASY_SRC_01259,SYN_EASY_TRUE_01259,1,easy,none
SYN_EASY_SRC_01260,,0,easy,none
SYN_EASY_SRC_01261,,0,easy,none
SYN_EASY_SRC_01262,,0,easy,none
SYN_EASY_SRC_01263,SYN_EASY_TRUE_01263,1,easy,none
SYN_EASY_SRC_01264,,0,easy,none
SYN_EASY_SRC_01265,SYN_EASY_TRUE_01265,1,easy,object_shortening
SYN_EASY_SRC_01266,SYN_EASY_TRUE_01266,1,easy,none
SYN_EASY_SRC_01267,SYN_EASY_TRUE_01267,1,easy,none
SYN_EASY_SRC_01268,SYN_EASY_TRUE_01268,1,easy,none
SYN_EASY_SRC_01269,,0,easy,none
SYN_EASY_SRC_01270,SYN_EASY_TRUE_01270,1,easy,cpv_reclassification
SYN_EASY_SRC_01271,,0,easy,none
SYN_EASY_SRC_01272,SYN_EASY_TRUE_01272,1,easy,none
SYN_EASY_SRC_01273,SYN_EASY_TRUE_01273,1,easy,none
SYN_EASY_SRC_01274,,0,easy,none
SYN_EASY_SRC_01275,SYN_EASY_TRUE_01275,1,easy,none
SYN_EASY_SRC_01276,SYN_EASY_TRUE_01276,1,easy,none
SYN_EASY_SRC_01277,,0,easy,none
SYN_EASY_SRC_01278,,0,easy,none
SYN_EASY_SRC_01279,SYN_EASY_TRUE_01279,1,easy,none
SYN_EASY_SRC_01280,,0,easy,none
SYN_EASY_SRC_01281,,0,easy,none
SYN_EASY_SRC_01282,,0,easy,none
SYN_EASY_SRC_01283,SYN_EASY_TRUE_01283,1,easy,none
SYN_EASY_SRC_01284,SYN_EASY_TRUE_01284,1,easy,none
SYN_EASY_SRC_01285,,0,easy,none
SYN_EASY_SRC_01286,,0,easy,none
SYN_EASY_SRC_01287,SYN_EASY_TRUE_01287,1,easy,none
SYN_EASY_SRC_01288,,0,easy,missing_duration
SYN_EASY_SRC_01289,,0,easy,none
SYN_EASY_SRC_01290,SYN_EASY_TRUE_01290,1,easy,none
SYN_EASY_SRC_01291,,0,easy,none
SYN_EASY_SRC_01292,,0,easy,none
SYN_EASY_SRC_01293,SYN_EASY_TRUE_01293,1,easy,none
SYN_EASY_SRC_01294,SYN_EASY_TRUE_01294,1,easy,none
SYN_EASY_SRC_01295,,0,easy,none
SYN_EASY_SRC_01296,SYN_EASY_TRUE_01296,1,easy,none
SYN_EASY_SRC_01297,SYN_EASY_TRUE_01297,1,easy,none
SYN_EASY_SRC_01298,SYN_EASY_TRUE_01298,1,easy,none
SYN_EASY_SRC_01299,SYN_EASY_TRUE_01299,1,easy,none
SYN_EASY_SRC_01300,,0,easy,none
SYN_EASY_SRC_01301,,0,easy,none
SYN_EASY_SRC_01302,SYN_EASY_TRUE_01302,1,easy,none
SYN_EASY_SRC_01303,SYN_EASY_TRUE_01303,1,easy,missing_cpv
SYN_EASY_SRC_01304,SYN_EASY_TRUE_01304,1,easy,none
SYN_EASY_SRC_01305,,0,easy,none
SYN_EASY_SRC_01306,SYN_EASY_TRUE_01306,1,easy,none
SYN_EASY_SRC_01307,,0,easy,none
SYN_EASY_SRC_01308,SYN_EASY_TRUE_01308,1,easy,missing_duration
SYN_EASY_SRC_01309,,0,easy,none
SYN_EASY_SRC_01310,SYN_EASY_TRUE_01310,1,easy,missing_cpv
SYN_EASY_SRC_01311,SYN_EASY_TRUE_01311,1,easy,none
SYN_EASY_SRC_01312,,0,easy,none
SYN_EASY_SRC_01313,SYN_EASY_TRUE_01313,1,easy,none
SYN_EASY_SRC_01314,SYN_EASY_TRUE_01314,1,easy,none
SYN_EASY_SRC_01315,SYN_EASY_TRUE_01315,1,easy,none
SYN_EASY_SRC_01316,,0,easy,none
SYN_EASY_SRC_01317,SYN_EASY_TRUE_01317,1,easy,none
SYN_EASY_SRC_01318,SYN_EASY_TRUE_01318,1,easy,timing_outlier
SYN_EASY_SRC_01319,SYN_EASY_TRUE_01319,1,easy,none
SYN_EASY_SRC_01320,SYN_EASY_TRUE_01320,1,easy,none
SYN_EASY_SRC_01321,SYN_EASY_TRUE_01321,1,easy,none
SYN_EASY_SRC_01322,SYN_EASY_TRUE_01322,1,easy,missing_duration
SYN_EASY_SRC_01323,SYN_EASY_TRUE_01323,1,easy,missing_duration
SYN_EASY_SRC_01324,SYN_EASY_TRUE_01324,1,easy,none
SYN_EASY_SRC_01325,,0,easy,none
SYN_EASY_SRC_01326,SYN_EASY_TRUE_01326,1,easy,cpv_reclassification
SYN_EASY_SRC_01327,SYN_EASY_TRUE_01327,1,easy,none
SYN_EASY_SRC_01328,,0,easy,none
SYN_EASY_SRC_01329,SYN_EASY_TRUE_01329,1,easy,none
SYN_EASY_SRC_01330,,0,easy,none
SYN_EASY_SRC_01331,,0,easy,none
SYN_EASY_SRC_01332,SYN_EASY_TRUE_01332,1,easy,none
SYN_EASY_SRC_01333,SYN_EASY_TRUE_01333,1,easy,none
SYN_EASY_SRC_01334,SYN_EASY_TRUE_01334,1,easy,none
SYN_EASY_SRC_01335,SYN_EASY_TRUE_01335,1,easy,missing_cpv
SYN_EASY_SRC_01336,SYN_EASY_TRUE_01336,1,easy,none
SYN_EASY_SRC_01337,,0,easy,none
SYN_EASY_SRC_01338,,0,easy,none
SYN_EASY_SRC_01339,SYN_EASY_TRUE_01339,1,easy,case_variation|legal_form_variation|missing_duration|object_shortening
SYN_EASY_SRC_01340,SYN_EASY_TRUE_01340,1,easy,none
SYN_EASY_SRC_01341,SYN_EASY_TRUE_01341,1,easy,none
SYN_EASY_SRC_01342,,0,easy,none
SYN_EASY_SRC_01343,SYN_EASY_TRUE_01343,1,easy,none
SYN_EASY_SRC_01344,SYN_EASY_TRUE_01344,1,easy,missing_duration
SYN_EASY_SRC_01345,SYN_EASY_TRUE_01345,1,easy,none
SYN_EASY_SRC_01346,,0,easy,none
SYN_EASY_SRC_01347,,0,easy,none
SYN_EASY_SRC_01348,SYN_EASY_TRUE_01348,1,easy,none
SYN_EASY_SRC_01349,,0,easy,none
SYN_EASY_SRC_01350,SYN_EASY_TRUE_01350,1,easy,none
SYN_EASY_SRC_01351,,0,easy,none
SYN_EASY_SRC_01352,SYN_EASY_TRUE_01352,1,easy,none
SYN_EASY_SRC_01353,,0,easy,missing_duration
SYN_EASY_SRC_01354,,0,easy,none
SYN_EASY_SRC_01355,,0,easy,missing_duration
SYN_EASY_SRC_01356,SYN_EASY_TRUE_01356,1,easy,object_shortening
SYN_EASY_SRC_01357,,0,easy,none
SYN_EASY_SRC_01358,SYN_EASY_TRUE_01358,1,easy,none
SYN_EASY_SRC_01359,,0,easy,none
SYN_EASY_SRC_01360,,0,easy,missing_duration
SYN_EASY_SRC_01361,SYN_EASY_TRUE_01361,1,easy,cpv_reclassification
SYN_EASY_SRC_01362,SYN_EASY_TRUE_01362,1,easy,none
SYN_EASY_SRC_01363,,0,easy,accent_removed|buyer_abbreviation|case_variation
SYN_EASY_SRC_01364,,0,easy,none
SYN_EASY_SRC_01365,,0,easy,none
SYN_EASY_SRC_01366,SYN_EASY_TRUE_01366,1,easy,none
SYN_EASY_SRC_01367,SYN_EASY_TRUE_01367,1,easy,none
SYN_EASY_SRC_01368,SYN_EASY_TRUE_01368,1,easy,missing_duration
SYN_EASY_SRC_01369,,0,easy,none
SYN_EASY_SRC_01370,,0,easy,none
SYN_EASY_SRC_01371,SYN_EASY_TRUE_01371,1,easy,none
SYN_EASY_SRC_01372,,0,easy,none
SYN_EASY_SRC_01373,SYN_EASY_TRUE_01373,1,easy,none
SYN_EASY_SRC_01374,,0,easy,none
SYN_EASY_SRC_01375,,0,easy,none
SYN_EASY_SRC_01376,SYN_EASY_TRUE_01376,1,easy,none
SYN_EASY_SRC_01377,SYN_EASY_TRUE_01377,1,easy,none
SYN_EASY_SRC_01378,,0,easy,none
SYN_EASY_SRC_01379,SYN_EASY_TRUE_01379,1,easy,cpv_reclassification
SYN_EASY_SRC_01380,,0,easy,none
SYN_EASY_SRC_01381,,0,easy,missing_duration
SYN_EASY_SRC_01382,,0,easy,none
SYN_EASY_SRC_01383,,0,easy,missing_cpv
SYN_EASY_SRC_01384,,0,easy,none
SYN_EASY_SRC_01385,,0,easy,none
SYN_EASY_SRC_01386,SYN_EASY_TRUE_01386,1,easy,none
SYN_EASY_SRC_01387,,0,easy,missing_duration
SYN_EASY_SRC_01388,SYN_EASY_TRUE_01388,1,easy,none
SYN_EASY_SRC_01389,SYN_EASY_TRUE_01389,1,easy,none
SYN_EASY_SRC_01390,,0,easy,none
SYN_EASY_SRC_01391,SYN_EASY_TRUE_01391,1,easy,missing_duration
SYN_EASY_SRC_01392,,0,easy,none
SYN_EASY_SRC_01393,SYN_EASY_TRUE_01393,1,easy,none
SYN_EASY_SRC_01394,,0,easy,missing_duration
SYN_EASY_SRC_01395,,0,easy,none
SYN_EASY_SRC_01396,SYN_EASY_TRUE_01396,1,easy,none
SYN_EASY_SRC_01397,,0,easy,missing_duration
SYN_EASY_SRC_01398,,0,easy,none
SYN_EASY_SRC_01399,,0,easy,none
SYN_EASY_SRC_01400,,0,easy,none
SYN_EASY_SRC_01401,,0,easy,none
SYN_EASY_SRC_01402,,0,easy,missing_duration
SYN_EASY_SRC_01403,SYN_EASY_TRUE_01403,1,easy,timing_outlier
SYN_EASY_SRC_01404,,0,easy,none
SYN_EASY_SRC_01405,SYN_EASY_TRUE_01405,1,easy,none
SYN_EASY_SRC_01406,SYN_EASY_TRUE_01406,1,easy,missing_cpv
SYN_EASY_SRC_01407,,0,easy,none
SYN_EASY_SRC_01408,SYN_EASY_TRUE_01408,1,easy,none
SYN_EASY_SRC_01409,SYN_EASY_TRUE_01409,1,easy,missing_duration
SYN_EASY_SRC_01410,,0,easy,none
SYN_EASY_SRC_01411,,0,easy,none
SYN_EASY_SRC_01412,SYN_EASY_TRUE_01412,1,easy,none
SYN_EASY_SRC_01413,,0,easy,none
SYN_EASY_SRC_01414,SYN_EASY_TRUE_01414,1,easy,none
SYN_EASY_SRC_01415,SYN_EASY_TRUE_01415,1,easy,none
SYN_EASY_SRC_01416,SYN_EASY_TRUE_01416,1,easy,none
SYN_EASY_SRC_01417,,0,easy,none
SYN_EASY_SRC_01418,SYN_EASY_TRUE_01418,1,easy,none
SYN_EASY_SRC_01419,,0,easy,none
SYN_EASY_SRC_01420,SYN_EASY_TRUE_01420,1,easy,generic_cpv_replacement
SYN_EASY_SRC_01421,SYN_EASY_TRUE_01421,1,easy,missing_cpv
SYN_EASY_SRC_01422,SYN_EASY_TRUE_01422,1,easy,missing_duration
SYN_EASY_SRC_01423,,0,easy,none
SYN_EASY_SRC_01424,,0,easy,none
SYN_EASY_SRC_01425,SYN_EASY_TRUE_01425,1,easy,none
SYN_EASY_SRC_01426,,0,easy,none
SYN_EASY_SRC_01427,SYN_EASY_TRUE_01427,1,easy,none
SYN_EASY_SRC_01428,,0,easy,case_variation
SYN_EASY_SRC_01429,,0,easy,none
SYN_EASY_SRC_01430,,0,easy,none
SYN_EASY_SRC_01431,SYN_EASY_TRUE_01431,1,easy,none
SYN_EASY_SRC_01432,SYN_EASY_TRUE_01432,1,easy,none
SYN_EASY_SRC_01433,,0,easy,none
SYN_EASY_SRC_01434,SYN_EASY_TRUE_01434,1,easy,none
SYN_EASY_SRC_01435,,0,easy,none
SYN_EASY_SRC_01436,,0,easy,none
SYN_EASY_SRC_01437,SYN_EASY_TRUE_01437,1,easy,accent_removed|case_variation|legal_form_variation
SYN_EASY_SRC_01438,SYN_EASY_TRUE_01438,1,easy,cpv_reclassification
SYN_EASY_SRC_01439,,0,easy,missing_duration
SYN_EASY_SRC_01440,SYN_EASY_TRUE_01440,1,easy,none
SYN_EASY_SRC_01441,SYN_EASY_TRUE_01441,1,easy,none
SYN_EASY_SRC_01442,SYN_EASY_TRUE_01442,1,easy,none
SYN_EASY_SRC_01443,SYN_EASY_TRUE_01443,1,easy,none
SYN_EASY_SRC_01444,SYN_EASY_TRUE_01444,1,easy,none
SYN_EASY_SRC_01445,SYN_EASY_TRUE_01445,1,easy,none
SYN_EASY_SRC_01446,SYN_EASY_TRUE_01446,1,easy,none
SYN_EASY_SRC_01447,SYN_EASY_TRUE_01447,1,easy,none
SYN_EASY_SRC_01448,,0,easy,none
SYN_EASY_SRC_01449,,0,easy,none
SYN_EASY_SRC_01450,SYN_EASY_TRUE_01450,1,easy,none
SYN_EASY_SRC_01451,,0,easy,none
SYN_EASY_SRC_01452,SYN_EASY_TRUE_01452,1,easy,none
SYN_EASY_SRC_01453,,0,easy,none
SYN_EASY_SRC_01454,,0,easy,none
SYN_EASY_SRC_01455,,0,easy,none
SYN_EASY_SRC_01456,SYN_EASY_TRUE_01456,1,easy,none
SYN_EASY_SRC_01457,,0,easy,missing_duration
SYN_EASY_SRC_01458,SYN_EASY_TRUE_01458,1,easy,missing_duration
SYN_EASY_SRC_01459,,0,easy,none
SYN_EASY_SRC_01460,SYN_EASY_TRUE_01460,1,easy,accent_removed|case_variation
SYN_EASY_SRC_01461,,0,easy,none
SYN_EASY_SRC_01462,SYN_EASY_TRUE_01462,1,easy,none
SYN_EASY_SRC_01463,,0,easy,none
SYN_EASY_SRC_01464,,0,easy,none
SYN_EASY_SRC_01465,SYN_EASY_TRUE_01465,1,easy,missing_duration
SYN_EASY_SRC_01466,SYN_EASY_TRUE_01466,1,easy,none
SYN_EASY_SRC_01467,SYN_EASY_TRUE_01467,1,easy,none
SYN_EASY_SRC_01468,,0,easy,none
SYN_EASY_SRC_01469,,0,easy,none
SYN_EASY_SRC_01470,,0,easy,none
SYN_EASY_SRC_01471,SYN_EASY_TRUE_01471,1,easy,none
SYN_EASY_SRC_01472,SYN_EASY_TRUE_01472,1,easy,none
SYN_EASY_SRC_01473,SYN_EASY_TRUE_01473,1,easy,timing_outlier
SYN_EASY_SRC_01474,,0,easy,none
SYN_EASY_SRC_01475,,0,easy,missing_duration
SYN_EASY_SRC_01476,,0,easy,none
SYN_EASY_SRC_01477,,0,easy,none
SYN_EASY_SRC_01478,SYN_EASY_TRUE_01478,1,easy,none
SYN_EASY_SRC_01479,SYN_EASY_TRUE_01479,1,easy,none
SYN_EASY_SRC_01480,,0,easy,none
SYN_EASY_SRC_01481,,0,easy,none
SYN_EASY_SRC_01482,SYN_EASY_TRUE_01482,1,easy,accent_removed|case_variation
SYN_EASY_SRC_01483,SYN_EASY_TRUE_01483,1,easy,none
SYN_EASY_SRC_01484,SYN_EASY_TRUE_01484,1,easy,none
SYN_EASY_SRC_01485,SYN_EASY_TRUE_01485,1,easy,missing_cpv
SYN_EASY_SRC_01486,,0,easy,missing_duration
SYN_EASY_SRC_01487,,0,easy,none
SYN_EASY_SRC_01488,SYN_EASY_TRUE_01488,1,easy,missing_duration
SYN_EASY_SRC_01489,,0,easy,none
SYN_EASY_SRC_01490,,0,easy,none
SYN_EASY_SRC_01491,,0,easy,missing_duration
SYN_EASY_SRC_01492,,0,easy,none
SYN_EASY_SRC_01493,,0,easy,none
SYN_EASY_SRC_01494,,0,easy,none
SYN_EASY_SRC_01495,,0,easy,none
SYN_EASY_SRC_01496,,0,easy,missing_duration
SYN_EASY_SRC_01497,SYN_EASY_TRUE_01497,1,easy,none
SYN_EASY_SRC_01498,,0,easy,none
SYN_EASY_SRC_01499,SYN_EASY_TRUE_01499,1,easy,none
SYN_MEDIUM_SRC_00000,SYN_MEDIUM_TRUE_00000,1,medium,missing_duration
SYN_MEDIUM_SRC_00001,SYN_MEDIUM_TRUE_00001,1,medium,none
SYN_MEDIUM_SRC_00002,SYN_MEDIUM_TRUE_00002,1,medium,cpv_reclassification
SYN_MEDIUM_SRC_00003,SYN_MEDIUM_TRUE_00003,1,medium,none
SYN_MEDIUM_SRC_00004,SYN_MEDIUM_TRUE_00004,1,medium,missing_cpv
SYN_MEDIUM_SRC_00005,,0,medium,none
SYN_MEDIUM_SRC_00006,SYN_MEDIUM_TRUE_00006,1,medium,cpv_reclassification|missing_duration
SYN_MEDIUM_SRC_00007,,0,medium,none
SYN_MEDIUM_SRC_00008,SYN_MEDIUM_TRUE_00008,1,medium,missing_duration
SYN_MEDIUM_SRC_00009,SYN_MEDIUM_TRUE_00009,1,medium,missing_duration
SYN_MEDIUM_SRC_00010,,0,medium,none
SYN_MEDIUM_SRC_00011,,0,medium,none
SYN_MEDIUM_SRC_00012,SYN_MEDIUM_TRUE_00012,1,medium,missing_duration|timing_outlier
SYN_MEDIUM_SRC_00013,SYN_MEDIUM_TRUE_00013,1,medium,cpv_reclassification
SYN_MEDIUM_SRC_00014,SYN_MEDIUM_TRUE_00014,1,medium,none
SYN_MEDIUM_SRC_00015,,0,medium,none
SYN_MEDIUM_SRC_00016,,0,medium,none
SYN_MEDIUM_SRC_00017,SYN_MEDIUM_TRUE_00017,1,medium,accent_removed|buyer_abbreviation
SYN_MEDIUM_SRC_00018,SYN_MEDIUM_TRUE_00018,1,medium,none
SYN_MEDIUM_SRC_00019,,0,medium,none
SYN_MEDIUM_SRC_00020,SYN_MEDIUM_TRUE_00020,1,medium,timing_outlier
SYN_MEDIUM_SRC_00021,SYN_MEDIUM_TRUE_00021,1,medium,accent_removed|legal_form_variation
SYN_MEDIUM_SRC_00022,,0,medium,none
SYN_MEDIUM_SRC_00023,,0,medium,missing_duration
SYN_MEDIUM_SRC_00024,SYN_MEDIUM_TRUE_00024,1,medium,cpv_reclassification
SYN_MEDIUM_SRC_00025,,0,medium,none
SYN_MEDIUM_SRC_00026,,0,medium,none
SYN_MEDIUM_SRC_00027,SYN_MEDIUM_TRUE_00027,1,medium,none
SYN_MEDIUM_SRC_00028,SYN_MEDIUM_TRUE_00028,1,medium,timing_outlier
SYN_MEDIUM_SRC_00029,SYN_MEDIUM_TRUE_00029,1,medium,none
SYN_MEDIUM_SRC_00030,,0,medium,none
SYN_MEDIUM_SRC_00031,SYN_MEDIUM_TRUE_00031,1,medium,none
SYN_MEDIUM_SRC_00032,SYN_MEDIUM_TRUE_00032,1,medium,none
SYN_MEDIUM_SRC_00033,,0,medium,missing_cpv|missing_duration
SYN_MEDIUM_SRC_00034,SYN_MEDIUM_TRUE_00034,1,medium,missing_duration
SYN_MEDIUM_SRC_00035,SYN_MEDIUM_TRUE_00035,1,medium,none
SYN_MEDIUM_SRC_00036,SYN_MEDIUM_TRUE_00036,1,medium,none
SYN_MEDIUM_SRC_00037,,0,medium,none
SYN_MEDIUM_SRC_00038,SYN_MEDIUM_TRUE_00038,1,medium,cpv_reclassification
SYN_MEDIUM_SRC_00039,SYN_MEDIUM_TRUE_00039,1,medium,none
SYN_MEDIUM_SRC_00040,,0,medium,none
SYN_MEDIUM_SRC_00041,,0,medium,missing_duration
SYN_MEDIUM_SRC_00042,,0,medium,missing_duration
SYN_MEDIUM_SRC_00043,SYN_MEDIUM_TRUE_00043,1,medium,cpv_reclassification
SYN_MEDIUM_SRC_00044,,0,medium,missing_duration
SYN_MEDIUM_SRC_00045,,0,medium,missing_duration
SYN_MEDIUM_SRC_00046,,0,medium,none
SYN_MEDIUM_SRC_00047,,0,medium,none
SYN_MEDIUM_SRC_00048,SYN_MEDIUM_TRUE_00048,1,medium,cpv_reclassification
SYN_MEDIUM_SRC_00049,SYN_MEDIUM_TRUE_00049,1,medium,none
SYN_MEDIUM_SRC_00050,,0,medium,none
SYN_MEDIUM_SRC_00051,,0,medium,missing_duration
SYN_MEDIUM_SRC_00052,SYN_MEDIUM_TRUE_00052,1,medium,none
SYN_MEDIUM_SRC_00053,,0,medium,none
SYN_MEDIUM_SRC_00054,,0,medium,none
SYN_MEDIUM_SRC_00055,SYN_MEDIUM_TRUE_00055,1,medium,buyer_abbreviation|legal_form_variation
SYN_MEDIUM_SRC_00056,,0,medium,none
SYN_MEDIUM_SRC_00057,SYN_MEDIUM_TRUE_00057,1,medium,none
SYN_MEDIUM_SRC_00058,SYN_MEDIUM_TRUE_00058,1,medium,cpv_reclassification
SYN_MEDIUM_SRC_00059,SYN_MEDIUM_TRUE_00059,1,medium,timing_outlier
SYN_MEDIUM_SRC_00060,SYN_MEDIUM_TRUE_00060,1,medium,cpv_reclassification
SYN_MEDIUM_SRC_00061,SYN_MEDIUM_TRUE_00061,1,medium,missing_duration
SYN_MEDIUM_SRC_00062,SYN_MEDIUM_TRUE_00062,1,medium,cpv_reclassification
SYN_MEDIUM_SRC_00063,SYN_MEDIUM_TRUE_00063,1,medium,accent_removed|buyer_abbreviation|case_variation|legal_form_variation|timing_outlier
SYN_MEDIUM_SRC_00064,SYN_MEDIUM_TRUE_00064,1,medium,none
SYN_MEDIUM_SRC_00065,,0,medium,none
SYN_MEDIUM_SRC_00066,,0,medium,none
SYN_MEDIUM_SRC_00067,,0,medium,none
SYN_MEDIUM_SRC_00068,,0,medium,accent_removed|buyer_abbreviation|missing_duration
SYN_MEDIUM_SRC_00069,,0,medium,none
SYN_MEDIUM_SRC_00070,,0,medium,none
SYN_MEDIUM_SRC_00071,,0,medium,none
SYN_MEDIUM_SRC_00072,,0,medium,none
SYN_MEDIUM_SRC_00073,SYN_MEDIUM_TRUE_00073,1,medium,none
SYN_MEDIUM_SRC_00074,,0,medium,none
SYN_MEDIUM_SRC_00075,SYN_MEDIUM_TRUE_00075,1,medium,none
SYN_MEDIUM_SRC_00076,,0,medium,none
SYN_MEDIUM_SRC_00077,SYN_MEDIUM_TRUE_00077,1,medium,none
SYN_MEDIUM_SRC_00078,,0,medium,none
SYN_MEDIUM_SRC_00079,SYN_MEDIUM_TRUE_00079,1,medium,none
SYN_MEDIUM_SRC_00080,SYN_MEDIUM_TRUE_00080,1,medium,none
SYN_MEDIUM_SRC_00081,SYN_MEDIUM_TRUE_00081,1,medium,none
SYN_MEDIUM_SRC_00082,SYN_MEDIUM_TRUE_00082,1,medium,none
SYN_MEDIUM_SRC_00083,,0,medium,none
SYN_MEDIUM_SRC_00084,SYN_MEDIUM_TRUE_00084,1,medium,cpv_reclassification
SYN_MEDIUM_SRC_00085,,0,medium,none
SYN_MEDIUM_SRC_00086,,0,medium,none
SYN_MEDIUM_SRC_00087,,0,medium,none
SYN_MEDIUM_SRC_00088,,0,medium,none
SYN_MEDIUM_SRC_00089,SYN_MEDIUM_TRUE_00089,1,medium,none
SYN_MEDIUM_SRC_00090,,0,medium,missing_duration
SYN_MEDIUM_SRC_00091,,0,medium,none
SYN_MEDIUM_SRC_00092,SYN_MEDIUM_TRUE_00092,1,medium,none
SYN_MEDIUM_SRC_00093,,0,medium,none
SYN_MEDIUM_SRC_00094,SYN_MEDIUM_TRUE_00094,1,medium,cpv_reclassification
SYN_MEDIUM_SRC_00095,,0,medium,none
SYN_MEDIUM_SRC_00096,,0,medium,none
SYN_MEDIUM_SRC_00097,,0,medium,none
SYN_MEDIUM_SRC_00098,SYN_MEDIUM_TRUE_00098,1,medium,missing_duration
SYN_MEDIUM_SRC_00099,,0,medium,missing_duration
SYN_MEDIUM_SRC_00100,SYN_MEDIUM_TRUE_00100,1,medium,none
SYN_MEDIUM_SRC_00101,SYN_MEDIUM_TRUE_00101,1,medium,none
SYN_MEDIUM_SRC_00102,SYN_MEDIUM_TRUE_00102,1,medium,none
SYN_MEDIUM_SRC_00103,,0,medium,none
SYN_MEDIUM_SRC_00104,SYN_MEDIUM_TRUE_00104,1,medium,accent_removed|case_variation|cpv_reclassification|legal_form_variation
SYN_MEDIUM_SRC_00105,,0,medium,missing_duration
SYN_MEDIUM_SRC_00106,,0,medium,none
SYN_MEDIUM_SRC_00107,SYN_MEDIUM_TRUE_00107,1,medium,cpv_reclassification
SYN_MEDIUM_SRC_00108,SYN_MEDIUM_TRUE_00108,1,medium,none
SYN_MEDIUM_SRC_00109,,0,medium,none
SYN_MEDIUM_SRC_00110,SYN_MEDIUM_TRUE_00110,1,medium,missing_duration
SYN_MEDIUM_SRC_00111,SYN_MEDIUM_TRUE_00111,1,medium,cpv_reclassification
SYN_MEDIUM_SRC_00112,SYN_MEDIUM_TRUE_00112,1,medium,none
SYN_MEDIUM_SRC_00113,,0,medium,missing_duration
SYN_MEDIUM_SRC_00114,SYN_MEDIUM_TRUE_00114,1,medium,none
SYN_MEDIUM_SRC_00115,,0,medium,none
SYN_MEDIUM_SRC_00116,SYN_MEDIUM_TRUE_00116,1,medium,none
SYN_MEDIUM_SRC_00117,,0,medium,missing_duration
SYN_MEDIUM_SRC_00118,SYN_MEDIUM_TRUE_00118,1,medium,none
SYN_MEDIUM_SRC_00119,SYN_MEDIUM_TRUE_00119,1,medium,buyer_abbreviation|cpv_reclassification
SYN_MEDIUM_SRC_00120,SYN_MEDIUM_TRUE_00120,1,medium,missing_cpv
SYN_MEDIUM_SRC_00121,,0,medium,missing_duration
SYN_MEDIUM_SRC_00122,SYN_MEDIUM_TRUE_00122,1,medium,timing_outlier
SYN_MEDIUM_SRC_00123,SYN_MEDIUM_TRUE_00123,1,medium,accent_removed
SYN_MEDIUM_SRC_00124,,0,medium,none
SYN_MEDIUM_SRC_00125,,0,medium,none
SYN_MEDIUM_SRC_00126,SYN_MEDIUM_TRUE_00126,1,medium,timing_outlier
SYN_MEDIUM_SRC_00127,,0,medium,none
SYN_MEDIUM_SRC_00128,SYN_MEDIUM_TRUE_00128,1,medium,object_shortening
SYN_MEDIUM_SRC_00129,,0,medium,none
SYN_MEDIUM_SRC_00130,SYN_MEDIUM_TRUE_00130,1,medium,none
SYN_MEDIUM_SRC_00131,SYN_MEDIUM_TRUE_00131,1,medium,cpv_reclassification|missing_duration
SYN_MEDIUM_SRC_00132,SYN_MEDIUM_TRUE_00132,1,medium,accent_removed|buyer_abbreviation|case_variation|cpv_reclassification
SYN_MEDIUM_SRC_00133,,0,medium,none
SYN_MEDIUM_SRC_00134,,0,medium,none
SYN_MEDIUM_SRC_00135,,0,medium,none
SYN_MEDIUM_SRC_00136,SYN_MEDIUM_TRUE_00136,1,medium,none
SYN_MEDIUM_SRC_00137,SYN_MEDIUM_TRUE_00137,1,medium,none
SYN_MEDIUM_SRC_00138,SYN_MEDIUM_TRUE_00138,1,medium,none
SYN_MEDIUM_SRC_00139,,0,medium,none
SYN_MEDIUM_SRC_00140,,0,medium,none
SYN_MEDIUM_SRC_00141,,0,medium,none
SYN_MEDIUM_SRC_00142,,0,medium,none
SYN_MEDIUM_SRC_00143,,0,medium,missing_duration
SYN_MEDIUM_SRC_00144,SYN_MEDIUM_TRUE_00144,1,medium,none
SYN_MEDIUM_SRC_00145,,0,medium,missing_duration
SYN_MEDIUM_SRC_00146,SYN_MEDIUM_TRUE_00146,1,medium,cpv_reclassification
SYN_MEDIUM_SRC_00147,SYN_MEDIUM_TRUE_00147,1,medium,accent_removed
SYN_MEDIUM_SRC_00148,,0,medium,missing_duration
SYN_MEDIUM_SRC_00149,,0,medium,none
SYN_MEDIUM_SRC_00150,SYN_MEDIUM_TRUE_00150,1,medium,timing_outlier
SYN_MEDIUM_SRC_00151,SYN_MEDIUM_TRUE_00151,1,medium,none
SYN_MEDIUM_SRC_00152,SYN_MEDIUM_TRUE_00152,1,medium,none
SYN_MEDIUM_SRC_00153,,0,medium,missing_duration
SYN_MEDIUM_SRC_00154,SYN_MEDIUM_TRUE_00154,1,medium,generic_cpv_replacement|timing_outlier
SYN_MEDIUM_SRC_00155,SYN_MEDIUM_TRUE_00155,1,medium,none
SYN_MEDIUM_SRC_00156,SYN_MEDIUM_TRUE_00156,1,medium,none
SYN_MEDIUM_SRC_00157,,0,medium,none
SYN_MEDIUM_SRC_00158,,0,medium,none
SYN_MEDIUM_SRC_00159,SYN_MEDIUM_TRUE_00159,1,medium,none
SYN_MEDIUM_SRC_00160,SYN_MEDIUM_TRUE_00160,1,medium,missing_cpv|object_shortening
SYN_MEDIUM_SRC_00161,,0,medium,missing_duration
SYN_MEDIUM_SRC_00162,SYN_MEDIUM_TRUE_00162,1,medium,none
SYN_MEDIUM_SRC_00163,SYN_MEDIUM_TRUE_00163,1,medium,missing_duration|timing_outlier
SYN_MEDIUM_SRC_00164,,0,medium,missing_duration
SYN_MEDIUM_SRC_00165,,0,medium,none
SYN_MEDIUM_SRC_00166,SYN_MEDIUM_TRUE_00166,1,medium,object_shortening
SYN_MEDIUM_SRC_00167,SYN_MEDIUM_TRUE_00167,1,medium,cpv_reclassification
SYN_MEDIUM_SRC_00168,SYN_MEDIUM_TRUE_00168,1,medium,none
SYN_MEDIUM_SRC_00169,SYN_MEDIUM_TRUE_00169,1,medium,none
SYN_MEDIUM_SRC_00170,SYN_MEDIUM_TRUE_00170,1,medium,none
SYN_MEDIUM_SRC_00171,SYN_MEDIUM_TRUE_00171,1,medium,cpv_reclassification
SYN_MEDIUM_SRC_00172,,0,medium,missing_duration
SYN_MEDIUM_SRC_00173,,0,medium,none
SYN_MEDIUM_SRC_00174,,0,medium,none
SYN_MEDIUM_SRC_00175,,0,medium,missing_duration
SYN_MEDIUM_SRC_00176,SYN_MEDIUM_TRUE_00176,1,medium,none
SYN_MEDIUM_SRC_00177,,0,medium,none
SYN_MEDIUM_SRC_00178,SYN_MEDIUM_TRUE_00178,1,medium,none
SYN_MEDIUM_SRC_00179,SYN_MEDIUM_TRUE_00179,1,medium,none
SYN_MEDIUM_SRC_00180,,0,medium,none
SYN_MEDIUM_SRC_00181,SYN_MEDIUM_TRUE_00181,1,medium,none
SYN_MEDIUM_SRC_00182,SYN_MEDIUM_TRUE_00182,1,medium,accent_removed|object_shortening
SYN_MEDIUM_SRC_00183,SYN_MEDIUM_TRUE_00183,1,medium,none
SYN_MEDIUM_SRC_00184,SYN_MEDIUM_TRUE_00184,1,medium,none
SYN_MEDIUM_SRC_00185,SYN_MEDIUM_TRUE_00185,1,medium,none
SYN_MEDIUM_SRC_00186,,0,medium,none
SYN_MEDIUM_SRC_00187,,0,medium,none
SYN_MEDIUM_SRC_00188,,0,medium,missing_duration
SYN_MEDIUM_SRC_00189,,0,medium,missing_duration
SYN_MEDIUM_SRC_00190,SYN_MEDIUM_TRUE_00190,1,medium,missing_duration
SYN_MEDIUM_SRC_00191,,0,medium,none
SYN_MEDIUM_SRC_00192,SYN_MEDIUM_TRUE_00192,1,medium,none
SYN_MEDIUM_SRC_00193,,0,medium,none
SYN_MEDIUM_SRC_00194,SYN_MEDIUM_TRUE_00194,1,medium,none
SYN_MEDIUM_SRC_00195,SYN_MEDIUM_TRUE_00195,1,medium,missing_duration|object_shortening
SYN_MEDIUM_SRC_00196,SYN_MEDIUM_TRUE_00196,1,medium,missing_duration
SYN_MEDIUM_SRC_00197,,0,medium,none
SYN_MEDIUM_SRC_00198,,0,medium,none
SYN_MEDIUM_SRC_00199,,0,medium,none
SYN_MEDIUM_SRC_00200,,0,medium,none
SYN_MEDIUM_SRC_00201,SYN_MEDIUM_TRUE_00201,1,medium,none
SYN_MEDIUM_SRC_00202,SYN_MEDIUM_TRUE_00202,1,medium,none
SYN_MEDIUM_SRC_00203,,0,medium,none
SYN_MEDIUM_SRC_00204,,0,medium,none
SYN_MEDIUM_SRC_00205,SYN_MEDIUM_TRUE_00205,1,medium,missing_duration
SYN_MEDIUM_SRC_00206,SYN_MEDIUM_TRUE_00206,1,medium,none
SYN_MEDIUM_SRC_00207,SYN_MEDIUM_TRUE_00207,1,medium,none
SYN_MEDIUM_SRC_00208,SYN_MEDIUM_TRUE_00208,1,medium,none
SYN_MEDIUM_SRC_00209,SYN_MEDIUM_TRUE_00209,1,medium,none
SYN_MEDIUM_SRC_00210,,0,medium,none
SYN_MEDIUM_SRC_00211,SYN_MEDIUM_TRUE_00211,1,medium,none
SYN_MEDIUM_SRC_00212,SYN_MEDIUM_TRUE_00212,1,medium,missing_duration
SYN_MEDIUM_SRC_00213,SYN_MEDIUM_TRUE_00213,1,medium,timing_outlier
SYN_MEDIUM_SRC_00214,SYN_MEDIUM_TRUE_00214,1,medium,missing_duration|object_shortening
SYN_MEDIUM_SRC_00215,SYN_MEDIUM_TRUE_00215,1,medium,legal_form_variation
SYN_MEDIUM_SRC_00216,,0,medium,none
SYN_MEDIUM_SRC_00217,,0,medium,none
SYN_MEDIUM_SRC_00218,SYN_MEDIUM_TRUE_00218,1,medium,none
SYN_MEDIUM_SRC_00219,SYN_MEDIUM_TRUE_00219,1,medium,object_shortening
SYN_MEDIUM_SRC_00220,,0,medium,none
SYN_MEDIUM_SRC_00221,,0,medium,none
SYN_MEDIUM_SRC_00222,SYN_MEDIUM_TRUE_00222,1,medium,none
SYN_MEDIUM_SRC_00223,SYN_MEDIUM_TRUE_00223,1,medium,missing_duration|timing_outlier
SYN_MEDIUM_SRC_00224,SYN_MEDIUM_TRUE_00224,1,medium,timing_outlier
SYN_MEDIUM_SRC_00225,,0,medium,missing_duration
SYN_MEDIUM_SRC_00226,SYN_MEDIUM_TRUE_00226,1,medium,none
SYN_MEDIUM_SRC_00227,SYN_MEDIUM_TRUE_00227,1,medium,none
SYN_MEDIUM_SRC_00228,,0,medium,none
SYN_MEDIUM_SRC_00229,,0,medium,none
SYN_MEDIUM_SRC_00230,SYN_MEDIUM_TRUE_00230,1,medium,none
SYN_MEDIUM_SRC_00231,,0,medium,none
SYN_MEDIUM_SRC_00232,,0,medium,missing_cpv
SYN_MEDIUM_SRC_00233,,0,medium,none
SYN_MEDIUM_SRC_00234,,0,medium,missing_duration
SYN_MEDIUM_SRC_00235,,0,medium,none
SYN_MEDIUM_SRC_00236,,0,medium,none
SYN_MEDIUM_SRC_00237,,0,medium,none
SYN_MEDIUM_SRC_00238,SYN_MEDIUM_TRUE_00238,1,medium,none
SYN_MEDIUM_SRC_00239,SYN_MEDIUM_TRUE_00239,1,medium,missing_duration
SYN_MEDIUM_SRC_00240,SYN_MEDIUM_TRUE_00240,1,medium,cpv_reclassification|missing_cpv
SYN_MEDIUM_SRC_00241,,0,medium,none
SYN_MEDIUM_SRC_00242,SYN_MEDIUM_TRUE_00242,1,medium,cpv_reclassification|object_shortening
SYN_MEDIUM_SRC_00243,,0,medium,legal_form_variation
SYN_MEDIUM_SRC_00244,SYN_MEDIUM_TRUE_00244,1,medium,none
SYN_MEDIUM_SRC_00245,SYN_MEDIUM_TRUE_00245,1,medium,missing_duration
SYN_MEDIUM_SRC_00246,SYN_MEDIUM_TRUE_00246,1,medium,none
SYN_MEDIUM_SRC_00247,SYN_MEDIUM_TRUE_00247,1,medium,missing_duration
SYN_MEDIUM_SRC_00248,SYN_MEDIUM_TRUE_00248,1,medium,cpv_reclassification
SYN_MEDIUM_SRC_00249,SYN_MEDIUM_TRUE_00249,1,medium,none
SYN_MEDIUM_SRC_00250,SYN_MEDIUM_TRUE_00250,1,medium,missing_duration
SYN_MEDIUM_SRC_00251,,0,medium,none
SYN_MEDIUM_SRC_00252,SYN_MEDIUM_TRUE_00252,1,medium,none
SYN_MEDIUM_SRC_00253,SYN_MEDIUM_TRUE_00253,1,medium,object_shortening
SYN_MEDIUM_SRC_00254,SYN_MEDIUM_TRUE_00254,1,medium,none
SYN_MEDIUM_SRC_00255,,0,medium,missing_duration
SYN_MEDIUM_SRC_00256,SYN_MEDIUM_TRUE_00256,1,medium,missing_duration
SYN_MEDIUM_SRC_00257,SYN_MEDIUM_TRUE_00257,1,medium,cpv_reclassification|missing_cpv
SYN_MEDIUM_SRC_00258,SYN_MEDIUM_TRUE_00258,1,medium,cpv_reclassification
SYN_MEDIUM_SRC_00259,,0,medium,none
SYN_MEDIUM_SRC_00260,,0,medium,none
SYN_MEDIUM_SRC_00261,,0,medium,none
SYN_MEDIUM_SRC_00262,,0,medium,none
SYN_MEDIUM_SRC_00263,SYN_MEDIUM_TRUE_00263,1,medium,none
SYN_MEDIUM_SRC_00264,,0,medium,missing_duration
SYN_MEDIUM_SRC_00265,SYN_MEDIUM_TRUE_00265,1,medium,missing_duration
SYN_MEDIUM_SRC_00266,SYN_MEDIUM_TRUE_00266,1,medium,generic_cpv_replacement
SYN_MEDIUM_SRC_00267,,0,medium,none
SYN_MEDIUM_SRC_00268,SYN_MEDIUM_TRUE_00268,1,medium,object_shortening
SYN_MEDIUM_SRC_00269,SYN_MEDIUM_TRUE_00269,1,medium,missing_duration|object_shortening
SYN_MEDIUM_SRC_00270,,0,medium,none
SYN_MEDIUM_SRC_00271,SYN_MEDIUM_TRUE_00271,1,medium,none
SYN_MEDIUM_SRC_00272,SYN_MEDIUM_TRUE_00272,1,medium,none
SYN_MEDIUM_SRC_00273,SYN_MEDIUM_TRUE_00273,1,medium,none
SYN_MEDIUM_SRC_00274,SYN_MEDIUM_TRUE_00274,1,medium,case_variation|legal_form_variation|missing_duration
SYN_MEDIUM_SRC_00275,,0,medium,none
SYN_MEDIUM_SRC_00276,,0,medium,none
SYN_MEDIUM_SRC_00277,,0,medium,legal_form_variation
SYN_MEDIUM_SRC_00278,,0,medium,none
SYN_MEDIUM_SRC_00279,,0,medium,none
SYN_MEDIUM_SRC_00280,,0,medium,none
SYN_MEDIUM_SRC_00281,,0,medium,none
SYN_MEDIUM_SRC_00282,,0,medium,none
SYN_MEDIUM_SRC_00283,SYN_MEDIUM_TRUE_00283,1,medium,object_shortening
SYN_MEDIUM_SRC_00284,,0,medium,none
SYN_MEDIUM_SRC_00285,,0,medium,none
SYN_MEDIUM_SRC_00286,,0,medium,none
SYN_MEDIUM_SRC_00287,SYN_MEDIUM_TRUE_00287,1,medium,none
SYN_MEDIUM_SRC_00288,,0,medium,missing_duration
SYN_MEDIUM_SRC_00289,,0,medium,none
SYN_MEDIUM_SRC_00290,,0,medium,none
SYN_MEDIUM_SRC_00291,SYN_MEDIUM_TRUE_00291,1,medium,missing_duration|object_shortening
SYN_MEDIUM_SRC_00292,,0,medium,missing_duration
SYN_MEDIUM_SRC_00293,,0,medium,none
SYN_MEDIUM_SRC_00294,SYN_MEDIUM_TRUE_00294,1,medium,missing_duration
SYN_MEDIUM_SRC_00295,,0,medium,none
SYN_MEDIUM_SRC_00296,,0,medium,missing_cpv
SYN_MEDIUM_SRC_00297,SYN_MEDIUM_TRUE_00297,1,medium,timing_outlier
SYN_MEDIUM_SRC_00298,SYN_MEDIUM_TRUE_00298,1,medium,object_shortening
SYN_MEDIUM_SRC_00299,,0,medium,none
SYN_MEDIUM_SRC_00300,SYN_MEDIUM_TRUE_00300,1,medium,none
SYN_MEDIUM_SRC_00301,SYN_MEDIUM_TRUE_00301,1,medium,none
SYN_MEDIUM_SRC_00302,SYN_MEDIUM_TRUE_00302,1,medium,accent_removed|generic_cpv_replacement|missing_duration
SYN_MEDIUM_SRC_00303,,0,medium,none
SYN_MEDIUM_SRC_00304,SYN_MEDIUM_TRUE_00304,1,medium,none
SYN_MEDIUM_SRC_00305,,0,medium,none
SYN_MEDIUM_SRC_00306,SYN_MEDIUM_TRUE_00306,1,medium,none
SYN_MEDIUM_SRC_00307,,0,medium,none
SYN_MEDIUM_SRC_00308,,0,medium,none
SYN_MEDIUM_SRC_00309,,0,medium,none
SYN_MEDIUM_SRC_00310,,0,medium,none
SYN_MEDIUM_SRC_00311,SYN_MEDIUM_TRUE_00311,1,medium,cpv_reclassification
SYN_MEDIUM_SRC_00312,,0,medium,none
SYN_MEDIUM_SRC_00313,SYN_MEDIUM_TRUE_00313,1,medium,object_shortening
SYN_MEDIUM_SRC_00314,,0,medium,missing_duration
SYN_MEDIUM_SRC_00315,SYN_MEDIUM_TRUE_00315,1,medium,missing_cpv|missing_duration
SYN_MEDIUM_SRC_00316,,0,medium,none
SYN_MEDIUM_SRC_00317,SYN_MEDIUM_TRUE_00317,1,medium,timing_outlier
SYN_MEDIUM_SRC_00318,,0,medium,none
SYN_MEDIUM_SRC_00319,SYN_MEDIUM_TRUE_00319,1,medium,buyer_abbreviation|case_variation
SYN_MEDIUM_SRC_00320,SYN_MEDIUM_TRUE_00320,1,medium,missing_cpv|object_shortening
SYN_MEDIUM_SRC_00321,,0,medium,missing_duration
SYN_MEDIUM_SRC_00322,SYN_MEDIUM_TRUE_00322,1,medium,missing_duration|object_shortening
SYN_MEDIUM_SRC_00323,,0,medium,missing_duration
SYN_MEDIUM_SRC_00324,,0,medium,missing_cpv|missing_duration
SYN_MEDIUM_SRC_00325,,0,medium,none
SYN_MEDIUM_SRC_00326,SYN_MEDIUM_TRUE_00326,1,medium,cpv_reclassification
SYN_MEDIUM_SRC_00327,,0,medium,none
SYN_MEDIUM_SRC_00328,,0,medium,none
SYN_MEDIUM_SRC_00329,,0,medium,none
SYN_MEDIUM_SRC_00330,SYN_MEDIUM_TRUE_00330,1,medium,generic_cpv_replacement|timing_outlier
SYN_MEDIUM_SRC_00331,,0,medium,none
SYN_MEDIUM_SRC_00332,SYN_MEDIUM_TRUE_00332,1,medium,missing_duration
SYN_MEDIUM_SRC_00333,,0,medium,none
SYN_MEDIUM_SRC_00334,SYN_MEDIUM_TRUE_00334,1,medium,none
SYN_MEDIUM_SRC_00335,,0,medium,missing_duration
SYN_MEDIUM_SRC_00336,,0,medium,missing_duration
SYN_MEDIUM_SRC_00337,SYN_MEDIUM_TRUE_00337,1,medium,buyer_abbreviation
SYN_MEDIUM_SRC_00338,,0,medium,none
SYN_MEDIUM_SRC_00339,,0,medium,missing_cpv
SYN_MEDIUM_SRC_00340,,0,medium,none
SYN_MEDIUM_SRC_00341,SYN_MEDIUM_TRUE_00341,1,medium,none
SYN_MEDIUM_SRC_00342,SYN_MEDIUM_TRUE_00342,1,medium,none
SYN_MEDIUM_SRC_00343,,0,medium,none
SYN_MEDIUM_SRC_00344,,0,medium,missing_duration
SYN_MEDIUM_SRC_00345,SYN_MEDIUM_TRUE_00345,1,medium,buyer_abbreviation
SYN_MEDIUM_SRC_00346,,0,medium,none
SYN_MEDIUM_SRC_00347,,0,medium,none
SYN_MEDIUM_SRC_00348,SYN_MEDIUM_TRUE_00348,1,medium,missing_duration
SYN_MEDIUM_SRC_00349,SYN_MEDIUM_TRUE_00349,1,medium,none
SYN_MEDIUM_SRC_00350,SYN_MEDIUM_TRUE_00350,1,medium,generic_cpv_replacement|missing_duration
SYN_MEDIUM_SRC_00351,,0,medium,none
SYN_MEDIUM_SRC_00352,,0,medium,none
SYN_MEDIUM_SRC_00353,SYN_MEDIUM_TRUE_00353,1,medium,missing_cpv
SYN_MEDIUM_SRC_00354,,0,medium,none
SYN_MEDIUM_SRC_00355,,0,medium,none
SYN_MEDIUM_SRC_00356,SYN_MEDIUM_TRUE_00356,1,medium,cpv_reclassification
SYN_MEDIUM_SRC_00357,SYN_MEDIUM_TRUE_00357,1,medium,missing_duration
SYN_MEDIUM_SRC_00358,,0,medium,missing_duration
SYN_MEDIUM_SRC_00359,,0,medium,none
SYN_MEDIUM_SRC_00360,,0,medium,none
SYN_MEDIUM_SRC_00361,SYN_MEDIUM_TRUE_00361,1,medium,accent_removed|legal_form_variation|missing_duration
SYN_MEDIUM_SRC_00362,,0,medium,none
SYN_MEDIUM_SRC_00363,,0,medium,none
SYN_MEDIUM_SRC_00364,SYN_MEDIUM_TRUE_00364,1,medium,accent_removed|case_variation|missing_duration
SYN_MEDIUM_SRC_00365,,0,medium,none
SYN_MEDIUM_SRC_00366,SYN_MEDIUM_TRUE_00366,1,medium,none
SYN_MEDIUM_SRC_00367,,0,medium,none
SYN_MEDIUM_SRC_00368,,0,medium,none
SYN_MEDIUM_SRC_00369,,0,medium,none
SYN_MEDIUM_SRC_00370,,0,medium,none
SYN_MEDIUM_SRC_00371,,0,medium,none
SYN_MEDIUM_SRC_00372,SYN_MEDIUM_TRUE_00372,1,medium,none
SYN_MEDIUM_SRC_00373,SYN_MEDIUM_TRUE_00373,1,medium,none
SYN_MEDIUM_SRC_00374,,0,medium,none
SYN_MEDIUM_SRC_00375,,0,medium,none
SYN_MEDIUM_SRC_00376,SYN_MEDIUM_TRUE_00376,1,medium,accent_removed|buyer_abbreviation|case_variation|cpv_reclassification|legal_form_variation|missing_duration
SYN_MEDIUM_SRC_00377,SYN_MEDIUM_TRUE_00377,1,medium,missing_duration
SYN_MEDIUM_SRC_00378,SYN_MEDIUM_TRUE_00378,1,medium,timing_outlier
SYN_MEDIUM_SRC_00379,,0,medium,none
SYN_MEDIUM_SRC_00380,,0,medium,none
SYN_MEDIUM_SRC_00381,,0,medium,missing_duration
SYN_MEDIUM_SRC_00382,,0,medium,none
SYN_MEDIUM_SRC_00383,,0,medium,none
SYN_MEDIUM_SRC_00384,SYN_MEDIUM_TRUE_00384,1,medium,none
SYN_MEDIUM_SRC_00385,SYN_MEDIUM_TRUE_00385,1,medium,none
SYN_MEDIUM_SRC_00386,SYN_MEDIUM_TRUE_00386,1,medium,none
SYN_MEDIUM_SRC_00387,SYN_MEDIUM_TRUE_00387,1,medium,timing_outlier
SYN_MEDIUM_SRC_00388,SYN_MEDIUM_TRUE_00388,1,medium,none
SYN_MEDIUM_SRC_00389,SYN_MEDIUM_TRUE_00389,1,medium,missing_duration
SYN_MEDIUM_SRC_00390,SYN_MEDIUM_TRUE_00390,1,medium,generic_cpv_replacement
SYN_MEDIUM_SRC_00391,,0,medium,none
SYN_MEDIUM_SRC_00392,SYN_MEDIUM_TRUE_00392,1,medium,missing_duration
SYN_MEDIUM_SRC_00393,,0,medium,missing_duration
SYN_MEDIUM_SRC_00394,,0,medium,missing_duration
SYN_MEDIUM_SRC_00395,SYN_MEDIUM_TRUE_00395,1,medium,object_shortening
SYN_MEDIUM_SRC_00396,SYN_MEDIUM_TRUE_00396,1,medium,none
SYN_MEDIUM_SRC_00397,,0,medium,none
SYN_MEDIUM_SRC_00398,,0,medium,none
SYN_MEDIUM_SRC_00399,SYN_MEDIUM_TRUE_00399,1,medium,none
SYN_MEDIUM_SRC_00400,,0,medium,missing_duration
SYN_MEDIUM_SRC_00401,SYN_MEDIUM_TRUE_00401,1,medium,missing_cpv
SYN_MEDIUM_SRC_00402,,0,medium,none
SYN_MEDIUM_SRC_00403,SYN_MEDIUM_TRUE_00403,1,medium,none
SYN_MEDIUM_SRC_00404,SYN_MEDIUM_TRUE_00404,1,medium,cpv_reclassification
SYN_MEDIUM_SRC_00405,,0,medium,none
SYN_MEDIUM_SRC_00406,SYN_MEDIUM_TRUE_00406,1,medium,missing_duration|object_shortening
SYN_MEDIUM_SRC_00407,,0,medium,none
SYN_MEDIUM_SRC_00408,,0,medium,missing_duration
SYN_MEDIUM_SRC_00409,,0,medium,none
SYN_MEDIUM_SRC_00410,SYN_MEDIUM_TRUE_00410,1,medium,missing_duration
SYN_MEDIUM_SRC_00411,,0,medium,none
SYN_MEDIUM_SRC_00412,,0,medium,none
SYN_MEDIUM_SRC_00413,,0,medium,none
SYN_MEDIUM_SRC_00414,,0,medium,none
SYN_MEDIUM_SRC_00415,,0,medium,none
SYN_MEDIUM_SRC_00416,SYN_MEDIUM_TRUE_00416,1,medium,missing_duration
SYN_MEDIUM_SRC_00417,SYN_MEDIUM_TRUE_00417,1,medium,none
SYN_MEDIUM_SRC_00418,,0,medium,none
SYN_MEDIUM_SRC_00419,SYN_MEDIUM_TRUE_00419,1,medium,cpv_reclassification
SYN_MEDIUM_SRC_00420,,0,medium,none
SYN_MEDIUM_SRC_00421,SYN_MEDIUM_TRUE_00421,1,medium,generic_cpv_replacement
SYN_MEDIUM_SRC_00422,,0,medium,missing_duration
SYN_MEDIUM_SRC_00423,SYN_MEDIUM_TRUE_00423,1,medium,generic_cpv_replacement|missing_cpv|timing_outlier
SYN_MEDIUM_SRC_00424,,0,medium,none
SYN_MEDIUM_SRC_00425,,0,medium,none
SYN_MEDIUM_SRC_00426,,0,medium,none
SYN_MEDIUM_SRC_00427,,0,medium,none
SYN_MEDIUM_SRC_00428,,0,medium,none
SYN_MEDIUM_SRC_00429,SYN_MEDIUM_TRUE_00429,1,medium,missing_duration
SYN_MEDIUM_SRC_00430,SYN_MEDIUM_TRUE_00430,1,medium,generic_cpv_replacement
SYN_MEDIUM_SRC_00431,SYN_MEDIUM_TRUE_00431,1,medium,missing_duration
SYN_MEDIUM_SRC_00432,,0,medium,none
SYN_MEDIUM_SRC_00433,,0,medium,none
SYN_MEDIUM_SRC_00434,SYN_MEDIUM_TRUE_00434,1,medium,cpv_reclassification
SYN_MEDIUM_SRC_00435,SYN_MEDIUM_TRUE_00435,1,medium,none
SYN_MEDIUM_SRC_00436,SYN_MEDIUM_TRUE_00436,1,medium,object_shortening
SYN_MEDIUM_SRC_00437,,0,medium,none
SYN_MEDIUM_SRC_00438,,0,medium,none
SYN_MEDIUM_SRC_00439,,0,medium,none
SYN_MEDIUM_SRC_00440,SYN_MEDIUM_TRUE_00440,1,medium,cpv_reclassification|object_shortening
SYN_MEDIUM_SRC_00441,,0,medium,none
SYN_MEDIUM_SRC_00442,SYN_MEDIUM_TRUE_00442,1,medium,none
SYN_MEDIUM_SRC_00443,SYN_MEDIUM_TRUE_00443,1,medium,none
SYN_MEDIUM_SRC_00444,SYN_MEDIUM_TRUE_00444,1,medium,none
SYN_MEDIUM_SRC_00445,SYN_MEDIUM_TRUE_00445,1,medium,none
SYN_MEDIUM_SRC_00446,SYN_MEDIUM_TRUE_00446,1,medium,missing_duration
SYN_MEDIUM_SRC_00447,,0,medium,none
SYN_MEDIUM_SRC_00448,SYN_MEDIUM_TRUE_00448,1,medium,none
SYN_MEDIUM_SRC_00449,,0,medium,missing_duration
SYN_MEDIUM_SRC_00450,,0,medium,missing_duration
SYN_MEDIUM_SRC_00451,,0,medium,none
SYN_MEDIUM_SRC_00452,,0,medium,none
SYN_MEDIUM_SRC_00453,SYN_MEDIUM_TRUE_00453,1,medium,none
SYN_MEDIUM_SRC_00454,,0,medium,none
SYN_MEDIUM_SRC_00455,SYN_MEDIUM_TRUE_00455,1,medium,none
SYN_MEDIUM_SRC_00456,SYN_MEDIUM_TRUE_00456,1,medium,none
SYN_MEDIUM_SRC_00457,,0,medium,none
SYN_MEDIUM_SRC_00458,SYN_MEDIUM_TRUE_00458,1,medium,missing_duration
SYN_MEDIUM_SRC_00459,,0,medium,missing_duration
SYN_MEDIUM_SRC_00460,,0,medium,none
SYN_MEDIUM_SRC_00461,SYN_MEDIUM_TRUE_00461,1,medium,none
SYN_MEDIUM_SRC_00462,SYN_MEDIUM_TRUE_00462,1,medium,none
SYN_MEDIUM_SRC_00463,,0,medium,none
SYN_MEDIUM_SRC_00464,SYN_MEDIUM_TRUE_00464,1,medium,none
SYN_MEDIUM_SRC_00465,SYN_MEDIUM_TRUE_00465,1,medium,generic_cpv_replacement|missing_duration
SYN_MEDIUM_SRC_00466,,0,medium,none
SYN_MEDIUM_SRC_00467,SYN_MEDIUM_TRUE_00467,1,medium,object_shortening
SYN_MEDIUM_SRC_00468,,0,medium,none
SYN_MEDIUM_SRC_00469,,0,medium,none
SYN_MEDIUM_SRC_00470,,0,medium,none
SYN_MEDIUM_SRC_00471,,0,medium,none
SYN_MEDIUM_SRC_00472,SYN_MEDIUM_TRUE_00472,1,medium,case_variation|missing_duration
SYN_MEDIUM_SRC_00473,,0,medium,none
SYN_MEDIUM_SRC_00474,SYN_MEDIUM_TRUE_00474,1,medium,none
SYN_MEDIUM_SRC_00475,SYN_MEDIUM_TRUE_00475,1,medium,missing_cpv
SYN_MEDIUM_SRC_00476,SYN_MEDIUM_TRUE_00476,1,medium,none
SYN_MEDIUM_SRC_00477,SYN_MEDIUM_TRUE_00477,1,medium,missing_duration
SYN_MEDIUM_SRC_00478,SYN_MEDIUM_TRUE_00478,1,medium,accent_removed|buyer_abbreviation|legal_form_variation
SYN_MEDIUM_SRC_00479,,0,medium,missing_duration
SYN_MEDIUM_SRC_00480,SYN_MEDIUM_TRUE_00480,1,medium,cpv_reclassification|object_shortening
SYN_MEDIUM_SRC_00481,SYN_MEDIUM_TRUE_00481,1,medium,cpv_reclassification
SYN_MEDIUM_SRC_00482,SYN_MEDIUM_TRUE_00482,1,medium,none
SYN_MEDIUM_SRC_00483,SYN_MEDIUM_TRUE_00483,1,medium,legal_form_variation|missing_cpv
SYN_MEDIUM_SRC_00484,SYN_MEDIUM_TRUE_00484,1,medium,none
SYN_MEDIUM_SRC_00485,,0,medium,missing_duration
SYN_MEDIUM_SRC_00486,SYN_MEDIUM_TRUE_00486,1,medium,cpv_reclassification
SYN_MEDIUM_SRC_00487,SYN_MEDIUM_TRUE_00487,1,medium,none
SYN_MEDIUM_SRC_00488,,0,medium,none
SYN_MEDIUM_SRC_00489,SYN_MEDIUM_TRUE_00489,1,medium,generic_cpv_replacement|missing_duration
SYN_MEDIUM_SRC_00490,SYN_MEDIUM_TRUE_00490,1,medium,object_shortening
SYN_MEDIUM_SRC_00491,,0,medium,missing_duration
SYN_MEDIUM_SRC_00492,,0,medium,none
SYN_MEDIUM_SRC_00493,SYN_MEDIUM_TRUE_00493,1,medium,none
SYN_MEDIUM_SRC_00494,,0,medium,none
SYN_MEDIUM_SRC_00495,,0,medium,missing_duration
SYN_MEDIUM_SRC_00496,,0,medium,missing_duration
SYN_MEDIUM_SRC_00497,SYN_MEDIUM_TRUE_00497,1,medium,object_shortening
SYN_MEDIUM_SRC_00498,,0,medium,none
SYN_MEDIUM_SRC_00499,,0,medium,missing_duration
SYN_MEDIUM_SRC_00500,SYN_MEDIUM_TRUE_00500,1,medium,none
SYN_MEDIUM_SRC_00501,SYN_MEDIUM_TRUE_00501,1,medium,object_shortening
SYN_MEDIUM_SRC_00502,SYN_MEDIUM_TRUE_00502,1,medium,none
SYN_MEDIUM_SRC_00503,SYN_MEDIUM_TRUE_00503,1,medium,timing_outlier
SYN_MEDIUM_SRC_00504,SYN_MEDIUM_TRUE_00504,1,medium,object_shortening
SYN_MEDIUM_SRC_00505,,0,medium,none
SYN_MEDIUM_SRC_00506,,0,medium,missing_duration
SYN_MEDIUM_SRC_00507,,0,medium,missing_duration
SYN_MEDIUM_SRC_00508,SYN_MEDIUM_TRUE_00508,1,medium,cpv_reclassification
SYN_MEDIUM_SRC_00509,SYN_MEDIUM_TRUE_00509,1,medium,none
SYN_MEDIUM_SRC_00510,SYN_MEDIUM_TRUE_00510,1,medium,generic_cpv_replacement
SYN_MEDIUM_SRC_00511,SYN_MEDIUM_TRUE_00511,1,medium,missing_duration
SYN_MEDIUM_SRC_00512,SYN_MEDIUM_TRUE_00512,1,medium,generic_cpv_replacement
SYN_MEDIUM_SRC_00513,,0,medium,none
SYN_MEDIUM_SRC_00514,,0,medium,none
SYN_MEDIUM_SRC_00515,SYN_MEDIUM_TRUE_00515,1,medium,none
SYN_MEDIUM_SRC_00516,,0,medium,none
SYN_MEDIUM_SRC_00517,SYN_MEDIUM_TRUE_00517,1,medium,accent_removed|cpv_reclassification
SYN_MEDIUM_SRC_00518,SYN_MEDIUM_TRUE_00518,1,medium,cpv_reclassification|timing_outlier
SYN_MEDIUM_SRC_00519,SYN_MEDIUM_TRUE_00519,1,medium,none
SYN_MEDIUM_SRC_00520,,0,medium,none
SYN_MEDIUM_SRC_00521,,0,medium,none
SYN_MEDIUM_SRC_00522,,0,medium,none
SYN_MEDIUM_SRC_00523,SYN_MEDIUM_TRUE_00523,1,medium,missing_duration|object_shortening
SYN_MEDIUM_SRC_00524,,0,medium,none
SYN_MEDIUM_SRC_00525,,0,medium,none
SYN_MEDIUM_SRC_00526,,0,medium,none
SYN_MEDIUM_SRC_00527,,0,medium,missing_duration
SYN_MEDIUM_SRC_00528,SYN_MEDIUM_TRUE_00528,1,medium,none
SYN_MEDIUM_SRC_00529,,0,medium,none
SYN_MEDIUM_SRC_00530,SYN_MEDIUM_TRUE_00530,1,medium,none
SYN_MEDIUM_SRC_00531,,0,medium,none
SYN_MEDIUM_SRC_00532,SYN_MEDIUM_TRUE_00532,1,medium,generic_cpv_replacement
SYN_MEDIUM_SRC_00533,SYN_MEDIUM_TRUE_00533,1,medium,buyer_abbreviation
SYN_MEDIUM_SRC_00534,SYN_MEDIUM_TRUE_00534,1,medium,generic_cpv_replacement|missing_duration
SYN_MEDIUM_SRC_00535,,0,medium,missing_cpv|missing_duration
SYN_MEDIUM_SRC_00536,,0,medium,none
SYN_MEDIUM_SRC_00537,,0,medium,none
SYN_MEDIUM_SRC_00538,SYN_MEDIUM_TRUE_00538,1,medium,generic_cpv_replacement|missing_duration
SYN_MEDIUM_SRC_00539,SYN_MEDIUM_TRUE_00539,1,medium,missing_duration
SYN_MEDIUM_SRC_00540,SYN_MEDIUM_TRUE_00540,1,medium,none
SYN_MEDIUM_SRC_00541,SYN_MEDIUM_TRUE_00541,1,medium,missing_duration
SYN_MEDIUM_SRC_00542,,0,medium,none
SYN_MEDIUM_SRC_00543,,0,medium,none
SYN_MEDIUM_SRC_00544,SYN_MEDIUM_TRUE_00544,1,medium,none
SYN_MEDIUM_SRC_00545,SYN_MEDIUM_TRUE_00545,1,medium,none
SYN_MEDIUM_SRC_00546,,0,medium,none
SYN_MEDIUM_SRC_00547,,0,medium,none
SYN_MEDIUM_SRC_00548,SYN_MEDIUM_TRUE_00548,1,medium,legal_form_variation
SYN_MEDIUM_SRC_00549,,0,medium,missing_duration
SYN_MEDIUM_SRC_00550,,0,medium,none
SYN_MEDIUM_SRC_00551,SYN_MEDIUM_TRUE_00551,1,medium,accent_removed|cpv_reclassification|missing_duration
SYN_MEDIUM_SRC_00552,,0,medium,none
SYN_MEDIUM_SRC_00553,SYN_MEDIUM_TRUE_00553,1,medium,missing_duration
SYN_MEDIUM_SRC_00554,SYN_MEDIUM_TRUE_00554,1,medium,missing_duration
SYN_MEDIUM_SRC_00555,,0,medium,none
SYN_MEDIUM_SRC_00556,SYN_MEDIUM_TRUE_00556,1,medium,timing_outlier
SYN_MEDIUM_SRC_00557,,0,medium,none
SYN_MEDIUM_SRC_00558,,0,medium,none
SYN_MEDIUM_SRC_00559,SYN_MEDIUM_TRUE_00559,1,medium,missing_duration
SYN_MEDIUM_SRC_00560,SYN_MEDIUM_TRUE_00560,1,medium,object_shortening
SYN_MEDIUM_SRC_00561,,0,medium,none
SYN_MEDIUM_SRC_00562,,0,medium,none
SYN_MEDIUM_SRC_00563,,0,medium,missing_duration
SYN_MEDIUM_SRC_00564,SYN_MEDIUM_TRUE_00564,1,medium,none
SYN_MEDIUM_SRC_00565,,0,medium,none
SYN_MEDIUM_SRC_00566,,0,medium,missing_duration
SYN_MEDIUM_SRC_00567,,0,medium,none
SYN_MEDIUM_SRC_00568,SYN_MEDIUM_TRUE_00568,1,medium,none
SYN_MEDIUM_SRC_00569,SYN_MEDIUM_TRUE_00569,1,medium,none
SYN_MEDIUM_SRC_00570,SYN_MEDIUM_TRUE_00570,1,medium,none
SYN_MEDIUM_SRC_00571,SYN_MEDIUM_TRUE_00571,1,medium,none
SYN_MEDIUM_SRC_00572,SYN_MEDIUM_TRUE_00572,1,medium,none
SYN_MEDIUM_SRC_00573,SYN_MEDIUM_TRUE_00573,1,medium,generic_cpv_replacement
SYN_MEDIUM_SRC_00574,,0,medium,none
SYN_MEDIUM_SRC_00575,SYN_MEDIUM_TRUE_00575,1,medium,none
SYN_MEDIUM_SRC_00576,SYN_MEDIUM_TRUE_00576,1,medium,missing_duration
SYN_MEDIUM_SRC_00577,,0,medium,none
SYN_MEDIUM_SRC_00578,SYN_MEDIUM_TRUE_00578,1,medium,cpv_reclassification
SYN_MEDIUM_SRC_00579,,0,medium,none
SYN_MEDIUM_SRC_00580,SYN_MEDIUM_TRUE_00580,1,medium,none
SYN_MEDIUM_SRC_00581,,0,medium,none
SYN_MEDIUM_SRC_00582,,0,medium,none
SYN_MEDIUM_SRC_00583,SYN_MEDIUM_TRUE_00583,1,medium,none
SYN_MEDIUM_SRC_00584,SYN_MEDIUM_TRUE_00584,1,medium,none
SYN_MEDIUM_SRC_00585,,0,medium,missing_cpv
SYN_MEDIUM_SRC_00586,SYN_MEDIUM_TRUE_00586,1,medium,cpv_reclassification|missing_cpv
SYN_MEDIUM_SRC_00587,SYN_MEDIUM_TRUE_00587,1,medium,cpv_reclassification|missing_duration
SYN_MEDIUM_SRC_00588,SYN_MEDIUM_TRUE_00588,1,medium,missing_duration
SYN_MEDIUM_SRC_00589,SYN_MEDIUM_TRUE_00589,1,medium,none
SYN_MEDIUM_SRC_00590,,0,medium,none
SYN_MEDIUM_SRC_00591,SYN_MEDIUM_TRUE_00591,1,medium,missing_duration|object_shortening
SYN_MEDIUM_SRC_00592,SYN_MEDIUM_TRUE_00592,1,medium,object_shortening
SYN_MEDIUM_SRC_00593,,0,medium,none
SYN_MEDIUM_SRC_00594,SYN_MEDIUM_TRUE_00594,1,medium,none
SYN_MEDIUM_SRC_00595,,0,medium,missing_duration
SYN_MEDIUM_SRC_00596,,0,medium,none
SYN_MEDIUM_SRC_00597,,0,medium,none
SYN_MEDIUM_SRC_00598,SYN_MEDIUM_TRUE_00598,1,medium,none
SYN_MEDIUM_SRC_00599,SYN_MEDIUM_TRUE_00599,1,medium,none
SYN_MEDIUM_SRC_00600,SYN_MEDIUM_TRUE_00600,1,medium,none
SYN_MEDIUM_SRC_00601,SYN_MEDIUM_TRUE_00601,1,medium,cpv_reclassification
SYN_MEDIUM_SRC_00602,,0,medium,none
SYN_MEDIUM_SRC_00603,,0,medium,none
SYN_MEDIUM_SRC_00604,,0,medium,missing_duration
SYN_MEDIUM_SRC_00605,SYN_MEDIUM_TRUE_00605,1,medium,none
SYN_MEDIUM_SRC_00606,,0,medium,none
SYN_MEDIUM_SRC_00607,SYN_MEDIUM_TRUE_00607,1,medium,generic_cpv_replacement|missing_duration
SYN_MEDIUM_SRC_00608,SYN_MEDIUM_TRUE_00608,1,medium,missing_cpv|object_shortening
SYN_MEDIUM_SRC_00609,,0,medium,missing_duration
SYN_MEDIUM_SRC_00610,,0,medium,none
SYN_MEDIUM_SRC_00611,SYN_MEDIUM_TRUE_00611,1,medium,object_shortening
SYN_MEDIUM_SRC_00612,,0,medium,none
SYN_MEDIUM_SRC_00613,,0,medium,missing_duration
SYN_MEDIUM_SRC_00614,,0,medium,missing_duration
SYN_MEDIUM_SRC_00615,SYN_MEDIUM_TRUE_00615,1,medium,none
SYN_MEDIUM_SRC_00616,SYN_MEDIUM_TRUE_00616,1,medium,cpv_reclassification
SYN_MEDIUM_SRC_00617,SYN_MEDIUM_TRUE_00617,1,medium,none
SYN_MEDIUM_SRC_00618,,0,medium,missing_duration
SYN_MEDIUM_SRC_00619,,0,medium,none
SYN_MEDIUM_SRC_00620,,0,medium,none
SYN_MEDIUM_SRC_00621,,0,medium,none
SYN_MEDIUM_SRC_00622,,0,medium,missing_duration
SYN_MEDIUM_SRC_00623,SYN_MEDIUM_TRUE_00623,1,medium,none
SYN_MEDIUM_SRC_00624,SYN_MEDIUM_TRUE_00624,1,medium,none
SYN_MEDIUM_SRC_00625,,0,medium,accent_removed|buyer_abbreviation|legal_form_variation
SYN_MEDIUM_SRC_00626,,0,medium,none
SYN_MEDIUM_SRC_00627,SYN_MEDIUM_TRUE_00627,1,medium,missing_duration
SYN_MEDIUM_SRC_00628,,0,medium,missing_duration
SYN_MEDIUM_SRC_00629,SYN_MEDIUM_TRUE_00629,1,medium,cpv_reclassification|timing_outlier
SYN_MEDIUM_SRC_00630,,0,medium,none
SYN_MEDIUM_SRC_00631,SYN_MEDIUM_TRUE_00631,1,medium,none
SYN_MEDIUM_SRC_00632,SYN_MEDIUM_TRUE_00632,1,medium,generic_cpv_replacement|missing_cpv
SYN_MEDIUM_SRC_00633,SYN_MEDIUM_TRUE_00633,1,medium,cpv_reclassification
SYN_MEDIUM_SRC_00634,SYN_MEDIUM_TRUE_00634,1,medium,none
SYN_MEDIUM_SRC_00635,,0,medium,missing_duration
SYN_MEDIUM_SRC_00636,,0,medium,none
SYN_MEDIUM_SRC_00637,SYN_MEDIUM_TRUE_00637,1,medium,missing_cpv|missing_duration
SYN_MEDIUM_SRC_00638,,0,medium,none
SYN_MEDIUM_SRC_00639,,0,medium,missing_duration
SYN_MEDIUM_SRC_00640,SYN_MEDIUM_TRUE_00640,1,medium,none
SYN_MEDIUM_SRC_00641,SYN_MEDIUM_TRUE_00641,1,medium,generic_cpv_replacement
SYN_MEDIUM_SRC_00642,SYN_MEDIUM_TRUE_00642,1,medium,generic_cpv_replacement|missing_cpv
SYN_MEDIUM_SRC_00643,,0,medium,missing_duration
SYN_MEDIUM_SRC_00644,SYN_MEDIUM_TRUE_00644,1,medium,missing_duration
SYN_MEDIUM_SRC_00645,SYN_MEDIUM_TRUE_00645,1,medium,none
SYN_MEDIUM_SRC_00646,SYN_MEDIUM_TRUE_00646,1,medium,cpv_reclassification
SYN_MEDIUM_SRC_00647,SYN_MEDIUM_TRUE_00647,1,medium,cpv_reclassification
SYN_MEDIUM_SRC_00648,,0,medium,missing_duration
SYN_MEDIUM_SRC_00649,SYN_MEDIUM_TRUE_00649,1,medium,none
SYN_MEDIUM_SRC_00650,SYN_MEDIUM_TRUE_00650,1,medium,missing_duration
SYN_MEDIUM_SRC_00651,,0,medium,none
SYN_MEDIUM_SRC_00652,,0,medium,none
SYN_MEDIUM_SRC_00653,SYN_MEDIUM_TRUE_00653,1,medium,cpv_reclassification|missing_duration
SYN_MEDIUM_SRC_00654,,0,medium,none
SYN_MEDIUM_SRC_00655,,0,medium,none
SYN_MEDIUM_SRC_00656,SYN_MEDIUM_TRUE_00656,1,medium,missing_cpv|missing_duration
SYN_MEDIUM_SRC_00657,SYN_MEDIUM_TRUE_00657,1,medium,missing_duration
SYN_MEDIUM_SRC_00658,SYN_MEDIUM_TRUE_00658,1,medium,case_variation
SYN_MEDIUM_SRC_00659,,0,medium,none
SYN_MEDIUM_SRC_00660,SYN_MEDIUM_TRUE_00660,1,medium,missing_duration
SYN_MEDIUM_SRC_00661,,0,medium,none
SYN_MEDIUM_SRC_00662,SYN_MEDIUM_TRUE_00662,1,medium,none
SYN_MEDIUM_SRC_00663,SYN_MEDIUM_TRUE_00663,1,medium,missing_cpv|timing_outlier
SYN_MEDIUM_SRC_00664,SYN_MEDIUM_TRUE_00664,1,medium,object_shortening
SYN_MEDIUM_SRC_00665,SYN_MEDIUM_TRUE_00665,1,medium,timing_outlier
SYN_MEDIUM_SRC_00666,SYN_MEDIUM_TRUE_00666,1,medium,legal_form_variation
SYN_MEDIUM_SRC_00667,SYN_MEDIUM_TRUE_00667,1,medium,missing_duration
SYN_MEDIUM_SRC_00668,SYN_MEDIUM_TRUE_00668,1,medium,object_shortening
SYN_MEDIUM_SRC_00669,SYN_MEDIUM_TRUE_00669,1,medium,missing_duration|timing_outlier
SYN_MEDIUM_SRC_00670,,0,medium,none
SYN_MEDIUM_SRC_00671,SYN_MEDIUM_TRUE_00671,1,medium,none
SYN_MEDIUM_SRC_00672,SYN_MEDIUM_TRUE_00672,1,medium,cpv_reclassification
SYN_MEDIUM_SRC_00673,,0,medium,missing_cpv
SYN_MEDIUM_SRC_00674,SYN_MEDIUM_TRUE_00674,1,medium,none
SYN_MEDIUM_SRC_00675,SYN_MEDIUM_TRUE_00675,1,medium,none
SYN_MEDIUM_SRC_00676,SYN_MEDIUM_TRUE_00676,1,medium,accent_removed|case_variation|legal_form_variation
SYN_MEDIUM_SRC_00677,SYN_MEDIUM_TRUE_00677,1,medium,missing_duration
SYN_MEDIUM_SRC_00678,SYN_MEDIUM_TRUE_00678,1,medium,none
SYN_MEDIUM_SRC_00679,,0,medium,missing_duration
SYN_MEDIUM_SRC_00680,,0,medium,none
SYN_MEDIUM_SRC_00681,,0,medium,missing_duration
SYN_MEDIUM_SRC_00682,,0,medium,none
SYN_MEDIUM_SRC_00683,,0,medium,none
SYN_MEDIUM_SRC_00684,,0,medium,missing_duration
SYN_MEDIUM_SRC_00685,SYN_MEDIUM_TRUE_00685,1,medium,none
SYN_MEDIUM_SRC_00686,,0,medium,missing_duration
SYN_MEDIUM_SRC_00687,,0,medium,none
SYN_MEDIUM_SRC_00688,SYN_MEDIUM_TRUE_00688,1,medium,none
SYN_MEDIUM_SRC_00689,,0,medium,none
SYN_MEDIUM_SRC_00690,SYN_MEDIUM_TRUE_00690,1,medium,missing_duration
SYN_MEDIUM_SRC_00691,,0,medium,none
SYN_MEDIUM_SRC_00692,SYN_MEDIUM_TRUE_00692,1,medium,missing_duration
SYN_MEDIUM_SRC_00693,SYN_MEDIUM_TRUE_00693,1,medium,none
SYN_MEDIUM_SRC_00694,SYN_MEDIUM_TRUE_00694,1,medium,none
SYN_MEDIUM_SRC_00695,SYN_MEDIUM_TRUE_00695,1,medium,object_shortening
SYN_MEDIUM_SRC_00696,SYN_MEDIUM_TRUE_00696,1,medium,accent_removed
SYN_MEDIUM_SRC_00697,,0,medium,none
SYN_MEDIUM_SRC_00698,,0,medium,missing_cpv
SYN_MEDIUM_SRC_00699,SYN_MEDIUM_TRUE_00699,1,medium,accent_removed|case_variation|missing_duration
SYN_MEDIUM_SRC_00700,,0,medium,none
SYN_MEDIUM_SRC_00701,SYN_MEDIUM_TRUE_00701,1,medium,missing_duration
SYN_MEDIUM_SRC_00702,SYN_MEDIUM_TRUE_00702,1,medium,accent_removed
SYN_MEDIUM_SRC_00703,,0,medium,missing_duration
SYN_MEDIUM_SRC_00704,,0,medium,none
SYN_MEDIUM_SRC_00705,SYN_MEDIUM_TRUE_00705,1,medium,none
SYN_MEDIUM_SRC_00706,SYN_MEDIUM_TRUE_00706,1,medium,accent_removed|buyer_abbreviation|case_variation|object_shortening
SYN_MEDIUM_SRC_00707,,0,medium,none
SYN_MEDIUM_SRC_00708,SYN_MEDIUM_TRUE_00708,1,medium,cpv_reclassification
SYN_MEDIUM_SRC_00709,,0,medium,missing_duration
SYN_MEDIUM_SRC_00710,SYN_MEDIUM_TRUE_00710,1,medium,none
SYN_MEDIUM_SRC_00711,,0,medium,none
SYN_MEDIUM_SRC_00712,SYN_MEDIUM_TRUE_00712,1,medium,missing_duration
SYN_MEDIUM_SRC_00713,,0,medium,none
SYN_MEDIUM_SRC_00714,,0,medium,none
SYN_MEDIUM_SRC_00715,SYN_MEDIUM_TRUE_00715,1,medium,none
SYN_MEDIUM_SRC_00716,SYN_MEDIUM_TRUE_00716,1,medium,cpv_reclassification
SYN_MEDIUM_SRC_00717,,0,medium,none
SYN_MEDIUM_SRC_00718,,0,medium,none
SYN_MEDIUM_SRC_00719,,0,medium,none
SYN_MEDIUM_SRC_00720,,0,medium,none
SYN_MEDIUM_SRC_00721,SYN_MEDIUM_TRUE_00721,1,medium,none
SYN_MEDIUM_SRC_00722,SYN_MEDIUM_TRUE_00722,1,medium,object_shortening
SYN_MEDIUM_SRC_00723,SYN_MEDIUM_TRUE_00723,1,medium,none
SYN_MEDIUM_SRC_00724,SYN_MEDIUM_TRUE_00724,1,medium,case_variation|missing_duration
SYN_MEDIUM_SRC_00725,SYN_MEDIUM_TRUE_00725,1,medium,none
SYN_MEDIUM_SRC_00726,,0,medium,none
SYN_MEDIUM_SRC_00727,,0,medium,none
SYN_MEDIUM_SRC_00728,SYN_MEDIUM_TRUE_00728,1,medium,none
SYN_MEDIUM_SRC_00729,SYN_MEDIUM_TRUE_00729,1,medium,none
SYN_MEDIUM_SRC_00730,SYN_MEDIUM_TRUE_00730,1,medium,generic_cpv_replacement
SYN_MEDIUM_SRC_00731,SYN_MEDIUM_TRUE_00731,1,medium,cpv_reclassification
SYN_MEDIUM_SRC_00732,,0,medium,none
SYN_MEDIUM_SRC_00733,,0,medium,none
SYN_MEDIUM_SRC_00734,,0,medium,none
SYN_MEDIUM_SRC_00735,SYN_MEDIUM_TRUE_00735,1,medium,timing_outlier
SYN_MEDIUM_SRC_00736,,0,medium,none
SYN_MEDIUM_SRC_00737,,0,medium,none
SYN_MEDIUM_SRC_00738,,0,medium,none
SYN_MEDIUM_SRC_00739,,0,medium,none
SYN_MEDIUM_SRC_00740,,0,medium,none
SYN_MEDIUM_SRC_00741,SYN_MEDIUM_TRUE_00741,1,medium,missing_duration
SYN_MEDIUM_SRC_00742,,0,medium,none
SYN_MEDIUM_SRC_00743,,0,medium,none
SYN_MEDIUM_SRC_00744,,0,medium,none
SYN_MEDIUM_SRC_00745,,0,medium,none
SYN_MEDIUM_SRC_00746,,0,medium,missing_duration
SYN_MEDIUM_SRC_00747,SYN_MEDIUM_TRUE_00747,1,medium,object_shortening|timing_outlier
SYN_MEDIUM_SRC_00748,,0,medium,none
SYN_MEDIUM_SRC_00749,SYN_MEDIUM_TRUE_00749,1,medium,cpv_reclassification|missing_cpv
SYN_MEDIUM_SRC_00750,,0,medium,none
SYN_MEDIUM_SRC_00751,SYN_MEDIUM_TRUE_00751,1,medium,legal_form_variation|missing_duration
SYN_MEDIUM_SRC_00752,SYN_MEDIUM_TRUE_00752,1,medium,none
SYN_MEDIUM_SRC_00753,,0,medium,missing_duration
SYN_MEDIUM_SRC_00754,SYN_MEDIUM_TRUE_00754,1,medium,none
SYN_MEDIUM_SRC_00755,SYN_MEDIUM_TRUE_00755,1,medium,missing_duration
SYN_MEDIUM_SRC_00756,,0,medium,none
SYN_MEDIUM_SRC_00757,,0,medium,none
SYN_MEDIUM_SRC_00758,SYN_MEDIUM_TRUE_00758,1,medium,none
SYN_MEDIUM_SRC_00759,SYN_MEDIUM_TRUE_00759,1,medium,missing_duration
SYN_MEDIUM_SRC_00760,,0,medium,none
SYN_MEDIUM_SRC_00761,,0,medium,none
SYN_MEDIUM_SRC_00762,SYN_MEDIUM_TRUE_00762,1,medium,case_variation|legal_form_variation
SYN_MEDIUM_SRC_00763,SYN_MEDIUM_TRUE_00763,1,medium,none
SYN_MEDIUM_SRC_00764,,0,medium,none
SYN_MEDIUM_SRC_00765,SYN_MEDIUM_TRUE_00765,1,medium,none
SYN_MEDIUM_SRC_00766,,0,medium,none
SYN_MEDIUM_SRC_00767,SYN_MEDIUM_TRUE_00767,1,medium,none
SYN_MEDIUM_SRC_00768,SYN_MEDIUM_TRUE_00768,1,medium,missing_duration
SYN_MEDIUM_SRC_00769,SYN_MEDIUM_TRUE_00769,1,medium,none
SYN_MEDIUM_SRC_00770,SYN_MEDIUM_TRUE_00770,1,medium,missing_duration|timing_outlier
SYN_MEDIUM_SRC_00771,,0,medium,missing_duration
SYN_MEDIUM_SRC_00772,,0,medium,none
SYN_MEDIUM_SRC_00773,,0,medium,none
SYN_MEDIUM_SRC_00774,,0,medium,none
SYN_MEDIUM_SRC_00775,SYN_MEDIUM_TRUE_00775,1,medium,none
SYN_MEDIUM_SRC_00776,SYN_MEDIUM_TRUE_00776,1,medium,missing_duration
SYN_MEDIUM_SRC_00777,SYN_MEDIUM_TRUE_00777,1,medium,none
SYN_MEDIUM_SRC_00778,SYN_MEDIUM_TRUE_00778,1,medium,cpv_reclassification|timing_outlier
SYN_MEDIUM_SRC_00779,SYN_MEDIUM_TRUE_00779,1,medium,none
SYN_MEDIUM_SRC_00780,SYN_MEDIUM_TRUE_00780,1,medium,generic_cpv_replacement|missing_duration|object_shortening
SYN_MEDIUM_SRC_00781,,0,medium,none
SYN_MEDIUM_SRC_00782,,0,medium,none
SYN_MEDIUM_SRC_00783,SYN_MEDIUM_TRUE_00783,1,medium,cpv_reclassification
SYN_MEDIUM_SRC_00784,,0,medium,missing_duration
SYN_MEDIUM_SRC_00785,SYN_MEDIUM_TRUE_00785,1,medium,none
SYN_MEDIUM_SRC_00786,SYN_MEDIUM_TRUE_00786,1,medium,generic_cpv_replacement
SYN_MEDIUM_SRC_00787,,0,medium,none
SYN_MEDIUM_SRC_00788,,0,medium,none
SYN_MEDIUM_SRC_00789,SYN_MEDIUM_TRUE_00789,1,medium,none
SYN_MEDIUM_SRC_00790,,0,medium,none
SYN_MEDIUM_SRC_00791,SYN_MEDIUM_TRUE_00791,1,medium,legal_form_variation|missing_duration
SYN_MEDIUM_SRC_00792,,0,medium,none
SYN_MEDIUM_SRC_00793,,0,medium,none
SYN_MEDIUM_SRC_00794,SYN_MEDIUM_TRUE_00794,1,medium,none
SYN_MEDIUM_SRC_00795,SYN_MEDIUM_TRUE_00795,1,medium,cpv_reclassification
SYN_MEDIUM_SRC_00796,SYN_MEDIUM_TRUE_00796,1,medium,none
SYN_MEDIUM_SRC_00797,,0,medium,missing_duration
SYN_MEDIUM_SRC_00798,,0,medium,missing_duration
SYN_MEDIUM_SRC_00799,,0,medium,none
SYN_MEDIUM_SRC_00800,SYN_MEDIUM_TRUE_00800,1,medium,cpv_reclassification
SYN_MEDIUM_SRC_00801,,0,medium,missing_cpv|missing_duration
SYN_MEDIUM_SRC_00802,SYN_MEDIUM_TRUE_00802,1,medium,missing_duration
SYN_MEDIUM_SRC_00803,,0,medium,none
SYN_MEDIUM_SRC_00804,,0,medium,none
SYN_MEDIUM_SRC_00805,,0,medium,none
SYN_MEDIUM_SRC_00806,SYN_MEDIUM_TRUE_00806,1,medium,none
SYN_MEDIUM_SRC_00807,,0,medium,missing_duration
SYN_MEDIUM_SRC_00808,SYN_MEDIUM_TRUE_00808,1,medium,cpv_reclassification|missing_cpv
SYN_MEDIUM_SRC_00809,SYN_MEDIUM_TRUE_00809,1,medium,none
SYN_MEDIUM_SRC_00810,,0,medium,case_variation|missing_duration
SYN_MEDIUM_SRC_00811,SYN_MEDIUM_TRUE_00811,1,medium,none
SYN_MEDIUM_SRC_00812,SYN_MEDIUM_TRUE_00812,1,medium,none
SYN_MEDIUM_SRC_00813,,0,medium,missing_duration
SYN_MEDIUM_SRC_00814,SYN_MEDIUM_TRUE_00814,1,medium,missing_duration|object_shortening|timing_outlier
SYN_MEDIUM_SRC_00815,SYN_MEDIUM_TRUE_00815,1,medium,none
SYN_MEDIUM_SRC_00816,,0,medium,none
SYN_MEDIUM_SRC_00817,SYN_MEDIUM_TRUE_00817,1,medium,cpv_reclassification
SYN_MEDIUM_SRC_00818,,0,medium,none
SYN_MEDIUM_SRC_00819,,0,medium,missing_duration
SYN_MEDIUM_SRC_00820,SYN_MEDIUM_TRUE_00820,1,medium,accent_removed|case_variation
SYN_MEDIUM_SRC_00821,,0,medium,missing_duration
SYN_MEDIUM_SRC_00822,SYN_MEDIUM_TRUE_00822,1,medium,cpv_reclassification|missing_duration
SYN_MEDIUM_SRC_00823,SYN_MEDIUM_TRUE_00823,1,medium,missing_duration
SYN_MEDIUM_SRC_00824,SYN_MEDIUM_TRUE_00824,1,medium,accent_removed|buyer_abbreviation|case_variation|missing_cpv
SYN_MEDIUM_SRC_00825,SYN_MEDIUM_TRUE_00825,1,medium,none
SYN_MEDIUM_SRC_00826,,0,medium,none
SYN_MEDIUM_SRC_00827,SYN_MEDIUM_TRUE_00827,1,medium,case_variation|generic_cpv_replacement
SYN_MEDIUM_SRC_00828,SYN_MEDIUM_TRUE_00828,1,medium,missing_duration
SYN_MEDIUM_SRC_00829,SYN_MEDIUM_TRUE_00829,1,medium,buyer_abbreviation|case_variation|legal_form_variation
SYN_MEDIUM_SRC_00830,SYN_MEDIUM_TRUE_00830,1,medium,none
SYN_MEDIUM_SRC_00831,,0,medium,none
SYN_MEDIUM_SRC_00832,SYN_MEDIUM_TRUE_00832,1,medium,object_shortening
SYN_MEDIUM_SRC_00833,,0,medium,missing_duration
SYN_MEDIUM_SRC_00834,,0,medium,accent_removed|case_variation
SYN_MEDIUM_SRC_00835,,0,medium,none
SYN_MEDIUM_SRC_00836,SYN_MEDIUM_TRUE_00836,1,medium,generic_cpv_replacement
SYN_MEDIUM_SRC_00837,SYN_MEDIUM_TRUE_00837,1,medium,object_shortening
SYN_MEDIUM_SRC_00838,,0,medium,missing_duration
SYN_MEDIUM_SRC_00839,,0,medium,none
SYN_MEDIUM_SRC_00840,,0,medium,none
SYN_MEDIUM_SRC_00841,SYN_MEDIUM_TRUE_00841,1,medium,missing_duration
SYN_MEDIUM_SRC_00842,SYN_MEDIUM_TRUE_00842,1,medium,buyer_abbreviation|cpv_reclassification|legal_form_variation|object_shortening
SYN_MEDIUM_SRC_00843,SYN_MEDIUM_TRUE_00843,1,medium,cpv_reclassification
SYN_MEDIUM_SRC_00844,SYN_MEDIUM_TRUE_00844,1,medium,none
SYN_MEDIUM_SRC_00845,,0,medium,none
SYN_MEDIUM_SRC_00846,,0,medium,none
SYN_MEDIUM_SRC_00847,SYN_MEDIUM_TRUE_00847,1,medium,missing_duration
SYN_MEDIUM_SRC_00848,,0,medium,missing_duration
SYN_MEDIUM_SRC_00849,,0,medium,none
SYN_MEDIUM_SRC_00850,,0,medium,none
SYN_MEDIUM_SRC_00851,SYN_MEDIUM_TRUE_00851,1,medium,none
SYN_MEDIUM_SRC_00852,,0,medium,missing_duration
SYN_MEDIUM_SRC_00853,SYN_MEDIUM_TRUE_00853,1,medium,missing_duration
SYN_MEDIUM_SRC_00854,,0,medium,none
SYN_MEDIUM_SRC_00855,SYN_MEDIUM_TRUE_00855,1,medium,missing_duration
SYN_MEDIUM_SRC_00856,,0,medium,none
SYN_MEDIUM_SRC_00857,,0,medium,none
SYN_MEDIUM_SRC_00858,SYN_MEDIUM_TRUE_00858,1,medium,none
SYN_MEDIUM_SRC_00859,SYN_MEDIUM_TRUE_00859,1,medium,object_shortening
SYN_MEDIUM_SRC_00860,,0,medium,legal_form_variation
SYN_MEDIUM_SRC_00861,,0,medium,missing_duration
SYN_MEDIUM_SRC_00862,SYN_MEDIUM_TRUE_00862,1,medium,missing_duration
SYN_MEDIUM_SRC_00863,,0,medium,none
SYN_MEDIUM_SRC_00864,,0,medium,none
SYN_MEDIUM_SRC_00865,SYN_MEDIUM_TRUE_00865,1,medium,missing_duration
SYN_MEDIUM_SRC_00866,,0,medium,none
SYN_MEDIUM_SRC_00867,SYN_MEDIUM_TRUE_00867,1,medium,generic_cpv_replacement|missing_duration
SYN_MEDIUM_SRC_00868,,0,medium,none
SYN_MEDIUM_SRC_00869,,0,medium,none
SYN_MEDIUM_SRC_00870,SYN_MEDIUM_TRUE_00870,1,medium,missing_duration
SYN_MEDIUM_SRC_00871,SYN_MEDIUM_TRUE_00871,1,medium,none
SYN_MEDIUM_SRC_00872,,0,medium,none
SYN_MEDIUM_SRC_00873,,0,medium,missing_duration
SYN_MEDIUM_SRC_00874,SYN_MEDIUM_TRUE_00874,1,medium,none
SYN_MEDIUM_SRC_00875,,0,medium,none
SYN_MEDIUM_SRC_00876,,0,medium,none
SYN_MEDIUM_SRC_00877,,0,medium,missing_duration
SYN_MEDIUM_SRC_00878,SYN_MEDIUM_TRUE_00878,1,medium,missing_duration
SYN_MEDIUM_SRC_00879,SYN_MEDIUM_TRUE_00879,1,medium,cpv_reclassification|missing_duration
SYN_MEDIUM_SRC_00880,SYN_MEDIUM_TRUE_00880,1,medium,none
SYN_MEDIUM_SRC_00881,SYN_MEDIUM_TRUE_00881,1,medium,none
SYN_MEDIUM_SRC_00882,SYN_MEDIUM_TRUE_00882,1,medium,none
SYN_MEDIUM_SRC_00883,SYN_MEDIUM_TRUE_00883,1,medium,none
SYN_MEDIUM_SRC_00884,SYN_MEDIUM_TRUE_00884,1,medium,cpv_reclassification|missing_cpv
SYN_MEDIUM_SRC_00885,,0,medium,none
SYN_MEDIUM_SRC_00886,,0,medium,none
SYN_MEDIUM_SRC_00887,,0,medium,missing_duration
SYN_MEDIUM_SRC_00888,,0,medium,none
SYN_MEDIUM_SRC_00889,,0,medium,none
SYN_MEDIUM_SRC_00890,,0,medium,none
SYN_MEDIUM_SRC_00891,,0,medium,none
SYN_MEDIUM_SRC_00892,SYN_MEDIUM_TRUE_00892,1,medium,cpv_reclassification|missing_duration
SYN_MEDIUM_SRC_00893,SYN_MEDIUM_TRUE_00893,1,medium,none
SYN_MEDIUM_SRC_00894,SYN_MEDIUM_TRUE_00894,1,medium,none
SYN_MEDIUM_SRC_00895,,0,medium,missing_duration
SYN_MEDIUM_SRC_00896,,0,medium,missing_duration
SYN_MEDIUM_SRC_00897,SYN_MEDIUM_TRUE_00897,1,medium,cpv_reclassification
SYN_MEDIUM_SRC_00898,SYN_MEDIUM_TRUE_00898,1,medium,none
SYN_MEDIUM_SRC_00899,,0,medium,none
SYN_MEDIUM_SRC_00900,SYN_MEDIUM_TRUE_00900,1,medium,timing_outlier
SYN_MEDIUM_SRC_00901,SYN_MEDIUM_TRUE_00901,1,medium,none
SYN_MEDIUM_SRC_00902,,0,medium,none
SYN_MEDIUM_SRC_00903,SYN_MEDIUM_TRUE_00903,1,medium,cpv_reclassification|missing_duration
SYN_MEDIUM_SRC_00904,SYN_MEDIUM_TRUE_00904,1,medium,none
SYN_MEDIUM_SRC_00905,SYN_MEDIUM_TRUE_00905,1,medium,missing_duration
SYN_MEDIUM_SRC_00906,,0,medium,none
SYN_MEDIUM_SRC_00907,SYN_MEDIUM_TRUE_00907,1,medium,none
SYN_MEDIUM_SRC_00908,,0,medium,none
SYN_MEDIUM_SRC_00909,,0,medium,none
SYN_MEDIUM_SRC_00910,SYN_MEDIUM_TRUE_00910,1,medium,none
SYN_MEDIUM_SRC_00911,,0,medium,missing_duration
SYN_MEDIUM_SRC_00912,SYN_MEDIUM_TRUE_00912,1,medium,object_shortening
SYN_MEDIUM_SRC_00913,,0,medium,none
SYN_MEDIUM_SRC_00914,SYN_MEDIUM_TRUE_00914,1,medium,cpv_reclassification
SYN_MEDIUM_SRC_00915,,0,medium,none
SYN_MEDIUM_SRC_00916,,0,medium,none
SYN_MEDIUM_SRC_00917,SYN_MEDIUM_TRUE_00917,1,medium,none
SYN_MEDIUM_SRC_00918,SYN_MEDIUM_TRUE_00918,1,medium,none
SYN_MEDIUM_SRC_00919,,0,medium,none
SYN_MEDIUM_SRC_00920,,0,medium,missing_duration
SYN_MEDIUM_SRC_00921,SYN_MEDIUM_TRUE_00921,1,medium,timing_outlier
SYN_MEDIUM_SRC_00922,SYN_MEDIUM_TRUE_00922,1,medium,none
SYN_MEDIUM_SRC_00923,SYN_MEDIUM_TRUE_00923,1,medium,none
SYN_MEDIUM_SRC_00924,,0,medium,none
SYN_MEDIUM_SRC_00925,SYN_MEDIUM_TRUE_00925,1,medium,accent_removed|case_variation|generic_cpv_replacement|missing_duration
SYN_MEDIUM_SRC_00926,,0,medium,none
SYN_MEDIUM_SRC_00927,SYN_MEDIUM_TRUE_00927,1,medium,none
SYN_MEDIUM_SRC_00928,,0,medium,none
SYN_MEDIUM_SRC_00929,,0,medium,none
SYN_MEDIUM_SRC_00930,,0,medium,none
SYN_MEDIUM_SRC_00931,,0,medium,missing_duration
SYN_MEDIUM_SRC_00932,SYN_MEDIUM_TRUE_00932,1,medium,missing_cpv|missing_duration
SYN_MEDIUM_SRC_00933,SYN_MEDIUM_TRUE_00933,1,medium,none
SYN_MEDIUM_SRC_00934,SYN_MEDIUM_TRUE_00934,1,medium,none
SYN_MEDIUM_SRC_00935,,0,medium,none
SYN_MEDIUM_SRC_00936,,0,medium,none
SYN_MEDIUM_SRC_00937,SYN_MEDIUM_TRUE_00937,1,medium,missing_duration|timing_outlier
SYN_MEDIUM_SRC_00938,SYN_MEDIUM_TRUE_00938,1,medium,cpv_reclassification|missing_cpv
SYN_MEDIUM_SRC_00939,,0,medium,none
SYN_MEDIUM_SRC_00940,,0,medium,none
SYN_MEDIUM_SRC_00941,SYN_MEDIUM_TRUE_00941,1,medium,missing_cpv
SYN_MEDIUM_SRC_00942,,0,medium,none
SYN_MEDIUM_SRC_00943,SYN_MEDIUM_TRUE_00943,1,medium,cpv_reclassification
SYN_MEDIUM_SRC_00944,,0,medium,none
SYN_MEDIUM_SRC_00945,SYN_MEDIUM_TRUE_00945,1,medium,cpv_reclassification|timing_outlier
SYN_MEDIUM_SRC_00946,SYN_MEDIUM_TRUE_00946,1,medium,none
SYN_MEDIUM_SRC_00947,,0,medium,missing_duration
SYN_MEDIUM_SRC_00948,SYN_MEDIUM_TRUE_00948,1,medium,none
SYN_MEDIUM_SRC_00949,SYN_MEDIUM_TRUE_00949,1,medium,object_shortening
SYN_MEDIUM_SRC_00950,SYN_MEDIUM_TRUE_00950,1,medium,cpv_reclassification
SYN_MEDIUM_SRC_00951,SYN_MEDIUM_TRUE_00951,1,medium,none
SYN_MEDIUM_SRC_00952,,0,medium,missing_cpv
SYN_MEDIUM_SRC_00953,SYN_MEDIUM_TRUE_00953,1,medium,missing_cpv
SYN_MEDIUM_SRC_00954,,0,medium,none
SYN_MEDIUM_SRC_00955,SYN_MEDIUM_TRUE_00955,1,medium,missing_duration
SYN_MEDIUM_SRC_00956,,0,medium,none
SYN_MEDIUM_SRC_00957,,0,medium,case_variation|legal_form_variation
SYN_MEDIUM_SRC_00958,,0,medium,none
SYN_MEDIUM_SRC_00959,SYN_MEDIUM_TRUE_00959,1,medium,generic_cpv_replacement
SYN_MEDIUM_SRC_00960,,0,medium,none
SYN_MEDIUM_SRC_00961,,0,medium,none
SYN_MEDIUM_SRC_00962,SYN_MEDIUM_TRUE_00962,1,medium,object_shortening
SYN_MEDIUM_SRC_00963,SYN_MEDIUM_TRUE_00963,1,medium,none
SYN_MEDIUM_SRC_00964,,0,medium,none
SYN_MEDIUM_SRC_00965,,0,medium,none
SYN_MEDIUM_SRC_00966,SYN_MEDIUM_TRUE_00966,1,medium,object_shortening
SYN_MEDIUM_SRC_00967,,0,medium,none
SYN_MEDIUM_SRC_00968,SYN_MEDIUM_TRUE_00968,1,medium,none
SYN_MEDIUM_SRC_00969,,0,medium,none
SYN_MEDIUM_SRC_00970,SYN_MEDIUM_TRUE_00970,1,medium,missing_duration
SYN_MEDIUM_SRC_00971,,0,medium,missing_duration
SYN_MEDIUM_SRC_00972,SYN_MEDIUM_TRUE_00972,1,medium,cpv_reclassification|object_shortening
SYN_MEDIUM_SRC_00973,SYN_MEDIUM_TRUE_00973,1,medium,missing_duration
SYN_MEDIUM_SRC_00974,SYN_MEDIUM_TRUE_00974,1,medium,none
SYN_MEDIUM_SRC_00975,,0,medium,none
SYN_MEDIUM_SRC_00976,,0,medium,none
SYN_MEDIUM_SRC_00977,SYN_MEDIUM_TRUE_00977,1,medium,none
SYN_MEDIUM_SRC_00978,,0,medium,missing_duration
SYN_MEDIUM_SRC_00979,,0,medium,none
SYN_MEDIUM_SRC_00980,SYN_MEDIUM_TRUE_00980,1,medium,none
SYN_MEDIUM_SRC_00981,SYN_MEDIUM_TRUE_00981,1,medium,none
SYN_MEDIUM_SRC_00982,,0,medium,none
SYN_MEDIUM_SRC_00983,,0,medium,missing_duration
SYN_MEDIUM_SRC_00984,,0,medium,none
SYN_MEDIUM_SRC_00985,,0,medium,none
SYN_MEDIUM_SRC_00986,,0,medium,none
SYN_MEDIUM_SRC_00987,,0,medium,none
SYN_MEDIUM_SRC_00988,,0,medium,none
SYN_MEDIUM_SRC_00989,,0,medium,missing_duration
SYN_MEDIUM_SRC_00990,SYN_MEDIUM_TRUE_00990,1,medium,missing_cpv
SYN_MEDIUM_SRC_00991,,0,medium,missing_duration
SYN_MEDIUM_SRC_00992,,0,medium,none
SYN_MEDIUM_SRC_00993,SYN_MEDIUM_TRUE_00993,1,medium,none
SYN_MEDIUM_SRC_00994,,0,medium,none
SYN_MEDIUM_SRC_00995,,0,medium,none
SYN_MEDIUM_SRC_00996,SYN_MEDIUM_TRUE_00996,1,medium,missing_duration|object_shortening
SYN_MEDIUM_SRC_00997,SYN_MEDIUM_TRUE_00997,1,medium,missing_duration
SYN_MEDIUM_SRC_00998,,0,medium,missing_cpv
SYN_MEDIUM_SRC_00999,SYN_MEDIUM_TRUE_00999,1,medium,missing_cpv|object_shortening
SYN_MEDIUM_SRC_01000,,0,medium,none
SYN_MEDIUM_SRC_01001,SYN_MEDIUM_TRUE_01001,1,medium,none
SYN_MEDIUM_SRC_01002,SYN_MEDIUM_TRUE_01002,1,medium,none
SYN_MEDIUM_SRC_01003,SYN_MEDIUM_TRUE_01003,1,medium,cpv_reclassification
SYN_MEDIUM_SRC_01004,SYN_MEDIUM_TRUE_01004,1,medium,none
SYN_MEDIUM_SRC_01005,,0,medium,none
SYN_MEDIUM_SRC_01006,,0,medium,missing_duration
SYN_MEDIUM_SRC_01007,,0,medium,accent_removed|legal_form_variation
SYN_MEDIUM_SRC_01008,SYN_MEDIUM_TRUE_01008,1,medium,none
SYN_MEDIUM_SRC_01009,,0,medium,missing_duration
SYN_MEDIUM_SRC_01010,,0,medium,missing_duration
SYN_MEDIUM_SRC_01011,,0,medium,none
SYN_MEDIUM_SRC_01012,SYN_MEDIUM_TRUE_01012,1,medium,none
SYN_MEDIUM_SRC_01013,SYN_MEDIUM_TRUE_01013,1,medium,none
SYN_MEDIUM_SRC_01014,,0,medium,none
SYN_MEDIUM_SRC_01015,SYN_MEDIUM_TRUE_01015,1,medium,cpv_reclassification|missing_duration
SYN_MEDIUM_SRC_01016,SYN_MEDIUM_TRUE_01016,1,medium,missing_duration|timing_outlier
SYN_MEDIUM_SRC_01017,,0,medium,none
SYN_MEDIUM_SRC_01018,,0,medium,accent_removed|buyer_abbreviation|legal_form_variation
SYN_MEDIUM_SRC_01019,SYN_MEDIUM_TRUE_01019,1,medium,missing_cpv|object_shortening
SYN_MEDIUM_SRC_01020,SYN_MEDIUM_TRUE_01020,1,medium,generic_cpv_replacement
SYN_MEDIUM_SRC_01021,,0,medium,none
SYN_MEDIUM_SRC_01022,SYN_MEDIUM_TRUE_01022,1,medium,none
SYN_MEDIUM_SRC_01023,SYN_MEDIUM_TRUE_01023,1,medium,none
SYN_MEDIUM_SRC_01024,,0,medium,missing_duration
SYN_MEDIUM_SRC_01025,SYN_MEDIUM_TRUE_01025,1,medium,missing_duration
SYN_MEDIUM_SRC_01026,SYN_MEDIUM_TRUE_01026,1,medium,accent_removed|buyer_abbreviation|case_variation|cpv_reclassification
SYN_MEDIUM_SRC_01027,SYN_MEDIUM_TRUE_01027,1,medium,missing_duration
SYN_MEDIUM_SRC_01028,,0,medium,none
SYN_MEDIUM_SRC_01029,SYN_MEDIUM_TRUE_01029,1,medium,missing_duration|object_shortening|timing_outlier
SYN_MEDIUM_SRC_01030,,0,medium,none
SYN_MEDIUM_SRC_01031,,0,medium,missing_duration
SYN_MEDIUM_SRC_01032,,0,medium,none
SYN_MEDIUM_SRC_01033,SYN_MEDIUM_TRUE_01033,1,medium,cpv_reclassification|object_shortening
SYN_MEDIUM_SRC_01034,,0,medium,none
SYN_MEDIUM_SRC_01035,SYN_MEDIUM_TRUE_01035,1,medium,missing_duration
SYN_MEDIUM_SRC_01036,,0,medium,none
SYN_MEDIUM_SRC_01037,,0,medium,none
SYN_MEDIUM_SRC_01038,,0,medium,none
SYN_MEDIUM_SRC_01039,,0,medium,none
SYN_MEDIUM_SRC_01040,,0,medium,none
SYN_MEDIUM_SRC_01041,,0,medium,none
SYN_MEDIUM_SRC_01042,,0,medium,missing_duration
SYN_MEDIUM_SRC_01043,SYN_MEDIUM_TRUE_01043,1,medium,buyer_abbreviation|legal_form_variation
SYN_MEDIUM_SRC_01044,,0,medium,none
SYN_MEDIUM_SRC_01045,SYN_MEDIUM_TRUE_01045,1,medium,accent_removed|legal_form_variation
SYN_MEDIUM_SRC_01046,SYN_MEDIUM_TRUE_01046,1,medium,missing_duration
SYN_MEDIUM_SRC_01047,,0,medium,missing_duration
SYN_MEDIUM_SRC_01048,SYN_MEDIUM_TRUE_01048,1,medium,none
SYN_MEDIUM_SRC_01049,SYN_MEDIUM_TRUE_01049,1,medium,cpv_reclassification
SYN_MEDIUM_SRC_01050,SYN_MEDIUM_TRUE_01050,1,medium,generic_cpv_replacement|missing_duration
SYN_MEDIUM_SRC_01051,SYN_MEDIUM_TRUE_01051,1,medium,none
SYN_MEDIUM_SRC_01052,SYN_MEDIUM_TRUE_01052,1,medium,cpv_reclassification
SYN_MEDIUM_SRC_01053,SYN_MEDIUM_TRUE_01053,1,medium,missing_cpv|object_shortening
SYN_MEDIUM_SRC_01054,,0,medium,none
SYN_MEDIUM_SRC_01055,,0,medium,none
SYN_MEDIUM_SRC_01056,SYN_MEDIUM_TRUE_01056,1,medium,none
SYN_MEDIUM_SRC_01057,SYN_MEDIUM_TRUE_01057,1,medium,none
SYN_MEDIUM_SRC_01058,,0,medium,none
SYN_MEDIUM_SRC_01059,SYN_MEDIUM_TRUE_01059,1,medium,none
SYN_MEDIUM_SRC_01060,SYN_MEDIUM_TRUE_01060,1,medium,none
SYN_MEDIUM_SRC_01061,,0,medium,none
SYN_MEDIUM_SRC_01062,SYN_MEDIUM_TRUE_01062,1,medium,legal_form_variation
SYN_MEDIUM_SRC_01063,SYN_MEDIUM_TRUE_01063,1,medium,none
SYN_MEDIUM_SRC_01064,SYN_MEDIUM_TRUE_01064,1,medium,none
SYN_MEDIUM_SRC_01065,SYN_MEDIUM_TRUE_01065,1,medium,missing_cpv
SYN_MEDIUM_SRC_01066,SYN_MEDIUM_TRUE_01066,1,medium,none
SYN_MEDIUM_SRC_01067,,0,medium,missing_duration
SYN_MEDIUM_SRC_01068,SYN_MEDIUM_TRUE_01068,1,medium,missing_duration
SYN_MEDIUM_SRC_01069,SYN_MEDIUM_TRUE_01069,1,medium,none
SYN_MEDIUM_SRC_01070,,0,medium,none
SYN_MEDIUM_SRC_01071,,0,medium,none
SYN_MEDIUM_SRC_01072,SYN_MEDIUM_TRUE_01072,1,medium,buyer_abbreviation
SYN_MEDIUM_SRC_01073,,0,medium,none
SYN_MEDIUM_SRC_01074,,0,medium,none
SYN_MEDIUM_SRC_01075,SYN_MEDIUM_TRUE_01075,1,medium,cpv_reclassification
SYN_MEDIUM_SRC_01076,,0,medium,missing_duration
SYN_MEDIUM_SRC_01077,SYN_MEDIUM_TRUE_01077,1,medium,none
SYN_MEDIUM_SRC_01078,SYN_MEDIUM_TRUE_01078,1,medium,none
SYN_MEDIUM_SRC_01079,,0,medium,none
SYN_MEDIUM_SRC_01080,,0,medium,none
SYN_MEDIUM_SRC_01081,SYN_MEDIUM_TRUE_01081,1,medium,generic_cpv_replacement
SYN_MEDIUM_SRC_01082,,0,medium,missing_duration
SYN_MEDIUM_SRC_01083,SYN_MEDIUM_TRUE_01083,1,medium,none
SYN_MEDIUM_SRC_01084,SYN_MEDIUM_TRUE_01084,1,medium,missing_duration
SYN_MEDIUM_SRC_01085,SYN_MEDIUM_TRUE_01085,1,medium,none
SYN_MEDIUM_SRC_01086,SYN_MEDIUM_TRUE_01086,1,medium,none
SYN_MEDIUM_SRC_01087,,0,medium,none
SYN_MEDIUM_SRC_01088,,0,medium,none
SYN_MEDIUM_SRC_01089,SYN_MEDIUM_TRUE_01089,1,medium,buyer_abbreviation|generic_cpv_replacement|legal_form_variation|missing_duration
SYN_MEDIUM_SRC_01090,SYN_MEDIUM_TRUE_01090,1,medium,buyer_abbreviation|legal_form_variation
SYN_MEDIUM_SRC_01091,,0,medium,missing_duration
SYN_MEDIUM_SRC_01092,SYN_MEDIUM_TRUE_01092,1,medium,cpv_reclassification|missing_cpv
SYN_MEDIUM_SRC_01093,,0,medium,missing_cpv
SYN_MEDIUM_SRC_01094,SYN_MEDIUM_TRUE_01094,1,medium,none
SYN_MEDIUM_SRC_01095,SYN_MEDIUM_TRUE_01095,1,medium,none
SYN_MEDIUM_SRC_01096,,0,medium,none
SYN_MEDIUM_SRC_01097,SYN_MEDIUM_TRUE_01097,1,medium,object_shortening
SYN_MEDIUM_SRC_01098,SYN_MEDIUM_TRUE_01098,1,medium,none
SYN_MEDIUM_SRC_01099,,0,medium,buyer_abbreviation|case_variation
SYN_MEDIUM_SRC_01100,,0,medium,none
SYN_MEDIUM_SRC_01101,,0,medium,none
SYN_MEDIUM_SRC_01102,SYN_MEDIUM_TRUE_01102,1,medium,none
SYN_MEDIUM_SRC_01103,SYN_MEDIUM_TRUE_01103,1,medium,none
SYN_MEDIUM_SRC_01104,,0,medium,missing_duration
SYN_MEDIUM_SRC_01105,SYN_MEDIUM_TRUE_01105,1,medium,timing_outlier
SYN_MEDIUM_SRC_01106,SYN_MEDIUM_TRUE_01106,1,medium,buyer_abbreviation|legal_form_variation
SYN_MEDIUM_SRC_01107,,0,medium,none
SYN_MEDIUM_SRC_01108,,0,medium,none
SYN_MEDIUM_SRC_01109,SYN_MEDIUM_TRUE_01109,1,medium,generic_cpv_replacement
SYN_MEDIUM_SRC_01110,,0,medium,missing_duration
SYN_MEDIUM_SRC_01111,SYN_MEDIUM_TRUE_01111,1,medium,cpv_reclassification
SYN_MEDIUM_SRC_01112,,0,medium,none
SYN_MEDIUM_SRC_01113,SYN_MEDIUM_TRUE_01113,1,medium,cpv_reclassification|missing_duration
SYN_MEDIUM_SRC_01114,,0,medium,none
SYN_MEDIUM_SRC_01115,SYN_MEDIUM_TRUE_01115,1,medium,object_shortening
SYN_MEDIUM_SRC_01116,SYN_MEDIUM_TRUE_01116,1,medium,missing_duration|object_shortening
SYN_MEDIUM_SRC_01117,SYN_MEDIUM_TRUE_01117,1,medium,none
SYN_MEDIUM_SRC_01118,,0,medium,none
SYN_MEDIUM_SRC_01119,,0,medium,none
SYN_MEDIUM_SRC_01120,SYN_MEDIUM_TRUE_01120,1,medium,missing_cpv|missing_duration
SYN_MEDIUM_SRC_01121,,0,medium,missing_duration
SYN_MEDIUM_SRC_01122,SYN_MEDIUM_TRUE_01122,1,medium,cpv_reclassification
SYN_MEDIUM_SRC_01123,,0,medium,none
SYN_MEDIUM_SRC_01124,,0,medium,none
SYN_MEDIUM_SRC_01125,,0,medium,none
SYN_MEDIUM_SRC_01126,,0,medium,none
SYN_MEDIUM_SRC_01127,,0,medium,none
SYN_MEDIUM_SRC_01128,,0,medium,missing_duration
SYN_MEDIUM_SRC_01129,,0,medium,missing_duration
SYN_MEDIUM_SRC_01130,,0,medium,none
SYN_MEDIUM_SRC_01131,,0,medium,none
SYN_MEDIUM_SRC_01132,,0,medium,none
SYN_MEDIUM_SRC_01133,SYN_MEDIUM_TRUE_01133,1,medium,none
SYN_MEDIUM_SRC_01134,,0,medium,missing_duration
SYN_MEDIUM_SRC_01135,,0,medium,none
SYN_MEDIUM_SRC_01136,SYN_MEDIUM_TRUE_01136,1,medium,cpv_reclassification
SYN_MEDIUM_SRC_01137,SYN_MEDIUM_TRUE_01137,1,medium,generic_cpv_replacement
SYN_MEDIUM_SRC_01138,,0,medium,missing_duration
SYN_MEDIUM_SRC_01139,SYN_MEDIUM_TRUE_01139,1,medium,buyer_abbreviation|legal_form_variation
SYN_MEDIUM_SRC_01140,SYN_MEDIUM_TRUE_01140,1,medium,cpv_reclassification
SYN_MEDIUM_SRC_01141,,0,medium,none
SYN_MEDIUM_SRC_01142,SYN_MEDIUM_TRUE_01142,1,medium,none
SYN_MEDIUM_SRC_01143,,0,medium,missing_duration
SYN_MEDIUM_SRC_01144,,0,medium,none
SYN_MEDIUM_SRC_01145,SYN_MEDIUM_TRUE_01145,1,medium,cpv_reclassification
SYN_MEDIUM_SRC_01146,,0,medium,missing_duration
SYN_MEDIUM_SRC_01147,,0,medium,missing_duration
SYN_MEDIUM_SRC_01148,SYN_MEDIUM_TRUE_01148,1,medium,timing_outlier
SYN_MEDIUM_SRC_01149,,0,medium,none
SYN_MEDIUM_SRC_01150,,0,medium,none
SYN_MEDIUM_SRC_01151,,0,medium,none
SYN_MEDIUM_SRC_01152,SYN_MEDIUM_TRUE_01152,1,medium,buyer_abbreviation|legal_form_variation|missing_cpv
SYN_MEDIUM_SRC_01153,,0,medium,missing_duration
SYN_MEDIUM_SRC_01154,SYN_MEDIUM_TRUE_01154,1,medium,timing_outlier
SYN_MEDIUM_SRC_01155,,0,medium,none
SYN_MEDIUM_SRC_01156,,0,medium,none
SYN_MEDIUM_SRC_01157,SYN_MEDIUM_TRUE_01157,1,medium,none
SYN_MEDIUM_SRC_01158,,0,medium,none
SYN_MEDIUM_SRC_01159,SYN_MEDIUM_TRUE_01159,1,medium,none
SYN_MEDIUM_SRC_01160,SYN_MEDIUM_TRUE_01160,1,medium,missing_duration
SYN_MEDIUM_SRC_01161,SYN_MEDIUM_TRUE_01161,1,medium,accent_removed|case_variation|missing_cpv
SYN_MEDIUM_SRC_01162,,0,medium,none
SYN_MEDIUM_SRC_01163,,0,medium,none
SYN_MEDIUM_SRC_01164,,0,medium,missing_duration
SYN_MEDIUM_SRC_01165,SYN_MEDIUM_TRUE_01165,1,medium,object_shortening
SYN_MEDIUM_SRC_01166,,0,medium,none
SYN_MEDIUM_SRC_01167,,0,medium,missing_duration
SYN_MEDIUM_SRC_01168,SYN_MEDIUM_TRUE_01168,1,medium,cpv_reclassification|missing_duration
SYN_MEDIUM_SRC_01169,,0,medium,none
SYN_MEDIUM_SRC_01170,,0,medium,missing_duration
SYN_MEDIUM_SRC_01171,,0,medium,missing_duration
SYN_MEDIUM_SRC_01172,,0,medium,none
SYN_MEDIUM_SRC_01173,SYN_MEDIUM_TRUE_01173,1,medium,cpv_reclassification
SYN_MEDIUM_SRC_01174,SYN_MEDIUM_TRUE_01174,1,medium,none
SYN_MEDIUM_SRC_01175,SYN_MEDIUM_TRUE_01175,1,medium,cpv_reclassification|missing_duration
SYN_MEDIUM_SRC_01176,,0,medium,none
SYN_MEDIUM_SRC_01177,SYN_MEDIUM_TRUE_01177,1,medium,generic_cpv_replacement
SYN_MEDIUM_SRC_01178,,0,medium,missing_duration
SYN_MEDIUM_SRC_01179,SYN_MEDIUM_TRUE_01179,1,medium,missing_cpv
SYN_MEDIUM_SRC_01180,SYN_MEDIUM_TRUE_01180,1,medium,cpv_reclassification|object_shortening
SYN_MEDIUM_SRC_01181,SYN_MEDIUM_TRUE_01181,1,medium,object_shortening
SYN_MEDIUM_SRC_01182,SYN_MEDIUM_TRUE_01182,1,medium,accent_removed|object_shortening
SYN_MEDIUM_SRC_01183,SYN_MEDIUM_TRUE_01183,1,medium,missing_cpv
SYN_MEDIUM_SRC_01184,,0,medium,none
SYN_MEDIUM_SRC_01185,SYN_MEDIUM_TRUE_01185,1,medium,none
SYN_MEDIUM_SRC_01186,SYN_MEDIUM_TRUE_01186,1,medium,accent_removed|case_variation
SYN_MEDIUM_SRC_01187,SYN_MEDIUM_TRUE_01187,1,medium,missing_duration|object_shortening
SYN_MEDIUM_SRC_01188,SYN_MEDIUM_TRUE_01188,1,medium,missing_duration
SYN_MEDIUM_SRC_01189,,0,medium,none
SYN_MEDIUM_SRC_01190,,0,medium,none
SYN_MEDIUM_SRC_01191,SYN_MEDIUM_TRUE_01191,1,medium,timing_outlier
SYN_MEDIUM_SRC_01192,SYN_MEDIUM_TRUE_01192,1,medium,missing_duration
SYN_MEDIUM_SRC_01193,SYN_MEDIUM_TRUE_01193,1,medium,timing_outlier
SYN_MEDIUM_SRC_01194,,0,medium,none
SYN_MEDIUM_SRC_01195,SYN_MEDIUM_TRUE_01195,1,medium,none
SYN_MEDIUM_SRC_01196,,0,medium,none
SYN_MEDIUM_SRC_01197,,0,medium,none
SYN_MEDIUM_SRC_01198,SYN_MEDIUM_TRUE_01198,1,medium,missing_duration|timing_outlier
SYN_MEDIUM_SRC_01199,,0,medium,missing_cpv
SYN_MEDIUM_SRC_01200,,0,medium,missing_duration
SYN_MEDIUM_SRC_01201,,0,medium,none
SYN_MEDIUM_SRC_01202,,0,medium,none
SYN_MEDIUM_SRC_01203,,0,medium,missing_duration
SYN_MEDIUM_SRC_01204,SYN_MEDIUM_TRUE_01204,1,medium,generic_cpv_replacement|missing_duration|timing_outlier
SYN_MEDIUM_SRC_01205,SYN_MEDIUM_TRUE_01205,1,medium,cpv_reclassification
SYN_MEDIUM_SRC_01206,,0,medium,none
SYN_MEDIUM_SRC_01207,,0,medium,none
SYN_MEDIUM_SRC_01208,,0,medium,none
SYN_MEDIUM_SRC_01209,SYN_MEDIUM_TRUE_01209,1,medium,none
SYN_MEDIUM_SRC_01210,SYN_MEDIUM_TRUE_01210,1,medium,cpv_reclassification
SYN_MEDIUM_SRC_01211,,0,medium,missing_cpv
SYN_MEDIUM_SRC_01212,,0,medium,missing_duration
SYN_MEDIUM_SRC_01213,,0,medium,none
SYN_MEDIUM_SRC_01214,,0,medium,none
SYN_MEDIUM_SRC_01215,,0,medium,none
SYN_MEDIUM_SRC_01216,,0,medium,none
SYN_MEDIUM_SRC_01217,SYN_MEDIUM_TRUE_01217,1,medium,missing_duration
SYN_MEDIUM_SRC_01218,SYN_MEDIUM_TRUE_01218,1,medium,accent_removed|buyer_abbreviation|case_variation|legal_form_variation
SYN_MEDIUM_SRC_01219,SYN_MEDIUM_TRUE_01219,1,medium,cpv_reclassification|missing_duration
SYN_MEDIUM_SRC_01220,,0,medium,none
SYN_MEDIUM_SRC_01221,SYN_MEDIUM_TRUE_01221,1,medium,cpv_reclassification
SYN_MEDIUM_SRC_01222,SYN_MEDIUM_TRUE_01222,1,medium,none
SYN_MEDIUM_SRC_01223,,0,medium,none
SYN_MEDIUM_SRC_01224,,0,medium,none
SYN_MEDIUM_SRC_01225,,0,medium,none
SYN_MEDIUM_SRC_01226,SYN_MEDIUM_TRUE_01226,1,medium,none
SYN_MEDIUM_SRC_01227,,0,medium,none
SYN_MEDIUM_SRC_01228,SYN_MEDIUM_TRUE_01228,1,medium,none
SYN_MEDIUM_SRC_01229,SYN_MEDIUM_TRUE_01229,1,medium,accent_removed|buyer_abbreviation|case_variation|legal_form_variation|missing_duration
SYN_MEDIUM_SRC_01230,,0,medium,none
SYN_MEDIUM_SRC_01231,SYN_MEDIUM_TRUE_01231,1,medium,none
SYN_MEDIUM_SRC_01232,SYN_MEDIUM_TRUE_01232,1,medium,generic_cpv_replacement|missing_cpv|missing_duration
SYN_MEDIUM_SRC_01233,SYN_MEDIUM_TRUE_01233,1,medium,none
SYN_MEDIUM_SRC_01234,SYN_MEDIUM_TRUE_01234,1,medium,none
SYN_MEDIUM_SRC_01235,,0,medium,none
SYN_MEDIUM_SRC_01236,,0,medium,none
SYN_MEDIUM_SRC_01237,,0,medium,none
SYN_MEDIUM_SRC_01238,SYN_MEDIUM_TRUE_01238,1,medium,none
SYN_MEDIUM_SRC_01239,,0,medium,missing_duration
SYN_MEDIUM_SRC_01240,SYN_MEDIUM_TRUE_01240,1,medium,object_shortening
SYN_MEDIUM_SRC_01241,SYN_MEDIUM_TRUE_01241,1,medium,missing_duration
SYN_MEDIUM_SRC_01242,,0,medium,none
SYN_MEDIUM_SRC_01243,,0,medium,none
SYN_MEDIUM_SRC_01244,SYN_MEDIUM_TRUE_01244,1,medium,missing_cpv
SYN_MEDIUM_SRC_01245,SYN_MEDIUM_TRUE_01245,1,medium,none
SYN_MEDIUM_SRC_01246,SYN_MEDIUM_TRUE_01246,1,medium,none
SYN_MEDIUM_SRC_01247,SYN_MEDIUM_TRUE_01247,1,medium,none
SYN_MEDIUM_SRC_01248,SYN_MEDIUM_TRUE_01248,1,medium,cpv_reclassification
SYN_MEDIUM_SRC_01249,SYN_MEDIUM_TRUE_01249,1,medium,missing_cpv
SYN_MEDIUM_SRC_01250,SYN_MEDIUM_TRUE_01250,1,medium,none
SYN_MEDIUM_SRC_01251,,0,medium,none
SYN_MEDIUM_SRC_01252,SYN_MEDIUM_TRUE_01252,1,medium,none
SYN_MEDIUM_SRC_01253,,0,medium,none
SYN_MEDIUM_SRC_01254,SYN_MEDIUM_TRUE_01254,1,medium,missing_duration
SYN_MEDIUM_SRC_01255,,0,medium,missing_duration
SYN_MEDIUM_SRC_01256,,0,medium,none
SYN_MEDIUM_SRC_01257,SYN_MEDIUM_TRUE_01257,1,medium,missing_duration
SYN_MEDIUM_SRC_01258,SYN_MEDIUM_TRUE_01258,1,medium,none
SYN_MEDIUM_SRC_01259,SYN_MEDIUM_TRUE_01259,1,medium,none
SYN_MEDIUM_SRC_01260,,0,medium,missing_duration
SYN_MEDIUM_SRC_01261,,0,medium,none
SYN_MEDIUM_SRC_01262,SYN_MEDIUM_TRUE_01262,1,medium,cpv_reclassification|object_shortening
SYN_MEDIUM_SRC_01263,SYN_MEDIUM_TRUE_01263,1,medium,none
SYN_MEDIUM_SRC_01264,SYN_MEDIUM_TRUE_01264,1,medium,object_shortening
SYN_MEDIUM_SRC_01265,SYN_MEDIUM_TRUE_01265,1,medium,buyer_abbreviation|case_variation|legal_form_variation|missing_duration
SYN_MEDIUM_SRC_01266,SYN_MEDIUM_TRUE_01266,1,medium,none
SYN_MEDIUM_SRC_01267,SYN_MEDIUM_TRUE_01267,1,medium,missing_duration
SYN_MEDIUM_SRC_01268,SYN_MEDIUM_TRUE_01268,1,medium,accent_removed|buyer_abbreviation|case_variation
SYN_MEDIUM_SRC_01269,SYN_MEDIUM_TRUE_01269,1,medium,missing_duration
SYN_MEDIUM_SRC_01270,,0,medium,none
SYN_MEDIUM_SRC_01271,,0,medium,missing_duration
SYN_MEDIUM_SRC_01272,SYN_MEDIUM_TRUE_01272,1,medium,none
SYN_MEDIUM_SRC_01273,SYN_MEDIUM_TRUE_01273,1,medium,cpv_reclassification
SYN_MEDIUM_SRC_01274,,0,medium,missing_duration
SYN_MEDIUM_SRC_01275,SYN_MEDIUM_TRUE_01275,1,medium,object_shortening
SYN_MEDIUM_SRC_01276,SYN_MEDIUM_TRUE_01276,1,medium,cpv_reclassification|missing_duration
SYN_MEDIUM_SRC_01277,,0,medium,missing_duration
SYN_MEDIUM_SRC_01278,,0,medium,missing_duration
SYN_MEDIUM_SRC_01279,,0,medium,none
SYN_MEDIUM_SRC_01280,SYN_MEDIUM_TRUE_01280,1,medium,timing_outlier
SYN_MEDIUM_SRC_01281,SYN_MEDIUM_TRUE_01281,1,medium,missing_cpv
SYN_MEDIUM_SRC_01282,,0,medium,missing_duration
SYN_MEDIUM_SRC_01283,,0,medium,none
SYN_MEDIUM_SRC_01284,,0,medium,missing_duration
SYN_MEDIUM_SRC_01285,,0,medium,missing_duration
SYN_MEDIUM_SRC_01286,SYN_MEDIUM_TRUE_01286,1,medium,accent_removed|missing_duration
SYN_MEDIUM_SRC_01287,,0,medium,missing_cpv
SYN_MEDIUM_SRC_01288,SYN_MEDIUM_TRUE_01288,1,medium,none
SYN_MEDIUM_SRC_01289,SYN_MEDIUM_TRUE_01289,1,medium,none
SYN_MEDIUM_SRC_01290,,0,medium,none
SYN_MEDIUM_SRC_01291,,0,medium,legal_form_variation|missing_duration
SYN_MEDIUM_SRC_01292,,0,medium,none
SYN_MEDIUM_SRC_01293,,0,medium,none
SYN_MEDIUM_SRC_01294,SYN_MEDIUM_TRUE_01294,1,medium,missing_duration
SYN_MEDIUM_SRC_01295,SYN_MEDIUM_TRUE_01295,1,medium,timing_outlier
SYN_MEDIUM_SRC_01296,SYN_MEDIUM_TRUE_01296,1,medium,none
SYN_MEDIUM_SRC_01297,,0,medium,missing_duration
SYN_MEDIUM_SRC_01298,SYN_MEDIUM_TRUE_01298,1,medium,cpv_reclassification|missing_duration
SYN_MEDIUM_SRC_01299,,0,medium,none
SYN_MEDIUM_SRC_01300,SYN_MEDIUM_TRUE_01300,1,medium,none
SYN_MEDIUM_SRC_01301,SYN_MEDIUM_TRUE_01301,1,medium,none
SYN_MEDIUM_SRC_01302,SYN_MEDIUM_TRUE_01302,1,medium,missing_duration
SYN_MEDIUM_SRC_01303,,0,medium,none
SYN_MEDIUM_SRC_01304,SYN_MEDIUM_TRUE_01304,1,medium,none
SYN_MEDIUM_SRC_01305,,0,medium,missing_duration
SYN_MEDIUM_SRC_01306,,0,medium,missing_duration
SYN_MEDIUM_SRC_01307,,0,medium,missing_duration
SYN_MEDIUM_SRC_01308,SYN_MEDIUM_TRUE_01308,1,medium,missing_duration
SYN_MEDIUM_SRC_01309,SYN_MEDIUM_TRUE_01309,1,medium,cpv_reclassification
SYN_MEDIUM_SRC_01310,SYN_MEDIUM_TRUE_01310,1,medium,cpv_reclassification|timing_outlier
SYN_MEDIUM_SRC_01311,SYN_MEDIUM_TRUE_01311,1,medium,none
SYN_MEDIUM_SRC_01312,,0,medium,missing_duration
SYN_MEDIUM_SRC_01313,,0,medium,missing_duration
SYN_MEDIUM_SRC_01314,SYN_MEDIUM_TRUE_01314,1,medium,generic_cpv_replacement|missing_duration
SYN_MEDIUM_SRC_01315,SYN_MEDIUM_TRUE_01315,1,medium,cpv_reclassification
SYN_MEDIUM_SRC_01316,SYN_MEDIUM_TRUE_01316,1,medium,none
SYN_MEDIUM_SRC_01317,SYN_MEDIUM_TRUE_01317,1,medium,none
SYN_MEDIUM_SRC_01318,,0,medium,none
SYN_MEDIUM_SRC_01319,SYN_MEDIUM_TRUE_01319,1,medium,missing_duration
SYN_MEDIUM_SRC_01320,SYN_MEDIUM_TRUE_01320,1,medium,none
SYN_MEDIUM_SRC_01321,SYN_MEDIUM_TRUE_01321,1,medium,cpv_reclassification
SYN_MEDIUM_SRC_01322,,0,medium,none
SYN_MEDIUM_SRC_01323,,0,medium,none
SYN_MEDIUM_SRC_01324,SYN_MEDIUM_TRUE_01324,1,medium,missing_cpv
SYN_MEDIUM_SRC_01325,SYN_MEDIUM_TRUE_01325,1,medium,missing_duration
SYN_MEDIUM_SRC_01326,,0,medium,none
SYN_MEDIUM_SRC_01327,,0,medium,none
SYN_MEDIUM_SRC_01328,SYN_MEDIUM_TRUE_01328,1,medium,missing_duration
SYN_MEDIUM_SRC_01329,,0,medium,missing_duration
SYN_MEDIUM_SRC_01330,,0,medium,none
SYN_MEDIUM_SRC_01331,SYN_MEDIUM_TRUE_01331,1,medium,cpv_reclassification|missing_duration
SYN_MEDIUM_SRC_01332,,0,medium,none
SYN_MEDIUM_SRC_01333,,0,medium,missing_duration
SYN_MEDIUM_SRC_01334,,0,medium,none
SYN_MEDIUM_SRC_01335,,0,medium,missing_cpv
SYN_MEDIUM_SRC_01336,SYN_MEDIUM_TRUE_01336,1,medium,none
SYN_MEDIUM_SRC_01337,SYN_MEDIUM_TRUE_01337,1,medium,case_variation|legal_form_variation|missing_duration
SYN_MEDIUM_SRC_01338,,0,medium,none
SYN_MEDIUM_SRC_01339,SYN_MEDIUM_TRUE_01339,1,medium,none
SYN_MEDIUM_SRC_01340,,0,medium,missing_duration
SYN_MEDIUM_SRC_01341,SYN_MEDIUM_TRUE_01341,1,medium,none
SYN_MEDIUM_SRC_01342,SYN_MEDIUM_TRUE_01342,1,medium,none
SYN_MEDIUM_SRC_01343,SYN_MEDIUM_TRUE_01343,1,medium,object_shortening
SYN_MEDIUM_SRC_01344,,0,medium,missing_duration
SYN_MEDIUM_SRC_01345,SYN_MEDIUM_TRUE_01345,1,medium,none
SYN_MEDIUM_SRC_01346,,0,medium,none
SYN_MEDIUM_SRC_01347,,0,medium,missing_cpv
SYN_MEDIUM_SRC_01348,,0,medium,missing_duration
SYN_MEDIUM_SRC_01349,SYN_MEDIUM_TRUE_01349,1,medium,buyer_abbreviation|case_variation|legal_form_variation
SYN_MEDIUM_SRC_01350,,0,medium,none
SYN_MEDIUM_SRC_01351,SYN_MEDIUM_TRUE_01351,1,medium,cpv_reclassification|missing_duration
SYN_MEDIUM_SRC_01352,SYN_MEDIUM_TRUE_01352,1,medium,missing_duration
SYN_MEDIUM_SRC_01353,,0,medium,missing_duration
SYN_MEDIUM_SRC_01354,SYN_MEDIUM_TRUE_01354,1,medium,missing_duration
SYN_MEDIUM_SRC_01355,,0,medium,none
SYN_MEDIUM_SRC_01356,,0,medium,missing_duration
SYN_MEDIUM_SRC_01357,,0,medium,missing_duration
SYN_MEDIUM_SRC_01358,SYN_MEDIUM_TRUE_01358,1,medium,none
SYN_MEDIUM_SRC_01359,SYN_MEDIUM_TRUE_01359,1,medium,cpv_reclassification
SYN_MEDIUM_SRC_01360,SYN_MEDIUM_TRUE_01360,1,medium,generic_cpv_replacement
SYN_MEDIUM_SRC_01361,SYN_MEDIUM_TRUE_01361,1,medium,object_shortening
SYN_MEDIUM_SRC_01362,SYN_MEDIUM_TRUE_01362,1,medium,none
SYN_MEDIUM_SRC_01363,,0,medium,none
SYN_MEDIUM_SRC_01364,SYN_MEDIUM_TRUE_01364,1,medium,missing_duration
SYN_MEDIUM_SRC_01365,,0,medium,none
SYN_MEDIUM_SRC_01366,,0,medium,none
SYN_MEDIUM_SRC_01367,SYN_MEDIUM_TRUE_01367,1,medium,none
SYN_MEDIUM_SRC_01368,,0,medium,none
SYN_MEDIUM_SRC_01369,,0,medium,none
SYN_MEDIUM_SRC_01370,SYN_MEDIUM_TRUE_01370,1,medium,missing_duration
SYN_MEDIUM_SRC_01371,,0,medium,none
SYN_MEDIUM_SRC_01372,SYN_MEDIUM_TRUE_01372,1,medium,none
SYN_MEDIUM_SRC_01373,SYN_MEDIUM_TRUE_01373,1,medium,none
SYN_MEDIUM_SRC_01374,SYN_MEDIUM_TRUE_01374,1,medium,none
SYN_MEDIUM_SRC_01375,SYN_MEDIUM_TRUE_01375,1,medium,missing_duration
SYN_MEDIUM_SRC_01376,,0,medium,none
SYN_MEDIUM_SRC_01377,,0,medium,none
SYN_MEDIUM_SRC_01378,SYN_MEDIUM_TRUE_01378,1,medium,none
SYN_MEDIUM_SRC_01379,SYN_MEDIUM_TRUE_01379,1,medium,accent_removed|case_variation|missing_duration
SYN_MEDIUM_SRC_01380,SYN_MEDIUM_TRUE_01380,1,medium,none
SYN_MEDIUM_SRC_01381,,0,medium,none
SYN_MEDIUM_SRC_01382,,0,medium,none
SYN_MEDIUM_SRC_01383,,0,medium,none
SYN_MEDIUM_SRC_01384,,0,medium,none
SYN_MEDIUM_SRC_01385,SYN_MEDIUM_TRUE_01385,1,medium,missing_duration
SYN_MEDIUM_SRC_01386,SYN_MEDIUM_TRUE_01386,1,medium,object_shortening
SYN_MEDIUM_SRC_01387,SYN_MEDIUM_TRUE_01387,1,medium,none
SYN_MEDIUM_SRC_01388,SYN_MEDIUM_TRUE_01388,1,medium,missing_duration|object_shortening
SYN_MEDIUM_SRC_01389,SYN_MEDIUM_TRUE_01389,1,medium,accent_removed|buyer_abbreviation|missing_cpv|missing_duration
SYN_MEDIUM_SRC_01390,,0,medium,none
SYN_MEDIUM_SRC_01391,,0,medium,none
SYN_MEDIUM_SRC_01392,SYN_MEDIUM_TRUE_01392,1,medium,none
SYN_MEDIUM_SRC_01393,SYN_MEDIUM_TRUE_01393,1,medium,cpv_reclassification
SYN_MEDIUM_SRC_01394,SYN_MEDIUM_TRUE_01394,1,medium,none
SYN_MEDIUM_SRC_01395,,0,medium,none
SYN_MEDIUM_SRC_01396,,0,medium,none
SYN_MEDIUM_SRC_01397,SYN_MEDIUM_TRUE_01397,1,medium,cpv_reclassification
SYN_MEDIUM_SRC_01398,,0,medium,none
SYN_MEDIUM_SRC_01399,,0,medium,missing_duration
SYN_MEDIUM_SRC_01400,SYN_MEDIUM_TRUE_01400,1,medium,cpv_reclassification|object_shortening
SYN_MEDIUM_SRC_01401,,0,medium,none
SYN_MEDIUM_SRC_01402,,0,medium,none
SYN_MEDIUM_SRC_01403,SYN_MEDIUM_TRUE_01403,1,medium,none
SYN_MEDIUM_SRC_01404,,0,medium,none
SYN_MEDIUM_SRC_01405,,0,medium,missing_duration
SYN_MEDIUM_SRC_01406,SYN_MEDIUM_TRUE_01406,1,medium,missing_duration
SYN_MEDIUM_SRC_01407,,0,medium,none
SYN_MEDIUM_SRC_01408,,0,medium,none
SYN_MEDIUM_SRC_01409,,0,medium,missing_duration
SYN_MEDIUM_SRC_01410,,0,medium,missing_duration
SYN_MEDIUM_SRC_01411,SYN_MEDIUM_TRUE_01411,1,medium,none
SYN_MEDIUM_SRC_01412,,0,medium,none
SYN_MEDIUM_SRC_01413,SYN_MEDIUM_TRUE_01413,1,medium,none
SYN_MEDIUM_SRC_01414,,0,medium,none
SYN_MEDIUM_SRC_01415,,0,medium,missing_duration
SYN_MEDIUM_SRC_01416,,0,medium,missing_duration
SYN_MEDIUM_SRC_01417,,0,medium,none
SYN_MEDIUM_SRC_01418,,0,medium,none
SYN_MEDIUM_SRC_01419,SYN_MEDIUM_TRUE_01419,1,medium,missing_duration
SYN_MEDIUM_SRC_01420,,0,medium,none
SYN_MEDIUM_SRC_01421,,0,medium,missing_duration
SYN_MEDIUM_SRC_01422,SYN_MEDIUM_TRUE_01422,1,medium,none
SYN_MEDIUM_SRC_01423,,0,medium,missing_duration
SYN_MEDIUM_SRC_01424,,0,medium,none
SYN_MEDIUM_SRC_01425,,0,medium,none
SYN_MEDIUM_SRC_01426,SYN_MEDIUM_TRUE_01426,1,medium,missing_duration
SYN_MEDIUM_SRC_01427,,0,medium,none
SYN_MEDIUM_SRC_01428,,0,medium,missing_duration
SYN_MEDIUM_SRC_01429,,0,medium,missing_duration
SYN_MEDIUM_SRC_01430,SYN_MEDIUM_TRUE_01430,1,medium,none
SYN_MEDIUM_SRC_01431,,0,medium,case_variation|legal_form_variation|missing_duration
SYN_MEDIUM_SRC_01432,SYN_MEDIUM_TRUE_01432,1,medium,missing_duration
SYN_MEDIUM_SRC_01433,,0,medium,none
SYN_MEDIUM_SRC_01434,SYN_MEDIUM_TRUE_01434,1,medium,missing_cpv
SYN_MEDIUM_SRC_01435,,0,medium,none
SYN_MEDIUM_SRC_01436,SYN_MEDIUM_TRUE_01436,1,medium,none
SYN_MEDIUM_SRC_01437,,0,medium,missing_duration
SYN_MEDIUM_SRC_01438,,0,medium,none
SYN_MEDIUM_SRC_01439,SYN_MEDIUM_TRUE_01439,1,medium,none
SYN_MEDIUM_SRC_01440,SYN_MEDIUM_TRUE_01440,1,medium,generic_cpv_replacement|missing_duration
SYN_MEDIUM_SRC_01441,,0,medium,none
SYN_MEDIUM_SRC_01442,,0,medium,none
SYN_MEDIUM_SRC_01443,,0,medium,none
SYN_MEDIUM_SRC_01444,,0,medium,missing_duration
SYN_MEDIUM_SRC_01445,SYN_MEDIUM_TRUE_01445,1,medium,generic_cpv_replacement
SYN_MEDIUM_SRC_01446,SYN_MEDIUM_TRUE_01446,1,medium,missing_duration
SYN_MEDIUM_SRC_01447,SYN_MEDIUM_TRUE_01447,1,medium,accent_removed|legal_form_variation|missing_duration
SYN_MEDIUM_SRC_01448,,0,medium,missing_duration
SYN_MEDIUM_SRC_01449,SYN_MEDIUM_TRUE_01449,1,medium,legal_form_variation|missing_duration
SYN_MEDIUM_SRC_01450,SYN_MEDIUM_TRUE_01450,1,medium,none
SYN_MEDIUM_SRC_01451,SYN_MEDIUM_TRUE_01451,1,medium,none
SYN_MEDIUM_SRC_01452,,0,medium,none
SYN_MEDIUM_SRC_01453,SYN_MEDIUM_TRUE_01453,1,medium,missing_duration
SYN_MEDIUM_SRC_01454,,0,medium,none
SYN_MEDIUM_SRC_01455,SYN_MEDIUM_TRUE_01455,1,medium,cpv_reclassification|missing_duration
SYN_MEDIUM_SRC_01456,SYN_MEDIUM_TRUE_01456,1,medium,missing_cpv|object_shortening
SYN_MEDIUM_SRC_01457,SYN_MEDIUM_TRUE_01457,1,medium,generic_cpv_replacement
SYN_MEDIUM_SRC_01458,SYN_MEDIUM_TRUE_01458,1,medium,cpv_reclassification
SYN_MEDIUM_SRC_01459,SYN_MEDIUM_TRUE_01459,1,medium,missing_duration
SYN_MEDIUM_SRC_01460,SYN_MEDIUM_TRUE_01460,1,medium,buyer_abbreviation|case_variation
SYN_MEDIUM_SRC_01461,,0,medium,none
SYN_MEDIUM_SRC_01462,,0,medium,none
SYN_MEDIUM_SRC_01463,,0,medium,none
SYN_MEDIUM_SRC_01464,SYN_MEDIUM_TRUE_01464,1,medium,none
SYN_MEDIUM_SRC_01465,,0,medium,missing_duration
SYN_MEDIUM_SRC_01466,,0,medium,none
SYN_MEDIUM_SRC_01467,,0,medium,none
SYN_MEDIUM_SRC_01468,,0,medium,missing_duration
SYN_MEDIUM_SRC_01469,,0,medium,missing_duration
SYN_MEDIUM_SRC_01470,,0,medium,none
SYN_MEDIUM_SRC_01471,,0,medium,none
SYN_MEDIUM_SRC_01472,SYN_MEDIUM_TRUE_01472,1,medium,timing_outlier
SYN_MEDIUM_SRC_01473,,0,medium,none
SYN_MEDIUM_SRC_01474,SYN_MEDIUM_TRUE_01474,1,medium,none
SYN_MEDIUM_SRC_01475,,0,medium,none
SYN_MEDIUM_SRC_01476,,0,medium,none
SYN_MEDIUM_SRC_01477,,0,medium,none
SYN_MEDIUM_SRC_01478,,0,medium,none
SYN_MEDIUM_SRC_01479,SYN_MEDIUM_TRUE_01479,1,medium,missing_duration|object_shortening
SYN_MEDIUM_SRC_01480,SYN_MEDIUM_TRUE_01480,1,medium,missing_cpv
SYN_MEDIUM_SRC_01481,SYN_MEDIUM_TRUE_01481,1,medium,cpv_reclassification|missing_duration
SYN_MEDIUM_SRC_01482,SYN_MEDIUM_TRUE_01482,1,medium,none
SYN_MEDIUM_SRC_01483,,0,medium,missing_duration
SYN_MEDIUM_SRC_01484,,0,medium,none
SYN_MEDIUM_SRC_01485,,0,medium,none
SYN_MEDIUM_SRC_01486,,0,medium,none
SYN_MEDIUM_SRC_01487,,0,medium,missing_duration
SYN_MEDIUM_SRC_01488,SYN_MEDIUM_TRUE_01488,1,medium,none
SYN_MEDIUM_SRC_01489,SYN_MEDIUM_TRUE_01489,1,medium,cpv_reclassification
SYN_MEDIUM_SRC_01490,,0,medium,none
SYN_MEDIUM_SRC_01491,SYN_MEDIUM_TRUE_01491,1,medium,none
SYN_MEDIUM_SRC_01492,SYN_MEDIUM_TRUE_01492,1,medium,object_shortening
SYN_MEDIUM_SRC_01493,,0,medium,none
SYN_MEDIUM_SRC_01494,,0,medium,none
SYN_MEDIUM_SRC_01495,,0,medium,none
SYN_MEDIUM_SRC_01496,SYN_MEDIUM_TRUE_01496,1,medium,none
SYN_MEDIUM_SRC_01497,,0,medium,none
SYN_MEDIUM_SRC_01498,,0,medium,none
SYN_MEDIUM_SRC_01499,SYN_MEDIUM_TRUE_01499,1,medium,object_shortening
SYN_HARD_SRC_00000,,0,hard,none
SYN_HARD_SRC_00001,,0,hard,none
SYN_HARD_SRC_00002,SYN_HARD_TRUE_00002,1,hard,missing_duration|object_shortening
SYN_HARD_SRC_00003,,0,hard,missing_duration
SYN_HARD_SRC_00004,SYN_HARD_TRUE_00004,1,hard,generic_cpv_replacement
SYN_HARD_SRC_00005,SYN_HARD_TRUE_00005,1,hard,none
SYN_HARD_SRC_00006,SYN_HARD_TRUE_00006,1,hard,accent_removed|legal_form_variation|missing_duration
SYN_HARD_SRC_00007,SYN_HARD_TRUE_00007,1,hard,cpv_reclassification|object_shortening
SYN_HARD_SRC_00008,,0,hard,none
SYN_HARD_SRC_00009,SYN_HARD_TRUE_00009,1,hard,object_shortening|timing_outlier
SYN_HARD_SRC_00010,SYN_HARD_TRUE_00010,1,hard,case_variation|legal_form_variation|object_shortening
SYN_HARD_SRC_00011,SYN_HARD_TRUE_00011,1,hard,cpv_reclassification|missing_duration|timing_outlier
SYN_HARD_SRC_00012,,0,hard,none
SYN_HARD_SRC_00013,,0,hard,missing_duration
SYN_HARD_SRC_00014,SYN_HARD_TRUE_00014,1,hard,cpv_reclassification|object_shortening
SYN_HARD_SRC_00015,,0,hard,none
SYN_HARD_SRC_00016,SYN_HARD_TRUE_00016,1,hard,none
SYN_HARD_SRC_00017,SYN_HARD_TRUE_00017,1,hard,none
SYN_HARD_SRC_00018,SYN_HARD_TRUE_00018,1,hard,missing_duration
SYN_HARD_SRC_00019,,0,hard,none
SYN_HARD_SRC_00020,SYN_HARD_TRUE_00020,1,hard,object_shortening
SYN_HARD_SRC_00021,SYN_HARD_TRUE_00021,1,hard,accent_removed
SYN_HARD_SRC_00022,SYN_HARD_TRUE_00022,1,hard,accent_removed|buyer_abbreviation|case_variation|timing_outlier
SYN_HARD_SRC_00023,,0,hard,none
SYN_HARD_SRC_00024,,0,hard,none
SYN_HARD_SRC_00025,SYN_HARD_TRUE_00025,1,hard,none
SYN_HARD_SRC_00026,SYN_HARD_TRUE_00026,1,hard,object_shortening
SYN_HARD_SRC_00027,,0,hard,none
SYN_HARD_SRC_00028,,0,hard,missing_duration
SYN_HARD_SRC_00029,,0,hard,missing_duration
SYN_HARD_SRC_00030,SYN_HARD_TRUE_00030,1,hard,none
SYN_HARD_SRC_00031,,0,hard,missing_duration
SYN_HARD_SRC_00032,SYN_HARD_TRUE_00032,1,hard,none
SYN_HARD_SRC_00033,,0,hard,none
SYN_HARD_SRC_00034,,0,hard,none
SYN_HARD_SRC_00035,,0,hard,none
SYN_HARD_SRC_00036,,0,hard,none
SYN_HARD_SRC_00037,,0,hard,missing_duration
SYN_HARD_SRC_00038,SYN_HARD_TRUE_00038,1,hard,cpv_reclassification|missing_duration|timing_outlier
SYN_HARD_SRC_00039,,0,hard,missing_duration
SYN_HARD_SRC_00040,SYN_HARD_TRUE_00040,1,hard,missing_duration
SYN_HARD_SRC_00041,,0,hard,missing_duration
SYN_HARD_SRC_00042,SYN_HARD_TRUE_00042,1,hard,missing_duration
SYN_HARD_SRC_00043,,0,hard,none
SYN_HARD_SRC_00044,,0,hard,none
SYN_HARD_SRC_00045,,0,hard,missing_cpv
SYN_HARD_SRC_00046,,0,hard,none
SYN_HARD_SRC_00047,SYN_HARD_TRUE_00047,1,hard,none
SYN_HARD_SRC_00048,SYN_HARD_TRUE_00048,1,hard,none
SYN_HARD_SRC_00049,SYN_HARD_TRUE_00049,1,hard,none
SYN_HARD_SRC_00050,,0,hard,case_variation
SYN_HARD_SRC_00051,SYN_HARD_TRUE_00051,1,hard,cpv_reclassification|object_shortening
SYN_HARD_SRC_00052,,0,hard,none
SYN_HARD_SRC_00053,SYN_HARD_TRUE_00053,1,hard,cpv_reclassification|missing_duration|timing_outlier
SYN_HARD_SRC_00054,,0,hard,none
SYN_HARD_SRC_00055,,0,hard,none
SYN_HARD_SRC_00056,SYN_HARD_TRUE_00056,1,hard,generic_cpv_replacement
SYN_HARD_SRC_00057,,0,hard,missing_duration
SYN_HARD_SRC_00058,SYN_HARD_TRUE_00058,1,hard,generic_cpv_replacement|missing_cpv
SYN_HARD_SRC_00059,,0,hard,missing_duration
SYN_HARD_SRC_00060,,0,hard,missing_duration
SYN_HARD_SRC_00061,,0,hard,none
SYN_HARD_SRC_00062,SYN_HARD_TRUE_00062,1,hard,accent_removed
SYN_HARD_SRC_00063,SYN_HARD_TRUE_00063,1,hard,none
SYN_HARD_SRC_00064,,0,hard,missing_duration
SYN_HARD_SRC_00065,,0,hard,none
SYN_HARD_SRC_00066,SYN_HARD_TRUE_00066,1,hard,missing_duration
SYN_HARD_SRC_00067,,0,hard,none
SYN_HARD_SRC_00068,,0,hard,none
SYN_HARD_SRC_00069,,0,hard,none
SYN_HARD_SRC_00070,,0,hard,none
SYN_HARD_SRC_00071,SYN_HARD_TRUE_00071,1,hard,object_shortening
SYN_HARD_SRC_00072,SYN_HARD_TRUE_00072,1,hard,generic_cpv_replacement|missing_duration
SYN_HARD_SRC_00073,SYN_HARD_TRUE_00073,1,hard,missing_duration
SYN_HARD_SRC_00074,SYN_HARD_TRUE_00074,1,hard,case_variation|legal_form_variation
SYN_HARD_SRC_00075,SYN_HARD_TRUE_00075,1,hard,accent_removed|buyer_abbreviation|case_variation|cpv_reclassification|legal_form_variation
SYN_HARD_SRC_00076,SYN_HARD_TRUE_00076,1,hard,accent_removed
SYN_HARD_SRC_00077,,0,hard,missing_duration
SYN_HARD_SRC_00078,SYN_HARD_TRUE_00078,1,hard,none
SYN_HARD_SRC_00079,,0,hard,missing_duration
SYN_HARD_SRC_00080,SYN_HARD_TRUE_00080,1,hard,cpv_reclassification|missing_duration
SYN_HARD_SRC_00081,,0,hard,none
SYN_HARD_SRC_00082,,0,hard,none
SYN_HARD_SRC_00083,SYN_HARD_TRUE_00083,1,hard,generic_cpv_replacement|missing_duration
SYN_HARD_SRC_00084,SYN_HARD_TRUE_00084,1,hard,object_shortening|timing_outlier
SYN_HARD_SRC_00085,,0,hard,none
SYN_HARD_SRC_00086,SYN_HARD_TRUE_00086,1,hard,cpv_reclassification|missing_duration
SYN_HARD_SRC_00087,,0,hard,missing_cpv
SYN_HARD_SRC_00088,,0,hard,legal_form_variation
SYN_HARD_SRC_00089,,0,hard,none
SYN_HARD_SRC_00090,SYN_HARD_TRUE_00090,1,hard,none
SYN_HARD_SRC_00091,,0,hard,none
SYN_HARD_SRC_00092,,0,hard,missing_cpv
SYN_HARD_SRC_00093,,0,hard,none
SYN_HARD_SRC_00094,SYN_HARD_TRUE_00094,1,hard,none
SYN_HARD_SRC_00095,,0,hard,none
SYN_HARD_SRC_00096,SYN_HARD_TRUE_00096,1,hard,legal_form_variation|missing_duration
SYN_HARD_SRC_00097,SYN_HARD_TRUE_00097,1,hard,accent_removed|buyer_abbreviation|missing_duration|object_shortening
SYN_HARD_SRC_00098,SYN_HARD_TRUE_00098,1,hard,missing_duration
SYN_HARD_SRC_00099,,0,hard,none
SYN_HARD_SRC_00100,,0,hard,none
SYN_HARD_SRC_00101,SYN_HARD_TRUE_00101,1,hard,cpv_reclassification|missing_duration|object_shortening
SYN_HARD_SRC_00102,SYN_HARD_TRUE_00102,1,hard,object_shortening
SYN_HARD_SRC_00103,SYN_HARD_TRUE_00103,1,hard,missing_cpv|missing_duration
SYN_HARD_SRC_00104,SYN_HARD_TRUE_00104,1,hard,missing_duration
SYN_HARD_SRC_00105,,0,hard,missing_duration
SYN_HARD_SRC_00106,SYN_HARD_TRUE_00106,1,hard,cpv_reclassification|missing_duration|object_shortening|timing_outlier
SYN_HARD_SRC_00107,SYN_HARD_TRUE_00107,1,hard,none
SYN_HARD_SRC_00108,,0,hard,none
SYN_HARD_SRC_00109,,0,hard,missing_duration
SYN_HARD_SRC_00110,SYN_HARD_TRUE_00110,1,hard,missing_duration
SYN_HARD_SRC_00111,SYN_HARD_TRUE_00111,1,hard,accent_removed|buyer_abbreviation|case_variation|cpv_reclassification
SYN_HARD_SRC_00112,,0,hard,none
SYN_HARD_SRC_00113,,0,hard,missing_duration
SYN_HARD_SRC_00114,SYN_HARD_TRUE_00114,1,hard,none
SYN_HARD_SRC_00115,,0,hard,none
SYN_HARD_SRC_00116,,0,hard,missing_cpv
SYN_HARD_SRC_00117,,0,hard,none
SYN_HARD_SRC_00118,SYN_HARD_TRUE_00118,1,hard,missing_cpv|missing_duration
SYN_HARD_SRC_00119,SYN_HARD_TRUE_00119,1,hard,none
SYN_HARD_SRC_00120,SYN_HARD_TRUE_00120,1,hard,timing_outlier
SYN_HARD_SRC_00121,,0,hard,missing_duration
SYN_HARD_SRC_00122,,0,hard,missing_duration
SYN_HARD_SRC_00123,SYN_HARD_TRUE_00123,1,hard,none
SYN_HARD_SRC_00124,,0,hard,none
SYN_HARD_SRC_00125,,0,hard,none
SYN_HARD_SRC_00126,SYN_HARD_TRUE_00126,1,hard,missing_duration
SYN_HARD_SRC_00127,,0,hard,missing_cpv
SYN_HARD_SRC_00128,,0,hard,accent_removed|case_variation|missing_duration
SYN_HARD_SRC_00129,,0,hard,missing_duration
SYN_HARD_SRC_00130,SYN_HARD_TRUE_00130,1,hard,generic_cpv_replacement|timing_outlier
SYN_HARD_SRC_00131,,0,hard,missing_duration
SYN_HARD_SRC_00132,,0,hard,missing_duration
SYN_HARD_SRC_00133,SYN_HARD_TRUE_00133,1,hard,legal_form_variation|object_shortening
SYN_HARD_SRC_00134,,0,hard,none
SYN_HARD_SRC_00135,SYN_HARD_TRUE_00135,1,hard,object_shortening
SYN_HARD_SRC_00136,SYN_HARD_TRUE_00136,1,hard,generic_cpv_replacement|timing_outlier
SYN_HARD_SRC_00137,SYN_HARD_TRUE_00137,1,hard,timing_outlier
SYN_HARD_SRC_00138,SYN_HARD_TRUE_00138,1,hard,generic_cpv_replacement
SYN_HARD_SRC_00139,,0,hard,none
SYN_HARD_SRC_00140,SYN_HARD_TRUE_00140,1,hard,object_shortening
SYN_HARD_SRC_00141,SYN_HARD_TRUE_00141,1,hard,accent_removed|legal_form_variation|missing_cpv
SYN_HARD_SRC_00142,SYN_HARD_TRUE_00142,1,hard,missing_duration
SYN_HARD_SRC_00143,,0,hard,none
SYN_HARD_SRC_00144,,0,hard,missing_duration
SYN_HARD_SRC_00145,SYN_HARD_TRUE_00145,1,hard,none
SYN_HARD_SRC_00146,SYN_HARD_TRUE_00146,1,hard,cpv_reclassification|missing_duration
SYN_HARD_SRC_00147,,0,hard,none
SYN_HARD_SRC_00148,,0,hard,none
SYN_HARD_SRC_00149,SYN_HARD_TRUE_00149,1,hard,accent_removed|case_variation|cpv_reclassification|legal_form_variation|timing_outlier
SYN_HARD_SRC_00150,SYN_HARD_TRUE_00150,1,hard,accent_removed|legal_form_variation|missing_duration
SYN_HARD_SRC_00151,,0,hard,none
SYN_HARD_SRC_00152,SYN_HARD_TRUE_00152,1,hard,accent_removed
SYN_HARD_SRC_00153,SYN_HARD_TRUE_00153,1,hard,none
SYN_HARD_SRC_00154,,0,hard,missing_duration
SYN_HARD_SRC_00155,,0,hard,none
SYN_HARD_SRC_00156,SYN_HARD_TRUE_00156,1,hard,none
SYN_HARD_SRC_00157,SYN_HARD_TRUE_00157,1,hard,missing_duration
SYN_HARD_SRC_00158,SYN_HARD_TRUE_00158,1,hard,accent_removed|case_variation|missing_duration
SYN_HARD_SRC_00159,,0,hard,none
SYN_HARD_SRC_00160,SYN_HARD_TRUE_00160,1,hard,none
SYN_HARD_SRC_00161,SYN_HARD_TRUE_00161,1,hard,cpv_reclassification
SYN_HARD_SRC_00162,,0,hard,missing_duration
SYN_HARD_SRC_00163,,0,hard,none
SYN_HARD_SRC_00164,,0,hard,missing_duration
SYN_HARD_SRC_00165,SYN_HARD_TRUE_00165,1,hard,missing_cpv|missing_duration|object_shortening
SYN_HARD_SRC_00166,,0,hard,none
SYN_HARD_SRC_00167,,0,hard,none
SYN_HARD_SRC_00168,SYN_HARD_TRUE_00168,1,hard,missing_duration
SYN_HARD_SRC_00169,,0,hard,missing_duration
SYN_HARD_SRC_00170,,0,hard,missing_duration
SYN_HARD_SRC_00171,,0,hard,none
SYN_HARD_SRC_00172,,0,hard,none
SYN_HARD_SRC_00173,,0,hard,missing_duration
SYN_HARD_SRC_00174,SYN_HARD_TRUE_00174,1,hard,missing_duration
SYN_HARD_SRC_00175,,0,hard,missing_duration
SYN_HARD_SRC_00176,SYN_HARD_TRUE_00176,1,hard,buyer_abbreviation|legal_form_variation|missing_duration
SYN_HARD_SRC_00177,,0,hard,missing_duration
SYN_HARD_SRC_00178,SYN_HARD_TRUE_00178,1,hard,timing_outlier
SYN_HARD_SRC_00179,,0,hard,missing_cpv|missing_duration
SYN_HARD_SRC_00180,SYN_HARD_TRUE_00180,1,hard,missing_duration
SYN_HARD_SRC_00181,,0,hard,none
SYN_HARD_SRC_00182,,0,hard,none
SYN_HARD_SRC_00183,,0,hard,none
SYN_HARD_SRC_00184,SYN_HARD_TRUE_00184,1,hard,missing_duration
SYN_HARD_SRC_00185,SYN_HARD_TRUE_00185,1,hard,missing_duration|object_shortening
SYN_HARD_SRC_00186,,0,hard,missing_duration
SYN_HARD_SRC_00187,SYN_HARD_TRUE_00187,1,hard,generic_cpv_replacement|missing_duration|timing_outlier
SYN_HARD_SRC_00188,,0,hard,missing_duration
SYN_HARD_SRC_00189,SYN_HARD_TRUE_00189,1,hard,missing_duration
SYN_HARD_SRC_00190,,0,hard,missing_duration
SYN_HARD_SRC_00191,,0,hard,none
SYN_HARD_SRC_00192,SYN_HARD_TRUE_00192,1,hard,missing_cpv|missing_duration|object_shortening
SYN_HARD_SRC_00193,SYN_HARD_TRUE_00193,1,hard,accent_removed|legal_form_variation
SYN_HARD_SRC_00194,SYN_HARD_TRUE_00194,1,hard,cpv_reclassification
SYN_HARD_SRC_00195,SYN_HARD_TRUE_00195,1,hard,missing_duration|object_shortening
SYN_HARD_SRC_00196,SYN_HARD_TRUE_00196,1,hard,none
SYN_HARD_SRC_00197,SYN_HARD_TRUE_00197,1,hard,missing_duration
SYN_HARD_SRC_00198,,0,hard,missing_duration
SYN_HARD_SRC_00199,,0,hard,none
SYN_HARD_SRC_00200,SYN_HARD_TRUE_00200,1,hard,buyer_abbreviation
SYN_HARD_SRC_00201,,0,hard,missing_cpv
SYN_HARD_SRC_00202,,0,hard,missing_cpv
SYN_HARD_SRC_00203,SYN_HARD_TRUE_00203,1,hard,accent_removed|legal_form_variation|missing_duration
SYN_HARD_SRC_00204,,0,hard,missing_duration
SYN_HARD_SRC_00205,SYN_HARD_TRUE_00205,1,hard,object_shortening|timing_outlier
SYN_HARD_SRC_00206,SYN_HARD_TRUE_00206,1,hard,cpv_reclassification
SYN_HARD_SRC_00207,SYN_HARD_TRUE_00207,1,hard,missing_cpv
SYN_HARD_SRC_00208,,0,hard,missing_duration
SYN_HARD_SRC_00209,,0,hard,none
SYN_HARD_SRC_00210,SYN_HARD_TRUE_00210,1,hard,object_shortening
SYN_HARD_SRC_00211,,0,hard,none
SYN_HARD_SRC_00212,SYN_HARD_TRUE_00212,1,hard,cpv_reclassification|missing_duration
SYN_HARD_SRC_00213,SYN_HARD_TRUE_00213,1,hard,case_variation|missing_duration|object_shortening
SYN_HARD_SRC_00214,,0,hard,missing_duration
SYN_HARD_SRC_00215,,0,hard,none
SYN_HARD_SRC_00216,SYN_HARD_TRUE_00216,1,hard,generic_cpv_replacement
SYN_HARD_SRC_00217,,0,hard,missing_duration
SYN_HARD_SRC_00218,,0,hard,missing_duration
SYN_HARD_SRC_00219,SYN_HARD_TRUE_00219,1,hard,none
SYN_HARD_SRC_00220,SYN_HARD_TRUE_00220,1,hard,accent_removed|buyer_abbreviation
SYN_HARD_SRC_00221,,0,hard,missing_duration
SYN_HARD_SRC_00222,,0,hard,missing_duration
SYN_HARD_SRC_00223,SYN_HARD_TRUE_00223,1,hard,cpv_reclassification
SYN_HARD_SRC_00224,,0,hard,missing_duration
SYN_HARD_SRC_00225,SYN_HARD_TRUE_00225,1,hard,case_variation|cpv_reclassification
SYN_HARD_SRC_00226,,0,hard,missing_duration
SYN_HARD_SRC_00227,SYN_HARD_TRUE_00227,1,hard,missing_duration|object_shortening
SYN_HARD_SRC_00228,SYN_HARD_TRUE_00228,1,hard,timing_outlier
SYN_HARD_SRC_00229,,0,hard,missing_duration
SYN_HARD_SRC_00230,,0,hard,none
SYN_HARD_SRC_00231,,0,hard,none
SYN_HARD_SRC_00232,,0,hard,missing_duration
SYN_HARD_SRC_00233,,0,hard,missing_cpv|missing_duration
SYN_HARD_SRC_00234,SYN_HARD_TRUE_00234,1,hard,case_variation|cpv_reclassification|timing_outlier
SYN_HARD_SRC_00235,SYN_HARD_TRUE_00235,1,hard,missing_duration
SYN_HARD_SRC_00236,SYN_HARD_TRUE_00236,1,hard,accent_removed|case_variation|legal_form_variation
SYN_HARD_SRC_00237,,0,hard,none
SYN_HARD_SRC_00238,,0,hard,none
SYN_HARD_SRC_00239,SYN_HARD_TRUE_00239,1,hard,object_shortening
SYN_HARD_SRC_00240,,0,hard,missing_duration
SYN_HARD_SRC_00241,SYN_HARD_TRUE_00241,1,hard,none
SYN_HARD_SRC_00242,,0,hard,none
SYN_HARD_SRC_00243,,0,hard,none
SYN_HARD_SRC_00244,SYN_HARD_TRUE_00244,1,hard,accent_removed|buyer_abbreviation|case_variation
SYN_HARD_SRC_00245,SYN_HARD_TRUE_00245,1,hard,none
SYN_HARD_SRC_00246,SYN_HARD_TRUE_00246,1,hard,accent_removed|buyer_abbreviation|case_variation|missing_duration
SYN_HARD_SRC_00247,,0,hard,none
SYN_HARD_SRC_00248,SYN_HARD_TRUE_00248,1,hard,cpv_reclassification|missing_duration
SYN_HARD_SRC_00249,,0,hard,none
SYN_HARD_SRC_00250,,0,hard,missing_duration
SYN_HARD_SRC_00251,,0,hard,missing_cpv
SYN_HARD_SRC_00252,,0,hard,accent_removed|case_variation
SYN_HARD_SRC_00253,SYN_HARD_TRUE_00253,1,hard,accent_removed
SYN_HARD_SRC_00254,SYN_HARD_TRUE_00254,1,hard,missing_duration
SYN_HARD_SRC_00255,,0,hard,none
SYN_HARD_SRC_00256,SYN_HARD_TRUE_00256,1,hard,buyer_abbreviation|legal_form_variation|timing_outlier
SYN_HARD_SRC_00257,SYN_HARD_TRUE_00257,1,hard,none
SYN_HARD_SRC_00258,SYN_HARD_TRUE_00258,1,hard,accent_removed
SYN_HARD_SRC_00259,SYN_HARD_TRUE_00259,1,hard,object_shortening
SYN_HARD_SRC_00260,,0,hard,none
SYN_HARD_SRC_00261,,0,hard,missing_duration
SYN_HARD_SRC_00262,,0,hard,none
SYN_HARD_SRC_00263,SYN_HARD_TRUE_00263,1,hard,cpv_reclassification|object_shortening
SYN_HARD_SRC_00264,SYN_HARD_TRUE_00264,1,hard,object_shortening
SYN_HARD_SRC_00265,,0,hard,missing_cpv
SYN_HARD_SRC_00266,SYN_HARD_TRUE_00266,1,hard,cpv_reclassification
SYN_HARD_SRC_00267,SYN_HARD_TRUE_00267,1,hard,cpv_reclassification|missing_cpv|missing_duration|timing_outlier
SYN_HARD_SRC_00268,SYN_HARD_TRUE_00268,1,hard,accent_removed|buyer_abbreviation|case_variation|legal_form_variation
SYN_HARD_SRC_00269,SYN_HARD_TRUE_00269,1,hard,none
SYN_HARD_SRC_00270,SYN_HARD_TRUE_00270,1,hard,none
SYN_HARD_SRC_00271,SYN_HARD_TRUE_00271,1,hard,generic_cpv_replacement|missing_cpv|missing_duration
SYN_HARD_SRC_00272,SYN_HARD_TRUE_00272,1,hard,missing_cpv
SYN_HARD_SRC_00273,SYN_HARD_TRUE_00273,1,hard,buyer_abbreviation|missing_duration
SYN_HARD_SRC_00274,,0,hard,none
SYN_HARD_SRC_00275,SYN_HARD_TRUE_00275,1,hard,object_shortening
SYN_HARD_SRC_00276,SYN_HARD_TRUE_00276,1,hard,none
SYN_HARD_SRC_00277,SYN_HARD_TRUE_00277,1,hard,missing_duration
SYN_HARD_SRC_00278,SYN_HARD_TRUE_00278,1,hard,cpv_reclassification
SYN_HARD_SRC_00279,SYN_HARD_TRUE_00279,1,hard,missing_cpv|timing_outlier
SYN_HARD_SRC_00280,,0,hard,none
SYN_HARD_SRC_00281,,0,hard,missing_duration
SYN_HARD_SRC_00282,SYN_HARD_TRUE_00282,1,hard,accent_removed|generic_cpv_replacement|legal_form_variation|object_shortening
SYN_HARD_SRC_00283,,0,hard,none
SYN_HARD_SRC_00284,,0,hard,none
SYN_HARD_SRC_00285,SYN_HARD_TRUE_00285,1,hard,accent_removed|buyer_abbreviation|legal_form_variation
SYN_HARD_SRC_00286,,0,hard,missing_duration
SYN_HARD_SRC_00287,SYN_HARD_TRUE_00287,1,hard,timing_outlier
SYN_HARD_SRC_00288,SYN_HARD_TRUE_00288,1,hard,generic_cpv_replacement
SYN_HARD_SRC_00289,,0,hard,missing_duration
SYN_HARD_SRC_00290,,0,hard,none
SYN_HARD_SRC_00291,SYN_HARD_TRUE_00291,1,hard,cpv_reclassification
SYN_HARD_SRC_00292,,0,hard,none
SYN_HARD_SRC_00293,SYN_HARD_TRUE_00293,1,hard,timing_outlier
SYN_HARD_SRC_00294,,0,hard,legal_form_variation|missing_duration
SYN_HARD_SRC_00295,,0,hard,none
SYN_HARD_SRC_00296,,0,hard,missing_duration
SYN_HARD_SRC_00297,SYN_HARD_TRUE_00297,1,hard,none
SYN_HARD_SRC_00298,,0,hard,missing_cpv
SYN_HARD_SRC_00299,,0,hard,none
SYN_HARD_SRC_00300,,0,hard,none
SYN_HARD_SRC_00301,SYN_HARD_TRUE_00301,1,hard,cpv_reclassification|object_shortening|timing_outlier
SYN_HARD_SRC_00302,SYN_HARD_TRUE_00302,1,hard,cpv_reclassification
SYN_HARD_SRC_00303,,0,hard,none
SYN_HARD_SRC_00304,,0,hard,none
SYN_HARD_SRC_00305,,0,hard,none
SYN_HARD_SRC_00306,SYN_HARD_TRUE_00306,1,hard,missing_cpv|missing_duration
SYN_HARD_SRC_00307,SYN_HARD_TRUE_00307,1,hard,none
SYN_HARD_SRC_00308,SYN_HARD_TRUE_00308,1,hard,cpv_reclassification
SYN_HARD_SRC_00309,,0,hard,none
SYN_HARD_SRC_00310,SYN_HARD_TRUE_00310,1,hard,missing_duration|timing_outlier
SYN_HARD_SRC_00311,,0,hard,none
SYN_HARD_SRC_00312,,0,hard,none
SYN_HARD_SRC_00313,,0,hard,none
SYN_HARD_SRC_00314,SYN_HARD_TRUE_00314,1,hard,generic_cpv_replacement|missing_cpv|object_shortening
SYN_HARD_SRC_00315,SYN_HARD_TRUE_00315,1,hard,buyer_abbreviation|legal_form_variation|object_shortening
SYN_HARD_SRC_00316,,0,hard,none
SYN_HARD_SRC_00317,,0,hard,none
SYN_HARD_SRC_00318,,0,hard,none
SYN_HARD_SRC_00319,SYN_HARD_TRUE_00319,1,hard,accent_removed|legal_form_variation
SYN_HARD_SRC_00320,,0,hard,none
SYN_HARD_SRC_00321,,0,hard,none
SYN_HARD_SRC_00322,SYN_HARD_TRUE_00322,1,hard,none
SYN_HARD_SRC_00323,SYN_HARD_TRUE_00323,1,hard,missing_duration
SYN_HARD_SRC_00324,SYN_HARD_TRUE_00324,1,hard,legal_form_variation
SYN_HARD_SRC_00325,,0,hard,missing_duration
SYN_HARD_SRC_00326,SYN_HARD_TRUE_00326,1,hard,none
SYN_HARD_SRC_00327,SYN_HARD_TRUE_00327,1,hard,timing_outlier
SYN_HARD_SRC_00328,,0,hard,none
SYN_HARD_SRC_00329,,0,hard,missing_cpv|missing_duration
SYN_HARD_SRC_00330,,0,hard,none
SYN_HARD_SRC_00331,SYN_HARD_TRUE_00331,1,hard,accent_removed|buyer_abbreviation|case_variation|object_shortening
SYN_HARD_SRC_00332,,0,hard,missing_duration
SYN_HARD_SRC_00333,,0,hard,none
SYN_HARD_SRC_00334,SYN_HARD_TRUE_00334,1,hard,accent_removed|buyer_abbreviation|timing_outlier
SYN_HARD_SRC_00335,SYN_HARD_TRUE_00335,1,hard,missing_duration
SYN_HARD_SRC_00336,,0,hard,none
SYN_HARD_SRC_00337,SYN_HARD_TRUE_00337,1,hard,cpv_reclassification
SYN_HARD_SRC_00338,SYN_HARD_TRUE_00338,1,hard,accent_removed|buyer_abbreviation|missing_duration
SYN_HARD_SRC_00339,SYN_HARD_TRUE_00339,1,hard,none
SYN_HARD_SRC_00340,,0,hard,missing_cpv
SYN_HARD_SRC_00341,,0,hard,none
SYN_HARD_SRC_00342,,0,hard,none
SYN_HARD_SRC_00343,,0,hard,missing_duration
SYN_HARD_SRC_00344,,0,hard,missing_duration
SYN_HARD_SRC_00345,,0,hard,none
SYN_HARD_SRC_00346,SYN_HARD_TRUE_00346,1,hard,none
SYN_HARD_SRC_00347,SYN_HARD_TRUE_00347,1,hard,accent_removed|buyer_abbreviation|legal_form_variation
SYN_HARD_SRC_00348,,0,hard,none
SYN_HARD_SRC_00349,SYN_HARD_TRUE_00349,1,hard,object_shortening
SYN_HARD_SRC_00350,SYN_HARD_TRUE_00350,1,hard,cpv_reclassification
SYN_HARD_SRC_00351,,0,hard,none
SYN_HARD_SRC_00352,,0,hard,missing_duration
SYN_HARD_SRC_00353,,0,hard,none
SYN_HARD_SRC_00354,,0,hard,none
SYN_HARD_SRC_00355,SYN_HARD_TRUE_00355,1,hard,none
SYN_HARD_SRC_00356,SYN_HARD_TRUE_00356,1,hard,generic_cpv_replacement
SYN_HARD_SRC_00357,,0,hard,none
SYN_HARD_SRC_00358,SYN_HARD_TRUE_00358,1,hard,none
SYN_HARD_SRC_00359,SYN_HARD_TRUE_00359,1,hard,cpv_reclassification
SYN_HARD_SRC_00360,SYN_HARD_TRUE_00360,1,hard,cpv_reclassification|missing_duration
SYN_HARD_SRC_00361,SYN_HARD_TRUE_00361,1,hard,accent_removed|cpv_reclassification|missing_duration
SYN_HARD_SRC_00362,SYN_HARD_TRUE_00362,1,hard,missing_cpv|missing_duration|object_shortening
SYN_HARD_SRC_00363,SYN_HARD_TRUE_00363,1,hard,missing_duration|object_shortening|timing_outlier
SYN_HARD_SRC_00364,SYN_HARD_TRUE_00364,1,hard,none
SYN_HARD_SRC_00365,,0,hard,missing_duration
SYN_HARD_SRC_00366,SYN_HARD_TRUE_00366,1,hard,object_shortening
SYN_HARD_SRC_00367,SYN_HARD_TRUE_00367,1,hard,none
SYN_HARD_SRC_00368,,0,hard,missing_duration
SYN_HARD_SRC_00369,,0,hard,none
SYN_HARD_SRC_00370,,0,hard,none
SYN_HARD_SRC_00371,SYN_HARD_TRUE_00371,1,hard,buyer_abbreviation|cpv_reclassification|missing_duration
SYN_HARD_SRC_00372,SYN_HARD_TRUE_00372,1,hard,missing_cpv
SYN_HARD_SRC_00373,SYN_HARD_TRUE_00373,1,hard,cpv_reclassification
SYN_HARD_SRC_00374,SYN_HARD_TRUE_00374,1,hard,missing_duration
SYN_HARD_SRC_00375,SYN_HARD_TRUE_00375,1,hard,missing_duration
SYN_HARD_SRC_00376,,0,hard,none
SYN_HARD_SRC_00377,,0,hard,none
SYN_HARD_SRC_00378,,0,hard,missing_duration
SYN_HARD_SRC_00379,,0,hard,missing_duration
SYN_HARD_SRC_00380,SYN_HARD_TRUE_00380,1,hard,missing_duration|object_shortening
SYN_HARD_SRC_00381,,0,hard,none
SYN_HARD_SRC_00382,,0,hard,none
SYN_HARD_SRC_00383,,0,hard,missing_duration
SYN_HARD_SRC_00384,,0,hard,missing_duration
SYN_HARD_SRC_00385,,0,hard,none
SYN_HARD_SRC_00386,SYN_HARD_TRUE_00386,1,hard,missing_duration
SYN_HARD_SRC_00387,SYN_HARD_TRUE_00387,1,hard,generic_cpv_replacement
SYN_HARD_SRC_00388,,0,hard,missing_duration
SYN_HARD_SRC_00389,SYN_HARD_TRUE_00389,1,hard,buyer_abbreviation|cpv_reclassification|missing_duration
SYN_HARD_SRC_00390,,0,hard,missing_duration
SYN_HARD_SRC_00391,SYN_HARD_TRUE_00391,1,hard,accent_removed|cpv_reclassification
SYN_HARD_SRC_00392,,0,hard,none
SYN_HARD_SRC_00393,,0,hard,missing_duration
SYN_HARD_SRC_00394,,0,hard,missing_cpv
SYN_HARD_SRC_00395,,0,hard,none
SYN_HARD_SRC_00396,,0,hard,accent_removed|missing_duration
SYN_HARD_SRC_00397,SYN_HARD_TRUE_00397,1,hard,none
SYN_HARD_SRC_00398,SYN_HARD_TRUE_00398,1,hard,cpv_reclassification|object_shortening
SYN_HARD_SRC_00399,SYN_HARD_TRUE_00399,1,hard,missing_duration
SYN_HARD_SRC_00400,,0,hard,none
SYN_HARD_SRC_00401,,0,hard,missing_duration
SYN_HARD_SRC_00402,SYN_HARD_TRUE_00402,1,hard,cpv_reclassification|missing_duration
SYN_HARD_SRC_00403,,0,hard,missing_duration
SYN_HARD_SRC_00404,SYN_HARD_TRUE_00404,1,hard,missing_cpv
SYN_HARD_SRC_00405,,0,hard,missing_duration
SYN_HARD_SRC_00406,,0,hard,none
SYN_HARD_SRC_00407,SYN_HARD_TRUE_00407,1,hard,object_shortening
SYN_HARD_SRC_00408,,0,hard,none
SYN_HARD_SRC_00409,SYN_HARD_TRUE_00409,1,hard,none
SYN_HARD_SRC_00410,SYN_HARD_TRUE_00410,1,hard,accent_removed|case_variation|timing_outlier
SYN_HARD_SRC_00411,,0,hard,none
SYN_HARD_SRC_00412,,0,hard,missing_duration
SYN_HARD_SRC_00413,,0,hard,missing_duration
SYN_HARD_SRC_00414,,0,hard,none
SYN_HARD_SRC_00415,,0,hard,none
SYN_HARD_SRC_00416,SYN_HARD_TRUE_00416,1,hard,cpv_reclassification|missing_duration
SYN_HARD_SRC_00417,SYN_HARD_TRUE_00417,1,hard,none
SYN_HARD_SRC_00418,,0,hard,none
SYN_HARD_SRC_00419,SYN_HARD_TRUE_00419,1,hard,object_shortening
SYN_HARD_SRC_00420,SYN_HARD_TRUE_00420,1,hard,generic_cpv_replacement
SYN_HARD_SRC_00421,,0,hard,missing_duration
SYN_HARD_SRC_00422,,0,hard,none
SYN_HARD_SRC_00423,SYN_HARD_TRUE_00423,1,hard,accent_removed
SYN_HARD_SRC_00424,SYN_HARD_TRUE_00424,1,hard,none
SYN_HARD_SRC_00425,,0,hard,none
SYN_HARD_SRC_00426,SYN_HARD_TRUE_00426,1,hard,accent_removed|buyer_abbreviation|generic_cpv_replacement|object_shortening
SYN_HARD_SRC_00427,,0,hard,none
SYN_HARD_SRC_00428,SYN_HARD_TRUE_00428,1,hard,buyer_abbreviation|cpv_reclassification|legal_form_variation|missing_duration
SYN_HARD_SRC_00429,,0,hard,none
SYN_HARD_SRC_00430,SYN_HARD_TRUE_00430,1,hard,generic_cpv_replacement|timing_outlier
SYN_HARD_SRC_00431,SYN_HARD_TRUE_00431,1,hard,cpv_reclassification|timing_outlier
SYN_HARD_SRC_00432,,0,hard,none
SYN_HARD_SRC_00433,SYN_HARD_TRUE_00433,1,hard,cpv_reclassification
SYN_HARD_SRC_00434,SYN_HARD_TRUE_00434,1,hard,none
SYN_HARD_SRC_00435,,0,hard,none
SYN_HARD_SRC_00436,,0,hard,none
SYN_HARD_SRC_00437,,0,hard,none
SYN_HARD_SRC_00438,,0,hard,none
SYN_HARD_SRC_00439,,0,hard,none
SYN_HARD_SRC_00440,SYN_HARD_TRUE_00440,1,hard,object_shortening
SYN_HARD_SRC_00441,,0,hard,buyer_abbreviation|case_variation
SYN_HARD_SRC_00442,,0,hard,none
SYN_HARD_SRC_00443,,0,hard,missing_cpv
SYN_HARD_SRC_00444,SYN_HARD_TRUE_00444,1,hard,cpv_reclassification|missing_duration|object_shortening
SYN_HARD_SRC_00445,,0,hard,missing_duration
SYN_HARD_SRC_00446,SYN_HARD_TRUE_00446,1,hard,none
SYN_HARD_SRC_00447,SYN_HARD_TRUE_00447,1,hard,none
SYN_HARD_SRC_00448,SYN_HARD_TRUE_00448,1,hard,cpv_reclassification|missing_cpv|timing_outlier
SYN_HARD_SRC_00449,SYN_HARD_TRUE_00449,1,hard,legal_form_variation
SYN_HARD_SRC_00450,,0,hard,none
SYN_HARD_SRC_00451,,0,hard,none
SYN_HARD_SRC_00452,SYN_HARD_TRUE_00452,1,hard,none
SYN_HARD_SRC_00453,,0,hard,none
SYN_HARD_SRC_00454,SYN_HARD_TRUE_00454,1,hard,none
SYN_HARD_SRC_00455,SYN_HARD_TRUE_00455,1,hard,timing_outlier
SYN_HARD_SRC_00456,,0,hard,none
SYN_HARD_SRC_00457,,0,hard,missing_duration
SYN_HARD_SRC_00458,,0,hard,none
SYN_HARD_SRC_00459,SYN_HARD_TRUE_00459,1,hard,generic_cpv_replacement
SYN_HARD_SRC_00460,,0,hard,none
SYN_HARD_SRC_00461,,0,hard,none
SYN_HARD_SRC_00462,,0,hard,none
SYN_HARD_SRC_00463,,0,hard,none
SYN_HARD_SRC_00464,SYN_HARD_TRUE_00464,1,hard,none
SYN_HARD_SRC_00465,SYN_HARD_TRUE_00465,1,hard,cpv_reclassification|missing_cpv
SYN_HARD_SRC_00466,,0,hard,none
SYN_HARD_SRC_00467,SYN_HARD_TRUE_00467,1,hard,cpv_reclassification
SYN_HARD_SRC_00468,,0,hard,missing_duration
SYN_HARD_SRC_00469,SYN_HARD_TRUE_00469,1,hard,case_variation
SYN_HARD_SRC_00470,SYN_HARD_TRUE_00470,1,hard,cpv_reclassification|missing_duration
SYN_HARD_SRC_00471,,0,hard,none
SYN_HARD_SRC_00472,,0,hard,none
SYN_HARD_SRC_00473,SYN_HARD_TRUE_00473,1,hard,cpv_reclassification|timing_outlier
SYN_HARD_SRC_00474,,0,hard,none
SYN_HARD_SRC_00475,,0,hard,missing_duration
SYN_HARD_SRC_00476,,0,hard,none
SYN_HARD_SRC_00477,SYN_HARD_TRUE_00477,1,hard,missing_duration
SYN_HARD_SRC_00478,,0,hard,legal_form_variation|missing_duration
SYN_HARD_SRC_00479,,0,hard,none
SYN_HARD_SRC_00480,,0,hard,missing_cpv
SYN_HARD_SRC_00481,,0,hard,missing_cpv|missing_duration
SYN_HARD_SRC_00482,,0,hard,none
SYN_HARD_SRC_00483,SYN_HARD_TRUE_00483,1,hard,none
SYN_HARD_SRC_00484,,0,hard,buyer_abbreviation
SYN_HARD_SRC_00485,,0,hard,missing_duration
SYN_HARD_SRC_00486,SYN_HARD_TRUE_00486,1,hard,object_shortening
SYN_HARD_SRC_00487,,0,hard,none
SYN_HARD_SRC_00488,,0,hard,none
SYN_HARD_SRC_00489,SYN_HARD_TRUE_00489,1,hard,missing_duration
SYN_HARD_SRC_00490,SYN_HARD_TRUE_00490,1,hard,none
SYN_HARD_SRC_00491,SYN_HARD_TRUE_00491,1,hard,cpv_reclassification|missing_duration|object_shortening
SYN_HARD_SRC_00492,,0,hard,none
SYN_HARD_SRC_00493,SYN_HARD_TRUE_00493,1,hard,missing_duration
SYN_HARD_SRC_00494,,0,hard,none
SYN_HARD_SRC_00495,,0,hard,missing_duration
SYN_HARD_SRC_00496,SYN_HARD_TRUE_00496,1,hard,cpv_reclassification
SYN_HARD_SRC_00497,SYN_HARD_TRUE_00497,1,hard,none
SYN_HARD_SRC_00498,SYN_HARD_TRUE_00498,1,hard,none
SYN_HARD_SRC_00499,,0,hard,missing_duration
SYN_HARD_SRC_00500,SYN_HARD_TRUE_00500,1,hard,none
SYN_HARD_SRC_00501,SYN_HARD_TRUE_00501,1,hard,timing_outlier
SYN_HARD_SRC_00502,,0,hard,none
SYN_HARD_SRC_00503,SYN_HARD_TRUE_00503,1,hard,object_shortening
SYN_HARD_SRC_00504,SYN_HARD_TRUE_00504,1,hard,generic_cpv_replacement|timing_outlier
SYN_HARD_SRC_00505,,0,hard,none
SYN_HARD_SRC_00506,SYN_HARD_TRUE_00506,1,hard,cpv_reclassification|legal_form_variation
SYN_HARD_SRC_00507,,0,hard,none
SYN_HARD_SRC_00508,,0,hard,missing_cpv
SYN_HARD_SRC_00509,,0,hard,missing_duration
SYN_HARD_SRC_00510,,0,hard,none
SYN_HARD_SRC_00511,,0,hard,none
SYN_HARD_SRC_00512,,0,hard,none
SYN_HARD_SRC_00513,SYN_HARD_TRUE_00513,1,hard,missing_duration
SYN_HARD_SRC_00514,,0,hard,none
SYN_HARD_SRC_00515,SYN_HARD_TRUE_00515,1,hard,none
SYN_HARD_SRC_00516,SYN_HARD_TRUE_00516,1,hard,none
SYN_HARD_SRC_00517,,0,hard,missing_duration
SYN_HARD_SRC_00518,,0,hard,none
SYN_HARD_SRC_00519,,0,hard,none
SYN_HARD_SRC_00520,,0,hard,missing_duration
SYN_HARD_SRC_00521,SYN_HARD_TRUE_00521,1,hard,cpv_reclassification|missing_duration|object_shortening
SYN_HARD_SRC_00522,,0,hard,none
SYN_HARD_SRC_00523,SYN_HARD_TRUE_00523,1,hard,generic_cpv_replacement|missing_cpv
SYN_HARD_SRC_00524,SYN_HARD_TRUE_00524,1,hard,cpv_reclassification
SYN_HARD_SRC_00525,,0,hard,none
SYN_HARD_SRC_00526,SYN_HARD_TRUE_00526,1,hard,object_shortening
SYN_HARD_SRC_00527,,0,hard,missing_duration
SYN_HARD_SRC_00528,,0,hard,none
SYN_HARD_SRC_00529,SYN_HARD_TRUE_00529,1,hard,object_shortening
SYN_HARD_SRC_00530,SYN_HARD_TRUE_00530,1,hard,missing_duration
SYN_HARD_SRC_00531,SYN_HARD_TRUE_00531,1,hard,cpv_reclassification
SYN_HARD_SRC_00532,SYN_HARD_TRUE_00532,1,hard,none
SYN_HARD_SRC_00533,,0,hard,none
SYN_HARD_SRC_00534,,0,hard,none
SYN_HARD_SRC_00535,,0,hard,none
SYN_HARD_SRC_00536,,0,hard,none
SYN_HARD_SRC_00537,,0,hard,none
SYN_HARD_SRC_00538,,0,hard,none
SYN_HARD_SRC_00539,SYN_HARD_TRUE_00539,1,hard,accent_removed|buyer_abbreviation
SYN_HARD_SRC_00540,,0,hard,none
SYN_HARD_SRC_00541,,0,hard,missing_duration
SYN_HARD_SRC_00542,SYN_HARD_TRUE_00542,1,hard,cpv_reclassification
SYN_HARD_SRC_00543,SYN_HARD_TRUE_00543,1,hard,cpv_reclassification|missing_duration
SYN_HARD_SRC_00544,,0,hard,missing_duration
SYN_HARD_SRC_00545,SYN_HARD_TRUE_00545,1,hard,missing_duration
SYN_HARD_SRC_00546,,0,hard,missing_duration
SYN_HARD_SRC_00547,,0,hard,none
SYN_HARD_SRC_00548,,0,hard,none
SYN_HARD_SRC_00549,,0,hard,none
SYN_HARD_SRC_00550,,0,hard,none
SYN_HARD_SRC_00551,SYN_HARD_TRUE_00551,1,hard,object_shortening
SYN_HARD_SRC_00552,SYN_HARD_TRUE_00552,1,hard,cpv_reclassification|missing_duration
SYN_HARD_SRC_00553,SYN_HARD_TRUE_00553,1,hard,cpv_reclassification|missing_duration|object_shortening
SYN_HARD_SRC_00554,,0,hard,missing_duration
SYN_HARD_SRC_00555,SYN_HARD_TRUE_00555,1,hard,cpv_reclassification|missing_duration
SYN_HARD_SRC_00556,,0,hard,none
SYN_HARD_SRC_00557,,0,hard,missing_duration
SYN_HARD_SRC_00558,SYN_HARD_TRUE_00558,1,hard,none
SYN_HARD_SRC_00559,,0,hard,none
SYN_HARD_SRC_00560,SYN_HARD_TRUE_00560,1,hard,missing_duration
SYN_HARD_SRC_00561,SYN_HARD_TRUE_00561,1,hard,missing_cpv
SYN_HARD_SRC_00562,SYN_HARD_TRUE_00562,1,hard,object_shortening
SYN_HARD_SRC_00563,,0,hard,missing_duration
SYN_HARD_SRC_00564,,0,hard,none
SYN_HARD_SRC_00565,,0,hard,none
SYN_HARD_SRC_00566,,0,hard,none
SYN_HARD_SRC_00567,,0,hard,none
SYN_HARD_SRC_00568,SYN_HARD_TRUE_00568,1,hard,generic_cpv_replacement|missing_duration|timing_outlier
SYN_HARD_SRC_00569,SYN_HARD_TRUE_00569,1,hard,cpv_reclassification|missing_duration
SYN_HARD_SRC_00570,SYN_HARD_TRUE_00570,1,hard,none
SYN_HARD_SRC_00571,,0,hard,missing_duration
SYN_HARD_SRC_00572,,0,hard,missing_duration
SYN_HARD_SRC_00573,,0,hard,none
SYN_HARD_SRC_00574,SYN_HARD_TRUE_00574,1,hard,none
SYN_HARD_SRC_00575,SYN_HARD_TRUE_00575,1,hard,none
SYN_HARD_SRC_00576,,0,hard,none
SYN_HARD_SRC_00577,,0,hard,missing_duration
SYN_HARD_SRC_00578,,0,hard,none
SYN_HARD_SRC_00579,,0,hard,none
SYN_HARD_SRC_00580,SYN_HARD_TRUE_00580,1,hard,accent_removed|buyer_abbreviation|generic_cpv_replacement
SYN_HARD_SRC_00581,SYN_HARD_TRUE_00581,1,hard,missing_duration
SYN_HARD_SRC_00582,SYN_HARD_TRUE_00582,1,hard,cpv_reclassification|missing_duration|object_shortening|timing_outlier
SYN_HARD_SRC_00583,SYN_HARD_TRUE_00583,1,hard,buyer_abbreviation|cpv_reclassification|missing_duration|timing_outlier
SYN_HARD_SRC_00584,SYN_HARD_TRUE_00584,1,hard,buyer_abbreviation|generic_cpv_replacement|missing_cpv|missing_duration|object_shortening|timing_outlier
SYN_HARD_SRC_00585,,0,hard,missing_duration
SYN_HARD_SRC_00586,SYN_HARD_TRUE_00586,1,hard,legal_form_variation|missing_duration|timing_outlier
SYN_HARD_SRC_00587,SYN_HARD_TRUE_00587,1,hard,object_shortening
SYN_HARD_SRC_00588,SYN_HARD_TRUE_00588,1,hard,none
SYN_HARD_SRC_00589,,0,hard,missing_duration
SYN_HARD_SRC_00590,,0,hard,none
SYN_HARD_SRC_00591,SYN_HARD_TRUE_00591,1,hard,missing_duration
SYN_HARD_SRC_00592,,0,hard,none
SYN_HARD_SRC_00593,,0,hard,none
SYN_HARD_SRC_00594,,0,hard,missing_duration
SYN_HARD_SRC_00595,SYN_HARD_TRUE_00595,1,hard,generic_cpv_replacement
SYN_HARD_SRC_00596,SYN_HARD_TRUE_00596,1,hard,missing_duration
SYN_HARD_SRC_00597,SYN_HARD_TRUE_00597,1,hard,none
SYN_HARD_SRC_00598,SYN_HARD_TRUE_00598,1,hard,generic_cpv_replacement
SYN_HARD_SRC_00599,SYN_HARD_TRUE_00599,1,hard,missing_duration
SYN_HARD_SRC_00600,SYN_HARD_TRUE_00600,1,hard,accent_removed|legal_form_variation|missing_duration
SYN_HARD_SRC_00601,SYN_HARD_TRUE_00601,1,hard,missing_duration|timing_outlier
SYN_HARD_SRC_00602,SYN_HARD_TRUE_00602,1,hard,cpv_reclassification|missing_duration|object_shortening
SYN_HARD_SRC_00603,,0,hard,missing_duration
SYN_HARD_SRC_00604,SYN_HARD_TRUE_00604,1,hard,timing_outlier
SYN_HARD_SRC_00605,SYN_HARD_TRUE_00605,1,hard,cpv_reclassification|missing_duration|object_shortening
SYN_HARD_SRC_00606,,0,hard,none
SYN_HARD_SRC_00607,SYN_HARD_TRUE_00607,1,hard,none
SYN_HARD_SRC_00608,SYN_HARD_TRUE_00608,1,hard,buyer_abbreviation|case_variation|legal_form_variation
SYN_HARD_SRC_00609,SYN_HARD_TRUE_00609,1,hard,cpv_reclassification|missing_duration|timing_outlier
SYN_HARD_SRC_00610,,0,hard,none
SYN_HARD_SRC_00611,SYN_HARD_TRUE_00611,1,hard,missing_duration
SYN_HARD_SRC_00612,SYN_HARD_TRUE_00612,1,hard,accent_removed
SYN_HARD_SRC_00613,,0,hard,missing_duration
SYN_HARD_SRC_00614,SYN_HARD_TRUE_00614,1,hard,accent_removed|case_variation
SYN_HARD_SRC_00615,,0,hard,none
SYN_HARD_SRC_00616,,0,hard,none
SYN_HARD_SRC_00617,SYN_HARD_TRUE_00617,1,hard,legal_form_variation|missing_duration
SYN_HARD_SRC_00618,,0,hard,missing_cpv|missing_duration
SYN_HARD_SRC_00619,SYN_HARD_TRUE_00619,1,hard,missing_duration
SYN_HARD_SRC_00620,SYN_HARD_TRUE_00620,1,hard,accent_removed|cpv_reclassification|object_shortening
SYN_HARD_SRC_00621,SYN_HARD_TRUE_00621,1,hard,generic_cpv_replacement|object_shortening|timing_outlier
SYN_HARD_SRC_00622,,0,hard,none
SYN_HARD_SRC_00623,SYN_HARD_TRUE_00623,1,hard,none
SYN_HARD_SRC_00624,,0,hard,none
SYN_HARD_SRC_00625,SYN_HARD_TRUE_00625,1,hard,generic_cpv_replacement
SYN_HARD_SRC_00626,SYN_HARD_TRUE_00626,1,hard,missing_duration
SYN_HARD_SRC_00627,,0,hard,none
SYN_HARD_SRC_00628,SYN_HARD_TRUE_00628,1,hard,cpv_reclassification
SYN_HARD_SRC_00629,,0,hard,none
SYN_HARD_SRC_00630,SYN_HARD_TRUE_00630,1,hard,cpv_reclassification
SYN_HARD_SRC_00631,,0,hard,missing_cpv
SYN_HARD_SRC_00632,SYN_HARD_TRUE_00632,1,hard,buyer_abbreviation|case_variation|legal_form_variation
SYN_HARD_SRC_00633,,0,hard,none
SYN_HARD_SRC_00634,SYN_HARD_TRUE_00634,1,hard,none
SYN_HARD_SRC_00635,,0,hard,missing_duration
SYN_HARD_SRC_00636,SYN_HARD_TRUE_00636,1,hard,missing_duration
SYN_HARD_SRC_00637,,0,hard,none
SYN_HARD_SRC_00638,SYN_HARD_TRUE_00638,1,hard,missing_duration
SYN_HARD_SRC_00639,SYN_HARD_TRUE_00639,1,hard,missing_cpv|missing_duration|object_shortening
SYN_HARD_SRC_00640,SYN_HARD_TRUE_00640,1,hard,none
SYN_HARD_SRC_00641,,0,hard,none
SYN_HARD_SRC_00642,,0,hard,missing_duration
SYN_HARD_SRC_00643,,0,hard,none
SYN_HARD_SRC_00644,,0,hard,none
SYN_HARD_SRC_00645,SYN_HARD_TRUE_00645,1,hard,missing_duration
SYN_HARD_SRC_00646,,0,hard,missing_duration
SYN_HARD_SRC_00647,,0,hard,missing_duration
SYN_HARD_SRC_00648,,0,hard,none
SYN_HARD_SRC_00649,SYN_HARD_TRUE_00649,1,hard,none
SYN_HARD_SRC_00650,,0,hard,missing_duration
SYN_HARD_SRC_00651,,0,hard,missing_duration
SYN_HARD_SRC_00652,,0,hard,missing_duration
SYN_HARD_SRC_00653,SYN_HARD_TRUE_00653,1,hard,accent_removed|legal_form_variation
SYN_HARD_SRC_00654,SYN_HARD_TRUE_00654,1,hard,none
SYN_HARD_SRC_00655,SYN_HARD_TRUE_00655,1,hard,buyer_abbreviation|case_variation|timing_outlier
SYN_HARD_SRC_00656,SYN_HARD_TRUE_00656,1,hard,missing_duration
SYN_HARD_SRC_00657,SYN_HARD_TRUE_00657,1,hard,generic_cpv_replacement|legal_form_variation
SYN_HARD_SRC_00658,,0,hard,none
SYN_HARD_SRC_00659,,0,hard,missing_duration
SYN_HARD_SRC_00660,SYN_HARD_TRUE_00660,1,hard,cpv_reclassification|missing_cpv|object_shortening
SYN_HARD_SRC_00661,SYN_HARD_TRUE_00661,1,hard,cpv_reclassification
SYN_HARD_SRC_00662,SYN_HARD_TRUE_00662,1,hard,cpv_reclassification
SYN_HARD_SRC_00663,SYN_HARD_TRUE_00663,1,hard,none
SYN_HARD_SRC_00664,SYN_HARD_TRUE_00664,1,hard,generic_cpv_replacement
SYN_HARD_SRC_00665,SYN_HARD_TRUE_00665,1,hard,missing_duration
SYN_HARD_SRC_00666,SYN_HARD_TRUE_00666,1,hard,accent_removed|buyer_abbreviation|generic_cpv_replacement
SYN_HARD_SRC_00667,SYN_HARD_TRUE_00667,1,hard,missing_cpv
SYN_HARD_SRC_00668,SYN_HARD_TRUE_00668,1,hard,none
SYN_HARD_SRC_00669,SYN_HARD_TRUE_00669,1,hard,generic_cpv_replacement|timing_outlier
SYN_HARD_SRC_00670,SYN_HARD_TRUE_00670,1,hard,cpv_reclassification
SYN_HARD_SRC_00671,,0,hard,missing_duration
SYN_HARD_SRC_00672,SYN_HARD_TRUE_00672,1,hard,cpv_reclassification
SYN_HARD_SRC_00673,,0,hard,none
SYN_HARD_SRC_00674,,0,hard,none
SYN_HARD_SRC_00675,,0,hard,accent_removed|legal_form_variation|missing_cpv
SYN_HARD_SRC_00676,,0,hard,missing_duration
SYN_HARD_SRC_00677,SYN_HARD_TRUE_00677,1,hard,accent_removed|timing_outlier
SYN_HARD_SRC_00678,SYN_HARD_TRUE_00678,1,hard,missing_duration
SYN_HARD_SRC_00679,SYN_HARD_TRUE_00679,1,hard,cpv_reclassification|missing_duration|object_shortening
SYN_HARD_SRC_00680,SYN_HARD_TRUE_00680,1,hard,none
SYN_HARD_SRC_00681,SYN_HARD_TRUE_00681,1,hard,accent_removed|case_variation|legal_form_variation
SYN_HARD_SRC_00682,SYN_HARD_TRUE_00682,1,hard,object_shortening
SYN_HARD_SRC_00683,,0,hard,missing_cpv|missing_duration
SYN_HARD_SRC_00684,,0,hard,none
SYN_HARD_SRC_00685,,0,hard,none
SYN_HARD_SRC_00686,SYN_HARD_TRUE_00686,1,hard,missing_duration
SYN_HARD_SRC_00687,SYN_HARD_TRUE_00687,1,hard,missing_duration|object_shortening
SYN_HARD_SRC_00688,SYN_HARD_TRUE_00688,1,hard,case_variation|cpv_reclassification|timing_outlier
SYN_HARD_SRC_00689,SYN_HARD_TRUE_00689,1,hard,none
SYN_HARD_SRC_00690,SYN_HARD_TRUE_00690,1,hard,missing_duration
SYN_HARD_SRC_00691,,0,hard,missing_duration
SYN_HARD_SRC_00692,SYN_HARD_TRUE_00692,1,hard,none
SYN_HARD_SRC_00693,SYN_HARD_TRUE_00693,1,hard,missing_cpv|missing_duration|object_shortening
SYN_HARD_SRC_00694,SYN_HARD_TRUE_00694,1,hard,none
SYN_HARD_SRC_00695,SYN_HARD_TRUE_00695,1,hard,none
SYN_HARD_SRC_00696,,0,hard,none
SYN_HARD_SRC_00697,,0,hard,none
SYN_HARD_SRC_00698,,0,hard,missing_duration
SYN_HARD_SRC_00699,SYN_HARD_TRUE_00699,1,hard,missing_duration|object_shortening
SYN_HARD_SRC_00700,SYN_HARD_TRUE_00700,1,hard,cpv_reclassification
SYN_HARD_SRC_00701,SYN_HARD_TRUE_00701,1,hard,buyer_abbreviation|missing_duration
SYN_HARD_SRC_00702,SYN_HARD_TRUE_00702,1,hard,cpv_reclassification
SYN_HARD_SRC_00703,,0,hard,none
SYN_HARD_SRC_00704,,0,hard,none
SYN_HARD_SRC_00705,SYN_HARD_TRUE_00705,1,hard,missing_cpv|missing_duration
SYN_HARD_SRC_00706,,0,hard,none
SYN_HARD_SRC_00707,,0,hard,none
SYN_HARD_SRC_00708,,0,hard,none
SYN_HARD_SRC_00709,,0,hard,missing_duration
SYN_HARD_SRC_00710,SYN_HARD_TRUE_00710,1,hard,accent_removed|case_variation|object_shortening
SYN_HARD_SRC_00711,,0,hard,none
SYN_HARD_SRC_00712,SYN_HARD_TRUE_00712,1,hard,case_variation|object_shortening
SYN_HARD_SRC_00713,SYN_HARD_TRUE_00713,1,hard,buyer_abbreviation|case_variation|legal_form_variation|missing_duration|object_shortening|timing_outlier
SYN_HARD_SRC_00714,,0,hard,buyer_abbreviation|case_variation
SYN_HARD_SRC_00715,SYN_HARD_TRUE_00715,1,hard,missing_duration|object_shortening|timing_outlier
SYN_HARD_SRC_00716,,0,hard,none
SYN_HARD_SRC_00717,SYN_HARD_TRUE_00717,1,hard,missing_duration
SYN_HARD_SRC_00718,,0,hard,none
SYN_HARD_SRC_00719,SYN_HARD_TRUE_00719,1,hard,cpv_reclassification
SYN_HARD_SRC_00720,,0,hard,missing_duration
SYN_HARD_SRC_00721,,0,hard,none
SYN_HARD_SRC_00722,,0,hard,none
SYN_HARD_SRC_00723,,0,hard,none
SYN_HARD_SRC_00724,,0,hard,missing_duration
SYN_HARD_SRC_00725,,0,hard,missing_duration
SYN_HARD_SRC_00726,,0,hard,none
SYN_HARD_SRC_00727,,0,hard,missing_duration
SYN_HARD_SRC_00728,SYN_HARD_TRUE_00728,1,hard,none
SYN_HARD_SRC_00729,SYN_HARD_TRUE_00729,1,hard,cpv_reclassification|missing_duration|object_shortening
SYN_HARD_SRC_00730,SYN_HARD_TRUE_00730,1,hard,none
SYN_HARD_SRC_00731,SYN_HARD_TRUE_00731,1,hard,missing_duration
SYN_HARD_SRC_00732,SYN_HARD_TRUE_00732,1,hard,cpv_reclassification
SYN_HARD_SRC_00733,SYN_HARD_TRUE_00733,1,hard,generic_cpv_replacement
SYN_HARD_SRC_00734,SYN_HARD_TRUE_00734,1,hard,buyer_abbreviation|generic_cpv_replacement|legal_form_variation
SYN_HARD_SRC_00735,,0,hard,none
SYN_HARD_SRC_00736,SYN_HARD_TRUE_00736,1,hard,accent_removed|case_variation|object_shortening
SYN_HARD_SRC_00737,,0,hard,missing_duration
SYN_HARD_SRC_00738,,0,hard,none
SYN_HARD_SRC_00739,SYN_HARD_TRUE_00739,1,hard,cpv_reclassification|missing_duration
SYN_HARD_SRC_00740,,0,hard,none
SYN_HARD_SRC_00741,SYN_HARD_TRUE_00741,1,hard,case_variation|legal_form_variation
SYN_HARD_SRC_00742,SYN_HARD_TRUE_00742,1,hard,none
SYN_HARD_SRC_00743,,0,hard,missing_cpv
SYN_HARD_SRC_00744,SYN_HARD_TRUE_00744,1,hard,none
SYN_HARD_SRC_00745,,0,hard,none
SYN_HARD_SRC_00746,,0,hard,none
SYN_HARD_SRC_00747,,0,hard,missing_duration
SYN_HARD_SRC_00748,SYN_HARD_TRUE_00748,1,hard,missing_cpv|missing_duration
SYN_HARD_SRC_00749,SYN_HARD_TRUE_00749,1,hard,cpv_reclassification|missing_cpv
SYN_HARD_SRC_00750,SYN_HARD_TRUE_00750,1,hard,buyer_abbreviation|cpv_reclassification|legal_form_variation|missing_cpv
SYN_HARD_SRC_00751,,0,hard,none
SYN_HARD_SRC_00752,,0,hard,missing_duration
SYN_HARD_SRC_00753,SYN_HARD_TRUE_00753,1,hard,cpv_reclassification|missing_duration
SYN_HARD_SRC_00754,,0,hard,none
SYN_HARD_SRC_00755,SYN_HARD_TRUE_00755,1,hard,accent_removed|legal_form_variation
SYN_HARD_SRC_00756,SYN_HARD_TRUE_00756,1,hard,cpv_reclassification
SYN_HARD_SRC_00757,SYN_HARD_TRUE_00757,1,hard,none
SYN_HARD_SRC_00758,,0,hard,none
SYN_HARD_SRC_00759,,0,hard,none
SYN_HARD_SRC_00760,SYN_HARD_TRUE_00760,1,hard,cpv_reclassification|missing_cpv
SYN_HARD_SRC_00761,,0,hard,none
SYN_HARD_SRC_00762,,0,hard,none
SYN_HARD_SRC_00763,,0,hard,accent_removed|buyer_abbreviation|case_variation|missing_duration
SYN_HARD_SRC_00764,SYN_HARD_TRUE_00764,1,hard,cpv_reclassification
SYN_HARD_SRC_00765,,0,hard,none
SYN_HARD_SRC_00766,,0,hard,none
SYN_HARD_SRC_00767,SYN_HARD_TRUE_00767,1,hard,object_shortening
SYN_HARD_SRC_00768,SYN_HARD_TRUE_00768,1,hard,accent_removed|case_variation|legal_form_variation
SYN_HARD_SRC_00769,SYN_HARD_TRUE_00769,1,hard,generic_cpv_replacement|timing_outlier
SYN_HARD_SRC_00770,,0,hard,none
SYN_HARD_SRC_00771,,0,hard,none
SYN_HARD_SRC_00772,SYN_HARD_TRUE_00772,1,hard,timing_outlier
SYN_HARD_SRC_00773,,0,hard,none
SYN_HARD_SRC_00774,SYN_HARD_TRUE_00774,1,hard,cpv_reclassification|legal_form_variation|missing_duration|object_shortening
SYN_HARD_SRC_00775,SYN_HARD_TRUE_00775,1,hard,missing_duration
SYN_HARD_SRC_00776,,0,hard,none
SYN_HARD_SRC_00777,SYN_HARD_TRUE_00777,1,hard,missing_duration
SYN_HARD_SRC_00778,,0,hard,none
SYN_HARD_SRC_00779,,0,hard,missing_cpv
SYN_HARD_SRC_00780,,0,hard,missing_cpv
SYN_HARD_SRC_00781,,0,hard,missing_duration
SYN_HARD_SRC_00782,,0,hard,none
SYN_HARD_SRC_00783,SYN_HARD_TRUE_00783,1,hard,missing_duration
SYN_HARD_SRC_00784,SYN_HARD_TRUE_00784,1,hard,cpv_reclassification|object_shortening
SYN_HARD_SRC_00785,SYN_HARD_TRUE_00785,1,hard,accent_removed|buyer_abbreviation|case_variation|legal_form_variation|missing_cpv|missing_duration
SYN_HARD_SRC_00786,SYN_HARD_TRUE_00786,1,hard,object_shortening
SYN_HARD_SRC_00787,SYN_HARD_TRUE_00787,1,hard,object_shortening
SYN_HARD_SRC_00788,,0,hard,accent_removed|buyer_abbreviation|legal_form_variation
SYN_HARD_SRC_00789,SYN_HARD_TRUE_00789,1,hard,object_shortening|timing_outlier
SYN_HARD_SRC_00790,,0,hard,none
SYN_HARD_SRC_00791,SYN_HARD_TRUE_00791,1,hard,missing_cpv
SYN_HARD_SRC_00792,SYN_HARD_TRUE_00792,1,hard,none
SYN_HARD_SRC_00793,,0,hard,missing_duration
SYN_HARD_SRC_00794,SYN_HARD_TRUE_00794,1,hard,generic_cpv_replacement
SYN_HARD_SRC_00795,,0,hard,none
SYN_HARD_SRC_00796,,0,hard,none
SYN_HARD_SRC_00797,SYN_HARD_TRUE_00797,1,hard,generic_cpv_replacement
SYN_HARD_SRC_00798,SYN_HARD_TRUE_00798,1,hard,cpv_reclassification|timing_outlier
SYN_HARD_SRC_00799,SYN_HARD_TRUE_00799,1,hard,none
SYN_HARD_SRC_00800,SYN_HARD_TRUE_00800,1,hard,accent_removed|buyer_abbreviation
SYN_HARD_SRC_00801,,0,hard,none
SYN_HARD_SRC_00802,,0,hard,missing_duration
SYN_HARD_SRC_00803,SYN_HARD_TRUE_00803,1,hard,missing_duration
SYN_HARD_SRC_00804,,0,hard,none
SYN_HARD_SRC_00805,,0,hard,missing_cpv
SYN_HARD_SRC_00806,,0,hard,missing_duration
SYN_HARD_SRC_00807,,0,hard,none
SYN_HARD_SRC_00808,,0,hard,buyer_abbreviation|case_variation|missing_duration
SYN_HARD_SRC_00809,SYN_HARD_TRUE_00809,1,hard,none
SYN_HARD_SRC_00810,,0,hard,none
SYN_HARD_SRC_00811,,0,hard,none
SYN_HARD_SRC_00812,SYN_HARD_TRUE_00812,1,hard,timing_outlier
SYN_HARD_SRC_00813,SYN_HARD_TRUE_00813,1,hard,cpv_reclassification
SYN_HARD_SRC_00814,SYN_HARD_TRUE_00814,1,hard,case_variation|missing_duration
SYN_HARD_SRC_00815,,0,hard,none
SYN_HARD_SRC_00816,,0,hard,none
SYN_HARD_SRC_00817,,0,hard,missing_duration
SYN_HARD_SRC_00818,,0,hard,missing_duration
SYN_HARD_SRC_00819,SYN_HARD_TRUE_00819,1,hard,accent_removed|case_variation
SYN_HARD_SRC_00820,SYN_HARD_TRUE_00820,1,hard,accent_removed|case_variation|missing_duration
SYN_HARD_SRC_00821,SYN_HARD_TRUE_00821,1,hard,case_variation|object_shortening
SYN_HARD_SRC_00822,,0,hard,missing_duration
SYN_HARD_SRC_00823,,0,hard,missing_duration
SYN_HARD_SRC_00824,,0,hard,missing_cpv
SYN_HARD_SRC_00825,SYN_HARD_TRUE_00825,1,hard,cpv_reclassification|object_shortening
SYN_HARD_SRC_00826,,0,hard,none
SYN_HARD_SRC_00827,SYN_HARD_TRUE_00827,1,hard,object_shortening
SYN_HARD_SRC_00828,SYN_HARD_TRUE_00828,1,hard,buyer_abbreviation|generic_cpv_replacement|timing_outlier
SYN_HARD_SRC_00829,SYN_HARD_TRUE_00829,1,hard,none
SYN_HARD_SRC_00830,,0,hard,none
SYN_HARD_SRC_00831,,0,hard,none
SYN_HARD_SRC_00832,SYN_HARD_TRUE_00832,1,hard,none
SYN_HARD_SRC_00833,SYN_HARD_TRUE_00833,1,hard,missing_duration
SYN_HARD_SRC_00834,SYN_HARD_TRUE_00834,1,hard,none
SYN_HARD_SRC_00835,,0,hard,none
SYN_HARD_SRC_00836,SYN_HARD_TRUE_00836,1,hard,buyer_abbreviation|generic_cpv_replacement
SYN_HARD_SRC_00837,,0,hard,buyer_abbreviation
SYN_HARD_SRC_00838,SYN_HARD_TRUE_00838,1,hard,accent_removed
SYN_HARD_SRC_00839,,0,hard,none
SYN_HARD_SRC_00840,SYN_HARD_TRUE_00840,1,hard,missing_cpv
SYN_HARD_SRC_00841,,0,hard,none
SYN_HARD_SRC_00842,SYN_HARD_TRUE_00842,1,hard,none
SYN_HARD_SRC_00843,SYN_HARD_TRUE_00843,1,hard,accent_removed|buyer_abbreviation|case_variation|generic_cpv_replacement|object_shortening
SYN_HARD_SRC_00844,SYN_HARD_TRUE_00844,1,hard,none
SYN_HARD_SRC_00845,,0,hard,none
SYN_HARD_SRC_00846,,0,hard,accent_removed|buyer_abbreviation|legal_form_variation
SYN_HARD_SRC_00847,,0,hard,missing_duration
SYN_HARD_SRC_00848,SYN_HARD_TRUE_00848,1,hard,missing_duration
SYN_HARD_SRC_00849,SYN_HARD_TRUE_00849,1,hard,timing_outlier
SYN_HARD_SRC_00850,,0,hard,case_variation
SYN_HARD_SRC_00851,,0,hard,none
SYN_HARD_SRC_00852,SYN_HARD_TRUE_00852,1,hard,object_shortening
SYN_HARD_SRC_00853,,0,hard,none
SYN_HARD_SRC_00854,,0,hard,none
SYN_HARD_SRC_00855,,0,hard,none
SYN_HARD_SRC_00856,,0,hard,missing_duration
SYN_HARD_SRC_00857,,0,hard,case_variation|missing_duration
SYN_HARD_SRC_00858,,0,hard,missing_duration
SYN_HARD_SRC_00859,,0,hard,none
SYN_HARD_SRC_00860,,0,hard,none
SYN_HARD_SRC_00861,SYN_HARD_TRUE_00861,1,hard,legal_form_variation|missing_duration
SYN_HARD_SRC_00862,,0,hard,missing_cpv
SYN_HARD_SRC_00863,,0,hard,none
SYN_HARD_SRC_00864,SYN_HARD_TRUE_00864,1,hard,cpv_reclassification
SYN_HARD_SRC_00865,SYN_HARD_TRUE_00865,1,hard,object_shortening
SYN_HARD_SRC_00866,SYN_HARD_TRUE_00866,1,hard,generic_cpv_replacement
SYN_HARD_SRC_00867,SYN_HARD_TRUE_00867,1,hard,legal_form_variation|missing_duration
SYN_HARD_SRC_00868,SYN_HARD_TRUE_00868,1,hard,accent_removed|case_variation|cpv_reclassification|legal_form_variation|missing_cpv
SYN_HARD_SRC_00869,,0,hard,missing_cpv|missing_duration
SYN_HARD_SRC_00870,SYN_HARD_TRUE_00870,1,hard,cpv_reclassification
SYN_HARD_SRC_00871,,0,hard,missing_duration
SYN_HARD_SRC_00872,,0,hard,missing_duration
SYN_HARD_SRC_00873,SYN_HARD_TRUE_00873,1,hard,missing_cpv
SYN_HARD_SRC_00874,,0,hard,none
SYN_HARD_SRC_00875,SYN_HARD_TRUE_00875,1,hard,cpv_reclassification
SYN_HARD_SRC_00876,,0,hard,none
SYN_HARD_SRC_00877,,0,hard,none
SYN_HARD_SRC_00878,,0,hard,none
SYN_HARD_SRC_00879,SYN_HARD_TRUE_00879,1,hard,timing_outlier
SYN_HARD_SRC_00880,SYN_HARD_TRUE_00880,1,hard,none
SYN_HARD_SRC_00881,,0,hard,missing_duration
SYN_HARD_SRC_00882,,0,hard,none
SYN_HARD_SRC_00883,SYN_HARD_TRUE_00883,1,hard,generic_cpv_replacement
SYN_HARD_SRC_00884,SYN_HARD_TRUE_00884,1,hard,missing_duration
SYN_HARD_SRC_00885,SYN_HARD_TRUE_00885,1,hard,object_shortening
SYN_HARD_SRC_00886,,0,hard,none
SYN_HARD_SRC_00887,SYN_HARD_TRUE_00887,1,hard,generic_cpv_replacement
SYN_HARD_SRC_00888,,0,hard,none
SYN_HARD_SRC_00889,,0,hard,buyer_abbreviation
SYN_HARD_SRC_00890,,0,hard,none
SYN_HARD_SRC_00891,,0,hard,none
SYN_HARD_SRC_00892,SYN_HARD_TRUE_00892,1,hard,none
SYN_HARD_SRC_00893,,0,hard,none
SYN_HARD_SRC_00894,,0,hard,missing_duration
SYN_HARD_SRC_00895,SYN_HARD_TRUE_00895,1,hard,timing_outlier
SYN_HARD_SRC_00896,SYN_HARD_TRUE_00896,1,hard,generic_cpv_replacement
SYN_HARD_SRC_00897,SYN_HARD_TRUE_00897,1,hard,missing_duration
SYN_HARD_SRC_00898,SYN_HARD_TRUE_00898,1,hard,none
SYN_HARD_SRC_00899,,0,hard,none
SYN_HARD_SRC_00900,,0,hard,none
SYN_HARD_SRC_00901,,0,hard,none
SYN_HARD_SRC_00902,SYN_HARD_TRUE_00902,1,hard,cpv_reclassification|object_shortening
SYN_HARD_SRC_00903,SYN_HARD_TRUE_00903,1,hard,none
SYN_HARD_SRC_00904,,0,hard,none
SYN_HARD_SRC_00905,,0,hard,none
SYN_HARD_SRC_00906,SYN_HARD_TRUE_00906,1,hard,generic_cpv_replacement
SYN_HARD_SRC_00907,SYN_HARD_TRUE_00907,1,hard,none
SYN_HARD_SRC_00908,SYN_HARD_TRUE_00908,1,hard,generic_cpv_replacement
SYN_HARD_SRC_00909,SYN_HARD_TRUE_00909,1,hard,missing_duration
SYN_HARD_SRC_00910,SYN_HARD_TRUE_00910,1,hard,accent_removed|legal_form_variation|timing_outlier
SYN_HARD_SRC_00911,,0,hard,none
SYN_HARD_SRC_00912,,0,hard,none
SYN_HARD_SRC_00913,,0,hard,none
SYN_HARD_SRC_00914,SYN_HARD_TRUE_00914,1,hard,object_shortening
SYN_HARD_SRC_00915,,0,hard,none
SYN_HARD_SRC_00916,SYN_HARD_TRUE_00916,1,hard,buyer_abbreviation|generic_cpv_replacement|legal_form_variation|object_shortening
SYN_HARD_SRC_00917,SYN_HARD_TRUE_00917,1,hard,none
SYN_HARD_SRC_00918,,0,hard,none
SYN_HARD_SRC_00919,SYN_HARD_TRUE_00919,1,hard,missing_duration
SYN_HARD_SRC_00920,SYN_HARD_TRUE_00920,1,hard,missing_duration|object_shortening
SYN_HARD_SRC_00921,SYN_HARD_TRUE_00921,1,hard,missing_duration
SYN_HARD_SRC_00922,,0,hard,none
SYN_HARD_SRC_00923,,0,hard,buyer_abbreviation
SYN_HARD_SRC_00924,,0,hard,missing_duration
SYN_HARD_SRC_00925,SYN_HARD_TRUE_00925,1,hard,cpv_reclassification|missing_duration|timing_outlier
SYN_HARD_SRC_00926,,0,hard,missing_cpv
SYN_HARD_SRC_00927,SYN_HARD_TRUE_00927,1,hard,missing_duration|object_shortening
SYN_HARD_SRC_00928,,0,hard,none
SYN_HARD_SRC_00929,,0,hard,none
SYN_HARD_SRC_00930,SYN_HARD_TRUE_00930,1,hard,case_variation|object_shortening
SYN_HARD_SRC_00931,SYN_HARD_TRUE_00931,1,hard,object_shortening
SYN_HARD_SRC_00932,SYN_HARD_TRUE_00932,1,hard,timing_outlier
SYN_HARD_SRC_00933,,0,hard,none
SYN_HARD_SRC_00934,,0,hard,none
SYN_HARD_SRC_00935,,0,hard,missing_cpv
SYN_HARD_SRC_00936,SYN_HARD_TRUE_00936,1,hard,missing_duration
SYN_HARD_SRC_00937,SYN_HARD_TRUE_00937,1,hard,object_shortening
SYN_HARD_SRC_00938,SYN_HARD_TRUE_00938,1,hard,accent_removed|buyer_abbreviation|generic_cpv_replacement
SYN_HARD_SRC_00939,,0,hard,none
SYN_HARD_SRC_00940,SYN_HARD_TRUE_00940,1,hard,none
SYN_HARD_SRC_00941,,0,hard,case_variation|missing_duration
SYN_HARD_SRC_00942,,0,hard,missing_duration
SYN_HARD_SRC_00943,SYN_HARD_TRUE_00943,1,hard,none
SYN_HARD_SRC_00944,,0,hard,missing_duration
SYN_HARD_SRC_00945,,0,hard,none
SYN_HARD_SRC_00946,,0,hard,none
SYN_HARD_SRC_00947,,0,hard,missing_duration
SYN_HARD_SRC_00948,SYN_HARD_TRUE_00948,1,hard,missing_duration|object_shortening
SYN_HARD_SRC_00949,SYN_HARD_TRUE_00949,1,hard,object_shortening
SYN_HARD_SRC_00950,,0,hard,none
SYN_HARD_SRC_00951,,0,hard,accent_removed|missing_duration
SYN_HARD_SRC_00952,SYN_HARD_TRUE_00952,1,hard,object_shortening
SYN_HARD_SRC_00953,,0,hard,none
SYN_HARD_SRC_00954,SYN_HARD_TRUE_00954,1,hard,cpv_reclassification|missing_duration
SYN_HARD_SRC_00955,,0,hard,missing_cpv|missing_duration
SYN_HARD_SRC_00956,,0,hard,missing_duration
SYN_HARD_SRC_00957,,0,hard,none
SYN_HARD_SRC_00958,,0,hard,missing_duration
SYN_HARD_SRC_00959,SYN_HARD_TRUE_00959,1,hard,missing_duration
SYN_HARD_SRC_00960,,0,hard,missing_duration
SYN_HARD_SRC_00961,SYN_HARD_TRUE_00961,1,hard,cpv_reclassification
SYN_HARD_SRC_00962,SYN_HARD_TRUE_00962,1,hard,cpv_reclassification
SYN_HARD_SRC_00963,SYN_HARD_TRUE_00963,1,hard,missing_duration
SYN_HARD_SRC_00964,SYN_HARD_TRUE_00964,1,hard,generic_cpv_replacement|missing_duration
SYN_HARD_SRC_00965,,0,hard,none
SYN_HARD_SRC_00966,,0,hard,none
SYN_HARD_SRC_00967,,0,hard,none
SYN_HARD_SRC_00968,,0,hard,none
SYN_HARD_SRC_00969,SYN_HARD_TRUE_00969,1,hard,accent_removed|legal_form_variation|object_shortening
SYN_HARD_SRC_00970,SYN_HARD_TRUE_00970,1,hard,cpv_reclassification
SYN_HARD_SRC_00971,,0,hard,none
SYN_HARD_SRC_00972,SYN_HARD_TRUE_00972,1,hard,object_shortening
SYN_HARD_SRC_00973,SYN_HARD_TRUE_00973,1,hard,buyer_abbreviation|case_variation|legal_form_variation
SYN_HARD_SRC_00974,,0,hard,none
SYN_HARD_SRC_00975,,0,hard,accent_removed|buyer_abbreviation
SYN_HARD_SRC_00976,,0,hard,missing_duration
SYN_HARD_SRC_00977,,0,hard,none
SYN_HARD_SRC_00978,SYN_HARD_TRUE_00978,1,hard,cpv_reclassification|missing_duration
SYN_HARD_SRC_00979,,0,hard,none
SYN_HARD_SRC_00980,SYN_HARD_TRUE_00980,1,hard,cpv_reclassification
SYN_HARD_SRC_00981,,0,hard,missing_duration
SYN_HARD_SRC_00982,,0,hard,none
SYN_HARD_SRC_00983,,0,hard,missing_duration
SYN_HARD_SRC_00984,,0,hard,none
SYN_HARD_SRC_00985,SYN_HARD_TRUE_00985,1,hard,none
SYN_HARD_SRC_00986,,0,hard,missing_duration
SYN_HARD_SRC_00987,,0,hard,none
SYN_HARD_SRC_00988,,0,hard,accent_removed|missing_duration
SYN_HARD_SRC_00989,SYN_HARD_TRUE_00989,1,hard,case_variation
SYN_HARD_SRC_00990,,0,hard,none
SYN_HARD_SRC_00991,SYN_HARD_TRUE_00991,1,hard,generic_cpv_replacement
SYN_HARD_SRC_00992,SYN_HARD_TRUE_00992,1,hard,none
SYN_HARD_SRC_00993,SYN_HARD_TRUE_00993,1,hard,timing_outlier
SYN_HARD_SRC_00994,SYN_HARD_TRUE_00994,1,hard,accent_removed|legal_form_variation|missing_cpv
SYN_HARD_SRC_00995,,0,hard,none
SYN_HARD_SRC_00996,,0,hard,none
SYN_HARD_SRC_00997,SYN_HARD_TRUE_00997,1,hard,object_shortening
SYN_HARD_SRC_00998,SYN_HARD_TRUE_00998,1,hard,object_shortening
SYN_HARD_SRC_00999,SYN_HARD_TRUE_00999,1,hard,cpv_reclassification|missing_cpv
SYN_HARD_SRC_01000,,0,hard,missing_duration
SYN_HARD_SRC_01001,,0,hard,missing_duration
SYN_HARD_SRC_01002,SYN_HARD_TRUE_01002,1,hard,none
SYN_HARD_SRC_01003,,0,hard,none
SYN_HARD_SRC_01004,,0,hard,missing_duration
SYN_HARD_SRC_01005,SYN_HARD_TRUE_01005,1,hard,missing_duration
SYN_HARD_SRC_01006,,0,hard,missing_duration
SYN_HARD_SRC_01007,SYN_HARD_TRUE_01007,1,hard,none
SYN_HARD_SRC_01008,SYN_HARD_TRUE_01008,1,hard,none
SYN_HARD_SRC_01009,,0,hard,none
SYN_HARD_SRC_01010,SYN_HARD_TRUE_01010,1,hard,missing_duration
SYN_HARD_SRC_01011,,0,hard,missing_duration
SYN_HARD_SRC_01012,,0,hard,none
SYN_HARD_SRC_01013,,0,hard,none
SYN_HARD_SRC_01014,SYN_HARD_TRUE_01014,1,hard,missing_duration|object_shortening
SYN_HARD_SRC_01015,,0,hard,none
SYN_HARD_SRC_01016,SYN_HARD_TRUE_01016,1,hard,missing_cpv|missing_duration
SYN_HARD_SRC_01017,SYN_HARD_TRUE_01017,1,hard,object_shortening
SYN_HARD_SRC_01018,SYN_HARD_TRUE_01018,1,hard,none
SYN_HARD_SRC_01019,,0,hard,none
SYN_HARD_SRC_01020,SYN_HARD_TRUE_01020,1,hard,none
SYN_HARD_SRC_01021,SYN_HARD_TRUE_01021,1,hard,none
SYN_HARD_SRC_01022,SYN_HARD_TRUE_01022,1,hard,none
SYN_HARD_SRC_01023,SYN_HARD_TRUE_01023,1,hard,cpv_reclassification|object_shortening
SYN_HARD_SRC_01024,,0,hard,none
SYN_HARD_SRC_01025,SYN_HARD_TRUE_01025,1,hard,missing_duration
SYN_HARD_SRC_01026,,0,hard,none
SYN_HARD_SRC_01027,SYN_HARD_TRUE_01027,1,hard,accent_removed|cpv_reclassification|timing_outlier
SYN_HARD_SRC_01028,,0,hard,none
SYN_HARD_SRC_01029,SYN_HARD_TRUE_01029,1,hard,none
SYN_HARD_SRC_01030,SYN_HARD_TRUE_01030,1,hard,none
SYN_HARD_SRC_01031,,0,hard,none
SYN_HARD_SRC_01032,,0,hard,none
SYN_HARD_SRC_01033,SYN_HARD_TRUE_01033,1,hard,cpv_reclassification
SYN_HARD_SRC_01034,,0,hard,missing_cpv
SYN_HARD_SRC_01035,,0,hard,none
SYN_HARD_SRC_01036,SYN_HARD_TRUE_01036,1,hard,accent_removed|cpv_reclassification|missing_duration
SYN_HARD_SRC_01037,SYN_HARD_TRUE_01037,1,hard,timing_outlier
SYN_HARD_SRC_01038,SYN_HARD_TRUE_01038,1,hard,generic_cpv_replacement
SYN_HARD_SRC_01039,,0,hard,missing_duration
SYN_HARD_SRC_01040,,0,hard,missing_duration
SYN_HARD_SRC_01041,,0,hard,missing_duration
SYN_HARD_SRC_01042,,0,hard,accent_removed|buyer_abbreviation|legal_form_variation
SYN_HARD_SRC_01043,,0,hard,accent_removed|case_variation
SYN_HARD_SRC_01044,,0,hard,none
SYN_HARD_SRC_01045,SYN_HARD_TRUE_01045,1,hard,none
SYN_HARD_SRC_01046,,0,hard,missing_duration
SYN_HARD_SRC_01047,,0,hard,missing_duration
SYN_HARD_SRC_01048,SYN_HARD_TRUE_01048,1,hard,accent_removed|buyer_abbreviation|case_variation|legal_form_variation
SYN_HARD_SRC_01049,,0,hard,missing_duration
SYN_HARD_SRC_01050,,0,hard,missing_duration
SYN_HARD_SRC_01051,,0,hard,missing_cpv
SYN_HARD_SRC_01052,,0,hard,none
SYN_HARD_SRC_01053,SYN_HARD_TRUE_01053,1,hard,none
SYN_HARD_SRC_01054,SYN_HARD_TRUE_01054,1,hard,case_variation|generic_cpv_replacement|legal_form_variation|missing_duration
SYN_HARD_SRC_01055,SYN_HARD_TRUE_01055,1,hard,timing_outlier
SYN_HARD_SRC_01056,SYN_HARD_TRUE_01056,1,hard,cpv_reclassification|missing_duration
SYN_HARD_SRC_01057,SYN_HARD_TRUE_01057,1,hard,none
SYN_HARD_SRC_01058,SYN_HARD_TRUE_01058,1,hard,buyer_abbreviation|missing_cpv|missing_duration
SYN_HARD_SRC_01059,SYN_HARD_TRUE_01059,1,hard,object_shortening|timing_outlier
SYN_HARD_SRC_01060,SYN_HARD_TRUE_01060,1,hard,accent_removed|buyer_abbreviation|cpv_reclassification|missing_cpv|object_shortening
SYN_HARD_SRC_01061,SYN_HARD_TRUE_01061,1,hard,missing_duration
SYN_HARD_SRC_01062,,0,hard,none
SYN_HARD_SRC_01063,,0,hard,missing_duration
SYN_HARD_SRC_01064,,0,hard,none
SYN_HARD_SRC_01065,SYN_HARD_TRUE_01065,1,hard,object_shortening
SYN_HARD_SRC_01066,,0,hard,none
SYN_HARD_SRC_01067,,0,hard,none
SYN_HARD_SRC_01068,,0,hard,none
SYN_HARD_SRC_01069,,0,hard,none
SYN_HARD_SRC_01070,SYN_HARD_TRUE_01070,1,hard,none
SYN_HARD_SRC_01071,SYN_HARD_TRUE_01071,1,hard,cpv_reclassification
SYN_HARD_SRC_01072,,0,hard,legal_form_variation
SYN_HARD_SRC_01073,SYN_HARD_TRUE_01073,1,hard,missing_cpv
SYN_HARD_SRC_01074,,0,hard,none
SYN_HARD_SRC_01075,,0,hard,none
SYN_HARD_SRC_01076,SYN_HARD_TRUE_01076,1,hard,accent_removed|buyer_abbreviation
SYN_HARD_SRC_01077,SYN_HARD_TRUE_01077,1,hard,timing_outlier
SYN_HARD_SRC_01078,,0,hard,missing_duration
SYN_HARD_SRC_01079,,0,hard,missing_duration
SYN_HARD_SRC_01080,,0,hard,missing_duration
SYN_HARD_SRC_01081,,0,hard,missing_duration
SYN_HARD_SRC_01082,,0,hard,missing_duration
SYN_HARD_SRC_01083,SYN_HARD_TRUE_01083,1,hard,cpv_reclassification
SYN_HARD_SRC_01084,SYN_HARD_TRUE_01084,1,hard,accent_removed|object_shortening
SYN_HARD_SRC_01085,SYN_HARD_TRUE_01085,1,hard,cpv_reclassification
SYN_HARD_SRC_01086,,0,hard,none
SYN_HARD_SRC_01087,,0,hard,none
SYN_HARD_SRC_01088,,0,hard,missing_duration
SYN_HARD_SRC_01089,,0,hard,missing_duration
SYN_HARD_SRC_01090,SYN_HARD_TRUE_01090,1,hard,missing_duration|object_shortening
SYN_HARD_SRC_01091,,0,hard,none
SYN_HARD_SRC_01092,,0,hard,none
SYN_HARD_SRC_01093,,0,hard,missing_duration
SYN_HARD_SRC_01094,,0,hard,none
SYN_HARD_SRC_01095,SYN_HARD_TRUE_01095,1,hard,generic_cpv_replacement
SYN_HARD_SRC_01096,,0,hard,accent_removed|case_variation|missing_duration
SYN_HARD_SRC_01097,,0,hard,missing_duration
SYN_HARD_SRC_01098,SYN_HARD_TRUE_01098,1,hard,case_variation|cpv_reclassification|legal_form_variation|timing_outlier
SYN_HARD_SRC_01099,,0,hard,none
SYN_HARD_SRC_01100,,0,hard,missing_duration
SYN_HARD_SRC_01101,,0,hard,none
SYN_HARD_SRC_01102,,0,hard,buyer_abbreviation|legal_form_variation|missing_duration
SYN_HARD_SRC_01103,,0,hard,missing_cpv
SYN_HARD_SRC_01104,,0,hard,none
SYN_HARD_SRC_01105,SYN_HARD_TRUE_01105,1,hard,case_variation
SYN_HARD_SRC_01106,,0,hard,none
SYN_HARD_SRC_01107,,0,hard,none
SYN_HARD_SRC_01108,,0,hard,missing_duration
SYN_HARD_SRC_01109,,0,hard,none
SYN_HARD_SRC_01110,,0,hard,none
SYN_HARD_SRC_01111,,0,hard,missing_duration
SYN_HARD_SRC_01112,,0,hard,missing_duration
SYN_HARD_SRC_01113,SYN_HARD_TRUE_01113,1,hard,none
SYN_HARD_SRC_01114,SYN_HARD_TRUE_01114,1,hard,case_variation|legal_form_variation|timing_outlier
SYN_HARD_SRC_01115,SYN_HARD_TRUE_01115,1,hard,none
SYN_HARD_SRC_01116,SYN_HARD_TRUE_01116,1,hard,buyer_abbreviation|legal_form_variation|missing_cpv|missing_duration
SYN_HARD_SRC_01117,SYN_HARD_TRUE_01117,1,hard,none
SYN_HARD_SRC_01118,,0,hard,none
SYN_HARD_SRC_01119,SYN_HARD_TRUE_01119,1,hard,generic_cpv_replacement
SYN_HARD_SRC_01120,SYN_HARD_TRUE_01120,1,hard,none
SYN_HARD_SRC_01121,,0,hard,missing_duration
SYN_HARD_SRC_01122,,0,hard,missing_duration
SYN_HARD_SRC_01123,SYN_HARD_TRUE_01123,1,hard,object_shortening
SYN_HARD_SRC_01124,SYN_HARD_TRUE_01124,1,hard,object_shortening
SYN_HARD_SRC_01125,,0,hard,none
SYN_HARD_SRC_01126,SYN_HARD_TRUE_01126,1,hard,none
SYN_HARD_SRC_01127,SYN_HARD_TRUE_01127,1,hard,missing_duration|object_shortening
SYN_HARD_SRC_01128,SYN_HARD_TRUE_01128,1,hard,missing_duration|timing_outlier
SYN_HARD_SRC_01129,,0,hard,none
SYN_HARD_SRC_01130,,0,hard,none
SYN_HARD_SRC_01131,,0,hard,missing_duration
SYN_HARD_SRC_01132,,0,hard,missing_duration
SYN_HARD_SRC_01133,,0,hard,missing_duration
SYN_HARD_SRC_01134,,0,hard,missing_duration
SYN_HARD_SRC_01135,,0,hard,missing_duration
SYN_HARD_SRC_01136,,0,hard,none
SYN_HARD_SRC_01137,,0,hard,none
SYN_HARD_SRC_01138,,0,hard,none
SYN_HARD_SRC_01139,,0,hard,none
SYN_HARD_SRC_01140,,0,hard,missing_duration
SYN_HARD_SRC_01141,,0,hard,none
SYN_HARD_SRC_01142,,0,hard,none
SYN_HARD_SRC_01143,,0,hard,none
SYN_HARD_SRC_01144,SYN_HARD_TRUE_01144,1,hard,cpv_reclassification
SYN_HARD_SRC_01145,SYN_HARD_TRUE_01145,1,hard,none
SYN_HARD_SRC_01146,,0,hard,none
SYN_HARD_SRC_01147,,0,hard,missing_duration
SYN_HARD_SRC_01148,SYN_HARD_TRUE_01148,1,hard,generic_cpv_replacement
SYN_HARD_SRC_01149,SYN_HARD_TRUE_01149,1,hard,cpv_reclassification|missing_duration
SYN_HARD_SRC_01150,SYN_HARD_TRUE_01150,1,hard,missing_duration
SYN_HARD_SRC_01151,,0,hard,missing_duration
SYN_HARD_SRC_01152,SYN_HARD_TRUE_01152,1,hard,missing_duration|object_shortening
SYN_HARD_SRC_01153,SYN_HARD_TRUE_01153,1,hard,cpv_reclassification|missing_duration
SYN_HARD_SRC_01154,SYN_HARD_TRUE_01154,1,hard,missing_duration
SYN_HARD_SRC_01155,SYN_HARD_TRUE_01155,1,hard,generic_cpv_replacement
SYN_HARD_SRC_01156,SYN_HARD_TRUE_01156,1,hard,missing_cpv|missing_duration
SYN_HARD_SRC_01157,,0,hard,none
SYN_HARD_SRC_01158,,0,hard,none
SYN_HARD_SRC_01159,SYN_HARD_TRUE_01159,1,hard,generic_cpv_replacement|missing_duration
SYN_HARD_SRC_01160,,0,hard,none
SYN_HARD_SRC_01161,SYN_HARD_TRUE_01161,1,hard,cpv_reclassification|missing_duration
SYN_HARD_SRC_01162,SYN_HARD_TRUE_01162,1,hard,cpv_reclassification|object_shortening|timing_outlier
SYN_HARD_SRC_01163,,0,hard,missing_duration
SYN_HARD_SRC_01164,SYN_HARD_TRUE_01164,1,hard,buyer_abbreviation|cpv_reclassification|legal_form_variation|object_shortening|timing_outlier
SYN_HARD_SRC_01165,SYN_HARD_TRUE_01165,1,hard,accent_removed|object_shortening
SYN_HARD_SRC_01166,SYN_HARD_TRUE_01166,1,hard,generic_cpv_replacement
SYN_HARD_SRC_01167,SYN_HARD_TRUE_01167,1,hard,generic_cpv_replacement|missing_duration
SYN_HARD_SRC_01168,SYN_HARD_TRUE_01168,1,hard,none
SYN_HARD_SRC_01169,SYN_HARD_TRUE_01169,1,hard,timing_outlier
SYN_HARD_SRC_01170,SYN_HARD_TRUE_01170,1,hard,missing_duration
SYN_HARD_SRC_01171,,0,hard,none
SYN_HARD_SRC_01172,SYN_HARD_TRUE_01172,1,hard,object_shortening
SYN_HARD_SRC_01173,SYN_HARD_TRUE_01173,1,hard,buyer_abbreviation|case_variation|legal_form_variation
SYN_HARD_SRC_01174,SYN_HARD_TRUE_01174,1,hard,missing_duration
SYN_HARD_SRC_01175,,0,hard,missing_duration
SYN_HARD_SRC_01176,,0,hard,missing_duration
SYN_HARD_SRC_01177,,0,hard,none
SYN_HARD_SRC_01178,,0,hard,missing_duration
SYN_HARD_SRC_01179,,0,hard,missing_duration
SYN_HARD_SRC_01180,,0,hard,none
SYN_HARD_SRC_01181,SYN_HARD_TRUE_01181,1,hard,missing_duration
SYN_HARD_SRC_01182,,0,hard,missing_duration
SYN_HARD_SRC_01183,SYN_HARD_TRUE_01183,1,hard,none
SYN_HARD_SRC_01184,,0,hard,none
SYN_HARD_SRC_01185,,0,hard,none
SYN_HARD_SRC_01186,,0,hard,none
SYN_HARD_SRC_01187,SYN_HARD_TRUE_01187,1,hard,none
SYN_HARD_SRC_01188,SYN_HARD_TRUE_01188,1,hard,missing_cpv|missing_duration
SYN_HARD_SRC_01189,SYN_HARD_TRUE_01189,1,hard,none
SYN_HARD_SRC_01190,SYN_HARD_TRUE_01190,1,hard,none
SYN_HARD_SRC_01191,,0,hard,accent_removed|buyer_abbreviation|legal_form_variation
SYN_HARD_SRC_01192,SYN_HARD_TRUE_01192,1,hard,generic_cpv_replacement|timing_outlier
SYN_HARD_SRC_01193,,0,hard,none
SYN_HARD_SRC_01194,,0,hard,missing_duration
SYN_HARD_SRC_01195,,0,hard,none
SYN_HARD_SRC_01196,SYN_HARD_TRUE_01196,1,hard,accent_removed|legal_form_variation|missing_cpv|object_shortening
SYN_HARD_SRC_01197,SYN_HARD_TRUE_01197,1,hard,none
SYN_HARD_SRC_01198,,0,hard,case_variation
SYN_HARD_SRC_01199,SYN_HARD_TRUE_01199,1,hard,buyer_abbreviation|missing_duration
SYN_HARD_SRC_01200,,0,hard,none
SYN_HARD_SRC_01201,SYN_HARD_TRUE_01201,1,hard,accent_removed|buyer_abbreviation|case_variation
SYN_HARD_SRC_01202,,0,hard,missing_duration
SYN_HARD_SRC_01203,SYN_HARD_TRUE_01203,1,hard,object_shortening
SYN_HARD_SRC_01204,SYN_HARD_TRUE_01204,1,hard,cpv_reclassification|missing_duration
SYN_HARD_SRC_01205,SYN_HARD_TRUE_01205,1,hard,none
SYN_HARD_SRC_01206,,0,hard,none
SYN_HARD_SRC_01207,SYN_HARD_TRUE_01207,1,hard,none
SYN_HARD_SRC_01208,,0,hard,missing_duration
SYN_HARD_SRC_01209,,0,hard,none
SYN_HARD_SRC_01210,SYN_HARD_TRUE_01210,1,hard,none
SYN_HARD_SRC_01211,,0,hard,none
SYN_HARD_SRC_01212,SYN_HARD_TRUE_01212,1,hard,missing_duration
SYN_HARD_SRC_01213,,0,hard,missing_duration
SYN_HARD_SRC_01214,SYN_HARD_TRUE_01214,1,hard,legal_form_variation|missing_duration
SYN_HARD_SRC_01215,SYN_HARD_TRUE_01215,1,hard,cpv_reclassification
SYN_HARD_SRC_01216,SYN_HARD_TRUE_01216,1,hard,none
SYN_HARD_SRC_01217,,0,hard,missing_duration
SYN_HARD_SRC_01218,,0,hard,none
SYN_HARD_SRC_01219,SYN_HARD_TRUE_01219,1,hard,cpv_reclassification|missing_duration
SYN_HARD_SRC_01220,SYN_HARD_TRUE_01220,1,hard,timing_outlier
SYN_HARD_SRC_01221,SYN_HARD_TRUE_01221,1,hard,cpv_reclassification|missing_cpv
SYN_HARD_SRC_01222,SYN_HARD_TRUE_01222,1,hard,generic_cpv_replacement|timing_outlier
SYN_HARD_SRC_01223,,0,hard,missing_duration
SYN_HARD_SRC_01224,SYN_HARD_TRUE_01224,1,hard,object_shortening
SYN_HARD_SRC_01225,SYN_HARD_TRUE_01225,1,hard,cpv_reclassification|missing_cpv
SYN_HARD_SRC_01226,SYN_HARD_TRUE_01226,1,hard,generic_cpv_replacement|missing_duration|object_shortening
SYN_HARD_SRC_01227,SYN_HARD_TRUE_01227,1,hard,accent_removed|case_variation
SYN_HARD_SRC_01228,,0,hard,none
SYN_HARD_SRC_01229,,0,hard,none
SYN_HARD_SRC_01230,,0,hard,missing_duration
SYN_HARD_SRC_01231,SYN_HARD_TRUE_01231,1,hard,object_shortening
SYN_HARD_SRC_01232,SYN_HARD_TRUE_01232,1,hard,none
SYN_HARD_SRC_01233,,0,hard,none
SYN_HARD_SRC_01234,,0,hard,missing_cpv
SYN_HARD_SRC_01235,SYN_HARD_TRUE_01235,1,hard,none
SYN_HARD_SRC_01236,,0,hard,none
SYN_HARD_SRC_01237,,0,hard,missing_duration
SYN_HARD_SRC_01238,SYN_HARD_TRUE_01238,1,hard,accent_removed|case_variation|legal_form_variation|object_shortening|timing_outlier
SYN_HARD_SRC_01239,,0,hard,none
SYN_HARD_SRC_01240,SYN_HARD_TRUE_01240,1,hard,missing_duration
SYN_HARD_SRC_01241,SYN_HARD_TRUE_01241,1,hard,none
SYN_HARD_SRC_01242,SYN_HARD_TRUE_01242,1,hard,accent_removed|case_variation|legal_form_variation
SYN_HARD_SRC_01243,SYN_HARD_TRUE_01243,1,hard,none
SYN_HARD_SRC_01244,,0,hard,none
SYN_HARD_SRC_01245,SYN_HARD_TRUE_01245,1,hard,object_shortening
SYN_HARD_SRC_01246,SYN_HARD_TRUE_01246,1,hard,generic_cpv_replacement
SYN_HARD_SRC_01247,SYN_HARD_TRUE_01247,1,hard,generic_cpv_replacement|missing_duration
SYN_HARD_SRC_01248,,0,hard,case_variation
SYN_HARD_SRC_01249,SYN_HARD_TRUE_01249,1,hard,timing_outlier
SYN_HARD_SRC_01250,,0,hard,missing_duration
SYN_HARD_SRC_01251,,0,hard,missing_cpv
SYN_HARD_SRC_01252,SYN_HARD_TRUE_01252,1,hard,missing_duration
SYN_HARD_SRC_01253,,0,hard,missing_duration
SYN_HARD_SRC_01254,SYN_HARD_TRUE_01254,1,hard,buyer_abbreviation
SYN_HARD_SRC_01255,SYN_HARD_TRUE_01255,1,hard,accent_removed|cpv_reclassification
SYN_HARD_SRC_01256,SYN_HARD_TRUE_01256,1,hard,generic_cpv_replacement
SYN_HARD_SRC_01257,SYN_HARD_TRUE_01257,1,hard,missing_duration|timing_outlier
SYN_HARD_SRC_01258,,0,hard,none
SYN_HARD_SRC_01259,SYN_HARD_TRUE_01259,1,hard,timing_outlier
SYN_HARD_SRC_01260,SYN_HARD_TRUE_01260,1,hard,object_shortening
SYN_HARD_SRC_01261,,0,hard,missing_duration
SYN_HARD_SRC_01262,,0,hard,none
SYN_HARD_SRC_01263,SYN_HARD_TRUE_01263,1,hard,generic_cpv_replacement|object_shortening|timing_outlier
SYN_HARD_SRC_01264,,0,hard,none
SYN_HARD_SRC_01265,,0,hard,missing_duration
SYN_HARD_SRC_01266,SYN_HARD_TRUE_01266,1,hard,none
SYN_HARD_SRC_01267,SYN_HARD_TRUE_01267,1,hard,timing_outlier
SYN_HARD_SRC_01268,SYN_HARD_TRUE_01268,1,hard,missing_duration
SYN_HARD_SRC_01269,,0,hard,missing_duration
SYN_HARD_SRC_01270,SYN_HARD_TRUE_01270,1,hard,accent_removed|case_variation|legal_form_variation
SYN_HARD_SRC_01271,SYN_HARD_TRUE_01271,1,hard,accent_removed|case_variation|generic_cpv_replacement|missing_duration|object_shortening
SYN_HARD_SRC_01272,SYN_HARD_TRUE_01272,1,hard,object_shortening
SYN_HARD_SRC_01273,,0,hard,none
SYN_HARD_SRC_01274,SYN_HARD_TRUE_01274,1,hard,timing_outlier
SYN_HARD_SRC_01275,SYN_HARD_TRUE_01275,1,hard,missing_cpv
SYN_HARD_SRC_01276,,0,hard,none
SYN_HARD_SRC_01277,,0,hard,missing_cpv|missing_duration
SYN_HARD_SRC_01278,SYN_HARD_TRUE_01278,1,hard,generic_cpv_replacement
SYN_HARD_SRC_01279,,0,hard,missing_duration
SYN_HARD_SRC_01280,,0,hard,none
SYN_HARD_SRC_01281,SYN_HARD_TRUE_01281,1,hard,object_shortening
SYN_HARD_SRC_01282,,0,hard,missing_duration
SYN_HARD_SRC_01283,,0,hard,none
SYN_HARD_SRC_01284,,0,hard,missing_duration
SYN_HARD_SRC_01285,,0,hard,none
SYN_HARD_SRC_01286,,0,hard,none
SYN_HARD_SRC_01287,,0,hard,none
SYN_HARD_SRC_01288,,0,hard,none
SYN_HARD_SRC_01289,,0,hard,missing_duration
SYN_HARD_SRC_01290,SYN_HARD_TRUE_01290,1,hard,missing_duration
SYN_HARD_SRC_01291,,0,hard,none
SYN_HARD_SRC_01292,,0,hard,none
SYN_HARD_SRC_01293,,0,hard,missing_duration
SYN_HARD_SRC_01294,,0,hard,accent_removed
SYN_HARD_SRC_01295,SYN_HARD_TRUE_01295,1,hard,none
SYN_HARD_SRC_01296,SYN_HARD_TRUE_01296,1,hard,none
SYN_HARD_SRC_01297,SYN_HARD_TRUE_01297,1,hard,object_shortening
SYN_HARD_SRC_01298,SYN_HARD_TRUE_01298,1,hard,cpv_reclassification
SYN_HARD_SRC_01299,,0,hard,none
SYN_HARD_SRC_01300,,0,hard,none
SYN_HARD_SRC_01301,SYN_HARD_TRUE_01301,1,hard,none
SYN_HARD_SRC_01302,,0,hard,missing_cpv
SYN_HARD_SRC_01303,SYN_HARD_TRUE_01303,1,hard,missing_cpv
SYN_HARD_SRC_01304,SYN_HARD_TRUE_01304,1,hard,missing_duration|object_shortening
SYN_HARD_SRC_01305,,0,hard,none
SYN_HARD_SRC_01306,,0,hard,none
SYN_HARD_SRC_01307,SYN_HARD_TRUE_01307,1,hard,case_variation|generic_cpv_replacement|timing_outlier
SYN_HARD_SRC_01308,,0,hard,none
SYN_HARD_SRC_01309,SYN_HARD_TRUE_01309,1,hard,missing_duration
SYN_HARD_SRC_01310,SYN_HARD_TRUE_01310,1,hard,cpv_reclassification|missing_duration
SYN_HARD_SRC_01311,SYN_HARD_TRUE_01311,1,hard,cpv_reclassification
SYN_HARD_SRC_01312,,0,hard,none
SYN_HARD_SRC_01313,,0,hard,none
SYN_HARD_SRC_01314,,0,hard,missing_duration
SYN_HARD_SRC_01315,SYN_HARD_TRUE_01315,1,hard,missing_duration|timing_outlier
SYN_HARD_SRC_01316,SYN_HARD_TRUE_01316,1,hard,missing_cpv|object_shortening|timing_outlier
SYN_HARD_SRC_01317,SYN_HARD_TRUE_01317,1,hard,missing_duration
SYN_HARD_SRC_01318,SYN_HARD_TRUE_01318,1,hard,missing_cpv
SYN_HARD_SRC_01319,SYN_HARD_TRUE_01319,1,hard,generic_cpv_replacement
SYN_HARD_SRC_01320,,0,hard,none
SYN_HARD_SRC_01321,SYN_HARD_TRUE_01321,1,hard,accent_removed|buyer_abbreviation|case_variation|generic_cpv_replacement|legal_form_variation|missing_duration|object_shortening
SYN_HARD_SRC_01322,,0,hard,none
SYN_HARD_SRC_01323,,0,hard,missing_cpv|missing_duration
SYN_HARD_SRC_01324,SYN_HARD_TRUE_01324,1,hard,buyer_abbreviation
SYN_HARD_SRC_01325,,0,hard,none
SYN_HARD_SRC_01326,,0,hard,none
SYN_HARD_SRC_01327,,0,hard,none
SYN_HARD_SRC_01328,SYN_HARD_TRUE_01328,1,hard,generic_cpv_replacement|missing_cpv
SYN_HARD_SRC_01329,SYN_HARD_TRUE_01329,1,hard,cpv_reclassification|missing_duration
SYN_HARD_SRC_01330,SYN_HARD_TRUE_01330,1,hard,none
SYN_HARD_SRC_01331,SYN_HARD_TRUE_01331,1,hard,missing_duration
SYN_HARD_SRC_01332,,0,hard,none
SYN_HARD_SRC_01333,,0,hard,accent_removed|buyer_abbreviation|case_variation|missing_duration
SYN_HARD_SRC_01334,SYN_HARD_TRUE_01334,1,hard,none
SYN_HARD_SRC_01335,SYN_HARD_TRUE_01335,1,hard,accent_removed|buyer_abbreviation|case_variation|legal_form_variation|missing_duration
SYN_HARD_SRC_01336,SYN_HARD_TRUE_01336,1,hard,cpv_reclassification
SYN_HARD_SRC_01337,,0,hard,none
SYN_HARD_SRC_01338,,0,hard,none
SYN_HARD_SRC_01339,,0,hard,missing_cpv
SYN_HARD_SRC_01340,SYN_HARD_TRUE_01340,1,hard,missing_cpv
SYN_HARD_SRC_01341,,0,hard,none
SYN_HARD_SRC_01342,,0,hard,none
SYN_HARD_SRC_01343,SYN_HARD_TRUE_01343,1,hard,missing_duration
SYN_HARD_SRC_01344,SYN_HARD_TRUE_01344,1,hard,cpv_reclassification|missing_duration|object_shortening
SYN_HARD_SRC_01345,SYN_HARD_TRUE_01345,1,hard,cpv_reclassification|missing_duration
SYN_HARD_SRC_01346,SYN_HARD_TRUE_01346,1,hard,none
SYN_HARD_SRC_01347,SYN_HARD_TRUE_01347,1,hard,cpv_reclassification
SYN_HARD_SRC_01348,SYN_HARD_TRUE_01348,1,hard,object_shortening
SYN_HARD_SRC_01349,,0,hard,none
SYN_HARD_SRC_01350,SYN_HARD_TRUE_01350,1,hard,missing_duration|object_shortening
SYN_HARD_SRC_01351,,0,hard,missing_duration
SYN_HARD_SRC_01352,,0,hard,none
SYN_HARD_SRC_01353,,0,hard,none
SYN_HARD_SRC_01354,,0,hard,missing_duration
SYN_HARD_SRC_01355,SYN_HARD_TRUE_01355,1,hard,buyer_abbreviation|case_variation|generic_cpv_replacement|missing_duration|object_shortening
SYN_HARD_SRC_01356,SYN_HARD_TRUE_01356,1,hard,none
SYN_HARD_SRC_01357,,0,hard,none
SYN_HARD_SRC_01358,SYN_HARD_TRUE_01358,1,hard,missing_cpv|missing_duration|object_shortening|timing_outlier
SYN_HARD_SRC_01359,SYN_HARD_TRUE_01359,1,hard,missing_duration
SYN_HARD_SRC_01360,SYN_HARD_TRUE_01360,1,hard,none
SYN_HARD_SRC_01361,,0,hard,none
SYN_HARD_SRC_01362,SYN_HARD_TRUE_01362,1,hard,cpv_reclassification
SYN_HARD_SRC_01363,,0,hard,none
SYN_HARD_SRC_01364,,0,hard,none
SYN_HARD_SRC_01365,,0,hard,none
SYN_HARD_SRC_01366,,0,hard,missing_duration
SYN_HARD_SRC_01367,SYN_HARD_TRUE_01367,1,hard,accent_removed
SYN_HARD_SRC_01368,,0,hard,none
SYN_HARD_SRC_01369,,0,hard,none
SYN_HARD_SRC_01370,,0,hard,none
SYN_HARD_SRC_01371,,0,hard,missing_duration
SYN_HARD_SRC_01372,,0,hard,none
SYN_HARD_SRC_01373,,0,hard,none
SYN_HARD_SRC_01374,,0,hard,none
SYN_HARD_SRC_01375,SYN_HARD_TRUE_01375,1,hard,missing_duration
SYN_HARD_SRC_01376,,0,hard,none
SYN_HARD_SRC_01377,SYN_HARD_TRUE_01377,1,hard,missing_cpv|missing_duration|object_shortening
SYN_HARD_SRC_01378,,0,hard,none
SYN_HARD_SRC_01379,SYN_HARD_TRUE_01379,1,hard,none
SYN_HARD_SRC_01380,,0,hard,none
SYN_HARD_SRC_01381,SYN_HARD_TRUE_01381,1,hard,none
SYN_HARD_SRC_01382,SYN_HARD_TRUE_01382,1,hard,buyer_abbreviation|object_shortening
SYN_HARD_SRC_01383,,0,hard,missing_duration
SYN_HARD_SRC_01384,,0,hard,none
SYN_HARD_SRC_01385,SYN_HARD_TRUE_01385,1,hard,missing_duration
SYN_HARD_SRC_01386,,0,hard,missing_duration
SYN_HARD_SRC_01387,,0,hard,missing_duration
SYN_HARD_SRC_01388,SYN_HARD_TRUE_01388,1,hard,object_shortening|timing_outlier
SYN_HARD_SRC_01389,SYN_HARD_TRUE_01389,1,hard,none
SYN_HARD_SRC_01390,SYN_HARD_TRUE_01390,1,hard,accent_removed|legal_form_variation|missing_duration
SYN_HARD_SRC_01391,SYN_HARD_TRUE_01391,1,hard,none
SYN_HARD_SRC_01392,,0,hard,none
SYN_HARD_SRC_01393,SYN_HARD_TRUE_01393,1,hard,object_shortening
SYN_HARD_SRC_01394,SYN_HARD_TRUE_01394,1,hard,case_variation|legal_form_variation|missing_cpv
SYN_HARD_SRC_01395,SYN_HARD_TRUE_01395,1,hard,cpv_reclassification
SYN_HARD_SRC_01396,,0,hard,missing_duration
SYN_HARD_SRC_01397,SYN_HARD_TRUE_01397,1,hard,object_shortening
SYN_HARD_SRC_01398,SYN_HARD_TRUE_01398,1,hard,cpv_reclassification|missing_duration|object_shortening|timing_outlier
SYN_HARD_SRC_01399,,0,hard,accent_removed|missing_duration
SYN_HARD_SRC_01400,SYN_HARD_TRUE_01400,1,hard,none
SYN_HARD_SRC_01401,SYN_HARD_TRUE_01401,1,hard,object_shortening
SYN_HARD_SRC_01402,SYN_HARD_TRUE_01402,1,hard,cpv_reclassification|timing_outlier
SYN_HARD_SRC_01403,SYN_HARD_TRUE_01403,1,hard,cpv_reclassification|timing_outlier
SYN_HARD_SRC_01404,,0,hard,missing_duration
SYN_HARD_SRC_01405,,0,hard,missing_duration
SYN_HARD_SRC_01406,SYN_HARD_TRUE_01406,1,hard,legal_form_variation
SYN_HARD_SRC_01407,,0,hard,missing_duration
SYN_HARD_SRC_01408,SYN_HARD_TRUE_01408,1,hard,none
SYN_HARD_SRC_01409,SYN_HARD_TRUE_01409,1,hard,buyer_abbreviation|case_variation|cpv_reclassification|legal_form_variation|missing_cpv|missing_duration
SYN_HARD_SRC_01410,,0,hard,none
SYN_HARD_SRC_01411,SYN_HARD_TRUE_01411,1,hard,none
SYN_HARD_SRC_01412,SYN_HARD_TRUE_01412,1,hard,timing_outlier
SYN_HARD_SRC_01413,,0,hard,none
SYN_HARD_SRC_01414,,0,hard,none
SYN_HARD_SRC_01415,SYN_HARD_TRUE_01415,1,hard,missing_duration
SYN_HARD_SRC_01416,,0,hard,missing_cpv|missing_duration
SYN_HARD_SRC_01417,,0,hard,none
SYN_HARD_SRC_01418,,0,hard,none
SYN_HARD_SRC_01419,,0,hard,missing_duration
SYN_HARD_SRC_01420,,0,hard,none
SYN_HARD_SRC_01421,SYN_HARD_TRUE_01421,1,hard,object_shortening|timing_outlier
SYN_HARD_SRC_01422,SYN_HARD_TRUE_01422,1,hard,object_shortening
SYN_HARD_SRC_01423,SYN_HARD_TRUE_01423,1,hard,missing_duration|timing_outlier
SYN_HARD_SRC_01424,,0,hard,missing_cpv|missing_duration
SYN_HARD_SRC_01425,,0,hard,none
SYN_HARD_SRC_01426,SYN_HARD_TRUE_01426,1,hard,none
SYN_HARD_SRC_01427,SYN_HARD_TRUE_01427,1,hard,cpv_reclassification|legal_form_variation|object_shortening
SYN_HARD_SRC_01428,,0,hard,missing_duration
SYN_HARD_SRC_01429,,0,hard,none
SYN_HARD_SRC_01430,SYN_HARD_TRUE_01430,1,hard,accent_removed|cpv_reclassification|legal_form_variation|timing_outlier
SYN_HARD_SRC_01431,SYN_HARD_TRUE_01431,1,hard,missing_duration
SYN_HARD_SRC_01432,,0,hard,none
SYN_HARD_SRC_01433,,0,hard,missing_duration
SYN_HARD_SRC_01434,SYN_HARD_TRUE_01434,1,hard,buyer_abbreviation|case_variation
SYN_HARD_SRC_01435,SYN_HARD_TRUE_01435,1,hard,buyer_abbreviation|legal_form_variation
SYN_HARD_SRC_01436,,0,hard,missing_duration
SYN_HARD_SRC_01437,,0,hard,missing_duration
SYN_HARD_SRC_01438,,0,hard,none
SYN_HARD_SRC_01439,SYN_HARD_TRUE_01439,1,hard,missing_duration|timing_outlier
SYN_HARD_SRC_01440,,0,hard,none
SYN_HARD_SRC_01441,SYN_HARD_TRUE_01441,1,hard,object_shortening
SYN_HARD_SRC_01442,,0,hard,missing_cpv
SYN_HARD_SRC_01443,,0,hard,none
SYN_HARD_SRC_01444,SYN_HARD_TRUE_01444,1,hard,accent_removed|case_variation|legal_form_variation|missing_duration|timing_outlier
SYN_HARD_SRC_01445,SYN_HARD_TRUE_01445,1,hard,timing_outlier
SYN_HARD_SRC_01446,,0,hard,none
SYN_HARD_SRC_01447,SYN_HARD_TRUE_01447,1,hard,buyer_abbreviation|case_variation|cpv_reclassification|missing_duration|object_shortening|timing_outlier
SYN_HARD_SRC_01448,SYN_HARD_TRUE_01448,1,hard,object_shortening
SYN_HARD_SRC_01449,,0,hard,none
SYN_HARD_SRC_01450,SYN_HARD_TRUE_01450,1,hard,none
SYN_HARD_SRC_01451,,0,hard,none
SYN_HARD_SRC_01452,,0,hard,none
SYN_HARD_SRC_01453,SYN_HARD_TRUE_01453,1,hard,missing_duration|timing_outlier
SYN_HARD_SRC_01454,SYN_HARD_TRUE_01454,1,hard,missing_duration
SYN_HARD_SRC_01455,,0,hard,none
SYN_HARD_SRC_01456,SYN_HARD_TRUE_01456,1,hard,cpv_reclassification
SYN_HARD_SRC_01457,SYN_HARD_TRUE_01457,1,hard,none
SYN_HARD_SRC_01458,,0,hard,none
SYN_HARD_SRC_01459,,0,hard,none
SYN_HARD_SRC_01460,,0,hard,none
SYN_HARD_SRC_01461,SYN_HARD_TRUE_01461,1,hard,missing_cpv|missing_duration
SYN_HARD_SRC_01462,,0,hard,missing_duration
SYN_HARD_SRC_01463,SYN_HARD_TRUE_01463,1,hard,missing_duration
SYN_HARD_SRC_01464,SYN_HARD_TRUE_01464,1,hard,case_variation|generic_cpv_replacement
SYN_HARD_SRC_01465,,0,hard,none
SYN_HARD_SRC_01466,,0,hard,none
SYN_HARD_SRC_01467,,0,hard,missing_duration
SYN_HARD_SRC_01468,,0,hard,missing_duration
SYN_HARD_SRC_01469,SYN_HARD_TRUE_01469,1,hard,accent_removed|case_variation|legal_form_variation|missing_duration
SYN_HARD_SRC_01470,,0,hard,none
SYN_HARD_SRC_01471,,0,hard,none
SYN_HARD_SRC_01472,SYN_HARD_TRUE_01472,1,hard,none
SYN_HARD_SRC_01473,SYN_HARD_TRUE_01473,1,hard,accent_removed|missing_duration
SYN_HARD_SRC_01474,,0,hard,missing_duration
SYN_HARD_SRC_01475,,0,hard,none
SYN_HARD_SRC_01476,SYN_HARD_TRUE_01476,1,hard,missing_cpv|missing_duration
SYN_HARD_SRC_01477,SYN_HARD_TRUE_01477,1,hard,accent_removed|buyer_abbreviation|case_variation|cpv_reclassification|missing_duration
SYN_HARD_SRC_01478,SYN_HARD_TRUE_01478,1,hard,missing_duration
SYN_HARD_SRC_01479,,0,hard,none
SYN_HARD_SRC_01480,SYN_HARD_TRUE_01480,1,hard,none
SYN_HARD_SRC_01481,SYN_HARD_TRUE_01481,1,hard,cpv_reclassification
SYN_HARD_SRC_01482,,0,hard,none
SYN_HARD_SRC_01483,,0,hard,missing_duration
SYN_HARD_SRC_01484,,0,hard,none
SYN_HARD_SRC_01485,SYN_HARD_TRUE_01485,1,hard,accent_removed|missing_cpv|missing_duration
SYN_HARD_SRC_01486,,0,hard,none
SYN_HARD_SRC_01487,SYN_HARD_TRUE_01487,1,hard,cpv_reclassification
SYN_HARD_SRC_01488,,0,hard,none
SYN_HARD_SRC_01489,,0,hard,missing_duration
SYN_HARD_SRC_01490,SYN_HARD_TRUE_01490,1,hard,cpv_reclassification|missing_duration
SYN_HARD_SRC_01491,,0,hard,none
SYN_HARD_SRC_01492,SYN_HARD_TRUE_01492,1,hard,missing_cpv|missing_duration
SYN_HARD_SRC_01493,SYN_HARD_TRUE_01493,1,hard,cpv_reclassification
SYN_HARD_SRC_01494,SYN_HARD_TRUE_01494,1,hard,none
SYN_HARD_SRC_01495,SYN_HARD_TRUE_01495,1,hard,none
SYN_HARD_SRC_01496,SYN_HARD_TRUE_01496,1,hard,none
SYN_HARD_SRC_01497,,0,hard,none
SYN_HARD_SRC_01498,,0,hard,missing_duration
SYN_HARD_SRC_01499,SYN_HARD_TRUE_01499,1,hard,accent_removed|buyer_abbreviation|case_variation|cpv_reclassification|legal_form_variation
