contract_id,buyer_key,buyer_name,SIREN,SIRET,buyer_key_type,segment,source_date,declared_duration_months,estimated_end_date,p_renewal_12m,p_renewal_24m,risk_tier,main_risk_reason,cpv_generic,data_quality_flags,prediction_date
BOAMP:20-100172,SIREN:246100663,Communauté urbaine d'Alençon,246100663,,SIREN_ENRICHED,IT Services & Consulting,2020-08-07,1.0,2020-09-07,0.050286970512537,0.0865930668568142,Low,model-estimated recurrence probability,False,,2026-07-09
BOAMP:25-36671,SIRET:25440253000011,"Direction Cybersécurité, Cloud et IA",,25440253000011,SIRET,IT Services & Consulting,2025-04-03,1.0,2025-05-03,0.0497823541456043,0.0857570259621937,Low,model-estimated recurrence probability,False,,2026-07-09
BOAMP:25-13579,SIREN:225300011,Conseil Départemental de la Mayenne,225300011,,SIREN_ENRICHED,IT Services & Consulting,2025-02-06,4.0,2025-06-06,0.0487700726335769,0.0840779567740546,Low,model-estimated recurrence probability,False,,2026-07-09
BOAMP:25-2262,SIREN:214401846,VILLE DE SAINT NAZAIRE,214401846,,SIREN_ENRICHED,IT Services & Consulting,2025-01-10,4.0,2025-05-10,0.0487700726335769,0.0840779567740546,Low,model-estimated recurrence probability,False,,2026-07-09
BOAMP:25-28394,SIREN:935367433,Conseil départemental Loire Atlantique,935367433,,SIREN_ENRICHED,IT Services & Consulting,2025-03-14,4.0,2025-07-14,0.0487700726335769,0.0840779567740546,Low,model-estimated recurrence probability,False,,2026-07-09
BOAMP:25-3181,SIREN:228500013,Département de la Vendée,228500013,,SIREN_ENRICHED,IT Services & Consulting,2025-01-12,4.0,2025-05-12,0.0487700726335769,0.0840779567740546,Low,model-estimated recurrence probability,False,,2026-07-09
BOAMP:25-41441,SIREN:214401846,VILLE DE SAINT NAZAIRE,214401846,,SIREN_ENRICHED,IT Services & Consulting,2025-04-13,4.0,2025-08-13,0.0487700726335769,0.0840779567740546,Low,model-estimated recurrence probability,False,,2026-07-09
BOAMP:25-50085,SIREN:935367433,Conseil départemental Loire Atlantique,935367433,,SIREN_ENRICHED,IT Services & Consulting,2025-05-04,4.0,2025-09-04,0.0487700726335769,0.0840779567740546,Low,model-estimated recurrence probability,False,,2026-07-09
BOAMP:25-54937,SIREN:225300011,Conseil Départemental de la Mayenne,225300011,,SIREN_ENRICHED,IT Services & Consulting,2025-05-17,4.0,2025-09-17,0.0487700726335769,0.0840779567740546,Low,model-estimated recurrence probability,False,,2026-07-09
BOAMP:24-127981,SIREN:225300011,Conseil Départemental de la Mayenne,225300011,,SIREN_ENRICHED,IT Services & Consulting,2024-11-13,4.0,2025-03-13,0.0487531948488082,0.0840499397001675,Low,model-estimated recurrence probability,False,,2026-07-09
BOAMP:24-129367,SIREN:257202176,Syndicat Mixte pour le Développement Numérique,257202176,,SIREN_ENRICHED,IT Services & Consulting,2024-11-16,4.0,2025-03-16,0.0487531948488082,0.0840499397001675,Low,model-estimated recurrence probability,False,,2026-07-09
BOAMP:24-132180,SIREN:225300011,Conseil Départemental de la Mayenne,225300011,,SIREN_ENRICHED,IT Services & Consulting,2024-11-24,4.0,2025-03-24,0.0487531948488082,0.0840499397001675,Low,model-estimated recurrence probability,False,,2026-07-09
BOAMP:24-132338,SIREN:225300011,Conseil Départemental de la Mayenne,225300011,,SIREN_ENRICHED,IT Services & Consulting,2024-11-24,4.0,2025-03-24,0.0487531948488082,0.0840499397001675,Low,model-estimated recurrence probability,False,,2026-07-09
BOAMP:24-136086,SIREN:225300011,Conseil Départemental de la Mayenne,225300011,,SIREN_ENRICHED,IT Services & Consulting,2024-12-05,4.0,2025-04-05,0.0487531948488082,0.0840499397001675,Low,model-estimated recurrence probability,False,,2026-07-09
BOAMP:24-140261,SIREN:228500013,Département de la Vendée,228500013,,SIREN_ENRICHED,IT Services & Consulting,2024-12-15,4.0,2025-04-15,0.0487531948488082,0.0840499397001675,Low,model-estimated recurrence probability,False,,2026-07-09
BOAMP:24-142222,SIREN:412238065,SPL LE MANS EVENEMENTS,412238065,,SIREN_ENRICHED,IT Services & Consulting,2024-12-20,4.0,2025-04-20,0.0487531948488082,0.0840499397001675,Low,model-estimated recurrence probability,False,,2026-07-09
BOAMP:24-80068,SIREN:225300011,Conseil Départemental de la Mayenne,225300011,,SIREN_ENRICHED,IT Services & Consulting,2024-07-10,4.0,2024-11-10,0.0487531948488082,0.0840499397001675,Low,model-estimated recurrence probability,False,,2026-07-09
BOAMP:24-88815,SIREN:488538877,Le Mans Métropole,488538877,,SIREN_ENRICHED,IT Services & Consulting,2024-07-28,4.0,2024-11-28,0.0487531948488082,0.0840499397001675,Low,model-estimated recurrence probability,False,,2026-07-09
BOAMP:24-12133,SIRET:17440005100010,Tribunal administratif de Nantes,174400051,17440005100010,SIRET,IT Services & Consulting,2024-02-02,2.9566360052562417,2024-05-02,0.0487255748902731,0.0840040890961051,Low,model-estimated recurrence probability,False,,2026-07-09
BOAMP:24-143106,SIRET:54665016900057,Vendée Expansion - SEM,546650169,54665016900057,SIRET,IT Services & Consulting,2024-12-21,2.9566360052562417,2025-03-21,0.0487255748902731,0.0840040890961051,Low,model-estimated recurrence probability,False,,2026-07-09
BOAMP:24-82336,SIRET:45151864100035,SAEM VENDEE - Vendée Globe,,45151864100035,SIRET,IT Services & Consulting,2024-07-14,2.9566360052562417,2024-10-14,0.0487255748902731,0.0840040890961051,Low,model-estimated recurrence probability,False,,2026-07-09
BOAMP:24-123750,SIRET:77811608700157,BATIMENT CFA NORMANDIE,778116087,77811608700157,SIRET,IT Services & Consulting,2024-10-31,3.0,2025-01-31,0.0487027703835794,0.0839662309459826,Low,model-estimated recurrence probability,False,,2026-07-09
BOAMP:24-34106,SIRET:47865038500014,CNIEG,,47865038500014,SIRET,IT Services & Consulting,2024-03-22,3.0,2024-06-22,0.0487027703835794,0.0839662309459826,Low,model-estimated recurrence probability,False,,2026-07-09
BOAMP:25-23877,SIRET:20007187600011,Communauté d'agglomération Saumur Val de Loire (49),,20007187600011,SIRET,IT Services & Consulting,2025-03-04,3.942181340341656,2025-07-04,0.0482264833664506,0.0831752382841877,Low,model-estimated recurrence probability,False,,2026-07-09
BOAMP:25-27774,SIRET:19561718800600,"UNIVERSITÉ  BRETAGNE SUD
Direction des affaires financières",,19561718800600,SIRET,IT Services & Consulting,2025-03-13,3.942181340341656,2025-07-13,0.0482264833664506,0.0831752382841877,Low,model-estimated recurrence probability,False,,2026-07-09
BOAMP:25-53516,SIRET:80355563000018,E-TOILE Coordonnateur groupement comm,,80355563000018,SIRET,IT Services & Consulting,2025-05-14,3.942181340341656,2025-09-14,0.0482264833664506,0.0831752382841877,Low,model-estimated recurrence probability,True,,2026-07-09
BOAMP:25-63325,SIRET:05720113900045,PODELIHA,927831396,05720113900045,SIRET,IT Services & Consulting,2025-06-06,3.942181340341656,2025-10-06,0.0482264833664506,0.0831752382841877,Low,model-estimated recurrence probability,False,,2026-07-09
BOAMP:24-111919,SIRET:24850058900085,La Roche sur Yon Agglomération (85),521017848,24850058900085,SIRET,IT Services & Consulting,2024-10-04,3.942181340341656,2025-02-04,0.0482097841666282,0.0831474947131761,Low,model-estimated recurrence probability,False,,2026-07-09
BOAMP:24-125547,SIRET:24850058900085,La Roche sur Yon Agglomération (85),521017848,24850058900085,SIRET,IT Services & Consulting,2024-11-06,3.942181340341656,2025-03-06,0.0482097841666282,0.0831474947131761,Low,model-estimated recurrence probability,False,,2026-07-09
BOAMP:24-127394,SIRET:51532951400035,France Velo Tourisme,515329514,51532951400035,SIRET,IT Services & Consulting,2024-11-10,3.942181340341656,2025-03-10,0.0482097841666282,0.0831474947131761,Low,model-estimated recurrence probability,True,,2026-07-09
BOAMP:24-140663,SIRET:20005889900010,COMMUNE DE BEAUFORT-EN-ANJOU,200058899,20005889900010,SIRET,IT Services & Consulting,2024-12-17,3.942181340341656,2025-04-17,0.0482097841666282,0.0831474947131761,Low,model-estimated recurrence probability,False,,2026-07-09
BOAMP:24-21999,SIRET:20004248900019,Syndicat Départemental d'Energie et d'Equipement de la Vendée (85),,20004248900019,SIRET,IT Services & Consulting,2024-02-23,3.942181340341656,2024-06-23,0.0482097841666282,0.0831474947131761,Low,model-estimated recurrence probability,True,,2026-07-09
BOAMP:24-83533,SIRET:21850128600015,Ville de Luçon (85),,21850128600015,SIRET,IT Services & Consulting,2024-07-17,3.942181340341656,2024-11-17,0.0482097841666282,0.0831474947131761,Low,model-estimated recurrence probability,False,,2026-07-09
BOAMP:24-83640,SIRET:80355563000018,Association E-TOILE,445400104,80355563000018,SIRET,IT Services & Consulting,2024-07-17,3.942181340341656,2024-11-17,0.0482097841666282,0.0831474947131761,Low,model-estimated recurrence probability,True,,2026-07-09
BOAMP:25-38470,SIRET:17440005100010,Département de Maine-et-Loire,224900019,17440005100010,SIRET,IT Services & Consulting,2025-04-06,4.0,2025-08-06,0.0481963752527232,0.0831252170179955,Low,model-estimated recurrence probability,False,,2026-07-09
BOAMP:25-45972,SIRET:23440003400026,Région des Pays de la Loire,234400034,23440003400026,SIRET,IT Services & Consulting,2025-04-24,4.0,2025-08-24,0.0481963752527232,0.0831252170179955,Low,model-estimated recurrence probability,False,,2026-07-09
BOAMP:25-57091,SIRET:23440003400026,Région des Pays de la Loire,234400034,23440003400026,SIRET,IT Services & Consulting,2025-05-22,4.0,2025-09-22,0.0481963752527232,0.0831252170179955,Low,model-estimated recurrence probability,False,,2026-07-09
BOAMP:22-153148,SIREN:234400034,Conseil régional des Pays de la Loire,234400034,,SIREN_ENRICHED,IT Services & Consulting,2022-11-19,5.0,2023-04-19,0.0481962013406481,0.0831249280758563,Low,model-estimated recurrence probability,False,,2026-07-09
BOAMP:21-11209,SIREN:180043010,Réseau Canopé,180043010,,SIREN_ENRICHED,IT Services & Consulting,2021-01-25,5.0,2021-06-25,0.0481795120956757,0.0830971997651158,Low,model-estimated recurrence probability,False,,2026-07-09
BOAMP:25-6053,SIREN:200014926,Territoire d'énergie Loire-Atlantique,200014926,,SIREN_ENRICHED,IT Services & Consulting,2025-01-19,6.0,2025-07-19,0.0477278742338187,0.0823465593228141,Low,model-estimated recurrence probability,False,,2026-07-09
BOAMP:25-6327,SIRET:24440055200026,Cté de Cnes du Pays d'Ancenis,,24440055200026,SIRET,IT Services & Consulting,2025-01-19,4.92772667542707,2025-06-19,0.0477157108351943,0.0823263361191845,Low,model-estimated recurrence probability,True,,2026-07-09
BOAMP:25-73652,SIRET:24440055200026,Cté de Cnes du Pays d'Ancenis,,24440055200026,SIRET,IT Services & Consulting,2025-07-02,4.92772667542707,2025-12-02,0.0477157108351943,0.0823263361191845,Low,model-estimated recurrence probability,True,,2026-07-09
BOAMP:25-48827,SIRET:24440040400129,Nantes metropole,,24440040400129,SIRET,IT Services & Consulting,2025-05-01,5.0,2025-10-01,0.047678457084533,0.0822643946694398,Low,model-estimated recurrence probability,False,,2026-07-09
BOAMP:25-49867,SIRET:24440040400129,Nantes metropole,,24440040400129,SIRET,IT Services & Consulting,2025-05-02,5.0,2025-10-02,0.047678457084533,0.0822643946694398,Low,model-estimated recurrence probability,False,,2026-07-09
BOAMP:25-51236,SIRET:24440040400129,Nantes metropole,,24440040400129,SIRET,IT Services & Consulting,2025-05-07,5.0,2025-10-07,0.047678457084533,0.0822643946694398,Low,model-estimated recurrence probability,False,,2026-07-09
BOAMP:25-51370,SIRET:24440040400129,Nantes Métropole,794304097,24440040400129,SIRET,IT Services & Consulting,2025-05-08,5.0,2025-10-08,0.047678457084533,0.0822643946694398,Low,model-estimated recurrence probability,False,,2026-07-09
BOAMP:25-51463,SIRET:24440040400129,Nantes Métropole,794304097,24440040400129,SIRET,IT Services & Consulting,2025-05-08,5.0,2025-10-08,0.047678457084533,0.0822643946694398,Low,model-estimated recurrence probability,False,,2026-07-09
BOAMP:25-70695,SIRET:24490001500011,Angers Loire Metropole (49),,24490001500011,SIRET,IT Services & Consulting,2025-06-25,5.0,2025-11-25,0.047678457084533,0.0822643946694398,Low,model-estimated recurrence probability,False,,2026-07-09
BOAMP:25-74706,SIRET:24440040400129,Nantes Métropole,794304097,24440040400129,SIRET,IT Services & Consulting,2025-07-03,5.0,2025-12-03,0.047678457084533,0.0822643946694398,Low,model-estimated recurrence probability,False,,2026-07-09
BOAMP:24-140072,SIRET:24440040400129,Nantes metropole,,24440040400129,SIRET,IT Services & Consulting,2024-12-15,5.0,2025-05-15,0.0476619381449188,0.0822369276638245,Low,model-estimated recurrence probability,False,,2026-07-09
BOAMP:24-143443,SIRET:23440003400026,Région des Pays de la Loire,234400034,23440003400026,SIRET,IT Services & Consulting,2024-12-22,5.0,2025-05-22,0.0476619381449188,0.0822369276638245,Low,model-estimated recurrence probability,False,,2026-07-09
BOAMP:20-110309,SIREN:234400034,Conseil régional des Pays de la Loire,234400034,,SIREN_ENRICHED,IT Services & Consulting,2021-01-11,6.0,2021-07-11,0.0476617660647412,0.0822366415324257,Low,model-estimated recurrence probability,False,,2026-07-09
BOAMP:21-126360,SIREN:983291931,MASH,983291931,,SIREN_ENRICHED,IT Services & Consulting,2021-10-28,6.0,2022-04-28,0.0476617660647412,0.0822366415324257,Low,model-estimated recurrence probability,False,,2026-07-09
BOAMP:25-1181,SIRET:12002701600563,INSEE,,12002701600563,SIRET,IT Services & Consulting,2025-01-08,5.913272010512483,2025-07-08,0.0472100796268922,0.0814853279679208,Low,model-estimated recurrence probability,True,,2026-07-09
BOAMP:25-2044,SIRET:12002701600563,INSEE,,12002701600563,SIRET,IT Services & Consulting,2025-01-09,5.913272010512483,2025-07-09,0.0472100796268922,0.0814853279679208,Low,model-estimated recurrence probability,True,,2026-07-09
BOAMP:25-26250,SIRET:21440114300018,Ville d'Orvault,,21440114300018,SIRET,IT Services & Consulting,2025-03-09,5.913272010512483,2025-09-09,0.0472100796268922,0.0814853279679208,Low,model-estimated recurrence probability,False,,2026-07-09
BOAMP:25-30074,SIRET:47865038500014,CNIEG (Caisse Nationale des Industries Electriques et Gazières),,47865038500014,SIRET,IT Services & Consulting,2025-03-19,5.913272010512483,2025-09-19,0.0472100796268922,0.0814853279679208,Low,model-estimated recurrence probability,False,,2026-07-09
BOAMP:24-141319,SIRET:47865038500014,CNIEG (Caisse Nationale des Industries Electriques et Gazières),,47865038500014,SIRET,IT Services & Consulting,2024-12-18,5.913272010512483,2025-06-18,0.0471937149220397,0.0814580979942541,Low,model-estimated recurrence probability,False,,2026-07-09
BOAMP:25-33463,SIRET:17440005100010,CHU NANTES,264400136,17440005100010,SIRET,IT Services & Consulting,2025-03-26,6.0,2025-09-26,0.0471658286680731,0.0814116952284893,Low,model-estimated recurrence probability,False,,2026-07-09
BOAMP:25-73236,SIRET:13002974700016,Nantes Université,130029747,13002974700016,SIRET,IT Services & Consulting,2025-07-01,6.0,2026-01-01,0.0471658286680731,0.0814116952284893,Low,model-estimated recurrence probability,False,,2026-07-09
BOAMP:24-117582,SIRET:20004131700013,Communauté d'Agglomération du Niortais,,20004131700013,SIRET,IT Services & Consulting,2024-10-17,6.0,2025-04-17,0.0471494785431285,0.0813844876805051,Low,model-estimated recurrence probability,False,,2026-07-09
BOAMP:24-27614,SIRET:17440005100010,GIE SESAM VITALE,391722881,17440005100010,SIRET,IT Services & Consulting,2024-03-07,6.0,2024-09-07,0.0471494785431285,0.0813844876805051,Low,model-estimated recurrence probability,False,,2026-07-09
BOAMP:24-46266,SIRET:26720016000013,CH DU MANS,,26720016000013,SIRET,IT Services & Consulting,2024-04-19,6.0,2024-10-19,0.0471494785431285,0.0813844876805051,Low,model-estimated recurrence probability,False,,2026-07-09
BOAMP:24-54167,SIRET:26720016000013,CH DU MANS,,26720016000013,SIRET,IT Services & Consulting,2024-05-08,6.0,2024-11-08,0.0471494785431285,0.0813844876805051,Low,model-estimated recurrence probability,False,,2026-07-09
BOAMP:24-74996,SIRET:39172288100052,GIE SESAM VITALE,391722881,39172288100052,SIRET,IT Services & Consulting,2024-06-28,6.0,2024-12-28,0.0471494785431285,0.0813844876805051,Low,model-estimated recurrence probability,False,,2026-07-09
BOAMP:24-80509,SIRET:11001001400014,Ministère de la justice - SG/2S2M/SDIT,,11001001400014,SIRET,IT Services & Consulting,2024-07-10,6.0,2025-01-10,0.0471494785431285,0.0813844876805051,Low,model-estimated recurrence probability,True,,2026-07-09
BOAMP:24-63865,SIRET:13000170400589,DIR Ouest,,13000170400589,SIRET,IT Services & Consulting,2024-06-04,7.884362680683312,2025-02-04,0.0461980209233793,0.0798000389905004,Low,model-estimated recurrence probability,False,,2026-07-09
BOAMP:18-177619,SIREN:217500016,Ville du Mans,217500016,,SIREN_ENRICHED,IT Services & Consulting,2019-02-27,9.0,2019-11-27,0.0461080467345095,0.0796500872666843,Low,model-estimated recurrence probability,False,,2026-07-09
BOAMP:24-1266,SIREN:200083228,Commune d'Ancenis-Saint-Géréon,200083228,,SIREN_ENRICHED,IT Services & Consulting,2024-01-04,12.0,2025-01-04,0.0447112707984427,0.0773195667389691,Low,model-estimated recurrence probability,False,,2026-07-09
BOAMP:22-162095,SIREN:225300011,DEPARTEMENT DE LA MAYENNE,225300011,,SIREN_ENRICHED,IT Services & Consulting,2023-02-23,12.0,2024-02-23,0.0446957316375762,0.0772936116949372,Low,model-estimated recurrence probability,False,,2026-07-09
BOAMP:23-134735,SIREN:234400034,Conseil régional des Pays de la Loire,234400034,,SIREN_ENRICHED,IT Services & Consulting,2023-09-29,12.0,2024-09-29,0.0446957316375762,0.0772936116949372,Low,model-estimated recurrence probability,True,,2026-07-09
BOAMP:23-20260,SIREN:234400034,Conseil régional des Pays de la Loire,234400034,,SIREN_ENRICHED,IT Services & Consulting,2023-02-12,12.0,2024-02-12,0.0446957316375762,0.0772936116949372,Low,model-estimated recurrence probability,True,,2026-07-09
BOAMP:23-41937,SIREN:451518641,VENDEE,451518641,,SIREN_ENRICHED,IT Services & Consulting,2023-06-27,12.0,2024-06-27,0.0446957316375762,0.0772936116949372,Low,model-estimated recurrence probability,True,,2026-07-09
BOAMP:23-92003,SIREN:830955068,ANGERS LOIRE TOURISME EXPO CONGRES,830955068,,SIREN_ENRICHED,IT Services & Consulting,2023-10-05,12.0,2024-10-05,0.0446957316375762,0.0772936116949372,Low,model-estimated recurrence probability,False,,2026-07-09
BOAMP:21-128976,SIREN:327822177,CREHA Ouest,327822177,,SIREN_ENRICHED,IT Services & Consulting,2022-02-21,12.0,2023-02-21,0.0446801976246699,0.0772676646340062,Low,model-estimated recurrence probability,False,,2026-07-09
BOAMP:21-51104,SIREN:391722881,GIE SESAM Vitale,391722881,,SIREN_ENRICHED,IT Services & Consulting,2022-02-21,12.0,2023-02-21,0.0446801976246699,0.0772676646340062,Low,model-estimated recurrence probability,False,,2026-07-09
BOAMP:22-102718,SIREN:200078079,Commune de VALLONS-DE-L'ERDRE,200078079,,SIREN_ENRICHED,IT Services & Consulting,2022-11-28,12.0,2023-11-28,0.0446801976246699,0.0772676646340062,Low,model-estimated recurrence probability,False,,2026-07-09
BOAMP:22-128177,SIREN:451518641,VENDEE,451518641,,SIREN_ENRICHED,IT Services & Consulting,2022-12-13,12.0,2023-12-13,0.0446801976246699,0.0772676646340062,Low,model-estimated recurrence probability,False,,2026-07-09
BOAMP:22-13142,SIREN:234400034,Conseil régional des Pays de la Loire,234400034,,SIREN_ENRICHED,IT Services & Consulting,2022-07-11,12.0,2023-07-11,0.0446801976246699,0.0772676646340062,Low,model-estimated recurrence probability,False,,2026-07-09
BOAMP:22-141594,SIREN:244900015,Angers Loire Métropole,244900015,,SIREN_ENRICHED,IT Services & Consulting,2022-10-21,12.0,2023-10-21,0.0446801976246699,0.0772676646340062,Low,model-estimated recurrence probability,False,,2026-07-09
BOAMP:22-28144,SIREN:546650169,Vendée Expansion,546650169,,SIREN_ENRICHED,IT Services & Consulting,2022-02-23,12.0,2023-02-23,0.0446801976246699,0.0772676646340062,Low,model-estimated recurrence probability,False,,2026-07-09
BOAMP:22-38397,SIREN:130023435,GROUPEMENT D INTERET PUBLIC PIX,130023435,,SIREN_ENRICHED,IT Services & Consulting,2022-03-17,12.0,2023-03-17,0.0446801976246699,0.0772676646340062,Low,model-estimated recurrence probability,True,,2026-07-09
BOAMP:22-51860,SIREN:228500013,Département de la Vendée,228500013,,SIREN_ENRICHED,IT Services & Consulting,2022-08-12,12.0,2023-08-12,0.0446801976246699,0.0772676646340062,Low,model-estimated recurrence probability,False,,2026-07-09
BOAMP:22-87982,SIREN:264400136,CHU de Nantes,264400136,,SIREN_ENRICHED,IT Services & Consulting,2022-06-23,12.0,2023-06-23,0.0446801976246699,0.0772676646340062,Low,model-estimated recurrence probability,False,,2026-07-09
BOAMP:22-93332,SIREN:546650169,Vendée Expansion,546650169,,SIREN_ENRICHED,IT Services & Consulting,2022-09-26,12.0,2023-09-26,0.0446801976246699,0.0772676646340062,Low,model-estimated recurrence probability,False,,2026-07-09
BOAMP:21-125688,SIREN:546650169,Vendée Expansion,546650169,,SIREN_ENRICHED,IT Services & Consulting,2021-12-08,12.0,2022-12-08,0.0446646687581937,0.0772417255542106,Low,model-estimated recurrence probability,True,,2026-07-09
BOAMP:21-137487,SIREN:546650169,Vendée Expansion,546650169,,SIREN_ENRICHED,IT Services & Consulting,2021-12-08,12.0,2022-12-08,0.0446646687581937,0.0772417255542106,Low,model-estimated recurrence probability,False,,2026-07-09
BOAMP:21-150615,SIREN:832970024,Institut Régional Administration Lyon,832970024,,SIREN_ENRICHED,IT Services & Consulting,2021-11-14,12.0,2022-11-14,0.0446646687581937,0.0772417255542106,Low,model-estimated recurrence probability,False,,2026-07-09
BOAMP:21-35939,SIREN:935367433,Conseil départemental Loire-Atlantique,935367433,,SIREN_ENRICHED,IT Services & Consulting,2021-03-19,12.0,2022-03-19,0.0446646687581937,0.0772417255542106,Low,model-estimated recurrence probability,False,,2026-07-09
BOAMP:21-36205,SIREN:935367433,Conseil départemental Loire-Atlantique,935367433,,SIREN_ENRICHED,IT Services & Consulting,2021-03-20,12.0,2022-03-20,0.0446646687581937,0.0772417255542106,Low,model-estimated recurrence probability,True,,2026-07-09
BOAMP:21-46043,SIREN:234400034,Conseil régional des Pays de la Loire,234400034,,SIREN_ENRICHED,IT Services & Consulting,2021-06-30,12.0,2022-06-30,0.0446646687581937,0.0772417255542106,Low,model-estimated recurrence probability,False,,2026-07-09
BOAMP:21-51620,SIREN:935367433,Conseil départemental Loire-Atlantique,935367433,,SIREN_ENRICHED,IT Services & Consulting,2021-04-18,12.0,2022-04-18,0.0446646687581937,0.0772417255542106,Low,model-estimated recurrence probability,False,,2026-07-09
BOAMP:21-53955,SIREN:130001704,DIR INTERDEPARTEMENTALE DES RTE OUEST,130001704,,SIREN_ENRICHED,IT Services & Consulting,2021-08-18,12.0,2022-08-18,0.0446646687581937,0.0772417255542106,Low,model-estimated recurrence probability,False,,2026-07-09
BOAMP:21-53968,SIREN:935367433,Conseil départemental Loire-Atlantique,935367433,,SIREN_ENRICHED,IT Services & Consulting,2021-04-24,12.0,2022-04-24,0.0446646687581937,0.0772417255542106,Low,model-estimated recurrence probability,True,,2026-07-09
BOAMP:21-53976,SIREN:225300011,DEPARTEMENT DE LA MAYENNE,225300011,,SIREN_ENRICHED,IT Services & Consulting,2021-04-22,12.0,2022-04-22,0.0446646687581937,0.0772417255542106,Low,model-estimated recurrence probability,False,,2026-07-09
BOAMP:21-76925,SIREN:264400136,CHU de Nantes,264400136,,SIREN_ENRICHED,IT Services & Consulting,2021-10-14,12.0,2022-10-14,0.0446646687581937,0.0772417255542106,Low,model-estimated recurrence probability,False,,2026-07-09
BOAMP:21-78393,SIREN:935367433,Conseil départemental Loire-Atlantique,935367433,,SIREN_ENRICHED,IT Services & Consulting,2021-06-11,12.0,2022-06-11,0.0446646687581937,0.0772417255542106,Low,model-estimated recurrence probability,False,,2026-07-09
BOAMP:19-7404,SIREN:130001704,DIR INTERDEPARTEMENTALE ROUTES OUEST,130001704,,SIREN_ENRICHED,IT Services & Consulting,2020-06-04,12.0,2021-06-04,0.0446491450366183,0.0772157944535849,Low,model-estimated recurrence probability,False,,2026-07-09
BOAMP:20-12202,SIREN:234400034,Conseil régional des Pays de la Loire,234400034,,SIREN_ENRICHED,IT Services & Consulting,2020-06-11,12.0,2021-06-11,0.0446491450366183,0.0772157944535849,Low,model-estimated recurrence probability,True,,2026-07-09
BOAMP:20-23104,SIREN:180043010,Réseau Canopé,180043010,,SIREN_ENRICHED,IT Services & Consulting,2020-05-12,12.0,2021-05-12,0.0446491450366183,0.0772157944535849,Low,model-estimated recurrence probability,True,,2026-07-09
BOAMP:20-35774,SIREN:935367433,Conseil départemental Loire-Atlantique,935367433,,SIREN_ENRICHED,IT Services & Consulting,2020-10-26,12.0,2021-10-26,0.0446491450366183,0.0772157944535849,Low,model-estimated recurrence probability,False,,2026-07-09
BOAMP:20-51762,SIREN:502035785,SRD,502035785,,SIREN_ENRICHED,IT Services & Consulting,2020-07-16,12.0,2021-07-16,0.0446491450366183,0.0772157944535849,Low,model-estimated recurrence probability,False,,2026-07-09
BOAMP:20-5957,SIREN:234400034,Conseil régional des Pays de la Loire,234400034,,SIREN_ENRICHED,IT Services & Consulting,2020-01-16,12.0,2021-01-16,0.0446491450366183,0.0772157944535849,Low,model-estimated recurrence probability,True,,2026-07-09
BOAMP:20-62727,SIREN:264400136,CHU de Nantes,264400136,,SIREN_ENRICHED,IT Services & Consulting,2020-08-05,12.0,2021-08-05,0.0446491450366183,0.0772157944535849,Low,model-estimated recurrence probability,False,,2026-07-09
BOAMP:20-68923,SIREN:264400136,CHU de Nantes,264400136,,SIREN_ENRICHED,IT Services & Consulting,2020-05-29,12.0,2021-05-29,0.0446491450366183,0.0772157944535849,Low,model-estimated recurrence probability,False,,2026-07-09
BOAMP:20-84141,SIREN:246100663,Communauté urbaine d'Alençon,246100663,,SIREN_ENRICHED,IT Services & Consulting,2020-10-30,12.0,2021-10-30,0.0446491450366183,0.0772157944535849,Low,model-estimated recurrence probability,False,,2026-07-09
BOAMP:20-8874,SIREN:110006012,Ministère des Affaires étrangères,110006012,,SIREN_ENRICHED,IT Services & Consulting,2020-10-14,12.0,2021-10-14,0.0446491450366183,0.0772157944535849,Low,model-estimated recurrence probability,False,,2026-07-09
BOAMP:19-108442,SIREN:451518641,VENDEE,451518641,,SIREN_ENRICHED,IT Services & Consulting,2019-12-17,12.0,2020-12-17,0.044633626458414,0.0771898713301637,Low,model-estimated recurrence probability,False,,2026-07-09
BOAMP:19-128681,SIREN:234400034,Conseil régional des Pays de la Loire,234400034,,SIREN_ENRICHED,IT Services & Consulting,2019-12-11,12.0,2020-12-11,0.044633626458414,0.0771898713301637,Low,model-estimated recurrence probability,True,,2026-07-09
BOAMP:19-136955,SIREN:244900015,Angers Loire Métropole,244900015,,SIREN_ENRICHED,IT Services & Consulting,2019-09-10,12.0,2020-09-10,0.044633626458414,0.0771898713301637,Low,model-estimated recurrence probability,False,,2026-07-09
BOAMP:19-17058,SIREN:234400034,Conseil régional des Pays de la Loire,234400034,,SIREN_ENRICHED,IT Services & Consulting,2019-05-24,12.0,2020-05-24,0.044633626458414,0.0771898713301637,Low,model-estimated recurrence probability,False,,2026-07-09
BOAMP:19-18263,SIREN:227200029,DEPARTEMENT DE LA SARTHE,227200029,,SIREN_ENRICHED,IT Services & Consulting,2019-07-30,12.0,2020-07-30,0.044633626458414,0.0771898713301637,Low,model-estimated recurrence probability,False,,2026-07-09
BOAMP:17-53475,SIREN:391722881,GIE SESAM Vitale,391722881,,SIREN_ENRICHED,IT Services & Consulting,2018-01-02,12.0,2019-01-02,0.0446181130220523,0.0771639561819821,Low,model-estimated recurrence probability,False,,2026-07-09
BOAMP:18-103319,SIREN:234400034,préfet de la région Pays de la Loire,234400034,,SIREN_ENRICHED,IT Services & Consulting,2018-07-20,12.0,2019-07-20,0.0446181130220523,0.0771639561819821,Low,model-estimated recurrence probability,True,,2026-07-09
BOAMP:18-120601,SIREN:264400136,CHU de Nantes,264400136,,SIREN_ENRICHED,IT Services & Consulting,2018-08-28,12.0,2019-08-28,0.0446181130220523,0.0771639561819821,Low,model-estimated recurrence probability,False,,2026-07-09
BOAMP:18-17886,SIREN:228500013,Département de la Vendée,228500013,,SIREN_ENRICHED,IT Services & Consulting,2018-05-31,12.0,2019-05-31,0.0446181130220523,0.0771639561819821,Low,model-estimated recurrence probability,False,,2026-07-09
BOAMP:18-2518,SIREN:264400136,CHU de Nantes,264400136,,SIREN_ENRICHED,IT Services & Consulting,2018-01-09,12.0,2019-01-09,0.0446181130220523,0.0771639561819821,Low,model-estimated recurrence probability,False,,2026-07-09
BOAMP:18-42613,SIREN:228500013,Département de la Vendée,228500013,,SIREN_ENRICHED,IT Services & Consulting,2018-07-19,12.0,2019-07-19,0.0446181130220523,0.0771639561819821,Low,model-estimated recurrence probability,False,,2026-07-09
BOAMP:18-66863,SIREN:794304097,Nantes Métropole,794304097,,SIREN_ENRICHED,IT Services & Consulting,2018-08-10,12.0,2019-08-10,0.0446181130220523,0.0771639561819821,Low,model-estimated recurrence probability,False,,2026-07-09
BOAMP:18-6884,SIREN:264400136,CHU de Nantes,264400136,,SIREN_ENRICHED,IT Services & Consulting,2018-01-16,12.0,2019-01-16,0.0446181130220523,0.0771639561819821,Low,model-estimated recurrence probability,True,,2026-07-09
BOAMP:18-80158,SIREN:935367433,Conseil départemental Loire-Atlantique,935367433,,SIREN_ENRICHED,IT Services & Consulting,2018-06-13,12.0,2019-06-13,0.0446181130220523,0.0771639561819821,Low,model-estimated recurrence probability,False,,2026-07-09
BOAMP:18-87219,SIREN:130001704,DIR INTERDEPARTEMENTALE ROUTES OUEST,130001704,,SIREN_ENRICHED,IT Services & Consulting,2018-06-24,12.0,2019-06-24,0.0446181130220523,0.0771639561819821,Low,model-estimated recurrence probability,False,,2026-07-09
BOAMP:16-130215,SIREN:228500013,Département de la Vendée,228500013,,SIREN_ENRICHED,IT Services & Consulting,2017-02-08,12.0,2018-02-08,0.0446026047260045,0.077138049007075,Low,model-estimated recurrence probability,False,,2026-07-09
BOAMP:17-120212,SIREN:234400034,Conseil régional des Pays de la Loire,234400034,,SIREN_ENRICHED,IT Services & Consulting,2017-12-15,12.0,2018-12-15,0.0446026047260045,0.077138049007075,Low,model-estimated recurrence probability,True,,2026-07-09
BOAMP:17-133782,SIREN:214401325,Ville de Pornichet,214401325,,SIREN_ENRICHED,IT Services & Consulting,2017-09-22,12.0,2018-09-22,0.0446026047260045,0.077138049007075,Low,model-estimated recurrence probability,False,,2026-07-09
BOAMP:17-14986,SIREN:264400136,CHU de Nantes,264400136,,SIREN_ENRICHED,IT Services & Consulting,2017-06-02,12.0,2018-06-02,0.0446026047260045,0.077138049007075,Low,model-estimated recurrence probability,False,,2026-07-09
BOAMP:17-26666,SIREN:546650169,Vendée Expansion,546650169,,SIREN_ENRICHED,IT Services & Consulting,2017-03-30,12.0,2018-03-30,0.0446026047260045,0.077138049007075,Low,model-estimated recurrence probability,False,,2026-07-09
BOAMP:17-39457,SIREN:130001704,DIR INTERDEPARTEMENTALE ROUTES OUEST,130001704,,SIREN_ENRICHED,IT Services & Consulting,2017-03-23,12.0,2018-03-23,0.0446026047260045,0.077138049007075,Low,model-estimated recurrence probability,False,,2026-07-09
BOAMP:17-61199,SIREN:546650169,Vendée Expansion,546650169,,SIREN_ENRICHED,IT Services & Consulting,2017-05-04,12.0,2018-05-04,0.0446026047260045,0.077138049007075,Low,model-estimated recurrence probability,False,,2026-07-09
BOAMP:17-68186,SIREN:234400034,Conseil régional des Pays de la Loire,234400034,,SIREN_ENRICHED,IT Services & Consulting,2017-08-09,12.0,2018-08-09,0.0446026047260045,0.077138049007075,Low,model-estimated recurrence probability,True,,2026-07-09
BOAMP:16-109013,SIREN:172104309,Rectorat de l'Académie de Dijon,172104309,,SIREN_ENRICHED,IT Services & Consulting,2016-07-22,12.0,2017-07-22,0.0445871015687422,0.0771121498034774,Low,model-estimated recurrence probability,True,,2026-07-09
BOAMP:16-114007,SIREN:411516768,C.S.T.B.,411516768,,SIREN_ENRICHED,IT Services & Consulting,2016-07-30,12.0,2017-07-30,0.0445871015687422,0.0771121498034774,Low,model-estimated recurrence probability,True,,2026-07-09
BOAMP:16-134501,SIREN:391722881,GIE SESAM Vitale,391722881,,SIREN_ENRICHED,IT Services & Consulting,2016-09-15,12.0,2017-09-15,0.0445871015687422,0.0771121498034774,Low,model-estimated recurrence probability,False,,2026-07-09
BOAMP:16-136139,SIREN:234400034,Conseil régional des Pays de la Loire,234400034,,SIREN_ENRICHED,IT Services & Consulting,2016-12-27,12.0,2017-12-27,0.0445871015687422,0.0771121498034774,Low,model-estimated recurrence probability,False,,2026-07-09
BOAMP:16-155186,SIREN:546650169,Vendée Expansion,546650169,,SIREN_ENRICHED,IT Services & Consulting,2016-10-26,12.0,2017-10-26,0.0445871015687422,0.0771121498034774,Low,model-estimated recurrence probability,False,,2026-07-09
BOAMP:16-167180,SIREN:546650169,Vendée Expansion,546650169,,SIREN_ENRICHED,IT Services & Consulting,2016-12-20,12.0,2017-12-20,0.0445871015687422,0.0771121498034774,Low,model-estimated recurrence probability,False,,2026-07-09
BOAMP:16-33283,SIREN:794304097,Nantes Métropole,794304097,,SIREN_ENRICHED,IT Services & Consulting,2016-03-10,12.0,2017-03-10,0.0445871015687422,0.0771121498034774,Low,model-estimated recurrence probability,False,,2026-07-09
BOAMP:15-165050,SIREN:244900015,Angers Loire Métropole,244900015,,SIREN_ENRICHED,IT Services & Consulting,2015-10-29,12.0,2016-10-29,0.0445716035487376,0.077086258569225,Low,model-estimated recurrence probability,False,,2026-07-09
BOAMP:15-192356,SIREN:794304097,Nantes Métropole,794304097,,SIREN_ENRICHED,IT Services & Consulting,2015-12-24,12.0,2016-12-24,0.0445716035487376,0.077086258569225,Low,model-estimated recurrence probability,False,,2026-07-09
BOAMP:15-56649,SIREN:234400034,Conseil régional des Pays de la Loire,234400034,,SIREN_ENRICHED,IT Services & Consulting,2015-04-14,12.0,2016-04-14,0.0445716035487376,0.077086258569225,Low,model-estimated recurrence probability,False,,2026-07-09
BOAMP:15-72457,SIREN:234400034,Conseil régional des Pays de la Loire,234400034,,SIREN_ENRICHED,IT Services & Consulting,2015-05-12,12.0,2016-05-12,0.0445716035487376,0.077086258569225,Low,model-estimated recurrence probability,False,,2026-07-09
BOAMP:15-92588,SIREN:234400034,Conseil régional des Pays de la Loire,234400034,,SIREN_ENRICHED,IT Services & Consulting,2015-10-08,12.0,2016-10-08,0.0445716035487376,0.077086258569225,Low,model-estimated recurrence probability,False,,2026-07-09
BOAMP:20-72791,SIREN:983291931,MASH,983291931,,SIREN_ENRICHED,IT Services & Consulting,2020-09-21,16.0,2022-01-21,0.0427524265835214,0.0740428499081342,Low,model-estimated recurrence probability,False,,2026-07-09
BOAMP:16-66951,SIREN:264900259,EHPAD RESIDENCES LES LIGERIENNES,264900259,,SIREN_ENRICHED,Data & AI,2016-05-12,3.0,2016-08-12,0.0420413224040745,0.0728508989324681,Low,model-estimated recurrence probability,False,,2026-07-09
BOAMP:20-98214,SIREN:794304097,Nantes Métropole,794304097,,SIREN_ENRICHED,IT Services & Consulting,2020-08-05,18.0,2022-02-05,0.0418331677102452,0.0725017451725708,Low,model-estimated recurrence probability,False,,2026-07-09
BOAMP:20-98264,SIREN:794304097,Nantes Métropole,794304097,,SIREN_ENRICHED,IT Services & Consulting,2020-08-05,18.0,2022-02-05,0.0418331677102452,0.0725017451725708,Low,model-estimated recurrence probability,False,,2026-07-09
BOAMP:17-62129,SIREN:234400034,Conseil régional des Pays de la Loire,234400034,,SIREN_ENRICHED,IT Services & Consulting,2017-05-04,18.0,2018-11-04,0.0417894342556697,0.0724283735719668,Low,model-estimated recurrence probability,False,,2026-07-09
BOAMP:25-18162,SIREN:935367433,Conseil départemental Loire Atlantique,935367433,,SIREN_ENRICHED,GIS & Mapping,2025-02-16,4.0,2025-06-16,0.0417173786888639,0.0723074752633883,Low,model-estimated recurrence probability,False,,2026-07-09
BOAMP:25-28306,SIREN:227200029,Département de la Sarthe,227200029,,SIREN_ENRICHED,Digital Workplace & Collaboration,2025-03-14,4.0,2025-07-14,0.0417173786888639,0.0723074752633883,Low,model-estimated recurrence probability,False,,2026-07-09
BOAMP:25-37259,SIREN:227200029,Département de la Sarthe,227200029,,SIREN_ENRICHED,Digital Workplace & Collaboration,2025-04-04,4.0,2025-08-04,0.0417173786888639,0.0723074752633883,Low,model-estimated recurrence probability,False,,2026-07-09
BOAMP:25-73811,SIREN:227200029,Département de la Sarthe,227200029,,SIREN_ENRICHED,Digital Workplace & Collaboration,2025-07-02,4.0,2025-11-02,0.0417173786888639,0.0723074752633883,Low,model-estimated recurrence probability,False,,2026-07-09
BOAMP:25-91547,SIREN:227200029,Département de la Sarthe,227200029,,SIREN_ENRICHED,Digital Workplace & Collaboration,2025-08-13,4.0,2025-12-13,0.0417173786888639,0.0723074752633883,Low,model-estimated recurrence probability,False,,2026-07-09
BOAMP:24-11800,SIREN:217500016,Ville du Mans,217500016,,SIREN_ENRICHED,GIS & Mapping,2024-02-02,4.0,2024-06-02,0.0417028346158541,0.0722830708984813,Low,model-estimated recurrence probability,False,,2026-07-09
BOAMP:24-22970,SIREN:217500016,Ville du Mans,217500016,,SIREN_ENRICHED,GIS & Mapping,2024-02-25,4.0,2024-06-25,0.0417028346158541,0.0722830708984813,Low,model-estimated recurrence probability,False,,2026-07-09
BOAMP:24-50203,SIREN:228500013,Département de la Vendée,228500013,,SIREN_ENRICHED,Digital Workplace & Collaboration,2024-04-28,4.0,2024-08-28,0.0417028346158541,0.0722830708984813,Low,model-estimated recurrence probability,False,,2026-07-09
BOAMP:24-65111,SIREN:935367433,Conseil départemental Loire Atlantique,935367433,,SIREN_ENRICHED,IT Maintenance & Support,2024-06-06,4.0,2024-10-06,0.0417028346158541,0.0722830708984813,Low,model-estimated recurrence probability,False,,2026-07-09
BOAMP:24-67001,SIREN:217500016,Ville du Mans,217500016,,SIREN_ENRICHED,Data & AI,2024-06-11,4.0,2024-10-11,0.0417028346158541,0.0722830708984813,Low,model-estimated recurrence probability,False,,2026-07-09
BOAMP:24-74022,SIREN:488538877,Le Mans Métropole,488538877,,SIREN_ENRICHED,IT Hardware & Equipment,2024-06-26,4.0,2024-10-26,0.0417028346158541,0.0722830708984813,Low,model-estimated recurrence probability,False,,2026-07-09
BOAMP:23-180715,SIREN:245300355,COMMUNAUTE DE COMMUNES DE L ERNEE,245300355,,SIREN_ENRICHED,Cloud & Infrastructure,2023-12-30,4.0,2024-04-30,0.0416882953928096,0.0722586741286865,Low,model-estimated recurrence probability,False,,2026-07-09
BOAMP:20-137453,SIREN:200069474,COMMUNE DE OMBREE D ANJOU,200069474,,SIREN_ENRICHED,Data & AI,2020-11-09,4.0,2021-03-09,0.0416447068088344,0.0721855293706695,Low,model-estimated recurrence probability,False,missing_cpv;,2026-07-09
BOAMP:25-55152,SIREN:935367433,Conseil départemental Loire Atlantique,935367433,,SIREN_ENRICHED,IT Hardware & Equipment,2025-05-18,5.0,2025-10-18,0.0412660652440948,0.0715499364173005,Low,model-estimated recurrence probability,False,,2026-07-09
BOAMP:25-15121,SIRET:21850191400566,Ville de La Roche sur Yon (85),,21850191400566,SIRET,Data & AI,2025-02-09,3.942181340341656,2025-06-09,0.0412489896740908,0.0715212644476205,Low,model-estimated recurrence probability,False,,2026-07-09
BOAMP:25-32752,SIRET:24850058900317,La Roche sur Yon Agglomération (85),521017848,24850058900317,SIRET,IT Hardware & Equipment,2025-03-25,3.942181340341656,2025-07-25,0.0412489896740908,0.0715212644476205,Low,model-estimated recurrence probability,False,,2026-07-09
BOAMP:25-58107,SIRET:83095506800044,ANGERS LOIRE TOURISME EXPO CONGRES,830955068,83095506800044,SIRET,Data & AI,2025-05-25,3.942181340341656,2025-09-25,0.0412489896740908,0.0715212644476205,Low,model-estimated recurrence probability,False,,2026-07-09
BOAMP:25-79177,SIRET:20007191800011,Communauté de Communes du Pays de Saint-Fulgent - Les Essarts (85),,20007191800011,SIRET,IT Hardware & Equipment,2025-07-12,3.942181340341656,2025-11-12,0.0412489896740908,0.0715212644476205,Low,model-estimated recurrence probability,False,,2026-07-09
BOAMP:24-138492,SIRET:20005361900017,Commune de Beaupréau en Mauges,200053619,20005361900017,SIRET,IT Hardware & Equipment,2024-12-11,3.942181340341656,2025-04-11,0.041234601870573,0.0714971049846221,Low,model-estimated recurrence probability,False,,2026-07-09
BOAMP:24-138709,SIRET:19753472000010,ECOLE NATIONALE SUPERIEURE D'ARTS ET METIERS,197534720,19753472000010,SIRET,IT Hardware & Equipment,2024-12-12,3.942181340341656,2025-04-12,0.041234601870573,0.0714971049846221,Low,model-estimated recurrence probability,False,,2026-07-09
BOAMP:24-139412,SIRET:18440128900022,CCI Région Pays de la Loire,234400034,18440128900022,SIRET,IT Hardware & Equipment,2024-12-13,3.942181340341656,2025-04-13,0.041234601870573,0.0714971049846221,Low,model-estimated recurrence probability,False,,2026-07-09
BOAMP:24-25465,SIRET:17440005100010,CA SAUMUR VAL DE LOIRE,200071876,17440005100010,SIRET,IT Hardware & Equipment,2024-03-01,3.942181340341656,2024-07-01,0.041234601870573,0.0714971049846221,Low,model-estimated recurrence probability,False,,2026-07-09
BOAMP:24-35922,SIRET:17440005100010,CA SAUMUR VAL DE LOIRE,200071876,17440005100010,SIRET,IT Hardware & Equipment,2024-03-27,3.942181340341656,2024-07-27,0.041234601870573,0.0714971049846221,Low,model-estimated recurrence probability,False,,2026-07-09
BOAMP:24-66059,SIRET:83095506800044,Destination Angers,,83095506800044,SIRET,Digital Workplace & Collaboration,2024-06-08,3.942181340341656,2024-10-08,0.041234601870573,0.0714971049846221,Low,model-estimated recurrence probability,False,,2026-07-09
BOAMP:25-52714,SIRET:17440005100010,REGION DES PAYS DE LA LOIRE,234400034,17440005100010,SIRET,Digital Workplace & Collaboration,2025-05-11,4.0,2025-09-11,0.0412230489855408,0.0714777054257902,Low,model-estimated recurrence probability,False,,2026-07-09
BOAMP:25-98483,SIRET:20009665900012,CIAS de La Roche-sur-Yon (85),,20009665900012,SIRET,Data & AI,2025-09-05,4.0,2026-01-05,0.0412230489855408,0.0714777054257902,Low,model-estimated recurrence probability,False,,2026-07-09
BOAMP:19-160018,SIREN:198513905,LYCEE POLYVALENT LEONARD DE VINCI,198513905,,SIREN_ENRICHED,Telecom & Networks,2019-10-21,1.0,2019-11-21,0.0408914189749279,0.0709206872968083,Low,model-estimated recurrence probability,False,,2026-07-09
BOAMP:16-180684,SIREN:777739160,FONDAT REGION OUEST LIGUE CANCER,777739160,,SIREN_ENRICHED,Telecom & Networks,2016-12-16,1.0,2017-01-16,0.040848628075907,0.0708487935019329,Low,model-estimated recurrence probability,False,,2026-07-09
BOAMP:24-13163,SIREN:935367433,Conseil départemental Loire Atlantique,935367433,,SIREN_ENRICHED,IT Maintenance & Support,2024-02-04,6.0,2024-08-04,0.0408051819457238,0.0707757940207232,Low,model-estimated recurrence probability,False,,2026-07-09
BOAMP:24-14769,SIREN:935367433,Conseil départemental Loire Atlantique,935367433,,SIREN_ENRICHED,IT Maintenance & Support,2024-02-07,6.0,2024-08-07,0.0408051819457238,0.0707757940207232,Low,model-estimated recurrence probability,False,,2026-07-09
BOAMP:24-41081,SIRET:20007023300016,"Terres de Montaigu, Communauté d'Agglomération (85)",,20007023300016,SIRET,IT Hardware & Equipment,2024-04-10,4.92772667542707,2024-09-10,0.0407947072090486,0.0707581933296727,Low,model-estimated recurrence probability,False,,2026-07-09
BOAMP:21-25043,SIREN:214400269,Ville de Carquefou,214400269,,SIREN_ENRICHED,Data & AI,2021-02-23,6.0,2021-08-23,0.0407624774542402,0.0707040359293685,Low,model-estimated recurrence probability,False,missing_cpv;,2026-07-09
BOAMP:23-30054,SIREN:224900019,Département de Maine-et-Loire,224900019,,SIREN_ENRICHED,Cybersecurity,2023-03-07,3.0,2023-06-07,0.0407600321378764,0.0706999268229118,Low,model-estimated recurrence probability,True,,2026-07-09
BOAMP:20-34709,SIREN:546650169,Vendée Expansion,546650169,,SIREN_ENRICHED,IT Hardware & Equipment,2020-03-08,6.0,2020-09-08,0.0407482521356522,0.0706801315067695,Low,model-estimated recurrence probability,False,,2026-07-09
BOAMP:20-154115,SIREN:576150270,SEM CENOVIA,576150270,,SIREN_ENRICHED,Cybersecurity,2021-02-11,3.0,2021-05-11,0.0407315878882418,0.070652128011973,Low,model-estimated recurrence probability,False,,2026-07-09
BOAMP:16-103088,SIREN:247200132,Le Mans Métropole - Communauté Urbaine,247200132,,SIREN_ENRICHED,IT Hardware & Equipment,2016-11-17,6.0,2017-05-17,0.0406913983823903,0.0705845884711715,Low,model-estimated recurrence probability,False,,2026-07-09
BOAMP:16-85662,SIREN:234400034,Conseil régional des Pays de la Loire,234400034,,SIREN_ENRICHED,GIS & Mapping,2016-10-14,6.0,2017-04-14,0.0406913983823903,0.0705845884711715,Low,model-estimated recurrence probability,False,,2026-07-09
BOAMP:15-165845,SIREN:214401200,commune de Le Pellerin,214401200,,SIREN_ENRICHED,Cybersecurity,2016-02-16,3.0,2016-05-16,0.040660560396515,0.0705327615912114,Low,model-estimated recurrence probability,False,,2026-07-09
BOAMP:25-14799,SIREN:529260903,SOCIETE PUBLIQUE REGIONALE ABBAYE DE FONTEVRAUD,529260903,,SIREN_ENRICHED,Telecom & Networks,2025-02-09,2.0,2025-04-09,0.040533485648648,0.0703191716295407,Low,model-estimated recurrence probability,False,,2026-07-09
BOAMP:25-27783,SIREN:529260903,SOCIETE PUBLIQUE REGIONALE ABBAYE DE FONTEVRAUD,529260903,,SIREN_ENRICHED,Telecom & Networks,2025-03-13,2.0,2025-05-13,0.040533485648648,0.0703191716295407,Low,model-estimated recurrence probability,False,,2026-07-09
BOAMP:23-137061,SIREN:214400434,Mairie de Clisson,214400434,,SIREN_ENRICHED,Telecom & Networks,2023-10-03,2.0,2023-12-03,0.0405051928179491,0.0702716107739921,Low,model-estimated recurrence probability,False,,2026-07-09
BOAMP:16-136057,SIREN:217500016,Ville du Mans,217500016,,SIREN_ENRICHED,Telecom & Networks,2016-11-15,2.0,2017-01-15,0.040406316795334,0.0701053818680084,Low,model-estimated recurrence probability,False,,2026-07-09
BOAMP:25-15910,SIREN:488538877,Le Mans Métropole,488538877,,SIREN_ENRICHED,Cybersecurity,2025-02-12,4.0,2025-06-12,0.0403468078564639,0.0700053241829005,Low,model-estimated recurrence probability,False,,2026-07-09
BOAMP:25-24140,SIREN:228500013,Département de la Vendée,228500013,,SIREN_ENRICHED,Cybersecurity,2025-03-05,4.0,2025-07-05,0.0403468078564639,0.0700053241829005,Low,model-estimated recurrence probability,False,,2026-07-09
BOAMP:25-61834,SIREN:217500016,Ville du Mans,217500016,,SIREN_ENRICHED,Cybersecurity,2025-06-04,4.0,2025-10-04,0.0403468078564639,0.0700053241829005,Low,model-estimated recurrence probability,False,,2026-07-09
BOAMP:25-53540,SIRET:25440253000011,Groupement d'intérêt public GIGALIS,254402530,25440253000011,SIRET,Digital Workplace & Collaboration,2025-05-14,6.0,2025-11-14,0.0403352890060779,0.0699859554589097,Low,model-estimated recurrence probability,False,,2026-07-09
BOAMP:22-24902,SIREN:244900015,Angers Loire Métropole,244900015,,SIREN_ENRICHED,Cloud & Infrastructure,2022-02-21,7.0,2022-09-21,0.040335142257909,0.0699857087024987,Low,model-estimated recurrence probability,False,,2026-07-09
BOAMP:24-112213,SIREN:228500013,Département de la Vendée,228500013,,SIREN_ENRICHED,Cybersecurity,2024-10-04,4.0,2025-02-04,0.040332721499235,0.0699816381992606,Low,model-estimated recurrence probability,False,,2026-07-09
BOAMP:24-121511,SIREN:488538877,Le Mans Métropole,488538877,,SIREN_ENRICHED,Cybersecurity,2024-10-25,4.0,2025-02-25,0.040332721499235,0.0699816381992606,Low,model-estimated recurrence probability,False,,2026-07-09
BOAMP:24-122891,SIREN:488538877,Le Mans Métropole,488538877,,SIREN_ENRICHED,Cybersecurity,2024-10-29,4.0,2025-02-28,0.040332721499235,0.0699816381992606,Low,model-estimated recurrence probability,False,,2026-07-09
BOAMP:24-133497,SIREN:214400558,Ville de La Baule Escoublac,214400558,,SIREN_ENRICHED,Cybersecurity,2024-11-28,4.0,2025-03-28,0.040332721499235,0.0699816381992606,Low,model-estimated recurrence probability,False,,2026-07-09
BOAMP:24-26079,SIREN:247200090,Communauté de communes du Pays Sabolien,247200090,,SIREN_ENRICHED,Cybersecurity,2024-03-03,4.0,2024-07-03,0.040332721499235,0.0699816381992606,Low,model-estimated recurrence probability,False,,2026-07-09
BOAMP:24-40517,SIREN:214401432,MAIRIE DE REZE,214401432,,SIREN_ENRICHED,Cybersecurity,2024-04-07,4.0,2024-08-07,0.040332721499235,0.0699816381992606,Low,model-estimated recurrence probability,False,,2026-07-09
BOAMP:24-47720,SIREN:488538877,Le Mans Métropole,488538877,,SIREN_ENRICHED,Cybersecurity,2024-04-24,4.0,2024-08-24,0.040332721499235,0.0699816381992606,Low,model-estimated recurrence probability,False,,2026-07-09
BOAMP:24-55863,SIREN:488538877,Le Mans Métropole,488538877,,SIREN_ENRICHED,Cybersecurity,2024-05-15,4.0,2024-09-15,0.040332721499235,0.0699816381992606,Low,model-estimated recurrence probability,False,,2026-07-09
BOAMP:24-7288,SIREN:228500013,Département de la Vendée,228500013,,SIREN_ENRICHED,Cybersecurity,2024-01-24,4.0,2024-05-24,0.040332721499235,0.0699816381992606,Low,model-estimated recurrence probability,False,,2026-07-09
BOAMP:25-56786,SIRET:12001002000028,Casier judiciaire national,130025158,12001002000028,SIRET,Cybersecurity,2025-05-22,2.9566360052562417,2025-08-22,0.040323748454048,0.0699665499012567,Low,model-estimated recurrence probability,False,,2026-07-09
BOAMP:24-106137,SIRET:17440005100010,CHU NANTES,264400136,17440005100010,SIRET,IT Maintenance & Support,2024-09-20,6.0,2025-03-20,0.0403212065014737,0.0699622755355919,Low,model-estimated recurrence probability,False,,2026-07-09
BOAMP:24-27595,SIRET:17440005100010,GIE SESAM-Vitale,391722881,17440005100010,SIRET,IT Maintenance & Support,2024-03-07,6.0,2024-09-07,0.0403212065014737,0.0699622755355919,Low,model-estimated recurrence probability,False,,2026-07-09
BOAMP:24-27619,SIRET:17440005100010,GIE SESAM VITALE,391722881,17440005100010,SIRET,IT Hardware & Equipment,2024-03-07,6.0,2024-09-07,0.0403212065014737,0.0699622755355919,Low,model-estimated recurrence probability,False,,2026-07-09
BOAMP:24-106530,SIRET:12001002000028,Casier judiciaire national,130025158,12001002000028,SIRET,Cybersecurity,2024-09-20,2.9566360052562417,2024-12-20,0.0403096698094238,0.06994287605006,Low,model-estimated recurrence probability,False,,2026-07-09
BOAMP:24-121412,SIRET:18009202500121,IMT Atlantique Bretagne - Pays de la Loire,,18009202500121,SIRET,Cybersecurity,2024-10-25,2.9566360052562417,2025-01-25,0.0403096698094238,0.06994287605006,Low,model-estimated recurrence probability,False,,2026-07-09
BOAMP:24-50048,SIRET:20008213900011,Ville des Sables d’Olonne,,20008213900011,SIRET,Cybersecurity,2024-04-28,3.0,2024-07-28,0.0402906372825974,0.0699108712194535,Low,model-estimated recurrence probability,False,,2026-07-09
BOAMP:21-62138,SIREN:234400034,Conseil régional des Pays de la Loire,234400034,,SIREN_ENRICHED,Cybersecurity,2021-05-07,4.0,2021-09-07,0.0402904906900603,0.0699106247078743,Low,model-estimated recurrence probability,False,,2026-07-09
BOAMP:17-123584,SIREN:200006971,Communauté de Communes du Perche,200006971,,SIREN_ENRICHED,Data & AI,2017-12-04,7.0,2018-07-04,0.0402647770678641,0.0698673835489888,Low,model-estimated recurrence probability,True,,2026-07-09
BOAMP:16-149380,SIREN:214400418,Commune de la Chevrolière,214400418,,SIREN_ENRICHED,Telecom & Networks,2016-10-13,3.0,2017-01-13,0.0399685953096912,0.0693691884224325,Low,model-estimated recurrence probability,False,,2026-07-09
BOAMP:20-36082,SIREN:214400491,COMMUNE DU CROISIC,214400491,,SIREN_ENRICHED,Unknown,2020-03-10,1.0,2020-04-10,0.0399681327494494,0.06936841019207,Low,model-estimated recurrence probability,False,missing_cpv;,2026-07-09
BOAMP:22-21573,SIREN:794304097,Nantes Métropole,794304097,,SIREN_ENRICHED,GIS & Mapping,2022-02-10,8.0,2022-10-10,0.0398981597476053,0.0692506783839488,Low,model-estimated recurrence probability,False,,2026-07-09
BOAMP:24-74484,SIREN:353686934,CAP ATLANTIQUE,353686934,,SIREN_ENRICHED,Cybersecurity,2024-06-27,5.0,2024-11-27,0.0398957641246426,0.0692466474483649,Low,model-estimated recurrence probability,False,,2026-07-09
BOAMP:25-27146,SIRET:28530001800030,SDIS 53,285300018,28530001800030,SIRET,Cybersecurity,2025-03-12,3.942181340341656,2025-07-12,0.0398931665469902,0.0692422766820066,Low,model-estimated recurrence probability,False,,2026-07-09
BOAMP:25-33262,SIRET:18450021300014,CROUS d'Orléans Tours,,18450021300014,SIRET,Cybersecurity,2025-03-26,3.942181340341656,2025-07-26,0.0398931665469902,0.0692422766820066,Low,model-estimated recurrence probability,False,,2026-07-09
BOAMP:24-118232,SIRET:18009202500121,IMT ATLANTIQUE BRETAGNE - PAYS DE LA LOIRE,,18009202500121,SIRET,Cybersecurity,2024-10-18,3.942181340341656,2025-02-18,0.0398792319887615,0.0692188296563465,Low,model-estimated recurrence probability,False,,2026-07-09
BOAMP:24-81192,SIRET:45151864100035,SAEM VENDEE - Vendée Globe,,45151864100035,SIRET,Cybersecurity,2024-07-12,3.942181340341656,2024-11-12,0.0398792319887615,0.0692188296563465,Low,model-estimated recurrence probability,False,,2026-07-09
BOAMP:24-107476,SIRET:17440005100010,VILLE DE LAVAL,215301300,17440005100010,SIRET,Cybersecurity,2024-09-24,4.0,2025-01-24,0.0398541169062833,0.0691765684239056,Low,model-estimated recurrence probability,False,,2026-07-09
BOAMP:25-1036,SIREN:214401358,Ville du POULIGUEN,214401358,,SIREN_ENRICHED,Telecom & Networks,2025-01-08,4.0,2025-05-08,0.0396599615001984,0.0688498075767992,Low,model-estimated recurrence probability,False,,2026-07-09
BOAMP:25-36966,SIREN:488538877,Le Mans Métropole,488538877,,SIREN_ENRICHED,Telecom & Networks,2025-04-03,4.0,2025-08-03,0.0396599615001984,0.0688498075767992,Low,model-estimated recurrence probability,False,,2026-07-09
BOAMP:25-58342,SIREN:214401036,Mairie de Montoir de Bretagne,214401036,,SIREN_ENRICHED,Telecom & Networks,2025-05-25,4.0,2025-09-25,0.0396599615001984,0.0688498075767992,Low,model-estimated recurrence probability,False,,2026-07-09
BOAMP:25-75427,SIREN:488538877,Le Mans Métropole,488538877,,SIREN_ENRICHED,Telecom & Networks,2025-07-04,4.0,2025-11-04,0.0396599615001984,0.0688498075767992,Low,model-estimated recurrence probability,False,,2026-07-09
BOAMP:25-78625,SIREN:228500013,Département de la Vendée,228500013,,SIREN_ENRICHED,Telecom & Networks,2025-07-11,4.0,2025-11-11,0.0396599615001984,0.0688498075767992,Low,model-estimated recurrence probability,False,,2026-07-09
BOAMP:24-115331,SIREN:488538877,Le Mans Métropole,488538877,,SIREN_ENRICHED,Telecom & Networks,2024-10-11,4.0,2025-02-11,0.039646105036091,0.0688264836227451,Low,model-estimated recurrence probability,False,,2026-07-09
BOAMP:24-127590,SIREN:488538877,Le Mans Métropole,488538877,,SIREN_ENRICHED,Telecom & Networks,2024-11-10,4.0,2025-03-10,0.039646105036091,0.0688264836227451,Low,model-estimated recurrence probability,False,,2026-07-09
BOAMP:24-128497,SIREN:488538877,Le Mans Métropole,488538877,,SIREN_ENRICHED,Telecom & Networks,2024-11-14,4.0,2025-03-14,0.039646105036091,0.0688264836227451,Low,model-estimated recurrence probability,False,,2026-07-09
BOAMP:24-15971,SIREN:214401846,VILLE DE SAINT NAZAIRE,214401846,,SIREN_ENRICHED,Telecom & Networks,2024-02-09,4.0,2024-06-09,0.039646105036091,0.0688264836227451,Low,model-estimated recurrence probability,False,,2026-07-09
BOAMP:24-27405,SIREN:214401846,VILLE DE SAINT NAZAIRE,214401846,,SIREN_ENRICHED,Telecom & Networks,2024-03-07,4.0,2024-07-07,0.039646105036091,0.0688264836227451,Low,model-estimated recurrence probability,False,,2026-07-09
BOAMP:24-80391,SIREN:200014926,Territoire d'énergie Loire-Atlantique,200014926,,SIREN_ENRICHED,Telecom & Networks,2024-07-10,4.0,2024-11-10,0.039646105036091,0.0688264836227451,Low,model-estimated recurrence probability,False,,2026-07-09
BOAMP:24-97007,SIREN:488538877,Le Mans Métropole,488538877,,SIREN_ENRICHED,Telecom & Networks,2024-08-25,4.0,2024-12-25,0.039646105036091,0.0688264836227451,Low,model-estimated recurrence probability,False,,2026-07-09
BOAMP:23-108932,SIREN:555650308,SPL Laval Mayenne Aménagements,555650308,,SIREN_ENRICHED,Telecom & Networks,2023-11-27,4.0,2024-03-27,0.039632253213387,0.0688031669862115,Low,model-estimated recurrence probability,False,,2026-07-09
BOAMP:24-131395,SIRET:21490353600016,Ville de Trélazé (49),,21490353600016,SIRET,Telecom & Networks,2024-11-22,2.9566360052562417,2025-02-22,0.0396234295709679,0.0687883139778325,Low,model-estimated recurrence probability,False,,2026-07-09
BOAMP:21-39936,SIREN:214401580,Mairie de Saint Etienne de Montluc,214401580,,SIREN_ENRICHED,Telecom & Networks,2021-06-24,4.0,2021-10-24,0.0396045634865299,0.0687565556581057,Low,model-estimated recurrence probability,False,,2026-07-09
BOAMP:17-8483,SIREN:227200029,Département de la Sarthe,227200029,,SIREN_ENRICHED,Telecom & Networks,2017-04-07,4.0,2017-08-07,0.0395492396674161,0.0686634207285468,Low,model-estimated recurrence probability,False,,2026-07-09
BOAMP:24-59660,SIREN:287200265,SDIS de la Sarthe,287200265,,SIREN_ENRICHED,Cybersecurity,2024-05-24,6.0,2024-11-24,0.0394633459991604,0.068518807308876,Low,model-estimated recurrence probability,False,,2026-07-09
BOAMP:25-86184,SIRET:24440040400129,Nantes Métropole,794304097,24440040400129,SIRET,Cybersecurity,2025-07-29,5.0,2025-12-29,0.0394359130467663,0.0684726162710582,Low,model-estimated recurrence probability,False,,2026-07-09
BOAMP:24-102167,SIRET:24440040400129,Nantes Métropole,794304097,24440040400129,SIRET,Cybersecurity,2024-09-10,5.0,2025-02-10,0.0394221316477411,0.0684494107033387,Low,model-estimated recurrence probability,False,,2026-07-09
BOAMP:24-117855,SIRET:24440040400129,Nantes Métropole,794304097,24440040400129,SIRET,Cybersecurity,2024-10-17,5.0,2025-03-17,0.0394221316477411,0.0684494107033387,Low,model-estimated recurrence probability,False,,2026-07-09
BOAMP:24-139939,SIRET:24440040400129,Nantes Métropole,794304097,24440040400129,SIRET,Cybersecurity,2024-12-14,5.0,2025-05-14,0.0394221316477411,0.0684494107033387,Low,model-estimated recurrence probability,False,,2026-07-09
BOAMP:24-73665,SIRET:24440040400129,Nantes metropole,,24440040400129,SIRET,Cybersecurity,2024-06-26,5.0,2024-11-26,0.0394221316477411,0.0684494107033387,Low,model-estimated recurrence probability,False,,2026-07-09
BOAMP:24-81519,SIRET:24440040400129,Nantes metropole,,24440040400129,SIRET,Cybersecurity,2024-07-12,5.0,2024-12-12,0.0394221316477411,0.0684494107033387,Low,model-estimated recurrence probability,False,,2026-07-09
BOAMP:21-120100,SIREN:215601071,Ville de Larmor-plage,215601071,,SIREN_ENRICHED,Cybersecurity,2021-09-10,6.0,2022-03-10,0.0394219880853539,0.0684491689657434,Low,model-estimated recurrence probability,False,,2026-07-09
BOAMP:19-141668,SIREN:288500010,SDIS 85,288500010,,SIREN_ENRICHED,Cybersecurity,2020-02-14,6.0,2020-08-14,0.039408211352946,0.0684259707606782,Low,model-estimated recurrence probability,False,,2026-07-09
BOAMP:18-79401,SIREN:234400034,Conseil régional des Pays de la Loire,234400034,,SIREN_ENRICHED,Cybersecurity,2018-10-09,6.0,2019-04-09,0.0393806717379631,0.0683795962031367,Low,model-estimated recurrence probability,False,,2026-07-09
BOAMP:15-50024,SIREN:258500222,Vendée Eau,258500222,,SIREN_ENRICHED,Cybersecurity,2015-06-25,6.0,2015-12-25,0.0393393969189351,0.0683100889698542,Low,model-estimated recurrence probability,False,,2026-07-09
BOAMP:22-166698,SIREN:228500013,Département de la Vendée,228500013,,SIREN_ENRICHED,IT Services & Consulting,2023-04-28,24.0,2025-04-28,0.0392286282406263,0.0681235315966082,Low,model-estimated recurrence probability,False,,2026-07-09
BOAMP:23-115723,SIREN:391722881,GIE SESAM Vitale,391722881,,SIREN_ENRICHED,IT Services & Consulting,2023-12-19,24.0,2025-12-19,0.0392286282406263,0.0681235315966082,Low,model-estimated recurrence probability,False,,2026-07-09
BOAMP:23-127328,SIREN:200014926,TERRITOIRE ENERGIE LOIRE ATLANTIQUE,200014926,,SIREN_ENRICHED,IT Services & Consulting,2023-12-06,24.0,2025-12-06,0.0392286282406263,0.0681235315966082,Low,model-estimated recurrence probability,False,,2026-07-09
BOAMP:23-38767,SIREN:391722881,GIE SESAM Vitale,391722881,,SIREN_ENRICHED,IT Services & Consulting,2023-03-24,24.0,2025-03-24,0.0392286282406263,0.0681235315966082,Low,model-estimated recurrence probability,False,,2026-07-09
BOAMP:23-41648,SIREN:228500013,Département de la Vendée,228500013,,SIREN_ENRICHED,IT Services & Consulting,2023-03-28,24.0,2025-03-28,0.0392286282406263,0.0681235315966082,Low,model-estimated recurrence probability,False,,2026-07-09
BOAMP:23-43054,SIREN:224900019,Département de Maine-et-Loire,224900019,,SIREN_ENRICHED,IT Services & Consulting,2023-06-02,24.0,2025-06-02,0.0392286282406263,0.0681235315966082,Low,model-estimated recurrence probability,False,,2026-07-09
BOAMP:23-43939,SIREN:244900015,Angers Loire Métropole,244900015,,SIREN_ENRICHED,IT Services & Consulting,2023-11-20,24.0,2025-11-20,0.0392286282406263,0.0681235315966082,Low,model-estimated recurrence probability,False,,2026-07-09
BOAMP:23-61473,SIREN:110006012,Ministère des Affaires étrangères,110006012,,SIREN_ENRICHED,IT Services & Consulting,2023-10-31,24.0,2025-10-31,0.0392286282406263,0.0681235315966082,Low,model-estimated recurrence probability,False,,2026-07-09
BOAMP:23-73693,SIREN:234400034,Conseil régional des Pays de la Loire,234400034,,SIREN_ENRICHED,IT Services & Consulting,2023-10-03,24.0,2025-10-03,0.0392286282406263,0.0681235315966082,Low,model-estimated recurrence probability,False,,2026-07-09
BOAMP:23-93496,SIREN:247200132,Le Mans Métropole - Communauté Urbaine,247200132,,SIREN_ENRICHED,IT Services & Consulting,2023-12-26,24.0,2025-12-26,0.0392286282406263,0.0681235315966082,Low,model-estimated recurrence probability,False,,2026-07-09
BOAMP:22-121360,SIREN:225300011,DEPARTEMENT DE LA MAYENNE,225300011,,SIREN_ENRICHED,IT Services & Consulting,2022-09-09,24.0,2024-09-09,0.0392149163227163,0.0681004356858057,Low,model-estimated recurrence probability,False,,2026-07-09
BOAMP:22-159813,SIREN:391722881,GIE SESAM Vitale,391722881,,SIREN_ENRICHED,IT Services & Consulting,2022-12-04,24.0,2024-12-04,0.0392149163227163,0.0681004356858057,Low,model-estimated recurrence probability,False,,2026-07-09
BOAMP:22-24571,SIREN:233500016,Région Bretagne,233500016,,SIREN_ENRICHED,IT Services & Consulting,2022-02-16,24.0,2024-02-16,0.0392149163227163,0.0681004356858057,Low,model-estimated recurrence probability,False,,2026-07-09
BOAMP:22-39212,SIREN:794304097,Nantes Métropole,794304097,,SIREN_ENRICHED,IT Services & Consulting,2022-03-18,24.0,2024-03-18,0.0392149163227163,0.0681004356858057,Low,model-estimated recurrence probability,False,,2026-07-09
BOAMP:22-39342,SIREN:100492784,CORLAB,100492784,,SIREN_ENRICHED,IT Services & Consulting,2022-03-16,24.0,2024-03-16,0.0392149163227163,0.0681004356858057,Low,model-estimated recurrence probability,True,,2026-07-09
BOAMP:22-41300,SIREN:535104756,URSSAF des Pays de la Loire,535104756,,SIREN_ENRICHED,IT Services & Consulting,2022-06-06,24.0,2024-06-06,0.0392149163227163,0.0681004356858057,Low,model-estimated recurrence probability,False,,2026-07-09
BOAMP:22-69952,SIREN:234400034,Conseil régional des Pays de la Loire,234400034,,SIREN_ENRICHED,IT Services & Consulting,2022-05-16,24.0,2024-05-16,0.0392149163227163,0.0681004356858057,Low,model-estimated recurrence probability,True,,2026-07-09
BOAMP:22-98192,SIREN:228500013,Département de la Vendée,228500013,,SIREN_ENRICHED,IT Services & Consulting,2022-07-12,24.0,2024-07-12,0.0392149163227163,0.0681004356858057,Low,model-estimated recurrence probability,False,,2026-07-09
BOAMP:25-31696,SIRET:13002591900015,Office Français de la Biodiversité,130025919,13002591900015,SIRET,Telecom & Networks,2025-03-21,3.942181340341656,2025-07-21,0.0392137272178145,0.0680984327731081,Low,model-estimated recurrence probability,False,,2026-07-09
BOAMP:25-39459,SIRET:19440100600011,Ecole Centrale de Nantes,194401006,19440100600011,SIRET,Telecom & Networks,2025-04-09,3.942181340341656,2025-08-09,0.0392137272178145,0.0680984327731081,Low,model-estimated recurrence probability,False,,2026-07-09
BOAMP:25-74485,SIRET:21490328800014,Ville de Saumur (49),,21490328800014,SIRET,Telecom & Networks,2025-07-03,3.942181340341656,2025-11-03,0.0392137272178145,0.0680984327731081,Low,model-estimated recurrence probability,False,,2026-07-09
BOAMP:25-78511,SIRET:21490328800014,Ville de Saumur (49),,21490328800014,SIRET,Telecom & Networks,2025-07-11,3.942181340341656,2025-11-11,0.0392137272178145,0.0680984327731081,Low,model-estimated recurrence probability,False,,2026-07-09
BOAMP:20-133527,SIREN:228500013,Département de la Vendée,228500013,,SIREN_ENRICHED,IT Services & Consulting,2021-03-01,24.0,2023-03-01,0.0392012090020936,0.0680773470331782,Low,model-estimated recurrence probability,False,,2026-07-09
BOAMP:20-155309,SIREN:228500013,Département de la Vendée,228500013,,SIREN_ENRICHED,IT Services & Consulting,2021-03-11,24.0,2023-03-11,0.0392012090020936,0.0680773470331782,Low,model-estimated recurrence probability,False,,2026-07-09
BOAMP:20-91479,SIREN:258500222,VENDEE EAU,258500222,,SIREN_ENRICHED,IT Services & Consulting,2021-01-07,24.0,2023-01-07,0.0392012090020936,0.0680773470331782,Low,model-estimated recurrence probability,False,,2026-07-09
BOAMP:21-129937,SIREN:214401093,Ville de Nantes,214401093,,SIREN_ENRICHED,IT Services & Consulting,2021-10-01,24.0,2023-10-01,0.0392012090020936,0.0680773470331782,Low,model-estimated recurrence probability,True,,2026-07-09
BOAMP:21-146075,SIREN:214402042,Ville de Thouaré-sur-Loire,214402042,,SIREN_ENRICHED,IT Services & Consulting,2021-10-31,24.0,2023-10-31,0.0392012090020936,0.0680773470331782,Low,model-estimated recurrence probability,False,,2026-07-09
BOAMP:21-22700,SIREN:110006012,Ministère des Affaires étrangères,110006012,,SIREN_ENRICHED,IT Services & Consulting,2021-03-12,24.0,2023-03-12,0.0392012090020936,0.0680773470331782,Low,model-estimated recurrence probability,True,,2026-07-09
BOAMP:24-114946,SIRET:13003051300019,Université de Rennes,,13003051300019,SIRET,Telecom & Networks,2024-10-11,3.942181340341656,2025-02-11,0.0392000202958775,0.068075344749939,Low,model-estimated recurrence probability,False,,2026-07-09
BOAMP:24-11668,SIRET:21850047800209,Commune de Challans,218500478,21850047800209,SIRET,Telecom & Networks,2024-02-01,3.942181340341656,2024-06-01,0.0392000202958775,0.068075344749939,Low,model-estimated recurrence probability,False,,2026-07-09
BOAMP:24-138588,SIRET:19350937900015,Université Rennes 2,,19350937900015,SIRET,Telecom & Networks,2024-12-11,3.942181340341656,2025-04-11,0.0392000202958775,0.068075344749939,Low,model-estimated recurrence probability,False,,2026-07-09
BOAMP:24-44676,SIRET:83095506800044,Destination Angers,,83095506800044,SIRET,Telecom & Networks,2024-04-17,3.942181340341656,2024-08-17,0.0392000202958775,0.068075344749939,Low,model-estimated recurrence probability,False,,2026-07-09
BOAMP:24-55356,SIRET:83095506800044,Destination Angers,,83095506800044,SIRET,Telecom & Networks,2024-05-15,3.942181340341656,2024-09-15,0.0392000202958775,0.068075344749939,Low,model-estimated recurrence probability,False,,2026-07-09
BOAMP:24-61757,SIRET:17440005100010,NANTES UNIVERSITE,130029747,17440005100010,SIRET,Telecom & Networks,2024-05-30,3.942181340341656,2024-09-30,0.0392000202958775,0.068075344749939,Low,model-estimated recurrence probability,False,,2026-07-09
BOAMP:24-80969,SIRET:13002622200013,INESAAE - L'Institut Agro,,13002622200013,SIRET,Telecom & Networks,2024-07-11,3.942181340341656,2024-11-11,0.0392000202958775,0.068075344749939,Low,model-estimated recurrence probability,False,,2026-07-09
BOAMP:24-99892,SIRET:13002622200013,INESAAE - L'Institut Agro,,13002622200013,SIRET,Telecom & Networks,2024-09-04,3.942181340341656,2025-01-04,0.0392000202958775,0.068075344749939,Low,model-estimated recurrence probability,False,,2026-07-09
BOAMP:25-9558,SIRET:23350001600040,Région Bretagne,233500016,23350001600040,SIRET,Telecom & Networks,2025-01-28,4.0,2025-05-28,0.0391890141487833,0.0680568055771855,Low,model-estimated recurrence probability,False,,2026-07-09
BOAMP:19-174098,SIREN:234400034,Conseil régional des Pays de la Loire,234400034,,SIREN_ENRICHED,IT Services & Consulting,2020-02-20,24.0,2022-02-20,0.0391875062773534,0.0680542656368328,Low,model-estimated recurrence probability,True,,2026-07-09
BOAMP:18-133090,SIREN:228500013,Département de la Vendée,228500013,,SIREN_ENRICHED,IT Services & Consulting,2019-01-09,24.0,2021-01-09,0.0391738081470915,0.0680311914948765,Low,model-estimated recurrence probability,False,,2026-07-09
BOAMP:18-8879,SIREN:391722881,GIE SESAM Vitale,391722881,,SIREN_ENRICHED,IT Services & Consulting,2019-01-11,24.0,2021-01-11,0.0391738081470915,0.0680311914948765,Low,model-estimated recurrence probability,False,,2026-07-09
BOAMP:19-147943,SIREN:234400034,Conseil régional des Pays de la Loire,234400034,,SIREN_ENRICHED,IT Services & Consulting,2019-12-27,24.0,2021-12-27,0.0391738081470915,0.0680311914948765,Low,model-estimated recurrence probability,False,,2026-07-09
BOAMP:19-154710,SIREN:218501914,VILLE DE LA ROCHE SUR YON,218501914,,SIREN_ENRICHED,IT Services & Consulting,2019-10-11,24.0,2021-10-11,0.0391738081470915,0.0680311914948765,Low,model-estimated recurrence probability,False,,2026-07-09
BOAMP:19-85688,SIREN:244900015,Angers Loire Métropole,244900015,,SIREN_ENRICHED,IT Services & Consulting,2019-12-09,24.0,2021-12-09,0.0391738081470915,0.0680311914948765,Low,model-estimated recurrence probability,False,,2026-07-09
BOAMP:18-100479,SIREN:860800077,Loire Atlantique Développement - GIE,860800077,,SIREN_ENRICHED,IT Services & Consulting,2018-07-19,24.0,2020-07-19,0.0391601146099037,0.0680081246054167,Low,model-estimated recurrence probability,False,,2026-07-09
BOAMP:17-128615,SIREN:924405756,INSERM,924405756,,SIREN_ENRICHED,IT Services & Consulting,2017-09-14,24.0,2019-09-14,0.0391464256643866,0.0679850649665608,Low,model-estimated recurrence probability,False,,2026-07-09
BOAMP:17-163707,SIREN:391722881,GIE SESAM Vitale,391722881,,SIREN_ENRICHED,IT Services & Consulting,2017-11-22,24.0,2019-11-22,0.0391464256643866,0.0679850649665608,Low,model-estimated recurrence probability,False,,2026-07-09
BOAMP:17-35759,SIREN:234400034,Conseil régional des Pays de la Loire,234400034,,SIREN_ENRICHED,IT Services & Consulting,2017-06-02,24.0,2019-06-02,0.0391464256643866,0.0679850649665608,Low,model-estimated recurrence probability,False,,2026-07-09
BOAMP:17-48788,SIREN:234400034,Conseil régional des Pays de la Loire,234400034,,SIREN_ENRICHED,IT Services & Consulting,2017-07-24,24.0,2019-07-24,0.0391464256643866,0.0679850649665608,Low,model-estimated recurrence probability,False,,2026-07-09
BOAMP:17-93042,SIREN:391722881,GIE SESAM Vitale,391722881,,SIREN_ENRICHED,IT Services & Consulting,2017-07-02,24.0,2019-07-02,0.0391464256643866,0.0679850649665608,Low,model-estimated recurrence probability,False,,2026-07-09
BOAMP:16-102238,SIREN:411516768,C.S.T.B.,411516768,,SIREN_ENRICHED,IT Services & Consulting,2016-07-09,24.0,2018-07-09,0.0391327413091366,0.0679620125764168,Low,model-estimated recurrence probability,False,,2026-07-09
BOAMP:16-114945,SIREN:264400136,CHU de Nantes,264400136,,SIREN_ENRICHED,IT Services & Consulting,2016-08-01,24.0,2018-08-01,0.0391327413091366,0.0679620125764168,Low,model-estimated recurrence probability,False,,2026-07-09
BOAMP:15-32168,SIREN:234400034,Conseil régional des Pays de la Loire,234400034,,SIREN_ENRICHED,IT Services & Consulting,2015-07-21,24.0,2017-07-21,0.0391190615427508,0.0679389674330924,Low,model-estimated recurrence probability,False,,2026-07-09
BOAMP:16-63298,SIREN:535164412,Loire Océan Métropole Aménagement,535164412,,SIREN_ENRICHED,Telecom & Networks,2016-05-17,5.0,2016-10-17,0.0391067487429046,0.0679182246890963,Low,model-estimated recurrence probability,False,,2026-07-09
BOAMP:18-3854,SIREN:218501914,VILLE DE LA ROCHE SUR YON,218501914,,SIREN_ENRICHED,Unknown,2018-04-05,3.0,2018-07-05,0.0390789585396729,0.0678714065158705,Low,model-estimated recurrence probability,False,,2026-07-09
BOAMP:25-1120,SIRET:21370261600011,Mairie Tours,,21370261600011,SIRET,Cybersecurity,2025-01-08,5.913272010512483,2025-07-08,0.0390451877728232,0.0678145101977588,Low,model-estimated recurrence probability,False,,2026-07-09
BOAMP:25-48468,SIRET:24440043800127,Grand Lieu Communauté,244400438,24440043800127,SIRET,Cybersecurity,2025-04-30,5.913272010512483,2025-10-30,0.0390451877728232,0.0678145101977588,Low,model-estimated recurrence probability,False,,2026-07-09
BOAMP:25-49952,SIRET:24440043800127,Grand Lieu Communauté,244400438,24440043800127,SIRET,Cybersecurity,2025-05-04,5.913272010512483,2025-11-04,0.0390451877728232,0.0678145101977588,Low,model-estimated recurrence probability,False,,2026-07-09
BOAMP:24-111199,SIRET:21370261600011,Mairie Tours,,21370261600011,SIRET,Cybersecurity,2024-10-03,5.913272010512483,2025-04-03,0.0390315373695601,0.0677915114328823,Low,model-estimated recurrence probability,False,,2026-07-09
BOAMP:24-140762,SIRET:13002974700016,Nantes Université,130029747,13002974700016,SIRET,Cybersecurity,2024-12-17,5.913272010512483,2025-06-17,0.0390315373695601,0.0677915114328823,Low,model-estimated recurrence probability,False,,2026-07-09
BOAMP:25-10966,SIRET:21440162200011,Mairie de Saint-Herblain,214401622,21440162200011,SIRET,Cybersecurity,2025-01-31,6.0,2025-07-31,0.0390082766045161,0.0677523196231686,Low,model-estimated recurrence probability,False,,2026-07-09
BOAMP:24-76881,SIRET:21440162200011,Mairie de Saint-Herblain,214401622,21440162200011,SIRET,Cybersecurity,2024-07-03,6.0,2025-01-03,0.0389946385819458,0.0677293404173118,Low,model-estimated recurrence probability,False,,2026-07-09
BOAMP:21-102565,SIREN:214400202,Ville de Bouguenais,214400202,,SIREN_ENRICHED,Cybersecurity,2021-11-22,7.0,2022-06-22,0.0389944965131496,0.0677291010378422,Low,model-estimated recurrence probability,False,,2026-07-09
BOAMP:21-57207,SIREN:234400034,Conseil régional des Pays de la Loire,234400034,,SIREN_ENRICHED,Cybersecurity,2021-04-30,7.0,2021-11-30,0.0389944965131496,0.0677291010378422,Low,model-estimated recurrence probability,False,,2026-07-09
BOAMP:20-142134,SIREN:794304097,Nantes Métropole,794304097,,SIREN_ENRICHED,Telecom & Networks,2020-11-20,5.5,2021-05-20,0.0389485329312033,0.0676516517515933,Low,model-estimated recurrence probability,False,,2026-07-09
BOAMP:16-182034,SIREN:284400017,SDIS 44,284400017,,SIREN_ENRICHED,Cybersecurity,2017-03-07,7.0,2017-10-07,0.0389399903463868,0.0676372567736126,Low,model-estimated recurrence probability,False,,2026-07-09
BOAMP:25-15261,SIREN:194909701,Université d'Angers,194909701,,SIREN_ENRICHED,Telecom & Networks,2025-02-11,6.0,2025-08-11,0.0388045010338214,0.0674089206029107,Low,model-estimated recurrence probability,False,,2026-07-09
BOAMP:24-68165,SIREN:214401432,MAIRIE DE REZE,214401432,,SIREN_ENRICHED,Telecom & Networks,2024-06-13,6.0,2024-12-13,0.0387909313792083,0.0673860494471649,Low,model-estimated recurrence probability,False,,2026-07-09
BOAMP:24-50959,SIRET:38105376800028,La Cité des Congrès de Nantes,381053768,38105376800028,SIRET,Telecom & Networks,2024-05-01,4.92772667542707,2024-10-01,0.0387809527978142,0.0673692306100418,Low,model-estimated recurrence probability,False,,2026-07-09
BOAMP:24-62964,SIRET:38105376800028,La Cité des Congrès de Nantes,381053768,38105376800028,SIRET,Telecom & Networks,2024-06-01,4.92772667542707,2024-11-01,0.0387809527978142,0.0673692306100418,Low,model-estimated recurrence probability,False,,2026-07-09
BOAMP:22-95969,SIREN:194909701,Université d'Angers,194909701,,SIREN_ENRICHED,Telecom & Networks,2023-02-28,6.0,2023-08-28,0.0387773662783703,0.067363185490849,Low,model-estimated recurrence probability,False,,2026-07-09
BOAMP:23-48831,SIREN:214401093,COMMUNE DE NANTES,214401093,,SIREN_ENRICHED,Telecom & Networks,2023-04-12,6.0,2023-10-12,0.0387773662783703,0.067363185490849,Low,model-estimated recurrence probability,False,,2026-07-09
BOAMP:25-17738,SIRET:24440040400129,Nantes metropole,,24440040400129,SIRET,Telecom & Networks,2025-02-16,5.0,2025-07-16,0.0387639469921351,0.0673405668367354,Low,model-estimated recurrence probability,False,,2026-07-09
BOAMP:25-51773,SIRET:24440040400129,Nantes métropole,,24440040400129,SIRET,Telecom & Networks,2025-05-08,5.0,2025-10-08,0.0387639469921351,0.0673405668367354,Low,model-estimated recurrence probability,False,,2026-07-09
BOAMP:25-58198,SIRET:24440040400129,Nantes métropole,,24440040400129,SIRET,Telecom & Networks,2025-05-25,5.0,2025-10-25,0.0387639469921351,0.0673405668367354,Low,model-estimated recurrence probability,False,,2026-07-09
BOAMP:25-61977,SIRET:23440003400026,Région des Pays de la Loire,234400034,23440003400026,SIRET,Telecom & Networks,2025-06-04,5.0,2025-11-04,0.0387639469921351,0.0673405668367354,Low,model-estimated recurrence probability,False,,2026-07-09
BOAMP:20-70268,SIREN:214401846,COMMUNE DE SAINT NAZAIRE,214401846,,SIREN_ENRICHED,IT Services & Consulting,2020-09-28,25.0,2022-10-28,0.0387624548161398,0.0673380516956094,Low,model-estimated recurrence probability,False,,2026-07-09
BOAMP:21-148591,SIREN:200083392,Laval Agglomération,200083392,,SIREN_ENRICHED,Telecom & Networks,2021-11-10,6.0,2022-05-10,0.0387502497324432,0.0673174791689633,Low,model-estimated recurrence probability,False,,2026-07-09
BOAMP:25-96474,SIREN:529260903,SOCIETE PUBLIQUE REGIONALE ABBAYE DE FONTEVRAUD,529260903,,SIREN_ENRICHED,Unknown,2025-08-31,4.0,2025-12-31,0.0387498007031071,0.067316722291103,Low,model-estimated recurrence probability,False,,2026-07-09
BOAMP:24-131741,SIREN:214401846,VILLE DE SAINT NAZAIRE,214401846,,SIREN_ENRICHED,Unknown,2024-11-22,4.0,2025-03-22,0.0387362494059334,0.067293880160058,Low,model-estimated recurrence probability,False,,2026-07-09
BOAMP:24-136871,SIREN:488538877,Le Mans Métropole,488538877,,SIREN_ENRICHED,Unknown,2024-12-06,4.0,2025-04-06,0.0387362494059334,0.067293880160058,Low,model-estimated recurrence probability,False,,2026-07-09
BOAMP:24-142054,SIREN:200076396,PETR Pays Vallée du Loir,200076396,,SIREN_ENRICHED,Unknown,2024-12-19,4.0,2025-04-19,0.0387362494059334,0.067293880160058,Low,model-estimated recurrence probability,False,,2026-07-09
BOAMP:24-18790,SIREN:227200029,Département de la Sarthe,227200029,,SIREN_ENRICHED,Unknown,2024-02-16,4.0,2024-06-16,0.0387362494059334,0.067293880160058,Low,model-estimated recurrence probability,False,,2026-07-09
BOAMP:24-30905,SIREN:227200029,Département de la Sarthe,227200029,,SIREN_ENRICHED,Unknown,2024-03-15,4.0,2024-07-15,0.0387362494059334,0.067293880160058,Low,model-estimated recurrence probability,False,,2026-07-09
BOAMP:24-53601,SIREN:488538877,Le Mans Métropole,488538877,,SIREN_ENRICHED,Unknown,2024-05-07,4.0,2024-09-07,0.0387362494059334,0.067293880160058,Low,model-estimated recurrence probability,False,,2026-07-09
BOAMP:24-70105,SIREN:228500013,Département de la Vendée,228500013,,SIREN_ENRICHED,Unknown,2024-06-18,4.0,2024-10-18,0.0387362494059334,0.067293880160058,Low,model-estimated recurrence probability,False,,2026-07-09
BOAMP:24-73596,SIREN:214401358,Ville de LE POULIGUEN,214401358,,SIREN_ENRICHED,Unknown,2024-06-26,4.0,2024-10-26,0.0387362494059334,0.067293880160058,Low,model-estimated recurrence probability,False,,2026-07-09
BOAMP:19-17531,SIREN:409104007,association songo,409104007,,SIREN_ENRICHED,Telecom & Networks,2019-05-09,6.0,2019-11-09,0.0387231513848894,0.0672718016221688,Low,model-estimated recurrence probability,False,,2026-07-09
BOAMP:19-34512,SIREN:110006012,Ministère des Affaires étrangères,110006012,,SIREN_ENRICHED,Telecom & Networks,2019-03-06,6.0,2019-09-06,0.0387231513848894,0.0672718016221688,Low,model-estimated recurrence probability,False,,2026-07-09
BOAMP:17-155889,SIREN:180092025,Institut Mines-Télécom Atlantique,180092025,,SIREN_ENRICHED,Telecom & Networks,2018-02-09,6.0,2018-08-09,0.0387096090320194,0.0672489736347179,Low,model-estimated recurrence probability,False,,2026-07-09
BOAMP:18-62528,SIREN:381053768,La Cité des Congrès de Nantes,381053768,,SIREN_ENRICHED,Telecom & Networks,2018-05-06,6.0,2018-11-06,0.0387096090320194,0.0672489736347179,Low,model-estimated recurrence probability,False,,2026-07-09
BOAMP:25-60552,SIRET:20008213900011,Ville des Sables d'Olonne,414106039,20008213900011,SIRET,Unknown,2025-05-30,3.0,2025-08-30,0.0387093015257584,0.0672484552740091,Low,model-estimated recurrence probability,False,,2026-07-09
BOAMP:21-148611,SIREN:247200132,Le Mans Métropole - Communauté Urbaine,247200132,,SIREN_ENRICHED,Unknown,2022-02-14,4.0,2022-06-14,0.0387091604546545,0.0672482174715578,Low,model-estimated recurrence probability,False,,2026-07-09
BOAMP:17-179962,SIREN:234400034,Conseil régional des Pays de la Loire,234400034,,SIREN_ENRICHED,Telecom & Networks,2017-12-21,6.0,2018-06-21,0.0386960712245638,0.0672261528353848,Low,model-estimated recurrence probability,False,,2026-07-09
BOAMP:24-41674,SIRET:77811608700157,BATIMENT CFA NORMANDIE,778116087,77811608700157,SIRET,Unknown,2024-04-10,3.0,2024-07-10,0.0386957638215171,0.0672256346379026,Low,model-estimated recurrence probability,False,,2026-07-09
BOAMP:24-51401,SIRET:77811608700157,BATIMENT CFA NORMANDIE,778116087,77811608700157,SIRET,Unknown,2024-05-02,3.0,2024-08-02,0.0386957638215171,0.0672256346379026,Low,model-estimated recurrence probability,False,,2026-07-09
BOAMP:21-78101,SIREN:247200132,Le Mans Métropole - Communauté Urbaine,247200132,,SIREN_ENRICHED,Unknown,2021-11-16,4.0,2022-03-16,0.0386956227977636,0.0672253969103332,Low,model-estimated recurrence probability,False,,2026-07-09
BOAMP:19-82021,SIREN:194909701,Université d'Angers,194909701,,SIREN_ENRICHED,Cloud & Infrastructure,2019-05-24,11.0,2020-04-24,0.0385737738070575,0.0670199735392778,Low,model-estimated recurrence probability,True,,2026-07-09
BOAMP:19-91357,SIREN:200056679,COMMUNE DE VERRIERES EN ANJOU,200056679,,SIREN_ENRICHED,Data & AI,2019-06-14,11.0,2020-05-14,0.0385737738070575,0.0670199735392778,Low,model-estimated recurrence probability,False,,2026-07-09
BOAMP:18-159087,SIREN:194909701,Université d'Angers,194909701,,SIREN_ENRICHED,Cloud & Infrastructure,2018-11-14,11.0,2019-10-14,0.0385602815993082,0.0669972248688807,Low,model-estimated recurrence probability,False,missing_cpv;,2026-07-09
BOAMP:25-71451,SIRET:13000190200068,SID Nord-Ouest,,13000190200068,SIRET,Telecom & Networks,2025-06-26,5.913272010512483,2025-12-26,0.0383796134478654,0.0666925621713715,Low,model-estimated recurrence probability,False,,2026-07-09
BOAMP:24-16801,SIRET:17350111500013,Société d'aménagement de la Métropole Ouest Atlantique,,17350111500013,SIRET,Telecom & Networks,2024-02-11,5.913272010512483,2024-08-11,0.0383661864427955,0.0666699166930997,Low,model-estimated recurrence probability,True,,2026-07-09
BOAMP:24-74644,SIRET:28850001000013,SDIS 85,288500010,28850001000013,SIRET,Telecom & Networks,2024-06-28,5.913272010512483,2024-12-28,0.0383661864427955,0.0666699166930997,Low,model-estimated recurrence probability,False,,2026-07-09
BOAMP:25-66488,SIRET:21440162200011,Mairie de Saint-Herblain,214401622,21440162200011,SIRET,Telecom & Networks,2025-06-15,6.0,2025-12-15,0.0383433063710746,0.0666313269557608,Low,model-estimated recurrence probability,False,,2026-07-09
BOAMP:24-19872,SIRET:17440005100010,Tribunal Administratif de Nantes,174400051,17440005100010,SIRET,Telecom & Networks,2024-02-18,6.0,2024-08-18,0.0383298915616432,0.066608700786,Low,model-estimated recurrence probability,False,,2026-07-09
BOAMP:24-24049,SIRET:17440005100010,CHU NANTES,264400136,17440005100010,SIRET,Telecom & Networks,2024-02-28,6.0,2024-08-28,0.0383298915616432,0.066608700786,Low,model-estimated recurrence probability,False,,2026-07-09
BOAMP:24-61655,SIRET:20007116500167,Les Sables d'Olonne Agglomération,200071165,20007116500167,SIRET,Telecom & Networks,2024-05-29,6.0,2024-11-29,0.0383298915616432,0.066608700786,Low,model-estimated recurrence probability,False,,2026-07-09
BOAMP:24-66818,SIRET:17440005100010,CHU NANTES,264400136,17440005100010,SIRET,Telecom & Networks,2024-06-09,6.0,2024-12-09,0.0383298915616432,0.066608700786,Low,model-estimated recurrence probability,False,,2026-07-09
BOAMP:24-20340,SIREN:214401846,VILLE DE SAINT NAZAIRE,214401846,,SIREN_ENRICHED,Unknown,2024-02-20,5.0,2024-07-20,0.038315897360216,0.066585096884883,Low,model-estimated recurrence probability,False,,2026-07-09
BOAMP:25-10927,SIRET:13003051300019,Université de Rennes,,13003051300019,SIRET,Unknown,2025-01-31,3.942181340341656,2025-05-31,0.0383133985414572,0.0665808820950992,Low,model-estimated recurrence probability,True,,2026-07-09
BOAMP:25-29276,SIRET:21490328800014,Ville de Saumur (49),,21490328800014,SIRET,Unknown,2025-03-16,3.942181340341656,2025-07-16,0.0383133985414572,0.0665808820950992,Low,model-estimated recurrence probability,False,,2026-07-09
BOAMP:25-39434,SIRET:18440132100015,CROUS de Nantes Pays de la Loire,,18440132100015,SIRET,Unknown,2025-04-09,3.942181340341656,2025-08-09,0.0383133985414572,0.0665808820950992,Low,model-estimated recurrence probability,False,,2026-07-09
BOAMP:25-42839,SIRET:19561718800600,UNIVERSITE  BRETAGNE SUD,195617188,19561718800600,SIRET,Unknown,2025-04-16,3.942181340341656,2025-08-16,0.0383133985414572,0.0665808820950992,Low,model-estimated recurrence probability,False,,2026-07-09
BOAMP:25-42941,SIRET:21490328800014,Ville de Saumur (49),,21490328800014,SIRET,Unknown,2025-04-16,3.942181340341656,2025-08-16,0.0383133985414572,0.0665808820950992,Low,model-estimated recurrence probability,False,,2026-07-09
BOAMP:25-43137,SIRET:19561718800600,UNIVERSITE BRETAGNE SUD,,19561718800600,SIRET,Unknown,2025-04-17,3.942181340341656,2025-08-17,0.0383133985414572,0.0665808820950992,Low,model-estimated recurrence probability,False,,2026-07-09
BOAMP:25-61424,SIRET:19561718800600,Universite bretagne Sud,,19561718800600,SIRET,Unknown,2025-06-03,3.942181340341656,2025-10-03,0.0383133985414572,0.0665808820950992,Low,model-estimated recurrence probability,False,,2026-07-09
BOAMP:25-77329,SIRET:21850128600015,Ville de Luçon (85),,21850128600015,SIRET,Unknown,2025-07-09,3.942181340341656,2025-11-09,0.0383133985414572,0.0665808820950992,Low,model-estimated recurrence probability,False,,2026-07-09
BOAMP:25-86319,SIRET:83095506800044,ANGERS LOIRE TOURISME EXPO CONGRES,830955068,83095506800044,SIRET,Unknown,2025-07-29,3.942181340341656,2025-11-29,0.0383133985414572,0.0665808820950992,Low,model-estimated recurrence probability,False,,2026-07-09
BOAMP:25-88003,SIRET:20006001000051,Mauges Communauté,200060010,20006001000051,SIRET,Unknown,2025-08-02,3.942181340341656,2025-12-02,0.0383133985414572,0.0665808820950992,Low,model-estimated recurrence probability,False,,2026-07-09
BOAMP:24-10272,SIRET:83095506800044,Destination Angers,,83095506800044,SIRET,Unknown,2024-01-31,3.942181340341656,2024-05-31,0.0382999937788612,0.0665582718335149,Low,model-estimated recurrence probability,False,,2026-07-09
BOAMP:24-124838,SIRET:17440005100010,REGION PAYS DE LA LOIRE,234400034,17440005100010,SIRET,Unknown,2024-11-02,4.0,2025-03-02,0.0382758336174526,0.0665175189064091,Low,model-estimated recurrence probability,True,,2026-07-09
BOAMP:23-12419,SIREN:234400034,Conseil régional des Pays de la Loire,234400034,,SIREN_ENRICHED,Digital Workplace & Collaboration,2023-05-31,12.0,2024-05-31,0.0382085661225886,0.0664040453426975,Low,model-estimated recurrence probability,False,,2026-07-09
BOAMP:23-165206,SIREN:214400558,Mairie de La Baule-Escoublac,214400558,,SIREN_ENRICHED,Cloud & Infrastructure,2023-11-26,12.0,2024-11-26,0.0382085661225886,0.0664040453426975,Low,model-estimated recurrence probability,False,,2026-07-09
BOAMP:23-2072,SIREN:214400202,Ville de Bouguenais,214400202,,SIREN_ENRICHED,Digital Workplace & Collaboration,2023-04-19,12.0,2024-04-19,0.0382085661225886,0.0664040453426975,Low,model-estimated recurrence probability,False,,2026-07-09
BOAMP:23-42778,SIREN:264400136,CHU de Nantes,264400136,,SIREN_ENRICHED,Digital Workplace & Collaboration,2023-04-01,12.0,2024-04-01,0.0382085661225886,0.0664040453426975,Low,model-estimated recurrence probability,False,,2026-07-09
BOAMP:23-53540,SIREN:218502888,Ville de Talmont - Saint Hilaire,218502888,,SIREN_ENRICHED,IT Hardware & Equipment,2023-04-21,12.0,2024-04-21,0.0382085661225886,0.0664040453426975,Low,model-estimated recurrence probability,False,,2026-07-09
BOAMP:22-141252,SIREN:180043010,Réseau Canopé,180043010,,SIREN_ENRICHED,Digital Workplace & Collaboration,2022-10-20,12.0,2023-10-20,0.0381951965811278,0.0663814908625666,Low,model-estimated recurrence probability,False,,2026-07-09
BOAMP:22-30678,SIREN:225300011,DEPARTEMENT DE LA MAYENNE,225300011,,SIREN_ENRICHED,Data & AI,2022-03-01,12.0,2023-03-01,0.0381951965811278,0.0663814908625666,Low,model-estimated recurrence probability,False,,2026-07-09
BOAMP:22-39639,SIREN:225300011,DEPARTEMENT DE LA MAYENNE,225300011,,SIREN_ENRICHED,Digital Workplace & Collaboration,2022-03-17,12.0,2023-03-17,0.0381951965811278,0.0663814908625666,Low,model-estimated recurrence probability,False,,2026-07-09
BOAMP:22-90330,SIREN:860800077,Loire Atlantique développement,860800077,,SIREN_ENRICHED,IT Maintenance & Support,2022-09-20,12.0,2023-09-20,0.0381951965811278,0.0663814908625666,Low,model-estimated recurrence probability,False,,2026-07-09
BOAMP:20-114714,SIREN:935367433,Conseil départemental Loire-Atlantique,935367433,,SIREN_ENRICHED,IT Maintenance & Support,2021-02-01,12.0,2022-02-01,0.0381818315320815,0.0663589434986652,Low,model-estimated recurrence probability,False,,2026-07-09
BOAMP:20-117677,SIREN:935367433,Conseil départemental Loire-Atlantique,935367433,,SIREN_ENRICHED,IT Hardware & Equipment,2021-01-19,12.0,2022-01-19,0.0381818315320815,0.0663589434986652,Low,model-estimated recurrence probability,False,,2026-07-09
BOAMP:20-125567,SIREN:234400034,Conseil régional des Pays de la Loire,234400034,,SIREN_ENRICHED,Cloud & Infrastructure,2021-02-26,12.0,2022-02-26,0.0381818315320815,0.0663589434986652,Low,model-estimated recurrence probability,False,,2026-07-09
BOAMP:21-151331,SIREN:831928452,FONDATION PARTENARIALE POLYTECH,831928452,,SIREN_ENRICHED,Digital Workplace & Collaboration,2021-11-17,12.0,2022-11-17,0.0381818315320815,0.0663589434986652,Low,model-estimated recurrence probability,False,,2026-07-09
BOAMP:21-67771,SIREN:234400034,Conseil régional des Pays de la Loire,234400034,,SIREN_ENRICHED,Cloud & Infrastructure,2021-10-08,12.0,2022-10-08,0.0381818315320815,0.0663589434986652,Low,model-estimated recurrence probability,False,,2026-07-09
BOAMP:21-67894,SIREN:200071678,CA Agglomération du Choletais,200071678,,SIREN_ENRICHED,Data & AI,2021-12-09,12.0,2022-12-09,0.0381818315320815,0.0663589434986652,Low,model-estimated recurrence probability,False,,2026-07-09
BOAMP:21-77546,SIREN:935367433,Conseil départemental Loire-Atlantique,935367433,,SIREN_ENRICHED,IT Maintenance & Support,2021-06-10,12.0,2022-06-10,0.0381818315320815,0.0663589434986652,Low,model-estimated recurrence probability,False,,2026-07-09
BOAMP:21-77933,SIREN:830955068,ANGERS LOIRE TOURISME EXPO CONGRES,830955068,,SIREN_ENRICHED,Digital Workplace & Collaboration,2021-07-27,12.0,2022-07-27,0.0381818315320815,0.0663589434986652,Low,model-estimated recurrence probability,False,,2026-07-09
BOAMP:21-81812,SIREN:200071553,CC Loire Layon Aubance,200071553,,SIREN_ENRICHED,Cloud & Infrastructure,2021-10-27,12.0,2022-10-27,0.0381818315320815,0.0663589434986652,Low,model-estimated recurrence probability,False,,2026-07-09
BOAMP:19-181049,SIREN:233500016,CCI de région Bretagne,233500016,,SIREN_ENRICHED,Digital Workplace & Collaboration,2020-10-05,12.0,2021-10-05,0.03816847097407,0.0663364032491179,Low,model-estimated recurrence probability,False,,2026-07-09
BOAMP:20-109382,SIREN:214401846,COMMUNE DE SAINT NAZAIRE,214401846,,SIREN_ENRICHED,IT Hardware & Equipment,2020-12-03,12.0,2021-12-03,0.03816847097407,0.0663364032491179,Low,model-estimated recurrence probability,False,,2026-07-09
BOAMP:20-32737,SIREN:234400034,Conseil régional des Pays de la Loire,234400034,,SIREN_ENRICHED,Digital Workplace & Collaboration,2020-10-29,12.0,2021-10-29,0.03816847097407,0.0663364032491179,Low,model-estimated recurrence probability,False,,2026-07-09
BOAMP:20-68352,SIREN:935367433,Conseil départemental Loire-Atlantique,935367433,,SIREN_ENRICHED,IT Maintenance & Support,2020-05-28,12.0,2021-05-28,0.03816847097407,0.0663364032491179,Low,model-estimated recurrence probability,False,,2026-07-09
BOAMP:19-1779,SIREN:234400034,Conseil régional des Pays de la Loire,234400034,,SIREN_ENRICHED,Digital Workplace & Collaboration,2019-05-14,12.0,2020-05-14,0.0381551149057143,0.0663138701120497,Low,model-estimated recurrence probability,False,,2026-07-09
BOAMP:19-185581,SIREN:224900019,Département de Maine-et-Loire,224900019,,SIREN_ENRICHED,Data & AI,2019-12-20,12.0,2020-12-20,0.0381551149057143,0.0663138701120497,Low,model-estimated recurrence probability,False,missing_cpv;,2026-07-09
BOAMP:19-51014,SIREN:110006012,Ministère des Affaires étrangères,110006012,,SIREN_ENRICHED,IT Hardware & Equipment,2019-03-29,12.0,2020-03-29,0.0381551149057143,0.0663138701120497,Low,model-estimated recurrence probability,False,,2026-07-09
BOAMP:18-144441,SIREN:353686934,CAP ATLANTIQUE,353686934,,SIREN_ENRICHED,IT Hardware & Equipment,2018-10-17,12.0,2019-10-17,0.0381417633256352,0.0662913440855853,Low,model-estimated recurrence probability,False,,2026-07-09
BOAMP:18-149893,SIREN:935367433,Conseil départemental Loire-Atlantique,935367433,,SIREN_ENRICHED,IT Maintenance & Support,2018-10-26,12.0,2019-10-26,0.0381417633256352,0.0662913440855853,Low,model-estimated recurrence probability,False,,2026-07-09
BOAMP:18-26824,SIREN:234400034,Conseil régional des Pays de la Loire,234400034,,SIREN_ENRICHED,Digital Workplace & Collaboration,2018-06-25,12.0,2019-06-25,0.0381417633256352,0.0662913440855853,Low,model-estimated recurrence probability,False,,2026-07-09
BOAMP:18-30222,SIREN:234400034,Conseil régional des Pays de la Loire,234400034,,SIREN_ENRICHED,Digital Workplace & Collaboration,2018-07-12,12.0,2019-07-12,0.0381417633256352,0.0662913440855853,Low,model-estimated recurrence probability,False,,2026-07-09
BOAMP:18-38747,SIREN:217500016,Ville du Mans,217500016,,SIREN_ENRICHED,GIS & Mapping,2018-08-30,12.0,2019-08-30,0.0381417633256352,0.0662913440855853,Low,model-estimated recurrence probability,False,,2026-07-09
BOAMP:18-58840,SIREN:381053768,La Cité des Congrès de Nantes,381053768,,SIREN_ENRICHED,IT Hardware & Equipment,2018-04-28,12.0,2019-04-28,0.0381417633256352,0.0662913440855853,Low,model-estimated recurrence probability,False,,2026-07-09
BOAMP:16-139147,SIREN:391722881,GIE SESAM Vitale,391722881,,SIREN_ENRICHED,Digital Workplace & Collaboration,2017-06-21,12.0,2018-06-21,0.0381284162324544,0.0662688251678504,Low,model-estimated recurrence probability,False,,2026-07-09
BOAMP:17-115008,SIREN:281700252,SDIS 17,281700252,,SIREN_ENRICHED,Data & AI,2017-08-10,12.0,2018-08-10,0.0381284162324544,0.0662688251678504,Low,model-estimated recurrence probability,False,missing_cpv;,2026-07-09
BOAMP:17-161917,SIREN:935367433,Conseil départemental Loire-Atlantique,935367433,,SIREN_ENRICHED,IT Maintenance & Support,2017-11-18,12.0,2018-11-18,0.0381284162324544,0.0662688251678504,Low,model-estimated recurrence probability,False,,2026-07-09
BOAMP:17-58486,SIREN:264400136,CHU de Nantes,264400136,,SIREN_ENRICHED,Digital Workplace & Collaboration,2017-04-28,12.0,2018-04-28,0.0381284162324544,0.0662688251678504,Low,model-estimated recurrence probability,False,,2026-07-09
BOAMP:17-71849,SIREN:234400034,Conseil régional des Pays de la Loire,234400034,,SIREN_ENRICHED,Digital Workplace & Collaboration,2017-08-09,12.0,2018-08-09,0.0381284162324544,0.0662688251678504,Low,model-estimated recurrence probability,False,,2026-07-09
BOAMP:16-79523,SIREN:214401846,Commune de Saint-Nazaire,214401846,,SIREN_ENRICHED,IT Hardware & Equipment,2016-10-03,12.0,2017-10-03,0.0381150736247933,0.0662463133569705,Low,model-estimated recurrence probability,False,,2026-07-09
BOAMP:15-31641,SIREN:784301525,IRCANTEC,784301525,,SIREN_ENRICHED,Data & AI,2015-03-04,12.0,2016-03-04,0.0381017355012743,0.0662238086510712,Low,model-estimated recurrence probability,False,missing_cpv;,2026-07-09
BOAMP:25-37800,SIRET:24850058900317,La Roche sur Yon Agglomération (85),521017848,24850058900317,SIRET,Unknown,2025-04-04,4.92772667542707,2025-09-04,0.0379034355434927,0.065889173344846,Low,model-estimated recurrence probability,False,,2026-07-09
BOAMP:24-5880,SIREN:834692402,CENOVIA CITES,834692402,,SIREN_ENRICHED,Unknown,2024-01-19,6.0,2024-07-19,0.0378999269783065,0.0658832516510883,Low,model-estimated recurrence probability,False,,2026-07-09
BOAMP:24-65191,SIREN:194909701,Université d'Angers,194909701,,SIREN_ENRICHED,Unknown,2024-06-06,6.0,2024-12-06,0.0378999269783065,0.0658832516510883,Low,model-estimated recurrence probability,False,,2026-07-09
BOAMP:24-61330,SIRET:20007023300016,"Terres de Montaigu, Communauté d'Agglomération (85)",,20007023300016,SIRET,Unknown,2024-05-29,5.0,2024-10-29,0.0378602810578729,0.0658163357574038,Low,model-estimated recurrence probability,False,,2026-07-09
BOAMP:20-78639,SIREN:200052702,MAIRIE DE BAUGE EN ANJOU,200052702,,SIREN_ENRICHED,Unknown,2020-09-21,6.0,2021-03-21,0.0378468905367105,0.065793733806114,Low,model-estimated recurrence probability,False,,2026-07-09
BOAMP:24-142269,SIRET:12001201800111,Direction de l'administration pénitentiaire,120012018,12001201800111,SIRET,Cybersecurity,2024-12-20,8.869908015768726,2025-09-20,0.0377923358101633,0.0657016457120418,Low,model-estimated recurrence probability,False,,2026-07-09
BOAMP:24-83726,SIREN:200061778,Mayenne Très Haut Débit,200061778,,SIREN_ENRICHED,Telecom & Networks,2024-07-17,9.0,2025-04-17,0.0375412855756179,0.0652777748094983,Low,model-estimated recurrence probability,False,,2026-07-09
BOAMP:25-63820,SIRET:26720016000013,CH LE MANS,,26720016000013,SIRET,Unknown,2025-06-08,6.0,2025-12-08,0.0374621829294973,0.0651441847801833,Low,model-estimated recurrence probability,False,,2026-07-09
BOAMP:24-145315,SIREN:935367433,Conseil départemental Loire Atlantique,935367433,,SIREN_ENRICHED,Unknown,2024-12-28,8.0,2025-08-28,0.0370809643710994,0.0645001481647922,Low,model-estimated recurrence probability,False,,2026-07-09
BOAMP:21-87993,SIREN:172800013,PREFECTURE D'EURE-ET-LOIR,172800013,,SIREN_ENRICHED,Unknown,2021-06-25,8.0,2022-02-25,0.0370420069284395,0.0644343116131681,Low,model-estimated recurrence probability,False,,2026-07-09
BOAMP:16-108815,SIREN:214400558,VILLE DE LA BAULE-ESCOUBLAC,214400558,,SIREN_ENRICHED,Unknown,2016-07-21,8.0,2017-03-21,0.0369771652972543,0.0643247230619672,Low,model-estimated recurrence probability,False,,2026-07-09
BOAMP:23-107376,SIREN:214401903,Ville de Saint Sébastien sur Loire,214401903,,SIREN_ENRICHED,Cybersecurity,2023-07-27,12.0,2024-07-27,0.0369488280204458,0.0642768269297813,Low,model-estimated recurrence probability,False,,2026-07-09
BOAMP:23-117688,SIREN:284400017,SDIS 44,284400017,,SIREN_ENRICHED,Cybersecurity,2023-12-12,12.0,2024-12-12,0.0369488280204458,0.0642768269297813,Low,model-estimated recurrence probability,False,,2026-07-09
BOAMP:23-159290,SIREN:244900015,Angers Loire Métropole,244900015,,SIREN_ENRICHED,Cybersecurity,2023-12-02,12.0,2024-12-02,0.0369488280204458,0.0642768269297813,Low,model-estimated recurrence probability,False,,2026-07-09
BOAMP:23-24020,SIREN:214900995,Ville de Cholet,214900995,,SIREN_ENRICHED,Cybersecurity,2023-05-11,12.0,2024-05-11,0.0369488280204458,0.0642768269297813,Low,model-estimated recurrence probability,False,,2026-07-09
BOAMP:23-47137,SIREN:532458809,Ville d'Angers,532458809,,SIREN_ENRICHED,Cybersecurity,2023-07-19,12.0,2024-07-19,0.0369488280204458,0.0642768269297813,Low,model-estimated recurrence probability,False,,2026-07-09
BOAMP:23-86121,SIREN:228500013,Département de la Vendée,228500013,,SIREN_ENRICHED,Cybersecurity,2023-11-28,12.0,2024-11-28,0.0369488280204458,0.0642768269297813,Low,model-estimated recurrence probability,False,,2026-07-09
BOAMP:23-94478,SIREN:234400034,Conseil régional des Pays de la Loire,234400034,,SIREN_ENRICHED,Cybersecurity,2023-12-21,12.0,2024-12-21,0.0369488280204458,0.0642768269297813,Low,model-estimated recurrence probability,False,,2026-07-09
BOAMP:22-12758,SIREN:532458809,Ville d'Angers,532458809,,SIREN_ENRICHED,Cybersecurity,2022-06-17,12.0,2023-06-17,0.0369358823454333,0.0642549452428192,Low,model-estimated recurrence probability,False,,2026-07-09
BOAMP:22-72719,SIREN:532458809,Ville d'Angers,532458809,,SIREN_ENRICHED,Cybersecurity,2022-08-04,12.0,2023-08-04,0.0369358823454333,0.0642549452428192,Low,model-estimated recurrence probability,False,,2026-07-09
BOAMP:21-16505,SIREN:234400034,Conseil régional des Pays de la Loire,234400034,,SIREN_ENRICHED,Cybersecurity,2021-05-10,12.0,2022-05-10,0.0369229410322684,0.0642330704936646,Low,model-estimated recurrence probability,False,,2026-07-09
BOAMP:21-25103,SIREN:200082139,COMMUNE LES SABLES D OLONNE,200082139,,SIREN_ENRICHED,Cybersecurity,2021-06-22,12.0,2022-06-22,0.0369229410322684,0.0642330704936646,Low,model-estimated recurrence probability,False,,2026-07-09
BOAMP:21-69124,SIREN:935367433,Conseil départemental Loire-Atlantique,935367433,,SIREN_ENRICHED,Cybersecurity,2021-05-23,12.0,2022-05-23,0.0369229410322684,0.0642330704936646,Low,model-estimated recurrence probability,False,,2026-07-09
BOAMP:21-93999,SIREN:200069474,COMMUNE DE OMBREE D ANJOU,200069474,,SIREN_ENRICHED,Cybersecurity,2021-07-09,12.0,2022-07-09,0.0369229410322684,0.0642330704936646,Low,model-estimated recurrence probability,False,,2026-07-09
BOAMP:20-114032,SIREN:214400269,Ville de Carquefou,214400269,,SIREN_ENRICHED,Cybersecurity,2020-09-17,12.0,2021-09-17,0.0369100040796034,0.0642112026804661,Low,model-estimated recurrence probability,False,,2026-07-09
BOAMP:20-11443,SIREN:214401846,COMMUNE DE SAINT NAZAIRE,214401846,,SIREN_ENRICHED,Cybersecurity,2020-05-29,12.0,2021-05-29,0.0369100040796034,0.0642112026804661,Low,model-estimated recurrence probability,False,,2026-07-09
BOAMP:20-52846,SIREN:285300018,Sdis de la Mayenne,285300018,,SIREN_ENRICHED,Cybersecurity,2020-11-12,12.0,2021-11-12,0.0369100040796034,0.0642112026804661,Low,model-estimated recurrence probability,False,,2026-07-09
BOAMP:20-70265,SIREN:228500013,Département de la Vendée,228500013,,SIREN_ENRICHED,Cybersecurity,2020-09-19,12.0,2021-09-19,0.0369100040796034,0.0642112026804661,Low,model-estimated recurrence probability,False,,2026-07-09
BOAMP:18-168544,SIREN:794304097,Nantes Métropole,794304097,,SIREN_ENRICHED,Cybersecurity,2019-03-19,12.0,2020-03-19,0.0368970714860906,0.064189341801372,Low,model-estimated recurrence probability,False,,2026-07-09
BOAMP:19-10428,SIREN:228500013,Département de la Vendée,228500013,,SIREN_ENRICHED,Cybersecurity,2019-05-16,12.0,2020-05-16,0.0368970714860906,0.064189341801372,Low,model-estimated recurrence probability,False,,2026-07-09
BOAMP:19-105133,SIREN:200084655,Ville de Château-Gontier,200084655,,SIREN_ENRICHED,Cybersecurity,2019-07-10,12.0,2020-07-10,0.0368970714860906,0.064189341801372,Low,model-estimated recurrence probability,False,,2026-07-09
BOAMP:19-131092,SIREN:284400017,SDIS 44,284400017,,SIREN_ENRICHED,Cybersecurity,2019-08-30,12.0,2020-08-30,0.0368970714860906,0.064189341801372,Low,model-estimated recurrence probability,False,,2026-07-09
BOAMP:19-21908,SIREN:935367433,Conseil départemental Loire-Atlantique,935367433,,SIREN_ENRICHED,Cybersecurity,2019-09-24,12.0,2020-09-24,0.0368970714860906,0.064189341801372,Low,model-estimated recurrence probability,False,,2026-07-09
BOAMP:19-32405,SIREN:234400034,Conseil régional des Pays de la Loire,234400034,,SIREN_ENRICHED,Cybersecurity,2019-06-27,12.0,2020-06-27,0.0368970714860906,0.064189341801372,Low,model-estimated recurrence probability,False,,2026-07-09
BOAMP:19-51855,SIREN:228500013,Département de la Vendée,228500013,,SIREN_ENRICHED,Cybersecurity,2019-07-04,12.0,2020-07-04,0.0368970714860906,0.064189341801372,Low,model-estimated recurrence probability,False,,2026-07-09
BOAMP:17-111330,SIREN:794304097,Nantes Métropole,794304097,,SIREN_ENRICHED,Cybersecurity,2018-01-16,12.0,2019-01-16,0.0368841432503831,0.0641674878545315,Low,model-estimated recurrence probability,False,,2026-07-09
BOAMP:18-105237,SIREN:234400034,Conseil régional des Pays de la Loire,234400034,,SIREN_ENRICHED,Cybersecurity,2018-07-26,12.0,2019-07-26,0.0368841432503831,0.0641674878545315,Low,model-estimated recurrence probability,False,,2026-07-09
BOAMP:18-124536,SIREN:214401358,Ville de Le Pouliguen,214401358,,SIREN_ENRICHED,Cybersecurity,2018-09-06,12.0,2019-09-06,0.0368841432503831,0.0641674878545315,Low,model-estimated recurrence probability,False,,2026-07-09
BOAMP:18-134465,SIREN:284400017,SDIS 44,284400017,,SIREN_ENRICHED,Cybersecurity,2018-01-03,12.0,2019-01-03,0.0368841432503831,0.0641674878545315,Low,model-estimated recurrence probability,False,,2026-07-09
BOAMP:18-4239,SIREN:200067346,CA PORNIC AGGLO PAYS DE RETZ,200067346,,SIREN_ENRICHED,Cybersecurity,2018-03-19,12.0,2019-03-19,0.0368841432503831,0.0641674878545315,Low,model-estimated recurrence probability,False,,2026-07-09
BOAMP:17-22230,SIREN:214401622,Commune de Saint-Herblain,214401622,,SIREN_ENRICHED,Cybersecurity,2017-05-18,12.0,2018-05-18,0.0368712193711339,0.0641456408380938,Low,model-estimated recurrence probability,False,,2026-07-09
BOAMP:17-90049,SIREN:391722881,GIE SESAM Vitale,391722881,,SIREN_ENRICHED,Cybersecurity,2017-06-28,12.0,2018-06-28,0.0368712193711339,0.0641456408380938,Low,model-estimated recurrence probability,False,,2026-07-09
BOAMP:16-118533,SIREN:287200265,SDIS de la Sarthe,287200265,,SIREN_ENRICHED,Cybersecurity,2016-10-31,12.0,2017-10-31,0.0368582998469966,0.0641238007502081,Low,model-estimated recurrence probability,False,,2026-07-09
BOAMP:16-183705,SIREN:285300018,Sdis de la Mayenne,285300018,,SIREN_ENRICHED,Cybersecurity,2016-12-24,12.0,2017-12-24,0.0368582998469966,0.0641238007502081,Low,model-estimated recurrence probability,False,,2026-07-09
BOAMP:16-85552,SIREN:234400034,Conseil régional des Pays de la Loire,234400034,,SIREN_ENRICHED,Cybersecurity,2016-10-14,12.0,2017-10-14,0.0368582998469966,0.0641238007502081,Low,model-estimated recurrence probability,True,,2026-07-09
BOAMP:23-16483,SIREN:798203576,SPL EAU DU BASSIN RENNAIS,798203576,,SIREN_ENRICHED,IT Services & Consulting,2023-02-03,30.0,2025-08-03,0.0367413698556772,0.0639261142123225,Low,model-estimated recurrence probability,False,,2026-07-09
BOAMP:17-69162,SIREN:247200132,Le Mans Métropole - Communauté Urbaine,247200132,,SIREN_ENRICHED,IT Services & Consulting,2017-10-30,30.0,2020-04-30,0.0366641803694938,0.0637955951084622,Low,model-estimated recurrence probability,False,,2026-07-09
BOAMP:17-23389,SIREN:865800767,Loire Ocean developpement,865800767,,SIREN_ENRICHED,Unknown,2017-02-16,9.0,2017-11-16,0.0365879999457472,0.0636667670437444,Low,model-estimated recurrence probability,False,,2026-07-09
BOAMP:22-120791,SIREN:244900015,Angers Loire Métropole,244900015,,SIREN_ENRICHED,Telecom & Networks,2023-01-30,12.0,2024-01-30,0.0363176382373029,0.0632094389240425,Low,model-estimated recurrence probability,False,,2026-07-09
BOAMP:23-85344,SIREN:130026123,UNIVERSITE GUSTAVE EIFFEL,130026123,,SIREN_ENRICHED,Telecom & Networks,2023-06-23,12.0,2024-06-23,0.0363176382373029,0.0632094389240425,Low,model-estimated recurrence probability,False,,2026-07-09
BOAMP:23-85790,SIREN:130026123,UNIVERSITE GUSTAVE EIFFEL,130026123,,SIREN_ENRICHED,Telecom & Networks,2023-06-23,12.0,2024-06-23,0.0363176382373029,0.0632094389240425,Low,model-estimated recurrence probability,False,,2026-07-09
BOAMP:23-86585,SIREN:200071900,Vendée Grand Littoral,200071900,,SIREN_ENRICHED,Telecom & Networks,2023-06-22,12.0,2024-06-22,0.0363176382373029,0.0632094389240425,Low,model-estimated recurrence probability,True,,2026-07-09
BOAMP:22-15069,SIREN:244900015,Angers Loire Métropole,244900015,,SIREN_ENRICHED,Telecom & Networks,2022-05-13,12.0,2023-05-13,0.0363049053739772,0.063187896068987,Low,model-estimated recurrence probability,False,,2026-07-09
BOAMP:22-35887,SIREN:200067635,Clisson Sèvre et Maine Agglo,200067635,,SIREN_ENRICHED,Telecom & Networks,2022-06-21,12.0,2023-06-21,0.0363049053739772,0.063187896068987,Low,model-estimated recurrence probability,False,,2026-07-09
BOAMP:22-73696,SIREN:217500016,Ville du Mans,217500016,,SIREN_ENRICHED,Telecom & Networks,2022-08-16,12.0,2023-08-16,0.0363049053739772,0.063187896068987,Low,model-estimated recurrence probability,False,,2026-07-09
BOAMP:22-95015,SIREN:234400034,Conseil régional des Pays de la Loire,234400034,,SIREN_ENRICHED,Telecom & Networks,2022-07-09,12.0,2023-07-09,0.0363049053739772,0.063187896068987,Low,model-estimated recurrence probability,False,,2026-07-09
BOAMP:20-138135,SIREN:234400034,Conseil régional des Pays de la Loire,234400034,,SIREN_ENRICHED,Telecom & Networks,2021-02-10,12.0,2022-02-10,0.0362921768066404,0.0631663600610324,Low,model-estimated recurrence probability,False,,2026-07-09
BOAMP:21-121431,SIREN:532458809,Ville d'Angers,532458809,,SIREN_ENRICHED,Telecom & Networks,2021-09-30,12.0,2022-09-30,0.0362921768066404,0.0631663600610324,Low,model-estimated recurrence probability,False,,2026-07-09
BOAMP:21-88585,SIREN:922749635,ENSA Nantes,922749635,,SIREN_ENRICHED,Telecom & Networks,2021-10-27,12.0,2022-10-27,0.0362921768066404,0.0631663600610324,Low,model-estimated recurrence probability,False,,2026-07-09
BOAMP:20-111698,SIREN:234400034,Conseil régional des Pays de la Loire,234400034,,SIREN_ENRICHED,Telecom & Networks,2020-12-04,12.0,2021-12-04,0.0362794525339609,0.0631448308983402,Low,model-estimated recurrence probability,False,,2026-07-09
BOAMP:20-120545,SIREN:130001704,DIR INTERDEPARTEMENTALE DES RTE OUEST,130001704,,SIREN_ENRICHED,Telecom & Networks,2020-12-03,12.0,2021-12-03,0.0362794525339609,0.0631448308983402,Low,model-estimated recurrence probability,False,,2026-07-09
BOAMP:20-27109,SIREN:214400202,Ville de Bouguenais,214400202,,SIREN_ENRICHED,Telecom & Networks,2020-02-23,12.0,2021-02-23,0.0362794525339609,0.0631448308983402,Low,model-estimated recurrence probability,False,,2026-07-09
BOAMP:20-56147,SIREN:200069474,COMMUNE DE OMBREE D ANJOU,200069474,,SIREN_ENRICHED,Telecom & Networks,2020-04-23,12.0,2021-04-23,0.0362794525339609,0.0631448308983402,Low,model-estimated recurrence probability,False,,2026-07-09
BOAMP:20-61130,SIREN:214400202,Ville de Bouguenais,214400202,,SIREN_ENRICHED,Telecom & Networks,2020-10-22,12.0,2021-10-22,0.0362794525339609,0.0631448308983402,Low,model-estimated recurrence probability,False,,2026-07-09
BOAMP:20-70855,SIREN:234400034,Conseil régional des Pays de la Loire,234400034,,SIREN_ENRICHED,Telecom & Networks,2020-06-02,12.0,2021-06-02,0.0362794525339609,0.0631448308983402,Low,model-estimated recurrence probability,False,,2026-07-09
BOAMP:19-111839,SIREN:935367433,Conseil départemental Loire-Atlantique,935367433,,SIREN_ENRICHED,Telecom & Networks,2019-07-20,12.0,2020-07-20,0.0362667325546073,0.0631233085790714,Low,model-estimated recurrence probability,False,,2026-07-09
BOAMP:19-157359,SIREN:214401846,COMMUNE DE SAINT NAZAIRE,214401846,,SIREN_ENRICHED,Telecom & Networks,2019-12-26,12.0,2020-12-26,0.0362667325546073,0.0631233085790714,Low,model-estimated recurrence probability,False,,2026-07-09
BOAMP:19-165120,SIREN:264400136,CHU de Nantes,264400136,,SIREN_ENRICHED,Telecom & Networks,2019-10-30,12.0,2020-10-30,0.0362667325546073,0.0631233085790714,Low,model-estimated recurrence probability,False,,2026-07-09
BOAMP:19-184534,SIREN:214400202,Ville de Bouguenais,214400202,,SIREN_ENRICHED,Telecom & Networks,2019-12-11,12.0,2020-12-11,0.0362667325546073,0.0631233085790714,Low,model-estimated recurrence probability,False,,2026-07-09
BOAMP:19-81470,SIREN:935367433,Conseil départemental Loire-Atlantique,935367433,,SIREN_ENRICHED,Telecom & Networks,2019-05-24,12.0,2020-05-24,0.0362667325546073,0.0631233085790714,Low,model-estimated recurrence probability,False,,2026-07-09
BOAMP:19-91082,SIREN:224900019,Département de Maine-et-Loire,224900019,,SIREN_ENRICHED,Telecom & Networks,2019-06-16,12.0,2020-06-16,0.0362667325546073,0.0631233085790714,Low,model-estimated recurrence probability,False,,2026-07-09
BOAMP:17-123595,SIREN:244400404,METROPOLE NANTES METROPOLE,244400404,,SIREN_ENRICHED,Telecom & Networks,2018-01-18,12.0,2019-01-18,0.0362540168672488,0.0631017931013879,Low,model-estimated recurrence probability,False,,2026-07-09
BOAMP:17-138140,SIREN:214400558,Commune de La Baule,214400558,,SIREN_ENRICHED,Telecom & Networks,2018-01-02,12.0,2019-01-02,0.0362540168672488,0.0631017931013879,Low,model-estimated recurrence probability,False,,2026-07-09
BOAMP:18-12557,SIREN:381053768,La Cité des Congrès de Nantes,381053768,,SIREN_ENRICHED,Telecom & Networks,2018-01-28,12.0,2019-01-28,0.0362540168672488,0.0631017931013879,Low,model-estimated recurrence probability,False,,2026-07-09
BOAMP:18-25585,SIREN:244900015,Angers Loire Métropole,244900015,,SIREN_ENRICHED,Telecom & Networks,2018-02-22,12.0,2019-02-22,0.0362540168672488,0.0631017931013879,Low,model-estimated recurrence probability,False,,2026-07-09
BOAMP:18-265,SIREN:234400034,Conseil régional des Pays de la Loire,234400034,,SIREN_ENRICHED,Telecom & Networks,2018-06-27,12.0,2019-06-27,0.0362540168672488,0.0631017931013879,Low,model-estimated recurrence probability,False,,2026-07-09
BOAMP:18-27476,SIREN:194909701,Université d'Angers,194909701,,SIREN_ENRICHED,Telecom & Networks,2018-06-01,12.0,2019-06-01,0.0362540168672488,0.0631017931013879,Low,model-estimated recurrence probability,False,,2026-07-09
BOAMP:18-32739,SIREN:214400558,Commune de La Baule,214400558,,SIREN_ENRICHED,Telecom & Networks,2018-03-08,12.0,2019-03-08,0.0362540168672488,0.0631017931013879,Low,model-estimated recurrence probability,False,,2026-07-09
BOAMP:18-60154,SIREN:244900015,Angers Loire Métropole,244900015,,SIREN_ENRICHED,Telecom & Networks,2018-12-06,12.0,2019-12-06,0.0362540168672488,0.0631017931013879,Low,model-estimated recurrence probability,False,,2026-07-09
BOAMP:18-94803,SIREN:264400136,CHU de Nantes,264400136,,SIREN_ENRICHED,Telecom & Networks,2018-07-06,12.0,2019-07-06,0.0362540168672488,0.0631017931013879,Low,model-estimated recurrence probability,False,,2026-07-09
BOAMP:16-151887,SIREN:214400269,Ville de Carquefou,214400269,,SIREN_ENRICHED,Telecom & Networks,2017-02-01,12.0,2018-02-01,0.0362413054705548,0.0630802844634517,Low,model-estimated recurrence probability,False,,2026-07-09
BOAMP:17-167643,SIREN:935367433,Conseil départemental Loire-Atlantique,935367433,,SIREN_ENRICHED,Telecom & Networks,2017-11-28,12.0,2018-11-28,0.0362413054705548,0.0630802844634517,Low,model-estimated recurrence probability,False,,2026-07-09
BOAMP:17-19962,SIREN:194401006,Ecole Centrale de Nantes,194401006,,SIREN_ENRICHED,Telecom & Networks,2017-04-06,12.0,2018-04-06,0.0362413054705548,0.0630802844634517,Low,model-estimated recurrence probability,False,,2026-07-09
BOAMP:17-38797,SIREN:244900015,Angers Loire Métropole,244900015,,SIREN_ENRICHED,Telecom & Networks,2017-08-28,12.0,2018-08-28,0.0362413054705548,0.0630802844634517,Low,model-estimated recurrence probability,False,,2026-07-09
BOAMP:17-45104,SIREN:214401622,Commune de Saint-Herblain,214401622,,SIREN_ENRICHED,Telecom & Networks,2017-08-09,12.0,2018-08-09,0.0362413054705548,0.0630802844634517,Low,model-estimated recurrence probability,False,,2026-07-09
BOAMP:16-102715,SIREN:794304097,Nantes Métropole,794304097,,SIREN_ENRICHED,Telecom & Networks,2016-07-11,12.0,2017-07-11,0.036228598363195,0.0630587826634248,Low,model-estimated recurrence probability,False,,2026-07-09
BOAMP:16-32105,SIREN:214400269,Ville de Carquefou,214400269,,SIREN_ENRICHED,Telecom & Networks,2016-06-02,12.0,2017-06-02,0.036228598363195,0.0630587826634248,Low,model-estimated recurrence probability,False,,2026-07-09
BOAMP:16-79797,SIREN:214401846,Commune de Saint-Nazaire,214401846,,SIREN_ENRICHED,Telecom & Networks,2016-09-19,12.0,2017-09-19,0.036228598363195,0.0630587826634248,Low,model-estimated recurrence probability,False,,2026-07-09
BOAMP:16-84309,SIREN:234400034,Conseil régional des Pays de la Loire,234400034,,SIREN_ENRICHED,Telecom & Networks,2016-08-17,12.0,2017-08-17,0.036228598363195,0.0630587826634248,Low,model-estimated recurrence probability,False,,2026-07-09
BOAMP:15-55213,SIREN:451324974,Ville du Croisic,451324974,,SIREN_ENRICHED,Telecom & Networks,2015-04-13,12.0,2016-04-13,0.0362158955438396,0.0630372876994699,Low,model-estimated recurrence probability,False,,2026-07-09
BOAMP:15-56918,SIREN:439446386,VALLET,439446386,,SIREN_ENRICHED,Telecom & Networks,2015-04-15,12.0,2016-04-15,0.0362158955438396,0.0630372876994699,Low,model-estimated recurrence probability,False,,2026-07-09
BOAMP:15-78924,SIREN:234400034,Conseil régional des Pays de la Loire,234400034,,SIREN_ENRICHED,Telecom & Networks,2015-05-26,12.0,2016-05-26,0.0362158955438396,0.0630372876994699,Low,model-estimated recurrence probability,False,missing_cpv;,2026-07-09
BOAMP:19-119207,SIREN:247200132,Le Mans Métropole - Communauté Urbaine,247200132,,SIREN_ENRICHED,Unknown,2019-12-23,10.0,2020-10-23,0.0362154747756062,0.0630365756930275,Low,model-estimated recurrence probability,False,,2026-07-09
BOAMP:17-32686,SIREN:865800767,Loire Ocean developpement,865800767,,SIREN_ENRICHED,Unknown,2017-03-08,10.0,2018-01-08,0.0361900822795339,0.0629936067186943,Low,model-estimated recurrence probability,False,,2026-07-09
BOAMP:24-39278,SIRET:20002377800018,Pays de Saint Gilles Croix de Vie Agglomération (85),,20002377800018,SIRET,Telecom & Networks,2024-04-05,12.0,2025-04-05,0.0358974877335025,0.0624983596056247,Low,model-estimated recurrence probability,False,,2026-07-09
BOAMP:22-101575,SIREN:184503019,Agence de l'eau Loire-Bretagne,184503019,,SIREN_ENRICHED,Data & AI,2022-07-20,18.0,2024-01-20,0.0357710225104741,0.0622842349312197,Low,model-estimated recurrence probability,False,,2026-07-09
BOAMP:16-171762,SIREN:524795564,CARENE,524795564,,SIREN_ENRICHED,Cloud & Infrastructure,2017-03-22,18.0,2018-09-22,0.0357083232222366,0.06217806015343,Low,model-estimated recurrence probability,False,,2026-07-09
BOAMP:18-98583,NAME:ville sables olonne,ville des Sables d'Olonne,,,NAME,IT Services & Consulting,2018-07-13,2.0,2018-09-13,0.0355524550530201,0.061914069131942,Low,model-estimated recurrence probability,False,name_fallback_buyer_key;missing_siren_siret;,2026-07-09
BOAMP:21-142218,SIREN:234400034,préfet de la région Pays de la Loire,234400034,,SIREN_ENRICHED,Unknown,2022-03-10,12.0,2023-03-10,0.0354688963977313,0.0617725213379699,Low,model-estimated recurrence probability,False,,2026-07-09
BOAMP:22-41063,SIREN:213500515,COMMUNE DE CESSON SEVIGNE,213500515,,SIREN_ENRICHED,Unknown,2022-06-17,12.0,2023-06-17,0.0354688963977313,0.0617725213379699,Low,model-estimated recurrence probability,False,,2026-07-09
BOAMP:22-78731,SIREN:214400558,Mairie de La Baule-Escoublac,214400558,,SIREN_ENRICHED,Unknown,2022-10-25,12.0,2023-10-25,0.0354688963977313,0.0617725213379699,Low,model-estimated recurrence probability,False,,2026-07-09
BOAMP:20-143091,SIREN:130029747,Université de Nantes,130029747,,SIREN_ENRICHED,Unknown,2021-04-27,12.0,2022-04-27,0.0354564501526742,0.06175143592714,Low,model-estimated recurrence probability,True,,2026-07-09
BOAMP:20-155284,SIREN:234400034,Conseil régional des Pays de la Loire,234400034,,SIREN_ENRICHED,Unknown,2020-12-20,12.0,2021-12-20,0.0354440081145853,0.0617303572400538,Low,model-estimated recurrence probability,False,,2026-07-09
BOAMP:20-77757,SIREN:213502883,Ville de Saint-Malo,213502883,,SIREN_ENRICHED,Unknown,2020-06-19,12.0,2021-06-19,0.0354440081145853,0.0617303572400538,Low,model-estimated recurrence probability,False,,2026-07-09
BOAMP:20-8819,SIREN:214401432,COMMUNE DE REZE,214401432,,SIREN_ENRICHED,Unknown,2020-10-15,12.0,2021-10-15,0.0354440081145853,0.0617303572400538,Low,model-estimated recurrence probability,False,,2026-07-09
BOAMP:20-8882,SIREN:532458809,Ville d'Angers,532458809,,SIREN_ENRICHED,Unknown,2020-01-20,12.0,2021-01-20,0.0354440081145853,0.0617303572400538,Low,model-estimated recurrence probability,False,missing_cpv;,2026-07-09
BOAMP:18-146639,SIREN:247200132,Le Mans Métropole - Communauté Urbaine,247200132,,SIREN_ENRICHED,Unknown,2019-03-26,12.0,2020-03-26,0.035431570282155,0.0617092852748905,Low,model-estimated recurrence probability,False,,2026-07-09
BOAMP:18-35039,SIREN:180043010,Réseau Canopé,180043010,,SIREN_ENRICHED,Unknown,2018-09-11,12.0,2019-09-11,0.0354191366540743,0.0616882200298295,Low,model-estimated recurrence probability,False,,2026-07-09
BOAMP:18-70110,SIREN:214401846,Commune de Saint-Nazaire,214401846,,SIREN_ENRICHED,Unknown,2018-05-25,12.0,2019-05-25,0.0354191366540743,0.0616882200298295,Low,model-estimated recurrence probability,False,,2026-07-09
BOAMP:17-127198,SIREN:524795564,CARENE,524795564,,SIREN_ENRICHED,Unknown,2017-12-19,12.0,2018-12-19,0.0354067072290344,0.0616671615030506,Low,model-estimated recurrence probability,False,,2026-07-09
BOAMP:17-56890,SIREN:794304097,Nantes Métropole,794304097,,SIREN_ENRICHED,Unknown,2017-08-21,12.0,2018-08-21,0.0354067072290344,0.0616671615030506,Low,model-estimated recurrence probability,False,,2026-07-09
BOAMP:17-77862,SIREN:234400034,Conseil régional des Pays de la Loire,234400034,,SIREN_ENRICHED,Unknown,2017-10-04,12.0,2018-10-04,0.0354067072290344,0.0616671615030506,Low,model-estimated recurrence probability,False,,2026-07-09
BOAMP:16-44890,SIREN:264400268,Centre Hospitalier de Saint-Nazaire,264400268,,SIREN_ENRICHED,Unknown,2016-03-30,12.0,2017-03-30,0.035394282005727,0.0616461096927336,Low,model-estimated recurrence probability,False,missing_cpv;,2026-07-09
BOAMP:22-112462,NAME:semitan,SEMITAN,,,NAME,IT Services & Consulting,2022-08-17,3.0,2022-11-17,0.0352148047844936,0.0613419801076771,Low,model-estimated recurrence probability,False,name_fallback_buyer_key;missing_siren_siret;,2026-07-09
BOAMP:23-109930,SIREN:555650308,SPL Laval Mayenne Aménagements,555650308,,SIREN_ENRICHED,Telecom & Networks,2023-08-01,15.0,2024-11-01,0.0351447560825164,0.0612232576829553,Low,model-estimated recurrence probability,False,,2026-07-09
BOAMP:23-61350,SIREN:834692402,CENOVIA CITES,834692402,,SIREN_ENRICHED,Unknown,2023-12-19,13.0,2025-01-19,0.0350950263086637,0.0611389651400837,Low,model-estimated recurrence probability,False,,2026-07-09
BOAMP:24-102022,NAME:semitan,SEMITAN,,,NAME,IT Services & Consulting,2024-09-08,4.0,2025-01-08,0.0348557551296087,0.0607333075582638,Low,model-estimated recurrence probability,False,name_fallback_buyer_key;missing_siren_siret;,2026-07-09
BOAMP:24-116379,NAME:audencia eesc,AUDENCIA EESC,,,NAME,IT Services & Consulting,2024-10-15,4.0,2025-02-15,0.0348557551296087,0.0607333075582638,Low,model-estimated recurrence probability,False,name_fallback_buyer_key;missing_siren_siret;,2026-07-09
BOAMP:24-123500,NAME:semitan mandataire nantes metropole,"SEMITAN, mandataire de Nantes Métropole",,,NAME,IT Services & Consulting,2024-10-30,4.0,2025-02-28,0.0348557551296087,0.0607333075582638,Low,model-estimated recurrence probability,False,name_fallback_buyer_key;missing_siren_siret;,2026-07-09
BOAMP:23-49047,SIREN:200054336,COMMUNE DE MAUGES SUR LOIRE,200054336,,SIREN_ENRICHED,Telecom & Networks,2023-04-14,16.0,2024-08-14,0.034761968254968,0.0605742616389588,Low,model-estimated recurrence probability,False,,2026-07-09
BOAMP:17-106845,SIREN:214900201,Ville de Beaucouzé,214900201,,SIREN_ENRICHED,Unknown,2017-11-08,14.0,2019-01-08,0.0346396797709265,0.060366847566259,Low,model-estimated recurrence probability,False,,2026-07-09
BOAMP:21-82013,SIREN:130025919,OFFICE FRANCAIS DE LA BIODIVERSITE,130025919,,SIREN_ENRICHED,Cybersecurity,2021-10-04,18.0,2023-04-04,0.0345766116692105,0.0602598622071555,Low,model-estimated recurrence probability,False,,2026-07-09
BOAMP:21-50635,SIREN:391722881,GIE SESAM Vitale,391722881,,SIREN_ENRICHED,IT Services & Consulting,2022-02-21,36.0,2025-02-21,0.0343940799021563,0.0599501665487391,Low,model-estimated recurrence probability,False,,2026-07-09
BOAMP:22-133794,SIREN:794304097,Nantes Métropole,794304097,,SIREN_ENRICHED,IT Services & Consulting,2022-10-08,36.0,2025-10-08,0.0343940799021563,0.0599501665487391,Low,model-estimated recurrence probability,False,,2026-07-09
BOAMP:22-140992,SIREN:214401432,COMMUNE DE REZE,214401432,,SIREN_ENRICHED,IT Services & Consulting,2022-10-20,36.0,2025-10-20,0.0343940799021563,0.0599501665487391,Low,model-estimated recurrence probability,False,,2026-07-09
BOAMP:22-73400,SIREN:200083228,Commune d'Ancenis-Saint-Géréon,200083228,,SIREN_ENRICHED,IT Services & Consulting,2022-05-23,36.0,2025-05-23,0.0343940799021563,0.0599501665487391,Low,model-estimated recurrence probability,False,,2026-07-09
BOAMP:21-82605,SIREN:110043015,Ministère de l'éducation nationale,110043015,,SIREN_ENRICHED,IT Services & Consulting,2021-06-18,36.0,2024-06-18,0.0343819973721989,0.0599296634466721,Low,model-estimated recurrence probability,False,,2026-07-09
BOAMP:20-114106,SIREN:194909701,Université d'Angers,194909701,,SIREN_ENRICHED,IT Services & Consulting,2020-09-19,36.0,2023-09-19,0.0343699189357141,0.0599091669098356,Low,model-estimated recurrence probability,False,,2026-07-09
BOAMP:20-142015,SIREN:234400034,Conseil régional des Pays de la Loire,234400034,,SIREN_ENRICHED,IT Services & Consulting,2020-11-21,36.0,2023-11-21,0.0343699189357141,0.0599091669098356,Low,model-estimated recurrence probability,True,,2026-07-09
BOAMP:20-97584,SIREN:391722881,GIE SESAM Vitale,391722881,,SIREN_ENRICHED,IT Services & Consulting,2020-07-31,36.0,2023-07-31,0.0343699189357141,0.0599091669098356,Low,model-estimated recurrence probability,False,,2026-07-09
BOAMP:18-125716,SIREN:575850490,Mancelle d'habitation,575850490,,SIREN_ENRICHED,IT Services & Consulting,2019-03-29,36.0,2022-03-29,0.0343578445914215,0.0598886769364326,Low,model-estimated recurrence probability,True,,2026-07-09
BOAMP:19-169855,SIREN:391722881,GIE SESAM Vitale,391722881,,SIREN_ENRICHED,IT Services & Consulting,2019-11-12,36.0,2022-11-12,0.0343578445914215,0.0598886769364326,Low,model-estimated recurrence probability,False,,2026-07-09
BOAMP:18-73364,SIREN:524795564,CARENE,524795564,,SIREN_ENRICHED,IT Services & Consulting,2018-06-01,36.0,2021-06-01,0.0343457743380405,0.0598681935246671,Low,model-estimated recurrence probability,False,,2026-07-09
BOAMP:18-8070,SIREN:244900015,Angers Loire Métropole,244900015,,SIREN_ENRICHED,IT Services & Consulting,2018-01-18,36.0,2021-01-18,0.0343457743380405,0.0598681935246671,Low,model-estimated recurrence probability,False,,2026-07-09
BOAMP:17-124586,SIREN:194909701,Université d'Angers,194909701,,SIREN_ENRICHED,IT Services & Consulting,2017-12-15,36.0,2020-12-15,0.034333708174291,0.0598477166727428,Low,model-estimated recurrence probability,False,,2026-07-09
BOAMP:17-13461,SIREN:794304097,Nantes Métropole,794304097,,SIREN_ENRICHED,IT Services & Consulting,2017-01-29,36.0,2020-01-29,0.034333708174291,0.0598477166727428,Low,model-estimated recurrence probability,False,,2026-07-09
BOAMP:17-159853,SIREN:244900015,Angers Loire Métropole,244900015,,SIREN_ENRICHED,IT Services & Consulting,2017-11-13,36.0,2020-11-13,0.034333708174291,0.0598477166727428,Low,model-estimated recurrence probability,False,,2026-07-09
BOAMP:17-62873,SIREN:194909701,Université d'Angers,194909701,,SIREN_ENRICHED,IT Services & Consulting,2017-05-07,36.0,2020-05-07,0.034333708174291,0.0598477166727428,Low,model-estimated recurrence probability,False,,2026-07-09
BOAMP:17-6714,SIREN:194909701,Université d'Angers,194909701,,SIREN_ENRICHED,IT Services & Consulting,2017-01-18,36.0,2020-01-18,0.034333708174291,0.0598477166727428,Low,model-estimated recurrence probability,False,,2026-07-09
BOAMP:17-98996,SIREN:214401622,Commune de Saint-Herblain,214401622,,SIREN_ENRICHED,IT Services & Consulting,2017-07-11,36.0,2020-07-11,0.034333708174291,0.0598477166727428,Low,model-estimated recurrence probability,False,,2026-07-09
BOAMP:16-45870,SIREN:244900015,Angers Loire Métropole,244900015,,SIREN_ENRICHED,IT Services & Consulting,2016-03-30,36.0,2019-03-30,0.0343216460988934,0.0598272463788641,Low,model-estimated recurrence probability,False,,2026-07-09
BOAMP:16-73215,SIREN:794304097,Nantes Métropole,794304097,,SIREN_ENRICHED,IT Services & Consulting,2016-05-23,36.0,2019-05-23,0.0343216460988934,0.0598272463788641,Low,model-estimated recurrence probability,False,,2026-07-09
BOAMP:20-148013,SIREN:935367433,Conseil départemental Loire-Atlantique,935367433,,SIREN_ENRICHED,Data & AI,2020-12-05,22.0,2022-10-05,0.0342138798367283,0.059644341661019,Low,model-estimated recurrence probability,False,,2026-07-09
BOAMP:23-97071,SIREN:200052702,MAIRIE DE BAUGE EN ANJOU,200052702,,SIREN_ENRICHED,Unknown,2023-07-12,16.0,2024-11-12,0.0339602371089868,0.0592137304759735,Low,model-estimated recurrence probability,False,,2026-07-09
BOAMP:16-70203,SIREN:130029747,Université de Nantes,130029747,,SIREN_ENRICHED,IT Services & Consulting,2016-07-07,37.0,2019-08-07,0.0339475079491913,0.059192115653629,Low,model-estimated recurrence probability,False,,2026-07-09
BOAMP:18-114671,SIREN:214401721,ville de Sainte-Luce-sur-Loire,214401721,,SIREN_ENRICHED,Unknown,2018-08-23,16.0,2019-12-23,0.0339006001672567,0.0591124599704621,Low,model-estimated recurrence probability,False,,2026-07-09
BOAMP:17-55172,SIREN:532458809,Ville d'Angers,532458809,,SIREN_ENRICHED,Unknown,2017-09-29,16.0,2019-01-29,0.0338886849110199,0.0590922253566175,Low,model-estimated recurrence probability,False,,2026-07-09
BOAMP:23-106736,SIREN:538208455,Gcs E-Sante Pays de la Loire,538208455,,SIREN_ENRICHED,Digital Workplace & Collaboration,2023-07-28,24.0,2025-07-28,0.0335071295909203,0.0584440677648856,Low,model-estimated recurrence probability,False,,2026-07-09
BOAMP:23-148858,SIREN:538208455,Gcs E-Sante Pays de la Loire,538208455,,SIREN_ENRICHED,Digital Workplace & Collaboration,2023-10-25,24.0,2025-10-25,0.0335071295909203,0.0584440677648856,Low,model-estimated recurrence probability,False,,2026-07-09
BOAMP:23-165727,SIREN:194909701,Université d'Angers,194909701,,SIREN_ENRICHED,Data & AI,2023-11-29,24.0,2025-11-29,0.0335071295909203,0.0584440677648856,Low,model-estimated recurrence probability,False,,2026-07-09
BOAMP:23-89292,SIREN:180043010,Réseau Canopé,180043010,,SIREN_ENRICHED,Digital Workplace & Collaboration,2023-06-29,24.0,2025-06-29,0.0335071295909203,0.0584440677648856,Low,model-estimated recurrence probability,False,,2026-07-09
BOAMP:21-139944,SIREN:200067346,CA PORNIC AGGLO PAYS DE RETZ,200067346,,SIREN_ENRICHED,IT Hardware & Equipment,2022-01-24,24.0,2024-01-24,0.0334953478354461,0.0584240477394671,Low,model-estimated recurrence probability,False,,2026-07-09
BOAMP:22-19299,SIREN:214400202,Ville de Bouguenais,214400202,,SIREN_ENRICHED,Cloud & Infrastructure,2022-07-08,24.0,2024-07-08,0.0334953478354461,0.0584240477394671,Low,model-estimated recurrence probability,False,,2026-07-09
BOAMP:20-16671,SIREN:391722881,GIE SESAM Vitale,391722881,,SIREN_ENRICHED,IT Maintenance & Support,2021-01-18,24.0,2023-01-18,0.0334835700791441,0.0584040341465237,Low,model-estimated recurrence probability,False,,2026-07-09
BOAMP:21-103746,SIREN:217500016,Ville du Mans,217500016,,SIREN_ENRICHED,Data & AI,2021-07-26,24.0,2023-07-26,0.0334835700791441,0.0584040341465237,Low,model-estimated recurrence probability,False,missing_cpv;,2026-07-09
BOAMP:21-153244,SIREN:180043010,Réseau Canopé,180043010,,SIREN_ENRICHED,IT Hardware & Equipment,2021-11-20,24.0,2023-11-20,0.0334835700791441,0.0584040341465237,Low,model-estimated recurrence probability,False,,2026-07-09
BOAMP:21-91773,SIREN:391722881,GIE SESAM Vitale,391722881,,SIREN_ENRICHED,Digital Workplace & Collaboration,2021-07-04,24.0,2023-07-04,0.0334835700791441,0.0584040341465237,Low,model-estimated recurrence probability,False,,2026-07-09
BOAMP:17-93952,SIREN:391722881,GIE SESAM Vitale,391722881,,SIREN_ENRICHED,Digital Workplace & Collaboration,2018-05-14,24.0,2020-05-14,0.0334482607927072,0.0583440319447899,Low,model-estimated recurrence probability,False,,2026-07-09
BOAMP:18-150422,SIREN:234400034,Conseil régional des Pays de la Loire,234400034,,SIREN_ENRICHED,Digital Workplace & Collaboration,2018-10-27,24.0,2020-10-27,0.0334482607927072,0.0583440319447899,Low,model-estimated recurrence probability,False,,2026-07-09
BOAMP:16-10778,SIREN:391722881,GIE SESAM Vitale,391722881,,SIREN_ENRICHED,IT Maintenance & Support,2016-10-20,24.0,2018-10-20,0.0334247412412486,0.0583040626068008,Low,model-estimated recurrence probability,False,,2026-07-09
BOAMP:16-124376,SIREN:234400034,Conseil régional des Pays de la Loire,234400034,,SIREN_ENRICHED,Digital Workplace & Collaboration,2016-10-31,24.0,2018-10-31,0.0334247412412486,0.0583040626068008,Low,model-estimated recurrence probability,False,,2026-07-09
BOAMP:23-135048,SIREN:200081115,Ville de Montaigu-Vendée,200081115,,SIREN_ENRICHED,Unknown,2023-09-30,18.0,2025-03-30,0.0332234657381748,0.0579619539792983,Low,model-estimated recurrence probability,False,,2026-07-09
BOAMP:19-79147,SIREN:248500589,LA ROCHE-SUR-YON AGGLOMERATION,248500589,,SIREN_ENRICHED,Unknown,2019-10-10,19.0,2021-05-10,0.0328146659999142,0.0572667891416452,Low,model-estimated recurrence probability,False,,2026-07-09
BOAMP:16-42996,SIREN:288500010,SDIS 85,288500010,,SIREN_ENRICHED,Unknown,2016-07-29,19.0,2018-02-28,0.0327800381667362,0.0572078843189759,Low,model-estimated recurrence probability,False,missing_cpv;,2026-07-09
BOAMP:22-105384,SIREN:247200132,Le Mans Métropole - Communauté Urbaine,247200132,,SIREN_ENRICHED,Unknown,2023-02-03,20.0,2024-10-03,0.032502140920834,0.0567350441521939,Low,model-estimated recurrence probability,False,,2026-07-09
BOAMP:16-92101,SIREN:194401006,Ecole Centrale de Nantes,194401006,,SIREN_ENRICHED,IT Services & Consulting,2016-10-12,41.0,2020-03-12,0.0324899399115412,0.0567142795814907,Low,model-estimated recurrence probability,False,,2026-07-09
BOAMP:18-127938,SIREN:935367433,Conseil départemental Loire-Atlantique,935367433,,SIREN_ENRICHED,Unknown,2018-09-15,20.0,2020-05-15,0.0324449785177399,0.056637757619584,Low,model-estimated recurrence probability,False,,2026-07-09
BOAMP:21-126684,SIREN:234400034,Conseil régional des Pays de la Loire,234400034,,SIREN_ENRICHED,Cybersecurity,2022-01-10,24.0,2024-01-10,0.0323857722327115,0.0565369835014726,Low,model-estimated recurrence probability,False,,2026-07-09
BOAMP:20-124045,SIREN:234400034,Conseil régional des Pays de la Loire,234400034,,SIREN_ENRICHED,Cybersecurity,2021-02-02,24.0,2023-02-02,0.032374371560728,0.0565175775349672,Low,model-estimated recurrence probability,False,,2026-07-09
BOAMP:21-26779,SIREN:234400034,Conseil régional des Pays de la Loire,234400034,,SIREN_ENRICHED,Cybersecurity,2021-06-14,24.0,2023-06-14,0.032374371560728,0.0565175775349672,Low,model-estimated recurrence probability,False,,2026-07-09
BOAMP:21-97121,SIREN:244400438,Grand Lieu Communauté,244400438,,SIREN_ENRICHED,Cybersecurity,2021-10-11,24.0,2023-10-11,0.032374371560728,0.0565175775349672,Low,model-estimated recurrence probability,False,,2026-07-09
BOAMP:20-118247,SIREN:214401622,Commune de Saint-Herblain,214401622,,SIREN_ENRICHED,Cybersecurity,2020-12-16,24.0,2022-12-16,0.0323629747678601,0.056498177830554,Low,model-estimated recurrence probability,False,,2026-07-09
BOAMP:19-109269,SIREN:214401093,Ville de Nantes,214401093,,SIREN_ENRICHED,Cybersecurity,2019-08-02,24.0,2021-08-02,0.032351581852882,0.0564787843864856,Low,model-estimated recurrence probability,False,,2026-07-09
BOAMP:17-176560,SIREN:285300018,Sdis de la Mayenne,285300018,,SIREN_ENRICHED,Cybersecurity,2018-03-06,24.0,2020-03-06,0.0323401928145689,0.0564593972010158,Low,model-estimated recurrence probability,False,,2026-07-09
BOAMP:18-98603,SIREN:180043010,Réseau Canopé,180043010,,SIREN_ENRICHED,Cybersecurity,2018-11-12,24.0,2020-11-12,0.0323401928145689,0.0564593972010158,Low,model-estimated recurrence probability,False,,2026-07-09
BOAMP:17-140377,SIREN:234400034,Conseil régional des Pays de la Loire,234400034,,SIREN_ENRICHED,Cybersecurity,2017-12-14,24.0,2019-12-14,0.0323288076516959,0.0564400162723983,Low,model-estimated recurrence probability,False,,2026-07-09
BOAMP:16-140691,SIREN:214402042,Ville de Thouaré-sur-Loire,214402042,,SIREN_ENRICHED,Cybersecurity,2016-09-29,24.0,2018-09-29,0.0323174263630388,0.0564206415988869,Low,model-estimated recurrence probability,False,,2026-07-09
BOAMP:16-172095,SIREN:524795564,CARENE,524795564,,SIREN_ENRICHED,Cybersecurity,2016-12-02,24.0,2018-12-02,0.0323174263630388,0.0564206415988869,Low,model-estimated recurrence probability,False,,2026-07-09
BOAMP:17-105683,SIREN:247200132,Le Mans Métropole - Communauté Urbaine,247200132,,SIREN_ENRICHED,Software & Applications,2017-12-20,2.0,2018-02-20,0.0322587203513746,0.0563206993790155,Low,model-estimated recurrence probability,False,,2026-07-09
BOAMP:15-70236,SIREN:288500010,SDIS 85,288500010,,SIREN_ENRICHED,IT Services & Consulting,2015-05-06,42.0,2018-11-06,0.0321237892613764,0.0560909558626325,Low,model-estimated recurrence probability,False,,2026-07-09
BOAMP:23-98097,SIREN:200071900,Vendée Grand Littoral,200071900,,SIREN_ENRICHED,Software & Applications,2023-07-11,3.0,2023-10-11,0.0319738322140102,0.0558355719771297,Low,model-estimated recurrence probability,False,,2026-07-09
BOAMP:22-123056,NAME:conseil departemental loire atlanti,CONSEIL DEPARTEMENTAL DE LOIRE-ATLANTI,,,NAME,IT Services & Consulting,2023-02-09,12.0,2024-02-09,0.0319160938770618,0.0557372251355169,Low,model-estimated recurrence probability,False,name_fallback_buyer_key;missing_siren_siret;,2026-07-09
BOAMP:23-160919,NAME:ch mans,CH LE MANS,,,NAME,IT Services & Consulting,2023-11-16,12.0,2024-11-16,0.0319160938770618,0.0557372251355169,Low,model-estimated recurrence probability,True,name_fallback_buyer_key;missing_siren_siret;,2026-07-09
BOAMP:23-166646,NAME:conseil departemental loire atlanti,CONSEIL DEPARTEMENTAL DE LOIRE-ATLANTI,,,NAME,IT Services & Consulting,2023-11-29,12.0,2024-11-29,0.0319160938770618,0.0557372251355169,Low,model-estimated recurrence probability,False,name_fallback_buyer_key;missing_siren_siret;,2026-07-09
BOAMP:23-168941,NAME:ch mans,CH LE MANS,,,NAME,IT Services & Consulting,2023-12-06,12.0,2024-12-06,0.0319160938770618,0.0557372251355169,Low,model-estimated recurrence probability,True,name_fallback_buyer_key;missing_siren_siret;,2026-07-09
BOAMP:23-174764,NAME:conseil departemental loire atlanti,CONSEIL DEPARTEMENTAL DE LOIRE-ATLANTI,,,NAME,IT Services & Consulting,2023-12-15,12.0,2024-12-15,0.0319160938770618,0.0557372251355169,Low,model-estimated recurrence probability,False,name_fallback_buyer_key;missing_siren_siret;,2026-07-09
BOAMP:22-118541,NAME:dgac dsna,DGAC DSNA,,,NAME,IT Services & Consulting,2022-09-02,12.0,2023-09-02,0.0319048530929331,0.0557180774692223,Low,model-estimated recurrence probability,False,name_fallback_buyer_key;missing_siren_siret;,2026-07-09
BOAMP:22-38732,NAME:crous nantes,CROUS de Nantes,,,NAME,IT Services & Consulting,2022-05-20,12.0,2023-05-20,0.0319048530929331,0.0557180774692223,Low,model-estimated recurrence probability,False,name_fallback_buyer_key;missing_siren_siret;,2026-07-09
BOAMP:22-55032,NAME:cd 44,CD 44,,,NAME,IT Services & Consulting,2022-04-17,12.0,2023-04-17,0.0319048530929331,0.0557180774692223,Low,model-estimated recurrence probability,False,name_fallback_buyer_key;missing_siren_siret;,2026-07-09
BOAMP:22-61807,NAME:cd 44,CD 44,,,NAME,IT Services & Consulting,2022-04-29,12.0,2023-04-29,0.0319048530929331,0.0557180774692223,Low,model-estimated recurrence probability,False,name_fallback_buyer_key;missing_siren_siret;,2026-07-09
BOAMP:20-107792,NAME:com agglo reg nazairienne estuaire,COM D AGGLO REG NAZAIRIENNE ESTUAIRE,,,NAME,IT Services & Consulting,2021-01-07,12.0,2022-01-07,0.0318936161373568,0.0556989359928061,Low,model-estimated recurrence probability,False,name_fallback_buyer_key;missing_siren_siret;,2026-07-09
BOAMP:21-125536,NAME:crous nantes,CROUS de Nantes,,,NAME,IT Services & Consulting,2021-09-22,12.0,2022-09-22,0.0318936161373568,0.0556989359928061,Low,model-estimated recurrence probability,False,name_fallback_buyer_key;missing_siren_siret;,2026-07-09
BOAMP:21-16407,NAME:communaute agglomeration niortais,Communauté d'agglomération du Niortais,,,NAME,IT Services & Consulting,2021-02-04,12.0,2022-02-04,0.0318936161373568,0.0556989359928061,Low,model-estimated recurrence probability,False,name_fallback_buyer_key;missing_siren_siret;,2026-07-09
BOAMP:21-19596,NAME:ville alencon,Ville d'Alençon,,,NAME,IT Services & Consulting,2021-05-19,12.0,2022-05-19,0.0318936161373568,0.0556989359928061,Low,model-estimated recurrence probability,False,name_fallback_buyer_key;missing_siren_siret;,2026-07-09
BOAMP:20-75569,NAME:crous nantes,CROUS de Nantes,,,NAME,IT Services & Consulting,2020-10-27,12.0,2021-10-27,0.031882383009121,0.055679800704534,Low,model-estimated recurrence probability,False,name_fallback_buyer_key;missing_siren_siret;,2026-07-09
BOAMP:18-175843,NAME:gie epl vendee,GIE des EPL de Vendée,,,NAME,IT Services & Consulting,2019-03-20,12.0,2020-03-20,0.0318711537070138,0.0556606716026717,Low,model-estimated recurrence probability,False,name_fallback_buyer_key;missing_siren_siret;,2026-07-09
BOAMP:18-177187,NAME:gie epl vendee,GIE des EPL de Vendée,,,NAME,IT Services & Consulting,2019-06-12,12.0,2020-06-12,0.0318711537070138,0.0556606716026717,Low,model-estimated recurrence probability,False,name_fallback_buyer_key;missing_siren_siret;,2026-07-09
BOAMP:19-103125,NAME:cnieg,CNIEG,,,NAME,IT Services & Consulting,2019-07-04,12.0,2020-07-04,0.0318711537070138,0.0556606716026717,Low,model-estimated recurrence probability,False,name_fallback_buyer_key;missing_siren_siret;,2026-07-09
BOAMP:19-106682,NAME:gie loire ocean,GIE Loire Océan,,,NAME,IT Services & Consulting,2019-11-21,12.0,2020-11-21,0.0318711537070138,0.0556606716026717,Low,model-estimated recurrence probability,False,name_fallback_buyer_key;missing_siren_siret;,2026-07-09
BOAMP:19-9782,NAME:com agglo reg nazairienne estuaire,COM D AGGLO REG NAZAIRIENNE ESTUAIRE,,,NAME,IT Services & Consulting,2019-01-18,12.0,2020-01-18,0.0318711537070138,0.0556606716026717,Low,model-estimated recurrence probability,False,name_fallback_buyer_key;missing_siren_siret;,2026-07-09
BOAMP:18-117157,NAME:ch mans,CH LE MANS,,,NAME,IT Services & Consulting,2018-08-20,12.0,2019-08-20,0.0318599282298239,0.0556415486854854,Low,model-estimated recurrence probability,False,name_fallback_buyer_key;missing_siren_siret;,2026-07-09
BOAMP:18-22305,NAME:uniha gcs,UniHA GCS,,,NAME,IT Services & Consulting,2018-02-17,12.0,2019-02-17,0.0318599282298239,0.0556415486854854,Low,model-estimated recurrence probability,False,name_fallback_buyer_key;missing_siren_siret;,2026-07-09
BOAMP:18-22345,NAME:uniha gcs,UniHA GCS,,,NAME,IT Services & Consulting,2018-02-17,12.0,2019-02-17,0.0318599282298239,0.0556415486854854,Low,model-estimated recurrence probability,False,name_fallback_buyer_key;missing_siren_siret;,2026-07-09
BOAMP:18-28473,NAME:ademe,ADEME,,,NAME,IT Services & Consulting,2018-03-03,12.0,2019-03-03,0.0318599282298239,0.0556415486854854,Low,model-estimated recurrence probability,False,name_fallback_buyer_key;missing_siren_siret;,2026-07-09
BOAMP:18-52389,NAME:uniha gcs,UniHA GCS,,,NAME,IT Services & Consulting,2018-04-18,12.0,2019-04-18,0.0318599282298239,0.0556415486854854,Low,model-estimated recurrence probability,False,name_fallback_buyer_key;missing_siren_siret;,2026-07-09
BOAMP:17-120545,NAME:e collectivites vendee,e-Collectivités Vendée,,,NAME,IT Services & Consulting,2017-11-06,12.0,2018-11-06,0.0318487065763398,0.0556224319512416,Low,model-estimated recurrence probability,False,name_fallback_buyer_key;missing_siren_siret;,2026-07-09
BOAMP:17-2924,NAME:sictiam,SICTIAM,,,NAME,IT Services & Consulting,2017-01-08,12.0,2018-01-08,0.0318487065763398,0.0556224319512416,Low,model-estimated recurrence probability,False,name_fallback_buyer_key;missing_siren_siret;,2026-07-09
BOAMP:17-56720,NAME:gcs esante pays loire,GCS eSanté Pays de la Loire,,,NAME,IT Services & Consulting,2017-08-29,12.0,2018-08-29,0.0318487065763398,0.0556224319512416,Low,model-estimated recurrence probability,False,name_fallback_buyer_key;missing_siren_siret;,2026-07-09
BOAMP:22-115191,SIREN:381053768,La Cité des Congrès de Nantes,381053768,,SIREN_ENRICHED,Telecom & Networks,2023-01-10,24.0,2025-01-10,0.031841171194053,0.0556095948070464,Low,model-estimated recurrence probability,False,,2026-07-09
BOAMP:22-127675,SIREN:234400034,Conseil régional des Pays de la Loire,234400034,,SIREN_ENRICHED,Telecom & Networks,2023-01-05,24.0,2025-01-05,0.031841171194053,0.0556095948070464,Low,model-estimated recurrence probability,False,,2026-07-09
BOAMP:22-37294,SIREN:100492784,CORLAB,100492784,,SIREN_ENRICHED,Telecom & Networks,2022-03-16,24.0,2024-03-16,0.0318299559299353,0.0555904884049263,Low,model-estimated recurrence probability,False,,2026-07-09
BOAMP:22-7823,SIREN:381053768,La Cité des Congrès de Nantes,381053768,,SIREN_ENRICHED,Telecom & Networks,2022-05-03,24.0,2024-05-03,0.0318299559299353,0.0555904884049263,Low,model-estimated recurrence probability,False,,2026-07-09
BOAMP:15-31797,NAME:acoss,ACOSS,,,NAME,IT Services & Consulting,2015-03-04,12.0,2016-03-04,0.0318262747356465,0.0555842170246488,Low,model-estimated recurrence probability,False,name_fallback_buyer_key;missing_siren_siret;,2026-07-09
BOAMP:21-152470,SIREN:214401093,Ville de Nantes,214401093,,SIREN_ENRICHED,Telecom & Networks,2021-11-17,24.0,2023-11-17,0.0318187444862892,0.0555713881811185,Low,model-estimated recurrence probability,False,,2026-07-09
BOAMP:20-54010,SIREN:788058030,Adoma,788058030,,SIREN_ENRICHED,Telecom & Networks,2020-04-19,24.0,2022-04-19,0.0318075368619048,0.0555522941338908,Low,model-estimated recurrence probability,False,,2026-07-09
BOAMP:20-57925,SIREN:248500589,LA ROCHE-SUR-YON AGGLOMERATION,248500589,,SIREN_ENRICHED,Telecom & Networks,2020-09-24,24.0,2022-09-24,0.0318075368619048,0.0555522941338908,Low,model-estimated recurrence probability,False,,2026-07-09
BOAMP:20-85492,SIREN:244900015,Angers Loire Métropole,244900015,,SIREN_ENRICHED,Telecom & Networks,2020-12-03,24.0,2022-12-03,0.0318075368619048,0.0555522941338908,Low,model-estimated recurrence probability,False,,2026-07-09
BOAMP:19-21081,SIREN:214900201,Ville de Beaucouzé,214900201,,SIREN_ENRICHED,Telecom & Networks,2019-03-27,24.0,2021-03-27,0.0317963330555723,0.055533206261511,Low,model-estimated recurrence probability,False,,2026-07-09
BOAMP:19-49300,SIREN:214900995,Ville de Cholet,214900995,,SIREN_ENRICHED,Telecom & Networks,2019-07-08,24.0,2021-07-08,0.0317963330555723,0.055533206261511,Low,model-estimated recurrence probability,False,,2026-07-09
BOAMP:16-153795,SIREN:214401846,Commune de Saint-Nazaire,214401846,,SIREN_ENRICHED,Telecom & Networks,2016-10-26,24.0,2018-10-26,0.031762744532795,0.0554759796761424,Low,model-estimated recurrence probability,False,,2026-07-09
BOAMP:16-95884,SIREN:353686934,CAP ATLANTIQUE,353686934,,SIREN_ENRICHED,Telecom & Networks,2016-06-30,24.0,2018-06-30,0.031762744532795,0.0554759796761424,Low,model-estimated recurrence probability,False,,2026-07-09
BOAMP:15-171325,SIREN:130031487,Chambre Agriculture Pays de la Loire,130031487,,SIREN_ENRICHED,Telecom & Networks,2015-11-10,24.0,2017-11-10,0.0317515559865801,0.055456916485839,Low,model-estimated recurrence probability,False,,2026-07-09
BOAMP:19-3078,SIREN:200083392,Laval Agglomération,200083392,,SIREN_ENRICHED,Unknown,2019-01-10,22.0,2020-11-10,0.0317511853777577,0.0554562850320877,Low,model-estimated recurrence probability,False,,2026-07-09
BOAMP:25-3474,SIREN:214401846,VILLE DE SAINT NAZAIRE,214401846,,SIREN_ENRICHED,Software & Applications,2025-01-12,4.0,2025-05-12,0.0316467435355708,0.0552783196965479,Low,model-estimated recurrence probability,False,,2026-07-09
BOAMP:24-20387,SIREN:935367433,Conseil départemental Loire Atlantique,935367433,,SIREN_ENRICHED,Software & Applications,2024-02-20,4.0,2024-06-20,0.0316355945160503,0.0552593204543077,Low,model-estimated recurrence probability,False,,2026-07-09
BOAMP:24-34134,SIREN:935367433,Conseil départemental Loire Atlantique,935367433,,SIREN_ENRICHED,Software & Applications,2024-03-23,4.0,2024-07-23,0.0316355945160503,0.0552593204543077,Low,model-estimated recurrence probability,False,,2026-07-09
BOAMP:24-116007,SIRET:11000201100044,Rectorat de NANTES,449078492,11000201100044,SIRET,Software & Applications,2024-10-13,2.9566360052562417,2025-01-13,0.0316173497994872,0.05522822860393,Low,model-estimated recurrence probability,True,,2026-07-09
BOAMP:24-71687,SIRET:13002953100055,"Rectorat de la région académique Grand Est, rectorat de l'académie de Nancy-Metz",,13002953100055,SIRET,Software & Applications,2024-06-21,3.0,2024-09-21,0.0316022862715331,0.0552025573370842,Low,model-estimated recurrence probability,False,,2026-07-09
BOAMP:19-103833,SIREN:244400404,METROPOLE NANTES METROPOLE,244400404,,SIREN_ENRICHED,Software & Applications,2019-07-05,4.0,2019-11-05,0.0315799063865922,0.0551644164321425,Low,model-estimated recurrence probability,True,,2026-07-09
BOAMP:21-57288,SIREN:532458809,Ville d'Angers,532458809,,SIREN_ENRICHED,Data & AI,2021-08-31,30.0,2024-02-29,0.0313486869676619,0.0547702838029103,Low,model-estimated recurrence probability,False,,2026-07-09
BOAMP:25-76566,SIRET:19753472000010,Ecole Nationale Supérieure d'Arts et Métiers,197534720,19753472000010,SIRET,Software & Applications,2025-07-08,3.942181340341656,2025-11-08,0.0312877325965792,0.054666358618327,Low,model-estimated recurrence probability,False,,2026-07-09
BOAMP:24-29281,SIRET:17350111500864,SDIS44,,17350111500864,SIRET,Software & Applications,2024-03-12,3.942181340341656,2024-07-12,0.0312767059700594,0.0546475575413556,Low,model-estimated recurrence probability,False,,2026-07-09
BOAMP:25-5729,SIRET:23440003400026,Région des Pays de la Loire,234400034,23440003400026,SIRET,Software & Applications,2025-01-18,4.0,2025-05-18,0.0312678520462507,0.054632460824744,Low,model-estimated recurrence probability,False,,2026-07-09
BOAMP:24-29089,SIRET:17440005100010,Nantes Université,130029747,17440005100010,SIRET,Software & Applications,2024-03-12,4.0,2024-07-12,0.0312568322000919,0.0546136707325204,Low,model-estimated recurrence probability,True,,2026-07-09
BOAMP:24-42752,SIRET:13003051300019,Université de Rennes,,13003051300019,SIRET,Software & Applications,2024-04-12,4.0,2024-08-12,0.0312568322000919,0.0546136707325204,Low,model-estimated recurrence probability,False,,2026-07-09
BOAMP:21-141754,SIREN:200071900,Vendée Grand Littoral,200071900,,SIREN_ENRICHED,Software & Applications,2021-10-21,5.0,2022-03-21,0.0312567174054567,0.054613474992918,Low,model-estimated recurrence probability,False,,2026-07-09
BOAMP:21-159075,SIREN:535164412,Loire Océan Métropole Aménagement,535164412,,SIREN_ENRICHED,Unknown,2022-06-07,24.0,2024-06-07,0.0310936687725903,0.0543354211287264,Low,model-estimated recurrence probability,False,,2026-07-09
BOAMP:21-86773,SIREN:234400034,Conseil régional des Pays de la Loire,234400034,,SIREN_ENRICHED,Unknown,2021-11-25,24.0,2023-11-25,0.0310827083447993,0.0543167273294379,Low,model-estimated recurrence probability,False,,2026-07-09
BOAMP:19-41115,SIREN:234400034,préfet de la région Pays de la Loire,234400034,,SIREN_ENRICHED,Unknown,2019-06-11,24.0,2021-06-11,0.031060798706889,0.0542793579157933,Low,model-estimated recurrence probability,False,,2026-07-09
BOAMP:19-56876,SIREN:935367433,Conseil départemental Loire-Atlantique,935367433,,SIREN_ENRICHED,Unknown,2019-04-11,24.0,2021-04-11,0.031060798706889,0.0542793579157933,Low,model-estimated recurrence probability,True,,2026-07-09
BOAMP:19-80774,SIREN:217500016,Ville du Mans,217500016,,SIREN_ENRICHED,Unknown,2019-05-23,24.0,2021-05-23,0.031060798706889,0.0542793579157933,Low,model-estimated recurrence probability,False,missing_cpv;,2026-07-09
BOAMP:17-91530,SIREN:225300011,Conseil départemental de la Mayenne,225300011,,SIREN_ENRICHED,Unknown,2018-05-29,24.0,2020-05-29,0.0310498494943929,0.0542606822980138,Low,model-estimated recurrence probability,False,,2026-07-09
BOAMP:18-177300,SIREN:214401317,Commune de Pornic,214401317,,SIREN_ENRICHED,Unknown,2018-12-22,24.0,2020-12-22,0.0310498494943929,0.0542606822980138,Low,model-estimated recurrence probability,False,,2026-07-09
BOAMP:17-100085,SIREN:244900015,Angers Loire Métropole,244900015,,SIREN_ENRICHED,Unknown,2017-11-10,24.0,2019-11-10,0.0310389040179521,0.0542420127373146,Low,model-estimated recurrence probability,False,,2026-07-09
BOAMP:24-104541,SIREN:935367433,Conseil départemental Loire Atlantique,935367433,,SIREN_ENRICHED,Software & Applications,2024-09-15,6.0,2025-03-15,0.0309476408789836,0.0540863340799971,Low,model-estimated recurrence probability,False,,2026-07-09
BOAMP:24-107602,SIREN:935367433,Conseil départemental Loire Atlantique,935367433,,SIREN_ENRICHED,Software & Applications,2024-09-24,6.0,2025-03-24,0.0309476408789836,0.0540863340799971,Low,model-estimated recurrence probability,False,,2026-07-09
BOAMP:24-117088,SIREN:935367433,Conseil départemental Loire Atlantique,935367433,,SIREN_ENRICHED,Software & Applications,2024-10-16,6.0,2025-04-16,0.0309476408789836,0.0540863340799971,Low,model-estimated recurrence probability,False,,2026-07-09
BOAMP:24-83734,SIREN:194909701,Université d'Angers,194909701,,SIREN_ENRICHED,Software & Applications,2024-07-17,6.0,2025-01-17,0.0309476408789836,0.0540863340799971,Low,model-estimated recurrence probability,False,,2026-07-09
BOAMP:24-98721,SIREN:194909701,Université d'Angers,194909701,,SIREN_ENRICHED,Software & Applications,2024-08-30,6.0,2025-02-28,0.0309476408789836,0.0540863340799971,Low,model-estimated recurrence probability,False,,2026-07-09
BOAMP:24-102689,SIRET:24440040400129,Nantes métropole,,24440040400129,SIRET,Software & Applications,2024-09-11,5.0,2025-02-11,0.0309150338377152,0.0540307069602418,Low,model-estimated recurrence probability,True,,2026-07-09
BOAMP:24-140255,SIRET:24440040400129,Nantes Métropole,794304097,24440040400129,SIRET,Software & Applications,2024-12-15,5.0,2025-05-15,0.0309150338377152,0.0540307069602418,Low,model-estimated recurrence probability,False,,2026-07-09
BOAMP:25-32795,SIRET:28440002500011,Centre de Gestion de la fonction publique territoriale de Loire-Atlantique,,28440002500011,SIRET,Software & Applications,2025-03-25,5.913272010512483,2025-09-25,0.030616839894486,0.0535218627263558,Low,model-estimated recurrence probability,False,,2026-07-09
BOAMP:24-16750,SIRET:28850001000013,SDIS 85,288500010,28850001000013,SIRET,Software & Applications,2024-02-11,5.913272010512483,2024-08-11,0.0306060422381116,0.0535034329912244,Low,model-estimated recurrence probability,True,,2026-07-09
BOAMP:24-62548,SIRET:17350005900014,Direction interdépartementale des routes ouest DIR Ouest,130001704,17350005900014,SIRET,Software & Applications,2024-05-31,5.913272010512483,2024-11-30,0.0306060422381116,0.0535034329912244,Low,model-estimated recurrence probability,False,,2026-07-09
BOAMP:24-66226,SIRET:26490003600015,CHU ANGERS Etablissement support du Groupement Hospitalier de Territoire de Maine et Loire,,26490003600015,SIRET,Software & Applications,2024-06-09,5.913272010512483,2024-12-09,0.0306060422381116,0.0535034329912244,Low,model-estimated recurrence probability,True,,2026-07-09
BOAMP:24-74174,SIRET:17350005900014,Direction interdépartementale des routes ouest DIR Ouest,130001704,17350005900014,SIRET,Software & Applications,2024-06-27,5.913272010512483,2024-12-27,0.0306060422381116,0.0535034329912244,Low,model-estimated recurrence probability,False,,2026-07-09
BOAMP:23-131022,SIREN:174404301,Rectorat de l'Académie de Nantes,174404301,,SIREN_ENRICHED,Software & Applications,2023-09-20,7.0,2024-04-20,0.0305983217232741,0.0534902552170759,Low,model-estimated recurrence probability,False,,2026-07-09
BOAMP:25-37275,SIRET:13001044000019,I.F.C.E.,,13001044000019,SIRET,Software & Applications,2025-04-04,6.0,2025-10-04,0.0305876428061949,0.0534720276300987,Low,model-estimated recurrence probability,False,,2026-07-09
BOAMP:24-45124,SIRET:13000686900015,ACOSS,,13000686900015,SIRET,Software & Applications,2024-04-18,6.0,2024-10-18,0.0305768551219798,0.0534536140860532,Low,model-estimated recurrence probability,True,,2026-07-09
BOAMP:24-86406,SIRET:39172288100052,GIE SESAM VITALE,391722881,39172288100052,SIRET,Software & Applications,2024-07-23,6.0,2025-01-23,0.0305768551219798,0.0534536140860532,Low,model-estimated recurrence probability,True,,2026-07-09
BOAMP:17-142028,SIREN:130029747,Université de Nantes,130029747,,SIREN_ENRICHED,IT Services & Consulting,2017-10-11,47.0,2021-09-11,0.0304271489185856,0.0531980482758093,Low,model-estimated recurrence probability,False,,2026-07-09
BOAMP:16-153188,SIREN:214401846,Commune de Saint-Nazaire,214401846,,SIREN_ENRICHED,Telecom & Networks,2016-10-26,28.0,2019-02-26,0.0303960298667629,0.0531449170391015,Low,model-estimated recurrence probability,False,,2026-07-09
BOAMP:19-35540,SIREN:224900019,Département de Maine-et-Loire,224900019,,SIREN_ENRICHED,Cybersecurity,2019-07-03,30.0,2022-01-03,0.0302866116679949,0.0529580811758856,Low,model-estimated recurrence probability,False,,2026-07-09
BOAMP:18-10415,SIREN:130029747,Université de Nantes,130029747,,SIREN_ENRICHED,Cybersecurity,2018-04-23,30.0,2020-10-23,0.0302759268360239,0.0529398347149492,Low,model-estimated recurrence probability,False,,2026-07-09
BOAMP:20-152653,SIREN:225300011,DEPARTEMENT DE LA MAYENNE,225300011,,SIREN_ENRICHED,IT Services & Consulting,2021-03-02,48.0,2025-03-02,0.030136653906799,0.0527019711458651,Low,model-estimated recurrence probability,False,,2026-07-09
BOAMP:21-104870,SIREN:225300011,DEPARTEMENT DE LA MAYENNE,225300011,,SIREN_ENRICHED,IT Services & Consulting,2021-11-03,48.0,2025-11-03,0.030136653906799,0.0527019711458651,Low,model-estimated recurrence probability,False,,2026-07-09
BOAMP:21-130369,SIREN:214401622,Commune de Saint-Herblain,214401622,,SIREN_ENRICHED,IT Services & Consulting,2021-10-01,48.0,2025-10-01,0.030136653906799,0.0527019711458651,Low,model-estimated recurrence probability,False,,2026-07-09
BOAMP:21-13474,SIREN:794304097,Nantes Métropole,794304097,,SIREN_ENRICHED,IT Services & Consulting,2021-05-12,48.0,2025-05-12,0.030136653906799,0.0527019711458651,Low,model-estimated recurrence probability,False,,2026-07-09
BOAMP:21-31568,SIREN:391722881,GIE SESAM Vitale,391722881,,SIREN_ENRICHED,IT Services & Consulting,2021-03-11,48.0,2025-03-11,0.030136653906799,0.0527019711458651,Low,model-estimated recurrence probability,False,,2026-07-09
BOAMP:21-35651,SIREN:234400034,Conseil régional des Pays de la Loire,234400034,,SIREN_ENRICHED,IT Services & Consulting,2021-03-19,48.0,2025-03-19,0.030136653906799,0.0527019711458651,Low,model-estimated recurrence probability,False,,2026-07-09
BOAMP:21-44149,SIREN:288500010,SDIS 85,288500010,,SIREN_ENRICHED,IT Services & Consulting,2021-04-01,48.0,2025-04-01,0.030136653906799,0.0527019711458651,Low,model-estimated recurrence probability,True,,2026-07-09
BOAMP:21-51989,SIREN:225300011,DEPARTEMENT DE LA MAYENNE,225300011,,SIREN_ENRICHED,IT Services & Consulting,2021-04-19,48.0,2025-04-19,0.030136653906799,0.0527019711458651,Low,model-estimated recurrence probability,False,,2026-07-09
BOAMP:21-76081,SIREN:794304097,Nantes Métropole,794304097,,SIREN_ENRICHED,IT Services & Consulting,2021-06-04,48.0,2025-06-04,0.030136653906799,0.0527019711458651,Low,model-estimated recurrence probability,True,,2026-07-09
BOAMP:21-85842,SIREN:794304097,Nantes Métropole,794304097,,SIREN_ENRICHED,IT Services & Consulting,2021-06-25,48.0,2025-06-25,0.030136653906799,0.0527019711458651,Low,model-estimated recurrence probability,False,,2026-07-09
BOAMP:19-152227,SIREN:217500016,Ville du Mans,217500016,,SIREN_ENRICHED,IT Services & Consulting,2020-06-16,48.0,2024-06-16,0.0301260203349617,0.0526838080175869,Low,model-estimated recurrence probability,False,,2026-07-09
BOAMP:19-184490,SIREN:234400034,Conseil régional des Pays de la Loire,234400034,,SIREN_ENRICHED,IT Services & Consulting,2020-03-30,48.0,2024-03-30,0.0301260203349617,0.0526838080175869,Low,model-estimated recurrence probability,False,,2026-07-09
BOAMP:20-32203,SIREN:794304097,Nantes Métropole,794304097,,SIREN_ENRICHED,IT Services & Consulting,2020-03-06,48.0,2024-03-06,0.0301260203349617,0.0526838080175869,Low,model-estimated recurrence probability,False,,2026-07-09
BOAMP:20-65717,SIREN:445400104,ASSOCIATION E-TOILE,445400104,,SIREN_ENRICHED,IT Services & Consulting,2020-05-20,48.0,2024-05-20,0.0301260203349617,0.0526838080175869,Low,model-estimated recurrence probability,True,,2026-07-09
BOAMP:18-128655,SIREN:234400034,Conseil régional des Pays de la Loire,234400034,,SIREN_ENRICHED,IT Services & Consulting,2019-01-11,48.0,2023-01-11,0.0301153903986243,0.0526656508010091,Low,model-estimated recurrence probability,False,,2026-07-09
BOAMP:18-26430,SIREN:391722881,GIE SESAM Vitale,391722881,,SIREN_ENRICHED,IT Services & Consulting,2019-01-11,48.0,2023-01-11,0.0301153903986243,0.0526656508010091,Low,model-estimated recurrence probability,True,,2026-07-09
BOAMP:18-60137,SIREN:214401093,COMMUNE DE NANTES,214401093,,SIREN_ENRICHED,IT Services & Consulting,2019-04-29,48.0,2023-04-29,0.0301153903986243,0.0526656508010091,Low,model-estimated recurrence probability,False,,2026-07-09
BOAMP:19-103897,SIREN:225300011,DEPARTEMENT DE LA MAYENNE,225300011,,SIREN_ENRICHED,IT Services & Consulting,2019-10-21,48.0,2023-10-21,0.0301153903986243,0.0526656508010091,Low,model-estimated recurrence probability,False,,2026-07-09
BOAMP:19-145053,SIREN:227200029,DEPARTEMENT DE LA SARTHE,227200029,,SIREN_ENRICHED,IT Services & Consulting,2019-09-24,48.0,2023-09-24,0.0301153903986243,0.0526656508010091,Low,model-estimated recurrence probability,False,,2026-07-09
BOAMP:19-16942,SIREN:794304097,Nantes Métropole,794304097,,SIREN_ENRICHED,IT Services & Consulting,2019-04-29,48.0,2023-04-29,0.0301153903986243,0.0526656508010091,Low,model-estimated recurrence probability,False,,2026-07-09
BOAMP:19-48030,SIREN:224900019,Département de Maine-et-Loire,224900019,,SIREN_ENRICHED,IT Services & Consulting,2019-07-02,48.0,2023-07-02,0.0301153903986243,0.0526656508010091,Low,model-estimated recurrence probability,False,,2026-07-09
BOAMP:19-55808,SIREN:538208455,GCS E SANTE PAYS DE LA LOIRE,538208455,,SIREN_ENRICHED,IT Services & Consulting,2019-06-19,48.0,2023-06-19,0.0301153903986243,0.0526656508010091,Low,model-estimated recurrence probability,False,,2026-07-09
BOAMP:19-74485,SIREN:794304097,Nantes Métropole,794304097,,SIREN_ENRICHED,IT Services & Consulting,2019-08-01,48.0,2023-08-01,0.0301153903986243,0.0526656508010091,Low,model-estimated recurrence probability,False,,2026-07-09
BOAMP:19-99589,SIREN:200052702,MAIRIE DE BAUGE EN ANJOU,200052702,,SIREN_ENRICHED,IT Services & Consulting,2019-09-24,48.0,2023-09-24,0.0301153903986243,0.0526656508010091,Low,model-estimated recurrence probability,False,,2026-07-09
BOAMP:17-159373,SIREN:264400136,CHU de Nantes,264400136,,SIREN_ENRICHED,IT Services & Consulting,2018-04-03,48.0,2022-04-03,0.0301047640966262,0.0526474994944475,Low,model-estimated recurrence probability,False,,2026-07-09
BOAMP:18-11225,SIREN:794304097,Nantes Métropole,794304097,,SIREN_ENRICHED,IT Services & Consulting,2018-01-27,48.0,2022-01-27,0.0301047640966262,0.0526474994944475,Low,model-estimated recurrence probability,True,,2026-07-09
BOAMP:18-122920,SIREN:214401846,COMMUNE DE SAINT NAZAIRE,214401846,,SIREN_ENRICHED,IT Services & Consulting,2018-11-29,48.0,2022-11-29,0.0301047640966262,0.0526474994944475,Low,model-estimated recurrence probability,False,,2026-07-09
BOAMP:18-128159,SIREN:794304097,Nantes Métropole,794304097,,SIREN_ENRICHED,IT Services & Consulting,2018-09-15,48.0,2022-09-15,0.0301047640966262,0.0526474994944475,Low,model-estimated recurrence probability,False,,2026-07-09
BOAMP:18-13243,SIREN:194909701,Université d'Angers,194909701,,SIREN_ENRICHED,IT Services & Consulting,2018-04-17,48.0,2022-04-17,0.0301047640966262,0.0526474994944475,Low,model-estimated recurrence probability,False,,2026-07-09
BOAMP:18-15680,SIREN:214401846,Commune de Saint-Nazaire,214401846,,SIREN_ENRICHED,IT Services & Consulting,2018-02-07,48.0,2022-02-07,0.0301047640966262,0.0526474994944475,Low,model-estimated recurrence probability,True,,2026-07-09
BOAMP:18-174875,SIREN:794304097,Nantes Métropole,794304097,,SIREN_ENRICHED,IT Services & Consulting,2018-12-18,48.0,2022-12-18,0.0301047640966262,0.0526474994944475,Low,model-estimated recurrence probability,False,,2026-07-09
BOAMP:18-18602,SIREN:130029747,Université de Nantes,130029747,,SIREN_ENRICHED,IT Services & Consulting,2018-06-14,48.0,2022-06-14,0.0301047640966262,0.0526474994944475,Low,model-estimated recurrence probability,False,,2026-07-09
BOAMP:18-37425,SIREN:130029747,Université de Nantes,130029747,,SIREN_ENRICHED,IT Services & Consulting,2018-07-03,48.0,2022-07-03,0.0301047640966262,0.0526474994944475,Low,model-estimated recurrence probability,False,,2026-07-09
BOAMP:18-53378,SIREN:794304097,Nantes Métropole,794304097,,SIREN_ENRICHED,IT Services & Consulting,2018-04-20,48.0,2022-04-20,0.0301047640966262,0.0526474994944475,Low,model-estimated recurrence probability,False,,2026-07-09
BOAMP:18-54467,SIREN:130029747,Université de Nantes,130029747,,SIREN_ENRICHED,IT Services & Consulting,2018-08-21,48.0,2022-08-21,0.0301047640966262,0.0526474994944475,Low,model-estimated recurrence probability,False,,2026-07-09
BOAMP:18-61256,SIREN:794304097,Nantes Métropole,794304097,,SIREN_ENRICHED,IT Services & Consulting,2018-07-10,48.0,2022-07-10,0.0301047640966262,0.0526474994944475,Low,model-estimated recurrence probability,False,,2026-07-09
BOAMP:16-184210,SIREN:391722881,GIE SESAM Vitale,391722881,,SIREN_ENRICHED,IT Services & Consulting,2017-10-12,48.0,2021-10-12,0.030094141427807,0.0526293540962181,Low,model-estimated recurrence probability,False,,2026-07-09
BOAMP:17-136551,SIREN:130001704,DIR INTERDEPARTEMENTALE ROUTES OUEST,130001704,,SIREN_ENRICHED,IT Services & Consulting,2017-09-30,48.0,2021-09-30,0.030094141427807,0.0526293540962181,Low,model-estimated recurrence probability,False,,2026-07-09
BOAMP:17-179112,SIREN:794304097,Nantes Métropole,794304097,,SIREN_ENRICHED,IT Services & Consulting,2017-12-22,48.0,2021-12-22,0.030094141427807,0.0526293540962181,Low,model-estimated recurrence probability,True,,2026-07-09
BOAMP:17-44758,SIREN:110006012,Ministère des Affaires étrangères,110006012,,SIREN_ENRICHED,IT Services & Consulting,2017-08-23,48.0,2021-08-23,0.030094141427807,0.0526293540962181,Low,model-estimated recurrence probability,False,,2026-07-09
BOAMP:17-61541,SIREN:264400136,CHU de Nantes,264400136,,SIREN_ENRICHED,IT Services & Consulting,2017-07-21,48.0,2021-07-21,0.030094141427807,0.0526293540962181,Low,model-estimated recurrence probability,False,,2026-07-09
BOAMP:17-80194,SIREN:935367433,Conseil départemental Loire-Atlantique,935367433,,SIREN_ENRICHED,IT Services & Consulting,2017-06-08,48.0,2021-06-08,0.030094141427807,0.0526293540962181,Low,model-estimated recurrence probability,False,,2026-07-09
BOAMP:16-100426,SIREN:244900015,Angers Loire Métropole,244900015,,SIREN_ENRICHED,IT Services & Consulting,2016-11-30,48.0,2020-11-30,0.0300835223910066,0.0526112146046373,Low,model-estimated recurrence probability,False,,2026-07-09
BOAMP:16-107267,SIREN:214401846,Commune de Saint-Nazaire,214401846,,SIREN_ENRICHED,IT Services & Consulting,2016-11-09,48.0,2020-11-09,0.0300835223910066,0.0526112146046373,Low,model-estimated recurrence probability,False,,2026-07-09
BOAMP:16-128161,SIREN:794304097,Nantes Métropole,794304097,,SIREN_ENRICHED,IT Services & Consulting,2016-09-09,48.0,2020-09-09,0.0300835223910066,0.0526112146046373,Low,model-estimated recurrence probability,False,,2026-07-09
BOAMP:16-170680,SIREN:264400136,CHU de Nantes,264400136,,SIREN_ENRICHED,IT Services & Consulting,2016-11-25,48.0,2020-11-25,0.0300835223910066,0.0526112146046373,Low,model-estimated recurrence probability,False,,2026-07-09
BOAMP:16-30120,SIREN:391722881,GIE SESAM Vitale,391722881,,SIREN_ENRICHED,IT Services & Consulting,2016-03-02,48.0,2020-03-02,0.0300835223910066,0.0526112146046373,Low,model-estimated recurrence probability,False,,2026-07-09
BOAMP:16-61484,SIREN:234400034,Conseil régional des Pays de la Loire,234400034,,SIREN_ENRICHED,IT Services & Consulting,2016-07-28,48.0,2020-07-28,0.0300835223910066,0.0526112146046373,Low,model-estimated recurrence probability,False,,2026-07-09
BOAMP:16-74130,SIREN:449073014,Syndicat Vendée des Iles,449073014,,SIREN_ENRICHED,IT Services & Consulting,2016-07-26,48.0,2020-07-26,0.0300835223910066,0.0526112146046373,Low,model-estimated recurrence probability,False,,2026-07-09
BOAMP:15-115709,SIREN:214401846,Commune de Saint-Nazaire,214401846,,SIREN_ENRICHED,IT Services & Consulting,2015-11-26,48.0,2019-11-26,0.0300729069850651,0.0525930810180216,Low,model-estimated recurrence probability,False,,2026-07-09
BOAMP:15-141361,SIREN:234400034,Conseil régional des Pays de la Loire,234400034,,SIREN_ENRICHED,IT Services & Consulting,2015-12-07,48.0,2019-12-07,0.0300729069850651,0.0525930810180216,Low,model-estimated recurrence probability,False,,2026-07-09
BOAMP:15-47696,SIREN:110006012,Ministère des Affaires étrangères,110006012,,SIREN_ENRICHED,IT Services & Consulting,2015-03-30,48.0,2019-03-30,0.0300729069850651,0.0525930810180216,Low,model-estimated recurrence probability,False,,2026-07-09
BOAMP:15-52664,SIREN:110006012,Ministère des Affaires étrangères,110006012,,SIREN_ENRICHED,IT Services & Consulting,2015-04-08,48.0,2019-04-08,0.0300729069850651,0.0525930810180216,Low,model-estimated recurrence probability,False,,2026-07-09
BOAMP:15-59370,SIREN:264400136,CHU de Nantes,264400136,,SIREN_ENRICHED,IT Services & Consulting,2015-04-20,48.0,2019-04-20,0.0300729069850651,0.0525930810180216,Low,model-estimated recurrence probability,False,,2026-07-09
BOAMP:18-137945,NAME:ville ecouflant,Ville d'Ecouflant,,,NAME,Cloud & Infrastructure,2018-10-03,3.0,2019-01-03,0.0300179979828558,0.052499278903719,Low,model-estimated recurrence probability,False,name_fallback_buyer_key;missing_siren_siret;missing_cpv;,2026-07-09
BOAMP:18-25344,NAME:conseil general vendee,Conseil général de la Vendée,,,NAME,GIS & Mapping,2018-02-21,3.0,2018-05-21,0.0300179979828558,0.052499278903719,Low,model-estimated recurrence probability,False,name_fallback_buyer_key;missing_siren_siret;missing_cpv;,2026-07-09
BOAMP:22-58525,NAME:communaute communes nozay,Communauté de Communes de Nozay,,,NAME,IT Services & Consulting,2022-09-09,18.0,2024-03-09,0.0298675170491138,0.0522421686322309,Low,model-estimated recurrence probability,False,name_fallback_buyer_key;missing_siren_siret;,2026-07-09
BOAMP:21-114338,NAME:cc pays st fulgent essarts,CC DU PAYS DE ST FULGENT LES ESSARTS,,,NAME,IT Services & Consulting,2021-08-24,18.0,2023-02-24,0.0298569755174792,0.0522241552334544,Low,model-estimated recurrence probability,False,name_fallback_buyer_key;missing_siren_siret;,2026-07-09
BOAMP:19-172484,NAME:spr pays loire,SPR Pays de la Loire,,,NAME,IT Services & Consulting,2020-02-10,18.0,2021-08-10,0.0298464375919403,0.0522061477036684,Low,model-estimated recurrence probability,True,name_fallback_buyer_key;missing_siren_siret;,2026-07-09
BOAMP:22-58162,SIREN:200071165,CA LES SABLES D OLONNE AGGLOMERATION,200071165,,SIREN_ENRICHED,Unknown,2023-01-25,28.0,2025-05-25,0.0297653655261016,0.0520675994744215,Low,model-estimated recurrence probability,False,,2026-07-09
BOAMP:25-15725,NAME:semitan mandataire nantes metropole,"SEMITAN, mandataire de Nantes Métropole",,,NAME,Data & AI,2025-02-12,4.0,2025-06-12,0.0297627957774837,0.0520632076149788,Low,model-estimated recurrence probability,False,name_fallback_buyer_key;missing_siren_siret;,2026-07-09
BOAMP:25-32499,NAME:audencia eesc,AUDENCIA EESC,,,NAME,Data & AI,2025-03-23,4.0,2025-07-23,0.0297627957774837,0.0520632076149788,Low,model-estimated recurrence probability,False,name_fallback_buyer_key;missing_siren_siret;,2026-07-09
BOAMP:16-5206,SIREN:214401846,Commune de Saint-Nazaire,214401846,,SIREN_ENRICHED,Unknown,2016-01-14,28.0,2018-05-14,0.0296918948928459,0.0519420267391576,Low,model-estimated recurrence probability,False,missing_cpv;,2026-07-09
BOAMP:22-52158,NAME:cd 44,CD 44,,,NAME,IT Services & Consulting,2022-04-11,19.0,2023-11-11,0.0295404477957763,0.0516831351358098,Low,model-estimated recurrence probability,False,name_fallback_buyer_key;missing_siren_siret;,2026-07-09
BOAMP:22-105832,SIREN:228500013,Département de la Vendée,228500013,,SIREN_ENRICHED,Digital Workplace & Collaboration,2022-07-28,36.0,2025-07-28,0.0293561557618823,0.0513680149686898,Low,model-estimated recurrence probability,False,,2026-07-09
BOAMP:22-82985,SIREN:840423198,ANGERS LOIRE ECO,840423198,,SIREN_ENRICHED,Digital Workplace & Collaboration,2022-06-14,36.0,2025-06-14,0.0293561557618823,0.0513680149686898,Low,model-estimated recurrence probability,False,,2026-07-09
BOAMP:17-115598,NAME:drac pays loire,DRAC Pays de la Loire,,,NAME,Data & AI,2017-08-12,5.0,2018-01-12,0.0293537849831323,0.0513639605996166,Low,model-estimated recurrence probability,False,name_fallback_buyer_key;missing_siren_siret;,2026-07-09
BOAMP:20-119807,SIREN:200071876,CA SAUMUR VAL DE LOIRE,200071876,,SIREN_ENRICHED,IT Maintenance & Support,2020-10-01,36.0,2023-10-01,0.0293354262926274,0.0513325641232672,Low,model-estimated recurrence probability,False,missing_cpv;,2026-07-09
BOAMP:20-58079,SIREN:228500013,Département de la Vendée,228500013,,SIREN_ENRICHED,IT Maintenance & Support,2020-08-20,36.0,2023-08-20,0.0293354262926274,0.0513325641232672,Low,model-estimated recurrence probability,False,,2026-07-09
BOAMP:16-158195,SIREN:218502268,Ville de Saint-Hilaire-de-Riez,218502268,,SIREN_ENRICHED,Digital Workplace & Collaboration,2016-10-28,36.0,2019-10-28,0.029294009932313,0.051261731847744,Low,model-estimated recurrence probability,False,,2026-07-09
BOAMP:22-102191,NAME:rectorat division scus,Rectorat Division Scus,,,NAME,Telecom & Networks,2022-07-24,1.0,2022-08-24,0.0291972458895928,0.0510962236041719,Low,model-estimated recurrence probability,False,name_fallback_buyer_key;missing_siren_siret;,2026-07-09
BOAMP:17-19635,NAME:mairie croisic,Mairie du croisic,,,NAME,Telecom & Networks,2017-02-11,1.0,2017-03-11,0.0291457207977576,0.0510080833791676,Low,model-estimated recurrence probability,False,name_fallback_buyer_key;missing_siren_siret;,2026-07-09
BOAMP:22-55871,SIREN:200055812,Commune Bagnoles de l'Orne Normandie,200055812,,SIREN_ENRICHED,Unknown,2022-10-26,30.0,2025-04-26,0.02910657482264,0.0509411145169819,Low,model-estimated recurrence probability,False,,2026-07-09
BOAMP:24-64515,NAME:groupement transamo cenovia,GROUPEMENT TRANSAMO - CENOVIA,,,NAME,Data & AI,2024-06-05,6.0,2024-12-05,0.0291040602436419,0.0509368125698611,Low,model-estimated recurrence probability,False,name_fallback_buyer_key;missing_siren_siret;,2026-07-09
BOAMP:23-130718,SIREN:214401846,COMMUNE DE SAINT NAZAIRE,214401846,,SIREN_ENRICHED,Software & Applications,2023-09-22,12.0,2024-09-22,0.0289593659875341,0.0506892411685482,Low,model-estimated recurrence probability,False,,2026-07-09
BOAMP:22-162609,SIREN:244900015,Angers Loire Métropole,244900015,,SIREN_ENRICHED,Software & Applications,2022-12-09,12.0,2023-12-09,0.0289491354168672,0.0506717345998511,Low,model-estimated recurrence probability,False,,2026-07-09
BOAMP:22-25102,SIREN:234400034,Conseil régional des Pays de la Loire,234400034,,SIREN_ENRICHED,Software & Applications,2022-07-04,12.0,2023-07-04,0.0289491354168672,0.0506717345998511,Low,model-estimated recurrence probability,False,,2026-07-09
BOAMP:22-29878,SIREN:234400034,Conseil régional des Pays de la Loire,234400034,,SIREN_ENRICHED,Software & Applications,2022-07-11,12.0,2023-07-11,0.0289491354168672,0.0506717345998511,Low,model-estimated recurrence probability,True,,2026-07-09
BOAMP:22-32770,SIREN:234400034,Conseil régional des Pays de la Loire,234400034,,SIREN_ENRICHED,Software & Applications,2022-03-05,12.0,2023-03-05,0.0289491354168672,0.0506717345998511,Low,model-estimated recurrence probability,False,,2026-07-09
BOAMP:21-101248,SIREN:214401846,COMMUNE DE SAINT NAZAIRE,214401846,,SIREN_ENRICHED,Software & Applications,2021-11-03,12.0,2022-11-03,0.0289389083526779,0.0506542337547848,Low,model-estimated recurrence probability,False,,2026-07-09
BOAMP:21-88617,SIREN:200071876,CA SAUMUR VAL DE LOIRE,200071876,,SIREN_ENRICHED,Software & Applications,2021-06-30,12.0,2022-06-30,0.0289389083526779,0.0506542337547848,Low,model-estimated recurrence probability,True,,2026-07-09
BOAMP:20-54626,SIREN:180043010,Réseau Canopé,180043010,,SIREN_ENRICHED,Software & Applications,2020-04-22,12.0,2021-04-22,0.0289286847938405,0.0506367386317007,Low,model-estimated recurrence probability,False,,2026-07-09
BOAMP:20-65753,SIREN:234400034,Conseil régional des Pays de la Loire,234400034,,SIREN_ENRICHED,Software & Applications,2020-07-22,12.0,2021-07-22,0.0289286847938405,0.0506367386317007,Low,model-estimated recurrence probability,False,,2026-07-09
BOAMP:20-96647,SIREN:214401432,COMMUNE DE REZE,214401432,,SIREN_ENRICHED,Software & Applications,2020-11-02,12.0,2021-11-02,0.0289286847938405,0.0506367386317007,Low,model-estimated recurrence probability,False,,2026-07-09
BOAMP:19-159241,SIREN:130013097,ECOLE NATIONALE SUPERIEURE MARITIME,130013097,,SIREN_ENRICHED,Software & Applications,2019-10-20,12.0,2020-10-20,0.0289184647392296,0.0506192492289505,Low,model-estimated recurrence probability,False,,2026-07-09
BOAMP:19-8916,SIREN:244900015,Angers Loire Métropole,244900015,,SIREN_ENRICHED,Software & Applications,2019-01-17,12.0,2020-01-17,0.0289184647392296,0.0506192492289505,Low,model-estimated recurrence probability,False,,2026-07-09
BOAMP:18-110102,SIREN:218500478,Commune de Challans,218500478,,SIREN_ENRICHED,Software & Applications,2018-10-23,12.0,2019-10-23,0.0289082481877198,0.0506017655448868,Low,model-estimated recurrence probability,False,,2026-07-09
BOAMP:18-46804,SIREN:234400034,Conseil régional des Pays de la Loire,234400034,,SIREN_ENRICHED,Software & Applications,2018-04-05,12.0,2019-04-05,0.0289082481877198,0.0506017655448868,Low,model-estimated recurrence probability,False,,2026-07-09
BOAMP:18-96470,SIREN:935367433,Conseil départemental Loire-Atlantique,935367433,,SIREN_ENRICHED,Software & Applications,2018-12-04,12.0,2019-12-04,0.0289082481877198,0.0506017655448868,Low,model-estimated recurrence probability,False,,2026-07-09
BOAMP:16-146809,SIREN:268502424,C.H.D La Roche Sur Yon-Luçon-Montaigu,268502424,,SIREN_ENRICHED,Software & Applications,2017-04-18,12.0,2018-04-18,0.0288980351381866,0.0505842875778617,Low,model-estimated recurrence probability,True,,2026-07-09
BOAMP:17-100105,SIREN:214401846,Commune de Saint-Nazaire,214401846,,SIREN_ENRICHED,Software & Applications,2017-11-15,12.0,2018-11-15,0.0288980351381866,0.0505842875778617,Low,model-estimated recurrence probability,True,,2026-07-09
BOAMP:17-109941,SIREN:214401846,Commune de Saint-Nazaire,214401846,,SIREN_ENRICHED,Software & Applications,2017-11-13,12.0,2018-11-13,0.0288980351381866,0.0505842875778617,Low,model-estimated recurrence probability,False,,2026-07-09
BOAMP:17-118765,SIREN:234400034,Conseil régional des Pays de la Loire,234400034,,SIREN_ENRICHED,Software & Applications,2017-12-14,12.0,2018-12-14,0.0288980351381866,0.0505842875778617,Low,model-estimated recurrence probability,False,,2026-07-09
BOAMP:17-85294,SIREN:391722881,GIE SESAM Vitale,391722881,,SIREN_ENRICHED,Software & Applications,2017-06-21,12.0,2018-06-21,0.0288980351381866,0.0505842875778617,Low,model-estimated recurrence probability,False,,2026-07-09
BOAMP:17-85841,SIREN:234400034,Conseil régional des Pays de la Loire,234400034,,SIREN_ENRICHED,Software & Applications,2017-10-23,12.0,2018-10-23,0.0288980351381866,0.0505842875778617,Low,model-estimated recurrence probability,False,,2026-07-09
BOAMP:16-109017,SIREN:391722881,GIE SESAM Vitale,391722881,,SIREN_ENRICHED,Software & Applications,2016-07-22,12.0,2017-07-22,0.0288878255895053,0.050566815326228,Low,model-estimated recurrence probability,False,,2026-07-09
BOAMP:16-26260,SIREN:214400269,Ville de Carquefou,214400269,,SIREN_ENRICHED,Software & Applications,2016-06-09,12.0,2017-06-09,0.0288878255895053,0.050566815326228,Low,model-estimated recurrence probability,False,,2026-07-09
BOAMP:16-54252,SIREN:200054302,MONTREVAULT-SUR-ÈVRE,200054302,,SIREN_ENRICHED,Software & Applications,2016-04-15,12.0,2017-04-15,0.0288878255895053,0.050566815326228,Low,model-estimated recurrence probability,True,,2026-07-09
BOAMP:16-96174,SIREN:234400034,Conseil régional des Pays de la Loire,234400034,,SIREN_ENRICHED,Software & Applications,2016-10-18,12.0,2017-10-18,0.0288878255895053,0.050566815326228,Low,model-estimated recurrence probability,False,,2026-07-09
BOAMP:15-150393,SIREN:794885913,Saumur Agglopropreté,794885913,,SIREN_ENRICHED,Software & Applications,2015-10-05,12.0,2016-10-05,0.0288776195405517,0.0505493487883391,Low,model-estimated recurrence probability,True,,2026-07-09
BOAMP:15-159244,SIREN:794304097,Nantes Métropole,794304097,,SIREN_ENRICHED,Software & Applications,2015-10-23,12.0,2016-10-23,0.0288776195405517,0.0505493487883391,Low,model-estimated recurrence probability,True,,2026-07-09
BOAMP:22-15926,NAME:garnache,LA GARNACHE,,,NAME,Telecom & Networks,2022-01-31,3.0,2022-04-30,0.0285607531411314,0.0500069294609102,Low,model-estimated recurrence probability,False,name_fallback_buyer_key;missing_siren_siret;,2026-07-09
BOAMP:21-122032,SIREN:794304097,Nantes Métropole,794304097,,SIREN_ENRICHED,IT Services & Consulting,2022-01-06,48.0,2026-01-06,0.028482773574922,0.0498734014687431,Low,duration imputed,True,,2026-07-09
BOAMP:20-27358,SIREN:391722881,GIE SESAM Vitale,391722881,,SIREN_ENRICHED,IT Services & Consulting,2021-01-06,48.0,2025-01-06,0.0284727064347849,0.0498561618690986,Low,duration imputed,False,,2026-07-09
BOAMP:21-113953,SIREN:264400136,CHU de Nantes,264400136,,SIREN_ENRICHED,IT Services & Consulting,2021-08-20,48.0,2025-08-20,0.0284727064347849,0.0498561618690986,Low,duration imputed,False,,2026-07-09
BOAMP:21-117181,SIREN:753000611,SATT OUEST VALORISATION,753000611,,SIREN_ENRICHED,IT Services & Consulting,2021-08-31,48.0,2025-08-31,0.0284727064347849,0.0498561618690986,Low,duration imputed,False,,2026-07-09
BOAMP:21-117615,SIREN:264400136,CHU de Nantes,264400136,,SIREN_ENRICHED,IT Services & Consulting,2021-09-01,48.0,2025-09-01,0.0284727064347849,0.0498561618690986,Low,duration imputed,False,,2026-07-09
BOAMP:21-156574,SIREN:227200029,DEPARTEMENT DE LA SARTHE,227200029,,SIREN_ENRICHED,IT Services & Consulting,2021-11-26,48.0,2025-11-26,0.0284727064347849,0.0498561618690986,Low,duration imputed,False,,2026-07-09
BOAMP:21-160384,SIREN:546650169,Vendée Expansion,546650169,,SIREN_ENRICHED,IT Services & Consulting,2021-12-06,48.0,2025-12-06,0.0284727064347849,0.0498561618690986,Low,duration imputed,False,,2026-07-09
BOAMP:21-51441,SIREN:379774177,CIF GIE GEIPCI,379774177,,SIREN_ENRICHED,IT Services & Consulting,2021-04-18,48.0,2025-04-18,0.0284727064347849,0.0498561618690986,Low,duration imputed,True,,2026-07-09
BOAMP:21-74412,SIREN:244900015,Angers Loire Métropole,244900015,,SIREN_ENRICHED,IT Services & Consulting,2021-06-11,48.0,2025-06-11,0.0284727064347849,0.0498561618690986,Low,duration imputed,False,,2026-07-09
BOAMP:21-7561,SIREN:794304097,Nantes Métropole,794304097,,SIREN_ENRICHED,IT Services & Consulting,2021-01-18,48.0,2025-01-18,0.0284727064347849,0.0498561618690986,Low,duration imputed,False,,2026-07-09
BOAMP:21-78563,SIREN:264400136,CHU de Nantes,264400136,,SIREN_ENRICHED,IT Services & Consulting,2021-06-09,48.0,2025-06-09,0.0284727064347849,0.0498561618690986,Low,duration imputed,False,,2026-07-09
BOAMP:21-83160,SIREN:244900015,Angers Loire Métropole,244900015,,SIREN_ENRICHED,IT Services & Consulting,2021-06-25,48.0,2025-06-25,0.0284727064347849,0.0498561618690986,Low,duration imputed,False,,2026-07-09
BOAMP:19-181393,SIREN:228500013,Département de la Vendée,228500013,,SIREN_ENRICHED,IT Services & Consulting,2020-03-11,48.0,2024-03-11,0.0284626427485997,0.0498389279160302,Low,duration imputed,False,,2026-07-09
BOAMP:20-115620,SIREN:214401093,COMMUNE DE NANTES,214401093,,SIREN_ENRICHED,IT Services & Consulting,2020-09-22,48.0,2024-09-22,0.0284626427485997,0.0498389279160302,Low,duration imputed,False,,2026-07-09
BOAMP:20-115663,SIREN:794304097,Nantes Métropole,794304097,,SIREN_ENRICHED,IT Services & Consulting,2020-09-22,48.0,2024-09-22,0.0284626427485997,0.0498389279160302,Low,duration imputed,False,,2026-07-09
BOAMP:20-26328,SIREN:794304097,Nantes Métropole,794304097,,SIREN_ENRICHED,IT Services & Consulting,2020-09-28,48.0,2024-09-28,0.0284626427485997,0.0498389279160302,Low,duration imputed,False,,2026-07-09
BOAMP:20-31844,SIREN:130029747,Université de Nantes,130029747,,SIREN_ENRICHED,IT Services & Consulting,2020-06-03,48.0,2024-06-03,0.0284626427485997,0.0498389279160302,Low,duration imputed,False,,2026-07-09
BOAMP:20-50446,SIREN:264400136,CHU de Nantes,264400136,,SIREN_ENRICHED,IT Services & Consulting,2020-11-04,48.0,2024-11-04,0.0284626427485997,0.0498389279160302,Low,duration imputed,True,,2026-07-09
BOAMP:20-91874,SIREN:317665420,DRAGAGES PORTS,317665420,,SIREN_ENRICHED,IT Services & Consulting,2020-07-17,48.0,2024-07-17,0.0284626427485997,0.0498389279160302,Low,duration imputed,False,,2026-07-09
BOAMP:19-104228,SIREN:214401622,Commune de Saint-Herblain,214401622,,SIREN_ENRICHED,IT Services & Consulting,2019-07-05,48.0,2023-07-05,0.0284525825152549,0.0498216996079047,Low,duration imputed,False,,2026-07-09
BOAMP:19-174809,SIREN:227200029,DEPARTEMENT DE LA SARTHE,227200029,,SIREN_ENRICHED,IT Services & Consulting,2019-11-20,48.0,2023-11-20,0.0284525825152549,0.0498216996079047,Low,duration imputed,False,,2026-07-09
BOAMP:19-35566,SIREN:244900015,Angers Loire Métropole,244900015,,SIREN_ENRICHED,IT Services & Consulting,2019-03-07,48.0,2023-03-07,0.0284525825152549,0.0498216996079047,Low,duration imputed,False,,2026-07-09
BOAMP:19-8964,SIREN:227200029,DEPARTEMENT DE LA SARTHE,227200029,,SIREN_ENRICHED,IT Services & Consulting,2019-01-17,48.0,2023-01-17,0.0284525825152549,0.0498216996079047,Low,duration imputed,False,,2026-07-09
BOAMP:19-95263,SIREN:217200955,ville de Coulaines,217200955,,SIREN_ENRICHED,IT Services & Consulting,2019-06-20,48.0,2023-06-20,0.0284525825152549,0.0498216996079047,Low,duration imputed,False,,2026-07-09
BOAMP:24-106616,NAME:saint nazaire agglomeration carene,Saint-Nazaire Agglomération -  la CARENE,,,NAME,Cybersecurity,2024-09-20,5.0,2025-02-20,0.0284476890302599,0.049813319340869,Low,model-estimated recurrence probability,False,name_fallback_buyer_key;missing_siren_siret;,2026-07-09
BOAMP:24-107102,NAME:saint nazaire agglomeration carene,Saint-Nazaire Agglomération -  la CARENE,,,NAME,Cybersecurity,2024-09-22,5.0,2025-02-22,0.0284476890302599,0.049813319340869,Low,model-estimated recurrence probability,False,name_fallback_buyer_key;missing_siren_siret;,2026-07-09
BOAMP:24-114124,NAME:saint nazaire agglomeration carene,Saint-Nazaire Agglomération -  la CARENE,,,NAME,Cybersecurity,2024-10-09,5.0,2025-03-09,0.0284476890302599,0.049813319340869,Low,model-estimated recurrence probability,False,name_fallback_buyer_key;missing_siren_siret;,2026-07-09
BOAMP:17-158731,SIREN:228500013,Département de la Vendée,228500013,,SIREN_ENRICHED,IT Services & Consulting,2018-02-27,48.0,2022-02-27,0.0284425257336397,0.0498044769430888,Low,duration imputed,False,,2026-07-09
BOAMP:18-12119,SIREN:234400034,Conseil régional des Pays de la Loire,234400034,,SIREN_ENRICHED,IT Services & Consulting,2018-04-27,48.0,2022-04-27,0.0284425257336397,0.0498044769430888,Low,duration imputed,False,,2026-07-09
BOAMP:18-121819,SIREN:264400136,CHU de Nantes,264400136,,SIREN_ENRICHED,IT Services & Consulting,2018-08-30,48.0,2022-08-30,0.0284425257336397,0.0498044769430888,Low,duration imputed,False,,2026-07-09
BOAMP:18-123694,SIREN:227200029,DEPARTEMENT DE LA SARTHE,227200029,,SIREN_ENRICHED,IT Services & Consulting,2018-09-04,48.0,2022-09-04,0.0284425257336397,0.0498044769430888,Low,duration imputed,False,,2026-07-09
BOAMP:18-126368,SIREN:227200029,DEPARTEMENT DE LA SARTHE,227200029,,SIREN_ENRICHED,IT Services & Consulting,2018-11-12,48.0,2022-11-12,0.0284425257336397,0.0498044769430888,Low,duration imputed,False,,2026-07-09
BOAMP:18-127908,SIREN:227200029,DEPARTEMENT DE LA SARTHE,227200029,,SIREN_ENRICHED,IT Services & Consulting,2018-09-13,48.0,2022-09-13,0.0284425257336397,0.0498044769430888,Low,duration imputed,False,,2026-07-09
BOAMP:18-58630,SIREN:227200029,DEPARTEMENT DE LA SARTHE,227200029,,SIREN_ENRICHED,IT Services & Consulting,2018-07-02,48.0,2022-07-02,0.0284425257336397,0.0498044769430888,Low,duration imputed,False,,2026-07-09
BOAMP:18-76556,SIREN:264400136,CHU de Nantes,264400136,,SIREN_ENRICHED,IT Services & Consulting,2018-06-06,48.0,2022-06-06,0.0284425257336397,0.0498044769430888,Low,duration imputed,False,,2026-07-09
BOAMP:17-102482,SIREN:264400136,CHU de Nantes,264400136,,SIREN_ENRICHED,IT Services & Consulting,2017-07-18,48.0,2021-07-18,0.0284324724026431,0.04978725991995,Low,duration imputed,False,,2026-07-09
BOAMP:17-15684,SIREN:214401846,Commune de Saint-Nazaire,214401846,,SIREN_ENRICHED,IT Services & Consulting,2017-02-03,48.0,2021-02-03,0.0284324724026431,0.04978725991995,Low,duration imputed,False,,2026-07-09
BOAMP:17-20659,SIREN:288500010,SDIS 85,288500010,,SIREN_ENRICHED,IT Services & Consulting,2017-05-02,48.0,2021-05-02,0.0284324724026431,0.04978725991995,Low,duration imputed,True,,2026-07-09
BOAMP:17-40324,SIREN:247200132,Le Mans Métropole - Communauté Urbaine,247200132,,SIREN_ENRICHED,IT Services & Consulting,2017-07-10,48.0,2021-07-10,0.0284324724026431,0.04978725991995,Low,duration imputed,False,,2026-07-09
BOAMP:17-8714,SIREN:227200029,Département de la Sarthe,227200029,,SIREN_ENRICHED,IT Services & Consulting,2017-01-19,48.0,2021-01-19,0.0284324724026431,0.04978725991995,Low,duration imputed,False,,2026-07-09
BOAMP:17-93666,SIREN:264400136,CHU de Nantes,264400136,,SIREN_ENRICHED,IT Services & Consulting,2017-07-03,48.0,2021-07-03,0.0284324724026431,0.04978725991995,Low,duration imputed,False,,2026-07-09
BOAMP:16-127032,SIREN:227200029,Département de la Sarthe,227200029,,SIREN_ENRICHED,IT Services & Consulting,2016-12-07,48.0,2020-12-07,0.0284224225211547,0.0497700485368557,Low,duration imputed,False,,2026-07-09
BOAMP:16-128900,SIREN:200033298,COMMUNAUTE de COMMUNES des COEVRONS,200033298,,SIREN_ENRICHED,IT Services & Consulting,2016-09-02,48.0,2020-09-02,0.0284224225211547,0.0497700485368557,Low,duration imputed,False,,2026-07-09
BOAMP:16-48232,SIREN:391722881,GIE SESAM Vitale,391722881,,SIREN_ENRICHED,IT Services & Consulting,2016-03-31,48.0,2020-03-31,0.0284224225211547,0.0497700485368557,Low,duration imputed,False,,2026-07-09
BOAMP:16-57562,SIREN:244900015,Angers Loire Métropole,244900015,,SIREN_ENRICHED,IT Services & Consulting,2016-04-25,48.0,2020-04-25,0.0284224225211547,0.0497700485368557,Low,duration imputed,False,,2026-07-09
BOAMP:16-61061,SIREN:227200029,Département de la Sarthe,227200029,,SIREN_ENRICHED,IT Services & Consulting,2016-04-29,48.0,2020-04-29,0.0284224225211547,0.0497700485368557,Low,duration imputed,False,,2026-07-09
BOAMP:16-72442,SIREN:264400136,CHU de Nantes,264400136,,SIREN_ENRICHED,IT Services & Consulting,2016-11-16,48.0,2020-11-16,0.0284224225211547,0.0497700485368557,Low,duration imputed,False,,2026-07-09
BOAMP:16-73319,SIREN:214401846,Commune de Saint-Nazaire,214401846,,SIREN_ENRICHED,IT Services & Consulting,2016-09-09,48.0,2020-09-09,0.0284224225211547,0.0497700485368557,Low,duration imputed,False,,2026-07-09
BOAMP:16-74267,SIREN:214401093,Ville de Nantes,214401093,,SIREN_ENRICHED,IT Services & Consulting,2016-05-28,48.0,2020-05-28,0.0284224225211547,0.0497700485368557,Low,duration imputed,False,,2026-07-09
BOAMP:15-160688,SIREN:532458809,Ville d'Angers,532458809,,SIREN_ENRICHED,IT Services & Consulting,2015-10-20,48.0,2019-10-20,0.0284123760880645,0.0497528427921739,Low,duration imputed,False,,2026-07-09
BOAMP:15-164187,SIREN:391722881,GIE SESAM Vitale,391722881,,SIREN_ENRICHED,IT Services & Consulting,2015-10-28,48.0,2019-10-28,0.0284123760880645,0.0497528427921739,Low,duration imputed,False,,2026-07-09
BOAMP:15-174987,SIREN:244900015,Angers Loire Métropole,244900015,,SIREN_ENRICHED,IT Services & Consulting,2015-11-18,48.0,2019-11-18,0.0284123760880645,0.0497528427921739,Low,duration imputed,False,,2026-07-09
BOAMP:15-189271,SIREN:227200029,Département de la Sarthe,227200029,,SIREN_ENRICHED,IT Services & Consulting,2015-12-18,48.0,2019-12-18,0.0284123760880645,0.0497528427921739,Low,duration imputed,False,,2026-07-09
BOAMP:15-50314,SIREN:110006012,Ministère des Affaires étrangères,110006012,,SIREN_ENRICHED,IT Services & Consulting,2015-04-02,48.0,2019-04-02,0.0284123760880645,0.0497528427921739,Low,duration imputed,False,,2026-07-09
BOAMP:15-78916,SIREN:264400136,CHU de Nantes,264400136,,SIREN_ENRICHED,IT Services & Consulting,2015-05-22,48.0,2019-05-22,0.0284123760880645,0.0497528427921739,Low,duration imputed,False,,2026-07-09
BOAMP:15-83632,SIREN:264400136,CHU de Nantes,264400136,,SIREN_ENRICHED,IT Services & Consulting,2015-06-03,48.0,2019-06-03,0.0284123760880645,0.0497528427921739,Low,duration imputed,False,,2026-07-09
BOAMP:15-90549,SIREN:242900769,Concarneau Cornouaille Agglomération,242900769,,SIREN_ENRICHED,IT Services & Consulting,2015-06-15,48.0,2019-06-15,0.0284123760880645,0.0497528427921739,Low,duration imputed,False,,2026-07-09
BOAMP:15-92216,SIREN:264400136,CHU de Nantes,264400136,,SIREN_ENRICHED,IT Services & Consulting,2015-06-16,48.0,2019-06-16,0.0284123760880645,0.0497528427921739,Low,duration imputed,False,,2026-07-09
BOAMP:15-96870,SIREN:244900015,Angers Loire Métropole,244900015,,SIREN_ENRICHED,IT Services & Consulting,2015-06-25,48.0,2019-06-25,0.0284123760880645,0.0497528427921739,Low,duration imputed,False,,2026-07-09
BOAMP:19-88976,NAME:com agglo reg nazairienne estuaire,COM D AGGLO REG NAZAIRIENNE ESTUAIRE,,,NAME,Cybersecurity,2019-09-20,5.0,2020-02-20,0.0283974480069268,0.0497272761349,Low,model-estimated recurrence probability,False,name_fallback_buyer_key;missing_siren_siret;,2026-07-09
BOAMP:19-160506,SIREN:200054336,COMMUNE DE MAUGES SUR LOIRE,200054336,,SIREN_ENRICHED,Cybersecurity,2020-01-09,36.0,2023-01-09,0.0283596098661864,0.0496624697990801,Low,model-estimated recurrence probability,False,,2026-07-09
BOAMP:20-9474,SIREN:935367433,Conseil départemental Loire-Atlantique,935367433,,SIREN_ENRICHED,Cybersecurity,2020-01-21,36.0,2023-01-21,0.0283596098661864,0.0496624697990801,Low,model-estimated recurrence probability,False,,2026-07-09
BOAMP:16-153677,SIREN:214401432,Ville de Rezé,214401432,,SIREN_ENRICHED,Cybersecurity,2016-10-20,36.0,2019-10-20,0.028319530989338,0.0495938215630883,Low,model-estimated recurrence probability,False,,2026-07-09
BOAMP:25-88046,NAME:audencia eesc,AUDENCIA EESC,,,NAME,Telecom & Networks,2025-08-02,4.0,2025-12-02,0.0282775570189506,0.0495219227963162,Low,model-estimated recurrence probability,False,name_fallback_buyer_key;missing_siren_siret;,2026-07-09
BOAMP:17-35545,SIREN:264400136,CHU de Nantes,264400136,,SIREN_ENRICHED,Software & Applications,2017-07-28,14.0,2018-09-28,0.0282678751813513,0.0495053377561567,Low,model-estimated recurrence probability,False,,2026-07-09
BOAMP:23-31948,NAME:soc publique reg abe fontevraud,SOC PUBLIQUE REG ABE DE FONTEVRAUD,,,NAME,Telecom & Networks,2023-05-11,4.0,2023-09-11,0.0282575670152661,0.0494876795390042,Low,model-estimated recurrence probability,False,name_fallback_buyer_key;missing_siren_siret;,2026-07-09
BOAMP:23-56091,NAME:ubs,UBS,,,NAME,Telecom & Networks,2023-04-26,4.0,2023-08-26,0.0282575670152661,0.0494876795390042,Low,model-estimated recurrence probability,False,name_fallback_buyer_key;missing_siren_siret;,2026-07-09
BOAMP:22-28887,NAME:soc publique reg abe fontevraud,SOC PUBLIQUE REG ABE DE FONTEVRAUD,,,NAME,Telecom & Networks,2022-04-22,4.0,2022-08-22,0.0282475771592423,0.0494705663285709,Low,model-estimated recurrence probability,False,name_fallback_buyer_key;missing_siren_siret;,2026-07-09
BOAMP:20-56877,NAME:ville ecouflant,Ville d'Ecouflant,,,NAME,Telecom & Networks,2020-04-24,4.0,2020-08-24,0.0282276077333074,0.0494363567360179,Low,model-estimated recurrence probability,False,name_fallback_buyer_key;missing_siren_siret;,2026-07-09
BOAMP:18-87467,NAME:sna ouest,SNA/ouest,,,NAME,Telecom & Networks,2018-08-09,4.0,2018-12-09,0.0282076520148277,0.0494021695703771,Low,model-estimated recurrence probability,False,name_fallback_buyer_key;missing_siren_siret;,2026-07-09
BOAMP:19-163024,SIREN:391722881,GIE SESAM Vitale,391722881,,SIREN_ENRICHED,IT Services & Consulting,2020-08-03,54.0,2025-02-03,0.0281989658458445,0.0493872885188942,Low,model-estimated recurrence probability,False,,2026-07-09
BOAMP:23-109005,SIREN:555650308,SPL Laval Mayenne Aménagements,555650308,,SIREN_ENRICHED,Software & Applications,2023-08-01,15.0,2024-11-01,0.028017211235136,0.0490758626142281,Low,model-estimated recurrence probability,True,,2026-07-09
BOAMP:22-113812,NAME:semitan mandataire nantes metropole,SEMITAN mandataire de Nantes Métropole,,,NAME,IT Services & Consulting,2023-02-15,24.0,2025-02-15,0.0279664113470554,0.0489888043206386,Low,model-estimated recurrence probability,False,name_fallback_buyer_key;missing_siren_siret;,2026-07-09
BOAMP:23-161829,NAME:e collectivites vendee,e-Collectivités Vendée,,,NAME,IT Services & Consulting,2023-11-19,24.0,2025-11-19,0.0279664113470554,0.0489888043206386,Low,model-estimated recurrence probability,False,name_fallback_buyer_key;missing_siren_siret;,2026-07-09
BOAMP:23-20884,NAME:cnieg,CNIEG,,,NAME,IT Services & Consulting,2023-10-06,24.0,2025-10-06,0.0279664113470554,0.0489888043206386,Low,model-estimated recurrence probability,False,name_fallback_buyer_key;missing_siren_siret;,2026-07-09
BOAMP:23-43763,NAME:cnieg,CNIEG,,,NAME,IT Services & Consulting,2023-06-29,24.0,2025-06-29,0.0279664113470554,0.0489888043206386,Low,model-estimated recurrence probability,False,name_fallback_buyer_key;missing_siren_siret;,2026-07-09
BOAMP:23-61217,NAME:ctre hosp universitaire angers,CTRE HOSP UNIVERSITAIRE ANGERS,,,NAME,IT Services & Consulting,2023-05-06,24.0,2025-05-06,0.0279664113470554,0.0489888043206386,Low,model-estimated recurrence probability,False,name_fallback_buyer_key;missing_siren_siret;,2026-07-09
BOAMP:21-79975,NAME:epsilon centrale achat informatique,EPSILON CENTRALE D'ACHAT INFORMATIQUE,,,NAME,IT Services & Consulting,2021-06-13,24.0,2023-06-13,0.0279466349729374,0.0489549107153863,Low,model-estimated recurrence probability,False,name_fallback_buyer_key;missing_siren_siret;,2026-07-09
BOAMP:21-86348,NAME:semitan,SEMITAN,,,NAME,IT Services & Consulting,2021-11-29,24.0,2023-11-29,0.0279466349729374,0.0489549107153863,Low,model-estimated recurrence probability,True,name_fallback_buyer_key;missing_siren_siret;,2026-07-09
BOAMP:21-89893,NAME:communaute agglomeration niortais,Communauté d'agglomération du Niortais,,,NAME,IT Services & Consulting,2021-07-02,24.0,2023-07-02,0.0279466349729374,0.0489549107153863,Low,model-estimated recurrence probability,False,name_fallback_buyer_key;missing_siren_siret;,2026-07-09
BOAMP:19-174412,NAME:semitan,SEMITAN,,,NAME,IT Services & Consulting,2020-06-22,24.0,2022-06-22,0.0279367518800595,0.0489379722548787,Low,model-estimated recurrence probability,False,name_fallback_buyer_key;missing_siren_siret;,2026-07-09
BOAMP:20-4011,NAME:cnieg,CNIEG,,,NAME,IT Services & Consulting,2020-05-29,24.0,2022-05-29,0.0279367518800595,0.0489379722548787,Low,model-estimated recurrence probability,False,name_fallback_buyer_key;missing_siren_siret;,2026-07-09
BOAMP:20-85580,NAME:communaute communes vie boulogne,Communauté de Communes Vie et Boulogne,,,NAME,IT Services & Consulting,2020-07-05,24.0,2022-07-05,0.0279367518800595,0.0489379722548787,Low,model-estimated recurrence probability,False,name_fallback_buyer_key;missing_siren_siret;,2026-07-09
BOAMP:21-29818,NAME:soc publique reg abe fontevraud,SOC PUBLIQUE REG ABE DE FONTEVRAUD,,,NAME,Telecom & Networks,2021-05-10,5.0,2021-10-10,0.0279278564354973,0.0489227262861884,Low,model-estimated recurrence probability,False,name_fallback_buyer_key;missing_siren_siret;,2026-07-09
BOAMP:21-30450,NAME:crdc lieu unique,CRDC LE LIEU UNIQUE,,,NAME,Telecom & Networks,2021-03-11,5.0,2021-08-11,0.0279278564354973,0.0489227262861884,Low,model-estimated recurrence probability,False,name_fallback_buyer_key;missing_siren_siret;,2026-07-09
BOAMP:21-99793,NAME:sgami ouest,SGAMI OUEST,,,NAME,Telecom & Networks,2021-07-16,5.0,2021-12-16,0.0279278564354973,0.0489227262861884,Low,model-estimated recurrence probability,False,name_fallback_buyer_key;missing_siren_siret;,2026-07-09
BOAMP:19-8820,NAME:agce enst fr etranger,AGCE POUR L ENST FR A L ETRANGER,,,NAME,IT Services & Consulting,2019-06-25,24.0,2021-06-25,0.0279268721818416,0.0489210393536282,Low,model-estimated recurrence probability,False,name_fallback_buyer_key;missing_siren_siret;,2026-07-09
BOAMP:18-129941,NAME:bretagne developpement innovation,Bretagne Développement Innovation,,,NAME,IT Services & Consulting,2018-09-20,24.0,2020-09-20,0.0279169958771891,0.0489041120100188,Low,model-estimated recurrence probability,False,name_fallback_buyer_key;missing_siren_siret;,2026-07-09
BOAMP:18-151695,NAME:agce enst fr etranger,AGCE POUR L ENST FR A L ETRANGER,,,NAME,IT Services & Consulting,2018-10-28,24.0,2020-10-28,0.0279169958771891,0.0489041120100188,Low,model-estimated recurrence probability,False,name_fallback_buyer_key;missing_siren_siret;,2026-07-09
BOAMP:18-173960,NAME:cnieg,CNIEG,,,NAME,IT Services & Consulting,2018-12-15,24.0,2020-12-15,0.0279169958771891,0.0489041120100188,Low,model-estimated recurrence probability,False,name_fallback_buyer_key;missing_siren_siret;,2026-07-09
BOAMP:18-57918,NAME:agce enst fr etranger,AGCE POUR L ENST FR A L ETRANGER,,,NAME,IT Services & Consulting,2018-04-27,24.0,2020-04-27,0.0279169958771891,0.0489041120100188,Low,model-estimated recurrence probability,False,name_fallback_buyer_key;missing_siren_siret;,2026-07-09
BOAMP:17-47703,NAME:semitan,SEMITAN,,,NAME,IT Services & Consulting,2017-04-07,24.0,2019-04-07,0.0279071229650069,0.0488871902224349,Low,model-estimated recurrence probability,False,name_fallback_buyer_key;missing_siren_siret;,2026-07-09
BOAMP:17-72992,NAME:groupe etude controle vari,Groupe d'étude et de contrôle des vari,,,NAME,IT Services & Consulting,2017-07-17,24.0,2019-07-17,0.0279071229650069,0.0488871902224349,Low,model-estimated recurrence probability,False,name_fallback_buyer_key;missing_siren_siret;,2026-07-09
BOAMP:15-175690,NAME:cnieg,CNIEG,,,NAME,IT Services & Consulting,2016-02-23,24.0,2018-02-23,0.027897253444201,0.0488702739892613,Low,model-estimated recurrence probability,False,name_fallback_buyer_key;missing_siren_siret;,2026-07-09
BOAMP:16-10414,NAME:conseil general loire atlantique,Conseil général de Loire-Atlantique,,,NAME,IT Services & Consulting,2016-01-22,24.0,2018-01-22,0.027897253444201,0.0488702739892613,Low,model-estimated recurrence probability,False,name_fallback_buyer_key;missing_siren_siret;,2026-07-09
BOAMP:16-7712,NAME:cnieg,CNIEG,,,NAME,IT Services & Consulting,2016-05-24,24.0,2018-05-24,0.027897253444201,0.0488702739892613,Low,model-estimated recurrence probability,False,name_fallback_buyer_key;missing_siren_siret;,2026-07-09
BOAMP:22-124106,SIREN:194909701,Université d'Angers,194909701,,SIREN_ENRICHED,Telecom & Networks,2022-09-17,36.0,2025-09-17,0.0278906260399953,0.0488589145577931,Low,model-estimated recurrence probability,False,,2026-07-09
BOAMP:21-49520,SIREN:200041333,Communauté Communes Parthenay-Gâtine,200041333,,SIREN_ENRICHED,Telecom & Networks,2021-04-13,36.0,2024-04-13,0.0278807621860928,0.0488420076062928,Low,model-estimated recurrence probability,False,,2026-07-09
BOAMP:21-60810,SIREN:214400475,Mairie de Coueron,214400475,,SIREN_ENRICHED,Telecom & Networks,2021-05-05,36.0,2024-05-05,0.0278807621860928,0.0488420076062928,Low,model-estimated recurrence probability,False,,2026-07-09
BOAMP:18-146220,NAME:spr pays loire,SPR Pays de la Loire,,,NAME,Unknown,2018-10-20,3.0,2019-01-20,0.0278584646630114,0.0488037880095828,Low,model-estimated recurrence probability,False,name_fallback_buyer_key;missing_siren_siret;,2026-07-09
BOAMP:18-46346,SIREN:194909701,Université d'Angers,194909701,,SIREN_ENRICHED,Telecom & Networks,2018-10-01,36.0,2021-10-01,0.0278511909507346,0.0487913200459125,Low,model-estimated recurrence probability,False,,2026-07-09
BOAMP:16-151274,SIREN:194401006,Ecole Centrale de Nantes,194401006,,SIREN_ENRICHED,Telecom & Networks,2017-01-25,36.0,2020-01-25,0.0278413406440884,0.0487744352851133,Low,model-estimated recurrence probability,False,,2026-07-09
BOAMP:17-102187,SIREN:194909701,Université d'Angers,194909701,,SIREN_ENRICHED,Telecom & Networks,2017-07-19,36.0,2020-07-19,0.0278413406440884,0.0487744352851133,Low,model-estimated recurrence probability,False,,2026-07-09
BOAMP:17-94724,SIREN:214401846,Commune de Saint-Nazaire,214401846,,SIREN_ENRICHED,Telecom & Networks,2017-10-03,36.0,2020-10-03,0.0278413406440884,0.0487744352851133,Low,model-estimated recurrence probability,False,,2026-07-09
BOAMP:16-46830,SIREN:194909701,Université d'Angers,194909701,,SIREN_ENRICHED,Telecom & Networks,2016-06-16,36.0,2019-06-16,0.0278314937215248,0.0487575560679557,Low,model-estimated recurrence probability,False,,2026-07-09
BOAMP:15-47591,SIREN:532458809,Ville d'Angers,532458809,,SIREN_ENRICHED,Telecom & Networks,2015-03-27,36.0,2018-03-27,0.0278216501819515,0.0487406823928266,Low,model-estimated recurrence probability,False,,2026-07-09
BOAMP:15-139094,SIREN:288500010,SDIS 85,288500010,,SIREN_ENRICHED,Cybersecurity,2015-12-03,38.0,2019-02-03,0.0276918273097236,0.0485181175719657,Low,model-estimated recurrence probability,False,,2026-07-09
BOAMP:25-37134,NAME:mte dgpr srn service central vigicrues,MTE/DGPR/SRN/service central Vigicrues,,,NAME,Telecom & Networks,2025-04-03,6.0,2025-10-03,0.0276605420159912,0.0484644762266557,Low,model-estimated recurrence probability,False,name_fallback_buyer_key;missing_siren_siret;,2026-07-09
BOAMP:21-12643,NAME:sec gal adm min interieur ouest,SEC GAL POUR L ADM MIN INTERIEUR OUEST,,,NAME,Telecom & Networks,2021-01-27,6.0,2021-07-27,0.0276214230033127,0.0483973996390325,Low,model-estimated recurrence probability,True,name_fallback_buyer_key;missing_siren_siret;,2026-07-09
BOAMP:24-24883,NAME:lpo touchard washington,LPO Touchard Washington,,,NAME,Unknown,2024-03-01,4.0,2024-07-01,0.0276113279868188,0.048380089257453,Low,model-estimated recurrence probability,False,name_fallback_buyer_key;missing_siren_siret;,2026-07-09
BOAMP:24-38022,NAME:semitan,SEMITAN,,,NAME,Unknown,2024-03-31,4.0,2024-07-31,0.0276113279868188,0.048380089257453,Low,model-estimated recurrence probability,False,name_fallback_buyer_key;missing_siren_siret;,2026-07-09
BOAMP:24-52925,NAME:semitan,SEMITAN,,,NAME,Unknown,2024-05-05,4.0,2024-09-05,0.0276113279868188,0.048380089257453,Low,model-estimated recurrence probability,False,name_fallback_buyer_key;missing_siren_siret;,2026-07-09
BOAMP:24-65120,NAME:semitan,SEMITAN,,,NAME,Unknown,2024-06-06,4.0,2024-10-06,0.0276113279868188,0.048380089257453,Low,model-estimated recurrence probability,False,name_fallback_buyer_key;missing_siren_siret;,2026-07-09
BOAMP:23-12742,NAME:ubs,UBS,,,NAME,Unknown,2023-01-28,4.0,2023-05-28,0.0276015601053927,0.048363339571824,Low,model-estimated recurrence probability,False,name_fallback_buyer_key;missing_siren_siret;,2026-07-09
BOAMP:15-133200,NAME:saelsi,SAELSI,,,NAME,Telecom & Networks,2015-08-31,6.0,2016-02-29,0.0275628452528655,0.0482969499525063,Low,model-estimated recurrence probability,False,name_fallback_buyer_key;missing_siren_siret;,2026-07-09
BOAMP:18-169881,SIREN:535164412,Loire Océan Métropole Aménagement,535164412,,SIREN_ENRICHED,Unknown,2018-12-06,35.0,2021-11-06,0.027506291391496,0.0481999622127534,Low,model-estimated recurrence probability,False,,2026-07-09
BOAMP:15-69493,NAME:ademe,ADEME,,,NAME,Data & AI,2015-06-10,11.0,2016-05-10,0.0274552898139159,0.0481124891524324,Low,model-estimated recurrence probability,False,name_fallback_buyer_key;missing_siren_siret;,2026-07-09
BOAMP:22-92599,SIREN:214400475,Mairie de Coueron,214400475,,SIREN_ENRICHED,Unknown,2022-07-03,36.0,2025-07-03,0.0272428989414218,0.0477481422668568,Low,model-estimated recurrence probability,False,,2026-07-09
BOAMP:20-120399,SIREN:194909701,Université d'Angers,194909701,,SIREN_ENRICHED,Unknown,2021-02-02,36.0,2024-02-02,0.0272332577464788,0.0477316003938367,Low,model-estimated recurrence probability,False,,2026-07-09
BOAMP:21-63730,SIREN:248500589,LA ROCHE-SUR-YON AGGLOMERATION,248500589,,SIREN_ENRICHED,Unknown,2021-10-07,36.0,2024-10-07,0.0272332577464788,0.0477316003938367,Low,model-estimated recurrence probability,False,,2026-07-09
BOAMP:22-90329,NAME:cd 44,CD 44,,,NAME,IT Maintenance & Support,2023-02-22,12.0,2024-02-22,0.0272309004681688,0.0477275558577883,Low,model-estimated recurrence probability,False,name_fallback_buyer_key;missing_siren_siret;,2026-07-09
BOAMP:22-99915,NAME:ctre hosp universitaire angers,CTRE HOSP UNIVERSITAIRE ANGERS,,,NAME,Cloud & Infrastructure,2023-01-01,12.0,2024-01-01,0.0272309004681688,0.0477275558577883,Low,model-estimated recurrence probability,False,name_fallback_buyer_key;missing_siren_siret;,2026-07-09
BOAMP:23-68037,NAME:cap atlantique,Cap Atlantique,,,NAME,IT Hardware & Equipment,2023-07-21,12.0,2024-07-21,0.0272309004681688,0.0477275558577883,Low,model-estimated recurrence probability,False,name_fallback_buyer_key;missing_siren_siret;,2026-07-09
BOAMP:20-23300,SIREN:200048551,CC PAYS DE CRAON,200048551,,SIREN_ENRICHED,Unknown,2020-06-19,36.0,2023-06-19,0.027223619868043,0.0477150639644302,Low,model-estimated recurrence probability,False,,2026-07-09
BOAMP:20-98331,SIREN:214401846,COMMUNE DE SAINT NAZAIRE,214401846,,SIREN_ENRICHED,Unknown,2020-08-03,36.0,2023-08-03,0.027223619868043,0.0477150639644302,Low,model-estimated recurrence probability,False,,2026-07-09
BOAMP:21-161904,NAME:cd 44,CD 44,,,NAME,IT Maintenance & Support,2022-03-09,12.0,2023-03-09,0.0272212634006313,0.0477110207593913,Low,model-estimated recurrence probability,False,name_fallback_buyer_key;missing_siren_siret;,2026-07-09
BOAMP:21-32692,NAME:ircec,IRCEC,,,NAME,IT Maintenance & Support,2021-03-13,12.0,2022-03-13,0.0272116296482649,0.0476944911026264,Low,model-estimated recurrence probability,False,name_fallback_buyer_key;missing_siren_siret;,2026-07-09
BOAMP:20-6008,NAME:ctre hosp universitaire angers,CTRE HOSP UNIVERSITAIRE ANGERS,,,NAME,Data & AI,2020-06-09,12.0,2021-06-09,0.0272019992099968,0.0476779668859012,Low,model-estimated recurrence probability,False,name_fallback_buyer_key;missing_siren_siret;,2026-07-09
BOAMP:17-82154,SIREN:794304097,Nantes Métropole,794304097,,SIREN_ENRICHED,Unknown,2017-07-13,36.0,2020-07-13,0.0271947261210454,0.0476654873219698,Low,model-estimated recurrence probability,False,,2026-07-09
BOAMP:18-166821,NAME:cnieg,CNIEG,,,NAME,Digital Workplace & Collaboration,2019-03-08,12.0,2020-03-08,0.0271923720847545,0.0476614481076239,Low,model-estimated recurrence probability,False,name_fallback_buyer_key;missing_siren_siret;,2026-07-09
BOAMP:19-50035,NAME:universite rennes 1,université de Rennes 1,,,NAME,IT Hardware & Equipment,2019-03-30,12.0,2020-03-30,0.0271923720847545,0.0476614481076239,Low,model-estimated recurrence probability,False,name_fallback_buyer_key;missing_siren_siret;,2026-07-09
BOAMP:19-52455,NAME:ars pays loire,ARS Pays de La Loire,,,NAME,Cloud & Infrastructure,2019-05-22,12.0,2020-05-22,0.0271923720847545,0.0476614481076239,Low,model-estimated recurrence probability,False,name_fallback_buyer_key;missing_siren_siret;,2026-07-09
BOAMP:19-78854,NAME:vendee habitat oph vendee,Vendée Habitat - OPH de Vendée,,,NAME,Digital Workplace & Collaboration,2019-08-06,12.0,2020-08-06,0.0271923720847545,0.0476614481076239,Low,model-estimated recurrence probability,False,name_fallback_buyer_key;missing_siren_siret;,2026-07-09
BOAMP:18-96170,NAME:ctre hosp universitaire angers,CTRE HOSP UNIVERSITAIRE ANGERS,,,NAME,Cloud & Infrastructure,2018-07-12,12.0,2019-07-12,0.0271827482714657,0.0476449347662034,Low,model-estimated recurrence probability,False,name_fallback_buyer_key;missing_siren_siret;,2026-07-09
BOAMP:15-31464,SIREN:285300018,Sdis de la Mayenne,285300018,,SIREN_ENRICHED,Unknown,2015-03-02,36.0,2018-03-02,0.0271754801859129,0.0476324634158783,Low,model-estimated recurrence probability,False,missing_cpv;,2026-07-09
BOAMP:17-165149,NAME:oniris,ONIRIS,,,NAME,Digital Workplace & Collaboration,2017-11-25,12.0,2018-11-25,0.0271731277690581,0.0476284268600485,Low,model-estimated recurrence probability,False,name_fallback_buyer_key;missing_siren_siret;,2026-07-09
BOAMP:20-72064,NAME:dir ouest,DIR Ouest,,,NAME,Telecom & Networks,2020-06-06,8.0,2021-02-06,0.0270087628156743,0.0473463535905832,Low,model-estimated recurrence probability,False,name_fallback_buyer_key;missing_siren_siret;,2026-07-09
BOAMP:22-144511,NAME:ubs,UBS,,,NAME,Unknown,2022-10-28,6.0,2023-04-28,0.0269893282605809,0.0473129964291868,Low,model-estimated recurrence probability,False,name_fallback_buyer_key;missing_siren_siret;,2026-07-09
BOAMP:20-49128,NAME:epf vendee,EPF de la Vendée,,,NAME,Unknown,2020-07-07,6.0,2021-01-07,0.0269702236571969,0.0472802046136253,Low,model-estimated recurrence probability,False,name_fallback_buyer_key;missing_siren_siret;,2026-07-09
BOAMP:18-91798,NAME:communaute communes grand lieu,Communauté de Communes de Grand Lieu,,,NAME,Unknown,2018-07-02,7.0,2019-02-02,0.026655121834871,0.0467392127981691,Low,model-estimated recurrence probability,False,name_fallback_buyer_key;missing_siren_siret;missing_cpv;,2026-07-09
BOAMP:18-43289,NAME:ademe,ADEME,,,NAME,Data & AI,2018-04-18,14.0,2019-06-18,0.0265889682862298,0.0466256016133695,Low,model-estimated recurrence probability,False,name_fallback_buyer_key;missing_siren_siret;,2026-07-09
BOAMP:20-107502,SIREN:935367433,Conseil départemental Loire-Atlantique,935367433,,SIREN_ENRICHED,IT Services & Consulting,2020-09-04,60.0,2025-09-04,0.0263918238981661,0.0462869595590372,Low,model-estimated recurrence probability,False,,2026-07-09
BOAMP:19-173933,SIREN:599200136,Sembreizh société,599200136,,SIREN_ENRICHED,IT Services & Consulting,2019-11-21,60.0,2024-11-21,0.0263824757278207,0.0462708993009775,Low,model-estimated recurrence probability,False,,2026-07-09
BOAMP:19-173999,SIREN:599200136,Sembreizh société,599200136,,SIREN_ENRICHED,IT Services & Consulting,2019-11-21,60.0,2024-11-21,0.0263824757278207,0.0462708993009775,Low,model-estimated recurrence probability,False,,2026-07-09
BOAMP:18-28651,SIREN:794304097,Nantes Métropole,794304097,,SIREN_ENRICHED,IT Services & Consulting,2018-03-03,60.0,2023-03-03,0.0263731307789695,0.0462548443451077,Low,model-estimated recurrence probability,True,,2026-07-09
BOAMP:16-135042,SIREN:794304097,Nantes Métropole,794304097,,SIREN_ENRICHED,IT Services & Consulting,2017-04-13,60.0,2022-04-13,0.0263637890505661,0.046238794689865,Low,model-estimated recurrence probability,False,,2026-07-09
BOAMP:16-64280,SIREN:445400104,ASSOCIATION E-TOILE,445400104,,SIREN_ENRICHED,IT Services & Consulting,2016-09-12,60.0,2021-09-12,0.026354450541564,0.0462227503336868,Low,model-estimated recurrence probability,True,,2026-07-09
BOAMP:16-98835,SIREN:445400104,ASSOCIATION E-TOILE,445400104,,SIREN_ENRICHED,IT Services & Consulting,2016-07-09,60.0,2021-07-09,0.026354450541564,0.0462227503336868,Low,model-estimated recurrence probability,True,,2026-07-09
BOAMP:22-150567,NAME:geves,GEVES,,,NAME,Cybersecurity,2023-07-11,12.0,2024-07-11,0.0263231907393387,0.0461690416348713,Low,model-estimated recurrence probability,False,name_fallback_buyer_key;missing_siren_siret;,2026-07-09
BOAMP:21-118586,NAME:ch mans,CH LE MANS,,,NAME,Cybersecurity,2022-01-14,12.0,2023-01-14,0.0263138662223028,0.0461530203110177,Low,model-estimated recurrence probability,False,name_fallback_buyer_key;missing_siren_siret;,2026-07-09
BOAMP:22-165707,NAME:ch mans,CH LE MANS,,,NAME,Cybersecurity,2022-12-15,12.0,2023-12-15,0.0263138662223028,0.0461530203110177,Low,model-estimated recurrence probability,False,name_fallback_buyer_key;missing_siren_siret;,2026-07-09
BOAMP:22-64560,NAME:insee,INSEE,,,NAME,Cybersecurity,2022-08-16,12.0,2023-08-16,0.0263138662223028,0.0461530203110177,Low,model-estimated recurrence probability,False,name_fallback_buyer_key;missing_siren_siret;,2026-07-09
BOAMP:20-20633,NAME:semitan,SEMITAN,,,NAME,Cybersecurity,2020-02-10,12.0,2021-02-10,0.0262952268286122,0.0461209935338804,Low,model-estimated recurrence probability,False,name_fallback_buyer_key;missing_siren_siret;,2026-07-09
BOAMP:20-98937,NAME:cap atlantique,Cap Atlantique,,,NAME,Cybersecurity,2020-12-30,12.0,2021-12-30,0.0262952268286122,0.0461209935338804,Low,model-estimated recurrence probability,False,name_fallback_buyer_key;missing_siren_siret;,2026-07-09
BOAMP:19-2530,NAME:ctre national enst distance,CTRE NATIONAL D ENST A DISTANCE,,,NAME,Cybersecurity,2019-01-10,12.0,2020-01-10,0.0262859119498689,0.0461049880774759,Low,model-estimated recurrence probability,False,name_fallback_buyer_key;missing_siren_siret;,2026-07-09
BOAMP:19-39464,NAME:universite maine,Université du Maine,,,NAME,Cybersecurity,2019-06-19,12.0,2020-06-19,0.0262859119498689,0.0461049880774759,Low,model-estimated recurrence probability,False,name_fallback_buyer_key;missing_siren_siret;,2026-07-09
BOAMP:17-140760,NAME:plate forme achats finances nord est,Plate Forme Achats Finances Nord Est,,,NAME,Cybersecurity,2017-10-08,12.0,2018-10-08,0.0262672918233668,0.046072993021196,Low,model-estimated recurrence probability,False,name_fallback_buyer_key;missing_siren_siret;,2026-07-09
BOAMP:17-8592,NAME:communaute communes grand lieu,Communauté de Communes de Grand Lieu,,,NAME,Cybersecurity,2017-01-18,12.0,2018-01-18,0.0262672918233668,0.046072993021196,Low,model-estimated recurrence probability,False,name_fallback_buyer_key;missing_siren_siret;,2026-07-09
BOAMP:19-22007,NAME:smictom vallee authion,SMICTOM de la Vallée de l'Authion,,,NAME,Unknown,2019-02-13,9.0,2019-11-13,0.026081799725267,0.0457542106395045,Low,model-estimated recurrence probability,False,name_fallback_buyer_key;missing_siren_siret;,2026-07-09
BOAMP:22-169110,NAME:shema,SHEMA,,,NAME,Data & AI,2023-03-20,16.0,2024-07-20,0.0260539386976913,0.0457063214173596,Low,model-estimated recurrence probability,True,name_fallback_buyer_key;missing_siren_siret;,2026-07-09
BOAMP:23-139799,NAME:syndicat mixte gigalis,SYNDICAT MIXTE GIGALIS,,,NAME,Telecom & Networks,2023-10-06,12.0,2024-10-06,0.0258686409741847,0.0453877678764408,Low,model-estimated recurrence probability,False,name_fallback_buyer_key;missing_siren_siret;,2026-07-09
BOAMP:23-22379,NAME:ctre hosp universitaire angers,CTRE HOSP UNIVERSITAIRE ANGERS,,,NAME,Telecom & Networks,2023-04-21,12.0,2024-04-21,0.0258686409741847,0.0453877678764408,Low,model-estimated recurrence probability,False,name_fallback_buyer_key;missing_siren_siret;,2026-07-09
BOAMP:22-126881,NAME:conseil departemental loire atlanti,CONSEIL DEPARTEMENTAL DE LOIRE-ATLANTI,,,NAME,Telecom & Networks,2022-09-21,12.0,2023-09-21,0.0258594731968719,0.0453720047694928,Low,model-estimated recurrence probability,False,name_fallback_buyer_key;missing_siren_siret;,2026-07-09
BOAMP:22-66076,NAME:ch mans,CH LE MANS,,,NAME,Telecom & Networks,2022-05-11,12.0,2023-05-11,0.0258594731968719,0.0453720047694928,Low,model-estimated recurrence probability,False,name_fallback_buyer_key;missing_siren_siret;,2026-07-09
BOAMP:22-69458,NAME:ch mans,CH LE MANS,,,NAME,Telecom & Networks,2022-10-19,12.0,2023-10-19,0.0258594731968719,0.0453720047694928,Low,model-estimated recurrence probability,False,name_fallback_buyer_key;missing_siren_siret;,2026-07-09
BOAMP:21-68348,NAME:inra angers nantes,INRA ANGERS NANTES,,,NAME,Telecom & Networks,2021-12-14,12.0,2022-12-14,0.0258503085823762,0.0453562468769408,Low,model-estimated recurrence probability,False,name_fallback_buyer_key;missing_siren_siret;,2026-07-09
BOAMP:18-180161,NAME:ctre hosp universitaire angers,CTRE HOSP UNIVERSITAIRE ANGERS,,,NAME,Telecom & Networks,2019-03-08,12.0,2020-03-08,0.0258319888377152,0.0453247467288472,Low,model-estimated recurrence probability,False,name_fallback_buyer_key;missing_siren_siret;,2026-07-09
BOAMP:19-123299,NAME:mindef ema dc sca pfaf co rennes,MINDEF/EMA/DC SCA/PFAF CO Rennes,,,NAME,Telecom & Networks,2019-11-27,12.0,2020-11-27,0.0258319888377152,0.0453247467288472,Low,model-estimated recurrence probability,False,name_fallback_buyer_key;missing_siren_siret;,2026-07-09
BOAMP:19-37169,NAME:ctre hosp universitaire angers,CTRE HOSP UNIVERSITAIRE ANGERS,,,NAME,Telecom & Networks,2019-05-01,12.0,2020-05-01,0.0258319888377152,0.0453247467288472,Low,model-estimated recurrence probability,False,name_fallback_buyer_key;missing_siren_siret;,2026-07-09
BOAMP:19-47604,NAME:sgami ouest bzamp,SGAMI OUEST BZAMP,,,NAME,Telecom & Networks,2019-03-26,12.0,2020-03-26,0.0258319888377152,0.0453247467288472,Low,model-estimated recurrence probability,True,name_fallback_buyer_key;missing_siren_siret;,2026-07-09
BOAMP:18-165012,NAME:ch mans,CH LE MANS,,,NAME,Telecom & Networks,2018-11-26,12.0,2019-11-26,0.0258228337054908,0.0453090044702182,Low,model-estimated recurrence probability,False,name_fallback_buyer_key;missing_siren_siret;,2026-07-09
BOAMP:18-18750,NAME:comsopgn,COMSOPGN,,,NAME,Telecom & Networks,2018-02-08,12.0,2019-02-08,0.0258228337054908,0.0453090044702182,Low,model-estimated recurrence probability,False,name_fallback_buyer_key;missing_siren_siret;missing_cpv;,2026-07-09
BOAMP:17-114694,NAME:hop intercommunal baugeois val,HOP INTERCOMMUNAL DU BAUGEOIS ET VAL,,,NAME,Telecom & Networks,2017-12-12,12.0,2018-12-12,0.0258136817319649,0.0452932674198099,Low,model-estimated recurrence probability,False,name_fallback_buyer_key;missing_siren_siret;,2026-07-09
BOAMP:17-73357,NAME:syndicat departemental energie,Syndicat Départemental d'Energie,,,NAME,Telecom & Networks,2017-10-26,12.0,2018-10-26,0.0258136817319649,0.0452932674198099,Low,model-estimated recurrence probability,False,name_fallback_buyer_key;missing_siren_siret;,2026-07-09
BOAMP:16-63741,NAME:conseil general loire atlantique,Conseil général de Loire-Atlantique,,,NAME,Telecom & Networks,2016-08-03,12.0,2017-08-03,0.0258045329161086,0.0452775355760795,Low,model-estimated recurrence probability,False,name_fallback_buyer_key;missing_siren_siret;,2026-07-09
BOAMP:19-99928,NAME:sec gal adm min interieur ouest,SEC GAL POUR L ADM MIN INTERIEUR OUEST,,,NAME,Unknown,2019-06-30,10.0,2020-04-30,0.0257950843172318,0.0452612880064799,Low,model-estimated recurrence probability,False,name_fallback_buyer_key;missing_siren_siret;missing_cpv;,2026-07-09
BOAMP:20-118996,SIREN:264400136,CHU de Nantes,264400136,,SIREN_ENRICHED,IT Maintenance & Support,2021-01-28,48.0,2025-01-28,0.025705741167294,0.0451076440471197,Low,model-estimated recurrence probability,False,,2026-07-09
BOAMP:21-15299,SIREN:264400136,CHU de Nantes,264400136,,SIREN_ENRICHED,Digital Workplace & Collaboration,2021-02-04,48.0,2025-02-04,0.025705741167294,0.0451076440471197,Low,model-estimated recurrence probability,False,,2026-07-09
BOAMP:19-160471,SIREN:247200132,Le Mans Métropole - Communauté Urbaine,247200132,,SIREN_ENRICHED,Data & AI,2020-03-16,48.0,2024-03-16,0.0256966295983441,0.0450919736313566,Low,model-estimated recurrence probability,False,,2026-07-09
BOAMP:19-172734,SIREN:217500016,Ville du Mans,217500016,,SIREN_ENRICHED,Data & AI,2020-03-10,48.0,2024-03-10,0.0256966295983441,0.0450919736313566,Low,model-estimated recurrence probability,False,,2026-07-09
BOAMP:19-176963,SIREN:244900015,Angers Loire Métropole,244900015,,SIREN_ENRICHED,Digital Workplace & Collaboration,2020-01-06,48.0,2024-01-06,0.0256966295983441,0.0450919736313566,Low,model-estimated recurrence probability,False,,2026-07-09
BOAMP:20-88363,SIREN:225300011,DEPARTEMENT DE LA MAYENNE,225300011,,SIREN_ENRICHED,Digital Workplace & Collaboration,2020-07-09,48.0,2024-07-09,0.0256966295983441,0.0450919736313566,Low,model-estimated recurrence probability,False,,2026-07-09
BOAMP:19-28845,SIREN:225300011,DEPARTEMENT DE LA MAYENNE,225300011,,SIREN_ENRICHED,Digital Workplace & Collaboration,2019-02-21,48.0,2023-02-21,0.0256875211738991,0.0450763084025197,Low,model-estimated recurrence probability,False,,2026-07-09
BOAMP:19-71679,SIREN:227200029,DEPARTEMENT DE LA SARTHE,227200029,,SIREN_ENRICHED,Digital Workplace & Collaboration,2019-08-02,48.0,2023-08-02,0.0256875211738991,0.0450763084025197,Low,model-estimated recurrence probability,False,,2026-07-09
BOAMP:18-101350,SIREN:130029747,Université de Nantes,130029747,,SIREN_ENRICHED,IT Hardware & Equipment,2018-12-21,48.0,2022-12-21,0.025678415892934,0.0450606483590707,Low,model-estimated recurrence probability,False,,2026-07-09
BOAMP:18-62604,SIREN:214401093,Ville de Nantes,214401093,,SIREN_ENRICHED,Digital Workplace & Collaboration,2018-07-23,48.0,2022-07-23,0.025678415892934,0.0450606483590707,Low,model-estimated recurrence probability,False,,2026-07-09
BOAMP:18-97260,SIREN:214401846,Commune de Saint-Nazaire,214401846,,SIREN_ENRICHED,IT Hardware & Equipment,2018-11-29,48.0,2022-11-29,0.025678415892934,0.0450606483590707,Low,model-estimated recurrence probability,False,,2026-07-09
BOAMP:16-139674,SIREN:227200029,Département de la Sarthe,227200029,,SIREN_ENRICHED,Cloud & Infrastructure,2017-01-06,48.0,2021-01-06,0.0256693137544243,0.0450449934994715,Low,model-estimated recurrence probability,False,,2026-07-09
BOAMP:16-183156,SIREN:227200029,Département de la Sarthe,227200029,,SIREN_ENRICHED,Digital Workplace & Collaboration,2017-04-26,48.0,2021-04-26,0.0256693137544243,0.0450449934994715,Low,model-estimated recurrence probability,False,,2026-07-09
BOAMP:17-29415,SIREN:935367433,Conseil départemental Loire-Atlantique,935367433,,SIREN_ENRICHED,IT Maintenance & Support,2017-03-03,48.0,2021-03-03,0.0256693137544243,0.0450449934994715,Low,model-estimated recurrence probability,False,,2026-07-09
BOAMP:17-44607,SIREN:234400034,Conseil régional des Pays de la Loire,234400034,,SIREN_ENRICHED,Cloud & Infrastructure,2017-07-21,48.0,2021-07-21,0.0256693137544243,0.0450449934994715,Low,model-estimated recurrence probability,False,,2026-07-09
BOAMP:16-103833,SIREN:794304097,Nantes Métropole,794304097,,SIREN_ENRICHED,Cloud & Infrastructure,2016-07-13,48.0,2020-07-13,0.0256602147573458,0.0450293438221844,Low,model-estimated recurrence probability,False,,2026-07-09
BOAMP:16-128870,SIREN:264400136,CHU de Nantes,264400136,,SIREN_ENRICHED,IT Maintenance & Support,2016-12-22,48.0,2020-12-22,0.0256602147573458,0.0450293438221844,Low,model-estimated recurrence probability,False,,2026-07-09
BOAMP:16-33632,SIREN:794304097,Nantes Métropole,794304097,,SIREN_ENRICHED,Digital Workplace & Collaboration,2016-03-11,48.0,2020-03-11,0.0256602147573458,0.0450293438221844,Low,model-estimated recurrence probability,False,,2026-07-09
BOAMP:16-81774,SIREN:391722881,GIE SESAM Vitale,391722881,,SIREN_ENRICHED,Digital Workplace & Collaboration,2016-06-05,48.0,2020-06-05,0.0256602147573458,0.0450293438221844,Low,model-estimated recurrence probability,False,,2026-07-09
BOAMP:15-136371,SIREN:285300018,Sdis de la Mayenne,285300018,,SIREN_ENRICHED,Data & AI,2015-09-07,48.0,2019-09-07,0.0256511189006743,0.0450136993256722,Low,model-estimated recurrence probability,False,missing_cpv;,2026-07-09
BOAMP:18-31507,NAME:laval spla,LAVAL SPLA,,,NAME,Unknown,2018-05-14,11.0,2019-04-14,0.0255023936906021,0.0447578668484998,Low,model-estimated recurrence probability,False,name_fallback_buyer_key;missing_siren_siret;,2026-07-09
BOAMP:21-142703,NAME:chambre reg agri pays loire,CHAMBRE REG AGRI PAYS DE LA LOIRE,,,NAME,Digital Workplace & Collaboration,2021-10-27,18.0,2023-04-27,0.0254661034391769,0.0446954325385772,Low,model-estimated recurrence probability,False,name_fallback_buyer_key;missing_siren_siret;,2026-07-09
BOAMP:23-89659,SIREN:130026123,UNIVERSITE GUSTAVE EIFFEL,130026123,,SIREN_ENRICHED,Software & Applications,2023-06-30,24.0,2025-06-30,0.0253659971979824,0.0445231900099806,Low,model-estimated recurrence probability,False,,2026-07-09
BOAMP:22-130653,SIREN:264901893,CENTRE COMMUNAL D ACTION SOCIALE,264901893,,SIREN_ENRICHED,Software & Applications,2022-09-29,24.0,2024-09-29,0.0253570029193459,0.0445077131700981,Low,model-estimated recurrence probability,False,,2026-07-09
BOAMP:22-83444,SIREN:381053768,La Cité des Congrès de Nantes,381053768,,SIREN_ENRICHED,Software & Applications,2022-10-21,24.0,2024-10-21,0.0253570029193459,0.0445077131700981,Low,model-estimated recurrence probability,False,,2026-07-09
BOAMP:21-130956,SIREN:234400034,Conseil régional des Pays de la Loire,234400034,,SIREN_ENRICHED,Software & Applications,2021-12-22,24.0,2023-12-22,0.0253480117469583,0.0444922414596464,Low,model-estimated recurrence probability,False,,2026-07-09
BOAMP:19-137030,SIREN:234400034,Conseil régional des Pays de la Loire,234400034,,SIREN_ENRICHED,Software & Applications,2019-09-12,24.0,2021-09-12,0.025330038716874,0.0444613134209324,Low,model-estimated recurrence probability,True,,2026-07-09
BOAMP:17-173975,SIREN:234400034,Conseil régional des Pays de la Loire,234400034,,SIREN_ENRICHED,Software & Applications,2018-06-06,24.0,2020-06-06,0.0253210568571503,0.0444458570896191,Low,model-estimated recurrence probability,True,,2026-07-09
BOAMP:18-40176,SIREN:391722881,GIE SESAM Vitale,391722881,,SIREN_ENRICHED,Software & Applications,2018-03-24,24.0,2020-03-24,0.0253210568571503,0.0444458570896191,Low,model-estimated recurrence probability,False,,2026-07-09
BOAMP:18-546,SIREN:244900015,Angers Loire Métropole,244900015,,SIREN_ENRICHED,Software & Applications,2018-04-25,24.0,2020-04-25,0.0253210568571503,0.0444458570896191,Low,model-estimated recurrence probability,False,,2026-07-09
BOAMP:18-74252,SIREN:194909701,Université d'Angers,194909701,,SIREN_ENRICHED,Software & Applications,2018-10-25,24.0,2020-10-25,0.0253210568571503,0.0444458570896191,Low,model-estimated recurrence probability,False,,2026-07-09
BOAMP:18-87166,SIREN:234400034,Conseil régional des Pays de la Loire,234400034,,SIREN_ENRICHED,Software & Applications,2018-10-01,24.0,2020-10-01,0.0253210568571503,0.0444458570896191,Low,model-estimated recurrence probability,True,,2026-07-09
BOAMP:18-88858,SIREN:214401846,Commune de Saint-Nazaire,214401846,,SIREN_ENRICHED,Software & Applications,2018-11-05,24.0,2020-11-05,0.0253210568571503,0.0444458570896191,Low,model-estimated recurrence probability,False,,2026-07-09
BOAMP:17-47930,SIREN:211703004,Ville de La Rochelle,211703004,,SIREN_ENRICHED,Software & Applications,2017-04-07,24.0,2019-04-07,0.0253120780996214,0.0444304058816351,Low,model-estimated recurrence probability,False,,2026-07-09
BOAMP:16-98698,SIREN:194909701,Université d'Angers,194909701,,SIREN_ENRICHED,Software & Applications,2016-10-31,24.0,2018-10-31,0.0253031024432744,0.0444149597954559,Low,model-estimated recurrence probability,False,,2026-07-09
BOAMP:15-98976,SIREN:110006012,Ministère des Affaires étrangères,110006012,,SIREN_ENRICHED,Software & Applications,2015-06-29,24.0,2017-06-29,0.025294129887097,0.0443995188295571,Low,model-estimated recurrence probability,True,,2026-07-09
BOAMP:22-148365,NAME:ch mans,CH LE MANS,,,NAME,Unknown,2023-06-02,12.0,2024-06-02,0.0252666515904156,0.0443522298052501,Low,model-estimated recurrence probability,False,name_fallback_buyer_key;missing_siren_siret;,2026-07-09
BOAMP:23-169318,NAME:conseil departemental loire atlanti,CONSEIL DEPARTEMENTAL DE LOIRE-ATLANTI,,,NAME,Unknown,2023-12-07,12.0,2024-12-07,0.0252666515904156,0.0443522298052501,Low,model-estimated recurrence probability,False,name_fallback_buyer_key;missing_siren_siret;,2026-07-09
BOAMP:21-125862,NAME:groupement achats herm,Groupement d'achats de l'Herm,,,NAME,Unknown,2021-09-22,12.0,2022-09-22,0.0252487347543794,0.0443213945787807,Low,model-estimated recurrence probability,False,name_fallback_buyer_key;missing_siren_siret;,2026-07-09
BOAMP:21-137461,NAME:communaute cnes terres montaigu,Communauté de Cnes Terres de Montaigu,,,NAME,Unknown,2021-10-15,12.0,2022-10-15,0.0252487347543794,0.0443213945787807,Low,model-estimated recurrence probability,False,name_fallback_buyer_key;missing_siren_siret;,2026-07-09
BOAMP:21-50135,NAME:cte communes pays herbiers,Cté de Communes du Pays des Herbiers,,,NAME,Unknown,2021-08-09,12.0,2022-08-09,0.0252487347543794,0.0443213945787807,Low,model-estimated recurrence probability,False,name_fallback_buyer_key;missing_siren_siret;,2026-07-09
BOAMP:18-74871,NAME:mairie croisic,Mairie du croisic,,,NAME,Unknown,2018-06-01,12.0,2019-06-01,0.0252218827030634,0.0442751800681009,Low,model-estimated recurrence probability,False,name_fallback_buyer_key;missing_siren_siret;missing_cpv;,2026-07-09
BOAMP:17-42319,NAME:cte cnes ile noirmoutier,Cté de Cnes de l'Ile de Noirmoutier,,,NAME,Unknown,2017-10-25,12.0,2018-10-25,0.0252129382026472,0.0442597854461944,Low,model-estimated recurrence probability,False,name_fallback_buyer_key;missing_siren_siret;,2026-07-09
BOAMP:17-27341,SIREN:935367433,Conseil départemental Loire-Atlantique,935367433,,SIREN_ENRICHED,Unknown,2017-02-26,44.0,2020-10-26,0.0248933520230431,0.0437095969378448,Low,model-estimated recurrence probability,False,,2026-07-09
BOAMP:15-54272,SIREN:264900390,Centre Hospitalier de Cholet,264900390,,SIREN_ENRICHED,Unknown,2015-04-10,44.0,2018-12-10,0.0248756931419275,0.0436791880715617,Low,model-estimated recurrence probability,False,missing_cpv;,2026-07-09
BOAMP:20-144067,SIREN:228500013,Département de la Vendée,228500013,,SIREN_ENRICHED,Cybersecurity,2021-03-18,48.0,2025-03-18,0.0248475722155592,0.0436307616830969,Low,model-estimated recurrence probability,False,,2026-07-09
BOAMP:20-26585,SIREN:794304097,Nantes Métropole,794304097,,SIREN_ENRICHED,Cybersecurity,2021-01-05,48.0,2025-01-05,0.0248475722155592,0.0436307616830969,Low,model-estimated recurrence probability,False,,2026-07-09
BOAMP:21-27874,SIREN:247200132,Le Mans Métropole - Communauté Urbaine,247200132,,SIREN_ENRICHED,Cybersecurity,2021-05-19,48.0,2025-05-19,0.0248475722155592,0.0436307616830969,Low,model-estimated recurrence probability,False,,2026-07-09
BOAMP:21-44088,SIREN:247200090,Communauté de communes de sablé,247200090,,SIREN_ENRICHED,Cybersecurity,2021-06-21,48.0,2025-06-21,0.0248475722155592,0.0436307616830969,Low,model-estimated recurrence probability,False,,2026-07-09
BOAMP:21-76512,SIREN:214401622,Commune de Saint-Herblain,214401622,,SIREN_ENRICHED,Cybersecurity,2021-10-25,48.0,2025-10-25,0.0248475722155592,0.0436307616830969,Low,model-estimated recurrence probability,False,,2026-07-09
BOAMP:21-88219,SIREN:227200029,DEPARTEMENT DE LA SARTHE,227200029,,SIREN_ENRICHED,Cybersecurity,2021-11-05,48.0,2025-11-05,0.0248475722155592,0.0436307616830969,Low,model-estimated recurrence probability,False,,2026-07-09
BOAMP:21-93968,SIREN:217902022,Ville de Parthenay,217902022,,SIREN_ENRICHED,Cybersecurity,2021-07-07,48.0,2025-07-07,0.0248475722155592,0.0436307616830969,Low,model-estimated recurrence probability,False,,2026-07-09
BOAMP:19-156899,SIREN:794304097,Nantes Métropole,794304097,,SIREN_ENRICHED,Cybersecurity,2020-01-22,48.0,2024-01-22,0.0248387570753476,0.0436155809020065,Low,model-estimated recurrence probability,False,,2026-07-09
BOAMP:20-12070,SIREN:794304097,Nantes Métropole,794304097,,SIREN_ENRICHED,Cybersecurity,2020-01-26,48.0,2024-01-26,0.0248387570753476,0.0436155809020065,Low,model-estimated recurrence probability,False,,2026-07-09
BOAMP:20-29244,SIREN:214401093,COMMUNE DE NANTES,214401093,,SIREN_ENRICHED,Cybersecurity,2020-02-27,48.0,2024-02-27,0.0248387570753476,0.0436155809020065,Low,model-estimated recurrence probability,False,,2026-07-09
BOAMP:20-29934,SIREN:214401093,Ville de Nantes,214401093,,SIREN_ENRICHED,Cybersecurity,2020-02-28,48.0,2024-02-28,0.0248387570753476,0.0436155809020065,Low,model-estimated recurrence probability,False,,2026-07-09
BOAMP:20-34392,SIREN:794304097,Nantes Métropole,794304097,,SIREN_ENRICHED,Cybersecurity,2020-03-11,48.0,2024-03-11,0.0248387570753476,0.0436155809020065,Low,model-estimated recurrence probability,False,,2026-07-09
BOAMP:20-54283,SIREN:794304097,Nantes Métropole,794304097,,SIREN_ENRICHED,Cybersecurity,2020-04-23,48.0,2024-04-23,0.0248387570753476,0.0436155809020065,Low,model-estimated recurrence probability,False,,2026-07-09
BOAMP:20-66643,SIREN:794304097,Nantes Métropole,794304097,,SIREN_ENRICHED,Cybersecurity,2020-05-22,48.0,2024-05-22,0.0248387570753476,0.0436155809020065,Low,model-estimated recurrence probability,False,,2026-07-09
BOAMP:20-76288,SIREN:200083392,Laval Agglomération,200083392,,SIREN_ENRICHED,Cybersecurity,2020-06-17,48.0,2024-06-17,0.0248387570753476,0.0436155809020065,Low,model-estimated recurrence probability,False,,2026-07-09
BOAMP:20-93913,SIREN:214401093,COMMUNE DE NANTES,214401093,,SIREN_ENRICHED,Cybersecurity,2020-07-25,48.0,2024-07-25,0.0248387570753476,0.0436155809020065,Low,model-estimated recurrence probability,False,,2026-07-09
BOAMP:18-152399,SIREN:227200029,DEPARTEMENT DE LA SARTHE,227200029,,SIREN_ENRICHED,Cybersecurity,2019-02-25,48.0,2023-02-25,0.0248299449828415,0.043600405162078,Low,model-estimated recurrence probability,False,,2026-07-09
BOAMP:19-10579,SIREN:532458809,Ville d'Angers,532458809,,SIREN_ENRICHED,Cybersecurity,2019-01-21,48.0,2023-01-21,0.0248299449828415,0.043600405162078,Low,model-estimated recurrence probability,False,,2026-07-09
BOAMP:19-114079,SIREN:278000013,Baie de Somme Habitat,278000013,,SIREN_ENRICHED,Cybersecurity,2019-09-27,48.0,2023-09-27,0.0248299449828415,0.043600405162078,Low,model-estimated recurrence probability,False,,2026-07-09
BOAMP:19-119269,SIREN:794304097,Nantes Métropole,794304097,,SIREN_ENRICHED,Cybersecurity,2019-08-02,48.0,2023-08-02,0.0248299449828415,0.043600405162078,Low,model-estimated recurrence probability,False,,2026-07-09
BOAMP:19-18202,SIREN:219300779,Ville de Villemomble,219300779,,SIREN_ENRICHED,Cybersecurity,2019-02-04,48.0,2023-02-04,0.0248299449828415,0.043600405162078,Low,model-estimated recurrence probability,False,,2026-07-09
BOAMP:19-36958,SIREN:794304097,Nantes Métropole,794304097,,SIREN_ENRICHED,Cybersecurity,2019-05-29,48.0,2023-05-29,0.0248299449828415,0.043600405162078,Low,model-estimated recurrence probability,False,,2026-07-09
BOAMP:19-62635,SIREN:218501914,VILLE DE LA ROCHE SUR YON,218501914,,SIREN_ENRICHED,Cybersecurity,2019-10-18,48.0,2023-10-18,0.0248299449828415,0.043600405162078,Low,model-estimated recurrence probability,False,,2026-07-09
BOAMP:17-134575,SIREN:110006012,Ministère des Affaires étrangères,110006012,,SIREN_ENRICHED,Cybersecurity,2018-01-16,48.0,2022-01-16,0.0248211359370434,0.0435852344618049,Low,model-estimated recurrence probability,False,,2026-07-09
BOAMP:17-171316,SIREN:234400034,Conseil régional des Pays de la Loire,234400034,,SIREN_ENRICHED,Cybersecurity,2018-03-22,48.0,2022-03-22,0.0248211359370434,0.0435852344618049,Low,model-estimated recurrence probability,False,,2026-07-09
BOAMP:18-61655,SIREN:794304097,Nantes Métropole,794304097,,SIREN_ENRICHED,Cybersecurity,2018-07-10,48.0,2022-07-10,0.0248211359370434,0.0435852344618049,Low,model-estimated recurrence probability,False,,2026-07-09
BOAMP:18-67939,SIREN:482414216,Le Voyage à Nantes,482414216,,SIREN_ENRICHED,Cybersecurity,2018-05-20,48.0,2022-05-20,0.0248211359370434,0.0435852344618049,Low,model-estimated recurrence probability,False,,2026-07-09
BOAMP:17-106009,SIREN:794304097,Nantes Métropole,794304097,,SIREN_ENRICHED,Cybersecurity,2017-11-26,48.0,2021-11-26,0.0248123299369568,0.0435700687996811,Low,model-estimated recurrence probability,False,,2026-07-09
BOAMP:17-129614,SIREN:794304097,Nantes Métropole,794304097,,SIREN_ENRICHED,Cybersecurity,2017-12-21,48.0,2021-12-21,0.0248123299369568,0.0435700687996811,Low,model-estimated recurrence probability,False,,2026-07-09
BOAMP:17-58214,SIREN:794304097,Nantes Métropole,794304097,,SIREN_ENRICHED,Cybersecurity,2017-04-30,48.0,2021-04-30,0.0248123299369568,0.0435700687996811,Low,model-estimated recurrence probability,False,,2026-07-09
BOAMP:17-76616,SIREN:794304097,Nantes Métropole,794304097,,SIREN_ENRICHED,Cybersecurity,2017-06-03,48.0,2021-06-03,0.0248123299369568,0.0435700687996811,Low,model-estimated recurrence probability,False,,2026-07-09
BOAMP:15-100455,SIREN:794304097,Nantes Métropole,794304097,,SIREN_ENRICHED,Cybersecurity,2015-11-20,48.0,2019-11-20,0.024794727069931,0.0435397525838581,Low,model-estimated recurrence probability,False,,2026-07-09
BOAMP:15-143083,SIREN:264900390,Centre Hospitalier de Cholet,264900390,,SIREN_ENRICHED,Cybersecurity,2015-09-18,48.0,2019-09-18,0.024794727069931,0.0435397525838581,Low,model-estimated recurrence probability,False,,2026-07-09
BOAMP:15-178791,SIREN:794304097,Nantes Métropole,794304097,,SIREN_ENRICHED,Cybersecurity,2015-11-30,48.0,2019-11-30,0.024794727069931,0.0435397525838581,Low,model-estimated recurrence probability,False,,2026-07-09
BOAMP:15-31076,SIREN:218501914,Ville de La Roche-sur-Yon,218501914,,SIREN_ENRICHED,Cybersecurity,2015-04-01,48.0,2019-04-01,0.024794727069931,0.0435397525838581,Low,model-estimated recurrence probability,False,,2026-07-09
BOAMP:15-86218,SIREN:264400136,CHU de Nantes,264400136,,SIREN_ENRICHED,Cybersecurity,2015-06-05,48.0,2019-06-05,0.024794727069931,0.0435397525838581,Low,model-estimated recurrence probability,False,,2026-07-09
BOAMP:19-46630,NAME:ch mans,CH LE MANS,,,NAME,Cybersecurity,2019-03-25,18.0,2020-09-25,0.0245982655962834,0.0432013442458502,Low,model-estimated recurrence probability,False,name_fallback_buyer_key;missing_siren_siret;,2026-07-09
BOAMP:21-88699,NAME:semitan,SEMITAN,,,NAME,IT Services & Consulting,2022-02-16,36.0,2025-02-16,0.0244844511476297,0.0430052496919328,Low,model-estimated recurrence probability,True,name_fallback_buyer_key;missing_siren_siret;,2026-07-09
BOAMP:22-74356,NAME:semitan,SEMITAN,,,NAME,IT Services & Consulting,2022-10-05,36.0,2025-10-05,0.0244844511476297,0.0430052496919328,Low,model-estimated recurrence probability,False,name_fallback_buyer_key;missing_siren_siret;,2026-07-09
BOAMP:21-50004,NAME:comcom estuaire sillon,Comcom Estuaire et Sillon,,,NAME,IT Services & Consulting,2021-07-27,36.0,2024-07-27,0.0244757615979901,0.042990276766748,Low,model-estimated recurrence probability,False,name_fallback_buyer_key;missing_siren_siret;,2026-07-09
BOAMP:21-54966,NAME:syndicat mixte gigalis,SYNDICAT MIXTE GIGALIS,,,NAME,IT Services & Consulting,2021-04-25,36.0,2024-04-25,0.0244757615979901,0.042990276766748,Low,model-estimated recurrence probability,False,name_fallback_buyer_key;missing_siren_siret;,2026-07-09
BOAMP:21-66086,NAME:regie dept passages eau vendee,Régie Dépt Passages d'Eau de Vendée,,,NAME,IT Services & Consulting,2021-05-17,36.0,2024-05-17,0.0244757615979901,0.042990276766748,Low,model-estimated recurrence probability,False,name_fallback_buyer_key;missing_siren_siret;,2026-07-09
BOAMP:16-14558,NAME:inra angers nantes,INRA Angers Nantes,,,NAME,IT Services & Consulting,2016-07-05,36.0,2019-07-05,0.0244323589287737,0.0429154867952167,Low,model-estimated recurrence probability,False,name_fallback_buyer_key;missing_siren_siret;,2026-07-09
BOAMP:16-98038,NAME:cte cnes vallee clisson,Cté de Cnes de la Vallée de Clisson,,,NAME,IT Services & Consulting,2016-07-04,36.0,2019-07-04,0.0244323589287737,0.0429154867952167,Low,model-estimated recurrence probability,True,name_fallback_buyer_key;missing_siren_siret;,2026-07-09
BOAMP:20-150503,SIREN:227200029,DEPARTEMENT DE LA SARTHE,227200029,,SIREN_ENRICHED,Telecom & Networks,2021-03-15,48.0,2025-03-15,0.0244178644687022,0.0428905093238877,Low,model-estimated recurrence probability,False,,2026-07-09
BOAMP:21-42297,SIREN:214401622,Commune de Saint-Herblain,214401622,,SIREN_ENRICHED,Telecom & Networks,2021-07-28,48.0,2025-07-28,0.0244178644687022,0.0428905093238877,Low,model-estimated recurrence probability,False,,2026-07-09
BOAMP:21-48340,SIREN:794304097,Nantes Métropole,794304097,,SIREN_ENRICHED,Telecom & Networks,2021-04-15,48.0,2025-04-15,0.0244178644687022,0.0428905093238877,Low,model-estimated recurrence probability,False,,2026-07-09
BOAMP:21-76634,SIREN:794304097,Nantes Métropole,794304097,,SIREN_ENRICHED,Telecom & Networks,2021-06-07,48.0,2025-06-07,0.0244178644687022,0.0428905093238877,Low,model-estimated recurrence probability,False,,2026-07-09
BOAMP:19-146419,SIREN:227200029,DEPARTEMENT DE LA SARTHE,227200029,,SIREN_ENRICHED,Telecom & Networks,2020-02-10,48.0,2024-02-10,0.0244091979594159,0.0428755745575005,Low,model-estimated recurrence probability,False,,2026-07-09
BOAMP:19-190328,SIREN:194909701,Université d'Angers,194909701,,SIREN_ENRICHED,Telecom & Networks,2020-06-04,48.0,2024-06-04,0.0244091979594159,0.0428755745575005,Low,model-estimated recurrence probability,False,,2026-07-09
BOAMP:20-19986,SIREN:264400136,CHU de Nantes,264400136,,SIREN_ENRICHED,Telecom & Networks,2020-02-09,48.0,2024-02-09,0.0244091979594159,0.0428755745575005,Low,model-estimated recurrence probability,False,,2026-07-09
BOAMP:20-23864,SIREN:247200132,Le Mans Métropole - Communauté Urbaine,247200132,,SIREN_ENRICHED,Telecom & Networks,2020-07-29,48.0,2024-07-29,0.0244091979594159,0.0428755745575005,Low,model-estimated recurrence probability,False,,2026-07-09
BOAMP:20-2441,SIREN:217500016,Ville du Mans,217500016,,SIREN_ENRICHED,Telecom & Networks,2020-06-29,48.0,2024-06-29,0.0244091979594159,0.0428755745575005,Low,model-estimated recurrence probability,False,,2026-07-09
BOAMP:20-28749,SIREN:214401093,COMMUNE DE NANTES,214401093,,SIREN_ENRICHED,Telecom & Networks,2020-03-11,48.0,2024-03-11,0.0244091979594159,0.0428755745575005,Low,model-estimated recurrence probability,False,,2026-07-09
BOAMP:18-128950,SIREN:194909701,Université d'Angers,194909701,,SIREN_ENRICHED,Telecom & Networks,2019-01-17,48.0,2023-01-17,0.0244005344491564,0.0428606447586202,Low,model-estimated recurrence probability,False,,2026-07-09
BOAMP:19-64938,SIREN:214900995,Ville de Cholet,214900995,,SIREN_ENRICHED,Telecom & Networks,2019-04-24,48.0,2023-04-24,0.0244005344491564,0.0428606447586202,Low,model-estimated recurrence probability,False,,2026-07-09
BOAMP:19-80203,SIREN:130029747,Université de Nantes,130029747,,SIREN_ENRICHED,Telecom & Networks,2019-05-24,48.0,2023-05-24,0.0244005344491564,0.0428606447586202,Low,model-estimated recurrence probability,False,,2026-07-09
BOAMP:19-90615,SIREN:214401846,COMMUNE DE SAINT NAZAIRE,214401846,,SIREN_ENRICHED,Telecom & Networks,2019-06-14,48.0,2023-06-14,0.0244005344491564,0.0428606447586202,Low,model-estimated recurrence probability,False,,2026-07-09
BOAMP:18-103911,SIREN:794304097,Nantes Métropole,794304097,,SIREN_ENRICHED,Telecom & Networks,2018-07-26,48.0,2022-07-26,0.0243918739369404,0.0428457199257564,Low,model-estimated recurrence probability,False,,2026-07-09
BOAMP:18-146489,SIREN:194909701,Université d'Angers,194909701,,SIREN_ENRICHED,Telecom & Networks,2018-10-20,48.0,2022-10-20,0.0243918739369404,0.0428457199257564,Low,model-estimated recurrence probability,False,,2026-07-09
BOAMP:18-154770,SIREN:227200029,DEPARTEMENT DE LA SARTHE,227200029,,SIREN_ENRICHED,Telecom & Networks,2018-11-05,48.0,2022-11-05,0.0243918739369404,0.0428457199257564,Low,model-estimated recurrence probability,False,,2026-07-09
BOAMP:18-40625,SIREN:244900015,Angers Loire Métropole,244900015,,SIREN_ENRICHED,Telecom & Networks,2018-03-23,48.0,2022-03-23,0.0243918739369404,0.0428457199257564,Low,model-estimated recurrence probability,False,,2026-07-09
BOAMP:18-51459,SIREN:234400034,Conseil régional des Pays de la Loire,234400034,,SIREN_ENRICHED,Telecom & Networks,2018-04-15,48.0,2022-04-15,0.0243918739369404,0.0428457199257564,Low,model-estimated recurrence probability,False,,2026-07-09
BOAMP:17-177418,SIREN:214401846,Commune de Saint-Nazaire,214401846,,SIREN_ENRICHED,Telecom & Networks,2017-12-20,48.0,2021-12-20,0.0243832164217849,0.0428308000574195,Low,model-estimated recurrence probability,False,,2026-07-09
BOAMP:17-78402,SIREN:288500010,SDIS 85,288500010,,SIREN_ENRICHED,Telecom & Networks,2017-06-06,48.0,2021-06-06,0.0243832164217849,0.0428308000574195,Low,model-estimated recurrence probability,False,missing_cpv;,2026-07-09
BOAMP:17-80573,SIREN:284400017,SDIS 44,284400017,,SIREN_ENRICHED,Telecom & Networks,2017-10-17,48.0,2021-10-17,0.0243832164217849,0.0428308000574195,Low,model-estimated recurrence probability,False,,2026-07-09
BOAMP:17-91935,SIREN:794304097,Nantes Métropole,794304097,,SIREN_ENRICHED,Telecom & Networks,2017-07-01,48.0,2021-07-01,0.0243832164217849,0.0428308000574195,Low,model-estimated recurrence probability,False,,2026-07-09
BOAMP:16-105530,SIREN:225300011,Conseil départemental de la Mayenne,225300011,,SIREN_ENRICHED,Telecom & Networks,2016-07-15,48.0,2020-07-15,0.0243745619027075,0.04281588515212,Low,model-estimated recurrence probability,False,,2026-07-09
BOAMP:16-55219,SIREN:225300011,Conseil départemental de la Mayenne,225300011,,SIREN_ENRICHED,Telecom & Networks,2016-04-18,48.0,2020-04-18,0.0243745619027075,0.04281588515212,Low,model-estimated recurrence probability,False,,2026-07-09
BOAMP:16-85619,SIREN:234400034,Conseil régional des Pays de la Loire,234400034,,SIREN_ENRICHED,Telecom & Networks,2016-10-12,48.0,2020-10-12,0.0243745619027075,0.04281588515212,Low,model-estimated recurrence probability,False,,2026-07-09
BOAMP:16-97484,SIREN:284900016,SDIS 49,284900016,,SIREN_ENRICHED,Telecom & Networks,2016-12-22,48.0,2020-12-22,0.0243745619027075,0.04281588515212,Low,model-estimated recurrence probability,False,,2026-07-09
BOAMP:15-115988,SIREN:244900015,Angers Loire Métropole,244900015,,SIREN_ENRICHED,Telecom & Networks,2015-07-27,48.0,2019-07-27,0.0243659103787257,0.0428009752083689,Low,model-estimated recurrence probability,False,,2026-07-09
BOAMP:15-134263,SIREN:940022890,CNDP,940022890,,SIREN_ENRICHED,Telecom & Networks,2015-09-02,48.0,2019-09-02,0.0243659103787257,0.0428009752083689,Low,model-estimated recurrence probability,False,,2026-07-09
BOAMP:21-26465,SIREN:264400136,CHU de Nantes,264400136,,SIREN_ENRICHED,IT Maintenance & Support,2021-06-29,48.0,2025-06-29,0.0242803148496622,0.0426534500083497,Low,duration imputed,False,,2026-07-09
BOAMP:21-3091,SIREN:532458809,Ville d'Angers,532458809,,SIREN_ENRICHED,Data & AI,2021-01-08,48.0,2025-01-08,0.0242803148496622,0.0426534500083497,Low,duration imputed,False,,2026-07-09
BOAMP:21-36213,SIREN:200041333,Communauté Communes Parthenay-Gâtine,200041333,,SIREN_ENRICHED,Cloud & Infrastructure,2021-03-18,48.0,2025-03-18,0.0242803148496622,0.0426534500083497,Low,duration imputed,False,,2026-07-09
BOAMP:21-85552,SIREN:794304097,Nantes Métropole,794304097,,SIREN_ENRICHED,Digital Workplace & Collaboration,2021-06-22,48.0,2025-06-22,0.0242803148496622,0.0426534500083497,Low,duration imputed,False,,2026-07-09
BOAMP:20-71814,SIREN:828620831,SAINT NAZAIRE AGGLOMERATION TOURISME,828620831,,SIREN_ENRICHED,GIS & Mapping,2020-06-04,48.0,2024-06-04,0.0242716959455703,0.0426385941102703,Low,duration imputed,False,missing_cpv;,2026-07-09
BOAMP:20-74988,SIREN:214401119,Commune de Notre Dame des Landes,214401119,,SIREN_ENRICHED,Data & AI,2020-06-11,48.0,2024-06-11,0.0242716959455703,0.0426385941102703,Low,duration imputed,False,missing_cpv;,2026-07-09
BOAMP:20-86796,SIREN:794304097,Nantes Métropole,794304097,,SIREN_ENRICHED,Data & AI,2020-07-07,48.0,2024-07-07,0.0242716959455703,0.0426385941102703,Low,duration imputed,False,,2026-07-09
BOAMP:20-892,SIREN:218501096,Commune des Herbiers,218501096,,SIREN_ENRICHED,Data & AI,2020-01-07,48.0,2024-01-07,0.0242716959455703,0.0426385941102703,Low,duration imputed,False,missing_cpv;,2026-07-09
BOAMP:19-70735,SIREN:227200029,DEPARTEMENT DE LA SARTHE,227200029,,SIREN_ENRICHED,IT Hardware & Equipment,2019-08-02,48.0,2023-08-02,0.0242630800248937,0.0426237431560261,Low,duration imputed,False,,2026-07-09
BOAMP:19-75615,SIREN:284400017,SDIS 44,284400017,,SIREN_ENRICHED,IT Maintenance & Support,2019-05-14,48.0,2023-05-14,0.0242630800248937,0.0426237431560261,Low,duration imputed,False,,2026-07-09
BOAMP:16-48130,SIREN:228500013,Département de la Vendée,228500013,,SIREN_ENRICHED,Data & AI,2017-01-09,48.0,2021-01-09,0.0242458571298717,0.0425940560731047,Low,duration imputed,False,missing_cpv;,2026-07-09
BOAMP:17-135447,SIREN:130029747,Université de Nantes,130029747,,SIREN_ENRICHED,Data & AI,2017-09-26,48.0,2021-09-26,0.0242458571298717,0.0425940560731047,Low,duration imputed,False,missing_cpv;,2026-07-09
BOAMP:17-168569,SIREN:794304097,Nantes Métropole,794304097,,SIREN_ENRICHED,GIS & Mapping,2017-11-29,48.0,2021-11-29,0.0242458571298717,0.0425940560731047,Low,duration imputed,False,,2026-07-09
BOAMP:17-69161,SIREN:217500016,Ville du Mans,217500016,,SIREN_ENRICHED,Data & AI,2017-05-17,48.0,2021-05-17,0.0242458571298717,0.0425940560731047,Low,duration imputed,False,,2026-07-09
BOAMP:17-97519,SIREN:214402042,Ville de Thouaré-sur-Loire,214402042,,SIREN_ENRICHED,Digital Workplace & Collaboration,2017-07-07,48.0,2021-07-07,0.0242458571298717,0.0425940560731047,Low,duration imputed,False,,2026-07-09
BOAMP:15-153008,SIREN:217500016,Ville du Mans,217500016,,SIREN_ENRICHED,Data & AI,2016-04-12,48.0,2020-04-12,0.0242372501535697,0.0425792199414589,Low,duration imputed,False,,2026-07-09
BOAMP:16-104455,SIREN:213503642,Ville de Noyal-Châtillon sur Seiche,213503642,,SIREN_ENRICHED,Data & AI,2016-07-13,48.0,2020-07-13,0.0242372501535697,0.0425792199414589,Low,duration imputed,False,missing_cpv;,2026-07-09
BOAMP:16-16627,SIREN:247200132,Le Mans Métropole - Communauté Urbaine,247200132,,SIREN_ENRICHED,Digital Workplace & Collaboration,2016-12-07,48.0,2020-12-07,0.0242372501535697,0.0425792199414589,Low,duration imputed,False,,2026-07-09
BOAMP:16-3447,SIREN:268504453,Centre Hospitalier Loire Vendée Océan,268504453,,SIREN_ENRICHED,Cloud & Infrastructure,2016-01-11,48.0,2020-01-11,0.0242372501535697,0.0425792199414589,Low,duration imputed,False,,2026-07-09
BOAMP:16-38113,SIREN:247200132,Le Mans Métropole - Communauté Urbaine,247200132,,SIREN_ENRICHED,Digital Workplace & Collaboration,2016-12-07,48.0,2020-12-07,0.0242372501535697,0.0425792199414589,Low,duration imputed,False,,2026-07-09
BOAMP:16-6135,SIREN:287200265,SDIS de la Sarthe,287200265,,SIREN_ENRICHED,Digital Workplace & Collaboration,2016-04-12,48.0,2020-04-12,0.0242372501535697,0.0425792199414589,Low,duration imputed,False,,2026-07-09
BOAMP:16-7903,SIREN:523699148,Ecole des Mines de Nantes,523699148,,SIREN_ENRICHED,IT Hardware & Equipment,2016-04-05,48.0,2020-04-05,0.0242372501535697,0.0425792199414589,Low,duration imputed,False,,2026-07-09
BOAMP:16-84729,SIREN:228500013,Département de la Vendée,228500013,,SIREN_ENRICHED,Digital Workplace & Collaboration,2016-09-13,48.0,2020-09-13,0.0242372501535697,0.0425792199414589,Low,duration imputed,False,,2026-07-09
BOAMP:15-124226,SIREN:227200029,Département de la Sarthe,227200029,,SIREN_ENRICHED,Digital Workplace & Collaboration,2015-08-10,48.0,2019-08-10,0.0242286461567697,0.0425643887477111,Low,duration imputed,False,,2026-07-09
BOAMP:15-164088,SIREN:214401622,Commune de Saint-Herblain,214401622,,SIREN_ENRICHED,Cloud & Infrastructure,2015-10-28,48.0,2019-10-28,0.0242286461567697,0.0425643887477111,Low,duration imputed,False,,2026-07-09
BOAMP:15-191209,SIREN:218501096,Commune des Herbiers,218501096,,SIREN_ENRICHED,IT Hardware & Equipment,2015-12-24,48.0,2019-12-24,0.0242286461567697,0.0425643887477111,Low,duration imputed,False,,2026-07-09
BOAMP:15-89263,SIREN:258500222,Vendée Eau,258500222,,SIREN_ENRICHED,Data & AI,2015-07-22,48.0,2019-07-22,0.0242286461567697,0.0425643887477111,Low,duration imputed,False,,2026-07-09
BOAMP:15-90148,SIREN:242900769,Concarneau Cornouaille Agglomération,242900769,,SIREN_ENRICHED,IT Hardware & Equipment,2015-06-15,48.0,2019-06-15,0.0242286461567697,0.0425643887477111,Low,duration imputed,False,,2026-07-09
BOAMP:23-122162,NAME:plongeoir cite cirque,LE PLONGEOIR - CITE DU CIRQUE,,,NAME,Telecom & Networks,2023-09-03,18.0,2025-03-03,0.0242071188372684,0.0425272800277652,Low,model-estimated recurrence probability,False,name_fallback_buyer_key;missing_siren_siret;,2026-07-09
BOAMP:20-71239,NAME:shema,SHEMA,,,NAME,Telecom & Networks,2020-06-05,18.0,2021-12-05,0.0241813470644087,0.0424828531038466,Low,model-estimated recurrence probability,True,name_fallback_buyer_key;missing_siren_siret;,2026-07-09
BOAMP:23-152074,NAME:garnache,LA GARNACHE,,,NAME,Unknown,2023-10-29,16.0,2025-02-28,0.0241724780645868,0.0424675637805673,Low,model-estimated recurrence probability,False,name_fallback_buyer_key;missing_siren_siret;,2026-07-09
BOAMP:20-136301,SIREN:200082139,COMMUNE LES SABLES D OLONNE,200082139,,SIREN_ENRICHED,Unknown,2021-03-01,48.0,2025-03-01,0.0238488095764561,0.0419094457380134,Low,model-estimated recurrence probability,False,,2026-07-09
BOAMP:21-123669,SIREN:200069474,COMMUNE DE OMBREE D ANJOU,200069474,,SIREN_ENRICHED,Unknown,2021-09-15,48.0,2025-09-15,0.0238488095764561,0.0419094457380134,Low,model-estimated recurrence probability,False,missing_cpv;,2026-07-09
BOAMP:23-52464,NAME:ctre hosp universitaire angers,CTRE HOSP UNIVERSITAIRE ANGERS,,,NAME,Data & AI,2023-08-04,24.0,2025-08-04,0.0238467380703732,0.041905872831997,Low,model-estimated recurrence probability,False,name_fallback_buyer_key;missing_siren_siret;,2026-07-09
BOAMP:23-87983,NAME:conseil general vendee,Conseil général de la Vendée,,,NAME,IT Hardware & Equipment,2023-06-25,24.0,2025-06-25,0.0238467380703732,0.041905872831997,Low,model-estimated recurrence probability,False,name_fallback_buyer_key;missing_siren_siret;,2026-07-09
BOAMP:22-104764,NAME:semitan,SEMITAN,,,NAME,Digital Workplace & Collaboration,2022-12-05,24.0,2024-12-05,0.0238382693149653,0.0418912659163697,Low,model-estimated recurrence probability,False,name_fallback_buyer_key;missing_siren_siret;,2026-07-09
BOAMP:19-17307,SIREN:214401093,COMMUNE DE NANTES,214401093,,SIREN_ENRICHED,Unknown,2019-06-27,48.0,2023-06-27,0.0238318735646029,0.0418802343941724,Low,model-estimated recurrence probability,False,,2026-07-09
BOAMP:21-20759,NAME:arafer,ARAFER,,,NAME,Cloud & Infrastructure,2021-02-12,24.0,2023-02-12,0.0238298034936693,0.0418766638696611,Low,model-estimated recurrence probability,False,name_fallback_buyer_key;missing_siren_siret;missing_cpv;,2026-07-09
BOAMP:18-126631,SIREN:225300011,DEPARTEMENT DE LA MAYENNE,225300011,,SIREN_ENRICHED,Unknown,2018-09-11,48.0,2022-09-11,0.0238234099592334,0.0418656360247009,Low,model-estimated recurrence probability,False,,2026-07-09
BOAMP:19-144868,NAME:conseil general vendee,Conseil général de la Vendée,,,NAME,Cloud & Infrastructure,2020-03-19,24.0,2022-03-19,0.0238213406055208,0.0418620666904037,Low,model-estimated recurrence probability,False,name_fallback_buyer_key;missing_siren_siret;,2026-07-09
BOAMP:20-149977,NAME:cte cnes pays chateau gontier,Cté cnes du Pays de Château de Gontier,,,NAME,Digital Workplace & Collaboration,2020-12-11,24.0,2022-12-11,0.0238213406055208,0.0418620666904037,Low,model-estimated recurrence probability,False,name_fallback_buyer_key;missing_siren_siret;,2026-07-09
BOAMP:17-104307,SIREN:214401846,Commune de Saint-Nazaire,214401846,,SIREN_ENRICHED,Unknown,2017-11-09,48.0,2021-11-09,0.0238149492862831,0.0418510425215716,Low,model-estimated recurrence probability,False,,2026-07-09
BOAMP:18-167431,NAME:cnieg,CNIEG,,,NAME,IT Maintenance & Support,2019-03-08,24.0,2021-03-08,0.0238128806495556,0.0418474743771297,Low,model-estimated recurrence probability,False,name_fallback_buyer_key;missing_siren_siret;,2026-07-09
BOAMP:16-63342,SIREN:794304097,Nantes Métropole,794304097,,SIREN_ENRICHED,Unknown,2016-10-13,48.0,2020-10-13,0.0238064915447878,0.0418364538833175,Low,model-estimated recurrence probability,False,,2026-07-09
BOAMP:15-20937,SIREN:214401093,Ville de Nantes,214401093,,SIREN_ENRICHED,Unknown,2015-03-03,48.0,2019-03-03,0.0237980367337842,0.0418218701084716,Low,model-estimated recurrence probability,False,,2026-07-09
BOAMP:15-31513,SIREN:214401432,Ville de Rezé,214401432,,SIREN_ENRICHED,Unknown,2015-03-02,48.0,2019-03-02,0.0237980367337842,0.0418218701084716,Low,model-estimated recurrence probability,False,,2026-07-09
BOAMP:15-82236,SIREN:214401432,Ville de Rezé,214401432,,SIREN_ENRICHED,Unknown,2015-06-01,48.0,2019-06-01,0.0237980367337842,0.0418218701084716,Low,model-estimated recurrence probability,False,,2026-07-09
BOAMP:17-58113,NAME:arafer,ARAFER,,,NAME,IT Maintenance & Support,2017-04-28,24.0,2019-04-28,0.02379596953032,0.041818304342664,Low,model-estimated recurrence probability,False,name_fallback_buyer_key;missing_siren_siret;,2026-07-09
BOAMP:17-68883,NAME:arafer,ARAFER,,,NAME,IT Maintenance & Support,2017-05-19,24.0,2019-05-19,0.02379596953032,0.041818304342664,Low,model-estimated recurrence probability,False,name_fallback_buyer_key;missing_siren_siret;,2026-07-09
BOAMP:16-103802,NAME:arafer,ARAFER,,,NAME,Data & AI,2016-07-13,24.0,2018-07-13,0.0237875183651227,0.041803726618539,Low,model-estimated recurrence probability,False,name_fallback_buyer_key;missing_siren_siret;,2026-07-09
BOAMP:16-184750,NAME:arafer,ARAFER,,,NAME,IT Maintenance & Support,2016-12-28,24.0,2018-12-28,0.0237875183651227,0.041803726618539,Low,model-estimated recurrence probability,False,name_fallback_buyer_key;missing_siren_siret;,2026-07-09
BOAMP:18-93488,NAME:spr pays loire,SPR Pays de la Loire,,,NAME,Unknown,2019-05-06,18.0,2020-11-06,0.0236092813643118,0.0414962345564633,Low,model-estimated recurrence probability,False,name_fallback_buyer_key;missing_siren_siret;,2026-07-09
BOAMP:19-177220,NAME:shema,SHEMA,,,NAME,Unknown,2019-11-28,18.0,2021-05-28,0.0236092813643118,0.0414962345564633,Low,model-estimated recurrence probability,True,name_fallback_buyer_key;missing_siren_siret;,2026-07-09
BOAMP:18-93359,NAME:spr pays loire,SPR Pays de la Loire,,,NAME,Unknown,2018-07-06,18.0,2020-01-06,0.0236008948986833,0.0414817642442935,Low,model-estimated recurrence probability,False,name_fallback_buyer_key;missing_siren_siret;,2026-07-09
BOAMP:21-156075,SIREN:224900019,Département de Maine-et-Loire,224900019,,SIREN_ENRICHED,Cybersecurity,2021-11-30,48.0,2025-11-30,0.0234685865379368,0.0412534496713463,Low,duration imputed,True,,2026-07-09
BOAMP:21-38984,SIREN:284400017,SDIS 44,284400017,,SIREN_ENRICHED,Cybersecurity,2021-03-23,48.0,2025-03-23,0.0234685865379368,0.0412534496713463,Low,duration imputed,False,,2026-07-09
BOAMP:20-67439,SIREN:284400017,SDIS 44,284400017,,SIREN_ENRICHED,Cybersecurity,2020-05-25,48.0,2024-05-25,0.0234602488489508,0.0412390603790788,Low,duration imputed,False,,2026-07-09
BOAMP:20-86183,SIREN:317665420,DRAGAGES PORTS,317665420,,SIREN_ENRICHED,Cybersecurity,2020-07-06,48.0,2024-07-06,0.0234602488489508,0.0412390603790788,Low,duration imputed,False,,2026-07-09
BOAMP:19-131225,SIREN:284400017,SDIS 44,284400017,,SIREN_ENRICHED,Cybersecurity,2019-08-29,48.0,2023-08-29,0.0234519140509599,0.0412246758900173,Low,duration imputed,False,,2026-07-09
BOAMP:19-131601,SIREN:284400017,SDIS 44,284400017,,SIREN_ENRICHED,Cybersecurity,2019-08-29,48.0,2023-08-29,0.0234519140509599,0.0412246758900173,Low,duration imputed,False,,2026-07-09
BOAMP:19-190109,SIREN:200054302,MONTREVAULT-SUR-ÈVRE,200054302,,SIREN_ENRICHED,Cybersecurity,2019-12-20,48.0,2023-12-20,0.0234519140509599,0.0412246758900173,Low,duration imputed,False,,2026-07-09
BOAMP:19-75795,SIREN:258500222,VENDEE EAU,258500222,,SIREN_ENRICHED,Cybersecurity,2019-05-15,48.0,2023-05-15,0.0234519140509599,0.0412246758900173,Low,duration imputed,False,,2026-07-09
BOAMP:17-144102,SIREN:130029747,Université de Nantes,130029747,,SIREN_ENRICHED,Cybersecurity,2018-02-01,48.0,2022-02-01,0.0234435821430123,0.0412102962027089,Low,duration imputed,False,,2026-07-09
BOAMP:17-174760,SIREN:284400017,SDIS 44,284400017,,SIREN_ENRICHED,Cybersecurity,2018-01-30,48.0,2022-01-30,0.0234435821430123,0.0412102962027089,Low,duration imputed,False,,2026-07-09
BOAMP:16-161115,SIREN:288500010,SDIS 85,288500010,,SIREN_ENRICHED,Cybersecurity,2017-01-25,48.0,2021-01-25,0.0234352531241562,0.0411959213157012,Low,duration imputed,False,,2026-07-09
BOAMP:17-104895,SIREN:264900390,Centre Hospitalier de Cholet,264900390,,SIREN_ENRICHED,Cybersecurity,2017-10-09,48.0,2021-10-09,0.0234352531241562,0.0411959213157012,Low,duration imputed,False,,2026-07-09
BOAMP:17-124242,SIREN:287200265,SDIS de la Sarthe,287200265,,SIREN_ENRICHED,Cybersecurity,2017-10-27,48.0,2021-10-27,0.0234352531241562,0.0411959213157012,Low,duration imputed,False,,2026-07-09
BOAMP:17-57345,SIREN:254902505,ANGERS NANTES OPERA syndicat mixte,254902505,,SIREN_ENRICHED,Cybersecurity,2017-04-25,48.0,2021-04-25,0.0234352531241562,0.0411959213157012,Low,duration imputed,False,missing_cpv;,2026-07-09
BOAMP:17-71852,SIREN:284900016,SDIS 49,284900016,,SIREN_ENRICHED,Cybersecurity,2017-07-21,48.0,2021-07-21,0.0234352531241562,0.0411959213157012,Low,duration imputed,False,,2026-07-09
BOAMP:17-97609,SIREN:284400017,SDIS 44,284400017,,SIREN_ENRICHED,Cybersecurity,2017-07-07,48.0,2021-07-07,0.0234352531241562,0.0411959213157012,Low,duration imputed,False,,2026-07-09
BOAMP:15-175210,SIREN:794304097,Nantes Métropole,794304097,,SIREN_ENRICHED,Cybersecurity,2016-02-25,48.0,2020-02-25,0.0234269269934406,0.0411815512275421,Low,duration imputed,False,,2026-07-09
BOAMP:16-10649,SIREN:284400017,SDIS 44,284400017,,SIREN_ENRICHED,Cybersecurity,2016-01-25,48.0,2020-01-25,0.0234269269934406,0.0411815512275421,Low,duration imputed,False,missing_cpv;,2026-07-09
BOAMP:16-30963,SIREN:228500013,Département de la Vendée,228500013,,SIREN_ENRICHED,Cybersecurity,2016-06-09,48.0,2020-06-09,0.0234269269934406,0.0411815512275421,Low,duration imputed,False,,2026-07-09
BOAMP:16-34964,SIREN:173501115,Cour d'Appel de Rennes,173501115,,SIREN_ENRICHED,Cybersecurity,2016-04-19,48.0,2020-04-19,0.0234269269934406,0.0411815512275421,Low,duration imputed,False,,2026-07-09
BOAMP:16-81907,SIREN:244900015,Angers Loire Métropole,244900015,,SIREN_ENRICHED,Cybersecurity,2016-11-28,48.0,2020-11-28,0.0234269269934406,0.0411815512275421,Low,duration imputed,False,,2026-07-09
BOAMP:16-92162,SIREN:218501914,Ville de La Roche-sur-Yon,218501914,,SIREN_ENRICHED,Cybersecurity,2016-12-19,48.0,2020-12-19,0.0234269269934406,0.0411815512275421,Low,duration imputed,False,,2026-07-09
BOAMP:15-33752,SIREN:234400034,Conseil régional des Pays de la Loire,234400034,,SIREN_ENRICHED,Cybersecurity,2015-06-29,48.0,2019-06-29,0.0234186037499142,0.0411671859367798,Low,duration imputed,False,,2026-07-09
BOAMP:15-95253,SIREN:264400136,CHU de Nantes,264400136,,SIREN_ENRICHED,Cybersecurity,2015-06-22,48.0,2019-06-22,0.0234186037499142,0.0411671859367798,Low,duration imputed,False,,2026-07-09
BOAMP:23-95188,NAME:cte cnes portes briardes,Cté Cnes LES PORTES BRIARDES,,,NAME,Unknown,2023-07-14,20.0,2025-03-14,0.0231245636549578,0.0406595757924991,Low,model-estimated recurrence probability,False,name_fallback_buyer_key;missing_siren_siret;,2026-07-09
BOAMP:16-111867,SIREN:224900019,Département de Maine-et-Loire,224900019,,SIREN_ENRICHED,IT Services & Consulting,2016-12-26,72.0,2022-12-26,0.0230766263992402,0.0405767983163036,Low,model-estimated recurrence probability,False,,2026-07-09
BOAMP:22-1668,SIREN:198513905,LYCEE POLYVALENT LEONARD DE VINCI,198513905,,SIREN_ENRICHED,Telecom & Networks,2022-01-05,48.0,2026-01-05,0.0230703621834428,0.0405659808887388,Low,duration imputed,False,,2026-07-09
BOAMP:21-35440,SIREN:194909701,Université d'Angers,194909701,,SIREN_ENRICHED,Telecom & Networks,2021-04-27,48.0,2025-04-27,0.0230621626305114,0.0405518212447139,Low,duration imputed,False,,2026-07-09
BOAMP:21-79179,SIREN:244400586,COMMUNAUTE DE COMMUNES DU SUD ESTUAIRE,244400586,,SIREN_ENRICHED,Telecom & Networks,2021-09-27,48.0,2025-09-27,0.0230621626305114,0.0405518212447139,Low,duration imputed,False,,2026-07-09
BOAMP:19-115344,SIREN:831928452,FONDATION PARTENARIALE POLYTECH,831928452,,SIREN_ENRICHED,Telecom & Networks,2020-04-16,48.0,2024-04-16,0.0230539659230526,0.0405376663343166,Low,duration imputed,False,,2026-07-09
BOAMP:19-179524,SIREN:200054336,COMMUNE DE MAUGES SUR LOIRE,200054336,,SIREN_ENRICHED,Telecom & Networks,2020-03-13,48.0,2024-03-13,0.0230539659230526,0.0405376663343166,Low,duration imputed,False,,2026-07-09
BOAMP:19-54309,SIREN:935367433,Conseil départemental Loire-Atlantique,935367433,,SIREN_ENRICHED,Telecom & Networks,2020-06-22,48.0,2024-06-22,0.0230539659230526,0.0405376663343166,Low,duration imputed,False,,2026-07-09
BOAMP:20-140005,SIREN:198513905,LYCEE POLYVALENT LEONARD DE VINCI,198513905,,SIREN_ENRICHED,Telecom & Networks,2020-11-16,48.0,2024-11-16,0.0230539659230526,0.0405376663343166,Low,duration imputed,False,,2026-07-09
BOAMP:20-45001,SIREN:451518641,VENDEE,451518641,,SIREN_ENRICHED,Telecom & Networks,2020-03-27,48.0,2024-03-27,0.0230539659230526,0.0405376663343166,Low,duration imputed,False,,2026-07-09
BOAMP:20-60923,SIREN:451518641,VENDEE,451518641,,SIREN_ENRICHED,Telecom & Networks,2020-08-10,48.0,2024-08-10,0.0230539659230526,0.0405376663343166,Low,duration imputed,False,,2026-07-09
BOAMP:20-67250,SIREN:174404301,Rectorat de l'Académie de Nantes,174404301,,SIREN_ENRICHED,Telecom & Networks,2020-05-22,48.0,2024-05-22,0.0230539659230526,0.0405376663343166,Low,duration imputed,False,,2026-07-09
BOAMP:20-88562,SIREN:451518641,VENDEE,451518641,,SIREN_ENRICHED,Telecom & Networks,2020-09-01,48.0,2024-09-01,0.0230539659230526,0.0405376663343166,Low,duration imputed,False,,2026-07-09
BOAMP:23-51088,NAME:conseil departemental loire atlanti,CONSEIL DEPARTEMENTAL DE LOIRE-ATLANTI,,,NAME,Cybersecurity,2023-10-20,24.0,2025-10-20,0.0230491624832315,0.0405293711808333,Low,model-estimated recurrence probability,False,name_fallback_buyer_key;missing_siren_siret;,2026-07-09
BOAMP:23-96123,NAME:ctre hosp universitaire angers,CTRE HOSP UNIVERSITAIRE ANGERS,,,NAME,Cybersecurity,2023-07-09,24.0,2025-07-09,0.0230491624832315,0.0405293711808333,Low,model-estimated recurrence probability,False,name_fallback_buyer_key;missing_siren_siret;,2026-07-09
BOAMP:19-142610,SIREN:224900019,Département de Maine-et-Loire,224900019,,SIREN_ENRICHED,Telecom & Networks,2019-09-20,48.0,2023-09-20,0.023045772060128,0.0405235161561104,Low,duration imputed,False,,2026-07-09
BOAMP:19-69736,SIREN:794304097,Nantes Métropole,794304097,,SIREN_ENRICHED,Telecom & Networks,2019-05-05,48.0,2023-05-05,0.023045772060128,0.0405235161561104,Low,duration imputed,False,,2026-07-09
BOAMP:22-95663,NAME:cd 44,CD 44,,,NAME,Cybersecurity,2022-07-09,24.0,2024-07-09,0.0230409702872852,0.0405152237758845,Low,model-estimated recurrence probability,False,name_fallback_buyer_key;missing_siren_siret;,2026-07-09
BOAMP:17-31647,SIREN:200052587,SYNDICAT MIXTE OUVERT ANJOU NUMERIQUE,200052587,,SIREN_ENRICHED,Telecom & Networks,2018-01-22,48.0,2022-01-22,0.0230375810407991,0.040509370708659,Low,duration imputed,False,,2026-07-09
BOAMP:18-125410,SIREN:409104007,association songo,409104007,,SIREN_ENRICHED,Telecom & Networks,2018-09-07,48.0,2022-09-07,0.0230375810407991,0.040509370708659,Low,duration imputed,False,,2026-07-09
BOAMP:18-153394,SIREN:214402158,COMMUNE DE VERTOU,214402158,,SIREN_ENRICHED,Telecom & Networks,2018-10-31,48.0,2022-10-31,0.0230375810407991,0.040509370708659,Low,duration imputed,False,,2026-07-09
BOAMP:18-38804,SIREN:214400558,Commune de La Baule,214400558,,SIREN_ENRICHED,Telecom & Networks,2018-03-20,48.0,2022-03-20,0.0230375810407991,0.040509370708659,Low,duration imputed,False,,2026-07-09
BOAMP:18-55179,SIREN:524795564,CARENE,524795564,,SIREN_ENRICHED,Telecom & Networks,2018-04-27,48.0,2022-04-27,0.0230375810407991,0.040509370708659,Low,duration imputed,True,,2026-07-09
BOAMP:18-79743,SIREN:198513905,LYCEE POLYVALENT LEONARD DE VINCI,198513905,,SIREN_ENRICHED,Telecom & Networks,2018-06-11,48.0,2022-06-11,0.0230375810407991,0.040509370708659,Low,duration imputed,False,,2026-07-09
BOAMP:17-103068,SIREN:241700434,COMMUNAUTE D AGGLOMERATION LA ROCHELLE,241700434,,SIREN_ENRICHED,Telecom & Networks,2017-08-10,48.0,2021-08-10,0.023029392864128,0.0404952299905261,Low,duration imputed,False,,2026-07-09
BOAMP:17-106453,SIREN:214401580,Mairie de Saint Etienne de Montluc,214401580,,SIREN_ENRICHED,Telecom & Networks,2017-07-24,48.0,2021-07-24,0.023029392864128,0.0404952299905261,Low,duration imputed,False,missing_cpv;,2026-07-09
BOAMP:17-141116,SIREN:217500016,Ville du Mans,217500016,,SIREN_ENRICHED,Telecom & Networks,2017-10-06,48.0,2021-10-06,0.023029392864128,0.0404952299905261,Low,duration imputed,False,,2026-07-09
BOAMP:17-161606,SIREN:524795564,CARENE,524795564,,SIREN_ENRICHED,Telecom & Networks,2017-11-23,48.0,2021-11-23,0.023029392864128,0.0404952299905261,Low,duration imputed,False,,2026-07-09
BOAMP:17-166932,SIREN:130025158,Casier judiciaire national,130025158,,SIREN_ENRICHED,Telecom & Networks,2017-11-27,48.0,2021-11-27,0.023029392864128,0.0404952299905261,Low,duration imputed,False,,2026-07-09
BOAMP:17-178496,SIREN:214401846,Commune de Saint-Nazaire,214401846,,SIREN_ENRICHED,Telecom & Networks,2017-12-21,48.0,2021-12-21,0.023029392864128,0.0404952299905261,Low,duration imputed,False,,2026-07-09
BOAMP:17-47467,SIREN:860800077,Société Loire Atlantique Développement,860800077,,SIREN_ENRICHED,Telecom & Networks,2017-06-29,48.0,2021-06-29,0.023029392864128,0.0404952299905261,Low,duration imputed,False,,2026-07-09
BOAMP:17-79002,SIREN:198513905,LYCEE POLYVALENT LEONARD DE VINCI,198513905,,SIREN_ENRICHED,Telecom & Networks,2017-06-07,48.0,2021-06-07,0.023029392864128,0.0404952299905261,Low,duration imputed,False,,2026-07-09
BOAMP:17-82963,SIREN:217500016,Ville du Mans,217500016,,SIREN_ENRICHED,Telecom & Networks,2017-10-09,48.0,2021-10-09,0.023029392864128,0.0404952299905261,Low,duration imputed,False,,2026-07-09
BOAMP:19-189641,NAME:communaute cnes terres montaigu,Communauté de Cnes Terres de Montaigu,,,NAME,Cybersecurity,2020-08-03,24.0,2022-08-03,0.0230245944235927,0.0404869431542896,Low,model-estimated recurrence probability,False,name_fallback_buyer_key;missing_siren_siret;,2026-07-09
BOAMP:20-6485,NAME:cnieg,CNIEG,,,NAME,Cybersecurity,2020-05-25,24.0,2022-05-25,0.0230245944235927,0.0404869431542896,Low,model-estimated recurrence probability,False,name_fallback_buyer_key;missing_siren_siret;,2026-07-09
BOAMP:15-142353,SIREN:217500016,Ville du Mans,217500016,,SIREN_ENRICHED,Telecom & Networks,2016-01-21,48.0,2020-01-21,0.023021207529177,0.0404810940002763,Low,duration imputed,False,,2026-07-09
BOAMP:15-187883,SIREN:227200029,Département de la Sarthe,227200029,,SIREN_ENRICHED,Telecom & Networks,2016-04-20,48.0,2020-04-20,0.023021207529177,0.0404810940002763,Low,duration imputed,False,missing_cpv;,2026-07-09
BOAMP:16-106204,SIREN:130029747,Université de Nantes,130029747,,SIREN_ENRICHED,Telecom & Networks,2016-11-17,48.0,2020-11-17,0.023021207529177,0.0404810940002763,Low,duration imputed,False,,2026-07-09
BOAMP:16-125901,SIREN:515163749,CPAM de Loire-Atlantique,515163749,,SIREN_ENRICHED,Telecom & Networks,2016-08-26,48.0,2020-08-26,0.023021207529177,0.0404810940002763,Low,duration imputed,False,missing_cpv;,2026-07-09
BOAMP:16-40838,SIREN:200083392,Laval Agglomération,200083392,,SIREN_ENRICHED,Telecom & Networks,2016-06-16,48.0,2020-06-16,0.023021207529177,0.0404810940002763,Low,duration imputed,False,missing_cpv;,2026-07-09
BOAMP:16-63210,SIREN:265300236,Centre hospitalier de Laval,265300236,,SIREN_ENRICHED,Telecom & Networks,2016-05-03,48.0,2020-05-03,0.023021207529177,0.0404810940002763,Low,duration imputed,False,,2026-07-09
BOAMP:16-73358,SIREN:217500016,Ville du Mans,217500016,,SIREN_ENRICHED,Telecom & Networks,2016-07-05,48.0,2020-07-05,0.023021207529177,0.0404810940002763,Low,duration imputed,False,,2026-07-09
BOAMP:16-77563,SIREN:198513905,LYCEE POLYVALENT LEONARD DE VINCI,198513905,,SIREN_ENRICHED,Telecom & Networks,2016-05-30,48.0,2020-05-30,0.023021207529177,0.0404810940002763,Low,duration imputed,False,,2026-07-09
BOAMP:16-83187,SIREN:532458809,Ville d'Angers,532458809,,SIREN_ENRICHED,Telecom & Networks,2016-06-07,48.0,2020-06-07,0.023021207529177,0.0404810940002763,Low,duration imputed,False,,2026-07-09
BOAMP:15-108645,SIREN:218502888,Ville de Talmont Saint Hilaire,218502888,,SIREN_ENRICHED,Telecom & Networks,2015-07-13,48.0,2019-07-13,0.0230130250350084,0.0404669627364739,Low,duration imputed,False,,2026-07-09
BOAMP:15-108955,SIREN:247200132,Le Mans Métropole - Communauté Urbaine,247200132,,SIREN_ENRICHED,Telecom & Networks,2015-07-13,48.0,2019-07-13,0.0230130250350084,0.0404669627364739,Low,duration imputed,False,missing_cpv;,2026-07-09
BOAMP:15-119589,SIREN:214402158,Ville de Vertou,214402158,,SIREN_ENRICHED,Telecom & Networks,2015-08-03,48.0,2019-08-03,0.0230130250350084,0.0404669627364739,Low,duration imputed,False,,2026-07-09
BOAMP:15-119639,SIREN:194401006,Ecole Centrale de Nantes,194401006,,SIREN_ENRICHED,Telecom & Networks,2015-11-03,48.0,2019-11-03,0.0230130250350084,0.0404669627364739,Low,duration imputed,False,,2026-07-09
BOAMP:15-146024,SIREN:214401093,Ville de Nantes,214401093,,SIREN_ENRICHED,Telecom & Networks,2015-12-17,48.0,2019-12-17,0.0230130250350084,0.0404669627364739,Low,duration imputed,False,,2026-07-09
BOAMP:15-33241,SIREN:264400136,CHU de Nantes,264400136,,SIREN_ENRICHED,Telecom & Networks,2015-09-11,48.0,2019-09-11,0.0230130250350084,0.0404669627364739,Low,duration imputed,False,,2026-07-09
BOAMP:15-54892,SIREN:288500010,SDIS 85,288500010,,SIREN_ENRICHED,Telecom & Networks,2015-04-10,48.0,2019-04-10,0.0230130250350084,0.0404669627364739,Low,duration imputed,False,,2026-07-09
BOAMP:15-56776,SIREN:532458809,Ville d'Angers,532458809,,SIREN_ENRICHED,Telecom & Networks,2015-04-15,48.0,2019-04-15,0.0230130250350084,0.0404669627364739,Low,duration imputed,False,,2026-07-09
BOAMP:15-65742,SIREN:217500016,Ville du Mans,217500016,,SIREN_ENRICHED,Telecom & Networks,2015-07-10,48.0,2019-07-10,0.0230130250350084,0.0404669627364739,Low,duration imputed,False,,2026-07-09
BOAMP:15-87511,SIREN:265300087,Centre Hospitalier du Haut Anjou,265300087,,SIREN_ENRICHED,Telecom & Networks,2015-06-09,48.0,2019-06-09,0.0230130250350084,0.0404669627364739,Low,duration imputed,False,missing_cpv;,2026-07-09
BOAMP:15-90876,SIREN:214401317,Commune de Pornic,214401317,,SIREN_ENRICHED,Telecom & Networks,2015-08-10,48.0,2019-08-10,0.0230130250350084,0.0404669627364739,Low,duration imputed,False,,2026-07-09
BOAMP:15-94958,SIREN:791052491,Ville d'Allonnes,791052491,,SIREN_ENRICHED,Telecom & Networks,2015-06-22,48.0,2019-06-22,0.0230130250350084,0.0404669627364739,Low,duration imputed,False,missing_cpv;,2026-07-09
BOAMP:15-95100,SIREN:247200132,Le Mans Métropole - Communauté Urbaine,247200132,,SIREN_ENRICHED,Telecom & Networks,2015-06-22,48.0,2019-06-22,0.0230130250350084,0.0404669627364739,Low,duration imputed,False,,2026-07-09
BOAMP:22-166149,NAME:gie epl vendee,GIE des EPL de Vendée,,,NAME,Software & Applications,2023-02-20,2.0,2023-04-20,0.0229987148655191,0.0404422484736852,Low,model-estimated recurrence probability,False,name_fallback_buyer_key;missing_siren_siret;,2026-07-09
BOAMP:23-32316,NAME:communaute agglomeration niortais,Communauté d'agglomération du Niortais,,,NAME,Telecom & Networks,2023-03-09,24.0,2025-03-09,0.022649833600175,0.0398395459687017,Low,model-estimated recurrence probability,True,name_fallback_buyer_key;missing_siren_siret;,2026-07-09
BOAMP:21-161507,NAME:sydela,SYDELA,,,NAME,Telecom & Networks,2022-01-27,24.0,2024-01-27,0.0226417800454074,0.0398256293630657,Low,model-estimated recurrence probability,False,name_fallback_buyer_key;missing_siren_siret;,2026-07-09
BOAMP:21-144079,NAME:ecole national sup arts metiers,Ecole National Sup. d'Arts et Métiers,,,NAME,Telecom & Networks,2021-10-28,24.0,2023-10-28,0.02263372928791,0.0398117174171609,Low,model-estimated recurrence probability,False,name_fallback_buyer_key;missing_siren_siret;,2026-07-09
BOAMP:21-86124,NAME:sydela,SYDELA,,,NAME,Telecom & Networks,2021-06-23,24.0,2023-06-23,0.02263372928791,0.0398117174171609,Low,model-estimated recurrence probability,False,name_fallback_buyer_key;missing_siren_siret;,2026-07-09
BOAMP:19-184300,NAME:cdc pays saint gilles cx vie,CDC du Pays de Saint Gilles Cx de Vie,,,NAME,Telecom & Networks,2020-02-11,24.0,2022-02-11,0.0226256813267585,0.0397978101295678,Low,model-estimated recurrence probability,False,name_fallback_buyer_key;missing_siren_siret;,2026-07-09
BOAMP:19-80016,NAME:universite maine,Université du Maine,,,NAME,Telecom & Networks,2019-10-10,24.0,2021-10-10,0.0226176361610286,0.0397839074988675,Low,model-estimated recurrence probability,False,name_fallback_buyer_key;missing_siren_siret;,2026-07-09
BOAMP:21-160020,SIREN:532458809,Ville d'Angers,532458809,,SIREN_ENRICHED,Unknown,2021-12-10,48.0,2025-12-10,0.0225239727348839,0.0396220375111782,Low,duration imputed,False,missing_cpv;,2026-07-09
BOAMP:21-87351,SIREN:214400186,COMMUNE DE BOUAYE,214400186,,SIREN_ENRICHED,Unknown,2021-06-27,48.0,2025-06-27,0.0225239727348839,0.0396220375111782,Low,duration imputed,False,,2026-07-09
BOAMP:20-120542,SIREN:211704150,Commune de Saintes,211704150,,SIREN_ENRICHED,Unknown,2020-10-02,48.0,2024-10-02,0.0225159629012173,0.039608193750538,Low,duration imputed,False,,2026-07-09
BOAMP:20-16573,SIREN:247200132,Le Mans Métropole - Communauté Urbaine,247200132,,SIREN_ENRICHED,Unknown,2020-02-03,48.0,2024-02-03,0.0225159629012173,0.039608193750538,Low,duration imputed,False,,2026-07-09
BOAMP:20-91666,SIREN:214400475,Mairie de Coueron,214400475,,SIREN_ENRICHED,Unknown,2020-07-17,48.0,2024-07-17,0.0225159629012173,0.039608193750538,Low,duration imputed,False,missing_cpv;,2026-07-09
BOAMP:25-24896,NAME:semitan,SEMITAN,,,NAME,Software & Applications,2025-03-06,4.0,2025-07-06,0.0225102249160193,0.0395982764232818,Low,model-estimated recurrence probability,False,name_fallback_buyer_key;missing_siren_siret;,2026-07-09
BOAMP:19-150722,SIREN:214400475,Mairie de Coueron,214400475,,SIREN_ENRICHED,Unknown,2019-10-04,48.0,2023-10-04,0.0225079558503683,0.039594354627428,Low,duration imputed,False,,2026-07-09
BOAMP:19-175237,SIREN:217200542,Commune de Champagné,217200542,,SIREN_ENRICHED,Unknown,2019-11-21,48.0,2023-11-21,0.0225079558503683,0.039594354627428,Low,duration imputed,False,,2026-07-09
BOAMP:18-146310,SIREN:214401325,VILLE DE PORNICHET,214401325,,SIREN_ENRICHED,Unknown,2018-10-18,48.0,2022-10-18,0.0224999515814167,0.039580520140434,Low,duration imputed,False,,2026-07-09
BOAMP:18-154720,SIREN:247200348,Communauté de communes Pays Fléchois,247200348,,SIREN_ENRICHED,Unknown,2018-11-05,48.0,2022-11-05,0.0224999515814167,0.039580520140434,Low,duration imputed,True,,2026-07-09
BOAMP:18-95630,SIREN:234400034,Conseil régional des Pays de la Loire,234400034,,SIREN_ENRICHED,Unknown,2018-07-09,48.0,2022-07-09,0.0224999515814167,0.039580520140434,Low,duration imputed,False,,2026-07-09
BOAMP:19-101998,SIREN:214400475,Mairie de Coueron,214400475,,SIREN_ENRICHED,IT Hardware & Equipment,2020-01-08,60.0,2025-01-08,0.0224987310837938,0.0395784106311762,Low,model-estimated recurrence probability,False,,2026-07-09
BOAMP:17-10167,SIREN:217203207,MAIRIE DE SAINT SATURNIN,217203207,,SIREN_ENRICHED,Unknown,2017-01-20,48.0,2021-01-20,0.0224919500934426,0.0395666902881421,Low,duration imputed,False,,2026-07-09
BOAMP:17-117591,SIREN:217201540,Commune de La Flèche,217201540,,SIREN_ENRICHED,Unknown,2017-08-18,48.0,2021-08-18,0.0224919500934426,0.0395666902881421,Low,duration imputed,True,,2026-07-09
BOAMP:17-135932,SIREN:188500490,Chambre de Commerce et d'Industrie,188500490,,SIREN_ENRICHED,Unknown,2017-09-28,48.0,2021-09-28,0.0224919500934426,0.0395666902881421,Low,duration imputed,False,,2026-07-09
BOAMP:17-80207,SIREN:214402042,Ville de Thouaré-sur-Loire,214402042,,SIREN_ENRICHED,Unknown,2017-06-08,48.0,2021-06-08,0.0224919500934426,0.0395666902881421,Low,duration imputed,False,missing_cpv;,2026-07-09
BOAMP:16-109854,SIREN:180046013,Centre des monuments nationaux,180046013,,SIREN_ENRICHED,Unknown,2016-07-25,48.0,2020-07-25,0.0224839513855263,0.039552865069139,Low,duration imputed,False,missing_cpv;,2026-07-09
BOAMP:16-137248,SIREN:403040850,Sarthe Habitat,403040850,,SIREN_ENRICHED,Unknown,2016-12-30,48.0,2020-12-30,0.0224839513855263,0.039552865069139,Low,duration imputed,False,,2026-07-09
BOAMP:16-166758,SIREN:217500016,Ville du Mans,217500016,,SIREN_ENRICHED,Unknown,2016-11-17,48.0,2020-11-17,0.0224839513855263,0.039552865069139,Low,duration imputed,False,missing_cpv;,2026-07-09
BOAMP:16-65569,SIREN:214400558,VILLE DE LA BAULE-ESCOUBLAC,214400558,,SIREN_ENRICHED,Unknown,2016-05-06,48.0,2020-05-06,0.0224839513855263,0.039552865069139,Low,duration imputed,False,,2026-07-09
BOAMP:18-71355,SIREN:217500016,Ville du Mans,217500016,,SIREN_ENRICHED,Digital Workplace & Collaboration,2018-10-17,60.0,2023-10-17,0.022482731735863,0.0395507569731067,Low,model-estimated recurrence probability,False,,2026-07-09
BOAMP:15-100830,SIREN:247200132,Le Mans Métropole - Communauté Urbaine,247200132,,SIREN_ENRICHED,Unknown,2015-07-01,48.0,2019-07-01,0.0224759554567486,0.0395390444820111,Low,duration imputed,False,,2026-07-09
BOAMP:15-56123,SIREN:247200132,Le Mans Métropole - Communauté Urbaine,247200132,,SIREN_ENRICHED,Unknown,2015-04-14,48.0,2019-04-14,0.0224759554567486,0.0395390444820111,Low,duration imputed,False,,2026-07-09
BOAMP:15-63153,SIREN:258500222,Vendée Eau,258500222,,SIREN_ENRICHED,Unknown,2015-04-27,48.0,2019-04-27,0.0224759554567486,0.0395390444820111,Low,duration imputed,False,,2026-07-09
BOAMP:17-147216,SIREN:865800767,Loire Ocean developpement,865800767,,SIREN_ENRICHED,Unknown,2017-10-23,54.0,2022-04-23,0.0222823168802132,0.0392042968830598,Low,model-estimated recurrence probability,False,,2026-07-09
BOAMP:22-142509,SIREN:794304097,Nantes Métropole,794304097,,SIREN_ENRICHED,Software & Applications,2022-10-24,36.0,2025-10-24,0.0222004072550826,0.0390626674633912,Low,model-estimated recurrence probability,True,,2026-07-09
BOAMP:19-51224,SIREN:391722881,GIE SESAM Vitale,391722881,,SIREN_ENRICHED,Software & Applications,2020-03-03,36.0,2023-03-03,0.0221846152371868,0.039035359511806,Low,model-estimated recurrence probability,False,,2026-07-09
BOAMP:20-106379,SIREN:194909701,Université d'Angers,194909701,,SIREN_ENRICHED,Software & Applications,2020-08-29,36.0,2023-08-29,0.0221846152371868,0.039035359511806,Low,model-estimated recurrence probability,False,,2026-07-09
BOAMP:17-102708,SIREN:234400034,Conseil régional des Pays de la Loire,234400034,,SIREN_ENRICHED,Software & Applications,2017-07-18,36.0,2020-07-18,0.0221609477933071,0.0389944319224984,Low,model-estimated recurrence probability,False,,2026-07-09
BOAMP:17-104235,SIREN:391722881,GIE SESAM Vitale,391722881,,SIREN_ENRICHED,Software & Applications,2017-07-22,36.0,2020-07-22,0.0221609477933071,0.0389944319224984,Low,model-estimated recurrence probability,False,,2026-07-09
BOAMP:17-73142,SIREN:247200132,Le Mans Métropole - Communauté Urbaine,247200132,,SIREN_ENRICHED,Software & Applications,2017-08-22,36.0,2020-08-22,0.0221609477933071,0.0389944319224984,Low,model-estimated recurrence probability,False,,2026-07-09
BOAMP:15-184251,SIREN:194909701,Université d'Angers,194909701,,SIREN_ENRICHED,Software & Applications,2016-05-02,36.0,2019-05-02,0.0221530641305027,0.0389807985439478,Low,model-estimated recurrence probability,True,,2026-07-09
BOAMP:16-17002,SIREN:214401432,Ville de Rezé,214401432,,SIREN_ENRICHED,Software & Applications,2016-02-04,36.0,2019-02-04,0.0221530641305027,0.0389807985439478,Low,model-estimated recurrence probability,False,,2026-07-09
BOAMP:15-173700,SIREN:214401432,Ville de Rezé,214401432,,SIREN_ENRICHED,Software & Applications,2015-11-17,36.0,2018-11-17,0.0221451832087623,0.038967169738674,Low,model-estimated recurrence probability,False,,2026-07-09
BOAMP:19-112517,NAME:gip vendee numerique,GIP Vendée Numérique,,,NAME,Unknown,2019-10-07,24.0,2021-10-07,0.0220895853923935,0.038871017384328,Low,model-estimated recurrence probability,False,name_fallback_buyer_key;missing_siren_siret;,2026-07-09
BOAMP:22-94809,NAME:com agglo reg nazairienne estuaire,COM D AGGLO REG NAZAIRIENNE ESTUAIRE,,,NAME,Software & Applications,2022-12-06,6.0,2023-06-06,0.0219927098132978,0.0387034583137827,Low,model-estimated recurrence probability,False,name_fallback_buyer_key;missing_siren_siret;,2026-07-09
BOAMP:19-142971,SIREN:214400459,MAIRIE DE CORDEMAIS,214400459,,SIREN_ENRICHED,Cybersecurity,2019-09-22,60.0,2024-09-22,0.0217374973981415,0.0382619140631644,Low,model-estimated recurrence probability,False,,2026-07-09
BOAMP:22-24441,NAME:semitan mandataire nantes metropole,SEMITAN mandataire de Nantes Métropole,,,NAME,Digital Workplace & Collaboration,2022-08-01,33.0,2025-05-01,0.0215737232641051,0.0379784753665523,Low,model-estimated recurrence probability,False,name_fallback_buyer_key;missing_siren_siret;,2026-07-09
BOAMP:21-155430,NAME:gpm nantes st nazaire,GPM de Nantes - St Nazaire,,,NAME,Software & Applications,2021-11-26,8.0,2022-07-26,0.0215021371916137,0.0378545609596565,Low,model-estimated recurrence probability,False,name_fallback_buyer_key;missing_siren_siret;,2026-07-09
BOAMP:19-13483,NAME:oniris,ONIRIS,,,NAME,Software & Applications,2020-04-02,8.0,2020-12-02,0.0214944827460644,0.037841310414368,Low,model-estimated recurrence probability,True,name_fallback_buyer_key;missing_siren_siret;,2026-07-09
BOAMP:21-141238,NAME:cte communes region blain,Cté de Communes de la Région de Blain,,,NAME,IT Services & Consulting,2021-10-21,48.0,2025-10-21,0.0214264565873554,0.0377235439852372,Low,model-estimated recurrence probability,False,name_fallback_buyer_key;missing_siren_siret;missing_cpv;,2026-07-09
BOAMP:21-155709,NAME:dirisi,DIRISI,,,NAME,IT Services & Consulting,2021-11-26,48.0,2025-11-26,0.0214264565873554,0.0377235439852372,Low,model-estimated recurrence probability,False,name_fallback_buyer_key;missing_siren_siret;,2026-07-09
BOAMP:21-35196,NAME:communaute agglomeration niortais,Communauté d'agglomération du Niortais,,,NAME,IT Services & Consulting,2021-03-16,48.0,2025-03-16,0.0214264565873554,0.0377235439852372,Low,model-estimated recurrence probability,False,name_fallback_buyer_key;missing_siren_siret;,2026-07-09
BOAMP:21-67958,NAME:com agglo reg nazairienne estuaire,COM D AGGLO REG NAZAIRIENNE ESTUAIRE,,,NAME,IT Services & Consulting,2021-10-01,48.0,2025-10-01,0.0214264565873554,0.0377235439852372,Low,model-estimated recurrence probability,False,name_fallback_buyer_key;missing_siren_siret;,2026-07-09
BOAMP:21-77056,NAME:destination rennes tourisme congres,DESTINATION RENNES Tourisme Congrès,,,NAME,IT Services & Consulting,2021-06-07,48.0,2025-06-07,0.0214264565873554,0.0377235439852372,Low,model-estimated recurrence probability,False,name_fallback_buyer_key;missing_siren_siret;,2026-07-09
BOAMP:21-8751,NAME:centre gestion fonction publi,CENTRE DE GESTION DE LA FONCTION PUBLI,,,NAME,IT Services & Consulting,2021-01-22,48.0,2025-01-22,0.0214264565873554,0.0377235439852372,Low,model-estimated recurrence probability,False,name_fallback_buyer_key;missing_siren_siret;,2026-07-09
BOAMP:20-10119,NAME:conseil general vendee,Conseil général de la Vendée,,,NAME,IT Services & Consulting,2020-09-10,48.0,2024-09-10,0.0214188284932624,0.0377103375034297,Low,model-estimated recurrence probability,False,name_fallback_buyer_key;missing_siren_siret;,2026-07-09
BOAMP:20-128054,NAME:communaute agglomeration niortais,Communauté d'agglomération du Niortais,,,NAME,IT Services & Consulting,2020-10-19,48.0,2024-10-19,0.0214188284932624,0.0377103375034297,Low,model-estimated recurrence probability,True,name_fallback_buyer_key;missing_siren_siret;,2026-07-09
BOAMP:20-17802,NAME:conseil general vendee,Conseil général de la Vendée,,,NAME,IT Services & Consulting,2020-10-29,48.0,2024-10-29,0.0214188284932624,0.0377103375034297,Low,model-estimated recurrence probability,False,name_fallback_buyer_key;missing_siren_siret;,2026-07-09
BOAMP:20-20672,NAME:conseil general vendee,Conseil général de la Vendée,,,NAME,IT Services & Consulting,2020-10-28,48.0,2024-10-28,0.0214188284932624,0.0377103375034297,Low,model-estimated recurrence probability,False,name_fallback_buyer_key;missing_siren_siret;,2026-07-09
BOAMP:20-37796,NAME:communaute agglomeration niortais,Communauté d'agglomération du Niortais,,,NAME,IT Services & Consulting,2020-03-12,48.0,2024-03-12,0.0214188284932624,0.0377103375034297,Low,model-estimated recurrence probability,False,name_fallback_buyer_key;missing_siren_siret;,2026-07-09
BOAMP:20-49221,NAME:conseil general vendee,Conseil général de la Vendée,,,NAME,IT Services & Consulting,2020-09-23,48.0,2024-09-23,0.0214188284932624,0.0377103375034297,Low,model-estimated recurrence probability,False,name_fallback_buyer_key;missing_siren_siret;,2026-07-09
BOAMP:20-50348,NAME:cte communes region blain,Cté de Communes de la Région de Blain,,,NAME,IT Services & Consulting,2020-04-08,48.0,2024-04-08,0.0214188284932624,0.0377103375034297,Low,model-estimated recurrence probability,True,name_fallback_buyer_key;missing_siren_siret;,2026-07-09
BOAMP:20-64610,NAME:cnieg,CNIEG,,,NAME,IT Services & Consulting,2020-09-21,48.0,2024-09-21,0.0214188284932624,0.0377103375034297,Low,model-estimated recurrence probability,False,name_fallback_buyer_key;missing_siren_siret;,2026-07-09
BOAMP:20-93724,NAME:arafer,ARAFER,,,NAME,IT Services & Consulting,2020-12-09,48.0,2024-12-09,0.0214188284932624,0.0377103375034297,Low,model-estimated recurrence probability,False,name_fallback_buyer_key;missing_siren_siret;,2026-07-09
BOAMP:20-94120,NAME:arafer,ARAFER,,,NAME,IT Services & Consulting,2020-12-10,48.0,2024-12-10,0.0214188284932624,0.0377103375034297,Low,model-estimated recurrence probability,False,name_fallback_buyer_key;missing_siren_siret;,2026-07-09
BOAMP:20-97380,NAME:cci nantes saint nazaire,CCI Nantes Saint-Nazaire,,,NAME,IT Services & Consulting,2020-11-18,48.0,2024-11-18,0.0214188284932624,0.0377103375034297,Low,model-estimated recurrence probability,False,name_fallback_buyer_key;missing_siren_siret;,2026-07-09
BOAMP:18-144285,NAME:agce enst fr etranger,AGCE POUR L ENST FR A L ETRANGER,,,NAME,IT Services & Consulting,2019-02-12,48.0,2023-02-12,0.0214112030554496,0.0376971354639041,Low,model-estimated recurrence probability,False,name_fallback_buyer_key;missing_siren_siret;,2026-07-09
BOAMP:18-179065,NAME:agce enst fr etranger,AGCE POUR L ENST FR A L ETRANGER,,,NAME,IT Services & Consulting,2019-03-25,48.0,2023-03-25,0.0214112030554496,0.0376971354639041,Low,model-estimated recurrence probability,False,name_fallback_buyer_key;missing_siren_siret;,2026-07-09
BOAMP:19-125270,NAME:ctre hosp universitaire angers,CTRE HOSP UNIVERSITAIRE ANGERS,,,NAME,IT Services & Consulting,2019-08-14,48.0,2023-08-14,0.0214112030554496,0.0376971354639041,Low,model-estimated recurrence probability,True,name_fallback_buyer_key;missing_siren_siret;,2026-07-09
BOAMP:19-150176,NAME:chd vendee,CHD VENDEE,,,NAME,IT Services & Consulting,2019-12-27,48.0,2023-12-27,0.0214112030554496,0.0376971354639041,Low,model-estimated recurrence probability,True,name_fallback_buyer_key;missing_siren_siret;,2026-07-09
BOAMP:19-15670,NAME:ctre hosp universitaire angers,CTRE HOSP UNIVERSITAIRE ANGERS,,,NAME,IT Services & Consulting,2019-07-30,48.0,2023-07-30,0.0214112030554496,0.0376971354639041,Low,model-estimated recurrence probability,True,name_fallback_buyer_key;missing_siren_siret;,2026-07-09
BOAMP:19-66871,NAME:communaute communes grand lieu,Communauté de Communes de Grand Lieu,,,NAME,IT Services & Consulting,2019-04-26,48.0,2023-04-26,0.0214112030554496,0.0376971354639041,Low,model-estimated recurrence probability,False,name_fallback_buyer_key;missing_siren_siret;,2026-07-09
BOAMP:17-115928,NAME:ademe,ADEME,,,NAME,IT Services & Consulting,2018-04-24,48.0,2022-04-24,0.0214035802730341,0.037683937865293,Low,model-estimated recurrence probability,False,name_fallback_buyer_key;missing_siren_siret;,2026-07-09
BOAMP:18-125586,NAME:agce enst fr etranger,AGCE POUR L ENST FR A L ETRANGER,,,NAME,IT Services & Consulting,2018-09-07,48.0,2022-09-07,0.0214035802730341,0.037683937865293,Low,model-estimated recurrence probability,True,name_fallback_buyer_key;missing_siren_siret;,2026-07-09
BOAMP:18-148384,NAME:ccir pays loire,CCIR Pays de la Loire,,,NAME,IT Services & Consulting,2018-12-26,48.0,2022-12-26,0.0214035802730341,0.037683937865293,Low,model-estimated recurrence probability,False,name_fallback_buyer_key;missing_siren_siret;,2026-07-09
BOAMP:18-55455,NAME:sdis49,SDIS49,,,NAME,IT Services & Consulting,2018-07-24,48.0,2022-07-24,0.0214035802730341,0.037683937865293,Low,model-estimated recurrence probability,False,name_fallback_buyer_key;missing_siren_siret;,2026-07-09
BOAMP:18-66502,NAME:agce enst fr etranger,AGCE POUR L ENST FR A L ETRANGER,,,NAME,IT Services & Consulting,2018-05-16,48.0,2022-05-16,0.0214035802730341,0.037683937865293,Low,model-estimated recurrence probability,True,name_fallback_buyer_key;missing_siren_siret;,2026-07-09
BOAMP:18-90932,NAME:agence regionale pays loire ti,Agence Régionale Pays de la Loire TI,,,NAME,IT Services & Consulting,2018-07-01,48.0,2022-07-01,0.0214035802730341,0.037683937865293,Low,model-estimated recurrence probability,False,name_fallback_buyer_key;missing_siren_siret;,2026-07-09
BOAMP:16-83013,NAME:dir ouest,DIR Ouest,,,NAME,IT Services & Consulting,2017-01-26,48.0,2021-01-26,0.0213959601451335,0.0376707447062288,Low,model-estimated recurrence probability,False,name_fallback_buyer_key;missing_siren_siret;,2026-07-09
BOAMP:17-129931,NAME:cmar pays loire,CMAR Pays de La Loire,,,NAME,IT Services & Consulting,2017-09-17,48.0,2021-09-17,0.0213959601451335,0.0376707447062288,Low,model-estimated recurrence probability,False,name_fallback_buyer_key;missing_siren_siret;,2026-07-09
BOAMP:17-130980,NAME:e collectivites vendee,e-Collectivités Vendée,,,NAME,IT Services & Consulting,2017-09-17,48.0,2021-09-17,0.0213959601451335,0.0376707447062288,Low,model-estimated recurrence probability,False,name_fallback_buyer_key;missing_siren_siret;,2026-07-09
BOAMP:17-14320,NAME:agence regionale pays loire ti,Agence Régionale Pays de la Loire TI,,,NAME,IT Services & Consulting,2017-02-01,48.0,2021-02-01,0.0213959601451335,0.0376707447062288,Low,model-estimated recurrence probability,False,name_fallback_buyer_key;missing_siren_siret;,2026-07-09
BOAMP:17-148560,NAME:cc pays chantonnay,CC DU PAYS DE CHANTONNAY,,,NAME,IT Services & Consulting,2017-10-22,48.0,2021-10-22,0.0213959601451335,0.0376707447062288,Low,model-estimated recurrence probability,False,name_fallback_buyer_key;missing_siren_siret;,2026-07-09
BOAMP:17-59442,NAME:ademe,ADEME,,,NAME,IT Services & Consulting,2017-05-19,48.0,2021-05-19,0.0213959601451335,0.0376707447062288,Low,model-estimated recurrence probability,False,name_fallback_buyer_key;missing_siren_siret;,2026-07-09
BOAMP:15-42843,NAME:cte cnes ile noirmoutier,Cté de Cnes de l'Ile de Noirmoutier,,,NAME,IT Services & Consulting,2015-03-24,48.0,2019-03-24,0.0213807278493489,0.0376443717012755,Low,model-estimated recurrence probability,True,name_fallback_buyer_key;missing_siren_siret;,2026-07-09
BOAMP:15-58339,NAME:cnieg,CNIEG,,,NAME,IT Services & Consulting,2015-07-22,48.0,2019-07-22,0.0213807278493489,0.0376443717012755,Low,model-estimated recurrence probability,False,name_fallback_buyer_key;missing_siren_siret;,2026-07-09
BOAMP:19-183493,SIREN:200058899,COMMUNE DE BEAUFORT EN ANJOU,200058899,,SIREN_ENRICHED,Telecom & Networks,2020-03-18,60.0,2025-03-18,0.0213680041118847,0.0376223415038758,Low,model-estimated recurrence probability,False,,2026-07-09
BOAMP:15-122609,SIREN:214400269,Ville de Carquefou,214400269,,SIREN_ENRICHED,Telecom & Networks,2015-12-18,60.0,2020-12-18,0.021329991905736,0.0375565236234451,Low,model-estimated recurrence probability,False,,2026-07-09
BOAMP:18-101099,SIREN:244900015,Angers Loire Métropole,244900015,,SIREN_ENRICHED,IT Services & Consulting,2018-12-20,80.0,2025-08-20,0.0211312328245311,0.0372123102557329,Low,model-estimated recurrence probability,False,,2026-07-09
BOAMP:21-170353,NAME:ch mans,CH LE MANS,,,NAME,Software & Applications,2022-06-02,12.0,2023-06-02,0.0205748775438582,0.0362482416146586,Low,model-estimated recurrence probability,False,name_fallback_buyer_key;missing_siren_siret;,2026-07-09
BOAMP:22-134715,NAME:conseil departemental loire atlanti,CONSEIL DEPARTEMENTAL DE LOIRE-ATLANTI,,,NAME,Software & Applications,2022-10-07,12.0,2023-10-07,0.0205748775438582,0.0362482416146586,Low,model-estimated recurrence probability,False,name_fallback_buyer_key;missing_siren_siret;,2026-07-09
BOAMP:22-166133,NAME:gie epl vendee,GIE des EPL de Vendée,,,NAME,Software & Applications,2022-12-18,12.0,2023-12-18,0.0205748775438582,0.0362482416146586,Low,model-estimated recurrence probability,True,name_fallback_buyer_key;missing_siren_siret;,2026-07-09
BOAMP:20-115241,NAME:ch mans,CH LE MANS,,,NAME,Software & Applications,2021-02-08,12.0,2022-02-08,0.020567546250799,0.0362355321667515,Low,model-estimated recurrence probability,False,name_fallback_buyer_key;missing_siren_siret;,2026-07-09
BOAMP:21-37354,NAME:ch mans,CH LE MANS,,,NAME,Software & Applications,2021-08-31,12.0,2022-08-31,0.020567546250799,0.0362355321667515,Low,model-estimated recurrence probability,False,name_fallback_buyer_key;missing_siren_siret;,2026-07-09
BOAMP:21-50713,NAME:ch mans,CH LE MANS,,,NAME,Software & Applications,2021-04-15,12.0,2022-04-15,0.020567546250799,0.0362355321667515,Low,model-estimated recurrence probability,False,name_fallback_buyer_key;missing_siren_siret;missing_cpv;,2026-07-09
BOAMP:20-94462,NAME:ch mans,CH LE MANS,,,NAME,Software & Applications,2020-10-06,12.0,2021-10-06,0.020560217515207,0.0362228270075745,Low,model-estimated recurrence probability,False,name_fallback_buyer_key;missing_siren_siret;,2026-07-09
BOAMP:17-23490,NAME:chd vendee,CHD VENDEE,,,NAME,Software & Applications,2017-02-18,12.0,2018-02-18,0.0205382466447054,0.0361847372491273,Low,model-estimated recurrence probability,True,name_fallback_buyer_key;missing_siren_siret;,2026-07-09
BOAMP:16-158411,NAME:institut 4 10,INSTITUT 4.10,,,NAME,Software & Applications,2016-10-28,12.0,2017-10-28,0.0205309281304544,0.0361720492315759,Low,model-estimated recurrence probability,True,name_fallback_buyer_key;missing_siren_siret;,2026-07-09
BOAMP:16-81005,NAME:arafer,ARAFER,,,NAME,Software & Applications,2016-06-04,12.0,2017-06-04,0.0205309281304544,0.0361720492315759,Low,model-estimated recurrence probability,False,name_fallback_buyer_key;missing_siren_siret;,2026-07-09
BOAMP:15-30947,NAME:smictom vallee authion,SMICTOM de la Vallée de l'Authion,,,NAME,Software & Applications,2015-03-02,12.0,2016-03-02,0.0205236121694079,0.0361593654961089,Low,model-estimated recurrence probability,True,name_fallback_buyer_key;missing_siren_siret;,2026-07-09
BOAMP:20-70680,SIREN:224900019,Département de Maine-et-Loire,224900019,,SIREN_ENRICHED,Telecom & Networks,2020-07-27,64.0,2025-11-27,0.0204391214881782,0.036012872920089,Low,model-estimated recurrence probability,False,,2026-07-09
BOAMP:21-113571,NAME:sdis49,SDIS49,,,NAME,IT Services & Consulting,2021-12-02,48.0,2025-12-02,0.0202333958239234,0.0356560988172763,Low,duration imputed,False,name_fallback_buyer_key;missing_siren_siret;,2026-07-09
BOAMP:21-133433,NAME:syndicat mixte dvlpt numerique,SYNDICAT MIXTE POUR LE DVLPT NUMERIQUE,,,NAME,IT Services & Consulting,2021-10-05,48.0,2025-10-05,0.0202333958239234,0.0356560988172763,Low,duration imputed,False,name_fallback_buyer_key;missing_siren_siret;,2026-07-09
BOAMP:21-135182,NAME:regie dept passages eau vendee,Régie Dépt Passages d'Eau de Vendée,,,NAME,IT Services & Consulting,2021-10-08,48.0,2025-10-08,0.0202333958239234,0.0356560988172763,Low,duration imputed,False,name_fallback_buyer_key;missing_siren_siret;,2026-07-09
BOAMP:21-156783,NAME:ctre hosp universitaire angers,CTRE HOSP UNIVERSITAIRE ANGERS,,,NAME,IT Services & Consulting,2021-11-26,48.0,2025-11-26,0.0202333958239234,0.0356560988172763,Low,duration imputed,True,name_fallback_buyer_key;missing_siren_siret;,2026-07-09
BOAMP:20-13447,NAME:inra angers nantes,INRA ANGERS NANTES,,,NAME,IT Services & Consulting,2020-10-20,48.0,2024-10-20,0.0202261836957308,0.0356435893093308,Low,duration imputed,False,name_fallback_buyer_key;missing_siren_siret;,2026-07-09
BOAMP:20-91196,NAME:espacil habitat,Espacil Habitat,,,NAME,IT Services & Consulting,2020-07-19,48.0,2024-07-19,0.0202261836957308,0.0356435893093308,Low,duration imputed,True,name_fallback_buyer_key;missing_siren_siret;,2026-07-09
BOAMP:19-110311,NAME:epf vendee,EPF de la Vendée,,,NAME,IT Services & Consulting,2019-07-16,48.0,2023-07-16,0.0202189740852268,0.0356310840280338,Low,duration imputed,True,name_fallback_buyer_key;missing_siren_siret;,2026-07-09
BOAMP:19-117328,NAME:ctre hosp universitaire angers,CTRE HOSP UNIVERSITAIRE ANGERS,,,NAME,IT Services & Consulting,2019-07-26,48.0,2023-07-26,0.0202189740852268,0.0356310840280338,Low,duration imputed,True,name_fallback_buyer_key;missing_siren_siret;,2026-07-09
BOAMP:19-145845,NAME:ctre hosp universitaire angers,CTRE HOSP UNIVERSITAIRE ANGERS,,,NAME,IT Services & Consulting,2019-09-26,48.0,2023-09-26,0.0202189740852268,0.0356310840280338,Low,duration imputed,True,name_fallback_buyer_key;missing_siren_siret;,2026-07-09
BOAMP:19-33752,NAME:chbr reg metiers artisanat nouv aquit,CHBR REG METIERS ARTISANAT NOUV AQUIT,,,NAME,IT Services & Consulting,2019-03-01,48.0,2023-03-01,0.0202189740852268,0.0356310840280338,Low,duration imputed,False,name_fallback_buyer_key;missing_siren_siret;,2026-07-09
BOAMP:19-34598,NAME:gpm nantes st nazaire,GPM de Nantes - St Nazaire,,,NAME,IT Services & Consulting,2019-03-05,48.0,2023-03-05,0.0202189740852268,0.0356310840280338,Low,duration imputed,False,name_fallback_buyer_key;missing_siren_siret;,2026-07-09
BOAMP:19-43213,NAME:ctre hosp universitaire angers,CTRE HOSP UNIVERSITAIRE ANGERS,,,NAME,IT Services & Consulting,2019-03-20,48.0,2023-03-20,0.0202189740852268,0.0356310840280338,Low,duration imputed,False,name_fallback_buyer_key;missing_siren_siret;,2026-07-09
BOAMP:19-50622,NAME:iphv hauts thebaudieres,IPHV LES HAUTS THEBAUDIERES,,,NAME,IT Services & Consulting,2019-03-29,48.0,2023-03-29,0.0202189740852268,0.0356310840280338,Low,duration imputed,False,name_fallback_buyer_key;missing_siren_siret;,2026-07-09
BOAMP:18-110962,NAME:regie dept passages eau vendee,Régie Dépt Passages d'Eau de Vendée,,,NAME,IT Services & Consulting,2018-08-02,48.0,2022-08-02,0.0202117669915702,0.0356185829720709,Low,duration imputed,False,name_fallback_buyer_key;missing_siren_siret;,2026-07-09
BOAMP:18-127661,NAME:ccir pays loire,CCIR Pays de la Loire,,,NAME,IT Services & Consulting,2018-09-13,48.0,2022-09-13,0.0202117669915702,0.0356185829720709,Low,duration imputed,False,name_fallback_buyer_key;missing_siren_siret;,2026-07-09
BOAMP:18-137958,NAME:grand t theatre loire atlantique,Le Grand T - Théâtre Loire-Atlantique,,,NAME,IT Services & Consulting,2018-10-03,48.0,2022-10-03,0.0202117669915702,0.0356185829720709,Low,duration imputed,False,name_fallback_buyer_key;missing_siren_siret;,2026-07-09
BOAMP:18-29896,NAME:cnieg,CNIEG,,,NAME,IT Services & Consulting,2018-03-02,48.0,2022-03-02,0.0202117669915702,0.0356185829720709,Low,duration imputed,False,name_fallback_buyer_key;missing_siren_siret;,2026-07-09
BOAMP:18-8615,NAME:gcs esante pays loire,GCS eSanté Pays de la Loire,,,NAME,IT Services & Consulting,2018-06-04,48.0,2022-06-04,0.0202117669915702,0.0356185829720709,Low,duration imputed,False,name_fallback_buyer_key;missing_siren_siret;,2026-07-09
BOAMP:18-86992,NAME:ville arnage,Ville d'Arnage,,,NAME,IT Services & Consulting,2018-06-22,48.0,2022-06-22,0.0202117669915702,0.0356185829720709,Low,duration imputed,False,name_fallback_buyer_key;missing_siren_siret;,2026-07-09
BOAMP:17-117075,NAME:syndicat mixte dvlpt numerique,SYNDICAT MIXTE POUR LE DVLPT NUMERIQUE,,,NAME,IT Services & Consulting,2017-08-17,48.0,2021-08-17,0.0202045624139203,0.0356060861401283,Low,duration imputed,False,name_fallback_buyer_key;missing_siren_siret;,2026-07-09
BOAMP:17-119142,NAME:prefecture,Préfecture,,,NAME,IT Services & Consulting,2017-08-23,48.0,2021-08-23,0.0202045624139203,0.0356060861401283,Low,duration imputed,False,name_fallback_buyer_key;missing_siren_siret;,2026-07-09
BOAMP:17-66007,NAME:ch mans,CH LE MANS,,,NAME,IT Services & Consulting,2017-05-12,48.0,2021-05-12,0.0202045624139203,0.0356060861401283,Low,duration imputed,False,name_fallback_buyer_key;missing_siren_siret;,2026-07-09
BOAMP:17-90424,NAME:regie dept passages eau vendee,Régie Dépt Passages d'Eau de Vendée,,,NAME,IT Services & Consulting,2017-06-27,48.0,2021-06-27,0.0202045624139203,0.0356060861401283,Low,duration imputed,False,name_fallback_buyer_key;missing_siren_siret;,2026-07-09
BOAMP:15-154566,NAME:cnieg,CNIEG,,,NAME,IT Services & Consulting,2016-01-28,48.0,2020-01-28,0.0201973603514363,0.0355935935308922,Low,duration imputed,False,name_fallback_buyer_key;missing_siren_siret;,2026-07-09
BOAMP:15-185112,NAME:conseil general vendee,Conseil général de la Vendée,,,NAME,IT Services & Consulting,2016-04-11,48.0,2020-04-11,0.0201973603514363,0.0355935935308922,Low,duration imputed,False,name_fallback_buyer_key;missing_siren_siret;,2026-07-09
BOAMP:16-131471,NAME:insee,INSEE,,,NAME,IT Services & Consulting,2016-12-05,48.0,2020-12-05,0.0201973603514363,0.0355935935308922,Low,duration imputed,True,name_fallback_buyer_key;missing_siren_siret;,2026-07-09
BOAMP:16-20531,NAME:dreal pays loire,DREAL Pays de la Loire,,,NAME,IT Services & Consulting,2016-02-23,48.0,2020-02-23,0.0201973603514363,0.0355935935308922,Low,duration imputed,False,name_fallback_buyer_key;missing_siren_siret;,2026-07-09
BOAMP:16-23686,NAME:cte cnes coeur estuaire,Cté Cnes Coeur d'Estuaire,,,NAME,IT Services & Consulting,2016-06-17,48.0,2020-06-17,0.0201973603514363,0.0355935935308922,Low,duration imputed,False,name_fallback_buyer_key;missing_siren_siret;,2026-07-09
BOAMP:16-25827,NAME:cg49,CG49,,,NAME,IT Services & Consulting,2016-05-12,48.0,2020-05-12,0.0201973603514363,0.0355935935308922,Low,duration imputed,False,name_fallback_buyer_key;missing_siren_siret;,2026-07-09
BOAMP:16-2771,NAME:conseil general vendee,Conseil général de la Vendée,,,NAME,IT Services & Consulting,2016-04-11,48.0,2020-04-11,0.0201973603514363,0.0355935935308922,Low,duration imputed,False,name_fallback_buyer_key;missing_siren_siret;,2026-07-09
BOAMP:16-28465,NAME:syndicat departemental energie,Syndicat Départemental d'Energie,,,NAME,IT Services & Consulting,2016-03-01,48.0,2020-03-01,0.0201973603514363,0.0355935935308922,Low,duration imputed,False,name_fallback_buyer_key;missing_siren_siret;,2026-07-09
BOAMP:16-30715,NAME:cg49,CG49,,,NAME,IT Services & Consulting,2016-05-12,48.0,2020-05-12,0.0201973603514363,0.0355935935308922,Low,duration imputed,False,name_fallback_buyer_key;missing_siren_siret;,2026-07-09
BOAMP:16-4040,NAME:cte communes pays herbiers,Cté de Communes du Pays des Herbiers,,,NAME,IT Services & Consulting,2016-01-12,48.0,2020-01-12,0.0201973603514363,0.0355935935308922,Low,duration imputed,False,name_fallback_buyer_key;missing_siren_siret;,2026-07-09
BOAMP:16-98551,NAME:cnieg,CNIEG,,,NAME,IT Services & Consulting,2016-07-01,48.0,2020-07-01,0.0201973603514363,0.0355935935308922,Low,duration imputed,False,name_fallback_buyer_key;missing_siren_siret;,2026-07-09
BOAMP:15-114783,NAME:cnieg,CNIEG,,,NAME,IT Services & Consulting,2015-07-23,48.0,2019-07-23,0.0201901608032781,0.0355811051430493,Low,duration imputed,False,name_fallback_buyer_key;missing_siren_siret;,2026-07-09
BOAMP:15-144405,NAME:regie dept passages eau vendee,Régie Dépt Passages d'Eau de Vendée,,,NAME,IT Services & Consulting,2015-09-22,48.0,2019-09-22,0.0201901608032781,0.0355811051430493,Low,duration imputed,False,name_fallback_buyer_key;missing_siren_siret;,2026-07-09
BOAMP:15-78724,NAME:e collectivites vendee,e-Collectivités Vendée,,,NAME,IT Services & Consulting,2015-05-22,48.0,2019-05-22,0.0201901608032781,0.0355811051430493,Low,duration imputed,False,name_fallback_buyer_key;missing_siren_siret;,2026-07-09
BOAMP:15-81231,NAME:saem vendee,SAEM Vendée,,,NAME,IT Services & Consulting,2015-09-28,48.0,2019-09-28,0.0201901608032781,0.0355811051430493,Low,duration imputed,True,name_fallback_buyer_key;missing_siren_siret;,2026-07-09
BOAMP:15-96106,NAME:cnieg,CNIEG,,,NAME,IT Services & Consulting,2015-06-24,48.0,2019-06-24,0.0201901608032781,0.0355811051430493,Low,duration imputed,False,name_fallback_buyer_key;missing_siren_siret;,2026-07-09
BOAMP:15-96786,NAME:conseil general sarthe,Conseil Général de la Sarthe,,,NAME,IT Services & Consulting,2015-06-24,48.0,2019-06-24,0.0201901608032781,0.0355811051430493,Low,duration imputed,False,name_fallback_buyer_key;missing_siren_siret;,2026-07-09
BOAMP:16-153566,NAME:ville orvault,Ville d'Orvault,,,NAME,Cybersecurity,2016-10-20,36.0,2019-10-20,0.0201236275104403,0.0354656893956185,Low,model-estimated recurrence probability,False,name_fallback_buyer_key;missing_siren_siret;,2026-07-09
BOAMP:16-55493,NAME:ccas angers,CCAS d'Angers,,,NAME,Software & Applications,2016-04-19,14.0,2017-06-19,0.0200794513961761,0.0353890501940288,Low,model-estimated recurrence probability,False,name_fallback_buyer_key;missing_siren_siret;,2026-07-09
BOAMP:18-139266,NAME:semitan mandataire cun,"SEMITAN, mandataire de la CUN",,,NAME,IT Services & Consulting,2019-03-01,54.0,2023-09-01,0.020030091740299,0.0353034120612796,Low,model-estimated recurrence probability,False,name_fallback_buyer_key;missing_siren_siret;,2026-07-09
BOAMP:22-120001,NAME:conseil departemental loire atlanti,CONSEIL DEPARTEMENTAL DE LOIRE-ATLANTI,,,NAME,Telecom & Networks,2022-09-06,36.0,2025-09-06,0.0198163196934564,0.0349324453785064,Low,model-estimated recurrence probability,False,name_fallback_buyer_key;missing_siren_siret;,2026-07-09
BOAMP:22-74630,NAME:semitan,SEMITAN,,,NAME,Telecom & Networks,2022-05-25,36.0,2025-05-25,0.0198163196934564,0.0349324453785064,Low,model-estimated recurrence probability,False,name_fallback_buyer_key;missing_siren_siret;,2026-07-09
BOAMP:21-126270,NAME:cc ocean marais monts,CC Océan Marais de Monts,,,NAME,Telecom & Networks,2021-09-21,36.0,2024-09-21,0.0198092532249272,0.0349201805620404,Low,model-estimated recurrence probability,False,name_fallback_buyer_key;missing_siren_siret;,2026-07-09
BOAMP:20-110872,NAME:cte cnes pays ancenis,Cté de Cnes du Pays d'Ancenis,,,NAME,Telecom & Networks,2020-09-09,36.0,2023-09-09,0.0198021892253813,0.0349079198960025,Low,model-estimated recurrence probability,False,name_fallback_buyer_key;missing_siren_siret;,2026-07-09
BOAMP:18-158087,NAME:sm megalis,SM Mégalis,,,NAME,Telecom & Networks,2018-11-15,36.0,2021-11-15,0.0197880686299348,0.0348834110100306,Low,model-estimated recurrence probability,False,name_fallback_buyer_key;missing_siren_siret;,2026-07-09
BOAMP:18-135728,NAME:sec gal adm min interieur ouest,SEC GAL POUR L ADM MIN INTERIEUR OUEST,,,NAME,Unknown,2019-12-13,34.0,2022-10-13,0.0197666726554914,0.0348462733415294,Low,model-estimated recurrence probability,False,name_fallback_buyer_key;missing_siren_siret;,2026-07-09
BOAMP:19-87023,NAME:sec gal adm min interieur ouest,SEC GAL POUR L ADM MIN INTERIEUR OUEST,,,NAME,Unknown,2019-12-16,34.0,2022-10-16,0.0197666726554914,0.0348462733415294,Low,model-estimated recurrence probability,False,name_fallback_buyer_key;missing_siren_siret;,2026-07-09
BOAMP:17-172862,SIREN:528848153,ALTER Public,528848153,,SIREN_ENRICHED,Digital Workplace & Collaboration,2017-12-08,72.0,2023-12-08,0.019669701701705,0.0346779422882982,Low,model-estimated recurrence probability,False,,2026-07-09
BOAMP:21-122276,SIREN:194909701,Université d'Angers,194909701,,SIREN_ENRICHED,Software & Applications,2021-11-29,48.0,2025-11-29,0.0194219996939835,0.0342478431090222,Low,model-estimated recurrence probability,False,,2026-07-09
BOAMP:21-143183,SIREN:794304097,Nantes Métropole,794304097,,SIREN_ENRICHED,Software & Applications,2021-10-25,48.0,2025-10-25,0.0194219996939835,0.0342478431090222,Low,model-estimated recurrence probability,True,,2026-07-09
BOAMP:21-150402,SIREN:794304097,Nantes Métropole,794304097,,SIREN_ENRICHED,Software & Applications,2021-11-14,48.0,2025-11-14,0.0194219996939835,0.0342478431090222,Low,model-estimated recurrence probability,False,,2026-07-09
BOAMP:21-37472,SIREN:927831396,Podeliha,927831396,,SIREN_ENRICHED,Software & Applications,2021-03-19,48.0,2025-03-19,0.0194219996939835,0.0342478431090222,Low,model-estimated recurrence probability,True,,2026-07-09
BOAMP:21-45622,SIREN:264400136,CHU de Nantes,264400136,,SIREN_ENRICHED,Software & Applications,2021-07-07,48.0,2025-07-07,0.0194219996939835,0.0342478431090222,Low,model-estimated recurrence probability,True,,2026-07-09
BOAMP:21-96114,SIREN:794304097,Nantes Métropole,794304097,,SIREN_ENRICHED,Software & Applications,2021-07-15,48.0,2025-07-15,0.0194219996939835,0.0342478431090222,Low,model-estimated recurrence probability,False,,2026-07-09
BOAMP:21-97876,SIREN:794304097,Nantes Métropole,794304097,,SIREN_ENRICHED,Software & Applications,2021-07-15,48.0,2025-07-15,0.0194219996939835,0.0342478431090222,Low,model-estimated recurrence probability,True,,2026-07-09
BOAMP:19-178175,SIREN:214401846,COMMUNE DE SAINT NAZAIRE,214401846,,SIREN_ENRICHED,Software & Applications,2020-03-12,48.0,2024-03-12,0.0194150710541263,0.0342358101301552,Low,model-estimated recurrence probability,False,,2026-07-09
BOAMP:19-187147,SIREN:214401846,COMMUNE DE SAINT NAZAIRE,214401846,,SIREN_ENRICHED,Software & Applications,2020-03-26,48.0,2024-03-26,0.0194150710541263,0.0342358101301552,Low,model-estimated recurrence probability,False,,2026-07-09
BOAMP:20-47300,SIREN:194909701,Université d'Angers,194909701,,SIREN_ENRICHED,Software & Applications,2020-09-03,48.0,2024-09-03,0.0194150710541263,0.0342358101301552,Low,model-estimated recurrence probability,False,,2026-07-09
BOAMP:20-49949,SIREN:794304097,Nantes Métropole,794304097,,SIREN_ENRICHED,Software & Applications,2020-10-08,48.0,2024-10-08,0.0194150710541263,0.0342358101301552,Low,model-estimated recurrence probability,False,,2026-07-09
BOAMP:20-50911,SIREN:284400017,SDIS 44,284400017,,SIREN_ENRICHED,Software & Applications,2020-07-24,48.0,2024-07-24,0.0194150710541263,0.0342358101301552,Low,model-estimated recurrence probability,False,,2026-07-09
BOAMP:20-78012,SIREN:794304097,Nantes Métropole,794304097,,SIREN_ENRICHED,Software & Applications,2020-06-18,48.0,2024-06-18,0.0194150710541263,0.0342358101301552,Low,model-estimated recurrence probability,False,,2026-07-09
BOAMP:19-105083,SIREN:794304097,Nantes Métropole,794304097,,SIREN_ENRICHED,Software & Applications,2019-07-10,48.0,2023-07-10,0.0194081448370827,0.034223781229253,Low,model-estimated recurrence probability,True,,2026-07-09
BOAMP:19-147530,SIREN:191700327,Université de La Rochelle,191700327,,SIREN_ENRICHED,Software & Applications,2019-10-27,48.0,2023-10-27,0.0194081448370827,0.034223781229253,Low,model-estimated recurrence probability,False,,2026-07-09
BOAMP:19-56150,SIREN:234400034,Conseil régional des Pays de la Loire,234400034,,SIREN_ENRICHED,Software & Applications,2019-08-12,48.0,2023-08-12,0.0194081448370827,0.034223781229253,Low,model-estimated recurrence probability,True,,2026-07-09
BOAMP:19-67059,SIREN:794304097,Nantes Métropole,794304097,,SIREN_ENRICHED,Software & Applications,2019-05-08,48.0,2023-05-08,0.0194081448370827,0.034223781229253,Low,model-estimated recurrence probability,True,,2026-07-09
BOAMP:19-87143,SIREN:214401432,COMMUNE DE REZE,214401432,,SIREN_ENRICHED,Software & Applications,2019-06-05,48.0,2023-06-05,0.0194081448370827,0.034223781229253,Low,model-estimated recurrence probability,False,missing_cpv;,2026-07-09
BOAMP:17-158224,SIREN:794304097,Nantes Métropole,794304097,,SIREN_ENRICHED,Software & Applications,2018-04-24,48.0,2022-04-24,0.0194012210420405,0.0342117564050391,Low,model-estimated recurrence probability,True,,2026-07-09
BOAMP:17-161006,SIREN:244900015,Angers Loire Métropole,244900015,,SIREN_ENRICHED,Software & Applications,2018-11-21,48.0,2022-11-21,0.0194012210420405,0.0342117564050391,Low,model-estimated recurrence probability,False,,2026-07-09
BOAMP:18-129881,SIREN:200083392,Laval Agglomération,200083392,,SIREN_ENRICHED,Software & Applications,2018-12-10,48.0,2022-12-10,0.0194012210420405,0.0342117564050391,Low,model-estimated recurrence probability,False,,2026-07-09
BOAMP:18-149889,SIREN:191700327,Université de La Rochelle,191700327,,SIREN_ENRICHED,Software & Applications,2018-10-26,48.0,2022-10-26,0.0194012210420405,0.0342117564050391,Low,model-estimated recurrence probability,False,,2026-07-09
BOAMP:18-154990,SIREN:225300011,Conseil départemental de la Mayenne,225300011,,SIREN_ENRICHED,Software & Applications,2018-11-10,48.0,2022-11-10,0.0194012210420405,0.0342117564050391,Low,model-estimated recurrence probability,False,,2026-07-09
BOAMP:18-167367,SIREN:254901309,SI ENERGIES DE MAINE ET LOIRE,254901309,,SIREN_ENRICHED,Software & Applications,2018-11-30,48.0,2022-11-30,0.0194012210420405,0.0342117564050391,Low,model-estimated recurrence probability,False,,2026-07-09
BOAMP:18-31687,SIREN:234400034,Conseil régional des Pays de la Loire,234400034,,SIREN_ENRICHED,Software & Applications,2018-06-28,48.0,2022-06-28,0.0194012210420405,0.0342117564050391,Low,model-estimated recurrence probability,False,,2026-07-09
BOAMP:18-36652,SIREN:214401846,Commune de Saint-Nazaire,214401846,,SIREN_ENRICHED,Software & Applications,2018-03-20,48.0,2022-03-20,0.0194012210420405,0.0342117564050391,Low,model-estimated recurrence probability,True,,2026-07-09
BOAMP:18-38591,SIREN:214401846,Commune de Saint-Nazaire,214401846,,SIREN_ENRICHED,Software & Applications,2018-03-21,48.0,2022-03-21,0.0194012210420405,0.0342117564050391,Low,model-estimated recurrence probability,True,,2026-07-09
BOAMP:18-41248,SIREN:214401846,Commune de Saint-Nazaire,214401846,,SIREN_ENRICHED,Software & Applications,2018-03-30,48.0,2022-03-30,0.0194012210420405,0.0342117564050391,Low,model-estimated recurrence probability,False,,2026-07-09
BOAMP:18-53804,SIREN:794304097,Nantes Métropole,794304097,,SIREN_ENRICHED,Software & Applications,2018-08-21,48.0,2022-08-21,0.0194012210420405,0.0342117564050391,Low,model-estimated recurrence probability,False,,2026-07-09
BOAMP:18-56546,SIREN:794304097,Nantes Métropole,794304097,,SIREN_ENRICHED,Software & Applications,2018-04-24,48.0,2022-04-24,0.0194012210420405,0.0342117564050391,Low,model-estimated recurrence probability,True,,2026-07-09
BOAMP:18-6138,SIREN:284400017,SDIS 44,284400017,,SIREN_ENRICHED,Software & Applications,2018-04-12,48.0,2022-04-12,0.0194012210420405,0.0342117564050391,Low,model-estimated recurrence probability,True,,2026-07-09
BOAMP:18-71689,SIREN:234400034,Conseil régional des Pays de la Loire,234400034,,SIREN_ENRICHED,Software & Applications,2018-10-08,48.0,2022-10-08,0.0194012210420405,0.0342117564050391,Low,model-estimated recurrence probability,True,,2026-07-09
BOAMP:18-8280,SIREN:248500589,LA ROCHE-SUR-YON AGGLOMERATION,248500589,,SIREN_ENRICHED,Software & Applications,2018-05-02,48.0,2022-05-02,0.0194012210420405,0.0342117564050391,Low,model-estimated recurrence probability,False,,2026-07-09
BOAMP:18-91090,SIREN:244900015,Angers Loire Métropole,244900015,,SIREN_ENRICHED,Software & Applications,2018-06-29,48.0,2022-06-29,0.0194012210420405,0.0342117564050391,Low,model-estimated recurrence probability,False,,2026-07-09
BOAMP:18-9170,SIREN:248500415,Communauté Communes La Chataigneraie,248500415,,SIREN_ENRICHED,Software & Applications,2018-06-28,48.0,2022-06-28,0.0194012210420405,0.0342117564050391,Low,model-estimated recurrence probability,True,,2026-07-09
BOAMP:17-102568,SIREN:524795564,CARENE,524795564,,SIREN_ENRICHED,Software & Applications,2017-07-21,48.0,2021-07-21,0.0193942996681878,0.0341997356562367,Low,model-estimated recurrence probability,False,,2026-07-09
BOAMP:17-102923,SIREN:234400034,Conseil régional des Pays de la Loire,234400034,,SIREN_ENRICHED,Software & Applications,2017-07-20,48.0,2021-07-20,0.0193942996681878,0.0341997356562367,Low,model-estimated recurrence probability,True,,2026-07-09
BOAMP:17-110921,SIREN:194401006,Ecole Centrale de Nantes,194401006,,SIREN_ENRICHED,Software & Applications,2017-12-18,48.0,2021-12-18,0.0193942996681878,0.0341997356562367,Low,model-estimated recurrence probability,False,,2026-07-09
BOAMP:17-123450,SIREN:935367433,Conseil départemental Loire-Atlantique,935367433,,SIREN_ENRICHED,Software & Applications,2017-09-03,48.0,2021-09-03,0.0193942996681878,0.0341997356562367,Low,model-estimated recurrence probability,False,,2026-07-09
BOAMP:17-142035,SIREN:234400034,Conseil régional des Pays de la Loire,234400034,,SIREN_ENRICHED,Software & Applications,2017-12-26,48.0,2021-12-26,0.0193942996681878,0.0341997356562367,Low,model-estimated recurrence probability,True,,2026-07-09
BOAMP:17-167707,SIREN:794304097,Nantes Métropole,794304097,,SIREN_ENRICHED,Software & Applications,2017-11-28,48.0,2021-11-28,0.0193942996681878,0.0341997356562367,Low,model-estimated recurrence probability,True,,2026-07-09
BOAMP:17-48519,SIREN:524795564,CARENE,524795564,,SIREN_ENRICHED,Software & Applications,2017-10-30,48.0,2021-10-30,0.0193942996681878,0.0341997356562367,Low,model-estimated recurrence probability,False,,2026-07-09
BOAMP:17-62974,SIREN:353686934,CAP ATLANTIQUE,353686934,,SIREN_ENRICHED,Software & Applications,2017-05-05,48.0,2021-05-05,0.0193942996681878,0.0341997356562367,Low,model-estimated recurrence probability,False,,2026-07-09
BOAMP:17-68985,SIREN:794304097,Nantes Métropole,794304097,,SIREN_ENRICHED,Software & Applications,2017-10-16,48.0,2021-10-16,0.0193942996681878,0.0341997356562367,Low,model-estimated recurrence probability,False,,2026-07-09
BOAMP:17-96902,SIREN:214401846,Commune de Saint-Nazaire,214401846,,SIREN_ENRICHED,Software & Applications,2017-07-13,48.0,2021-07-13,0.0193942996681878,0.0341997356562367,Low,model-estimated recurrence probability,False,,2026-07-09
BOAMP:16-139386,SIREN:225300011,Conseil départemental de la Mayenne,225300011,,SIREN_ENRICHED,Software & Applications,2016-11-07,48.0,2020-11-07,0.0193873807147126,0.0341877189815702,Low,model-estimated recurrence probability,False,,2026-07-09
BOAMP:16-19705,SIREN:242900769,Concarneau Cornouaille Agglomération,242900769,,SIREN_ENRICHED,Software & Applications,2016-06-21,48.0,2020-06-21,0.0193873807147126,0.0341877189815702,Low,model-estimated recurrence probability,False,missing_cpv;,2026-07-09
BOAMP:16-27767,SIREN:264900390,Centre Hospitalier de Cholet,264900390,,SIREN_ENRICHED,Software & Applications,2016-02-25,48.0,2020-02-25,0.0193873807147126,0.0341877189815702,Low,model-estimated recurrence probability,False,,2026-07-09
BOAMP:16-54197,SIREN:794304097,Nantes Métropole,794304097,,SIREN_ENRICHED,Software & Applications,2016-04-17,48.0,2020-04-17,0.0193873807147126,0.0341877189815702,Low,model-estimated recurrence probability,False,,2026-07-09
BOAMP:16-54370,SIREN:794304097,Nantes Métropole,794304097,,SIREN_ENRICHED,Software & Applications,2016-04-17,48.0,2020-04-17,0.0193873807147126,0.0341877189815702,Low,model-estimated recurrence probability,False,,2026-07-09
BOAMP:16-62960,SIREN:130029747,Université de Nantes,130029747,,SIREN_ENRICHED,Software & Applications,2016-07-07,48.0,2020-07-07,0.0193873807147126,0.0341877189815702,Low,model-estimated recurrence probability,True,,2026-07-09
BOAMP:16-68875,SIREN:264900390,Centre Hospitalier de Cholet,264900390,,SIREN_ENRICHED,Software & Applications,2016-05-12,48.0,2020-05-12,0.0193873807147126,0.0341877189815702,Low,model-estimated recurrence probability,False,,2026-07-09
BOAMP:15-104125,SIREN:214401093,Ville de Nantes,214401093,,SIREN_ENRICHED,Software & Applications,2015-07-08,48.0,2019-07-08,0.0193804641808034,0.0341757063797634,Low,model-estimated recurrence probability,False,,2026-07-09
BOAMP:15-71156,SIREN:194909701,Université d'Angers,194909701,,SIREN_ENRICHED,Software & Applications,2015-10-06,48.0,2019-10-06,0.0193804641808034,0.0341757063797634,Low,model-estimated recurrence probability,False,,2026-07-09
BOAMP:15-84881,SIREN:794304097,Nantes Métropole,794304097,,SIREN_ENRICHED,Software & Applications,2015-10-14,48.0,2019-10-14,0.0193804641808034,0.0341757063797634,Low,model-estimated recurrence probability,False,,2026-07-09
BOAMP:22-55482,NAME:spic arena loire trelaze,SPIC - ARENA LOIRE TRELAZE,,,NAME,Unknown,2022-06-02,36.0,2025-06-02,0.019352375894018,0.0341269214530749,Low,model-estimated recurrence probability,False,name_fallback_buyer_key;missing_siren_siret;,2026-07-09
BOAMP:20-70746,NAME:ch mans,CH LE MANS,,,NAME,Unknown,2020-10-15,36.0,2023-10-15,0.0193385697243685,0.0341029415305125,Low,model-estimated recurrence probability,False,name_fallback_buyer_key;missing_siren_siret;,2026-07-09
BOAMP:19-16528,NAME:cdc pays saint gilles cx vie,CDC du Pays de Saint Gilles Cx de Vie,,,NAME,Unknown,2019-01-31,36.0,2022-01-31,0.019331670260708,0.0340909576656524,Low,model-estimated recurrence probability,False,name_fallback_buyer_key;missing_siren_siret;,2026-07-09
BOAMP:17-88463,NAME:cesame ch sainte gemmes loire,CESAME - CH de Sainte Gemmes sur Loire,,,NAME,Telecom & Networks,2017-06-25,39.0,2020-09-25,0.019131579742149,0.0337433590230845,Low,model-estimated recurrence probability,False,name_fallback_buyer_key;missing_siren_siret;,2026-07-09
BOAMP:19-191665,SIREN:794304097,Nantes Métropole,794304097,,SIREN_ENRICHED,Cybersecurity,2019-12-26,72.0,2025-12-26,0.0190226858362123,0.0335541422545655,Low,model-estimated recurrence probability,False,,2026-07-09
BOAMP:18-101085,NAME:maine loire habitat office pub habitat,MAINE LOIRE HABITAT OFFICE PUB HABITAT,,,NAME,IT Services & Consulting,2018-12-13,60.0,2023-12-13,0.0187296734166581,0.0330448371780424,Low,model-estimated recurrence probability,False,name_fallback_buyer_key;missing_siren_siret;,2026-07-09
BOAMP:15-115336,NAME:chu angers,CHU d'Angers,,,NAME,IT Services & Consulting,2016-07-19,60.0,2021-07-19,0.0187163030102507,0.0330215916073348,Low,model-estimated recurrence probability,False,name_fallback_buyer_key;missing_siren_siret;,2026-07-09
BOAMP:19-103545,SIREN:264400136,CHU de Nantes,264400136,,SIREN_ENRICHED,Telecom & Networks,2019-07-06,72.0,2025-07-06,0.018691781350552,0.0329789573910662,Low,model-estimated recurrence probability,False,,2026-07-09
BOAMP:18-37028,SIREN:794304097,Nantes Métropole,794304097,,SIREN_ENRICHED,Telecom & Networks,2018-07-13,72.0,2024-07-13,0.0186851082462599,0.0329673550163506,Low,model-estimated recurrence probability,False,,2026-07-09
BOAMP:21-14714,SIREN:130029747,Université de Nantes,130029747,,SIREN_ENRICHED,Software & Applications,2021-02-01,48.0,2025-02-01,0.018338458828084,0.032364477637367,Low,duration imputed,True,,2026-07-09
BOAMP:21-36555,SIREN:284400017,SDIS 44,284400017,,SIREN_ENRICHED,Software & Applications,2021-03-18,48.0,2025-03-18,0.018338458828084,0.032364477637367,Low,duration imputed,False,,2026-07-09
BOAMP:21-4564,SIREN:194401006,Ecole Centrale de Nantes,194401006,,SIREN_ENRICHED,Software & Applications,2021-01-12,48.0,2025-01-12,0.018338458828084,0.032364477637367,Low,duration imputed,True,,2026-07-09
BOAMP:21-61224,SIREN:130029747,Université de Nantes,130029747,,SIREN_ENRICHED,Software & Applications,2021-05-06,48.0,2025-05-06,0.018338458828084,0.032364477637367,Low,duration imputed,True,,2026-07-09
BOAMP:21-62119,SIREN:214400152,Mairie de Blain,214400152,,SIREN_ENRICHED,Software & Applications,2021-09-20,48.0,2025-09-20,0.018338458828084,0.032364477637367,Low,duration imputed,True,,2026-07-09
BOAMP:21-75719,SIREN:532458809,Ville d'Angers,532458809,,SIREN_ENRICHED,Software & Applications,2021-06-04,48.0,2025-06-04,0.018338458828084,0.032364477637367,Low,duration imputed,False,,2026-07-09
BOAMP:21-78352,SIREN:794304097,Nantes Métropole,794304097,,SIREN_ENRICHED,Software & Applications,2021-06-09,48.0,2025-06-09,0.018338458828084,0.032364477637367,Low,duration imputed,True,,2026-07-09
BOAMP:21-96695,SIREN:130029747,Université de Nantes,130029747,,SIREN_ENRICHED,Software & Applications,2021-09-09,48.0,2025-09-09,0.018338458828084,0.032364477637367,Low,duration imputed,True,,2026-07-09
BOAMP:20-122198,SIREN:254902505,ANGERS NANTES OPERA syndicat mixte,254902505,,SIREN_ENRICHED,Software & Applications,2020-10-06,48.0,2024-10-06,0.0183319095061379,0.032353084211015,Low,duration imputed,False,,2026-07-09
BOAMP:20-60975,SIREN:254902505,ANGERS NANTES OPERA syndicat mixte,254902505,,SIREN_ENRICHED,Software & Applications,2020-05-19,48.0,2024-05-19,0.0183319095061379,0.032353084211015,Low,duration imputed,False,,2026-07-09
BOAMP:20-81059,SIREN:200060010,MAUGES COMMUNAUTE,200060010,,SIREN_ENRICHED,Software & Applications,2020-06-24,48.0,2024-06-24,0.0183319095061379,0.032353084211015,Low,duration imputed,False,,2026-07-09
BOAMP:18-150889,SIREN:228500013,Département de la Vendée,228500013,,SIREN_ENRICHED,Software & Applications,2019-02-25,48.0,2023-02-25,0.0183253624795259,0.0323416946614892,Low,duration imputed,False,,2026-07-09
BOAMP:18-160377,SIREN:287200265,SDIS de la Sarthe,287200265,,SIREN_ENRICHED,Software & Applications,2019-03-29,48.0,2023-03-29,0.0183253624795259,0.0323416946614892,Low,duration imputed,False,,2026-07-09
BOAMP:18-91441,SIREN:214900995,Ville de Cholet,214900995,,SIREN_ENRICHED,Software & Applications,2019-01-03,48.0,2023-01-03,0.0183253624795259,0.0323416946614892,Low,duration imputed,False,,2026-07-09
BOAMP:19-102776,SIREN:214401432,COMMUNE DE REZE,214401432,,SIREN_ENRICHED,Software & Applications,2019-11-06,48.0,2023-11-06,0.0183253624795259,0.0323416946614892,Low,duration imputed,False,,2026-07-09
BOAMP:19-153997,SIREN:200054336,COMMUNE DE MAUGES SUR LOIRE,200054336,,SIREN_ENRICHED,Software & Applications,2019-10-10,48.0,2023-10-10,0.0183253624795259,0.0323416946614892,Low,duration imputed,True,,2026-07-09
BOAMP:19-53794,SIREN:224900019,Département de Maine-et-Loire,224900019,,SIREN_ENRICHED,Software & Applications,2019-04-05,48.0,2023-04-05,0.0183253624795259,0.0323416946614892,Low,duration imputed,True,,2026-07-09
BOAMP:19-55110,SIREN:794304097,Nantes Métropole,794304097,,SIREN_ENRICHED,Software & Applications,2019-04-11,48.0,2023-04-11,0.0183253624795259,0.0323416946614892,Low,duration imputed,True,,2026-07-09
BOAMP:17-103193,SIREN:234400034,Conseil régional des Pays de la Loire,234400034,,SIREN_ENRICHED,Software & Applications,2018-03-19,48.0,2022-03-19,0.0183188177474751,0.0323303089875653,Low,duration imputed,True,,2026-07-09
BOAMP:18-101437,SIREN:191700327,Université de La Rochelle,191700327,,SIREN_ENRICHED,Software & Applications,2018-07-18,48.0,2022-07-18,0.0183188177474751,0.0323303089875653,Low,duration imputed,False,,2026-07-09
BOAMP:18-141219,SIREN:832970024,Institut Régional Administration Lyon,832970024,,SIREN_ENRICHED,Software & Applications,2018-10-09,48.0,2022-10-09,0.0183188177474751,0.0323303089875653,Low,duration imputed,True,,2026-07-09
BOAMP:18-146989,SIREN:244400404,METROPOLE NANTES METROPOLE,244400404,,SIREN_ENRICHED,Software & Applications,2018-10-22,48.0,2022-10-22,0.0183188177474751,0.0323303089875653,Low,duration imputed,True,,2026-07-09
BOAMP:18-159101,SIREN:264400136,CHU de Nantes,264400136,,SIREN_ENRICHED,Software & Applications,2018-11-14,48.0,2022-11-14,0.0183188177474751,0.0323303089875653,Low,duration imputed,False,,2026-07-09
BOAMP:18-173792,SIREN:254901309,SI ENERGIES DE MAINE ET LOIRE,254901309,,SIREN_ENRICHED,Software & Applications,2018-12-13,48.0,2022-12-13,0.0183188177474751,0.0323303089875653,Low,duration imputed,False,,2026-07-09
BOAMP:18-61507,SIREN:194401006,ECOLE CENTRALE DE NANTES,194401006,,SIREN_ENRICHED,Software & Applications,2018-05-03,48.0,2022-05-03,0.0183188177474751,0.0323303089875653,Low,duration imputed,True,,2026-07-09
BOAMP:17-114118,SIREN:234400034,Conseil régional des Pays de la Loire,234400034,,SIREN_ENRICHED,Software & Applications,2017-12-28,48.0,2021-12-28,0.0183122753092122,0.0323189271880186,Low,duration imputed,True,,2026-07-09
BOAMP:17-140948,SIREN:234400034,Conseil régional des Pays de la Loire,234400034,,SIREN_ENRICHED,Software & Applications,2017-12-30,48.0,2021-12-30,0.0183122753092122,0.0323189271880186,Low,duration imputed,True,,2026-07-09
BOAMP:17-25915,SIREN:264400136,CHU de Nantes,264400136,,SIREN_ENRICHED,Software & Applications,2017-02-22,48.0,2021-02-22,0.0183122753092122,0.0323189271880186,Low,duration imputed,False,,2026-07-09
BOAMP:17-35511,SIREN:245300355,Communauté de communes de l'Ernée,245300355,,SIREN_ENRICHED,Software & Applications,2017-03-14,48.0,2021-03-14,0.0183122753092122,0.0323189271880186,Low,duration imputed,True,,2026-07-09
BOAMP:17-39093,SIREN:258500222,Vendée Eau,258500222,,SIREN_ENRICHED,Software & Applications,2017-06-29,48.0,2021-06-29,0.0183122753092122,0.0323189271880186,Low,duration imputed,False,,2026-07-09
BOAMP:17-39998,SIREN:214401846,Commune de Saint-Nazaire,214401846,,SIREN_ENRICHED,Software & Applications,2017-07-05,48.0,2021-07-05,0.0183122753092122,0.0323189271880186,Low,duration imputed,False,,2026-07-09
BOAMP:17-74632,SIREN:130029747,Université de Nantes,130029747,,SIREN_ENRICHED,Software & Applications,2017-05-31,48.0,2021-05-31,0.0183122753092122,0.0323189271880186,Low,duration imputed,True,,2026-07-09
BOAMP:17-75817,SIREN:200053593,COMMUNE DE CHEMILLE EN ANJOU,200053593,,SIREN_ENRICHED,Software & Applications,2017-05-31,48.0,2021-05-31,0.0183122753092122,0.0323189271880186,Low,duration imputed,False,,2026-07-09
BOAMP:17-9361,SIREN:264400136,CHU de Nantes,264400136,,SIREN_ENRICHED,Software & Applications,2017-01-19,48.0,2021-01-19,0.0183122753092122,0.0323189271880186,Low,duration imputed,False,,2026-07-09
BOAMP:15-107245,SIREN:247200132,Le Mans Métropole - Communauté Urbaine,247200132,,SIREN_ENRICHED,Software & Applications,2016-02-02,48.0,2020-02-02,0.0183057351639643,0.0323075492616249,Low,duration imputed,False,,2026-07-09
BOAMP:15-178728,SIREN:247200132,Le Mans Métropole - Communauté Urbaine,247200132,,SIREN_ENRICHED,Software & Applications,2016-03-14,48.0,2020-03-14,0.0183057351639643,0.0323075492616249,Low,duration imputed,False,,2026-07-09
BOAMP:16-123498,SIREN:264400136,CHU de Nantes,264400136,,SIREN_ENRICHED,Software & Applications,2016-08-22,48.0,2020-08-22,0.0183057351639643,0.0323075492616249,Low,duration imputed,False,,2026-07-09
BOAMP:16-139456,SIREN:284400017,SDIS 44,284400017,,SIREN_ENRICHED,Software & Applications,2016-09-23,48.0,2020-09-23,0.0183057351639643,0.0323075492616249,Low,duration imputed,True,,2026-07-09
BOAMP:16-15282,SIREN:200054302,MONTREVAULT-SUR-ÈVRE,200054302,,SIREN_ENRICHED,Software & Applications,2016-02-02,48.0,2020-02-02,0.0183057351639643,0.0323075492616249,Low,duration imputed,True,,2026-07-09
BOAMP:16-21939,SIREN:214401432,Ville de Rezé,214401432,,SIREN_ENRICHED,Software & Applications,2016-02-12,48.0,2020-02-12,0.0183057351639643,0.0323075492616249,Low,duration imputed,False,,2026-07-09
BOAMP:16-7640,SIREN:264400136,CHU de Nantes,264400136,,SIREN_ENRICHED,Software & Applications,2016-01-18,48.0,2020-01-18,0.0183057351639643,0.0323075492616249,Low,duration imputed,False,,2026-07-09
BOAMP:15-111481,SIREN:264400136,CHU de Nantes,264400136,,SIREN_ENRICHED,Software & Applications,2015-07-20,48.0,2019-07-20,0.0182991973109593,0.0322961752071605,Low,duration imputed,False,,2026-07-09
BOAMP:15-169809,SIREN:264400136,CHU de Nantes,264400136,,SIREN_ENRICHED,Software & Applications,2015-11-09,48.0,2019-11-09,0.0182991973109593,0.0322961752071605,Low,duration imputed,False,,2026-07-09
BOAMP:15-179747,SIREN:264400136,CHU de Nantes,264400136,,SIREN_ENRICHED,Software & Applications,2015-11-27,48.0,2019-11-27,0.0182991973109593,0.0322961752071605,Low,duration imputed,False,,2026-07-09
BOAMP:15-182957,SIREN:264400136,CHU de Nantes,264400136,,SIREN_ENRICHED,Software & Applications,2015-12-04,48.0,2019-12-04,0.0182991973109593,0.0322961752071605,Low,duration imputed,False,,2026-07-09
BOAMP:15-53947,SIREN:214401622,Commune de Saint-Herblain,214401622,,SIREN_ENRICHED,Software & Applications,2015-04-10,48.0,2019-04-10,0.0182991973109593,0.0322961752071605,Low,duration imputed,False,,2026-07-09
BOAMP:15-64142,SIREN:264400136,CHU de Nantes,264400136,,SIREN_ENRICHED,Software & Applications,2015-04-24,48.0,2019-04-24,0.0182991973109593,0.0322961752071605,Low,duration imputed,False,,2026-07-09
BOAMP:15-85320,SIREN:110006012,Ministère des Affaires étrangères,110006012,,SIREN_ENRICHED,Software & Applications,2015-06-04,48.0,2019-06-04,0.0182991973109593,0.0322961752071605,Low,duration imputed,True,,2026-07-09
BOAMP:15-95813,SIREN:214401622,Commune de Saint-Herblain,214401622,,SIREN_ENRICHED,Software & Applications,2015-10-14,48.0,2019-10-14,0.0182991973109593,0.0322961752071605,Low,duration imputed,False,,2026-07-09
BOAMP:20-105702,NAME:comcom vallees haut anjou,ComCom des Vallées du Haut-Anjou,,,NAME,Digital Workplace & Collaboration,2020-12-04,48.0,2024-12-04,0.0182455615327606,0.032202859425148,Low,model-estimated recurrence probability,False,name_fallback_buyer_key;missing_siren_siret;,2026-07-09
BOAMP:20-15000,NAME:cci nantes saint nazaire,CCI Nantes Saint-Nazaire,,,NAME,Digital Workplace & Collaboration,2020-02-01,48.0,2024-02-01,0.0182455615327606,0.032202859425148,Low,model-estimated recurrence probability,False,name_fallback_buyer_key;missing_siren_siret;,2026-07-09
BOAMP:20-35511,NAME:cci reg ctre val loire,CCI DE REG CTRE VAL DE LOIRE,,,NAME,IT Hardware & Equipment,2020-06-10,48.0,2024-06-10,0.0182455615327606,0.032202859425148,Low,model-estimated recurrence probability,False,name_fallback_buyer_key;missing_siren_siret;,2026-07-09
BOAMP:20-61728,NAME:conseil general vendee,Conseil général de la Vendée,,,NAME,Digital Workplace & Collaboration,2020-10-28,48.0,2024-10-28,0.0182455615327606,0.032202859425148,Low,model-estimated recurrence probability,False,name_fallback_buyer_key;missing_siren_siret;,2026-07-09
BOAMP:18-62916,NAME:cdc pays saint gilles cx vie,CDC du Pays de Saint Gilles Cx de Vie,,,NAME,Digital Workplace & Collaboration,2019-06-05,48.0,2023-06-05,0.0182390447713532,0.0321915210012462,Low,model-estimated recurrence probability,False,name_fallback_buyer_key;missing_siren_siret;,2026-07-09
BOAMP:19-155590,NAME:etablissement public marais poitevi,ETABLISSEMENT PUBLIC DU MARAIS POITEVI,,,NAME,Digital Workplace & Collaboration,2019-12-20,48.0,2023-12-20,0.0182390447713532,0.0321915210012462,Low,model-estimated recurrence probability,False,name_fallback_buyer_key;missing_siren_siret;,2026-07-09
BOAMP:17-130666,NAME:ademe,ADEME,,,NAME,IT Maintenance & Support,2017-10-01,48.0,2021-10-01,0.0182260181008575,0.0321688557305529,Low,model-estimated recurrence probability,False,name_fallback_buyer_key;missing_siren_siret;,2026-07-09
BOAMP:16-173647,NAME:caf somme,CAF de la Somme,,,NAME,Digital Workplace & Collaboration,2016-12-04,48.0,2020-12-04,0.0182195081902298,0.0321575288813212,Low,model-estimated recurrence probability,False,name_fallback_buyer_key;missing_siren_siret;,2026-07-09
BOAMP:16-85545,NAME:crous nantes,CROUS de Nantes,,,NAME,IT Hardware & Equipment,2016-06-11,48.0,2020-06-11,0.0182195081902298,0.0321575288813212,Low,model-estimated recurrence probability,False,name_fallback_buyer_key;missing_siren_siret;,2026-07-09
BOAMP:15-179034,NAME:c h s sarthe,C.H.S. de la Sarthe,,,NAME,Data & AI,2015-11-27,48.0,2019-11-27,0.0182130005616563,0.0321462058878734,Low,model-estimated recurrence probability,False,name_fallback_buyer_key;missing_siren_siret;missing_cpv;,2026-07-09
BOAMP:23-138104,NAME:communaute agglomeration niortais,Communauté d'agglomération du Niortais,,,NAME,Software & Applications,2023-12-20,24.0,2025-12-20,0.0180090281648089,0.0317912444860699,Low,model-estimated recurrence probability,False,name_fallback_buyer_key;missing_siren_siret;,2026-07-09
BOAMP:23-145035,NAME:ville alencon,Ville d'Alençon,,,NAME,Software & Applications,2023-10-19,24.0,2025-10-19,0.0180090281648089,0.0317912444860699,Low,model-estimated recurrence probability,False,name_fallback_buyer_key;missing_siren_siret;,2026-07-09
BOAMP:19-156761,NAME:ville alencon,Ville d'Alençon,,,NAME,Software & Applications,2020-03-27,24.0,2022-03-27,0.0179897334491527,0.0317576611623617,Low,model-estimated recurrence probability,False,name_fallback_buyer_key;missing_siren_siret;,2026-07-09
BOAMP:19-180395,NAME:e collectivites vendee,e-Collectivités Vendée,,,NAME,Software & Applications,2020-04-10,24.0,2022-04-10,0.0179897334491527,0.0317576611623617,Low,model-estimated recurrence probability,True,name_fallback_buyer_key;missing_siren_siret;,2026-07-09
BOAMP:20-6019,NAME:cte communes region blain,Cté de Communes de la Région de Blain,,,NAME,Software & Applications,2020-01-14,24.0,2022-01-14,0.0179897334491527,0.0317576611623617,Low,model-estimated recurrence probability,True,name_fallback_buyer_key;missing_siren_siret;,2026-07-09
BOAMP:18-153265,NAME:semitan,SEMITAN,,,NAME,Software & Applications,2019-05-17,24.0,2021-05-17,0.0179833063880348,0.0317464743480719,Low,model-estimated recurrence probability,False,name_fallback_buyer_key;missing_siren_siret;,2026-07-09
BOAMP:19-22390,NAME:agrocampus ouest,Agrocampus Ouest,,,NAME,Software & Applications,2019-05-21,24.0,2021-05-21,0.0179833063880348,0.0317464743480719,Low,model-estimated recurrence probability,False,name_fallback_buyer_key;missing_siren_siret;,2026-07-09
BOAMP:23-101593,NAME:semitan,SEMITAN,,,NAME,Software & Applications,2023-07-20,25.0,2025-08-20,0.0178094333769763,0.0314437919242247,Low,model-estimated recurrence probability,True,name_fallback_buyer_key;missing_siren_siret;,2026-07-09
BOAMP:21-104443,NAME:dir reg envir amenagement logt bretagn,DIR REG ENVIR AMENAGEMENT LOGT BRETAGN,,,NAME,Cybersecurity,2021-07-29,48.0,2025-07-29,0.0176382422740204,0.03114569806748,Low,model-estimated recurrence probability,False,name_fallback_buyer_key;missing_siren_siret;,2026-07-09
BOAMP:21-130332,NAME:centre gestion 87,CENTRE DE GESTION 87,,,NAME,Cybersecurity,2021-10-01,48.0,2025-10-01,0.0176382422740204,0.03114569806748,Low,model-estimated recurrence probability,False,name_fallback_buyer_key;missing_siren_siret;,2026-07-09
BOAMP:19-164716,NAME:conservatoire littoral,Conservatoire du littoral,,,NAME,Cybersecurity,2020-03-26,48.0,2024-03-26,0.0176319385329095,0.0311347198888548,Low,model-estimated recurrence probability,False,name_fallback_buyer_key;missing_siren_siret;,2026-07-09
BOAMP:20-28158,NAME:sgami ouest,SGAMI OUEST,,,NAME,Cybersecurity,2020-08-07,48.0,2024-08-07,0.0176319385329095,0.0311347198888548,Low,model-estimated recurrence probability,False,name_fallback_buyer_key;missing_siren_siret;,2026-07-09
BOAMP:16-27384,NAME:mindef dga do s2a,MINDEF/DGA/DO/S2A,,,NAME,Cybersecurity,2016-03-15,48.0,2020-03-15,0.0176067456857484,0.0310908446150669,Low,model-estimated recurrence probability,False,name_fallback_buyer_key;missing_siren_siret;,2026-07-09
BOAMP:15-37182,NAME:mindef dga dt scat,MINDEF/DGA/DT/SCAT,,,NAME,Cybersecurity,2015-03-11,48.0,2019-03-11,0.0176004529995423,0.03107988515085,Low,model-estimated recurrence probability,False,name_fallback_buyer_key;missing_siren_siret;,2026-07-09
BOAMP:15-59556,NAME:conseil general loire atlantique,Conseil général de Loire-Atlantique,,,NAME,Cybersecurity,2015-08-24,48.0,2019-08-24,0.0176004529995423,0.03107988515085,Low,model-estimated recurrence probability,False,name_fallback_buyer_key;missing_siren_siret;,2026-07-09
BOAMP:21-47236,NAME:cnam,CNAM,,,NAME,Telecom & Networks,2021-04-10,48.0,2025-04-10,0.0173309950665989,0.0306104910893698,Low,model-estimated recurrence probability,False,name_fallback_buyer_key;missing_siren_siret;,2026-07-09
BOAMP:20-101410,NAME:comsopgn,COMSOPGN,,,NAME,Telecom & Networks,2020-08-15,48.0,2024-08-15,0.0173247991961907,0.030599695601354,Low,model-estimated recurrence probability,False,name_fallback_buyer_key;missing_siren_siret;,2026-07-09
BOAMP:18-170789,NAME:ctre hosp universitaire angers,CTRE HOSP UNIVERSITAIRE ANGERS,,,NAME,Telecom & Networks,2019-04-19,48.0,2023-04-19,0.0173186055017825,0.0305889038004754,Low,model-estimated recurrence probability,False,name_fallback_buyer_key;missing_siren_siret;,2026-07-09
BOAMP:19-118102,NAME:ch mans,CH LE MANS,,,NAME,Telecom & Networks,2019-11-28,48.0,2023-11-28,0.0173186055017825,0.0305889038004754,Low,model-estimated recurrence probability,True,name_fallback_buyer_key;missing_siren_siret;,2026-07-09
BOAMP:19-177026,NAME:arafer,ARAFER,,,NAME,Telecom & Networks,2019-11-27,48.0,2023-11-27,0.0173186055017825,0.0305889038004754,Low,model-estimated recurrence probability,False,name_fallback_buyer_key;missing_siren_siret;,2026-07-09
BOAMP:19-48376,NAME:gpm nantes st nazaire,GPM de Nantes - St Nazaire,,,NAME,Telecom & Networks,2019-08-12,48.0,2023-08-12,0.0173186055017825,0.0305889038004754,Low,model-estimated recurrence probability,False,name_fallback_buyer_key;missing_siren_siret;,2026-07-09
BOAMP:19-71182,NAME:dir ouest,DIR Ouest,,,NAME,Telecom & Networks,2019-10-03,48.0,2023-10-03,0.0173186055017825,0.0305889038004754,Low,model-estimated recurrence probability,False,name_fallback_buyer_key;missing_siren_siret;,2026-07-09
BOAMP:18-21470,NAME:ville evron,Ville d'Evron,,,NAME,Telecom & Networks,2018-06-05,48.0,2022-06-05,0.0173124139826379,0.0305781156855595,Low,model-estimated recurrence probability,False,name_fallback_buyer_key;missing_siren_siret;,2026-07-09
BOAMP:17-117419,NAME:dsna,DSNA,,,NAME,Telecom & Networks,2017-12-13,48.0,2021-12-13,0.0173062246380207,0.0305673312554319,Low,model-estimated recurrence probability,False,name_fallback_buyer_key;missing_siren_siret;,2026-07-09
BOAMP:17-20825,NAME:ch mans,CH LE MANS,,,NAME,Telecom & Networks,2017-04-11,48.0,2021-04-11,0.0173062246380207,0.0305673312554319,Low,model-estimated recurrence probability,False,name_fallback_buyer_key;missing_siren_siret;,2026-07-09
BOAMP:17-80380,NAME:maine loire habitat office pub habitat,MAINE LOIRE HABITAT OFFICE PUB HABITAT,,,NAME,Telecom & Networks,2017-10-03,48.0,2021-10-03,0.0173062246380207,0.0305673312554319,Low,model-estimated recurrence probability,False,name_fallback_buyer_key;missing_siren_siret;,2026-07-09
BOAMP:15-177015,NAME:conseil general loire atlantique,Conseil général de Loire-Atlantique,,,NAME,Telecom & Networks,2016-04-28,48.0,2020-04-28,0.0173000374671953,0.0305565505089189,Low,model-estimated recurrence probability,False,name_fallback_buyer_key;missing_siren_siret;,2026-07-09
BOAMP:15-186668,NAME:e c s gendarmerie nationale,E.C.A.S. gendarmerie nationale,,,NAME,Telecom & Networks,2016-04-04,48.0,2020-04-04,0.0173000374671953,0.0305565505089189,Low,model-estimated recurrence probability,False,name_fallback_buyer_key;missing_siren_siret;,2026-07-09
BOAMP:16-184522,NAME:sdegm,SDEGM,,,NAME,Telecom & Networks,2016-12-23,48.0,2020-12-23,0.0173000374671953,0.0305565505089189,Low,model-estimated recurrence probability,False,name_fallback_buyer_key;missing_siren_siret;,2026-07-09
BOAMP:15-68078,NAME:dir ouest,DIR Ouest,,,NAME,Telecom & Networks,2015-05-04,48.0,2019-05-04,0.0172938524694259,0.0305457734448467,Low,model-estimated recurrence probability,False,name_fallback_buyer_key;missing_siren_siret;,2026-07-09
BOAMP:21-104861,NAME:destination rennes tourisme congres,DESTINATION RENNES Tourisme Congrès,,,NAME,Data & AI,2021-07-27,48.0,2025-07-27,0.0172326617110839,0.0304391458605614,Low,duration imputed,False,name_fallback_buyer_key;missing_siren_siret;missing_cpv;,2026-07-09
BOAMP:21-156687,NAME:communaute cnes terres montaigu,Communauté de Cnes Terres de Montaigu,,,NAME,Digital Workplace & Collaboration,2021-11-28,48.0,2025-11-28,0.0172326617110839,0.0304391458605614,Low,duration imputed,False,name_fallback_buyer_key;missing_siren_siret;,2026-07-09
BOAMP:19-120649,NAME:ch mans,CH LE MANS,,,NAME,Data & AI,2020-02-04,48.0,2024-02-04,0.0172265003788076,0.0304284089045346,Low,duration imputed,False,name_fallback_buyer_key;missing_siren_siret;,2026-07-09
BOAMP:20-126566,NAME:chambre reg agri pays loire,CHAMBRE REG AGRI PAYS DE LA LOIRE,,,NAME,Digital Workplace & Collaboration,2020-10-15,48.0,2024-10-15,0.0172265003788076,0.0304284089045346,Low,duration imputed,False,name_fallback_buyer_key;missing_siren_siret;,2026-07-09
BOAMP:20-48669,NAME:ville orvault,Ville d'Orvault,,,NAME,Data & AI,2020-04-03,48.0,2024-04-03,0.0172265003788076,0.0304284089045346,Low,duration imputed,False,name_fallback_buyer_key;missing_siren_siret;,2026-07-09
BOAMP:20-59734,NAME:gpm nantes st nazaire,GPM de Nantes - St Nazaire,,,NAME,IT Hardware & Equipment,2020-09-28,48.0,2024-09-28,0.0172265003788076,0.0304284089045346,Low,duration imputed,False,name_fallback_buyer_key;missing_siren_siret;,2026-07-09
BOAMP:20-68370,NAME:synd dep energie eqpt vendee,SYND DEP D ENERGIE ET D EQPT DE VENDEE,,,NAME,Data & AI,2020-05-26,48.0,2024-05-26,0.0172265003788076,0.0304284089045346,Low,duration imputed,False,name_fallback_buyer_key;missing_siren_siret;,2026-07-09
BOAMP:18-158821,NAME:mindef sga dcsid esid bordeaux,MINDEF/SGA/DCSID/ESID Bordeaux,,,NAME,Data & AI,2018-11-13,48.0,2022-11-13,0.0172141842064543,0.0304069459967634,Low,duration imputed,False,name_fallback_buyer_key;missing_siren_siret;,2026-07-09
BOAMP:18-163164,NAME:sisto,SISTO,,,NAME,Data & AI,2018-11-22,48.0,2022-11-22,0.0172141842064543,0.0304069459967634,Low,duration imputed,False,name_fallback_buyer_key;missing_siren_siret;,2026-07-09
BOAMP:18-173397,NAME:syndicat trivalis,Syndicat Trivalis,,,NAME,Data & AI,2018-12-26,48.0,2022-12-26,0.0172141842064543,0.0304069459967634,Low,duration imputed,False,name_fallback_buyer_key;missing_siren_siret;missing_cpv;,2026-07-09
BOAMP:18-35804,NAME:ccir pays loire,CCIR Pays de la Loire,,,NAME,IT Hardware & Equipment,2018-03-16,48.0,2022-03-16,0.0172141842064543,0.0304069459967634,Low,duration imputed,False,name_fallback_buyer_key;missing_siren_siret;,2026-07-09
BOAMP:18-72093,NAME:ccir pays loire,CCIR Pays de la Loire,,,NAME,IT Hardware & Equipment,2018-10-23,48.0,2022-10-23,0.0172141842064543,0.0304069459967634,Low,duration imputed,False,name_fallback_buyer_key;missing_siren_siret;,2026-07-09
BOAMP:18-90616,NAME:cerema dtermed,CEREMA - DTerMed,,,NAME,Digital Workplace & Collaboration,2018-07-01,48.0,2022-07-01,0.0172141842064543,0.0304069459967634,Low,duration imputed,False,name_fallback_buyer_key;missing_siren_siret;,2026-07-09
BOAMP:16-172610,NAME:conseil general vendee,Conseil général de la Vendée,,,NAME,Digital Workplace & Collaboration,2017-04-13,48.0,2021-04-13,0.0172080293649122,0.03039622004268,Low,duration imputed,False,name_fallback_buyer_key;missing_siren_siret;,2026-07-09
BOAMP:15-102510,NAME:conseil general sarthe,Conseil Général de la Sarthe,,,NAME,Digital Workplace & Collaboration,2016-01-26,48.0,2020-01-26,0.0172018766854835,0.0303854977535728,Low,duration imputed,False,name_fallback_buyer_key;missing_siren_siret;,2026-07-09
BOAMP:16-106449,NAME:synd mixte pays coutances,SYND MIXTE DU PAYS DE COUTANCES,,,NAME,Data & AI,2016-07-15,48.0,2020-07-15,0.0172018766854835,0.0303854977535728,Low,duration imputed,False,name_fallback_buyer_key;missing_siren_siret;missing_cpv;,2026-07-09
BOAMP:15-54977,NAME:conseil general sarthe,Conseil Général de la Sarthe,,,NAME,Digital Workplace & Collaboration,2015-04-13,48.0,2019-04-13,0.0171957261674362,0.030374779128273,Low,duration imputed,False,name_fallback_buyer_key;missing_siren_siret;,2026-07-09
BOAMP:15-65940,NAME:pole sante sarthe loire,Pole Santé Sarthe et Loire,,,NAME,IT Maintenance & Support,2015-04-29,48.0,2019-04-29,0.0171957261674362,0.030374779128273,Low,duration imputed,False,name_fallback_buyer_key;missing_siren_siret;,2026-07-09
BOAMP:15-82510,NAME:cg49,CG49,,,NAME,Data & AI,2015-06-01,48.0,2019-06-01,0.0171957261674362,0.030374779128273,Low,duration imputed,False,name_fallback_buyer_key;missing_siren_siret;missing_cpv;,2026-07-09
BOAMP:15-93928,NAME:cte agglomeration choletais,Cté d'Agglomération du Choletais,,,NAME,Cloud & Infrastructure,2015-06-22,48.0,2019-06-22,0.0171957261674362,0.030374779128273,Low,duration imputed,False,name_fallback_buyer_key;missing_siren_siret;,2026-07-09
BOAMP:20-11000,SIREN:794304097,Nantes Métropole,794304097,,SIREN_ENRICHED,Software & Applications,2020-01-25,60.0,2025-01-25,0.0169852729350256,0.0300079562988954,Low,model-estimated recurrence probability,True,,2026-07-09
BOAMP:20-132336,SIREN:794304097,Nantes Métropole,794304097,,SIREN_ENRICHED,Software & Applications,2020-11-08,60.0,2025-11-08,0.0169852729350256,0.0300079562988954,Low,model-estimated recurrence probability,True,,2026-07-09
BOAMP:20-135282,SIREN:200067346,CA PORNIC AGGLO PAYS DE RETZ,200067346,,SIREN_ENRICHED,Software & Applications,2020-11-06,60.0,2025-11-06,0.0169852729350256,0.0300079562988954,Low,model-estimated recurrence probability,True,,2026-07-09
BOAMP:20-38676,SIREN:214401093,COMMUNE DE NANTES,214401093,,SIREN_ENRICHED,Software & Applications,2020-03-15,60.0,2025-03-15,0.0169852729350256,0.0300079562988954,Low,model-estimated recurrence probability,True,,2026-07-09
BOAMP:18-90097,SIREN:794304097,Nantes Métropole,794304097,,SIREN_ENRICHED,Software & Applications,2019-04-05,60.0,2024-04-05,0.0169791985254904,0.0299973667328656,Low,model-estimated recurrence probability,True,,2026-07-09
BOAMP:19-110370,SIREN:214401093,COMMUNE DE NANTES,214401093,,SIREN_ENRICHED,Software & Applications,2019-07-19,60.0,2024-07-19,0.0169791985254904,0.0299973667328656,Low,model-estimated recurrence probability,True,,2026-07-09
BOAMP:19-151382,SIREN:794304097,Nantes Métropole,794304097,,SIREN_ENRICHED,Software & Applications,2019-10-09,60.0,2024-10-09,0.0169791985254904,0.0299973667328656,Low,model-estimated recurrence probability,True,,2026-07-09
BOAMP:19-73211,SIREN:218502888,Ville de Talmont - Saint Hilaire,218502888,,SIREN_ENRICHED,Software & Applications,2019-05-09,60.0,2024-05-09,0.0169791985254904,0.0299973667328656,Low,model-estimated recurrence probability,True,,2026-07-09
BOAMP:19-92498,SIREN:794304097,Nantes Métropole,794304097,,SIREN_ENRICHED,Software & Applications,2019-06-21,60.0,2024-06-21,0.0169791985254904,0.0299973667328656,Low,model-estimated recurrence probability,True,,2026-07-09
BOAMP:16-153330,SIREN:794304097,Nantes Métropole,794304097,,SIREN_ENRICHED,Software & Applications,2018-01-16,60.0,2023-01-16,0.0169731262508251,0.029986780788282,Low,model-estimated recurrence probability,False,,2026-07-09
BOAMP:17-143241,SIREN:794304097,Nantes Métropole,794304097,,SIREN_ENRICHED,Software & Applications,2018-06-20,60.0,2023-06-20,0.0169731262508251,0.029986780788282,Low,model-estimated recurrence probability,True,,2026-07-09
BOAMP:18-30024,SIREN:244900015,Angers Loire Métropole,244900015,,SIREN_ENRICHED,Software & Applications,2018-10-15,60.0,2023-10-15,0.0169731262508251,0.029986780788282,Low,model-estimated recurrence probability,False,,2026-07-09
BOAMP:17-173663,SIREN:794304097,Nantes Métropole,794304097,,SIREN_ENRICHED,Software & Applications,2017-12-16,60.0,2022-12-16,0.0169670561103062,0.0299761984639875,Low,model-estimated recurrence probability,True,,2026-07-09
BOAMP:17-56105,SIREN:264400268,Centre Hospitalier de Saint-Nazaire,264400268,,SIREN_ENRICHED,Software & Applications,2017-05-07,60.0,2022-05-07,0.0169670561103062,0.0299761984639875,Low,model-estimated recurrence probability,False,,2026-07-09
BOAMP:17-73536,SIREN:794304097,Nantes Métropole,794304097,,SIREN_ENRICHED,Software & Applications,2017-10-26,60.0,2022-10-26,0.0169670561103062,0.0299761984639875,Low,model-estimated recurrence probability,True,,2026-07-09
BOAMP:16-1046,NAME:ademe,ADEME,,,NAME,Digital Workplace & Collaboration,2016-01-18,55.0,2020-08-18,0.0168516425425558,0.0297749742033134,Low,model-estimated recurrence probability,False,name_fallback_buyer_key;missing_siren_siret;,2026-07-09
BOAMP:19-177021,SIREN:247200132,Le Mans Métropole - Communauté Urbaine,247200132,,SIREN_ENRICHED,Software & Applications,2020-06-04,61.0,2025-07-04,0.0167968303904599,0.0296793961913001,Low,model-estimated recurrence probability,False,,2026-07-09
BOAMP:22-2168,NAME:ville orvault,Ville d'Orvault,,,NAME,Cybersecurity,2022-01-06,48.0,2026-01-06,0.0166584856139956,0.0294381228467349,Low,duration imputed,False,name_fallback_buyer_key;missing_siren_siret;,2026-07-09
BOAMP:21-124087,NAME:ville orvault,Ville d'Orvault,,,NAME,Cybersecurity,2021-09-16,48.0,2025-09-16,0.0166525260929836,0.0294277282696598,Low,duration imputed,False,name_fallback_buyer_key;missing_siren_siret;,2026-07-09
BOAMP:21-57080,NAME:ec sup beaux arts tours angers mans,EC SUP BEAUX ARTS TOURS ANGERS MANS,,,NAME,Cybersecurity,2021-04-29,48.0,2025-04-29,0.0166525260929836,0.0294277282696598,Low,duration imputed,False,name_fallback_buyer_key;missing_siren_siret;missing_cpv;,2026-07-09
BOAMP:20-17362,NAME:vendee habitat oph vendee,Vendée Habitat - OPH de Vendée,,,NAME,Cybersecurity,2020-02-04,48.0,2024-02-04,0.0166465686678797,0.0294173372516555,Low,duration imputed,False,name_fallback_buyer_key;missing_siren_siret;,2026-07-09
BOAMP:18-127511,NAME:ch mans,CH LE MANS,,,NAME,Cybersecurity,2019-02-20,48.0,2023-02-20,0.0166406133379728,0.0294069497915819,Low,duration imputed,False,name_fallback_buyer_key;missing_siren_siret;,2026-07-09
BOAMP:19-130305,NAME:communaute communes grand lieu,Communauté de Communes de Grand Lieu,,,NAME,Cybersecurity,2019-12-20,48.0,2023-12-20,0.0166406133379728,0.0294069497915819,Low,duration imputed,False,name_fallback_buyer_key;missing_siren_siret;,2026-07-09
BOAMP:19-51024,NAME:ville ancenis saint gereon,Ville d'Ancenis-Saint-Géréon,,,NAME,Cybersecurity,2019-07-11,48.0,2023-07-11,0.0166406133379728,0.0294069497915819,Low,duration imputed,False,name_fallback_buyer_key;missing_siren_siret;,2026-07-09
BOAMP:16-43654,NAME:mindef dga do s2a,MINDEF/DGA/DO/S2A,,,NAME,Cybersecurity,2016-03-29,48.0,2020-03-29,0.0166227599123244,0.0293758087475501,Low,duration imputed,False,name_fallback_buyer_key;missing_siren_siret;,2026-07-09
BOAMP:15-44999,NAME:conseil general vendee,Conseil général de la Vendée,,,NAME,Cybersecurity,2015-03-24,48.0,2019-03-24,0.0166168129560968,0.0293654355078053,Low,duration imputed,False,name_fallback_buyer_key;missing_siren_siret;,2026-07-09
BOAMP:16-78018,NAME:o p h mans habitat,O.P.H LE MANS HABITAT,,,NAME,IT Services & Consulting,2017-02-16,72.0,2023-02-16,0.0163783566192666,0.0289494182382554,Low,model-estimated recurrence probability,False,name_fallback_buyer_key;missing_siren_siret;,2026-07-09
BOAMP:21-143481,NAME:sca pfaf so,SCA/PFAF SO,,,NAME,Telecom & Networks,2021-10-26,48.0,2025-10-26,0.0163621634562602,0.0289211616014544,Low,duration imputed,False,name_fallback_buyer_key;missing_siren_siret;,2026-07-09
BOAMP:21-23663,NAME:cte communes erdre gesvres,Cté de Communes d'Erdre et Gesvres,,,NAME,Telecom & Networks,2021-02-19,48.0,2025-02-19,0.0163621634562602,0.0289211616014544,Low,duration imputed,True,name_fallback_buyer_key;missing_siren_siret;,2026-07-09
BOAMP:21-92363,NAME:soc publique reg abe fontevraud,SOC PUBLIQUE REG ABE DE FONTEVRAUD,,,NAME,Telecom & Networks,2021-07-05,48.0,2025-07-05,0.0163621634562602,0.0289211616014544,Low,duration imputed,False,name_fallback_buyer_key;missing_siren_siret;,2026-07-09
BOAMP:21-99965,NAME:cc ocean marais monts,CC Océan Marais de Monts,,,NAME,Telecom & Networks,2021-07-19,48.0,2025-07-19,0.0163621634562602,0.0289211616014544,Low,duration imputed,False,name_fallback_buyer_key;missing_siren_siret;,2026-07-09
BOAMP:19-187630,NAME:conseil general vendee,Conseil général de la Vendée,,,NAME,Telecom & Networks,2020-04-15,48.0,2024-04-15,0.0163563081802929,0.0289109441255409,Low,duration imputed,False,name_fallback_buyer_key;missing_siren_siret;,2026-07-09
BOAMP:18-26654,NAME:gip vendee numerique,GIP Vendée Numérique,,,NAME,Telecom & Networks,2019-07-01,48.0,2023-07-01,0.0163504549648336,0.0289007301519007,Low,duration imputed,False,name_fallback_buyer_key;missing_siren_siret;,2026-07-09
BOAMP:19-39750,NAME:gpm nantes st nazaire,GPM de Nantes - St Nazaire,,,NAME,Telecom & Networks,2019-11-05,48.0,2023-11-05,0.0163504549648336,0.0289007301519007,Low,duration imputed,False,name_fallback_buyer_key;missing_siren_siret;,2026-07-09
BOAMP:19-78493,NAME:ctre hosp universitaire angers,CTRE HOSP UNIVERSITAIRE ANGERS,,,NAME,Telecom & Networks,2019-05-20,48.0,2023-05-20,0.0163504549648336,0.0289007301519007,Low,duration imputed,False,name_fallback_buyer_key;missing_siren_siret;,2026-07-09
BOAMP:18-171623,NAME:ch mans,CH LE MANS,,,NAME,Telecom & Networks,2018-12-10,48.0,2022-12-10,0.0163446038091822,0.0288905196794092,Low,duration imputed,False,name_fallback_buyer_key;missing_siren_siret;,2026-07-09
BOAMP:18-40946,NAME:synd dep energie eqpt vendee,SYND DEP D ENERGIE ET D EQPT DE VENDEE,,,NAME,Telecom & Networks,2018-07-11,48.0,2022-07-11,0.0163446038091822,0.0288905196794092,Low,duration imputed,False,name_fallback_buyer_key;missing_siren_siret;,2026-07-09
BOAMP:17-101340,NAME:crous rennes,CROUS de Rennes,,,NAME,Telecom & Networks,2017-07-15,48.0,2021-07-15,0.0163387547126385,0.0288803127069422,Low,duration imputed,False,name_fallback_buyer_key;missing_siren_siret;,2026-07-09
BOAMP:17-12394,NAME:sdegm,SDEGM,,,NAME,Telecom & Networks,2017-01-26,48.0,2021-01-26,0.0163387547126385,0.0288803127069422,Low,duration imputed,False,name_fallback_buyer_key;missing_siren_siret;,2026-07-09
BOAMP:17-47832,NAME:centre gestion fpt loire atlantique,Centre de Gestion FPT Loire-Atlantique,,,NAME,Telecom & Networks,2017-04-05,48.0,2021-04-05,0.0163387547126385,0.0288803127069422,Low,duration imputed,False,name_fallback_buyer_key;missing_siren_siret;,2026-07-09
BOAMP:17-67752,NAME:gpm nantes st nazaire,GPM de Nantes - St Nazaire,,,NAME,Telecom & Networks,2017-05-16,48.0,2021-05-16,0.0163387547126385,0.0288803127069422,Low,duration imputed,False,name_fallback_buyer_key;missing_siren_siret;,2026-07-09
BOAMP:17-76729,NAME:dir interregionale sces penitentiaires,DIR INTERREGIONALE SCES PENITENTIAIRES,,,NAME,Telecom & Networks,2017-06-01,48.0,2021-06-01,0.0163387547126385,0.0288803127069422,Low,duration imputed,False,name_fallback_buyer_key;missing_siren_siret;,2026-07-09
BOAMP:17-78663,NAME:quinconces espal,Les Quinconces l'Espal,,,NAME,Telecom & Networks,2017-06-06,48.0,2021-06-06,0.0163387547126385,0.0288803127069422,Low,duration imputed,False,name_fallback_buyer_key;missing_siren_siret;,2026-07-09
BOAMP:16-12477,NAME:gpm nantes st nazaire,GPM de Nantes - St Nazaire,,,NAME,Telecom & Networks,2016-05-17,48.0,2020-05-17,0.0163329076745031,0.0288701092333755,Low,duration imputed,False,name_fallback_buyer_key;missing_siren_siret;,2026-07-09
BOAMP:16-179721,NAME:gpm nantes st nazaire,GPM de Nantes - St Nazaire,,,NAME,Telecom & Networks,2016-12-15,48.0,2020-12-15,0.0163329076745031,0.0288701092333755,Low,duration imputed,False,name_fallback_buyer_key;missing_siren_siret;,2026-07-09
BOAMP:16-42023,NAME:gpm nantes st nazaire,GPM de Nantes - St Nazaire,,,NAME,Telecom & Networks,2016-03-24,48.0,2020-03-24,0.0163329076745031,0.0288701092333755,Low,duration imputed,False,name_fallback_buyer_key;missing_siren_siret;,2026-07-09
BOAMP:15-34520,NAME:chu angers,CHU d'Angers,,,NAME,Telecom & Networks,2015-03-06,48.0,2019-03-06,0.0163270626940762,0.0288599092575857,Low,duration imputed,False,name_fallback_buyer_key;missing_siren_siret;,2026-07-09
BOAMP:21-159098,NAME:communaute communes huisne sarthoise,COMMUNAUTE COMMUNES HUISNE SARTHOISE,,,NAME,Unknown,2021-12-02,48.0,2025-12-02,0.0159777708455699,0.0282501970319922,Low,duration imputed,False,name_fallback_buyer_key;missing_siren_siret;,2026-07-09
BOAMP:21-83822,NAME:cte cnes pays ancenis,Cté de Cnes du Pays d'Ancenis,,,NAME,Unknown,2021-06-18,48.0,2025-06-18,0.0159777708455699,0.0282501970319922,Low,duration imputed,False,name_fallback_buyer_key;missing_siren_siret;,2026-07-09
BOAMP:19-100067,NAME:sec gal adm min interieur ouest,SEC GAL POUR L ADM MIN INTERIEUR OUEST,,,NAME,Unknown,2019-06-30,48.0,2023-06-30,0.0159663329542552,0.0282302258077618,Low,duration imputed,False,name_fallback_buyer_key;missing_siren_siret;missing_cpv;,2026-07-09
BOAMP:19-118142,NAME:comcom estuaire sillon,Comcom Estuaire et Sillon,,,NAME,Unknown,2019-11-29,48.0,2023-11-29,0.0159663329542552,0.0282302258077618,Low,duration imputed,False,name_fallback_buyer_key;missing_siren_siret;,2026-07-09
BOAMP:19-126819,NAME:conseil general vendee,Conseil général de la Vendée,,,NAME,Unknown,2019-08-19,48.0,2023-08-19,0.0159663329542552,0.0282302258077618,Low,duration imputed,False,name_fallback_buyer_key;missing_siren_siret;missing_cpv;,2026-07-09
BOAMP:19-151799,NAME:dir interregionale sces penitentiaires,DIR INTERREGIONALE SCES PENITENTIAIRES,,,NAME,Unknown,2019-10-07,48.0,2023-10-07,0.0159663329542552,0.0282302258077618,Low,duration imputed,True,name_fallback_buyer_key;missing_siren_siret;,2026-07-09
BOAMP:19-15197,NAME:syndicat trivalis,Syndicat Trivalis,,,NAME,Unknown,2019-02-04,48.0,2023-02-04,0.0159663329542552,0.0282302258077618,Low,duration imputed,False,name_fallback_buyer_key;missing_siren_siret;missing_cpv;,2026-07-09
BOAMP:19-172419,NAME:syndicat trivalis,Syndicat Trivalis,,,NAME,Unknown,2019-11-29,48.0,2023-11-29,0.0159663329542552,0.0282302258077618,Low,duration imputed,False,name_fallback_buyer_key;missing_siren_siret;,2026-07-09
BOAMP:18-34848,NAME:spic arena loire trelaze,SPIC - ARENA LOIRE TRELAZE,,,NAME,Unknown,2018-03-14,48.0,2022-03-14,0.0159606170296411,0.0282202453369286,Low,duration imputed,False,name_fallback_buyer_key;missing_siren_siret;,2026-07-09
BOAMP:18-80935,NAME:cmar pays loire,CMAR Pays de La Loire,,,NAME,Unknown,2018-06-12,48.0,2022-06-12,0.0159606170296411,0.0282202453369286,Low,duration imputed,False,name_fallback_buyer_key;missing_siren_siret;,2026-07-09
BOAMP:16-176813,NAME:cte cnes coeur estuaire,Cté Cnes Coeur d'Estuaire,,,NAME,Unknown,2017-05-04,48.0,2021-05-04,0.0159549031181417,0.028210268292145,Low,duration imputed,False,name_fallback_buyer_key;missing_siren_siret;,2026-07-09
BOAMP:17-16256,NAME:inst interdpt bassin sevre niortaise,Inst. Interdpt bassin Sèvre Niortaise,,,NAME,Unknown,2017-02-02,48.0,2021-02-02,0.0159549031181417,0.028210268292145,Low,duration imputed,False,name_fallback_buyer_key;missing_siren_siret;,2026-07-09
BOAMP:19-21370,NAME:esat foyers,ESAT Foyers,,,NAME,Cloud & Infrastructure,2019-02-08,60.0,2024-02-08,0.0159540318585301,0.0282087469803699,Low,model-estimated recurrence probability,False,name_fallback_buyer_key;missing_siren_siret;,2026-07-09
BOAMP:16-106250,NAME:cpam sarthe,CPAM de la Sarthe,,,NAME,Unknown,2016-11-02,48.0,2020-11-02,0.015949191219072,0.0282002946723068,Low,duration imputed,False,name_fallback_buyer_key;missing_siren_siret;,2026-07-09
BOAMP:16-45436,NAME:hopital intercommunal sevre loire,Hopital Intercommunal Sèvre et Loire,,,NAME,Unknown,2016-09-05,48.0,2020-09-05,0.015949191219072,0.0282002946723068,Low,duration imputed,True,name_fallback_buyer_key;missing_siren_siret;,2026-07-09
BOAMP:16-53642,NAME:cci maine loire,CCI de Maine et Loire,,,NAME,Unknown,2016-07-18,48.0,2020-07-18,0.015949191219072,0.0282002946723068,Low,duration imputed,False,name_fallback_buyer_key;missing_siren_siret;,2026-07-09
BOAMP:18-41182,NAME:cdc pays saint gilles cx vie,CDC du Pays de Saint Gilles Cx de Vie,,,NAME,IT Hardware & Equipment,2018-07-17,60.0,2023-07-17,0.0159483202663185,0.028198773882778,Low,model-estimated recurrence probability,False,name_fallback_buyer_key;missing_siren_siret;,2026-07-09
BOAMP:16-56502,NAME:caf somme,CAF de la Somme,,,NAME,Digital Workplace & Collaboration,2016-04-22,60.0,2021-04-22,0.0159369031161306,0.0281788379575136,Low,model-estimated recurrence probability,False,name_fallback_buyer_key;missing_siren_siret;,2026-07-09
BOAMP:21-155528,NAME:regie dept passages eau vendee,Régie Dépt Passages d'Eau de Vendée,,,NAME,Software & Applications,2022-06-01,36.0,2025-06-01,0.0157467291347506,0.0278467155885665,Low,model-estimated recurrence probability,False,name_fallback_buyer_key;missing_siren_siret;,2026-07-09
BOAMP:22-11807,NAME:syndicat mixte gigalis,SYNDICAT MIXTE GIGALIS,,,NAME,Software & Applications,2022-01-26,36.0,2025-01-26,0.0157467291347506,0.0278467155885665,Low,model-estimated recurrence probability,False,name_fallback_buyer_key;missing_siren_siret;,2026-07-09
BOAMP:22-29187,NAME:gpm nantes st nazaire,GPM de Nantes - St Nazaire,,,NAME,Software & Applications,2022-02-25,36.0,2025-02-25,0.0157467291347506,0.0278467155885665,Low,model-estimated recurrence probability,False,name_fallback_buyer_key;missing_siren_siret;,2026-07-09
BOAMP:22-92345,NAME:gpm nantes st nazaire,GPM de Nantes - St Nazaire,,,NAME,Software & Applications,2022-09-22,36.0,2025-09-22,0.0157467291347506,0.0278467155885665,Low,model-estimated recurrence probability,False,name_fallback_buyer_key;missing_siren_siret;,2026-07-09
BOAMP:21-167647,NAME:geves,GEVES,,,NAME,Software & Applications,2021-12-23,36.0,2024-12-23,0.015741090570383,0.0278368668194267,Low,model-estimated recurrence probability,False,name_fallback_buyer_key;missing_siren_siret;,2026-07-09
BOAMP:19-109687,NAME:semitan mandataire nantes metropole,SEMITAN mandataire de Nantes Métropole,,,NAME,Software & Applications,2020-10-08,36.0,2023-10-08,0.0157354539927849,0.0278270214338732,Low,model-estimated recurrence probability,False,name_fallback_buyer_key;missing_siren_siret;,2026-07-09
BOAMP:19-138013,NAME:chbr reg metiers artisanat nouv aquit,CHBR REG METIERS ARTISANAT NOUV AQUIT,,,NAME,Software & Applications,2019-12-13,36.0,2022-12-13,0.0157298194012793,0.027817179430814,Low,model-estimated recurrence probability,True,name_fallback_buyer_key;missing_siren_siret;,2026-07-09
BOAMP:19-3707,NAME:ch mans,CH LE MANS,,,NAME,Software & Applications,2019-01-09,36.0,2022-01-09,0.0157298194012793,0.027817179430814,Low,model-estimated recurrence probability,False,name_fallback_buyer_key;missing_siren_siret;,2026-07-09
BOAMP:18-89409,NAME:crous nantes,CROUS de Nantes,,,NAME,Software & Applications,2018-11-08,36.0,2021-11-08,0.0157241867951895,0.0278073408091575,Low,model-estimated recurrence probability,True,name_fallback_buyer_key;missing_siren_siret;,2026-07-09
BOAMP:17-54861,NAME:ville orvault,Ville d'Orvault,,,NAME,Software & Applications,2017-06-20,36.0,2020-06-20,0.0157185561738391,0.0277975055678125,Low,model-estimated recurrence probability,False,name_fallback_buyer_key;missing_siren_siret;,2026-07-09
BOAMP:16-110437,NAME:universite europeenne bretagne,Université Européenne de Bretagne,,,NAME,Software & Applications,2016-07-26,36.0,2019-07-26,0.0157129275365516,0.0277876737056879,Low,model-estimated recurrence probability,False,name_fallback_buyer_key;missing_siren_siret;,2026-07-09
BOAMP:15-111661,NAME:inra formation permanente nationale,INRA - Formation permanente nationale,,,NAME,Software & Applications,2015-07-21,36.0,2018-07-21,0.015707300882651,0.0277778452216929,Low,model-estimated recurrence probability,False,name_fallback_buyer_key;missing_siren_siret;,2026-07-09
BOAMP:15-64904,SIREN:288500010,SDIS 85,288500010,,SIREN_ENRICHED,Software & Applications,2015-04-28,68.0,2020-12-28,0.0155062865966368,0.0274266623493111,Low,model-estimated recurrence probability,False,,2026-07-09
BOAMP:18-13131,NAME:cte communes erdre gesvres,Cté de Communes d'Erdre et Gesvres,,,NAME,Software & Applications,2018-01-29,39.0,2021-04-29,0.0152058783791906,0.0269016273433393,Low,model-estimated recurrence probability,True,name_fallback_buyer_key;missing_siren_siret;,2026-07-09
BOAMP:16-67267,NAME:ademe,ADEME,,,NAME,Software & Applications,2016-11-24,39.0,2020-02-24,0.0151949845243452,0.0268825831045678,Low,model-estimated recurrence probability,True,name_fallback_buyer_key;missing_siren_siret;,2026-07-09
BOAMP:19-105444,SIREN:247200132,Le Mans Métropole - Communauté Urbaine,247200132,,SIREN_ENRICHED,Software & Applications,2019-07-10,74.0,2025-09-10,0.0145212367513475,0.0257041317263514,Low,model-estimated recurrence probability,False,,2026-07-09
BOAMP:20-10180,NAME:chd vendee,CHD VENDEE,,,NAME,Telecom & Networks,2020-06-12,64.0,2025-10-12,0.0144898633468676,0.0256492263061797,Low,model-estimated recurrence probability,False,name_fallback_buyer_key;missing_siren_siret;,2026-07-09
BOAMP:19-152453,NAME:chd vendee,CHD VENDEE,,,NAME,Telecom & Networks,2019-10-10,64.0,2025-02-10,0.0144846682158399,0.0256401342421176,Low,model-estimated recurrence probability,False,name_fallback_buyer_key;missing_siren_siret;,2026-07-09
BOAMP:17-103816,NAME:dirisi,DIRISI,,,NAME,Telecom & Networks,2017-12-20,66.0,2023-06-20,0.0141540681805883,0.0250613950983472,Low,model-estimated recurrence probability,True,name_fallback_buyer_key;missing_siren_siret;,2026-07-09
BOAMP:19-59985,SIREN:264400136,CHU de Nantes,264400136,,SIREN_ENRICHED,Software & Applications,2019-04-17,77.0,2025-09-17,0.0140420148768798,0.0248651698506927,Low,model-estimated recurrence probability,False,,2026-07-09
BOAMP:17-123367,SIREN:865800767,Loire Ocean developpement,865800767,,SIREN_ENRICHED,Unknown,2017-12-12,96.0,2025-12-12,0.0139524447305909,0.0247082918824376,Low,model-estimated recurrence probability,False,,2026-07-09
BOAMP:20-153801,NAME:ccir pays loire,CCIR Pays de la Loire,,,NAME,Software & Applications,2021-02-22,48.0,2025-02-22,0.0137646372057701,0.0243792843478589,Low,model-estimated recurrence probability,False,name_fallback_buyer_key;missing_siren_siret;,2026-07-09
BOAMP:21-124527,NAME:gpm nantes st nazaire,GPM de Nantes - St Nazaire,,,NAME,Software & Applications,2021-09-16,48.0,2025-09-16,0.0137646372057701,0.0243792843478589,Low,model-estimated recurrence probability,False,name_fallback_buyer_key;missing_siren_siret;,2026-07-09
BOAMP:19-124424,NAME:chd vendee,CHD VENDEE,,,NAME,Software & Applications,2020-04-21,48.0,2024-04-21,0.0137596984636992,0.0243706311895595,Low,model-estimated recurrence probability,True,name_fallback_buyer_key;missing_siren_siret;,2026-07-09
BOAMP:19-97686,NAME:synd dep energie eqpt vendee,SYND DEP D ENERGIE ET D EQPT DE VENDEE,,,NAME,Software & Applications,2020-02-10,48.0,2024-02-10,0.0137596984636992,0.0243706311895595,Low,model-estimated recurrence probability,False,name_fallback_buyer_key;missing_siren_siret;,2026-07-09
BOAMP:20-103852,NAME:ch mans,CH LE MANS,,,NAME,Software & Applications,2020-08-22,48.0,2024-08-22,0.0137596984636992,0.0243706311895595,Low,model-estimated recurrence probability,False,name_fallback_buyer_key;missing_siren_siret;,2026-07-09
BOAMP:20-47343,NAME:cci metropolitaine bretagne ouest,CCI METROPOLITAINE BRETAGNE OUEST,,,NAME,Software & Applications,2020-04-02,48.0,2024-04-02,0.0137596984636992,0.0243706311895595,Low,model-estimated recurrence probability,False,name_fallback_buyer_key;missing_siren_siret;,2026-07-09
BOAMP:20-79138,NAME:agce enst fr etranger,AGCE POUR L ENST FR A L ETRANGER,,,NAME,Software & Applications,2020-06-19,48.0,2024-06-19,0.0137596984636992,0.0243706311895595,Low,model-estimated recurrence probability,False,name_fallback_buyer_key;missing_siren_siret;missing_cpv;,2026-07-09
BOAMP:19-106429,NAME:ccir pays loire,CCIR Pays de la Loire,,,NAME,Software & Applications,2019-10-21,48.0,2023-10-21,0.0137547614689317,0.0243619810259094,Low,model-estimated recurrence probability,True,name_fallback_buyer_key;missing_siren_siret;,2026-07-09
BOAMP:19-12872,NAME:communaute agglomeration niortais,Communauté d'agglomération du Niortais,,,NAME,Software & Applications,2019-01-24,48.0,2023-01-24,0.0137547614689317,0.0243619810259094,Low,model-estimated recurrence probability,False,name_fallback_buyer_key;missing_siren_siret;,2026-07-09
BOAMP:19-93739,NAME:communaute agglomeration niortais,Communauté d'agglomération du Niortais,,,NAME,Software & Applications,2019-06-20,48.0,2023-06-20,0.0137547614689317,0.0243619810259094,Low,model-estimated recurrence probability,False,name_fallback_buyer_key;missing_siren_siret;,2026-07-09
BOAMP:17-165815,NAME:dreal bretagne,DREAL BRETAGNE,,,NAME,Software & Applications,2018-06-05,48.0,2022-06-05,0.0137498262208669,0.0243533338559269,Low,model-estimated recurrence probability,True,name_fallback_buyer_key;missing_siren_siret;,2026-07-09
BOAMP:17-165817,NAME:dreal bretagne,DREAL BRETAGNE,,,NAME,Software & Applications,2018-05-18,48.0,2022-05-18,0.0137498262208669,0.0243533338559269,Low,model-estimated recurrence probability,True,name_fallback_buyer_key;missing_siren_siret;,2026-07-09
BOAMP:18-126992,NAME:esat foyers,ESAT Foyers,,,NAME,Software & Applications,2018-09-13,48.0,2022-09-13,0.0137498262208669,0.0243533338559269,Low,model-estimated recurrence probability,False,name_fallback_buyer_key;missing_siren_siret;,2026-07-09
BOAMP:18-14081,NAME:cdc pays saint gilles cx vie,CDC du Pays de Saint Gilles Cx de Vie,,,NAME,Software & Applications,2018-02-02,48.0,2022-02-02,0.0137498262208669,0.0243533338559269,Low,model-estimated recurrence probability,True,name_fallback_buyer_key;missing_siren_siret;,2026-07-09
BOAMP:18-52482,NAME:cdc pays saint gilles cx vie,CDC du Pays de Saint Gilles Cx de Vie,,,NAME,Software & Applications,2018-10-19,48.0,2022-10-19,0.0137498262208669,0.0243533338559269,Low,model-estimated recurrence probability,True,name_fallback_buyer_key;missing_siren_siret;,2026-07-09
BOAMP:18-79940,NAME:esat foyers,ESAT Foyers,,,NAME,Software & Applications,2018-06-13,48.0,2022-06-13,0.0137498262208669,0.0243533338559269,Low,model-estimated recurrence probability,False,name_fallback_buyer_key;missing_siren_siret;,2026-07-09
BOAMP:17-152746,NAME:ctre hosp universitaire angers,CTRE HOSP UNIVERSITAIRE ANGERS,,,NAME,Software & Applications,2017-12-08,48.0,2021-12-08,0.0137448927189047,0.0243446896786302,Low,model-estimated recurrence probability,True,name_fallback_buyer_key;missing_siren_siret;,2026-07-09
BOAMP:17-1971,NAME:maine loire habitat office pub habitat,MAINE LOIRE HABITAT OFFICE PUB HABITAT,,,NAME,Software & Applications,2017-01-06,48.0,2021-01-06,0.0137448927189047,0.0243446896786302,Low,model-estimated recurrence probability,True,name_fallback_buyer_key;missing_siren_siret;,2026-07-09
BOAMP:16-142611,NAME:ville orvault,Ville d'Orvault,,,NAME,Software & Applications,2016-09-30,48.0,2020-09-30,0.0137399609624452,0.0243360484930379,Low,model-estimated recurrence probability,True,name_fallback_buyer_key;missing_siren_siret;,2026-07-09
BOAMP:16-176618,NAME:ville orvault,Ville d'Orvault,,,NAME,Software & Applications,2016-12-09,48.0,2020-12-09,0.0137399609624452,0.0243360484930379,Low,model-estimated recurrence probability,True,name_fallback_buyer_key;missing_siren_siret;,2026-07-09
BOAMP:16-80474,NAME:com communes pays ancenis,Com Communes du Pays d'Ancenis,,,NAME,Software & Applications,2016-12-30,48.0,2020-12-30,0.0137399609624452,0.0243360484930379,Low,model-estimated recurrence probability,False,name_fallback_buyer_key;missing_siren_siret;,2026-07-09
BOAMP:16-81846,NAME:nantes metropole habitat,Nantes Métropole Habitat,,,NAME,Software & Applications,2016-09-27,48.0,2020-09-27,0.0137399609624452,0.0243360484930379,Low,model-estimated recurrence probability,True,name_fallback_buyer_key;missing_siren_siret;,2026-07-09
BOAMP:16-99329,NAME:nantes metropole habitat,Nantes Métropole Habitat,,,NAME,Software & Applications,2016-11-07,48.0,2020-11-07,0.0137399609624452,0.0243360484930379,Low,model-estimated recurrence probability,False,name_fallback_buyer_key;missing_siren_siret;,2026-07-09
BOAMP:21-130046,NAME:gpm nantes st nazaire,GPM de Nantes - St Nazaire,,,NAME,Software & Applications,2021-09-29,48.0,2025-09-29,0.0129925350194989,0.0230256739572195,Low,duration imputed,False,name_fallback_buyer_key;missing_siren_siret;,2026-07-09
BOAMP:21-132073,NAME:sde35,SDE35,,,NAME,Software & Applications,2021-10-01,48.0,2025-10-01,0.0129925350194989,0.0230256739572195,Low,duration imputed,True,name_fallback_buyer_key;missing_siren_siret;,2026-07-09
BOAMP:21-23643,NAME:vendee habitat oph vendee,Vendée Habitat - OPH de Vendée,,,NAME,Software & Applications,2021-02-19,48.0,2025-02-19,0.0129925350194989,0.0230256739572195,Low,duration imputed,True,name_fallback_buyer_key;missing_siren_siret;,2026-07-09
BOAMP:21-25169,NAME:orchestre national pays loir,Orchestre National des Pays de la Loir,,,NAME,Software & Applications,2021-02-23,48.0,2025-02-23,0.0129925350194989,0.0230256739572195,Low,duration imputed,False,name_fallback_buyer_key;missing_siren_siret;,2026-07-09
BOAMP:21-64504,NAME:centre hospitalier laval 53,Centre Hospitalier de Laval (53),,,NAME,Software & Applications,2021-05-14,48.0,2025-05-14,0.0129925350194989,0.0230256739572195,Low,duration imputed,True,name_fallback_buyer_key;missing_siren_siret;,2026-07-09
BOAMP:20-152502,NAME:chd vendee,CHD VENDEE,,,NAME,Software & Applications,2020-12-14,48.0,2024-12-14,0.0129878696589025,0.0230174899129372,Low,duration imputed,True,name_fallback_buyer_key;missing_siren_siret;,2026-07-09
BOAMP:19-161349,NAME:cci metropolitaine bretagne ouest,CCI METROPOLITAINE BRETAGNE OUEST,,,NAME,Software & Applications,2019-10-25,48.0,2023-10-25,0.0129832059515079,0.0230093087090117,Low,duration imputed,False,name_fallback_buyer_key;missing_siren_siret;,2026-07-09
BOAMP:19-27651,NAME:comm comm doue fontaine,Comm Comm de Doué la Fontaine,,,NAME,Software & Applications,2019-02-20,48.0,2023-02-20,0.0129832059515079,0.0230093087090117,Low,duration imputed,True,name_fallback_buyer_key;missing_siren_siret;,2026-07-09
BOAMP:19-66602,NAME:ctre hosp universitaire angers,CTRE HOSP UNIVERSITAIRE ANGERS,,,NAME,Software & Applications,2019-04-26,48.0,2023-04-26,0.0129832059515079,0.0230093087090117,Low,duration imputed,False,name_fallback_buyer_key;missing_siren_siret;,2026-07-09
BOAMP:19-87510,NAME:gpm nantes st nazaire,GPM de Nantes - St Nazaire,,,NAME,Software & Applications,2019-06-06,48.0,2023-06-06,0.0129832059515079,0.0230093087090117,Low,duration imputed,False,name_fallback_buyer_key;missing_siren_siret;,2026-07-09
BOAMP:18-110801,NAME:cte reg peches maritimes elevages mari,CTE REG PECHES MARITIMES ELEVAGES MARI,,,NAME,Software & Applications,2018-08-21,48.0,2022-08-21,0.0129785438967451,0.0230011303445057,Low,duration imputed,False,name_fallback_buyer_key;missing_siren_siret;,2026-07-09
BOAMP:18-157794,NAME:communaute communes pays redon,COMMUNAUTE COMMUNES PAYS DE REDON,,,NAME,Software & Applications,2018-11-12,48.0,2022-11-12,0.0129785438967451,0.0230011303445057,Low,duration imputed,True,name_fallback_buyer_key;missing_siren_siret;,2026-07-09
BOAMP:18-91062,NAME:ville arnage,Ville d'Arnage,,,NAME,Software & Applications,2018-06-29,48.0,2022-06-29,0.0129785438967451,0.0230011303445057,Low,duration imputed,False,name_fallback_buyer_key;missing_siren_siret;,2026-07-09
BOAMP:17-25253,NAME:grand t theatre loire atlantique,Le Grand T - Théâtre Loire-Atlantique,,,NAME,Software & Applications,2017-02-21,48.0,2021-02-21,0.0129738834940443,0.0229929548184828,Low,duration imputed,False,name_fallback_buyer_key;missing_siren_siret;,2026-07-09
BOAMP:17-4904,NAME:iphv hauts thebaudieres,IPHV LES HAUTS THEBAUDIERES,,,NAME,Software & Applications,2017-01-11,48.0,2021-01-11,0.0129738834940443,0.0229929548184828,Low,duration imputed,False,name_fallback_buyer_key;missing_siren_siret;,2026-07-09
BOAMP:16-132878,NAME:ville avrille,Ville d'Avrillé,,,NAME,Software & Applications,2016-09-12,48.0,2020-09-12,0.0129692247428359,0.0229847821300061,Low,duration imputed,True,name_fallback_buyer_key;missing_siren_siret;,2026-07-09
BOAMP:16-42170,NAME:gpm nantes st nazaire,GPM de Nantes - St Nazaire,,,NAME,Software & Applications,2016-07-29,48.0,2020-07-29,0.0129692247428359,0.0229847821300061,Low,duration imputed,False,name_fallback_buyer_key;missing_siren_siret;,2026-07-09
BOAMP:16-69641,NAME:centre hospitalier specialise blain,Centre Hospitalier Spécialisé de Blain,,,NAME,Software & Applications,2016-05-13,48.0,2020-05-13,0.0129692247428359,0.0229847821300061,Low,duration imputed,True,name_fallback_buyer_key;missing_siren_siret;,2026-07-09
BOAMP:15-105085,NAME:ccir pays loire,CCIR Pays de la Loire,,,NAME,Software & Applications,2015-07-07,48.0,2019-07-07,0.0129645676425503,0.0229766122781394,Low,duration imputed,False,name_fallback_buyer_key;missing_siren_siret;,2026-07-09
BOAMP:15-168917,NAME:sictom loir sarthe,SICTOM Loir et Sarthe,,,NAME,Software & Applications,2015-11-09,48.0,2019-11-09,0.0129645676425503,0.0229766122781394,Low,duration imputed,True,name_fallback_buyer_key;missing_siren_siret;,2026-07-09
BOAMP:15-51571,NAME:residences saint alexandre,RESIDENCES SAINT ALEXANDRE,,,NAME,Software & Applications,2015-04-07,48.0,2019-04-07,0.0129645676425503,0.0229766122781394,Low,duration imputed,False,name_fallback_buyer_key;missing_siren_siret;,2026-07-09
BOAMP:15-55527,NAME:cdc pays saint gilles cx vie,CDC du Pays de Saint Gilles Cx de Vie,,,NAME,Software & Applications,2015-04-14,48.0,2019-04-14,0.0129645676425503,0.0229766122781394,Low,duration imputed,True,name_fallback_buyer_key;missing_siren_siret;,2026-07-09
BOAMP:15-58989,NAME:ccir pays loire,CCIR Pays de la Loire,,,NAME,Software & Applications,2015-04-17,48.0,2019-04-17,0.0129645676425503,0.0229766122781394,Low,duration imputed,False,name_fallback_buyer_key;missing_siren_siret;,2026-07-09
BOAMP:15-67480,NAME:syndicat departemental energie,Syndicat Départemental d'Energie,,,NAME,Software & Applications,2015-05-04,48.0,2019-05-04,0.0129645676425503,0.0229766122781394,Low,duration imputed,True,name_fallback_buyer_key;missing_siren_siret;,2026-07-09
BOAMP:15-81386,NAME:gpm nantes st nazaire,GPM de Nantes - St Nazaire,,,NAME,Software & Applications,2015-05-28,48.0,2019-05-28,0.0129645676425503,0.0229766122781394,Low,duration imputed,False,name_fallback_buyer_key;missing_siren_siret;,2026-07-09
BOAMP:15-89415,NAME:ch mans,CH LE MANS,,,NAME,Software & Applications,2015-06-11,48.0,2019-06-11,0.0129645676425503,0.0229766122781394,Low,duration imputed,False,name_fallback_buyer_key;missing_siren_siret;missing_cpv;,2026-07-09
BOAMP:16-94328,NAME:smirgeom est sarthe,SMIRGEOM Est Sarthe,,,NAME,Software & Applications,2016-06-27,60.0,2021-06-27,0.0120117033363483,0.0213037694758233,Low,model-estimated recurrence probability,True,name_fallback_buyer_key;missing_siren_siret;,2026-07-09
BOAMP:16-158975,NAME:dirisi,DIRISI,,,NAME,Software & Applications,2017-04-24,90.0,2024-10-24,0.008578590875912,0.0152558639703673,Low,model-estimated recurrence probability,False,name_fallback_buyer_key;missing_siren_siret;,2026-07-09
