contract_id,buyer_key,buyer_name,SIREN,SIRET,buyer_key_type,segment,source_date,declared_duration_months,estimated_end_date,p_renewal_12m,p_renewal_24m,risk_tier,main_risk_reason,cpv_generic,cpv_div2,event,observed_duration_months,model_used
BOAMP:15-30947,NAME:smictom vallee authion,SMICTOM de la Vallée de l'Authion,,,NAME,Software & Applications,2015-03-02,12.0,2016-03-02,0.0205236121694079,0.036159365496108986,Low,model-estimated recurrence probability,True,48.0,0,136.24,LogLogisticAFT
BOAMP:15-31464,SIREN:285300018,Sdis de la Mayenne,285300018,,SIREN_ENRICHED,Unknown,2015-03-02,36.0,2018-03-02,0.02717548018591298,0.047632463415878346,Low,model-estimated recurrence probability,False,,1,36.14,LogLogisticAFT
BOAMP:15-31513,SIREN:214401432,Ville de Rezé,214401432,,SIREN_ENRICHED,Unknown,2015-03-02,48.0,2019-03-02,0.023798036733784222,0.041821870108471604,Low,model-estimated recurrence probability,False,38.0,0,136.24,LogLogisticAFT
BOAMP:15-20937,SIREN:214401093,Ville de Nantes,214401093,,SIREN_ENRICHED,Unknown,2015-03-03,48.0,2019-03-03,0.023798036733784222,0.041821870108471604,Low,model-estimated recurrence probability,False,44.0,1,51.81,LogLogisticAFT
BOAMP:15-32168,SIREN:234400034,Conseil régional des Pays de la Loire,234400034,,SIREN_ENRICHED,IT Services & Consulting,2015-07-21,24.0,2017-07-21,0.0391190615427508,0.06793896743309247,Low,model-estimated recurrence probability,False,72.0,0,131.6,LogLogisticAFT
BOAMP:15-31641,SIREN:784301525,IRCANTEC,784301525,,SIREN_ENRICHED,Data & AI,2015-03-04,12.0,2016-03-04,0.03810173550127438,0.06622380865107125,Low,model-estimated recurrence probability,False,,0,136.17,LogLogisticAFT
BOAMP:15-31797,NAME:acoss,ACOSS,,,NAME,IT Services & Consulting,2015-03-04,12.0,2016-03-04,0.03182627473564659,0.055584217024648885,Low,model-estimated recurrence probability,False,72.0,0,136.17,LogLogisticAFT
BOAMP:15-33241,SIREN:264400136,CHU de Nantes,264400136,,SIREN_ENRICHED,Telecom & Networks,2015-09-11,48.0,2019-09-11,0.02301302503500846,0.04046696273647399,Low,duration imputed,False,32.0,1,52.96,LogLogisticAFT
BOAMP:15-33752,SIREN:234400034,Conseil régional des Pays de la Loire,234400034,,SIREN_ENRICHED,Cybersecurity,2015-06-29,48.0,2019-06-29,0.023418603749914224,0.041167185936779815,Low,duration imputed,False,72.0,0,132.33,LogLogisticAFT
BOAMP:15-34520,NAME:chu angers,CHU d'Angers,,,NAME,Telecom & Networks,2015-03-06,48.0,2019-03-06,0.016327062694076244,0.028859909257585747,Low,duration imputed,False,32.0,0,136.1,LogLogisticAFT
BOAMP:15-37182,NAME:mindef dga dt scat,MINDEF/DGA/DT/SCAT,,,NAME,Cybersecurity,2015-03-11,48.0,2019-03-11,0.017600452999542382,0.03107988515085003,Low,model-estimated recurrence probability,False,35.0,0,135.94,LogLogisticAFT
BOAMP:15-42843,NAME:cte cnes ile noirmoutier,Cté de Cnes de l'Ile de Noirmoutier,,,NAME,IT Services & Consulting,2015-03-24,48.0,2019-03-24,0.02138072784934897,0.03764437170127555,Low,model-estimated recurrence probability,True,72.0,0,135.51,LogLogisticAFT
BOAMP:15-44999,NAME:conseil general vendee,Conseil général de la Vendée,,,NAME,Cybersecurity,2015-03-24,48.0,2019-03-24,0.01661681295609685,0.02936543550780535,Low,duration imputed,False,39.0,0,135.51,LogLogisticAFT
BOAMP:15-47591,SIREN:532458809,Ville d'Angers,532458809,,SIREN_ENRICHED,Telecom & Networks,2015-03-27,36.0,2018-03-27,0.027821650181951596,0.048740682392826695,Low,model-estimated recurrence probability,False,32.0,0,135.41,LogLogisticAFT
BOAMP:15-47696,SIREN:110006012,Ministère des Affaires étrangères,110006012,,SIREN_ENRICHED,IT Services & Consulting,2015-03-30,48.0,2019-03-30,0.03007290698506515,0.052593081018021626,Low,model-estimated recurrence probability,False,72.0,0,135.32,LogLogisticAFT
BOAMP:15-31076,SIREN:218501914,Ville de La Roche-sur-Yon,218501914,,SIREN_ENRICHED,Cybersecurity,2015-04-01,48.0,2019-04-01,0.024794727069931022,0.043539752583858116,Low,model-estimated recurrence probability,False,35.0,0,135.25,LogLogisticAFT
BOAMP:15-50314,SIREN:110006012,Ministère des Affaires étrangères,110006012,,SIREN_ENRICHED,IT Services & Consulting,2015-04-02,48.0,2019-04-02,0.028412376088064573,0.04975284279217396,Low,duration imputed,False,72.0,0,135.22,LogLogisticAFT
BOAMP:15-51571,NAME:residences saint alexandre,RESIDENCES SAINT ALEXANDRE,,,NAME,Software & Applications,2015-04-07,48.0,2019-04-07,0.012964567642550384,0.022976612278139408,Low,duration imputed,False,48.0,0,135.05,LogLogisticAFT
BOAMP:15-52664,SIREN:110006012,Ministère des Affaires étrangères,110006012,,SIREN_ENRICHED,IT Services & Consulting,2015-04-08,48.0,2019-04-08,0.03007290698506515,0.052593081018021626,Low,model-estimated recurrence probability,False,72.0,0,135.02,LogLogisticAFT
BOAMP:15-53947,SIREN:214401622,Commune de Saint-Herblain,214401622,,SIREN_ENRICHED,Software & Applications,2015-04-10,48.0,2019-04-10,0.018299197310959303,0.03229617520716055,Low,duration imputed,False,48.0,0,134.95,LogLogisticAFT
BOAMP:15-54892,SIREN:288500010,SDIS 85,288500010,,SIREN_ENRICHED,Telecom & Networks,2015-04-10,48.0,2019-04-10,0.02301302503500846,0.04046696273647399,Low,duration imputed,False,32.0,0,134.95,LogLogisticAFT
BOAMP:15-54272,SIREN:264900390,Centre Hospitalier de Cholet,264900390,,SIREN_ENRICHED,Unknown,2015-04-10,44.0,2018-12-10,0.024875693141927502,0.04367918807156179,Low,model-estimated recurrence probability,False,,0,134.95,LogLogisticAFT
BOAMP:15-54977,NAME:conseil general sarthe,Conseil Général de la Sarthe,,,NAME,Digital Workplace & Collaboration,2015-04-13,48.0,2019-04-13,0.017195726167436254,0.03037477912827302,Low,duration imputed,False,64.0,0,134.86,LogLogisticAFT
BOAMP:15-55213,SIREN:451324974,Ville du Croisic,451324974,,SIREN_ENRICHED,Telecom & Networks,2015-04-13,12.0,2016-04-13,0.03621589554383964,0.06303728769946992,Low,model-estimated recurrence probability,False,32.0,0,134.86,LogLogisticAFT
BOAMP:15-56123,SIREN:247200132,Le Mans Métropole - Communauté Urbaine,247200132,,SIREN_ENRICHED,Unknown,2015-04-14,48.0,2019-04-14,0.02247595545674863,0.039539044482011176,Low,duration imputed,False,45.0,0,134.82,LogLogisticAFT
BOAMP:15-56649,SIREN:234400034,Conseil régional des Pays de la Loire,234400034,,SIREN_ENRICHED,IT Services & Consulting,2015-04-14,12.0,2016-04-14,0.04457160354873768,0.07708625856922502,Low,model-estimated recurrence probability,False,72.0,1,5.81,LogLogisticAFT
BOAMP:15-55527,NAME:cdc pays saint gilles cx vie,CDC du Pays de Saint Gilles Cx de Vie,,,NAME,Software & Applications,2015-04-14,48.0,2019-04-14,0.012964567642550384,0.022976612278139408,Low,duration imputed,True,48.0,0,134.82,LogLogisticAFT
BOAMP:15-56918,SIREN:439446386,VALLET,439446386,,SIREN_ENRICHED,Telecom & Networks,2015-04-15,12.0,2016-04-15,0.03621589554383964,0.06303728769946992,Low,model-estimated recurrence probability,False,32.0,0,134.79,LogLogisticAFT
BOAMP:15-56776,SIREN:532458809,Ville d'Angers,532458809,,SIREN_ENRICHED,Telecom & Networks,2015-04-15,48.0,2019-04-15,0.02301302503500846,0.04046696273647399,Low,duration imputed,False,32.0,0,134.79,LogLogisticAFT
BOAMP:15-58339,NAME:cnieg,CNIEG,,,NAME,IT Services & Consulting,2015-07-22,48.0,2019-07-22,0.02138072784934897,0.03764437170127555,Low,model-estimated recurrence probability,False,72.0,0,131.57,LogLogisticAFT
BOAMP:15-58989,NAME:ccir pays loire,CCIR Pays de la Loire,,,NAME,Software & Applications,2015-04-17,48.0,2019-04-17,0.012964567642550384,0.022976612278139408,Low,duration imputed,False,48.0,0,134.72,LogLogisticAFT
BOAMP:15-59370,SIREN:264400136,CHU de Nantes,264400136,,SIREN_ENRICHED,IT Services & Consulting,2015-04-20,48.0,2019-04-20,0.03007290698506515,0.052593081018021626,Low,model-estimated recurrence probability,False,72.0,0,134.63,LogLogisticAFT
BOAMP:15-59556,NAME:conseil general loire atlantique,Conseil général de Loire-Atlantique,,,NAME,Cybersecurity,2015-08-24,48.0,2019-08-24,0.017600452999542382,0.03107988515085003,Low,model-estimated recurrence probability,False,35.0,0,130.49,LogLogisticAFT
BOAMP:15-64142,SIREN:264400136,CHU de Nantes,264400136,,SIREN_ENRICHED,Software & Applications,2015-04-24,48.0,2019-04-24,0.018299197310959303,0.03229617520716055,Low,duration imputed,False,48.0,0,134.49,LogLogisticAFT
BOAMP:15-50024,SIREN:258500222,Vendée Eau,258500222,,SIREN_ENRICHED,Cybersecurity,2015-06-25,6.0,2015-12-25,0.03933939691893518,0.06831008896985424,Low,model-estimated recurrence probability,False,35.0,0,132.46,LogLogisticAFT
BOAMP:15-63153,SIREN:258500222,Vendée Eau,258500222,,SIREN_ENRICHED,Unknown,2015-04-27,48.0,2019-04-27,0.02247595545674863,0.039539044482011176,Low,duration imputed,False,45.0,0,134.4,LogLogisticAFT
BOAMP:15-64904,SIREN:288500010,SDIS 85,288500010,,SIREN_ENRICHED,Software & Applications,2015-04-28,68.0,2020-12-28,0.015506286596636887,0.027426662349311126,Low,model-estimated recurrence probability,False,48.0,0,134.36,LogLogisticAFT
BOAMP:15-65940,NAME:pole sante sarthe loire,Pole Santé Sarthe et Loire,,,NAME,IT Maintenance & Support,2015-04-29,48.0,2019-04-29,0.017195726167436254,0.03037477912827302,Low,duration imputed,False,72.0,0,134.33,LogLogisticAFT
BOAMP:15-65742,SIREN:217500016,Ville du Mans,217500016,,SIREN_ENRICHED,Telecom & Networks,2015-07-10,48.0,2019-07-10,0.02301302503500846,0.04046696273647399,Low,duration imputed,False,32.0,0,131.96,LogLogisticAFT
BOAMP:15-68078,NAME:dir ouest,DIR Ouest,,,NAME,Telecom & Networks,2015-05-04,48.0,2019-05-04,0.01729385246942594,0.03054577344484677,Low,model-estimated recurrence probability,False,32.0,1,52.99,LogLogisticAFT
BOAMP:15-67480,NAME:syndicat departemental energie,Syndicat Départemental d'Energie,,,NAME,Software & Applications,2015-05-04,48.0,2019-05-04,0.012964567642550384,0.022976612278139408,Low,duration imputed,True,48.0,0,134.17,LogLogisticAFT
BOAMP:15-70236,SIREN:288500010,SDIS 85,288500010,,SIREN_ENRICHED,IT Services & Consulting,2015-05-06,42.0,2018-11-06,0.03212378926137649,0.056090955862632574,Low,model-estimated recurrence probability,False,72.0,0,134.1,LogLogisticAFT
BOAMP:15-71156,SIREN:194909701,Université d'Angers,194909701,,SIREN_ENRICHED,Software & Applications,2015-10-06,48.0,2019-10-06,0.019380464180803414,0.034175706379763415,Low,model-estimated recurrence probability,False,48.0,1,58.94,LogLogisticAFT
BOAMP:15-72457,SIREN:234400034,Conseil régional des Pays de la Loire,234400034,,SIREN_ENRICHED,IT Services & Consulting,2015-05-12,12.0,2016-05-12,0.04457160354873768,0.07708625856922502,Low,model-estimated recurrence probability,False,72.0,1,4.89,LogLogisticAFT
BOAMP:15-78724,NAME:e collectivites vendee,e-Collectivités Vendée,,,NAME,IT Services & Consulting,2015-05-22,48.0,2019-05-22,0.02019016080327818,0.03558110514304935,Low,duration imputed,False,72.0,0,133.57,LogLogisticAFT
BOAMP:15-78916,SIREN:264400136,CHU de Nantes,264400136,,SIREN_ENRICHED,IT Services & Consulting,2015-05-22,48.0,2019-05-22,0.028412376088064573,0.04975284279217396,Low,duration imputed,False,72.0,0,133.57,LogLogisticAFT
BOAMP:15-78924,SIREN:234400034,Conseil régional des Pays de la Loire,234400034,,SIREN_ENRICHED,Telecom & Networks,2015-05-26,12.0,2016-05-26,0.03621589554383964,0.06303728769946992,Low,model-estimated recurrence probability,False,,0,133.44,LogLogisticAFT
BOAMP:15-81386,NAME:gpm nantes st nazaire,GPM de Nantes - St Nazaire,,,NAME,Software & Applications,2015-05-28,48.0,2019-05-28,0.012964567642550384,0.022976612278139408,Low,duration imputed,False,48.0,0,133.38,LogLogisticAFT
BOAMP:15-81231,NAME:saem vendee,SAEM Vendée,,,NAME,IT Services & Consulting,2015-09-28,48.0,2019-09-28,0.02019016080327818,0.03558110514304935,Low,duration imputed,True,72.0,0,129.34,LogLogisticAFT
BOAMP:15-82510,NAME:cg49,CG49,,,NAME,Data & AI,2015-06-01,48.0,2019-06-01,0.017195726167436254,0.03037477912827302,Low,duration imputed,False,,0,133.25,LogLogisticAFT
BOAMP:15-82236,SIREN:214401432,Ville de Rezé,214401432,,SIREN_ENRICHED,Unknown,2015-06-01,48.0,2019-06-01,0.023798036733784222,0.041821870108471604,Low,model-estimated recurrence probability,False,38.0,0,133.25,LogLogisticAFT
BOAMP:15-83632,SIREN:264400136,CHU de Nantes,264400136,,SIREN_ENRICHED,IT Services & Consulting,2015-06-03,48.0,2019-06-03,0.028412376088064573,0.04975284279217396,Low,duration imputed,False,72.0,1,36.1,LogLogisticAFT
BOAMP:15-85320,SIREN:110006012,Ministère des Affaires étrangères,110006012,,SIREN_ENRICHED,Software & Applications,2015-06-04,48.0,2019-06-04,0.018299197310959303,0.03229617520716055,Low,duration imputed,True,48.0,0,133.15,LogLogisticAFT
BOAMP:15-84881,SIREN:794304097,Nantes Métropole,794304097,,SIREN_ENRICHED,Software & Applications,2015-10-14,48.0,2019-10-14,0.019380464180803414,0.034175706379763415,Low,model-estimated recurrence probability,False,48.0,1,47.83,LogLogisticAFT
BOAMP:15-86218,SIREN:264400136,CHU de Nantes,264400136,,SIREN_ENRICHED,Cybersecurity,2015-06-05,48.0,2019-06-05,0.024794727069931022,0.043539752583858116,Low,model-estimated recurrence probability,False,35.0,0,133.11,LogLogisticAFT
BOAMP:15-87511,SIREN:265300087,Centre Hospitalier du Haut Anjou,265300087,,SIREN_ENRICHED,Telecom & Networks,2015-06-09,48.0,2019-06-09,0.02301302503500846,0.04046696273647399,Low,duration imputed,False,,0,132.98,LogLogisticAFT
BOAMP:15-69493,NAME:ademe,ADEME,,,NAME,Data & AI,2015-06-10,11.0,2016-05-10,0.027455289813915984,0.04811248915243249,Low,model-estimated recurrence probability,False,72.0,1,34.26,LogLogisticAFT
BOAMP:15-89415,NAME:ch mans,CH LE MANS,,,NAME,Software & Applications,2015-06-11,48.0,2019-06-11,0.012964567642550384,0.022976612278139408,Low,duration imputed,False,,0,132.92,LogLogisticAFT
BOAMP:15-89263,SIREN:258500222,Vendée Eau,258500222,,SIREN_ENRICHED,Data & AI,2015-07-22,48.0,2019-07-22,0.024228646156769784,0.04256438874771118,Low,duration imputed,False,72.0,1,45.76,LogLogisticAFT
BOAMP:15-90549,SIREN:242900769,Concarneau Cornouaille Agglomération,242900769,,SIREN_ENRICHED,IT Services & Consulting,2015-06-15,48.0,2019-06-15,0.028412376088064573,0.04975284279217396,Low,duration imputed,False,72.0,0,132.79,LogLogisticAFT
BOAMP:15-90148,SIREN:242900769,Concarneau Cornouaille Agglomération,242900769,,SIREN_ENRICHED,IT Hardware & Equipment,2015-06-15,48.0,2019-06-15,0.024228646156769784,0.04256438874771118,Low,duration imputed,False,30.0,0,132.79,LogLogisticAFT
BOAMP:15-92216,SIREN:264400136,CHU de Nantes,264400136,,SIREN_ENRICHED,IT Services & Consulting,2015-06-16,48.0,2019-06-16,0.028412376088064573,0.04975284279217396,Low,duration imputed,False,72.0,1,71.78,LogLogisticAFT
BOAMP:15-92588,SIREN:234400034,Conseil régional des Pays de la Loire,234400034,,SIREN_ENRICHED,IT Services & Consulting,2015-10-08,12.0,2016-10-08,0.04457160354873768,0.07708625856922502,Low,model-estimated recurrence probability,False,72.0,0,129.01,LogLogisticAFT
BOAMP:15-94958,SIREN:791052491,Ville d'Allonnes,791052491,,SIREN_ENRICHED,Telecom & Networks,2015-06-22,48.0,2019-06-22,0.02301302503500846,0.04046696273647399,Low,duration imputed,False,,0,132.56,LogLogisticAFT
BOAMP:15-93928,NAME:cte agglomeration choletais,Cté d'Agglomération du Choletais,,,NAME,Cloud & Infrastructure,2015-06-22,48.0,2019-06-22,0.017195726167436254,0.03037477912827302,Low,duration imputed,False,39.0,0,132.56,LogLogisticAFT
BOAMP:15-95100,SIREN:247200132,Le Mans Métropole - Communauté Urbaine,247200132,,SIREN_ENRICHED,Telecom & Networks,2015-06-22,48.0,2019-06-22,0.02301302503500846,0.04046696273647399,Low,duration imputed,False,31.0,1,48.59,LogLogisticAFT
BOAMP:15-95253,SIREN:264400136,CHU de Nantes,264400136,,SIREN_ENRICHED,Cybersecurity,2015-06-22,48.0,2019-06-22,0.023418603749914224,0.041167185936779815,Low,duration imputed,False,35.0,0,132.56,LogLogisticAFT
BOAMP:15-95813,SIREN:214401622,Commune de Saint-Herblain,214401622,,SIREN_ENRICHED,Software & Applications,2015-10-14,48.0,2019-10-14,0.018299197310959303,0.03229617520716055,Low,duration imputed,False,48.0,0,128.81,LogLogisticAFT
BOAMP:15-96106,NAME:cnieg,CNIEG,,,NAME,IT Services & Consulting,2015-06-24,48.0,2019-06-24,0.02019016080327818,0.03558110514304935,Low,duration imputed,False,72.0,0,132.49,LogLogisticAFT
BOAMP:15-96786,NAME:conseil general sarthe,Conseil Général de la Sarthe,,,NAME,IT Services & Consulting,2015-06-24,48.0,2019-06-24,0.02019016080327818,0.03558110514304935,Low,duration imputed,False,72.0,0,132.49,LogLogisticAFT
BOAMP:15-96870,SIREN:244900015,Angers Loire Métropole,244900015,,SIREN_ENRICHED,IT Services & Consulting,2015-06-25,48.0,2019-06-25,0.028412376088064573,0.04975284279217396,Low,duration imputed,False,72.0,0,132.46,LogLogisticAFT
BOAMP:15-98976,SIREN:110006012,Ministère des Affaires étrangères,110006012,,SIREN_ENRICHED,Software & Applications,2015-06-29,24.0,2017-06-29,0.025294129887097005,0.04439951882955717,Low,model-estimated recurrence probability,True,48.0,0,132.33,LogLogisticAFT
BOAMP:15-100830,SIREN:247200132,Le Mans Métropole - Communauté Urbaine,247200132,,SIREN_ENRICHED,Unknown,2015-07-01,48.0,2019-07-01,0.02247595545674863,0.039539044482011176,Low,duration imputed,False,45.0,0,132.26,LogLogisticAFT
BOAMP:15-100455,SIREN:794304097,Nantes Métropole,794304097,,SIREN_ENRICHED,Cybersecurity,2015-11-20,48.0,2019-11-20,0.024794727069931022,0.043539752583858116,Low,model-estimated recurrence probability,False,35.0,0,127.6,LogLogisticAFT
BOAMP:15-102510,NAME:conseil general sarthe,Conseil Général de la Sarthe,,,NAME,Digital Workplace & Collaboration,2016-01-26,48.0,2020-01-26,0.017201876685483564,0.0303854977535728,Low,duration imputed,False,72.0,0,125.39,LogLogisticAFT
BOAMP:15-105085,NAME:ccir pays loire,CCIR Pays de la Loire,,,NAME,Software & Applications,2015-07-07,48.0,2019-07-07,0.012964567642550384,0.022976612278139408,Low,duration imputed,False,48.0,0,132.06,LogLogisticAFT
BOAMP:15-104125,SIREN:214401093,Ville de Nantes,214401093,,SIREN_ENRICHED,Software & Applications,2015-07-08,48.0,2019-07-08,0.019380464180803414,0.034175706379763415,Low,model-estimated recurrence probability,False,48.0,0,132.03,LogLogisticAFT
BOAMP:15-107245,SIREN:247200132,Le Mans Métropole - Communauté Urbaine,247200132,,SIREN_ENRICHED,Software & Applications,2016-02-02,48.0,2020-02-02,0.018305735163964387,0.032307549261624935,Low,duration imputed,False,48.0,0,125.16,LogLogisticAFT
BOAMP:15-108955,SIREN:247200132,Le Mans Métropole - Communauté Urbaine,247200132,,SIREN_ENRICHED,Telecom & Networks,2015-07-13,48.0,2019-07-13,0.02301302503500846,0.04046696273647399,Low,duration imputed,False,,1,47.9,LogLogisticAFT
BOAMP:15-108645,SIREN:218502888,Ville de Talmont Saint Hilaire,218502888,,SIREN_ENRICHED,Telecom & Networks,2015-07-13,48.0,2019-07-13,0.02301302503500846,0.04046696273647399,Low,duration imputed,False,32.0,0,131.87,LogLogisticAFT
BOAMP:15-111481,SIREN:264400136,CHU de Nantes,264400136,,SIREN_ENRICHED,Software & Applications,2015-07-20,48.0,2019-07-20,0.018299197310959303,0.03229617520716055,Low,duration imputed,False,48.0,1,44.91,LogLogisticAFT
BOAMP:15-111661,NAME:inra formation permanente nationale,INRA - Formation permanente nationale,,,NAME,Software & Applications,2015-07-21,36.0,2018-07-21,0.015707300882651043,0.02777784522169291,Low,model-estimated recurrence probability,False,48.0,0,131.6,LogLogisticAFT
BOAMP:15-114783,NAME:cnieg,CNIEG,,,NAME,IT Services & Consulting,2015-07-23,48.0,2019-07-23,0.02019016080327818,0.03558110514304935,Low,duration imputed,False,72.0,0,131.54,LogLogisticAFT
BOAMP:15-115709,SIREN:214401846,Commune de Saint-Nazaire,214401846,,SIREN_ENRICHED,IT Services & Consulting,2015-11-26,48.0,2019-11-26,0.03007290698506515,0.052593081018021626,Low,model-estimated recurrence probability,False,72.0,0,127.4,LogLogisticAFT
BOAMP:15-115988,SIREN:244900015,Angers Loire Métropole,244900015,,SIREN_ENRICHED,Telecom & Networks,2015-07-27,48.0,2019-07-27,0.024365910378725708,0.0428009752083689,Low,model-estimated recurrence probability,False,32.0,0,131.41,LogLogisticAFT
BOAMP:15-115336,NAME:chu angers,CHU d'Angers,,,NAME,IT Services & Consulting,2016-07-19,60.0,2021-07-19,0.018716303010250734,0.033021591607334866,Low,model-estimated recurrence probability,False,72.0,0,119.65,LogLogisticAFT
BOAMP:15-119589,SIREN:214402158,Ville de Vertou,214402158,,SIREN_ENRICHED,Telecom & Networks,2015-08-03,48.0,2019-08-03,0.02301302503500846,0.04046696273647399,Low,duration imputed,False,32.0,0,131.18,LogLogisticAFT
BOAMP:15-119639,SIREN:194401006,Ecole Centrale de Nantes,194401006,,SIREN_ENRICHED,Telecom & Networks,2015-11-03,48.0,2019-11-03,0.02301302503500846,0.04046696273647399,Low,duration imputed,False,32.0,0,128.15,LogLogisticAFT
BOAMP:15-122609,SIREN:214400269,Ville de Carquefou,214400269,,SIREN_ENRICHED,Telecom & Networks,2015-12-18,60.0,2020-12-18,0.021329991905736034,0.03755652362344519,Low,model-estimated recurrence probability,False,32.0,0,126.68,LogLogisticAFT
BOAMP:15-90876,SIREN:214401317,Commune de Pornic,214401317,,SIREN_ENRICHED,Telecom & Networks,2015-08-10,48.0,2019-08-10,0.02301302503500846,0.04046696273647399,Low,duration imputed,False,32.0,0,130.95,LogLogisticAFT
BOAMP:15-124226,SIREN:227200029,Département de la Sarthe,227200029,,SIREN_ENRICHED,Digital Workplace & Collaboration,2015-08-10,48.0,2019-08-10,0.024228646156769784,0.04256438874771118,Low,duration imputed,False,64.0,1,47.73,LogLogisticAFT
BOAMP:15-133200,NAME:saelsi,SAELSI,,,NAME,Telecom & Networks,2015-08-31,6.0,2016-02-29,0.027562845252865564,0.04829694995250633,Low,model-estimated recurrence probability,False,32.0,0,130.26,LogLogisticAFT
BOAMP:15-134263,SIREN:940022890,CNDP,940022890,,SIREN_ENRICHED,Telecom & Networks,2015-09-02,48.0,2019-09-02,0.024365910378725708,0.0428009752083689,Low,model-estimated recurrence probability,False,32.0,0,130.19,LogLogisticAFT
BOAMP:15-136371,SIREN:285300018,Sdis de la Mayenne,285300018,,SIREN_ENRICHED,Data & AI,2015-09-07,48.0,2019-09-07,0.025651118900674397,0.04501369932567223,Low,model-estimated recurrence probability,False,,0,130.03,LogLogisticAFT
BOAMP:15-139094,SIREN:288500010,SDIS 85,288500010,,SIREN_ENRICHED,Cybersecurity,2015-12-03,38.0,2019-02-03,0.027691827309723638,0.04851811757196578,Low,model-estimated recurrence probability,False,35.0,0,127.17,LogLogisticAFT
BOAMP:15-141361,SIREN:234400034,Conseil régional des Pays de la Loire,234400034,,SIREN_ENRICHED,IT Services & Consulting,2015-12-07,48.0,2019-12-07,0.03007290698506515,0.052593081018021626,Low,model-estimated recurrence probability,False,72.0,0,127.04,LogLogisticAFT
BOAMP:15-142353,SIREN:217500016,Ville du Mans,217500016,,SIREN_ENRICHED,Telecom & Networks,2016-01-21,48.0,2020-01-21,0.023021207529177024,0.04048109400027633,Low,duration imputed,False,32.0,1,53.25,LogLogisticAFT
BOAMP:15-143083,SIREN:264900390,Centre Hospitalier de Cholet,264900390,,SIREN_ENRICHED,Cybersecurity,2015-09-18,48.0,2019-09-18,0.024794727069931022,0.043539752583858116,Low,model-estimated recurrence probability,False,35.0,0,129.66,LogLogisticAFT
BOAMP:15-144405,NAME:regie dept passages eau vendee,Régie Dépt Passages d'Eau de Vendée,,,NAME,IT Services & Consulting,2015-09-22,48.0,2019-09-22,0.02019016080327818,0.03558110514304935,Low,duration imputed,False,72.0,0,129.53,LogLogisticAFT
BOAMP:15-146024,SIREN:214401093,Ville de Nantes,214401093,,SIREN_ENRICHED,Telecom & Networks,2015-12-17,48.0,2019-12-17,0.02301302503500846,0.04046696273647399,Low,duration imputed,False,32.0,0,126.71,LogLogisticAFT
BOAMP:15-150393,SIREN:794885913,Saumur Agglopropreté,794885913,,SIREN_ENRICHED,Software & Applications,2015-10-05,12.0,2016-10-05,0.02887761954055179,0.050549348788339166,Low,model-estimated recurrence probability,True,48.0,0,129.11,LogLogisticAFT
BOAMP:15-153008,SIREN:217500016,Ville du Mans,217500016,,SIREN_ENRICHED,Data & AI,2016-04-12,48.0,2020-04-12,0.0242372501535697,0.04257921994145897,Low,duration imputed,False,37.0,1,46.91,LogLogisticAFT
BOAMP:15-154566,NAME:cnieg,CNIEG,,,NAME,IT Services & Consulting,2016-01-28,48.0,2020-01-28,0.020197360351436378,0.0355935935308922,Low,duration imputed,False,72.0,0,125.33,LogLogisticAFT
BOAMP:15-160688,SIREN:532458809,Ville d'Angers,532458809,,SIREN_ENRICHED,IT Services & Consulting,2015-10-20,48.0,2019-10-20,0.028412376088064573,0.04975284279217396,Low,duration imputed,False,72.0,0,128.61,LogLogisticAFT
BOAMP:15-159244,SIREN:794304097,Nantes Métropole,794304097,,SIREN_ENRICHED,Software & Applications,2015-10-23,12.0,2016-10-23,0.02887761954055179,0.050549348788339166,Low,model-estimated recurrence probability,True,48.0,0,128.52,LogLogisticAFT
BOAMP:15-164088,SIREN:214401622,Commune de Saint-Herblain,214401622,,SIREN_ENRICHED,Cloud & Infrastructure,2015-10-28,48.0,2019-10-28,0.024228646156769784,0.04256438874771118,Low,duration imputed,False,48.0,0,128.35,LogLogisticAFT
BOAMP:15-164187,SIREN:391722881,GIE SESAM Vitale,391722881,,SIREN_ENRICHED,IT Services & Consulting,2015-10-28,48.0,2019-10-28,0.028412376088064573,0.04975284279217396,Low,duration imputed,False,72.0,0,128.35,LogLogisticAFT
BOAMP:15-165050,SIREN:244900015,Angers Loire Métropole,244900015,,SIREN_ENRICHED,IT Services & Consulting,2015-10-29,12.0,2016-10-29,0.04457160354873768,0.07708625856922502,Low,model-estimated recurrence probability,False,72.0,0,128.32,LogLogisticAFT
BOAMP:15-165845,SIREN:214401200,commune de Le Pellerin,214401200,,SIREN_ENRICHED,Cybersecurity,2016-02-16,3.0,2016-05-16,0.040660560396515,0.07053276159121147,Low,model-estimated recurrence probability,False,35.0,0,124.7,LogLogisticAFT
BOAMP:15-168917,NAME:sictom loir sarthe,SICTOM Loir et Sarthe,,,NAME,Software & Applications,2015-11-09,48.0,2019-11-09,0.012964567642550384,0.022976612278139408,Low,duration imputed,True,48.0,0,127.96,LogLogisticAFT
BOAMP:15-169809,SIREN:264400136,CHU de Nantes,264400136,,SIREN_ENRICHED,Software & Applications,2015-11-09,48.0,2019-11-09,0.018299197310959303,0.03229617520716055,Low,duration imputed,False,48.0,0,127.96,LogLogisticAFT
BOAMP:15-171325,SIREN:130031487,Chambre Agriculture Pays de la Loire,130031487,,SIREN_ENRICHED,Telecom & Networks,2015-11-10,24.0,2017-11-10,0.03175155598658019,0.05545691648583906,Low,model-estimated recurrence probability,False,32.0,0,127.92,LogLogisticAFT
BOAMP:15-173700,SIREN:214401432,Ville de Rezé,214401432,,SIREN_ENRICHED,Software & Applications,2015-11-17,36.0,2018-11-17,0.022145183208762353,0.03896716973867409,Low,model-estimated recurrence probability,False,48.0,0,127.69,LogLogisticAFT
BOAMP:15-174987,SIREN:244900015,Angers Loire Métropole,244900015,,SIREN_ENRICHED,IT Services & Consulting,2015-11-18,48.0,2019-11-18,0.028412376088064573,0.04975284279217396,Low,duration imputed,False,72.0,1,45.73,LogLogisticAFT
BOAMP:15-175210,SIREN:794304097,Nantes Métropole,794304097,,SIREN_ENRICHED,Cybersecurity,2016-02-25,48.0,2020-02-25,0.023426926993440622,0.04118155122754219,Low,duration imputed,False,72.0,0,124.41,LogLogisticAFT
BOAMP:15-175690,NAME:cnieg,CNIEG,,,NAME,IT Services & Consulting,2016-02-23,24.0,2018-02-23,0.02789725344420102,0.04887027398926136,Low,model-estimated recurrence probability,False,72.0,0,124.47,LogLogisticAFT
BOAMP:15-177015,NAME:conseil general loire atlantique,Conseil général de Loire-Atlantique,,,NAME,Telecom & Networks,2016-04-28,48.0,2020-04-28,0.01730003746719533,0.030556550508918923,Low,model-estimated recurrence probability,False,18.0,0,122.34,LogLogisticAFT
BOAMP:15-178728,SIREN:247200132,Le Mans Métropole - Communauté Urbaine,247200132,,SIREN_ENRICHED,Software & Applications,2016-03-14,48.0,2020-03-14,0.018305735163964387,0.032307549261624935,Low,duration imputed,False,48.0,0,123.82,LogLogisticAFT
BOAMP:15-179034,NAME:c h s sarthe,C.H.S. de la Sarthe,,,NAME,Data & AI,2015-11-27,48.0,2019-11-27,0.018213000561656312,0.032146205887873425,Low,model-estimated recurrence probability,False,,0,127.37,LogLogisticAFT
BOAMP:15-179747,SIREN:264400136,CHU de Nantes,264400136,,SIREN_ENRICHED,Software & Applications,2015-11-27,48.0,2019-11-27,0.018299197310959303,0.03229617520716055,Low,duration imputed,False,48.0,0,127.37,LogLogisticAFT
BOAMP:15-178791,SIREN:794304097,Nantes Métropole,794304097,,SIREN_ENRICHED,Cybersecurity,2015-11-30,48.0,2019-11-30,0.024794727069931022,0.043539752583858116,Low,model-estimated recurrence probability,False,72.0,1,49.87,LogLogisticAFT
BOAMP:15-182957,SIREN:264400136,CHU de Nantes,264400136,,SIREN_ENRICHED,Software & Applications,2015-12-04,48.0,2019-12-04,0.018299197310959303,0.03229617520716055,Low,duration imputed,False,48.0,0,127.14,LogLogisticAFT
BOAMP:15-184251,SIREN:194909701,Université d'Angers,194909701,,SIREN_ENRICHED,Software & Applications,2016-05-02,36.0,2019-05-02,0.022153064130502775,0.03898079854394787,Low,model-estimated recurrence probability,True,48.0,0,122.21,LogLogisticAFT
BOAMP:15-185112,NAME:conseil general vendee,Conseil général de la Vendée,,,NAME,IT Services & Consulting,2016-04-11,48.0,2020-04-11,0.020197360351436378,0.0355935935308922,Low,duration imputed,False,72.0,0,122.9,LogLogisticAFT
BOAMP:15-186668,NAME:e c s gendarmerie nationale,E.C.A.S. gendarmerie nationale,,,NAME,Telecom & Networks,2016-04-04,48.0,2020-04-04,0.01730003746719533,0.030556550508918923,Low,model-estimated recurrence probability,False,32.0,0,123.13,LogLogisticAFT
BOAMP:15-187883,SIREN:227200029,Département de la Sarthe,227200029,,SIREN_ENRICHED,Telecom & Networks,2016-04-20,48.0,2020-04-20,0.023021207529177024,0.04048109400027633,Low,duration imputed,False,,1,45.7,LogLogisticAFT
BOAMP:15-189271,SIREN:227200029,Département de la Sarthe,227200029,,SIREN_ENRICHED,IT Services & Consulting,2015-12-18,48.0,2019-12-18,0.028412376088064573,0.04975284279217396,Low,duration imputed,False,72.0,1,47.08,LogLogisticAFT
BOAMP:15-191209,SIREN:218501096,Commune des Herbiers,218501096,,SIREN_ENRICHED,IT Hardware & Equipment,2015-12-24,48.0,2019-12-24,0.024228646156769784,0.04256438874771118,Low,duration imputed,False,32.0,0,126.48,LogLogisticAFT
BOAMP:15-192356,SIREN:794304097,Nantes Métropole,794304097,,SIREN_ENRICHED,IT Services & Consulting,2015-12-24,12.0,2016-12-24,0.04457160354873768,0.07708625856922502,Low,model-estimated recurrence probability,False,72.0,0,126.48,LogLogisticAFT
BOAMP:16-2771,NAME:conseil general vendee,Conseil général de la Vendée,,,NAME,IT Services & Consulting,2016-04-11,48.0,2020-04-11,0.020197360351436378,0.0355935935308922,Low,duration imputed,False,72.0,0,122.9,LogLogisticAFT
BOAMP:16-3447,SIREN:268504453,Centre Hospitalier Loire Vendée Océan,268504453,,SIREN_ENRICHED,Cloud & Infrastructure,2016-01-11,48.0,2020-01-11,0.0242372501535697,0.04257921994145897,Low,duration imputed,False,48.0,0,125.89,LogLogisticAFT
BOAMP:16-4040,NAME:cte communes pays herbiers,Cté de Communes du Pays des Herbiers,,,NAME,IT Services & Consulting,2016-01-12,48.0,2020-01-12,0.020197360351436378,0.0355935935308922,Low,duration imputed,False,72.0,0,125.85,LogLogisticAFT
BOAMP:16-6135,SIREN:287200265,SDIS de la Sarthe,287200265,,SIREN_ENRICHED,Digital Workplace & Collaboration,2016-04-12,48.0,2020-04-12,0.0242372501535697,0.04257921994145897,Low,duration imputed,False,48.0,0,122.86,LogLogisticAFT
BOAMP:16-5206,SIREN:214401846,Commune de Saint-Nazaire,214401846,,SIREN_ENRICHED,Unknown,2016-01-14,28.0,2018-05-14,0.02969189489284596,0.0519420267391576,Low,model-estimated recurrence probability,False,,0,125.79,LogLogisticAFT
BOAMP:16-7712,NAME:cnieg,CNIEG,,,NAME,IT Services & Consulting,2016-05-24,24.0,2018-05-24,0.02789725344420102,0.04887027398926136,Low,model-estimated recurrence probability,False,72.0,0,121.48,LogLogisticAFT
BOAMP:16-1046,NAME:ademe,ADEME,,,NAME,Digital Workplace & Collaboration,2016-01-18,55.0,2020-08-18,0.01685164254255589,0.02977497420331343,Low,model-estimated recurrence probability,False,72.0,0,125.66,LogLogisticAFT
BOAMP:16-7640,SIREN:264400136,CHU de Nantes,264400136,,SIREN_ENRICHED,Software & Applications,2016-01-18,48.0,2020-01-18,0.018305735163964387,0.032307549261624935,Low,duration imputed,False,48.0,0,125.66,LogLogisticAFT
BOAMP:16-7903,SIREN:523699148,Ecole des Mines de Nantes,523699148,,SIREN_ENRICHED,IT Hardware & Equipment,2016-04-05,48.0,2020-04-05,0.0242372501535697,0.04257921994145897,Low,duration imputed,False,32.0,0,123.09,LogLogisticAFT
BOAMP:16-10778,SIREN:391722881,GIE SESAM Vitale,391722881,,SIREN_ENRICHED,IT Maintenance & Support,2016-10-20,24.0,2018-10-20,0.03342474124124861,0.05830406260680088,Low,model-estimated recurrence probability,False,72.0,1,26.71,LogLogisticAFT
BOAMP:16-10414,NAME:conseil general loire atlantique,Conseil général de Loire-Atlantique,,,NAME,IT Services & Consulting,2016-01-22,24.0,2018-01-22,0.02789725344420102,0.04887027398926136,Low,model-estimated recurrence probability,False,72.0,0,125.53,LogLogisticAFT
BOAMP:16-10649,SIREN:284400017,SDIS 44,284400017,,SIREN_ENRICHED,Cybersecurity,2016-01-25,48.0,2020-01-25,0.023426926993440622,0.04118155122754219,Low,duration imputed,False,,0,125.43,LogLogisticAFT
BOAMP:16-12477,NAME:gpm nantes st nazaire,GPM de Nantes - St Nazaire,,,NAME,Telecom & Networks,2016-05-17,48.0,2020-05-17,0.016332907674503128,0.028870109233375518,Low,duration imputed,False,32.0,0,121.71,LogLogisticAFT
BOAMP:16-14558,NAME:inra angers nantes,INRA Angers Nantes,,,NAME,IT Services & Consulting,2016-07-05,36.0,2019-07-05,0.024432358928773712,0.04291548679521673,Low,model-estimated recurrence probability,False,72.0,1,51.51,LogLogisticAFT
BOAMP:16-15282,SIREN:200054302,MONTREVAULT-SUR-ÈVRE,200054302,,SIREN_ENRICHED,Software & Applications,2016-02-02,48.0,2020-02-02,0.018305735163964387,0.032307549261624935,Low,duration imputed,True,48.0,0,125.16,LogLogisticAFT
BOAMP:16-16627,SIREN:247200132,Le Mans Métropole - Communauté Urbaine,247200132,,SIREN_ENRICHED,Digital Workplace & Collaboration,2016-12-07,48.0,2020-12-07,0.0242372501535697,0.04257921994145897,Low,duration imputed,False,72.0,0,115.01,LogLogisticAFT
BOAMP:16-17002,SIREN:214401432,Ville de Rezé,214401432,,SIREN_ENRICHED,Software & Applications,2016-02-04,36.0,2019-02-04,0.022153064130502775,0.03898079854394787,Low,model-estimated recurrence probability,False,48.0,0,125.1,LogLogisticAFT
BOAMP:16-19705,SIREN:242900769,Concarneau Cornouaille Agglomération,242900769,,SIREN_ENRICHED,Software & Applications,2016-06-21,48.0,2020-06-21,0.019387380714712688,0.03418771898157025,Low,model-estimated recurrence probability,False,,0,120.57,LogLogisticAFT
BOAMP:16-21939,SIREN:214401432,Ville de Rezé,214401432,,SIREN_ENRICHED,Software & Applications,2016-02-12,48.0,2020-02-12,0.018305735163964387,0.032307549261624935,Low,duration imputed,False,39.0,0,124.84,LogLogisticAFT
BOAMP:16-23686,NAME:cte cnes coeur estuaire,Cté Cnes Coeur d'Estuaire,,,NAME,IT Services & Consulting,2016-06-17,48.0,2020-06-17,0.020197360351436378,0.0355935935308922,Low,duration imputed,False,72.0,0,120.7,LogLogisticAFT
BOAMP:16-26260,SIREN:214400269,Ville de Carquefou,214400269,,SIREN_ENRICHED,Software & Applications,2016-06-09,12.0,2017-06-09,0.02888782558950531,0.05056681532622809,Low,model-estimated recurrence probability,False,48.0,0,120.96,LogLogisticAFT
BOAMP:16-20531,NAME:dreal pays loire,DREAL Pays de la Loire,,,NAME,IT Services & Consulting,2016-02-23,48.0,2020-02-23,0.020197360351436378,0.0355935935308922,Low,duration imputed,False,72.0,0,124.47,LogLogisticAFT
BOAMP:16-25827,NAME:cg49,CG49,,,NAME,IT Services & Consulting,2016-05-12,48.0,2020-05-12,0.020197360351436378,0.0355935935308922,Low,duration imputed,False,72.0,0,121.88,LogLogisticAFT
BOAMP:16-27767,SIREN:264900390,Centre Hospitalier de Cholet,264900390,,SIREN_ENRICHED,Software & Applications,2016-02-25,48.0,2020-02-25,0.019387380714712688,0.03418771898157025,Low,model-estimated recurrence probability,False,48.0,0,124.41,LogLogisticAFT
BOAMP:16-28465,NAME:syndicat departemental energie,Syndicat Départemental d'Energie,,,NAME,IT Services & Consulting,2016-03-01,48.0,2020-03-01,0.020197360351436378,0.0355935935308922,Low,duration imputed,False,72.0,0,124.24,LogLogisticAFT
BOAMP:16-30120,SIREN:391722881,GIE SESAM Vitale,391722881,,SIREN_ENRICHED,IT Services & Consulting,2016-03-02,48.0,2020-03-02,0.030083522391006645,0.05261121460463736,Low,model-estimated recurrence probability,False,72.0,1,58.18,LogLogisticAFT
BOAMP:16-30715,NAME:cg49,CG49,,,NAME,IT Services & Consulting,2016-05-12,48.0,2020-05-12,0.020197360351436378,0.0355935935308922,Low,duration imputed,False,72.0,0,121.88,LogLogisticAFT
BOAMP:16-30963,SIREN:228500013,Département de la Vendée,228500013,,SIREN_ENRICHED,Cybersecurity,2016-06-09,48.0,2020-06-09,0.023426926993440622,0.04118155122754219,Low,duration imputed,False,35.0,1,51.35,LogLogisticAFT
BOAMP:16-32105,SIREN:214400269,Ville de Carquefou,214400269,,SIREN_ENRICHED,Telecom & Networks,2016-06-02,12.0,2017-06-02,0.03622859836319503,0.0630587826634248,Low,model-estimated recurrence probability,False,32.0,0,121.19,LogLogisticAFT
BOAMP:16-33283,SIREN:794304097,Nantes Métropole,794304097,,SIREN_ENRICHED,IT Services & Consulting,2016-03-10,12.0,2017-03-10,0.04458710156874224,0.07711214980347747,Low,model-estimated recurrence probability,False,72.0,1,33.28,LogLogisticAFT
BOAMP:16-33632,SIREN:794304097,Nantes Métropole,794304097,,SIREN_ENRICHED,Digital Workplace & Collaboration,2016-03-11,48.0,2020-03-11,0.02566021475734581,0.04502934382218449,Low,model-estimated recurrence probability,False,72.0,0,123.92,LogLogisticAFT
BOAMP:16-27384,NAME:mindef dga do s2a,MINDEF/DGA/DO/S2A,,,NAME,Cybersecurity,2016-03-15,48.0,2020-03-15,0.017606745685748493,0.031090844615066948,Low,model-estimated recurrence probability,False,35.0,0,123.78,LogLogisticAFT
BOAMP:16-38113,SIREN:247200132,Le Mans Métropole - Communauté Urbaine,247200132,,SIREN_ENRICHED,Digital Workplace & Collaboration,2016-12-07,48.0,2020-12-07,0.0242372501535697,0.04257921994145897,Low,duration imputed,False,72.0,0,115.01,LogLogisticAFT
BOAMP:16-40838,SIREN:200083392,Laval Agglomération,200083392,,SIREN_ENRICHED,Telecom & Networks,2016-06-16,48.0,2020-06-16,0.023021207529177024,0.04048109400027633,Low,duration imputed,False,,0,120.73,LogLogisticAFT
BOAMP:16-42023,NAME:gpm nantes st nazaire,GPM de Nantes - St Nazaire,,,NAME,Telecom & Networks,2016-03-24,48.0,2020-03-24,0.016332907674503128,0.028870109233375518,Low,duration imputed,False,32.0,0,123.49,LogLogisticAFT
BOAMP:16-42170,NAME:gpm nantes st nazaire,GPM de Nantes - St Nazaire,,,NAME,Software & Applications,2016-07-29,48.0,2020-07-29,0.012969224742835905,0.0229847821300061,Low,duration imputed,False,48.0,0,119.32,LogLogisticAFT
BOAMP:16-42996,SIREN:288500010,SDIS 85,288500010,,SIREN_ENRICHED,Unknown,2016-07-29,19.0,2018-02-28,0.03278003816673625,0.05720788431897594,Low,model-estimated recurrence probability,False,,0,119.32,LogLogisticAFT
BOAMP:16-43654,NAME:mindef dga do s2a,MINDEF/DGA/DO/S2A,,,NAME,Cybersecurity,2016-03-29,48.0,2020-03-29,0.016622759912324425,0.02937580874755019,Low,duration imputed,False,35.0,0,123.32,LogLogisticAFT
BOAMP:16-45436,NAME:hopital intercommunal sevre loire,Hopital Intercommunal Sèvre et Loire,,,NAME,Unknown,2016-09-05,48.0,2020-09-05,0.015949191219072012,0.02820029467230689,Low,duration imputed,True,45.0,0,118.07,LogLogisticAFT
BOAMP:16-45870,SIREN:244900015,Angers Loire Métropole,244900015,,SIREN_ENRICHED,IT Services & Consulting,2016-03-30,36.0,2019-03-30,0.03432164609889343,0.05982724637886416,Low,model-estimated recurrence probability,False,72.0,0,123.29,LogLogisticAFT
BOAMP:16-44890,SIREN:264400268,Centre Hospitalier de Saint-Nazaire,264400268,,SIREN_ENRICHED,Unknown,2016-03-30,12.0,2017-03-30,0.03539428200572703,0.06164610969273365,Low,model-estimated recurrence probability,False,,0,123.29,LogLogisticAFT
BOAMP:16-48130,SIREN:228500013,Département de la Vendée,228500013,,SIREN_ENRICHED,Data & AI,2017-01-09,48.0,2021-01-09,0.024245857129871706,0.042594056073104736,Low,duration imputed,False,,0,113.93,LogLogisticAFT
BOAMP:16-48232,SIREN:391722881,GIE SESAM Vitale,391722881,,SIREN_ENRICHED,IT Services & Consulting,2016-03-31,48.0,2020-03-31,0.02842242252115479,0.04977004853685574,Low,duration imputed,False,72.0,1,57.23,LogLogisticAFT
BOAMP:16-46830,SIREN:194909701,Université d'Angers,194909701,,SIREN_ENRICHED,Telecom & Networks,2016-06-16,36.0,2019-06-16,0.027831493721524825,0.04875755606795573,Low,model-estimated recurrence probability,False,32.0,0,120.73,LogLogisticAFT
BOAMP:16-54252,SIREN:200054302,MONTREVAULT-SUR-ÈVRE,200054302,,SIREN_ENRICHED,Software & Applications,2016-04-15,12.0,2017-04-15,0.02888782558950531,0.05056681532622809,Low,model-estimated recurrence probability,True,48.0,0,122.77,LogLogisticAFT
BOAMP:16-53642,NAME:cci maine loire,CCI de Maine et Loire,,,NAME,Unknown,2016-07-18,48.0,2020-07-18,0.015949191219072012,0.02820029467230689,Low,duration imputed,False,79.0,0,119.68,LogLogisticAFT
BOAMP:16-54197,SIREN:794304097,Nantes Métropole,794304097,,SIREN_ENRICHED,Software & Applications,2016-04-17,48.0,2020-04-17,0.019387380714712688,0.03418771898157025,Low,model-estimated recurrence probability,False,48.0,0,122.7,LogLogisticAFT
BOAMP:16-54370,SIREN:794304097,Nantes Métropole,794304097,,SIREN_ENRICHED,Software & Applications,2016-04-17,48.0,2020-04-17,0.019387380714712688,0.03418771898157025,Low,model-estimated recurrence probability,False,48.0,0,122.7,LogLogisticAFT
BOAMP:16-55219,SIREN:225300011,Conseil départemental de la Mayenne,225300011,,SIREN_ENRICHED,Telecom & Networks,2016-04-18,48.0,2020-04-18,0.024374561902707592,0.04281588515212009,Low,model-estimated recurrence probability,False,32.0,0,122.67,LogLogisticAFT
BOAMP:16-34964,SIREN:173501115,Cour d'Appel de Rennes,173501115,,SIREN_ENRICHED,Cybersecurity,2016-04-19,48.0,2020-04-19,0.023426926993440622,0.04118155122754219,Low,duration imputed,False,35.0,0,122.63,LogLogisticAFT
BOAMP:16-55493,NAME:ccas angers,CCAS d'Angers,,,NAME,Software & Applications,2016-04-19,14.0,2017-06-19,0.020079451396176173,0.035389050194028826,Low,model-estimated recurrence probability,False,48.0,0,122.63,LogLogisticAFT
BOAMP:16-56502,NAME:caf somme,CAF de la Somme,,,NAME,Digital Workplace & Collaboration,2016-04-22,60.0,2021-04-22,0.015936903116130607,0.028178837957513636,Low,model-estimated recurrence probability,False,72.0,0,122.54,LogLogisticAFT
BOAMP:16-57562,SIREN:244900015,Angers Loire Métropole,244900015,,SIREN_ENRICHED,IT Services & Consulting,2016-04-25,48.0,2020-04-25,0.02842242252115479,0.04977004853685574,Low,duration imputed,False,72.0,0,122.44,LogLogisticAFT
BOAMP:16-61061,SIREN:227200029,Département de la Sarthe,227200029,,SIREN_ENRICHED,IT Services & Consulting,2016-04-29,48.0,2020-04-29,0.02842242252115479,0.04977004853685574,Low,duration imputed,False,72.0,0,122.31,LogLogisticAFT
BOAMP:16-61484,SIREN:234400034,Conseil régional des Pays de la Loire,234400034,,SIREN_ENRICHED,IT Services & Consulting,2016-07-28,48.0,2020-07-28,0.030083522391006645,0.05261121460463736,Low,model-estimated recurrence probability,False,72.0,1,46.45,LogLogisticAFT
BOAMP:16-62960,SIREN:130029747,Université de Nantes,130029747,,SIREN_ENRICHED,Software & Applications,2016-07-07,48.0,2020-07-07,0.019387380714712688,0.03418771898157025,Low,model-estimated recurrence probability,True,48.0,0,120.04,LogLogisticAFT
BOAMP:16-63210,SIREN:265300236,Centre hospitalier de Laval,265300236,,SIREN_ENRICHED,Telecom & Networks,2016-05-03,48.0,2020-05-03,0.023021207529177024,0.04048109400027633,Low,duration imputed,False,32.0,0,122.17,LogLogisticAFT
BOAMP:16-63741,NAME:conseil general loire atlantique,Conseil général de Loire-Atlantique,,,NAME,Telecom & Networks,2016-08-03,12.0,2017-08-03,0.025804532916108625,0.0452775355760795,Low,model-estimated recurrence probability,False,64.0,0,119.15,LogLogisticAFT
BOAMP:16-65569,SIREN:214400558,VILLE DE LA BAULE-ESCOUBLAC,214400558,,SIREN_ENRICHED,Unknown,2016-05-06,48.0,2020-05-06,0.02248395138552639,0.03955286506913902,Low,duration imputed,False,45.0,0,122.08,LogLogisticAFT
BOAMP:16-64280,SIREN:445400104,ASSOCIATION E-TOILE,445400104,,SIREN_ENRICHED,IT Services & Consulting,2016-09-12,60.0,2021-09-12,0.026354450541564045,0.046222750333686835,Low,model-estimated recurrence probability,True,72.0,0,117.84,LogLogisticAFT
BOAMP:16-63342,SIREN:794304097,Nantes Métropole,794304097,,SIREN_ENRICHED,Unknown,2016-10-13,48.0,2020-10-13,0.023806491544787867,0.04183645388331758,Low,model-estimated recurrence probability,False,45.0,0,116.82,LogLogisticAFT
BOAMP:16-66951,SIREN:264900259,EHPAD RESIDENCES LES LIGERIENNES,264900259,,SIREN_ENRICHED,Data & AI,2016-05-12,3.0,2016-08-12,0.042041322404074544,0.0728508989324681,Low,model-estimated recurrence probability,False,39.0,0,121.88,LogLogisticAFT
BOAMP:16-67267,NAME:ademe,ADEME,,,NAME,Software & Applications,2016-11-24,39.0,2020-02-24,0.0151949845243452,0.026882583104567814,Low,model-estimated recurrence probability,True,48.0,0,115.44,LogLogisticAFT
BOAMP:16-68875,SIREN:264900390,Centre Hospitalier de Cholet,264900390,,SIREN_ENRICHED,Software & Applications,2016-05-12,48.0,2020-05-12,0.019387380714712688,0.03418771898157025,Low,model-estimated recurrence probability,False,48.0,0,121.88,LogLogisticAFT
BOAMP:16-69641,NAME:centre hospitalier specialise blain,Centre Hospitalier Spécialisé de Blain,,,NAME,Software & Applications,2016-05-13,48.0,2020-05-13,0.012969224742835905,0.0229847821300061,Low,duration imputed,True,48.0,0,121.85,LogLogisticAFT
BOAMP:16-63298,SIREN:535164412,Loire Océan Métropole Aménagement,535164412,,SIREN_ENRICHED,Telecom & Networks,2016-05-17,5.0,2016-10-17,0.03910674874290465,0.06791822468909636,Low,model-estimated recurrence probability,False,45.0,0,121.71,LogLogisticAFT
BOAMP:16-70203,SIREN:130029747,Université de Nantes,130029747,,SIREN_ENRICHED,IT Services & Consulting,2016-07-07,37.0,2019-08-07,0.033947507949191325,0.05919211565362903,Low,model-estimated recurrence probability,False,72.0,0,120.04,LogLogisticAFT
BOAMP:16-72442,SIREN:264400136,CHU de Nantes,264400136,,SIREN_ENRICHED,IT Services & Consulting,2016-11-16,48.0,2020-11-16,0.02842242252115479,0.04977004853685574,Low,duration imputed,False,72.0,1,47.6,LogLogisticAFT
BOAMP:16-73215,SIREN:794304097,Nantes Métropole,794304097,,SIREN_ENRICHED,IT Services & Consulting,2016-05-23,36.0,2019-05-23,0.03432164609889343,0.05982724637886416,Low,model-estimated recurrence probability,False,72.0,0,121.52,LogLogisticAFT
BOAMP:16-73358,SIREN:217500016,Ville du Mans,217500016,,SIREN_ENRICHED,Telecom & Networks,2016-07-05,48.0,2020-07-05,0.023021207529177024,0.04048109400027633,Low,duration imputed,False,32.0,1,47.8,LogLogisticAFT
BOAMP:16-73319,SIREN:214401846,Commune de Saint-Nazaire,214401846,,SIREN_ENRICHED,IT Services & Consulting,2016-09-09,48.0,2020-09-09,0.02842242252115479,0.04977004853685574,Low,duration imputed,False,72.0,1,48.62,LogLogisticAFT
BOAMP:16-74130,SIREN:449073014,Syndicat Vendée des Iles,449073014,,SIREN_ENRICHED,IT Services & Consulting,2016-07-26,48.0,2020-07-26,0.030083522391006645,0.05261121460463736,Low,model-estimated recurrence probability,False,72.0,0,119.42,LogLogisticAFT
BOAMP:16-74267,SIREN:214401093,Ville de Nantes,214401093,,SIREN_ENRICHED,IT Services & Consulting,2016-05-28,48.0,2020-05-28,0.02842242252115479,0.04977004853685574,Low,duration imputed,False,72.0,0,121.35,LogLogisticAFT
BOAMP:16-77563,SIREN:198513905,LYCEE POLYVALENT LEONARD DE VINCI,198513905,,SIREN_ENRICHED,Telecom & Networks,2016-05-30,48.0,2020-05-30,0.023021207529177024,0.04048109400027633,Low,duration imputed,False,32.0,0,121.29,LogLogisticAFT
BOAMP:16-78018,NAME:o p h mans habitat,O.P.H LE MANS HABITAT,,,NAME,IT Services & Consulting,2017-02-16,72.0,2023-02-16,0.016378356619266676,0.028949418238255475,Low,model-estimated recurrence probability,False,72.0,0,112.68,LogLogisticAFT
BOAMP:16-81005,NAME:arafer,ARAFER,,,NAME,Software & Applications,2016-06-04,12.0,2017-06-04,0.02053092813045443,0.03617204923157591,Low,model-estimated recurrence probability,False,48.0,0,121.12,LogLogisticAFT
BOAMP:16-81774,SIREN:391722881,GIE SESAM Vitale,391722881,,SIREN_ENRICHED,Digital Workplace & Collaboration,2016-06-05,48.0,2020-06-05,0.02566021475734581,0.04502934382218449,Low,model-estimated recurrence probability,False,72.0,0,121.09,LogLogisticAFT
BOAMP:16-79797,SIREN:214401846,Commune de Saint-Nazaire,214401846,,SIREN_ENRICHED,Telecom & Networks,2016-09-19,12.0,2017-09-19,0.03622859836319503,0.0630587826634248,Low,model-estimated recurrence probability,False,50.0,1,32.79,LogLogisticAFT
BOAMP:16-83187,SIREN:532458809,Ville d'Angers,532458809,,SIREN_ENRICHED,Telecom & Networks,2016-06-07,48.0,2020-06-07,0.023021207529177024,0.04048109400027633,Low,duration imputed,False,32.0,0,121.02,LogLogisticAFT
BOAMP:16-84309,SIREN:234400034,Conseil régional des Pays de la Loire,234400034,,SIREN_ENRICHED,Telecom & Networks,2016-08-17,12.0,2017-08-17,0.03622859836319503,0.0630587826634248,Low,model-estimated recurrence probability,False,32.0,0,118.69,LogLogisticAFT
BOAMP:16-81907,SIREN:244900015,Angers Loire Métropole,244900015,,SIREN_ENRICHED,Cybersecurity,2016-11-28,48.0,2020-11-28,0.023426926993440622,0.04118155122754219,Low,duration imputed,False,72.0,0,115.31,LogLogisticAFT
BOAMP:16-81846,NAME:nantes metropole habitat,Nantes Métropole Habitat,,,NAME,Software & Applications,2016-09-27,48.0,2020-09-27,0.01373996096244523,0.024336048493037943,Low,model-estimated recurrence probability,True,48.0,0,117.35,LogLogisticAFT
BOAMP:16-83013,NAME:dir ouest,DIR Ouest,,,NAME,IT Services & Consulting,2017-01-26,48.0,2021-01-26,0.021395960145133563,0.03767074470622889,Low,model-estimated recurrence probability,False,72.0,0,113.37,LogLogisticAFT
BOAMP:16-79523,SIREN:214401846,Commune de Saint-Nazaire,214401846,,SIREN_ENRICHED,IT Hardware & Equipment,2016-10-03,12.0,2017-10-03,0.03811507362479338,0.06624631335697051,Low,model-estimated recurrence probability,False,30.0,0,117.15,LogLogisticAFT
BOAMP:16-84729,SIREN:228500013,Département de la Vendée,228500013,,SIREN_ENRICHED,Digital Workplace & Collaboration,2016-09-13,48.0,2020-09-13,0.0242372501535697,0.04257921994145897,Low,duration imputed,False,72.0,1,48.19,LogLogisticAFT
BOAMP:16-85552,SIREN:234400034,Conseil régional des Pays de la Loire,234400034,,SIREN_ENRICHED,Cybersecurity,2016-10-14,12.0,2017-10-14,0.03685829984699662,0.06412380075020818,Low,model-estimated recurrence probability,True,35.0,0,116.79,LogLogisticAFT
BOAMP:16-85545,NAME:crous nantes,CROUS de Nantes,,,NAME,IT Hardware & Equipment,2016-06-11,48.0,2020-06-11,0.018219508190229883,0.032157528881321285,Low,model-estimated recurrence probability,False,32.0,0,120.89,LogLogisticAFT
BOAMP:16-85662,SIREN:234400034,Conseil régional des Pays de la Loire,234400034,,SIREN_ENRICHED,GIS & Mapping,2016-10-14,6.0,2017-04-14,0.04069139838239033,0.07058458847117155,Low,model-estimated recurrence probability,False,72.0,0,116.79,LogLogisticAFT
BOAMP:16-85619,SIREN:234400034,Conseil régional des Pays de la Loire,234400034,,SIREN_ENRICHED,Telecom & Networks,2016-10-12,48.0,2020-10-12,0.024374561902707592,0.04281588515212009,Low,model-estimated recurrence probability,False,32.0,1,51.97,LogLogisticAFT
BOAMP:16-80474,NAME:com communes pays ancenis,Com Communes du Pays d'Ancenis,,,NAME,Software & Applications,2016-12-30,48.0,2020-12-30,0.01373996096244523,0.024336048493037943,Low,model-estimated recurrence probability,False,48.0,0,114.26,LogLogisticAFT
BOAMP:16-92101,SIREN:194401006,Ecole Centrale de Nantes,194401006,,SIREN_ENRICHED,IT Services & Consulting,2016-10-12,41.0,2020-03-12,0.032489939911541255,0.05671427958149078,Low,model-estimated recurrence probability,False,72.0,0,116.85,LogLogisticAFT
BOAMP:16-94328,NAME:smirgeom est sarthe,SMIRGEOM Est Sarthe,,,NAME,Software & Applications,2016-06-27,60.0,2021-06-27,0.012011703336348378,0.021303769475823353,Low,model-estimated recurrence probability,True,48.0,0,120.37,LogLogisticAFT
BOAMP:16-96174,SIREN:234400034,Conseil régional des Pays de la Loire,234400034,,SIREN_ENRICHED,Software & Applications,2016-10-18,12.0,2017-10-18,0.02888782558950531,0.05056681532622809,Low,model-estimated recurrence probability,False,48.0,0,116.66,LogLogisticAFT
BOAMP:16-95884,SIREN:353686934,CAP ATLANTIQUE,353686934,,SIREN_ENRICHED,Telecom & Networks,2016-06-30,24.0,2018-06-30,0.03176274453279504,0.055475979676142484,Low,model-estimated recurrence probability,False,64.0,0,120.27,LogLogisticAFT
BOAMP:16-98551,NAME:cnieg,CNIEG,,,NAME,IT Services & Consulting,2016-07-01,48.0,2020-07-01,0.020197360351436378,0.0355935935308922,Low,duration imputed,False,72.0,0,120.24,LogLogisticAFT
BOAMP:16-98698,SIREN:194909701,Université d'Angers,194909701,,SIREN_ENRICHED,Software & Applications,2016-10-31,24.0,2018-10-31,0.025303102443274494,0.044414959795455955,Low,model-estimated recurrence probability,False,48.0,1,23.78,LogLogisticAFT
BOAMP:16-97484,SIREN:284900016,SDIS 49,284900016,,SIREN_ENRICHED,Telecom & Networks,2016-12-22,48.0,2020-12-22,0.024374561902707592,0.04281588515212009,Low,model-estimated recurrence probability,False,32.0,0,114.52,LogLogisticAFT
BOAMP:16-92162,SIREN:218501914,Ville de La Roche-sur-Yon,218501914,,SIREN_ENRICHED,Cybersecurity,2016-12-19,48.0,2020-12-19,0.023426926993440622,0.04118155122754219,Low,duration imputed,False,35.0,0,114.62,LogLogisticAFT
BOAMP:16-98038,NAME:cte cnes vallee clisson,Cté de Cnes de la Vallée de Clisson,,,NAME,IT Services & Consulting,2016-07-04,36.0,2019-07-04,0.024432358928773712,0.04291548679521673,Low,model-estimated recurrence probability,True,72.0,0,120.14,LogLogisticAFT
BOAMP:16-100426,SIREN:244900015,Angers Loire Métropole,244900015,,SIREN_ENRICHED,IT Services & Consulting,2016-11-30,48.0,2020-11-30,0.030083522391006645,0.05261121460463736,Low,model-estimated recurrence probability,False,72.0,0,115.24,LogLogisticAFT
BOAMP:16-98835,SIREN:445400104,ASSOCIATION E-TOILE,445400104,,SIREN_ENRICHED,IT Services & Consulting,2016-07-09,60.0,2021-07-09,0.026354450541564045,0.046222750333686835,Low,model-estimated recurrence probability,True,72.0,0,119.97,LogLogisticAFT
BOAMP:16-102238,SIREN:411516768,C.S.T.B.,411516768,,SIREN_ENRICHED,IT Services & Consulting,2016-07-09,24.0,2018-07-09,0.03913274130913669,0.06796201257641687,Low,model-estimated recurrence probability,False,72.0,0,119.97,LogLogisticAFT
BOAMP:16-102715,SIREN:794304097,Nantes Métropole,794304097,,SIREN_ENRICHED,Telecom & Networks,2016-07-11,12.0,2017-07-11,0.03622859836319503,0.0630587826634248,Low,model-estimated recurrence probability,False,32.0,1,33.77,LogLogisticAFT
BOAMP:16-103088,SIREN:247200132,Le Mans Métropole - Communauté Urbaine,247200132,,SIREN_ENRICHED,IT Hardware & Equipment,2016-11-17,6.0,2017-05-17,0.04069139838239033,0.07058458847117155,Low,model-estimated recurrence probability,False,30.0,1,13.07,LogLogisticAFT
BOAMP:16-104455,SIREN:213503642,Ville de Noyal-Châtillon sur Seiche,213503642,,SIREN_ENRICHED,Data & AI,2016-07-13,48.0,2020-07-13,0.0242372501535697,0.04257921994145897,Low,duration imputed,False,,0,119.84,LogLogisticAFT
BOAMP:16-103802,NAME:arafer,ARAFER,,,NAME,Data & AI,2016-07-13,24.0,2018-07-13,0.023787518365122717,0.04180372661853904,Low,model-estimated recurrence probability,False,72.0,0,119.84,LogLogisticAFT
BOAMP:16-103833,SIREN:794304097,Nantes Métropole,794304097,,SIREN_ENRICHED,Cloud & Infrastructure,2016-07-13,48.0,2020-07-13,0.02566021475734581,0.04502934382218449,Low,model-estimated recurrence probability,False,48.0,1,50.85,LogLogisticAFT
BOAMP:16-106250,NAME:cpam sarthe,CPAM de la Sarthe,,,NAME,Unknown,2016-11-02,48.0,2020-11-02,0.015949191219072012,0.02820029467230689,Low,duration imputed,False,44.0,0,116.16,LogLogisticAFT
BOAMP:16-105530,SIREN:225300011,Conseil départemental de la Mayenne,225300011,,SIREN_ENRICHED,Telecom & Networks,2016-07-15,48.0,2020-07-15,0.024374561902707592,0.04281588515212009,Low,model-estimated recurrence probability,False,32.0,0,119.78,LogLogisticAFT
BOAMP:16-106204,SIREN:130029747,Université de Nantes,130029747,,SIREN_ENRICHED,Telecom & Networks,2016-11-17,48.0,2020-11-17,0.023021207529177024,0.04048109400027633,Low,duration imputed,False,32.0,0,115.67,LogLogisticAFT
BOAMP:16-106449,NAME:synd mixte pays coutances,SYND MIXTE DU PAYS DE COUTANCES,,,NAME,Data & AI,2016-07-15,48.0,2020-07-15,0.017201876685483564,0.0303854977535728,Low,duration imputed,False,,0,119.78,LogLogisticAFT
BOAMP:16-108815,SIREN:214400558,VILLE DE LA BAULE-ESCOUBLAC,214400558,,SIREN_ENRICHED,Unknown,2016-07-21,8.0,2017-03-21,0.036977165297254366,0.06432472306196724,Low,model-estimated recurrence probability,False,45.0,0,119.58,LogLogisticAFT
BOAMP:16-109013,SIREN:172104309,Rectorat de l'Académie de Dijon,172104309,,SIREN_ENRICHED,IT Services & Consulting,2016-07-22,12.0,2017-07-22,0.04458710156874224,0.07711214980347747,Low,model-estimated recurrence probability,True,72.0,0,119.55,LogLogisticAFT
BOAMP:16-109017,SIREN:391722881,GIE SESAM Vitale,391722881,,SIREN_ENRICHED,Software & Applications,2016-07-22,12.0,2017-07-22,0.02888782558950531,0.05056681532622809,Low,model-estimated recurrence probability,False,48.0,0,119.55,LogLogisticAFT
BOAMP:16-107267,SIREN:214401846,Commune de Saint-Nazaire,214401846,,SIREN_ENRICHED,IT Services & Consulting,2016-11-09,48.0,2020-11-09,0.030083522391006645,0.05261121460463736,Low,model-estimated recurrence probability,False,72.0,0,115.93,LogLogisticAFT
BOAMP:16-109854,SIREN:180046013,Centre des monuments nationaux,180046013,,SIREN_ENRICHED,Unknown,2016-07-25,48.0,2020-07-25,0.02248395138552639,0.03955286506913902,Low,duration imputed,False,,0,119.45,LogLogisticAFT
BOAMP:16-99329,NAME:nantes metropole habitat,Nantes Métropole Habitat,,,NAME,Software & Applications,2016-11-07,48.0,2020-11-07,0.01373996096244523,0.024336048493037943,Low,model-estimated recurrence probability,False,48.0,0,116.0,LogLogisticAFT
BOAMP:16-110437,NAME:universite europeenne bretagne,Université Européenne de Bretagne,,,NAME,Software & Applications,2016-07-26,36.0,2019-07-26,0.015712927536551624,0.02778767370568791,Low,model-estimated recurrence probability,False,48.0,0,119.42,LogLogisticAFT
BOAMP:16-111867,SIREN:224900019,Département de Maine-et-Loire,224900019,,SIREN_ENRICHED,IT Services & Consulting,2016-12-26,72.0,2022-12-26,0.02307662639924024,0.040576798316303675,Low,model-estimated recurrence probability,False,72.0,0,114.39,LogLogisticAFT
BOAMP:16-114007,SIREN:411516768,C.S.T.B.,411516768,,SIREN_ENRICHED,IT Services & Consulting,2016-07-30,12.0,2017-07-30,0.04458710156874224,0.07711214980347747,Low,model-estimated recurrence probability,True,72.0,0,119.28,LogLogisticAFT
BOAMP:16-114945,SIREN:264400136,CHU de Nantes,264400136,,SIREN_ENRICHED,IT Services & Consulting,2016-08-01,24.0,2018-08-01,0.03913274130913669,0.06796201257641687,Low,model-estimated recurrence probability,False,72.0,0,119.22,LogLogisticAFT
BOAMP:16-118533,SIREN:287200265,SDIS de la Sarthe,287200265,,SIREN_ENRICHED,Cybersecurity,2016-10-31,12.0,2017-10-31,0.03685829984699662,0.06412380075020818,Low,model-estimated recurrence probability,False,35.0,0,116.23,LogLogisticAFT
BOAMP:16-123498,SIREN:264400136,CHU de Nantes,264400136,,SIREN_ENRICHED,Software & Applications,2016-08-22,48.0,2020-08-22,0.018305735163964387,0.032307549261624935,Low,duration imputed,False,48.0,0,118.53,LogLogisticAFT
BOAMP:16-124376,SIREN:234400034,Conseil régional des Pays de la Loire,234400034,,SIREN_ENRICHED,Digital Workplace & Collaboration,2016-10-31,24.0,2018-10-31,0.03342474124124861,0.05830406260680088,Low,model-estimated recurrence probability,False,72.0,0,116.23,LogLogisticAFT
BOAMP:16-125901,SIREN:515163749,CPAM de Loire-Atlantique,515163749,,SIREN_ENRICHED,Telecom & Networks,2016-08-26,48.0,2020-08-26,0.023021207529177024,0.04048109400027633,Low,duration imputed,False,,0,118.4,LogLogisticAFT
BOAMP:16-127032,SIREN:227200029,Département de la Sarthe,227200029,,SIREN_ENRICHED,IT Services & Consulting,2016-12-07,48.0,2020-12-07,0.02842242252115479,0.04977004853685574,Low,duration imputed,False,72.0,0,115.01,LogLogisticAFT
BOAMP:16-128900,SIREN:200033298,COMMUNAUTE de COMMUNES des COEVRONS,200033298,,SIREN_ENRICHED,IT Services & Consulting,2016-09-02,48.0,2020-09-02,0.02842242252115479,0.04977004853685574,Low,duration imputed,False,72.0,0,118.17,LogLogisticAFT
BOAMP:16-128870,SIREN:264400136,CHU de Nantes,264400136,,SIREN_ENRICHED,IT Maintenance & Support,2016-12-22,48.0,2020-12-22,0.02566021475734581,0.04502934382218449,Low,model-estimated recurrence probability,False,72.0,1,49.21,LogLogisticAFT
BOAMP:16-130215,SIREN:228500013,Département de la Vendée,228500013,,SIREN_ENRICHED,IT Services & Consulting,2017-02-08,12.0,2018-02-08,0.044602604726004524,0.077138049007075,Low,model-estimated recurrence probability,False,72.0,1,23.0,LogLogisticAFT
BOAMP:16-128161,SIREN:794304097,Nantes Métropole,794304097,,SIREN_ENRICHED,IT Services & Consulting,2016-09-09,48.0,2020-09-09,0.030083522391006645,0.05261121460463736,Low,model-estimated recurrence probability,False,72.0,1,52.3,LogLogisticAFT
BOAMP:16-131471,NAME:insee,INSEE,,,NAME,IT Services & Consulting,2016-12-05,48.0,2020-12-05,0.020197360351436378,0.0355935935308922,Low,duration imputed,True,72.0,0,115.08,LogLogisticAFT
BOAMP:16-132878,NAME:ville avrille,Ville d'Avrillé,,,NAME,Software & Applications,2016-09-12,48.0,2020-09-12,0.012969224742835905,0.0229847821300061,Low,duration imputed,True,48.0,0,117.84,LogLogisticAFT
BOAMP:16-134501,SIREN:391722881,GIE SESAM Vitale,391722881,,SIREN_ENRICHED,IT Services & Consulting,2016-09-15,12.0,2017-09-15,0.04458710156874224,0.07711214980347747,Low,model-estimated recurrence probability,False,72.0,0,117.74,LogLogisticAFT
BOAMP:16-135042,SIREN:794304097,Nantes Métropole,794304097,,SIREN_ENRICHED,IT Services & Consulting,2017-04-13,60.0,2022-04-13,0.026363789050566133,0.046238794689865026,Low,model-estimated recurrence probability,False,72.0,1,59.13,LogLogisticAFT
BOAMP:16-136139,SIREN:234400034,Conseil régional des Pays de la Loire,234400034,,SIREN_ENRICHED,IT Services & Consulting,2016-12-27,12.0,2017-12-27,0.04458710156874224,0.07711214980347747,Low,model-estimated recurrence probability,False,72.0,1,7.39,LogLogisticAFT
BOAMP:16-136057,SIREN:217500016,Ville du Mans,217500016,,SIREN_ENRICHED,Telecom & Networks,2016-11-15,2.0,2017-01-15,0.04040631679533402,0.07010538186800841,Low,model-estimated recurrence probability,False,32.0,0,115.74,LogLogisticAFT
BOAMP:16-139456,SIREN:284400017,SDIS 44,284400017,,SIREN_ENRICHED,Software & Applications,2016-09-23,48.0,2020-09-23,0.018305735163964387,0.032307549261624935,Low,duration imputed,True,48.0,0,117.48,LogLogisticAFT
BOAMP:16-139147,SIREN:391722881,GIE SESAM Vitale,391722881,,SIREN_ENRICHED,Digital Workplace & Collaboration,2017-06-21,12.0,2018-06-21,0.03812841623245444,0.06626882516785049,Low,model-estimated recurrence probability,False,72.0,1,10.74,LogLogisticAFT
BOAMP:16-139674,SIREN:227200029,Département de la Sarthe,227200029,,SIREN_ENRICHED,Cloud & Infrastructure,2017-01-06,48.0,2021-01-06,0.025669313754424383,0.04504499349947155,Low,model-estimated recurrence probability,False,48.0,0,114.03,LogLogisticAFT
BOAMP:16-139386,SIREN:225300011,Conseil départemental de la Mayenne,225300011,,SIREN_ENRICHED,Software & Applications,2016-11-07,48.0,2020-11-07,0.019387380714712688,0.03418771898157025,Low,model-estimated recurrence probability,False,48.0,0,116.0,LogLogisticAFT
BOAMP:16-137248,SIREN:403040850,Sarthe Habitat,403040850,,SIREN_ENRICHED,Unknown,2016-12-30,48.0,2020-12-30,0.02248395138552639,0.03955286506913902,Low,duration imputed,False,45.0,0,114.26,LogLogisticAFT
BOAMP:16-140691,SIREN:214402042,Ville de Thouaré-sur-Loire,214402042,,SIREN_ENRICHED,Cybersecurity,2016-09-29,24.0,2018-09-29,0.032317426363038804,0.056420641598886934,Low,model-estimated recurrence probability,False,35.0,0,117.28,LogLogisticAFT
BOAMP:16-142611,NAME:ville orvault,Ville d'Orvault,,,NAME,Software & Applications,2016-09-30,48.0,2020-09-30,0.01373996096244523,0.024336048493037943,Low,model-estimated recurrence probability,True,48.0,0,117.25,LogLogisticAFT
BOAMP:16-146809,SIREN:268502424,C.H.D La Roche Sur Yon-Luçon-Montaigu,268502424,,SIREN_ENRICHED,Software & Applications,2017-04-18,12.0,2018-04-18,0.028898035138186673,0.05058428757786171,Low,model-estimated recurrence probability,True,48.0,0,110.68,LogLogisticAFT
BOAMP:16-149380,SIREN:214400418,Commune de la Chevrolière,214400418,,SIREN_ENRICHED,Telecom & Networks,2016-10-13,3.0,2017-01-13,0.03996859530969121,0.06936918842243256,Low,model-estimated recurrence probability,False,32.0,0,116.82,LogLogisticAFT
BOAMP:16-151887,SIREN:214400269,Ville de Carquefou,214400269,,SIREN_ENRICHED,Telecom & Networks,2017-02-01,12.0,2018-02-01,0.03624130547055482,0.06308028446345171,Low,model-estimated recurrence probability,False,32.0,0,113.17,LogLogisticAFT
BOAMP:16-151274,SIREN:194401006,Ecole Centrale de Nantes,194401006,,SIREN_ENRICHED,Telecom & Networks,2017-01-25,36.0,2020-01-25,0.027841340644088497,0.04877443528511338,Low,model-estimated recurrence probability,False,32.0,0,113.4,LogLogisticAFT
BOAMP:16-153677,SIREN:214401432,Ville de Rezé,214401432,,SIREN_ENRICHED,Cybersecurity,2016-10-20,36.0,2019-10-20,0.028319530989338038,0.049593821563088336,Low,model-estimated recurrence probability,False,72.0,0,116.59,LogLogisticAFT
BOAMP:16-153566,NAME:ville orvault,Ville d'Orvault,,,NAME,Cybersecurity,2016-10-20,36.0,2019-10-20,0.02012362751044039,0.03546568939561856,Low,model-estimated recurrence probability,False,35.0,0,116.59,LogLogisticAFT
BOAMP:16-153330,SIREN:794304097,Nantes Métropole,794304097,,SIREN_ENRICHED,Software & Applications,2018-01-16,60.0,2023-01-16,0.016973126250825143,0.029986780788282097,Low,model-estimated recurrence probability,False,48.0,0,101.71,LogLogisticAFT
BOAMP:16-153188,SIREN:214401846,Commune de Saint-Nazaire,214401846,,SIREN_ENRICHED,Telecom & Networks,2016-10-26,28.0,2019-02-26,0.03039602986676293,0.053144917039101514,Low,model-estimated recurrence probability,False,45.0,0,116.39,LogLogisticAFT
BOAMP:16-153795,SIREN:214401846,Commune de Saint-Nazaire,214401846,,SIREN_ENRICHED,Telecom & Networks,2016-10-26,24.0,2018-10-26,0.03176274453279504,0.055475979676142484,Low,model-estimated recurrence probability,False,32.0,0,116.39,LogLogisticAFT
BOAMP:16-155186,SIREN:546650169,Vendée Expansion,546650169,,SIREN_ENRICHED,IT Services & Consulting,2016-10-26,12.0,2017-10-26,0.04458710156874224,0.07711214980347747,Low,model-estimated recurrence probability,False,72.0,0,116.39,LogLogisticAFT
BOAMP:16-158195,SIREN:218502268,Ville de Saint-Hilaire-de-Riez,218502268,,SIREN_ENRICHED,Digital Workplace & Collaboration,2016-10-28,36.0,2019-10-28,0.029294009932313014,0.051261731847744074,Low,model-estimated recurrence probability,False,72.0,0,116.33,LogLogisticAFT
BOAMP:16-158411,NAME:institut 4 10,INSTITUT 4.10,,,NAME,Software & Applications,2016-10-28,12.0,2017-10-28,0.02053092813045443,0.03617204923157591,Low,model-estimated recurrence probability,True,48.0,0,116.33,LogLogisticAFT
BOAMP:16-158975,NAME:dirisi,DIRISI,,,NAME,Software & Applications,2017-04-24,90.0,2024-10-24,0.008578590875912062,0.015255863970367378,Low,model-estimated recurrence probability,False,48.0,0,110.48,LogLogisticAFT
BOAMP:16-161115,SIREN:288500010,SDIS 85,288500010,,SIREN_ENRICHED,Cybersecurity,2017-01-25,48.0,2021-01-25,0.023435253124156286,0.04119592131570127,Low,duration imputed,False,35.0,0,113.4,LogLogisticAFT
BOAMP:16-166758,SIREN:217500016,Ville du Mans,217500016,,SIREN_ENRICHED,Unknown,2016-11-17,48.0,2020-11-17,0.02248395138552639,0.03955286506913902,Low,duration imputed,False,,0,115.67,LogLogisticAFT
BOAMP:16-167180,SIREN:546650169,Vendée Expansion,546650169,,SIREN_ENRICHED,IT Services & Consulting,2016-12-20,12.0,2017-12-20,0.04458710156874224,0.07711214980347747,Low,model-estimated recurrence probability,False,72.0,1,4.43,LogLogisticAFT
BOAMP:16-170680,SIREN:264400136,CHU de Nantes,264400136,,SIREN_ENRICHED,IT Services & Consulting,2016-11-25,48.0,2020-11-25,0.030083522391006645,0.05261121460463736,Low,model-estimated recurrence probability,False,72.0,0,115.41,LogLogisticAFT
BOAMP:16-172610,NAME:conseil general vendee,Conseil général de la Vendée,,,NAME,Digital Workplace & Collaboration,2017-04-13,48.0,2021-04-13,0.01720802936491228,0.030396220042680056,Low,duration imputed,False,72.0,0,110.84,LogLogisticAFT
BOAMP:16-171762,SIREN:524795564,CARENE,524795564,,SIREN_ENRICHED,Cloud & Infrastructure,2017-03-22,18.0,2018-09-22,0.035708323222236604,0.06217806015343008,Low,model-estimated recurrence probability,False,45.0,0,111.56,LogLogisticAFT
BOAMP:16-172095,SIREN:524795564,CARENE,524795564,,SIREN_ENRICHED,Cybersecurity,2016-12-02,24.0,2018-12-02,0.032317426363038804,0.056420641598886934,Low,model-estimated recurrence probability,False,72.0,0,115.18,LogLogisticAFT
BOAMP:16-173647,NAME:caf somme,CAF de la Somme,,,NAME,Digital Workplace & Collaboration,2016-12-04,48.0,2020-12-04,0.018219508190229883,0.032157528881321285,Low,model-estimated recurrence probability,False,72.0,0,115.11,LogLogisticAFT
BOAMP:16-176618,NAME:ville orvault,Ville d'Orvault,,,NAME,Software & Applications,2016-12-09,48.0,2020-12-09,0.01373996096244523,0.024336048493037943,Low,model-estimated recurrence probability,True,48.0,0,114.95,LogLogisticAFT
BOAMP:16-176813,NAME:cte cnes coeur estuaire,Cté Cnes Coeur d'Estuaire,,,NAME,Unknown,2017-05-04,48.0,2021-05-04,0.01595490311814174,0.028210268292145013,Low,duration imputed,False,45.0,0,110.15,LogLogisticAFT
BOAMP:16-179721,NAME:gpm nantes st nazaire,GPM de Nantes - St Nazaire,,,NAME,Telecom & Networks,2016-12-15,48.0,2020-12-15,0.016332907674503128,0.028870109233375518,Low,duration imputed,False,32.0,0,114.75,LogLogisticAFT
BOAMP:16-180684,SIREN:777739160,FONDAT REGION OUEST LIGUE CANCER,777739160,,SIREN_ENRICHED,Telecom & Networks,2016-12-16,1.0,2017-01-16,0.040848628075907056,0.07084879350193296,Low,model-estimated recurrence probability,False,32.0,0,114.72,LogLogisticAFT
BOAMP:16-182034,SIREN:284400017,SDIS 44,284400017,,SIREN_ENRICHED,Cybersecurity,2017-03-07,7.0,2017-10-07,0.038939990346386844,0.06763725677361265,Low,model-estimated recurrence probability,False,35.0,1,10.81,LogLogisticAFT
BOAMP:16-184522,NAME:sdegm,SDEGM,,,NAME,Telecom & Networks,2016-12-23,48.0,2020-12-23,0.01730003746719533,0.030556550508918923,Low,model-estimated recurrence probability,False,32.0,0,114.49,LogLogisticAFT
BOAMP:16-183156,SIREN:227200029,Département de la Sarthe,227200029,,SIREN_ENRICHED,Digital Workplace & Collaboration,2017-04-26,48.0,2021-04-26,0.025669313754424383,0.04504499349947155,Low,model-estimated recurrence probability,False,72.0,0,110.41,LogLogisticAFT
BOAMP:16-183705,SIREN:285300018,Sdis de la Mayenne,285300018,,SIREN_ENRICHED,Cybersecurity,2016-12-24,12.0,2017-12-24,0.03685829984699662,0.06412380075020818,Low,model-estimated recurrence probability,False,35.0,1,14.36,LogLogisticAFT
BOAMP:16-184210,SIREN:391722881,GIE SESAM Vitale,391722881,,SIREN_ENRICHED,IT Services & Consulting,2017-10-12,48.0,2021-10-12,0.030094141427807086,0.05262935409621816,Low,model-estimated recurrence probability,False,72.0,1,38.83,LogLogisticAFT
BOAMP:16-184750,NAME:arafer,ARAFER,,,NAME,IT Maintenance & Support,2016-12-28,24.0,2018-12-28,0.023787518365122717,0.04180372661853904,Low,model-estimated recurrence probability,False,72.0,0,114.32,LogLogisticAFT
BOAMP:17-1971,NAME:maine loire habitat office pub habitat,MAINE LOIRE HABITAT OFFICE PUB HABITAT,,,NAME,Software & Applications,2017-01-06,48.0,2021-01-06,0.013744892718904778,0.024344689678630238,Low,model-estimated recurrence probability,True,48.0,0,114.03,LogLogisticAFT
BOAMP:17-2924,NAME:sictiam,SICTIAM,,,NAME,IT Services & Consulting,2017-01-08,12.0,2018-01-08,0.03184870657633987,0.05562243195124161,Low,model-estimated recurrence probability,False,72.0,0,113.96,LogLogisticAFT
BOAMP:17-4904,NAME:iphv hauts thebaudieres,IPHV LES HAUTS THEBAUDIERES,,,NAME,Software & Applications,2017-01-11,48.0,2021-01-11,0.01297388349404438,0.022992954818482847,Low,duration imputed,False,48.0,0,113.86,LogLogisticAFT
BOAMP:17-8592,NAME:communaute communes grand lieu,Communauté de Communes de Grand Lieu,,,NAME,Cybersecurity,2017-01-18,12.0,2018-01-18,0.026267291823366845,0.04607299302119605,Low,model-estimated recurrence probability,False,35.0,0,113.63,LogLogisticAFT
BOAMP:17-6714,SIREN:194909701,Université d'Angers,194909701,,SIREN_ENRICHED,IT Services & Consulting,2017-01-18,36.0,2020-01-18,0.034333708174291044,0.0598477166727428,Low,model-estimated recurrence probability,False,72.0,1,44.02,LogLogisticAFT
BOAMP:17-8714,SIREN:227200029,Département de la Sarthe,227200029,,SIREN_ENRICHED,IT Services & Consulting,2017-01-19,48.0,2021-01-19,0.028432472402643127,0.04978725991995003,Low,duration imputed,False,72.0,0,113.6,LogLogisticAFT
BOAMP:17-9361,SIREN:264400136,CHU de Nantes,264400136,,SIREN_ENRICHED,Software & Applications,2017-01-19,48.0,2021-01-19,0.0183122753092122,0.032318927188018653,Low,duration imputed,False,48.0,0,113.6,LogLogisticAFT
BOAMP:17-10167,SIREN:217203207,MAIRIE DE SAINT SATURNIN,217203207,,SIREN_ENRICHED,Unknown,2017-01-20,48.0,2021-01-20,0.022491950093442625,0.03956669028814219,Low,duration imputed,False,44.0,0,113.57,LogLogisticAFT
BOAMP:17-8483,SIREN:227200029,Département de la Sarthe,227200029,,SIREN_ENRICHED,Telecom & Networks,2017-04-07,4.0,2017-08-07,0.03954923966741619,0.06866342072854681,Low,model-estimated recurrence probability,False,45.0,0,111.04,LogLogisticAFT
BOAMP:17-12394,NAME:sdegm,SDEGM,,,NAME,Telecom & Networks,2017-01-26,48.0,2021-01-26,0.01633875471263857,0.028880312706942246,Low,duration imputed,False,32.0,0,113.37,LogLogisticAFT
BOAMP:17-13461,SIREN:794304097,Nantes Métropole,794304097,,SIREN_ENRICHED,IT Services & Consulting,2017-01-29,36.0,2020-01-29,0.034333708174291044,0.0598477166727428,Low,model-estimated recurrence probability,False,72.0,0,113.27,LogLogisticAFT
BOAMP:17-14320,NAME:agence regionale pays loire ti,Agence Régionale Pays de la Loire TI,,,NAME,IT Services & Consulting,2017-02-01,48.0,2021-02-01,0.021395960145133563,0.03767074470622889,Low,model-estimated recurrence probability,False,72.0,0,113.17,LogLogisticAFT
BOAMP:17-14986,SIREN:264400136,CHU de Nantes,264400136,,SIREN_ENRICHED,IT Services & Consulting,2017-06-02,12.0,2018-06-02,0.044602604726004524,0.077138049007075,Low,model-estimated recurrence probability,False,72.0,0,109.2,LogLogisticAFT
BOAMP:17-16256,NAME:inst interdpt bassin sevre niortaise,Inst. Interdpt bassin Sèvre Niortaise,,,NAME,Unknown,2017-02-02,48.0,2021-02-02,0.01595490311814174,0.028210268292145013,Low,duration imputed,False,45.0,0,113.14,LogLogisticAFT
BOAMP:17-15684,SIREN:214401846,Commune de Saint-Nazaire,214401846,,SIREN_ENRICHED,IT Services & Consulting,2017-02-03,48.0,2021-02-03,0.028432472402643127,0.04978725991995003,Low,duration imputed,False,72.0,0,113.11,LogLogisticAFT
BOAMP:17-20659,SIREN:288500010,SDIS 85,288500010,,SIREN_ENRICHED,IT Services & Consulting,2017-05-02,48.0,2021-05-02,0.028432472402643127,0.04978725991995003,Low,duration imputed,True,72.0,1,46.98,LogLogisticAFT
BOAMP:17-19962,SIREN:194401006,Ecole Centrale de Nantes,194401006,,SIREN_ENRICHED,Telecom & Networks,2017-04-06,12.0,2018-04-06,0.03624130547055482,0.06308028446345171,Low,model-estimated recurrence probability,False,32.0,0,111.07,LogLogisticAFT
BOAMP:17-19635,NAME:mairie croisic,Mairie du croisic,,,NAME,Telecom & Networks,2017-02-11,1.0,2017-03-11,0.02914572079775768,0.051008083379167624,Low,model-estimated recurrence probability,False,32.0,0,112.84,LogLogisticAFT
BOAMP:17-20825,NAME:ch mans,CH LE MANS,,,NAME,Telecom & Networks,2017-04-11,48.0,2021-04-11,0.017306224638020784,0.030567331255431984,Low,model-estimated recurrence probability,False,32.0,0,110.91,LogLogisticAFT
BOAMP:17-23389,SIREN:865800767,Loire Ocean developpement,865800767,,SIREN_ENRICHED,Unknown,2017-02-16,9.0,2017-11-16,0.03658799994574724,0.06366676704374441,Low,model-estimated recurrence probability,False,45.0,1,8.18,LogLogisticAFT
BOAMP:17-22230,SIREN:214401622,Commune de Saint-Herblain,214401622,,SIREN_ENRICHED,Cybersecurity,2017-05-18,12.0,2018-05-18,0.03687121937113391,0.06414564083809382,Low,model-estimated recurrence probability,False,35.0,0,109.69,LogLogisticAFT
BOAMP:17-23490,NAME:chd vendee,CHD VENDEE,,,NAME,Software & Applications,2017-02-18,12.0,2018-02-18,0.020538246644705493,0.0361847372491273,Low,model-estimated recurrence probability,True,48.0,0,112.61,LogLogisticAFT
BOAMP:17-25253,NAME:grand t theatre loire atlantique,Le Grand T - Théâtre Loire-Atlantique,,,NAME,Software & Applications,2017-02-21,48.0,2021-02-21,0.01297388349404438,0.022992954818482847,Low,duration imputed,False,48.0,0,112.52,LogLogisticAFT
BOAMP:17-25915,SIREN:264400136,CHU de Nantes,264400136,,SIREN_ENRICHED,Software & Applications,2017-02-22,48.0,2021-02-22,0.0183122753092122,0.032318927188018653,Low,duration imputed,False,48.0,0,112.48,LogLogisticAFT
BOAMP:17-26666,SIREN:546650169,Vendée Expansion,546650169,,SIREN_ENRICHED,IT Services & Consulting,2017-03-30,12.0,2018-03-30,0.044602604726004524,0.077138049007075,Low,model-estimated recurrence probability,False,72.0,1,1.15,LogLogisticAFT
BOAMP:17-27341,SIREN:935367433,Conseil départemental Loire-Atlantique,935367433,,SIREN_ENRICHED,Unknown,2017-02-26,44.0,2020-10-26,0.024893352023043103,0.04370959693784482,Low,model-estimated recurrence probability,False,50.0,0,112.35,LogLogisticAFT
BOAMP:17-29415,SIREN:935367433,Conseil départemental Loire-Atlantique,935367433,,SIREN_ENRICHED,IT Maintenance & Support,2017-03-03,48.0,2021-03-03,0.025669313754424383,0.04504499349947155,Low,model-estimated recurrence probability,False,72.0,1,51.25,LogLogisticAFT
BOAMP:17-32686,SIREN:865800767,Loire Ocean developpement,865800767,,SIREN_ENRICHED,Unknown,2017-03-08,10.0,2018-01-08,0.03619008227953391,0.06299360671869436,Low,model-estimated recurrence probability,False,45.0,0,112.02,LogLogisticAFT
BOAMP:17-31647,SIREN:200052587,SYNDICAT MIXTE OUVERT ANJOU NUMERIQUE,200052587,,SIREN_ENRICHED,Telecom & Networks,2018-01-22,48.0,2022-01-22,0.023037581040799116,0.04050937070865901,Low,duration imputed,False,32.0,0,101.51,LogLogisticAFT
BOAMP:17-35511,SIREN:245300355,Communauté de communes de l'Ernée,245300355,,SIREN_ENRICHED,Software & Applications,2017-03-14,48.0,2021-03-14,0.0183122753092122,0.032318927188018653,Low,duration imputed,True,48.0,0,111.83,LogLogisticAFT
BOAMP:17-35759,SIREN:234400034,Conseil régional des Pays de la Loire,234400034,,SIREN_ENRICHED,IT Services & Consulting,2017-06-02,24.0,2019-06-02,0.03914642566438664,0.06798506496656087,Low,model-estimated recurrence probability,False,72.0,0,109.2,LogLogisticAFT
BOAMP:17-35545,SIREN:264400136,CHU de Nantes,264400136,,SIREN_ENRICHED,Software & Applications,2017-07-28,14.0,2018-09-28,0.02826787518135132,0.04950533775615673,Low,model-estimated recurrence probability,False,48.0,1,15.57,LogLogisticAFT
BOAMP:17-38797,SIREN:244900015,Angers Loire Métropole,244900015,,SIREN_ENRICHED,Telecom & Networks,2017-08-28,12.0,2018-08-28,0.03624130547055482,0.06308028446345171,Low,model-estimated recurrence probability,False,39.0,0,106.34,LogLogisticAFT
BOAMP:17-39457,SIREN:130001704,DIR INTERDEPARTEMENTALE ROUTES OUEST,130001704,,SIREN_ENRICHED,IT Services & Consulting,2017-03-23,12.0,2018-03-23,0.044602604726004524,0.077138049007075,Low,model-estimated recurrence probability,False,72.0,0,111.53,LogLogisticAFT
BOAMP:17-40324,SIREN:247200132,Le Mans Métropole - Communauté Urbaine,247200132,,SIREN_ENRICHED,IT Services & Consulting,2017-07-10,48.0,2021-07-10,0.028432472402643127,0.04978725991995003,Low,duration imputed,False,72.0,0,107.95,LogLogisticAFT
BOAMP:17-39093,SIREN:258500222,Vendée Eau,258500222,,SIREN_ENRICHED,Software & Applications,2017-06-29,48.0,2021-06-29,0.0183122753092122,0.032318927188018653,Low,duration imputed,False,48.0,0,108.31,LogLogisticAFT
BOAMP:17-39998,SIREN:214401846,Commune de Saint-Nazaire,214401846,,SIREN_ENRICHED,Software & Applications,2017-07-05,48.0,2021-07-05,0.0183122753092122,0.032318927188018653,Low,duration imputed,False,48.0,0,108.11,LogLogisticAFT
BOAMP:17-44758,SIREN:110006012,Ministère des Affaires étrangères,110006012,,SIREN_ENRICHED,IT Services & Consulting,2017-08-23,48.0,2021-08-23,0.030094141427807086,0.05262935409621816,Low,model-estimated recurrence probability,False,72.0,0,106.5,LogLogisticAFT
BOAMP:17-44607,SIREN:234400034,Conseil régional des Pays de la Loire,234400034,,SIREN_ENRICHED,Cloud & Infrastructure,2017-07-21,48.0,2021-07-21,0.025669313754424383,0.04504499349947155,Low,model-estimated recurrence probability,False,48.0,0,107.59,LogLogisticAFT
BOAMP:17-45104,SIREN:214401622,Commune de Saint-Herblain,214401622,,SIREN_ENRICHED,Telecom & Networks,2017-08-09,12.0,2018-08-09,0.03624130547055482,0.06308028446345171,Low,model-estimated recurrence probability,False,32.0,0,106.96,LogLogisticAFT
BOAMP:17-47832,NAME:centre gestion fpt loire atlantique,Centre de Gestion FPT Loire-Atlantique,,,NAME,Telecom & Networks,2017-04-05,48.0,2021-04-05,0.01633875471263857,0.028880312706942246,Low,duration imputed,False,32.0,0,111.1,LogLogisticAFT
BOAMP:17-48788,SIREN:234400034,Conseil régional des Pays de la Loire,234400034,,SIREN_ENRICHED,IT Services & Consulting,2017-07-24,24.0,2019-07-24,0.03914642566438664,0.06798506496656087,Low,model-estimated recurrence probability,False,72.0,0,107.49,LogLogisticAFT
BOAMP:17-47703,NAME:semitan,SEMITAN,,,NAME,IT Services & Consulting,2017-04-07,24.0,2019-04-07,0.02790712296500697,0.04888719022243493,Low,model-estimated recurrence probability,False,72.0,0,111.04,LogLogisticAFT
BOAMP:17-47930,SIREN:211703004,Ville de La Rochelle,211703004,,SIREN_ENRICHED,Software & Applications,2017-04-07,24.0,2019-04-07,0.025312078099621438,0.04443040588163516,Low,model-estimated recurrence probability,False,48.0,0,111.04,LogLogisticAFT
BOAMP:17-48519,SIREN:524795564,CARENE,524795564,,SIREN_ENRICHED,Software & Applications,2017-10-30,48.0,2021-10-30,0.019394299668187842,0.034199735656236796,Low,model-estimated recurrence probability,False,48.0,0,104.27,LogLogisticAFT
BOAMP:17-42319,NAME:cte cnes ile noirmoutier,Cté de Cnes de l'Ile de Noirmoutier,,,NAME,Unknown,2017-10-25,12.0,2018-10-25,0.02521293820264725,0.044259785446194466,Low,model-estimated recurrence probability,False,92.0,0,104.43,LogLogisticAFT
BOAMP:17-47467,SIREN:860800077,Société Loire Atlantique Développement,860800077,,SIREN_ENRICHED,Telecom & Networks,2017-06-29,48.0,2021-06-29,0.023029392864128084,0.04049522999052613,Low,duration imputed,False,32.0,0,108.31,LogLogisticAFT
BOAMP:17-53475,SIREN:391722881,GIE SESAM Vitale,391722881,,SIREN_ENRICHED,IT Services & Consulting,2018-01-02,12.0,2019-01-02,0.04461811302205232,0.07716395618198213,Low,model-estimated recurrence probability,False,72.0,1,12.29,LogLogisticAFT
BOAMP:17-55172,SIREN:532458809,Ville d'Angers,532458809,,SIREN_ENRICHED,Unknown,2017-09-29,16.0,2019-01-29,0.03388868491101993,0.05909222535661751,Low,model-estimated recurrence probability,False,50.0,0,105.29,LogLogisticAFT
BOAMP:17-54861,NAME:ville orvault,Ville d'Orvault,,,NAME,Software & Applications,2017-06-20,36.0,2020-06-20,0.015718556173839104,0.027797505567812575,Low,model-estimated recurrence probability,False,48.0,0,108.61,LogLogisticAFT
BOAMP:17-57345,SIREN:254902505,ANGERS NANTES OPERA syndicat mixte,254902505,,SIREN_ENRICHED,Cybersecurity,2017-04-25,48.0,2021-04-25,0.023435253124156286,0.04119592131570127,Low,duration imputed,False,,0,110.45,LogLogisticAFT
BOAMP:17-56720,NAME:gcs esante pays loire,GCS eSanté Pays de la Loire,,,NAME,IT Services & Consulting,2017-08-29,12.0,2018-08-29,0.03184870657633987,0.05562243195124161,Low,model-estimated recurrence probability,False,72.0,0,106.31,LogLogisticAFT
BOAMP:17-58486,SIREN:264400136,CHU de Nantes,264400136,,SIREN_ENRICHED,Digital Workplace & Collaboration,2017-04-28,12.0,2018-04-28,0.03812841623245444,0.06626882516785049,Low,model-estimated recurrence probability,False,72.0,0,110.35,LogLogisticAFT
BOAMP:17-58113,NAME:arafer,ARAFER,,,NAME,IT Maintenance & Support,2017-04-28,24.0,2019-04-28,0.023795969530320038,0.04181830434266409,Low,model-estimated recurrence probability,False,72.0,0,110.35,LogLogisticAFT
BOAMP:17-58214,SIREN:794304097,Nantes Métropole,794304097,,SIREN_ENRICHED,Cybersecurity,2017-04-30,48.0,2021-04-30,0.024812329936956812,0.04357006879968117,Low,model-estimated recurrence probability,False,72.0,0,110.28,LogLogisticAFT
BOAMP:17-56890,SIREN:794304097,Nantes Métropole,794304097,,SIREN_ENRICHED,Unknown,2017-08-21,12.0,2018-08-21,0.035406707229034495,0.06166716150305063,Low,model-estimated recurrence probability,False,90.0,0,106.57,LogLogisticAFT
BOAMP:17-62129,SIREN:234400034,Conseil régional des Pays de la Loire,234400034,,SIREN_ENRICHED,IT Services & Consulting,2017-05-04,18.0,2018-11-04,0.04178943425566972,0.07242837357196685,Low,model-estimated recurrence probability,False,72.0,0,110.15,LogLogisticAFT
BOAMP:17-61199,SIREN:546650169,Vendée Expansion,546650169,,SIREN_ENRICHED,IT Services & Consulting,2017-05-04,12.0,2018-05-04,0.044602604726004524,0.077138049007075,Low,model-estimated recurrence probability,False,72.0,0,110.15,LogLogisticAFT
BOAMP:17-61541,SIREN:264400136,CHU de Nantes,264400136,,SIREN_ENRICHED,IT Services & Consulting,2017-07-21,48.0,2021-07-21,0.030094141427807086,0.05262935409621816,Low,model-estimated recurrence probability,False,72.0,1,50.79,LogLogisticAFT
BOAMP:17-62974,SIREN:353686934,CAP ATLANTIQUE,353686934,,SIREN_ENRICHED,Software & Applications,2017-05-05,48.0,2021-05-05,0.019394299668187842,0.034199735656236796,Low,model-estimated recurrence probability,False,48.0,0,110.12,LogLogisticAFT
BOAMP:17-62873,SIREN:194909701,Université d'Angers,194909701,,SIREN_ENRICHED,IT Services & Consulting,2017-05-07,36.0,2020-05-07,0.034333708174291044,0.0598477166727428,Low,model-estimated recurrence probability,False,72.0,1,40.44,LogLogisticAFT
BOAMP:17-56105,SIREN:264400268,Centre Hospitalier de Saint-Nazaire,264400268,,SIREN_ENRICHED,Software & Applications,2017-05-07,60.0,2022-05-07,0.016967056110306244,0.02997619846398758,Low,model-estimated recurrence probability,False,48.0,0,110.05,LogLogisticAFT
BOAMP:17-66007,NAME:ch mans,CH LE MANS,,,NAME,IT Services & Consulting,2017-05-12,48.0,2021-05-12,0.020204562413920324,0.03560608614012839,Low,duration imputed,False,72.0,0,109.89,LogLogisticAFT
BOAMP:17-67752,NAME:gpm nantes st nazaire,GPM de Nantes - St Nazaire,,,NAME,Telecom & Networks,2017-05-16,48.0,2021-05-16,0.01633875471263857,0.028880312706942246,Low,duration imputed,False,32.0,0,109.76,LogLogisticAFT
BOAMP:17-69161,SIREN:217500016,Ville du Mans,217500016,,SIREN_ENRICHED,Data & AI,2017-05-17,48.0,2021-05-17,0.024245857129871706,0.042594056073104736,Low,duration imputed,False,37.0,1,50.3,LogLogisticAFT
BOAMP:17-69162,SIREN:247200132,Le Mans Métropole - Communauté Urbaine,247200132,,SIREN_ENRICHED,IT Services & Consulting,2017-10-30,30.0,2020-04-30,0.036664180369493815,0.06379559510846222,Low,model-estimated recurrence probability,False,72.0,0,104.27,LogLogisticAFT
BOAMP:17-68186,SIREN:234400034,Conseil régional des Pays de la Loire,234400034,,SIREN_ENRICHED,IT Services & Consulting,2017-08-09,12.0,2018-08-09,0.044602604726004524,0.077138049007075,Low,model-estimated recurrence probability,True,72.0,1,11.33,LogLogisticAFT
BOAMP:17-59442,NAME:ademe,ADEME,,,NAME,IT Services & Consulting,2017-05-19,48.0,2021-05-19,0.021395960145133563,0.03767074470622889,Low,model-estimated recurrence probability,False,72.0,0,109.66,LogLogisticAFT
BOAMP:17-68883,NAME:arafer,ARAFER,,,NAME,IT Maintenance & Support,2017-05-19,24.0,2019-05-19,0.023795969530320038,0.04181830434266409,Low,model-estimated recurrence probability,False,72.0,0,109.66,LogLogisticAFT
BOAMP:17-71849,SIREN:234400034,Conseil régional des Pays de la Loire,234400034,,SIREN_ENRICHED,Digital Workplace & Collaboration,2017-08-09,12.0,2018-08-09,0.03812841623245444,0.06626882516785049,Low,model-estimated recurrence probability,False,72.0,0,106.96,LogLogisticAFT
BOAMP:17-71852,SIREN:284900016,SDIS 49,284900016,,SIREN_ENRICHED,Cybersecurity,2017-07-21,48.0,2021-07-21,0.023435253124156286,0.04119592131570127,Low,duration imputed,False,35.0,0,107.59,LogLogisticAFT
BOAMP:17-73536,SIREN:794304097,Nantes Métropole,794304097,,SIREN_ENRICHED,Software & Applications,2017-10-26,60.0,2022-10-26,0.016967056110306244,0.02997619846398758,Low,model-estimated recurrence probability,True,48.0,0,104.4,LogLogisticAFT
BOAMP:17-73142,SIREN:247200132,Le Mans Métropole - Communauté Urbaine,247200132,,SIREN_ENRICHED,Software & Applications,2017-08-22,36.0,2020-08-22,0.02216094779330713,0.03899443192249841,Low,model-estimated recurrence probability,False,48.0,0,106.54,LogLogisticAFT
BOAMP:17-73357,NAME:syndicat departemental energie,Syndicat Départemental d'Energie,,,NAME,Telecom & Networks,2017-10-26,12.0,2018-10-26,0.025813681731964966,0.04529326741980999,Low,model-estimated recurrence probability,False,32.0,0,104.4,LogLogisticAFT
BOAMP:17-72992,NAME:groupe etude controle vari,Groupe d'étude et de contrôle des vari,,,NAME,IT Services & Consulting,2017-07-17,24.0,2019-07-17,0.02790712296500697,0.04888719022243493,Low,model-estimated recurrence probability,False,72.0,0,107.72,LogLogisticAFT
BOAMP:17-74632,SIREN:130029747,Université de Nantes,130029747,,SIREN_ENRICHED,Software & Applications,2017-05-31,48.0,2021-05-31,0.0183122753092122,0.032318927188018653,Low,duration imputed,True,48.0,0,109.26,LogLogisticAFT
BOAMP:17-75817,SIREN:200053593,COMMUNE DE CHEMILLE EN ANJOU,200053593,,SIREN_ENRICHED,Software & Applications,2017-05-31,48.0,2021-05-31,0.0183122753092122,0.032318927188018653,Low,duration imputed,False,48.0,0,109.26,LogLogisticAFT
BOAMP:17-76729,NAME:dir interregionale sces penitentiaires,DIR INTERREGIONALE SCES PENITENTIAIRES,,,NAME,Telecom & Networks,2017-06-01,48.0,2021-06-01,0.01633875471263857,0.028880312706942246,Low,duration imputed,False,32.0,0,109.23,LogLogisticAFT
BOAMP:17-76616,SIREN:794304097,Nantes Métropole,794304097,,SIREN_ENRICHED,Cybersecurity,2017-06-03,48.0,2021-06-03,0.024812329936956812,0.04357006879968117,Low,model-estimated recurrence probability,False,72.0,0,109.17,LogLogisticAFT
BOAMP:17-77862,SIREN:234400034,Conseil régional des Pays de la Loire,234400034,,SIREN_ENRICHED,Unknown,2017-10-04,12.0,2018-10-04,0.035406707229034495,0.06166716150305063,Low,model-estimated recurrence probability,False,34.0,0,105.12,LogLogisticAFT
BOAMP:17-78402,SIREN:288500010,SDIS 85,288500010,,SIREN_ENRICHED,Telecom & Networks,2017-06-06,48.0,2021-06-06,0.02438321642178498,0.04283080005741957,Low,model-estimated recurrence probability,False,,0,109.07,LogLogisticAFT
BOAMP:17-78663,NAME:quinconces espal,Les Quinconces l'Espal,,,NAME,Telecom & Networks,2017-06-06,48.0,2021-06-06,0.01633875471263857,0.028880312706942246,Low,duration imputed,False,32.0,0,109.07,LogLogisticAFT
BOAMP:17-79002,SIREN:198513905,LYCEE POLYVALENT LEONARD DE VINCI,198513905,,SIREN_ENRICHED,Telecom & Networks,2017-06-07,48.0,2021-06-07,0.023029392864128084,0.04049522999052613,Low,duration imputed,False,32.0,0,109.03,LogLogisticAFT
BOAMP:17-68985,SIREN:794304097,Nantes Métropole,794304097,,SIREN_ENRICHED,Software & Applications,2017-10-16,48.0,2021-10-16,0.019394299668187842,0.034199735656236796,Low,model-estimated recurrence probability,False,48.0,0,104.73,LogLogisticAFT
BOAMP:17-80207,SIREN:214402042,Ville de Thouaré-sur-Loire,214402042,,SIREN_ENRICHED,Unknown,2017-06-08,48.0,2021-06-08,0.022491950093442625,0.03956669028814219,Low,duration imputed,False,,1,52.76,LogLogisticAFT
BOAMP:17-80194,SIREN:935367433,Conseil départemental Loire-Atlantique,935367433,,SIREN_ENRICHED,IT Services & Consulting,2017-06-08,48.0,2021-06-08,0.030094141427807086,0.05262935409621816,Low,model-estimated recurrence probability,False,72.0,0,109.0,LogLogisticAFT
BOAMP:17-80573,SIREN:284400017,SDIS 44,284400017,,SIREN_ENRICHED,Telecom & Networks,2017-10-17,48.0,2021-10-17,0.02438321642178498,0.04283080005741957,Low,model-estimated recurrence probability,False,32.0,0,104.7,LogLogisticAFT
BOAMP:17-80380,NAME:maine loire habitat office pub habitat,MAINE LOIRE HABITAT OFFICE PUB HABITAT,,,NAME,Telecom & Networks,2017-10-03,48.0,2021-10-03,0.017306224638020784,0.030567331255431984,Low,model-estimated recurrence probability,False,32.0,0,105.16,LogLogisticAFT
BOAMP:17-82963,SIREN:217500016,Ville du Mans,217500016,,SIREN_ENRICHED,Telecom & Networks,2017-10-09,48.0,2021-10-09,0.023029392864128084,0.04049522999052613,Low,duration imputed,False,32.0,0,104.96,LogLogisticAFT
BOAMP:17-85841,SIREN:234400034,Conseil régional des Pays de la Loire,234400034,,SIREN_ENRICHED,Software & Applications,2017-10-23,12.0,2018-10-23,0.028898035138186673,0.05058428757786171,Low,model-estimated recurrence probability,False,48.0,0,104.5,LogLogisticAFT
BOAMP:17-85294,SIREN:391722881,GIE SESAM Vitale,391722881,,SIREN_ENRICHED,Software & Applications,2017-06-21,12.0,2018-06-21,0.028898035138186673,0.05058428757786171,Low,model-estimated recurrence probability,False,48.0,0,108.57,LogLogisticAFT
BOAMP:17-88463,NAME:cesame ch sainte gemmes loire,CESAME - CH de Sainte Gemmes sur Loire,,,NAME,Telecom & Networks,2017-06-25,39.0,2020-09-25,0.019131579742149074,0.03374335902308456,Low,model-estimated recurrence probability,False,32.0,0,108.44,LogLogisticAFT
BOAMP:17-90424,NAME:regie dept passages eau vendee,Régie Dépt Passages d'Eau de Vendée,,,NAME,IT Services & Consulting,2017-06-27,48.0,2021-06-27,0.020204562413920324,0.03560608614012839,Low,duration imputed,False,72.0,1,51.38,LogLogisticAFT
BOAMP:17-90049,SIREN:391722881,GIE SESAM Vitale,391722881,,SIREN_ENRICHED,Cybersecurity,2017-06-28,12.0,2018-06-28,0.03687121937113391,0.06414564083809382,Low,model-estimated recurrence probability,False,35.0,0,108.34,LogLogisticAFT
BOAMP:17-91935,SIREN:794304097,Nantes Métropole,794304097,,SIREN_ENRICHED,Telecom & Networks,2017-07-01,48.0,2021-07-01,0.02438321642178498,0.04283080005741957,Low,model-estimated recurrence probability,False,32.0,0,108.25,LogLogisticAFT
BOAMP:17-91530,SIREN:225300011,Conseil départemental de la Mayenne,225300011,,SIREN_ENRICHED,Unknown,2018-05-29,24.0,2020-05-29,0.031049849494392934,0.05426068229801384,Low,model-estimated recurrence probability,False,45.0,0,97.34,LogLogisticAFT
BOAMP:17-93042,SIREN:391722881,GIE SESAM Vitale,391722881,,SIREN_ENRICHED,IT Services & Consulting,2017-07-02,24.0,2019-07-02,0.03914642566438664,0.06798506496656087,Low,model-estimated recurrence probability,False,72.0,0,108.21,LogLogisticAFT
BOAMP:17-93666,SIREN:264400136,CHU de Nantes,264400136,,SIREN_ENRICHED,IT Services & Consulting,2017-07-03,48.0,2021-07-03,0.028432472402643127,0.04978725991995003,Low,duration imputed,False,72.0,0,108.18,LogLogisticAFT
BOAMP:17-93952,SIREN:391722881,GIE SESAM Vitale,391722881,,SIREN_ENRICHED,Digital Workplace & Collaboration,2018-05-14,24.0,2020-05-14,0.03344826079270724,0.05834403194478999,Low,model-estimated recurrence probability,False,72.0,1,37.68,LogLogisticAFT
BOAMP:17-97519,SIREN:214402042,Ville de Thouaré-sur-Loire,214402042,,SIREN_ENRICHED,Digital Workplace & Collaboration,2017-07-07,48.0,2021-07-07,0.024245857129871706,0.042594056073104736,Low,duration imputed,False,72.0,1,51.81,LogLogisticAFT
BOAMP:17-97609,SIREN:284400017,SDIS 44,284400017,,SIREN_ENRICHED,Cybersecurity,2017-07-07,48.0,2021-07-07,0.023435253124156286,0.04119592131570127,Low,duration imputed,False,35.0,1,44.51,LogLogisticAFT
BOAMP:17-94724,SIREN:214401846,Commune de Saint-Nazaire,214401846,,SIREN_ENRICHED,Telecom & Networks,2017-10-03,36.0,2020-10-03,0.027841340644088497,0.04877443528511338,Low,model-estimated recurrence probability,False,32.0,0,105.16,LogLogisticAFT
BOAMP:17-98996,SIREN:214401622,Commune de Saint-Herblain,214401622,,SIREN_ENRICHED,IT Services & Consulting,2017-07-11,36.0,2020-07-11,0.034333708174291044,0.0598477166727428,Low,model-estimated recurrence probability,False,72.0,0,107.92,LogLogisticAFT
BOAMP:17-96902,SIREN:214401846,Commune de Saint-Nazaire,214401846,,SIREN_ENRICHED,Software & Applications,2017-07-13,48.0,2021-07-13,0.019394299668187842,0.034199735656236796,Low,model-estimated recurrence probability,False,48.0,0,107.85,LogLogisticAFT
BOAMP:17-82154,SIREN:794304097,Nantes Métropole,794304097,,SIREN_ENRICHED,Unknown,2017-07-13,36.0,2020-07-13,0.027194726121045454,0.047665487321969846,Low,model-estimated recurrence probability,False,79.0,0,107.85,LogLogisticAFT
BOAMP:17-100085,SIREN:244900015,Angers Loire Métropole,244900015,,SIREN_ENRICHED,Unknown,2017-11-10,24.0,2019-11-10,0.031038904017952174,0.05424201273731466,Low,model-estimated recurrence probability,False,42.0,0,103.91,LogLogisticAFT
BOAMP:17-101340,NAME:crous rennes,CROUS de Rennes,,,NAME,Telecom & Networks,2017-07-15,48.0,2021-07-15,0.01633875471263857,0.028880312706942246,Low,duration imputed,False,32.0,0,107.79,LogLogisticAFT
BOAMP:17-102708,SIREN:234400034,Conseil régional des Pays de la Loire,234400034,,SIREN_ENRICHED,Software & Applications,2017-07-18,36.0,2020-07-18,0.02216094779330713,0.03899443192249841,Low,model-estimated recurrence probability,False,48.0,0,107.69,LogLogisticAFT
BOAMP:17-102482,SIREN:264400136,CHU de Nantes,264400136,,SIREN_ENRICHED,IT Services & Consulting,2017-07-18,48.0,2021-07-18,0.028432472402643127,0.04978725991995003,Low,duration imputed,False,72.0,0,107.69,LogLogisticAFT
BOAMP:17-102187,SIREN:194909701,Université d'Angers,194909701,,SIREN_ENRICHED,Telecom & Networks,2017-07-19,36.0,2020-07-19,0.027841340644088497,0.04877443528511338,Low,model-estimated recurrence probability,False,32.0,1,34.53,LogLogisticAFT
BOAMP:17-100105,SIREN:214401846,Commune de Saint-Nazaire,214401846,,SIREN_ENRICHED,Software & Applications,2017-11-15,12.0,2018-11-15,0.028898035138186673,0.05058428757786171,Low,model-estimated recurrence probability,True,48.0,0,103.75,LogLogisticAFT
BOAMP:17-103193,SIREN:234400034,Conseil régional des Pays de la Loire,234400034,,SIREN_ENRICHED,Software & Applications,2018-03-19,48.0,2022-03-19,0.018318817747475125,0.03233030898756539,Low,duration imputed,True,48.0,0,99.67,LogLogisticAFT
BOAMP:17-102923,SIREN:234400034,Conseil régional des Pays de la Loire,234400034,,SIREN_ENRICHED,Software & Applications,2017-07-20,48.0,2021-07-20,0.019394299668187842,0.034199735656236796,Low,model-estimated recurrence probability,True,48.0,0,107.62,LogLogisticAFT
BOAMP:17-103816,NAME:dirisi,DIRISI,,,NAME,Telecom & Networks,2017-12-20,66.0,2023-06-20,0.014154068180588397,0.02506139509834726,Low,model-estimated recurrence probability,True,32.0,0,102.6,LogLogisticAFT
BOAMP:17-102568,SIREN:524795564,CARENE,524795564,,SIREN_ENRICHED,Software & Applications,2017-07-21,48.0,2021-07-21,0.019394299668187842,0.034199735656236796,Low,model-estimated recurrence probability,False,48.0,0,107.59,LogLogisticAFT
BOAMP:17-104235,SIREN:391722881,GIE SESAM Vitale,391722881,,SIREN_ENRICHED,Software & Applications,2017-07-22,36.0,2020-07-22,0.02216094779330713,0.03899443192249841,Low,model-estimated recurrence probability,False,48.0,0,107.56,LogLogisticAFT
BOAMP:17-104895,SIREN:264900390,Centre Hospitalier de Cholet,264900390,,SIREN_ENRICHED,Cybersecurity,2017-10-09,48.0,2021-10-09,0.023435253124156286,0.04119592131570127,Low,duration imputed,False,35.0,0,104.96,LogLogisticAFT
BOAMP:17-104307,SIREN:214401846,Commune de Saint-Nazaire,214401846,,SIREN_ENRICHED,Unknown,2017-11-09,48.0,2021-11-09,0.023814949286283138,0.04185104252157168,Low,model-estimated recurrence probability,False,39.0,0,103.94,LogLogisticAFT
BOAMP:17-105683,SIREN:247200132,Le Mans Métropole - Communauté Urbaine,247200132,,SIREN_ENRICHED,Software & Applications,2017-12-20,2.0,2018-02-20,0.03225872035137467,0.056320699379015515,Low,model-estimated recurrence probability,False,39.0,0,102.6,LogLogisticAFT
BOAMP:17-106453,SIREN:214401580,Mairie de Saint Etienne de Montluc,214401580,,SIREN_ENRICHED,Telecom & Networks,2017-07-24,48.0,2021-07-24,0.023029392864128084,0.04049522999052613,Low,duration imputed,False,,0,107.49,LogLogisticAFT
BOAMP:17-106009,SIREN:794304097,Nantes Métropole,794304097,,SIREN_ENRICHED,Cybersecurity,2017-11-26,48.0,2021-11-26,0.024812329936956812,0.04357006879968117,Low,model-estimated recurrence probability,False,72.0,0,103.38,LogLogisticAFT
BOAMP:17-106845,SIREN:214900201,Ville de Beaucouzé,214900201,,SIREN_ENRICHED,Unknown,2017-11-08,14.0,2019-01-08,0.034639679770926524,0.060366847566259096,Low,model-estimated recurrence probability,False,45.0,0,103.98,LogLogisticAFT
BOAMP:17-109941,SIREN:214401846,Commune de Saint-Nazaire,214401846,,SIREN_ENRICHED,Software & Applications,2017-11-13,12.0,2018-11-13,0.028898035138186673,0.05058428757786171,Low,model-estimated recurrence probability,False,48.0,0,103.81,LogLogisticAFT
BOAMP:17-110921,SIREN:194401006,Ecole Centrale de Nantes,194401006,,SIREN_ENRICHED,Software & Applications,2017-12-18,48.0,2021-12-18,0.019394299668187842,0.034199735656236796,Low,model-estimated recurrence probability,False,48.0,0,102.66,LogLogisticAFT
BOAMP:17-103068,SIREN:241700434,COMMUNAUTE D AGGLOMERATION LA ROCHELLE,241700434,,SIREN_ENRICHED,Telecom & Networks,2017-08-10,48.0,2021-08-10,0.023029392864128084,0.04049522999052613,Low,duration imputed,False,32.0,0,106.93,LogLogisticAFT
BOAMP:17-115008,SIREN:281700252,SDIS 17,281700252,,SIREN_ENRICHED,Data & AI,2017-08-10,12.0,2018-08-10,0.03812841623245444,0.06626882516785049,Low,model-estimated recurrence probability,False,,0,106.93,LogLogisticAFT
BOAMP:17-114118,SIREN:234400034,Conseil régional des Pays de la Loire,234400034,,SIREN_ENRICHED,Software & Applications,2017-12-28,48.0,2021-12-28,0.0183122753092122,0.032318927188018653,Low,duration imputed,True,48.0,1,45.34,LogLogisticAFT
BOAMP:17-114694,NAME:hop intercommunal baugeois val,HOP INTERCOMMUNAL DU BAUGEOIS ET VAL,,,NAME,Telecom & Networks,2017-12-12,12.0,2018-12-12,0.025813681731964966,0.04529326741980999,Low,model-estimated recurrence probability,False,32.0,0,102.86,LogLogisticAFT
BOAMP:17-111330,SIREN:794304097,Nantes Métropole,794304097,,SIREN_ENRICHED,Cybersecurity,2018-01-16,12.0,2019-01-16,0.03688414325038314,0.06416748785453152,Low,model-estimated recurrence probability,False,72.0,0,101.71,LogLogisticAFT
BOAMP:17-115598,NAME:drac pays loire,DRAC Pays de la Loire,,,NAME,Data & AI,2017-08-12,5.0,2018-01-12,0.029353784983132347,0.051363960599616676,Low,model-estimated recurrence probability,False,92.0,0,106.87,LogLogisticAFT
BOAMP:17-117075,NAME:syndicat mixte dvlpt numerique,SYNDICAT MIXTE POUR LE DVLPT NUMERIQUE,,,NAME,IT Services & Consulting,2017-08-17,48.0,2021-08-17,0.020204562413920324,0.03560608614012839,Low,duration imputed,False,72.0,1,49.61,LogLogisticAFT
BOAMP:17-117591,SIREN:217201540,Commune de La Flèche,217201540,,SIREN_ENRICHED,Unknown,2017-08-18,48.0,2021-08-18,0.022491950093442625,0.03956669028814219,Low,duration imputed,True,45.0,0,106.67,LogLogisticAFT
BOAMP:17-118765,SIREN:234400034,Conseil régional des Pays de la Loire,234400034,,SIREN_ENRICHED,Software & Applications,2017-12-14,12.0,2018-12-14,0.028898035138186673,0.05058428757786171,Low,model-estimated recurrence probability,False,48.0,0,102.79,LogLogisticAFT
BOAMP:17-119142,NAME:prefecture,Préfecture,,,NAME,IT Services & Consulting,2017-08-23,48.0,2021-08-23,0.020204562413920324,0.03560608614012839,Low,duration imputed,False,72.0,0,106.5,LogLogisticAFT
BOAMP:17-120212,SIREN:234400034,Conseil régional des Pays de la Loire,234400034,,SIREN_ENRICHED,IT Services & Consulting,2017-12-15,12.0,2018-12-15,0.044602604726004524,0.077138049007075,Low,model-estimated recurrence probability,True,72.0,0,102.76,LogLogisticAFT
BOAMP:17-115928,NAME:ademe,ADEME,,,NAME,IT Services & Consulting,2018-04-24,48.0,2022-04-24,0.02140358027303413,0.037683937865293005,Low,model-estimated recurrence probability,False,72.0,0,98.49,LogLogisticAFT
BOAMP:17-120545,NAME:e collectivites vendee,e-Collectivités Vendée,,,NAME,IT Services & Consulting,2017-11-06,12.0,2018-11-06,0.03184870657633987,0.05562243195124161,Low,model-estimated recurrence probability,False,72.0,0,104.04,LogLogisticAFT
BOAMP:17-123450,SIREN:935367433,Conseil départemental Loire-Atlantique,935367433,,SIREN_ENRICHED,Software & Applications,2017-09-03,48.0,2021-09-03,0.019394299668187842,0.034199735656236796,Low,model-estimated recurrence probability,False,48.0,0,106.14,LogLogisticAFT
BOAMP:17-123584,SIREN:200006971,Communauté de Communes du Perche,200006971,,SIREN_ENRICHED,Data & AI,2017-12-04,7.0,2018-07-04,0.04026477706786413,0.0698673835489888,Low,model-estimated recurrence probability,True,45.0,0,103.12,LogLogisticAFT
BOAMP:17-123367,SIREN:865800767,Loire Ocean developpement,865800767,,SIREN_ENRICHED,Unknown,2017-12-12,96.0,2025-12-12,0.013952444730590985,0.024708291882437616,Low,model-estimated recurrence probability,False,45.0,0,102.86,LogLogisticAFT
BOAMP:17-124242,SIREN:287200265,SDIS de la Sarthe,287200265,,SIREN_ENRICHED,Cybersecurity,2017-10-27,48.0,2021-10-27,0.023435253124156286,0.04119592131570127,Low,duration imputed,False,35.0,0,104.37,LogLogisticAFT
BOAMP:17-123595,SIREN:244400404,METROPOLE NANTES METROPOLE,244400404,,SIREN_ENRICHED,Telecom & Networks,2018-01-18,12.0,2019-01-18,0.03625401686724883,0.06310179310138797,Low,model-estimated recurrence probability,False,44.0,0,101.64,LogLogisticAFT
BOAMP:17-124586,SIREN:194909701,Université d'Angers,194909701,,SIREN_ENRICHED,IT Services & Consulting,2017-12-15,36.0,2020-12-15,0.034333708174291044,0.0598477166727428,Low,model-estimated recurrence probability,False,72.0,1,33.15,LogLogisticAFT
BOAMP:17-128615,SIREN:924405756,INSERM,924405756,,SIREN_ENRICHED,IT Services & Consulting,2017-09-14,24.0,2019-09-14,0.03914642566438664,0.06798506496656087,Low,model-estimated recurrence probability,False,72.0,0,105.78,LogLogisticAFT
BOAMP:17-129931,NAME:cmar pays loire,CMAR Pays de La Loire,,,NAME,IT Services & Consulting,2017-09-17,48.0,2021-09-17,0.021395960145133563,0.03767074470622889,Low,model-estimated recurrence probability,False,72.0,0,105.68,LogLogisticAFT
BOAMP:17-127198,SIREN:524795564,CARENE,524795564,,SIREN_ENRICHED,Unknown,2017-12-19,12.0,2018-12-19,0.035406707229034495,0.06166716150305063,Low,model-estimated recurrence probability,False,44.0,0,102.63,LogLogisticAFT
BOAMP:17-130980,NAME:e collectivites vendee,e-Collectivités Vendée,,,NAME,IT Services & Consulting,2017-09-17,48.0,2021-09-17,0.021395960145133563,0.03767074470622889,Low,model-estimated recurrence probability,False,72.0,0,105.68,LogLogisticAFT
BOAMP:17-117419,NAME:dsna,DSNA,,,NAME,Telecom & Networks,2017-12-13,48.0,2021-12-13,0.017306224638020784,0.030567331255431984,Low,model-estimated recurrence probability,False,32.0,0,102.83,LogLogisticAFT
BOAMP:17-133782,SIREN:214401325,Ville de Pornichet,214401325,,SIREN_ENRICHED,IT Services & Consulting,2017-09-22,12.0,2018-09-22,0.044602604726004524,0.077138049007075,Low,model-estimated recurrence probability,False,72.0,0,105.52,LogLogisticAFT
BOAMP:17-135447,SIREN:130029747,Université de Nantes,130029747,,SIREN_ENRICHED,Data & AI,2017-09-26,48.0,2021-09-26,0.024245857129871706,0.042594056073104736,Low,duration imputed,False,,0,105.39,LogLogisticAFT
BOAMP:17-134575,SIREN:110006012,Ministère des Affaires étrangères,110006012,,SIREN_ENRICHED,Cybersecurity,2018-01-16,48.0,2022-01-16,0.024821135937043493,0.043585234461804956,Low,model-estimated recurrence probability,False,72.0,0,101.71,LogLogisticAFT
BOAMP:17-135932,SIREN:188500490,Chambre de Commerce et d'Industrie,188500490,,SIREN_ENRICHED,Unknown,2017-09-28,48.0,2021-09-28,0.022491950093442625,0.03956669028814219,Low,duration imputed,False,45.0,0,105.32,LogLogisticAFT
BOAMP:17-136551,SIREN:130001704,DIR INTERDEPARTEMENTALE ROUTES OUEST,130001704,,SIREN_ENRICHED,IT Services & Consulting,2017-09-30,48.0,2021-09-30,0.030094141427807086,0.05262935409621816,Low,model-estimated recurrence probability,False,72.0,0,105.26,LogLogisticAFT
BOAMP:17-130666,NAME:ademe,ADEME,,,NAME,IT Maintenance & Support,2017-10-01,48.0,2021-10-01,0.018226018100857555,0.03216885573055295,Low,model-estimated recurrence probability,False,72.0,0,105.22,LogLogisticAFT
BOAMP:17-138140,SIREN:214400558,Commune de La Baule,214400558,,SIREN_ENRICHED,Telecom & Networks,2018-01-02,12.0,2019-01-02,0.03625401686724883,0.06310179310138797,Low,model-estimated recurrence probability,False,32.0,0,102.17,LogLogisticAFT
BOAMP:17-140377,SIREN:234400034,Conseil régional des Pays de la Loire,234400034,,SIREN_ENRICHED,Cybersecurity,2017-12-14,24.0,2019-12-14,0.03232880765169599,0.05644001627239836,Low,model-estimated recurrence probability,False,72.0,0,102.79,LogLogisticAFT
BOAMP:17-141116,SIREN:217500016,Ville du Mans,217500016,,SIREN_ENRICHED,Telecom & Networks,2017-10-06,48.0,2021-10-06,0.023029392864128084,0.04049522999052613,Low,duration imputed,False,18.0,1,58.31,LogLogisticAFT
BOAMP:17-140760,NAME:plate forme achats finances nord est,Plate Forme Achats Finances Nord Est,,,NAME,Cybersecurity,2017-10-08,12.0,2018-10-08,0.026267291823366845,0.04607299302119605,Low,model-estimated recurrence probability,False,35.0,0,104.99,LogLogisticAFT
BOAMP:17-140948,SIREN:234400034,Conseil régional des Pays de la Loire,234400034,,SIREN_ENRICHED,Software & Applications,2017-12-30,48.0,2021-12-30,0.0183122753092122,0.032318927188018653,Low,duration imputed,True,48.0,1,45.27,LogLogisticAFT
BOAMP:17-142028,SIREN:130029747,Université de Nantes,130029747,,SIREN_ENRICHED,IT Services & Consulting,2017-10-11,47.0,2021-09-11,0.030427148918585667,0.05319804827580932,Low,model-estimated recurrence probability,False,72.0,0,104.89,LogLogisticAFT
BOAMP:17-142035,SIREN:234400034,Conseil régional des Pays de la Loire,234400034,,SIREN_ENRICHED,Software & Applications,2017-12-26,48.0,2021-12-26,0.019394299668187842,0.034199735656236796,Low,model-estimated recurrence probability,True,48.0,0,102.4,LogLogisticAFT
BOAMP:17-144102,SIREN:130029747,Université de Nantes,130029747,,SIREN_ENRICHED,Cybersecurity,2018-02-01,48.0,2022-02-01,0.023443582143012343,0.041210296202708996,Low,duration imputed,False,35.0,0,101.18,LogLogisticAFT
BOAMP:17-143241,SIREN:794304097,Nantes Métropole,794304097,,SIREN_ENRICHED,Software & Applications,2018-06-20,60.0,2023-06-20,0.016973126250825143,0.029986780788282097,Low,model-estimated recurrence probability,True,48.0,0,96.62,LogLogisticAFT
BOAMP:17-148560,NAME:cc pays chantonnay,CC DU PAYS DE CHANTONNAY,,,NAME,IT Services & Consulting,2017-10-22,48.0,2021-10-22,0.021395960145133563,0.03767074470622889,Low,model-estimated recurrence probability,False,72.0,0,104.53,LogLogisticAFT
BOAMP:17-147216,SIREN:865800767,Loire Ocean developpement,865800767,,SIREN_ENRICHED,Unknown,2017-10-23,54.0,2022-04-23,0.022282316880213204,0.03920429688305982,Low,model-estimated recurrence probability,False,45.0,0,104.5,LogLogisticAFT
BOAMP:17-152746,NAME:ctre hosp universitaire angers,CTRE HOSP UNIVERSITAIRE ANGERS,,,NAME,Software & Applications,2017-12-08,48.0,2021-12-08,0.013744892718904778,0.024344689678630238,Low,model-estimated recurrence probability,True,48.0,0,102.99,LogLogisticAFT
BOAMP:17-155889,SIREN:180092025,Institut Mines-Télécom Atlantique,180092025,,SIREN_ENRICHED,Telecom & Networks,2018-02-09,6.0,2018-08-09,0.038709609032019476,0.06724897363471793,Low,model-estimated recurrence probability,False,32.0,0,100.92,LogLogisticAFT
BOAMP:17-158731,SIREN:228500013,Département de la Vendée,228500013,,SIREN_ENRICHED,IT Services & Consulting,2018-02-27,48.0,2022-02-27,0.0284425257336397,0.04980447694308887,Low,duration imputed,False,72.0,1,60.94,LogLogisticAFT
BOAMP:17-159373,SIREN:264400136,CHU de Nantes,264400136,,SIREN_ENRICHED,IT Services & Consulting,2018-04-03,48.0,2022-04-03,0.030104764096626213,0.05264749949444758,Low,model-estimated recurrence probability,False,72.0,1,50.66,LogLogisticAFT
BOAMP:17-158224,SIREN:794304097,Nantes Métropole,794304097,,SIREN_ENRICHED,Software & Applications,2018-04-24,48.0,2022-04-24,0.019401221042040562,0.03421175640503915,Low,model-estimated recurrence probability,True,48.0,0,98.49,LogLogisticAFT
BOAMP:17-159853,SIREN:244900015,Angers Loire Métropole,244900015,,SIREN_ENRICHED,IT Services & Consulting,2017-11-13,36.0,2020-11-13,0.034333708174291044,0.0598477166727428,Low,model-estimated recurrence probability,False,72.0,0,103.81,LogLogisticAFT
BOAMP:17-161917,SIREN:935367433,Conseil départemental Loire-Atlantique,935367433,,SIREN_ENRICHED,IT Maintenance & Support,2017-11-18,12.0,2018-11-18,0.03812841623245444,0.06626882516785049,Low,model-estimated recurrence probability,False,72.0,1,11.24,LogLogisticAFT
BOAMP:17-161006,SIREN:244900015,Angers Loire Métropole,244900015,,SIREN_ENRICHED,Software & Applications,2018-11-21,48.0,2022-11-21,0.019401221042040562,0.03421175640503915,Low,model-estimated recurrence probability,False,48.0,0,91.56,LogLogisticAFT
BOAMP:17-163707,SIREN:391722881,GIE SESAM Vitale,391722881,,SIREN_ENRICHED,IT Services & Consulting,2017-11-22,24.0,2019-11-22,0.03914642566438664,0.06798506496656087,Low,model-estimated recurrence probability,False,72.0,0,103.52,LogLogisticAFT
BOAMP:17-161606,SIREN:524795564,CARENE,524795564,,SIREN_ENRICHED,Telecom & Networks,2017-11-23,48.0,2021-11-23,0.023029392864128084,0.04049522999052613,Low,duration imputed,False,32.0,0,103.48,LogLogisticAFT
BOAMP:17-165149,NAME:oniris,ONIRIS,,,NAME,Digital Workplace & Collaboration,2017-11-25,12.0,2018-11-25,0.027173127769058114,0.047628426860048534,Low,model-estimated recurrence probability,False,72.0,0,103.42,LogLogisticAFT
BOAMP:17-165815,NAME:dreal bretagne,DREAL BRETAGNE,,,NAME,Software & Applications,2018-06-05,48.0,2022-06-05,0.013749826220866956,0.024353333855926973,Low,model-estimated recurrence probability,True,48.0,0,97.11,LogLogisticAFT
BOAMP:17-165817,NAME:dreal bretagne,DREAL BRETAGNE,,,NAME,Software & Applications,2018-05-18,48.0,2022-05-18,0.013749826220866956,0.024353333855926973,Low,model-estimated recurrence probability,True,48.0,0,97.7,LogLogisticAFT
BOAMP:17-166932,SIREN:130025158,Casier judiciaire national,130025158,,SIREN_ENRICHED,Telecom & Networks,2017-11-27,48.0,2021-11-27,0.023029392864128084,0.04049522999052613,Low,duration imputed,False,32.0,0,103.35,LogLogisticAFT
BOAMP:17-167643,SIREN:935367433,Conseil départemental Loire-Atlantique,935367433,,SIREN_ENRICHED,Telecom & Networks,2017-11-28,12.0,2018-11-28,0.03624130547055482,0.06308028446345171,Low,model-estimated recurrence probability,False,32.0,0,103.32,LogLogisticAFT
BOAMP:17-167707,SIREN:794304097,Nantes Métropole,794304097,,SIREN_ENRICHED,Software & Applications,2017-11-28,48.0,2021-11-28,0.019394299668187842,0.034199735656236796,Low,model-estimated recurrence probability,True,48.0,1,46.88,LogLogisticAFT
BOAMP:17-168569,SIREN:794304097,Nantes Métropole,794304097,,SIREN_ENRICHED,GIS & Mapping,2017-11-29,48.0,2021-11-29,0.024245857129871706,0.042594056073104736,Low,duration imputed,False,72.0,1,50.39,LogLogisticAFT
BOAMP:17-171316,SIREN:234400034,Conseil régional des Pays de la Loire,234400034,,SIREN_ENRICHED,Cybersecurity,2018-03-22,48.0,2022-03-22,0.024821135937043493,0.043585234461804956,Low,model-estimated recurrence probability,False,72.0,0,99.57,LogLogisticAFT
BOAMP:17-172862,SIREN:528848153,ALTER Public,528848153,,SIREN_ENRICHED,Digital Workplace & Collaboration,2017-12-08,72.0,2023-12-08,0.01966970170170501,0.034677942288298236,Low,model-estimated recurrence probability,False,72.0,0,102.99,LogLogisticAFT
BOAMP:17-173975,SIREN:234400034,Conseil régional des Pays de la Loire,234400034,,SIREN_ENRICHED,Software & Applications,2018-06-06,24.0,2020-06-06,0.02532105685715036,0.04444585708961912,Low,model-estimated recurrence probability,True,48.0,0,97.08,LogLogisticAFT
BOAMP:17-174760,SIREN:284400017,SDIS 44,284400017,,SIREN_ENRICHED,Cybersecurity,2018-01-30,48.0,2022-01-30,0.023443582143012343,0.041210296202708996,Low,duration imputed,False,35.0,0,101.25,LogLogisticAFT
BOAMP:17-173663,SIREN:794304097,Nantes Métropole,794304097,,SIREN_ENRICHED,Software & Applications,2017-12-16,60.0,2022-12-16,0.016967056110306244,0.02997619846398758,Low,model-estimated recurrence probability,True,48.0,0,102.73,LogLogisticAFT
BOAMP:17-176560,SIREN:285300018,Sdis de la Mayenne,285300018,,SIREN_ENRICHED,Cybersecurity,2018-03-06,24.0,2020-03-06,0.0323401928145689,0.05645939720101589,Low,model-estimated recurrence probability,False,35.0,1,32.26,LogLogisticAFT
BOAMP:17-177418,SIREN:214401846,Commune de Saint-Nazaire,214401846,,SIREN_ENRICHED,Telecom & Networks,2017-12-20,48.0,2021-12-20,0.02438321642178498,0.04283080005741957,Low,model-estimated recurrence probability,False,32.0,0,102.6,LogLogisticAFT
BOAMP:17-129614,SIREN:794304097,Nantes Métropole,794304097,,SIREN_ENRICHED,Cybersecurity,2017-12-21,48.0,2021-12-21,0.024812329936956812,0.04357006879968117,Low,model-estimated recurrence probability,False,72.0,0,102.56,LogLogisticAFT
BOAMP:17-179962,SIREN:234400034,Conseil régional des Pays de la Loire,234400034,,SIREN_ENRICHED,Telecom & Networks,2017-12-21,6.0,2018-06-21,0.038696071224563866,0.0672261528353848,Low,model-estimated recurrence probability,False,45.0,1,6.57,LogLogisticAFT
BOAMP:17-178496,SIREN:214401846,Commune de Saint-Nazaire,214401846,,SIREN_ENRICHED,Telecom & Networks,2017-12-21,48.0,2021-12-21,0.023029392864128084,0.04049522999052613,Low,duration imputed,False,32.0,0,102.56,LogLogisticAFT
BOAMP:17-179112,SIREN:794304097,Nantes Métropole,794304097,,SIREN_ENRICHED,IT Services & Consulting,2017-12-22,48.0,2021-12-22,0.030094141427807086,0.05262935409621816,Low,model-estimated recurrence probability,True,72.0,0,102.53,LogLogisticAFT
BOAMP:18-265,SIREN:234400034,Conseil régional des Pays de la Loire,234400034,,SIREN_ENRICHED,Telecom & Networks,2018-06-27,12.0,2019-06-27,0.03625401686724883,0.06310179310138797,Low,model-estimated recurrence probability,False,32.0,0,96.39,LogLogisticAFT
BOAMP:18-546,SIREN:244900015,Angers Loire Métropole,244900015,,SIREN_ENRICHED,Software & Applications,2018-04-25,24.0,2020-04-25,0.02532105685715036,0.04444585708961912,Low,model-estimated recurrence probability,False,48.0,0,98.46,LogLogisticAFT
BOAMP:18-2518,SIREN:264400136,CHU de Nantes,264400136,,SIREN_ENRICHED,IT Services & Consulting,2018-01-09,12.0,2019-01-09,0.04461811302205232,0.07716395618198213,Low,model-estimated recurrence probability,False,72.0,0,101.94,LogLogisticAFT
BOAMP:18-4239,SIREN:200067346,CA PORNIC AGGLO PAYS DE RETZ,200067346,,SIREN_ENRICHED,Cybersecurity,2018-03-19,12.0,2019-03-19,0.03688414325038314,0.06416748785453152,Low,model-estimated recurrence probability,False,35.0,0,99.67,LogLogisticAFT
BOAMP:18-6884,SIREN:264400136,CHU de Nantes,264400136,,SIREN_ENRICHED,IT Services & Consulting,2018-01-16,12.0,2019-01-16,0.04461811302205232,0.07716395618198213,Low,model-estimated recurrence probability,True,72.0,0,101.71,LogLogisticAFT
BOAMP:18-6138,SIREN:284400017,SDIS 44,284400017,,SIREN_ENRICHED,Software & Applications,2018-04-12,48.0,2022-04-12,0.019401221042040562,0.03421175640503915,Low,model-estimated recurrence probability,True,48.0,0,98.88,LogLogisticAFT
BOAMP:18-3854,SIREN:218501914,VILLE DE LA ROCHE SUR YON,218501914,,SIREN_ENRICHED,Unknown,2018-04-05,3.0,2018-07-05,0.039078958539672914,0.06787140651587054,Low,model-estimated recurrence probability,False,44.0,0,99.11,LogLogisticAFT
BOAMP:18-8070,SIREN:244900015,Angers Loire Métropole,244900015,,SIREN_ENRICHED,IT Services & Consulting,2018-01-18,36.0,2021-01-18,0.034345774338040536,0.0598681935246671,Low,model-estimated recurrence probability,False,72.0,0,101.64,LogLogisticAFT
BOAMP:18-8615,NAME:gcs esante pays loire,GCS eSanté Pays de la Loire,,,NAME,IT Services & Consulting,2018-06-04,48.0,2022-06-04,0.020211766991570235,0.03561858297207099,Low,duration imputed,False,72.0,0,97.14,LogLogisticAFT
BOAMP:18-8280,SIREN:248500589,LA ROCHE-SUR-YON AGGLOMERATION,248500589,,SIREN_ENRICHED,Software & Applications,2018-05-02,48.0,2022-05-02,0.019401221042040562,0.03421175640503915,Low,model-estimated recurrence probability,False,48.0,0,98.23,LogLogisticAFT
BOAMP:18-8879,SIREN:391722881,GIE SESAM Vitale,391722881,,SIREN_ENRICHED,IT Services & Consulting,2019-01-11,24.0,2021-01-11,0.03917380814709159,0.06803119149487658,Low,model-estimated recurrence probability,False,72.0,1,46.75,LogLogisticAFT
BOAMP:18-10415,SIREN:130029747,Université de Nantes,130029747,,SIREN_ENRICHED,Cybersecurity,2018-04-23,30.0,2020-10-23,0.03027592683602398,0.05293983471494923,Low,model-estimated recurrence probability,False,35.0,0,98.52,LogLogisticAFT
BOAMP:18-9170,SIREN:248500415,Communauté Communes La Chataigneraie,248500415,,SIREN_ENRICHED,Software & Applications,2018-06-28,48.0,2022-06-28,0.019401221042040562,0.03421175640503915,Low,model-estimated recurrence probability,True,48.0,0,96.35,LogLogisticAFT
BOAMP:18-11225,SIREN:794304097,Nantes Métropole,794304097,,SIREN_ENRICHED,IT Services & Consulting,2018-01-27,48.0,2022-01-27,0.030104764096626213,0.05264749949444758,Low,model-estimated recurrence probability,True,72.0,1,49.64,LogLogisticAFT
BOAMP:18-12557,SIREN:381053768,La Cité des Congrès de Nantes,381053768,,SIREN_ENRICHED,Telecom & Networks,2018-01-28,12.0,2019-01-28,0.03625401686724883,0.06310179310138797,Low,model-estimated recurrence probability,False,32.0,0,101.31,LogLogisticAFT
BOAMP:18-12119,SIREN:234400034,Conseil régional des Pays de la Loire,234400034,,SIREN_ENRICHED,IT Services & Consulting,2018-04-27,48.0,2022-04-27,0.0284425257336397,0.04980447694308887,Low,duration imputed,False,72.0,0,98.39,LogLogisticAFT
BOAMP:18-13131,NAME:cte communes erdre gesvres,Cté de Communes d'Erdre et Gesvres,,,NAME,Software & Applications,2018-01-29,39.0,2021-04-29,0.01520587837919063,0.02690162734333934,Low,model-estimated recurrence probability,True,48.0,0,101.28,LogLogisticAFT
BOAMP:18-13243,SIREN:194909701,Université d'Angers,194909701,,SIREN_ENRICHED,IT Services & Consulting,2018-04-17,48.0,2022-04-17,0.030104764096626213,0.05264749949444758,Low,model-estimated recurrence probability,False,72.0,0,98.72,LogLogisticAFT
BOAMP:18-14081,NAME:cdc pays saint gilles cx vie,CDC du Pays de Saint Gilles Cx de Vie,,,NAME,Software & Applications,2018-02-02,48.0,2022-02-02,0.013749826220866956,0.024353333855926973,Low,model-estimated recurrence probability,True,48.0,0,101.15,LogLogisticAFT
BOAMP:18-15680,SIREN:214401846,Commune de Saint-Nazaire,214401846,,SIREN_ENRICHED,IT Services & Consulting,2018-02-07,48.0,2022-02-07,0.030104764096626213,0.05264749949444758,Low,model-estimated recurrence probability,True,72.0,0,100.99,LogLogisticAFT
BOAMP:18-17886,SIREN:228500013,Département de la Vendée,228500013,,SIREN_ENRICHED,IT Services & Consulting,2018-05-31,12.0,2019-05-31,0.04461811302205232,0.07716395618198213,Low,model-estimated recurrence probability,False,72.0,0,97.27,LogLogisticAFT
BOAMP:18-18750,NAME:comsopgn,COMSOPGN,,,NAME,Telecom & Networks,2018-02-08,12.0,2019-02-08,0.025822833705490877,0.04530900447021824,Low,model-estimated recurrence probability,False,,0,100.95,LogLogisticAFT
BOAMP:18-18602,SIREN:130029747,Université de Nantes,130029747,,SIREN_ENRICHED,IT Services & Consulting,2018-06-14,48.0,2022-06-14,0.030104764096626213,0.05264749949444758,Low,model-estimated recurrence probability,False,72.0,0,96.81,LogLogisticAFT
BOAMP:18-21470,NAME:ville evron,Ville d'Evron,,,NAME,Telecom & Networks,2018-06-05,48.0,2022-06-05,0.017312413982637942,0.03057811568555957,Low,model-estimated recurrence probability,False,32.0,0,97.11,LogLogisticAFT
BOAMP:18-22345,NAME:uniha gcs,UniHA GCS,,,NAME,IT Services & Consulting,2018-02-17,12.0,2019-02-17,0.031859928229823975,0.05564154868548543,Low,model-estimated recurrence probability,False,72.0,0,100.66,LogLogisticAFT
BOAMP:18-22305,NAME:uniha gcs,UniHA GCS,,,NAME,IT Services & Consulting,2018-02-17,12.0,2019-02-17,0.031859928229823975,0.05564154868548543,Low,model-estimated recurrence probability,False,72.0,0,100.66,LogLogisticAFT
BOAMP:18-25344,NAME:conseil general vendee,Conseil général de la Vendée,,,NAME,GIS & Mapping,2018-02-21,3.0,2018-05-21,0.03001799798285587,0.05249927890371908,Low,model-estimated recurrence probability,False,,0,100.53,LogLogisticAFT
BOAMP:18-25585,SIREN:244900015,Angers Loire Métropole,244900015,,SIREN_ENRICHED,Telecom & Networks,2018-02-22,12.0,2019-02-22,0.03625401686724883,0.06310179310138797,Low,model-estimated recurrence probability,False,32.0,0,100.49,LogLogisticAFT
BOAMP:18-26430,SIREN:391722881,GIE SESAM Vitale,391722881,,SIREN_ENRICHED,IT Services & Consulting,2019-01-11,48.0,2023-01-11,0.03011539039862432,0.052665650801009156,Low,model-estimated recurrence probability,True,72.0,1,46.75,LogLogisticAFT
BOAMP:18-26654,NAME:gip vendee numerique,GIP Vendée Numérique,,,NAME,Telecom & Networks,2019-07-01,48.0,2023-07-01,0.01635045496483367,0.028900730151900755,Low,duration imputed,False,32.0,0,84.26,LogLogisticAFT
BOAMP:18-26824,SIREN:234400034,Conseil régional des Pays de la Loire,234400034,,SIREN_ENRICHED,Digital Workplace & Collaboration,2018-06-25,12.0,2019-06-25,0.038141763325635236,0.06629134408558535,Low,model-estimated recurrence probability,False,72.0,0,96.45,LogLogisticAFT
BOAMP:18-27476,SIREN:194909701,Université d'Angers,194909701,,SIREN_ENRICHED,Telecom & Networks,2018-06-01,12.0,2019-06-01,0.03625401686724883,0.06310179310138797,Low,model-estimated recurrence probability,False,32.0,1,4.63,LogLogisticAFT
BOAMP:18-29896,NAME:cnieg,CNIEG,,,NAME,IT Services & Consulting,2018-03-02,48.0,2022-03-02,0.020211766991570235,0.03561858297207099,Low,duration imputed,False,72.0,0,100.23,LogLogisticAFT
BOAMP:18-28651,SIREN:794304097,Nantes Métropole,794304097,,SIREN_ENRICHED,IT Services & Consulting,2018-03-03,60.0,2023-03-03,0.026373130778969522,0.04625484434510774,Low,model-estimated recurrence probability,True,72.0,0,100.2,LogLogisticAFT
BOAMP:18-28473,NAME:ademe,ADEME,,,NAME,IT Services & Consulting,2018-03-03,12.0,2019-03-03,0.031859928229823975,0.05564154868548543,Low,model-estimated recurrence probability,False,72.0,0,100.2,LogLogisticAFT
BOAMP:18-30222,SIREN:234400034,Conseil régional des Pays de la Loire,234400034,,SIREN_ENRICHED,Digital Workplace & Collaboration,2018-07-12,12.0,2019-07-12,0.038141763325635236,0.06629134408558535,Low,model-estimated recurrence probability,False,72.0,0,95.89,LogLogisticAFT
BOAMP:18-30024,SIREN:244900015,Angers Loire Métropole,244900015,,SIREN_ENRICHED,Software & Applications,2018-10-15,60.0,2023-10-15,0.016973126250825143,0.029986780788282097,Low,model-estimated recurrence probability,False,48.0,0,92.77,LogLogisticAFT
BOAMP:18-32739,SIREN:214400558,Commune de La Baule,214400558,,SIREN_ENRICHED,Telecom & Networks,2018-03-08,12.0,2019-03-08,0.03625401686724883,0.06310179310138797,Low,model-estimated recurrence probability,False,32.0,0,100.03,LogLogisticAFT
BOAMP:18-31687,SIREN:234400034,Conseil régional des Pays de la Loire,234400034,,SIREN_ENRICHED,Software & Applications,2018-06-28,48.0,2022-06-28,0.019401221042040562,0.03421175640503915,Low,model-estimated recurrence probability,False,48.0,0,96.35,LogLogisticAFT
BOAMP:18-31507,NAME:laval spla,LAVAL SPLA,,,NAME,Unknown,2018-05-14,11.0,2019-04-14,0.025502393690602143,0.044757866848499805,Low,model-estimated recurrence probability,False,45.0,0,97.83,LogLogisticAFT
BOAMP:18-34848,NAME:spic arena loire trelaze,SPIC - ARENA LOIRE TRELAZE,,,NAME,Unknown,2018-03-14,48.0,2022-03-14,0.015960617029641133,0.028220245336928684,Low,duration imputed,False,79.0,0,99.84,LogLogisticAFT
BOAMP:18-35039,SIREN:180043010,Réseau Canopé,180043010,,SIREN_ENRICHED,Unknown,2018-09-11,12.0,2019-09-11,0.03541913665407437,0.061688220029829544,Low,model-estimated recurrence probability,False,79.0,0,93.89,LogLogisticAFT
BOAMP:18-35804,NAME:ccir pays loire,CCIR Pays de la Loire,,,NAME,IT Hardware & Equipment,2018-03-16,48.0,2022-03-16,0.017214184206454375,0.030406945996763413,Low,duration imputed,False,30.0,0,99.77,LogLogisticAFT
BOAMP:18-37425,SIREN:130029747,Université de Nantes,130029747,,SIREN_ENRICHED,IT Services & Consulting,2018-07-03,48.0,2022-07-03,0.030104764096626213,0.05264749949444758,Low,model-estimated recurrence probability,False,72.0,0,96.19,LogLogisticAFT
BOAMP:18-36652,SIREN:214401846,Commune de Saint-Nazaire,214401846,,SIREN_ENRICHED,Software & Applications,2018-03-20,48.0,2022-03-20,0.019401221042040562,0.03421175640503915,Low,model-estimated recurrence probability,True,48.0,0,99.64,LogLogisticAFT
BOAMP:18-38804,SIREN:214400558,Commune de La Baule,214400558,,SIREN_ENRICHED,Telecom & Networks,2018-03-20,48.0,2022-03-20,0.023037581040799116,0.04050937070865901,Low,duration imputed,False,32.0,0,99.64,LogLogisticAFT
BOAMP:18-38591,SIREN:214401846,Commune de Saint-Nazaire,214401846,,SIREN_ENRICHED,Software & Applications,2018-03-21,48.0,2022-03-21,0.019401221042040562,0.03421175640503915,Low,model-estimated recurrence probability,True,48.0,0,99.61,LogLogisticAFT
BOAMP:18-37028,SIREN:794304097,Nantes Métropole,794304097,,SIREN_ENRICHED,Telecom & Networks,2018-07-13,72.0,2024-07-13,0.018685108246259907,0.03296735501635062,Low,model-estimated recurrence probability,False,32.0,0,95.86,LogLogisticAFT
BOAMP:18-38747,SIREN:217500016,Ville du Mans,217500016,,SIREN_ENRICHED,GIS & Mapping,2018-08-30,12.0,2019-08-30,0.038141763325635236,0.06629134408558535,Low,model-estimated recurrence probability,False,75.0,0,94.28,LogLogisticAFT
BOAMP:18-40625,SIREN:244900015,Angers Loire Métropole,244900015,,SIREN_ENRICHED,Telecom & Networks,2018-03-23,48.0,2022-03-23,0.024391873936940422,0.042845719925756476,Low,model-estimated recurrence probability,False,32.0,0,99.54,LogLogisticAFT
BOAMP:18-40176,SIREN:391722881,GIE SESAM Vitale,391722881,,SIREN_ENRICHED,Software & Applications,2018-03-24,24.0,2020-03-24,0.02532105685715036,0.04444585708961912,Low,model-estimated recurrence probability,False,48.0,1,28.35,LogLogisticAFT
BOAMP:18-40946,NAME:synd dep energie eqpt vendee,SYND DEP D ENERGIE ET D EQPT DE VENDEE,,,NAME,Telecom & Networks,2018-07-11,48.0,2022-07-11,0.016344603809182234,0.028890519679409254,Low,duration imputed,False,32.0,0,95.93,LogLogisticAFT
BOAMP:18-42613,SIREN:228500013,Département de la Vendée,228500013,,SIREN_ENRICHED,IT Services & Consulting,2018-07-19,12.0,2019-07-19,0.04461811302205232,0.07716395618198213,Low,model-estimated recurrence probability,False,72.0,0,95.66,LogLogisticAFT
BOAMP:18-41248,SIREN:214401846,Commune de Saint-Nazaire,214401846,,SIREN_ENRICHED,Software & Applications,2018-03-30,48.0,2022-03-30,0.019401221042040562,0.03421175640503915,Low,model-estimated recurrence probability,False,48.0,0,99.31,LogLogisticAFT
BOAMP:18-46804,SIREN:234400034,Conseil régional des Pays de la Loire,234400034,,SIREN_ENRICHED,Software & Applications,2018-04-05,12.0,2019-04-05,0.028908248187719865,0.05060176554488682,Low,model-estimated recurrence probability,False,66.0,0,99.11,LogLogisticAFT
BOAMP:18-46346,SIREN:194909701,Université d'Angers,194909701,,SIREN_ENRICHED,Telecom & Networks,2018-10-01,36.0,2021-10-01,0.027851190950734628,0.04879132004591258,Low,model-estimated recurrence probability,False,32.0,0,93.23,LogLogisticAFT
BOAMP:18-41182,NAME:cdc pays saint gilles cx vie,CDC du Pays de Saint Gilles Cx de Vie,,,NAME,IT Hardware & Equipment,2018-07-17,60.0,2023-07-17,0.01594832026631854,0.028198773882778028,Low,model-estimated recurrence probability,False,30.0,0,95.73,LogLogisticAFT
BOAMP:18-51459,SIREN:234400034,Conseil régional des Pays de la Loire,234400034,,SIREN_ENRICHED,Telecom & Networks,2018-04-15,48.0,2022-04-15,0.024391873936940422,0.042845719925756476,Low,model-estimated recurrence probability,False,32.0,0,98.78,LogLogisticAFT
BOAMP:18-43289,NAME:ademe,ADEME,,,NAME,Data & AI,2018-04-18,14.0,2019-06-18,0.026588968286229808,0.046625601613369594,Low,model-estimated recurrence probability,False,72.0,0,98.69,LogLogisticAFT
BOAMP:18-52389,NAME:uniha gcs,UniHA GCS,,,NAME,IT Services & Consulting,2018-04-18,12.0,2019-04-18,0.031859928229823975,0.05564154868548543,Low,model-estimated recurrence probability,False,72.0,0,98.69,LogLogisticAFT
BOAMP:18-55455,NAME:sdis49,SDIS49,,,NAME,IT Services & Consulting,2018-07-24,48.0,2022-07-24,0.02140358027303413,0.037683937865293005,Low,model-estimated recurrence probability,False,72.0,0,95.5,LogLogisticAFT
BOAMP:18-53378,SIREN:794304097,Nantes Métropole,794304097,,SIREN_ENRICHED,IT Services & Consulting,2018-04-20,48.0,2022-04-20,0.030104764096626213,0.05264749949444758,Low,model-estimated recurrence probability,False,72.0,0,98.62,LogLogisticAFT
BOAMP:18-52482,NAME:cdc pays saint gilles cx vie,CDC du Pays de Saint Gilles Cx de Vie,,,NAME,Software & Applications,2018-10-19,48.0,2022-10-19,0.013749826220866956,0.024353333855926973,Low,model-estimated recurrence probability,True,48.0,0,92.64,LogLogisticAFT
BOAMP:18-54467,SIREN:130029747,Université de Nantes,130029747,,SIREN_ENRICHED,IT Services & Consulting,2018-08-21,48.0,2022-08-21,0.030104764096626213,0.05264749949444758,Low,model-estimated recurrence probability,False,72.0,0,94.58,LogLogisticAFT
BOAMP:18-53804,SIREN:794304097,Nantes Métropole,794304097,,SIREN_ENRICHED,Software & Applications,2018-08-21,48.0,2022-08-21,0.019401221042040562,0.03421175640503915,Low,model-estimated recurrence probability,False,48.0,0,94.58,LogLogisticAFT
BOAMP:18-56546,SIREN:794304097,Nantes Métropole,794304097,,SIREN_ENRICHED,Software & Applications,2018-04-24,48.0,2022-04-24,0.019401221042040562,0.03421175640503915,Low,model-estimated recurrence probability,True,48.0,0,98.49,LogLogisticAFT
BOAMP:18-58630,SIREN:227200029,DEPARTEMENT DE LA SARTHE,227200029,,SIREN_ENRICHED,IT Services & Consulting,2018-07-02,48.0,2022-07-02,0.0284425257336397,0.04980447694308887,Low,duration imputed,False,72.0,0,96.22,LogLogisticAFT
BOAMP:18-55179,SIREN:524795564,CARENE,524795564,,SIREN_ENRICHED,Telecom & Networks,2018-04-27,48.0,2022-04-27,0.023037581040799116,0.04050937070865901,Low,duration imputed,True,32.0,0,98.39,LogLogisticAFT
BOAMP:18-57918,NAME:agce enst fr etranger,AGCE POUR L ENST FR A L ETRANGER,,,NAME,IT Services & Consulting,2018-04-27,24.0,2020-04-27,0.0279169958771891,0.048904112010018874,Low,model-estimated recurrence probability,False,72.0,0,98.39,LogLogisticAFT
BOAMP:18-58840,SIREN:381053768,La Cité des Congrès de Nantes,381053768,,SIREN_ENRICHED,IT Hardware & Equipment,2018-04-28,12.0,2019-04-28,0.038141763325635236,0.06629134408558535,Low,model-estimated recurrence probability,False,30.0,0,98.36,LogLogisticAFT
BOAMP:18-61507,SIREN:194401006,ECOLE CENTRALE DE NANTES,194401006,,SIREN_ENRICHED,Software & Applications,2018-05-03,48.0,2022-05-03,0.018318817747475125,0.03233030898756539,Low,duration imputed,True,48.0,0,98.19,LogLogisticAFT
BOAMP:18-60154,SIREN:244900015,Angers Loire Métropole,244900015,,SIREN_ENRICHED,Telecom & Networks,2018-12-06,12.0,2019-12-06,0.03625401686724883,0.06310179310138797,Low,model-estimated recurrence probability,False,32.0,0,91.06,LogLogisticAFT
BOAMP:18-61256,SIREN:794304097,Nantes Métropole,794304097,,SIREN_ENRICHED,IT Services & Consulting,2018-07-10,48.0,2022-07-10,0.030104764096626213,0.05264749949444758,Low,model-estimated recurrence probability,False,72.0,0,95.96,LogLogisticAFT
BOAMP:18-61655,SIREN:794304097,Nantes Métropole,794304097,,SIREN_ENRICHED,Cybersecurity,2018-07-10,48.0,2022-07-10,0.024821135937043493,0.043585234461804956,Low,model-estimated recurrence probability,False,72.0,0,95.96,LogLogisticAFT
BOAMP:18-62528,SIREN:381053768,La Cité des Congrès de Nantes,381053768,,SIREN_ENRICHED,Telecom & Networks,2018-05-06,6.0,2018-11-06,0.038709609032019476,0.06724897363471793,Low,model-estimated recurrence probability,False,32.0,0,98.09,LogLogisticAFT
BOAMP:18-62916,NAME:cdc pays saint gilles cx vie,CDC du Pays de Saint Gilles Cx de Vie,,,NAME,Digital Workplace & Collaboration,2019-06-05,48.0,2023-06-05,0.018239044771353297,0.032191521001246226,Low,model-estimated recurrence probability,False,64.0,0,85.12,LogLogisticAFT
BOAMP:18-66502,NAME:agce enst fr etranger,AGCE POUR L ENST FR A L ETRANGER,,,NAME,IT Services & Consulting,2018-05-16,48.0,2022-05-16,0.02140358027303413,0.037683937865293005,Low,model-estimated recurrence probability,True,72.0,0,97.77,LogLogisticAFT
BOAMP:18-62604,SIREN:214401093,Ville de Nantes,214401093,,SIREN_ENRICHED,Digital Workplace & Collaboration,2018-07-23,48.0,2022-07-23,0.02567841589293407,0.045060648359070754,Low,model-estimated recurrence probability,False,72.0,0,95.53,LogLogisticAFT
BOAMP:18-67939,SIREN:482414216,Le Voyage à Nantes,482414216,,SIREN_ENRICHED,Cybersecurity,2018-05-20,48.0,2022-05-20,0.024821135937043493,0.043585234461804956,Low,model-estimated recurrence probability,False,35.0,0,97.63,LogLogisticAFT
BOAMP:18-66863,SIREN:794304097,Nantes Métropole,794304097,,SIREN_ENRICHED,IT Services & Consulting,2018-08-10,12.0,2019-08-10,0.04461811302205232,0.07716395618198213,Low,model-estimated recurrence probability,False,72.0,1,9.59,LogLogisticAFT
BOAMP:18-70110,SIREN:214401846,Commune de Saint-Nazaire,214401846,,SIREN_ENRICHED,Unknown,2018-05-25,12.0,2019-05-25,0.03541913665407437,0.061688220029829544,Low,model-estimated recurrence probability,False,90.0,0,97.47,LogLogisticAFT
BOAMP:18-71355,SIREN:217500016,Ville du Mans,217500016,,SIREN_ENRICHED,Digital Workplace & Collaboration,2018-10-17,60.0,2023-10-17,0.022482731735863015,0.03955075697310673,Low,model-estimated recurrence probability,False,72.0,0,92.71,LogLogisticAFT
BOAMP:18-71689,SIREN:234400034,Conseil régional des Pays de la Loire,234400034,,SIREN_ENRICHED,Software & Applications,2018-10-08,48.0,2022-10-08,0.019401221042040562,0.03421175640503915,Low,model-estimated recurrence probability,True,48.0,0,93.0,LogLogisticAFT
BOAMP:18-72093,NAME:ccir pays loire,CCIR Pays de la Loire,,,NAME,IT Hardware & Equipment,2018-10-23,48.0,2022-10-23,0.017214184206454375,0.030406945996763413,Low,duration imputed,False,30.0,0,92.51,LogLogisticAFT
BOAMP:18-73364,SIREN:524795564,CARENE,524795564,,SIREN_ENRICHED,IT Services & Consulting,2018-06-01,36.0,2021-06-01,0.034345774338040536,0.0598681935246671,Low,model-estimated recurrence probability,False,72.0,0,97.24,LogLogisticAFT
BOAMP:18-74871,NAME:mairie croisic,Mairie du croisic,,,NAME,Unknown,2018-06-01,12.0,2019-06-01,0.02522188270306347,0.04427518006810094,Low,model-estimated recurrence probability,False,,0,97.24,LogLogisticAFT
BOAMP:18-74252,SIREN:194909701,Université d'Angers,194909701,,SIREN_ENRICHED,Software & Applications,2018-10-25,24.0,2020-10-25,0.02532105685715036,0.04444585708961912,Low,model-estimated recurrence probability,False,48.0,1,22.14,LogLogisticAFT
BOAMP:18-76556,SIREN:264400136,CHU de Nantes,264400136,,SIREN_ENRICHED,IT Services & Consulting,2018-06-06,48.0,2022-06-06,0.0284425257336397,0.04980447694308887,Low,duration imputed,False,72.0,0,97.08,LogLogisticAFT
BOAMP:18-79401,SIREN:234400034,Conseil régional des Pays de la Loire,234400034,,SIREN_ENRICHED,Cybersecurity,2018-10-09,6.0,2019-04-09,0.03938067173796311,0.06837959620313672,Low,model-estimated recurrence probability,False,72.0,1,27.1,LogLogisticAFT
BOAMP:18-79743,SIREN:198513905,LYCEE POLYVALENT LEONARD DE VINCI,198513905,,SIREN_ENRICHED,Telecom & Networks,2018-06-11,48.0,2022-06-11,0.023037581040799116,0.04050937070865901,Low,duration imputed,False,32.0,1,42.84,LogLogisticAFT
BOAMP:18-80935,NAME:cmar pays loire,CMAR Pays de La Loire,,,NAME,Unknown,2018-06-12,48.0,2022-06-12,0.015960617029641133,0.028220245336928684,Low,duration imputed,False,45.0,0,96.88,LogLogisticAFT
BOAMP:18-80158,SIREN:935367433,Conseil départemental Loire-Atlantique,935367433,,SIREN_ENRICHED,IT Services & Consulting,2018-06-13,12.0,2019-06-13,0.04461811302205232,0.07716395618198213,Low,model-estimated recurrence probability,False,72.0,1,28.45,LogLogisticAFT
BOAMP:18-79940,NAME:esat foyers,ESAT Foyers,,,NAME,Software & Applications,2018-06-13,48.0,2022-06-13,0.013749826220866956,0.024353333855926973,Low,model-estimated recurrence probability,False,48.0,0,96.85,LogLogisticAFT
BOAMP:18-86992,NAME:ville arnage,Ville d'Arnage,,,NAME,IT Services & Consulting,2018-06-22,48.0,2022-06-22,0.020211766991570235,0.03561858297207099,Low,duration imputed,False,72.0,0,96.55,LogLogisticAFT
BOAMP:18-87166,SIREN:234400034,Conseil régional des Pays de la Loire,234400034,,SIREN_ENRICHED,Software & Applications,2018-10-01,24.0,2020-10-01,0.02532105685715036,0.04444585708961912,Low,model-estimated recurrence probability,True,48.0,0,93.23,LogLogisticAFT
BOAMP:18-87219,SIREN:130001704,DIR INTERDEPARTEMENTALE ROUTES OUEST,130001704,,SIREN_ENRICHED,IT Services & Consulting,2018-06-24,12.0,2019-06-24,0.04461811302205232,0.07716395618198213,Low,model-estimated recurrence probability,False,72.0,0,96.48,LogLogisticAFT
BOAMP:18-87467,NAME:sna ouest,SNA/ouest,,,NAME,Telecom & Networks,2018-08-09,4.0,2018-12-09,0.028207652014827778,0.04940216957037713,Low,model-estimated recurrence probability,False,32.0,0,94.97,LogLogisticAFT
BOAMP:18-91062,NAME:ville arnage,Ville d'Arnage,,,NAME,Software & Applications,2018-06-29,48.0,2022-06-29,0.012978543896745132,0.023001130344505794,Low,duration imputed,False,48.0,0,96.32,LogLogisticAFT
BOAMP:18-89409,NAME:crous nantes,CROUS de Nantes,,,NAME,Software & Applications,2018-11-08,36.0,2021-11-08,0.0157241867951895,0.027807340809157588,Low,model-estimated recurrence probability,True,48.0,0,91.98,LogLogisticAFT
BOAMP:18-91090,SIREN:244900015,Angers Loire Métropole,244900015,,SIREN_ENRICHED,Software & Applications,2018-06-29,48.0,2022-06-29,0.019401221042040562,0.03421175640503915,Low,model-estimated recurrence probability,False,48.0,0,96.32,LogLogisticAFT
BOAMP:18-90097,SIREN:794304097,Nantes Métropole,794304097,,SIREN_ENRICHED,Software & Applications,2019-04-05,60.0,2024-04-05,0.016979198525490458,0.029997366732865682,Low,model-estimated recurrence probability,True,48.0,0,87.12,LogLogisticAFT
BOAMP:18-90616,NAME:cerema dtermed,CEREMA - DTerMed,,,NAME,Digital Workplace & Collaboration,2018-07-01,48.0,2022-07-01,0.017214184206454375,0.030406945996763413,Low,duration imputed,False,72.0,0,96.25,LogLogisticAFT
BOAMP:18-90932,NAME:agence regionale pays loire ti,Agence Régionale Pays de la Loire TI,,,NAME,IT Services & Consulting,2018-07-01,48.0,2022-07-01,0.02140358027303413,0.037683937865293005,Low,model-estimated recurrence probability,False,72.0,0,96.25,LogLogisticAFT
BOAMP:18-88858,SIREN:214401846,Commune de Saint-Nazaire,214401846,,SIREN_ENRICHED,Software & Applications,2018-11-05,24.0,2020-11-05,0.02532105685715036,0.04444585708961912,Low,model-estimated recurrence probability,False,48.0,0,92.08,LogLogisticAFT
BOAMP:18-91798,NAME:communaute communes grand lieu,Communauté de Communes de Grand Lieu,,,NAME,Unknown,2018-07-02,7.0,2019-02-02,0.026655121834871065,0.04673921279816917,Low,model-estimated recurrence probability,False,,0,96.22,LogLogisticAFT
BOAMP:18-91441,SIREN:214900995,Ville de Cholet,214900995,,SIREN_ENRICHED,Software & Applications,2019-01-03,48.0,2023-01-03,0.018325362479525986,0.032341694661489284,Low,duration imputed,False,48.0,0,90.14,LogLogisticAFT
BOAMP:18-94803,SIREN:264400136,CHU de Nantes,264400136,,SIREN_ENRICHED,Telecom & Networks,2018-07-06,12.0,2019-07-06,0.03625401686724883,0.06310179310138797,Low,model-estimated recurrence probability,False,32.0,1,11.99,LogLogisticAFT
BOAMP:18-93359,NAME:spr pays loire,SPR Pays de la Loire,,,NAME,Unknown,2018-07-06,18.0,2020-01-06,0.023600894898683333,0.041481764244293506,Low,model-estimated recurrence probability,False,45.0,1,9.99,LogLogisticAFT
BOAMP:18-93488,NAME:spr pays loire,SPR Pays de la Loire,,,NAME,Unknown,2019-05-06,18.0,2020-11-06,0.02360928136431184,0.04149623455646334,Low,model-estimated recurrence probability,False,45.0,0,86.1,LogLogisticAFT
BOAMP:18-95630,SIREN:234400034,Conseil régional des Pays de la Loire,234400034,,SIREN_ENRICHED,Unknown,2018-07-09,48.0,2022-07-09,0.02249995158141671,0.039580520140434006,Low,duration imputed,False,45.0,0,95.99,LogLogisticAFT
BOAMP:18-96170,NAME:ctre hosp universitaire angers,CTRE HOSP UNIVERSITAIRE ANGERS,,,NAME,Cloud & Infrastructure,2018-07-12,12.0,2019-07-12,0.027182748271465718,0.04764493476620346,Low,model-estimated recurrence probability,False,45.0,0,95.89,LogLogisticAFT
BOAMP:18-96470,SIREN:935367433,Conseil départemental Loire-Atlantique,935367433,,SIREN_ENRICHED,Software & Applications,2018-12-04,12.0,2019-12-04,0.028908248187719865,0.05060176554488682,Low,model-estimated recurrence probability,False,48.0,0,91.13,LogLogisticAFT
BOAMP:18-98583,NAME:ville sables olonne,ville des Sables d'Olonne,,,NAME,IT Services & Consulting,2018-07-13,2.0,2018-09-13,0.03555245505302018,0.061914069131942084,Low,model-estimated recurrence probability,False,72.0,0,95.86,LogLogisticAFT
BOAMP:18-60137,SIREN:214401093,COMMUNE DE NANTES,214401093,,SIREN_ENRICHED,IT Services & Consulting,2019-04-29,48.0,2023-04-29,0.03011539039862432,0.052665650801009156,Low,model-estimated recurrence probability,False,72.0,0,86.33,LogLogisticAFT
BOAMP:18-97260,SIREN:214401846,Commune de Saint-Nazaire,214401846,,SIREN_ENRICHED,IT Hardware & Equipment,2018-11-29,48.0,2022-11-29,0.02567841589293407,0.045060648359070754,Low,model-estimated recurrence probability,False,30.0,0,91.29,LogLogisticAFT
BOAMP:18-98603,SIREN:180043010,Réseau Canopé,180043010,,SIREN_ENRICHED,Cybersecurity,2018-11-12,24.0,2020-11-12,0.0323401928145689,0.05645939720101589,Low,model-estimated recurrence probability,False,72.0,0,91.85,LogLogisticAFT
BOAMP:18-101437,SIREN:191700327,Université de La Rochelle,191700327,,SIREN_ENRICHED,Software & Applications,2018-07-18,48.0,2022-07-18,0.018318817747475125,0.03233030898756539,Low,duration imputed,False,48.0,0,95.7,LogLogisticAFT
BOAMP:18-100479,SIREN:860800077,Loire Atlantique Développement - GIE,860800077,,SIREN_ENRICHED,IT Services & Consulting,2018-07-19,24.0,2020-07-19,0.03916011460990376,0.06800812460541672,Low,model-estimated recurrence probability,False,72.0,0,95.66,LogLogisticAFT
BOAMP:18-101350,SIREN:130029747,Université de Nantes,130029747,,SIREN_ENRICHED,IT Hardware & Equipment,2018-12-21,48.0,2022-12-21,0.02567841589293407,0.045060648359070754,Low,model-estimated recurrence probability,False,30.0,0,90.57,LogLogisticAFT
BOAMP:18-101085,NAME:maine loire habitat office pub habitat,MAINE LOIRE HABITAT OFFICE PUB HABITAT,,,NAME,IT Services & Consulting,2018-12-13,60.0,2023-12-13,0.0187296734166581,0.03304483717804241,Low,model-estimated recurrence probability,False,72.0,0,90.83,LogLogisticAFT
BOAMP:18-103319,SIREN:234400034,préfet de la région Pays de la Loire,234400034,,SIREN_ENRICHED,IT Services & Consulting,2018-07-20,12.0,2019-07-20,0.04461811302205232,0.07716395618198213,Low,model-estimated recurrence probability,True,72.0,0,95.63,LogLogisticAFT
BOAMP:18-101099,SIREN:244900015,Angers Loire Métropole,244900015,,SIREN_ENRICHED,IT Services & Consulting,2018-12-20,80.0,2025-08-20,0.02113123282453111,0.037212310255732906,Low,model-estimated recurrence probability,False,72.0,0,90.6,LogLogisticAFT
BOAMP:18-103911,SIREN:794304097,Nantes Métropole,794304097,,SIREN_ENRICHED,Telecom & Networks,2018-07-26,48.0,2022-07-26,0.024391873936940422,0.042845719925756476,Low,model-estimated recurrence probability,False,32.0,0,95.43,LogLogisticAFT
BOAMP:18-105237,SIREN:234400034,Conseil régional des Pays de la Loire,234400034,,SIREN_ENRICHED,Cybersecurity,2018-07-26,12.0,2019-07-26,0.03688414325038314,0.06416748785453152,Low,model-estimated recurrence probability,False,35.0,1,11.04,LogLogisticAFT
BOAMP:18-110962,NAME:regie dept passages eau vendee,Régie Dépt Passages d'Eau de Vendée,,,NAME,IT Services & Consulting,2018-08-02,48.0,2022-08-02,0.020211766991570235,0.03561858297207099,Low,duration imputed,False,72.0,1,38.21,LogLogisticAFT
BOAMP:18-110102,SIREN:218500478,Commune de Challans,218500478,,SIREN_ENRICHED,Software & Applications,2018-10-23,12.0,2019-10-23,0.028908248187719865,0.05060176554488682,Low,model-estimated recurrence probability,False,48.0,0,92.51,LogLogisticAFT
BOAMP:18-117157,NAME:ch mans,CH LE MANS,,,NAME,IT Services & Consulting,2018-08-20,12.0,2019-08-20,0.031859928229823975,0.05564154868548543,Low,model-estimated recurrence probability,False,72.0,0,94.61,LogLogisticAFT
BOAMP:18-110801,NAME:cte reg peches maritimes elevages mari,CTE REG PECHES MARITIMES ELEVAGES MARI,,,NAME,Software & Applications,2018-08-21,48.0,2022-08-21,0.012978543896745132,0.023001130344505794,Low,duration imputed,False,48.0,0,94.58,LogLogisticAFT
BOAMP:18-114671,SIREN:214401721,ville de Sainte-Luce-sur-Loire,214401721,,SIREN_ENRICHED,Unknown,2018-08-23,16.0,2019-12-23,0.03390060016725671,0.059112459970462106,Low,model-estimated recurrence probability,False,45.0,0,94.51,LogLogisticAFT
BOAMP:18-120601,SIREN:264400136,CHU de Nantes,264400136,,SIREN_ENRICHED,IT Services & Consulting,2018-08-28,12.0,2019-08-28,0.04461811302205232,0.07716395618198213,Low,model-estimated recurrence probability,False,72.0,1,35.74,LogLogisticAFT
BOAMP:18-121819,SIREN:264400136,CHU de Nantes,264400136,,SIREN_ENRICHED,IT Services & Consulting,2018-08-30,48.0,2022-08-30,0.0284425257336397,0.04980447694308887,Low,duration imputed,False,72.0,1,45.76,LogLogisticAFT
BOAMP:18-122920,SIREN:214401846,COMMUNE DE SAINT NAZAIRE,214401846,,SIREN_ENRICHED,IT Services & Consulting,2018-11-29,48.0,2022-11-29,0.030104764096626213,0.05264749949444758,Low,model-estimated recurrence probability,False,72.0,0,91.29,LogLogisticAFT
BOAMP:18-123694,SIREN:227200029,DEPARTEMENT DE LA SARTHE,227200029,,SIREN_ENRICHED,IT Services & Consulting,2018-09-04,48.0,2022-09-04,0.0284425257336397,0.04980447694308887,Low,duration imputed,False,72.0,0,94.12,LogLogisticAFT
BOAMP:18-124536,SIREN:214401358,Ville de Le Pouliguen,214401358,,SIREN_ENRICHED,Cybersecurity,2018-09-06,12.0,2019-09-06,0.03688414325038314,0.06416748785453152,Low,model-estimated recurrence probability,False,35.0,0,94.05,LogLogisticAFT
BOAMP:18-125586,NAME:agce enst fr etranger,AGCE POUR L ENST FR A L ETRANGER,,,NAME,IT Services & Consulting,2018-09-07,48.0,2022-09-07,0.02140358027303413,0.037683937865293005,Low,model-estimated recurrence probability,True,72.0,0,94.02,LogLogisticAFT
BOAMP:18-125410,SIREN:409104007,association songo,409104007,,SIREN_ENRICHED,Telecom & Networks,2018-09-07,48.0,2022-09-07,0.023037581040799116,0.04050937070865901,Low,duration imputed,False,32.0,0,94.02,LogLogisticAFT
BOAMP:18-126368,SIREN:227200029,DEPARTEMENT DE LA SARTHE,227200029,,SIREN_ENRICHED,IT Services & Consulting,2018-11-12,48.0,2022-11-12,0.0284425257336397,0.04980447694308887,Low,duration imputed,False,72.0,0,91.85,LogLogisticAFT
BOAMP:18-126631,SIREN:225300011,DEPARTEMENT DE LA MAYENNE,225300011,,SIREN_ENRICHED,Unknown,2018-09-11,48.0,2022-09-11,0.023823409959233488,0.04186563602470095,Low,model-estimated recurrence probability,False,42.0,0,93.89,LogLogisticAFT
BOAMP:18-127908,SIREN:227200029,DEPARTEMENT DE LA SARTHE,227200029,,SIREN_ENRICHED,IT Services & Consulting,2018-09-13,48.0,2022-09-13,0.0284425257336397,0.04980447694308887,Low,duration imputed,False,72.0,0,93.82,LogLogisticAFT
BOAMP:18-127661,NAME:ccir pays loire,CCIR Pays de la Loire,,,NAME,IT Services & Consulting,2018-09-13,48.0,2022-09-13,0.020211766991570235,0.03561858297207099,Low,duration imputed,False,72.0,0,93.82,LogLogisticAFT
BOAMP:18-126992,NAME:esat foyers,ESAT Foyers,,,NAME,Software & Applications,2018-09-13,48.0,2022-09-13,0.013749826220866956,0.024353333855926973,Low,model-estimated recurrence probability,False,48.0,0,93.82,LogLogisticAFT
BOAMP:18-127511,NAME:ch mans,CH LE MANS,,,NAME,Cybersecurity,2019-02-20,48.0,2023-02-20,0.016640613337972843,0.029406949791581982,Low,duration imputed,False,35.0,1,51.35,LogLogisticAFT
BOAMP:18-127938,SIREN:935367433,Conseil départemental Loire-Atlantique,935367433,,SIREN_ENRICHED,Unknown,2018-09-15,20.0,2020-05-15,0.032444978517739975,0.056637757619584006,Low,model-estimated recurrence probability,False,45.0,0,93.76,LogLogisticAFT
BOAMP:18-128159,SIREN:794304097,Nantes Métropole,794304097,,SIREN_ENRICHED,IT Services & Consulting,2018-09-15,48.0,2022-09-15,0.030104764096626213,0.05264749949444758,Low,model-estimated recurrence probability,False,72.0,0,93.76,LogLogisticAFT
BOAMP:18-128655,SIREN:234400034,Conseil régional des Pays de la Loire,234400034,,SIREN_ENRICHED,IT Services & Consulting,2019-01-11,48.0,2023-01-11,0.03011539039862432,0.052665650801009156,Low,model-estimated recurrence probability,False,72.0,0,89.88,LogLogisticAFT
BOAMP:18-128950,SIREN:194909701,Université d'Angers,194909701,,SIREN_ENRICHED,Telecom & Networks,2019-01-17,48.0,2023-01-17,0.024400534449156464,0.04286064475862028,Low,model-estimated recurrence probability,False,32.0,0,89.68,LogLogisticAFT
BOAMP:18-129941,NAME:bretagne developpement innovation,Bretagne Développement Innovation,,,NAME,IT Services & Consulting,2018-09-20,24.0,2020-09-20,0.0279169958771891,0.048904112010018874,Low,model-estimated recurrence probability,False,72.0,0,93.59,LogLogisticAFT
BOAMP:18-129881,SIREN:200083392,Laval Agglomération,200083392,,SIREN_ENRICHED,Software & Applications,2018-12-10,48.0,2022-12-10,0.019401221042040562,0.03421175640503915,Low,model-estimated recurrence probability,False,48.0,0,90.93,LogLogisticAFT
BOAMP:18-133090,SIREN:228500013,Département de la Vendée,228500013,,SIREN_ENRICHED,IT Services & Consulting,2019-01-09,24.0,2021-01-09,0.03917380814709159,0.06803119149487658,Low,model-estimated recurrence probability,False,72.0,1,26.02,LogLogisticAFT
BOAMP:18-134465,SIREN:284400017,SDIS 44,284400017,,SIREN_ENRICHED,Cybersecurity,2018-01-03,12.0,2019-01-03,0.03688414325038314,0.06416748785453152,Low,model-estimated recurrence probability,False,35.0,0,102.14,LogLogisticAFT
BOAMP:18-135728,NAME:sec gal adm min interieur ouest,SEC GAL POUR L ADM MIN INTERIEUR OUEST,,,NAME,Unknown,2019-12-13,34.0,2022-10-13,0.01976667265549148,0.034846273341529455,Low,model-estimated recurrence probability,False,45.0,0,78.84,LogLogisticAFT
BOAMP:18-125716,SIREN:575850490,Mancelle d'habitation,575850490,,SIREN_ENRICHED,IT Services & Consulting,2019-03-29,36.0,2022-03-29,0.03435784459142155,0.05988867693643263,Low,model-estimated recurrence probability,True,72.0,0,87.35,LogLogisticAFT
BOAMP:18-137958,NAME:grand t theatre loire atlantique,Le Grand T - Théâtre Loire-Atlantique,,,NAME,IT Services & Consulting,2018-10-03,48.0,2022-10-03,0.020211766991570235,0.03561858297207099,Low,duration imputed,False,72.0,0,93.17,LogLogisticAFT
BOAMP:18-137945,NAME:ville ecouflant,Ville d'Ecouflant,,,NAME,Cloud & Infrastructure,2018-10-03,3.0,2019-01-03,0.03001799798285587,0.05249927890371908,Low,model-estimated recurrence probability,False,,0,93.17,LogLogisticAFT
BOAMP:18-139266,NAME:semitan mandataire cun,"SEMITAN, mandataire de la CUN",,,NAME,IT Services & Consulting,2019-03-01,54.0,2023-09-01,0.020030091740299016,0.035303412061279626,Low,model-estimated recurrence probability,False,72.0,0,88.27,LogLogisticAFT
BOAMP:18-141219,SIREN:832970024,Institut Régional Administration Lyon,832970024,,SIREN_ENRICHED,Software & Applications,2018-10-09,48.0,2022-10-09,0.018318817747475125,0.03233030898756539,Low,duration imputed,True,48.0,0,92.97,LogLogisticAFT
BOAMP:18-144441,SIREN:353686934,CAP ATLANTIQUE,353686934,,SIREN_ENRICHED,IT Hardware & Equipment,2018-10-17,12.0,2019-10-17,0.038141763325635236,0.06629134408558535,Low,model-estimated recurrence probability,False,30.0,0,92.71,LogLogisticAFT
BOAMP:18-144285,NAME:agce enst fr etranger,AGCE POUR L ENST FR A L ETRANGER,,,NAME,IT Services & Consulting,2019-02-12,48.0,2023-02-12,0.021411203055449635,0.037697135463904186,Low,model-estimated recurrence probability,False,72.0,0,88.83,LogLogisticAFT
BOAMP:18-146310,SIREN:214401325,VILLE DE PORNICHET,214401325,,SIREN_ENRICHED,Unknown,2018-10-18,48.0,2022-10-18,0.02249995158141671,0.039580520140434006,Low,duration imputed,False,45.0,0,92.67,LogLogisticAFT
BOAMP:18-146639,SIREN:247200132,Le Mans Métropole - Communauté Urbaine,247200132,,SIREN_ENRICHED,Unknown,2019-03-26,12.0,2020-03-26,0.035431570282155045,0.0617092852748905,Low,model-estimated recurrence probability,False,39.0,1,8.94,LogLogisticAFT
BOAMP:18-146489,SIREN:194909701,Université d'Angers,194909701,,SIREN_ENRICHED,Telecom & Networks,2018-10-20,48.0,2022-10-20,0.024391873936940422,0.042845719925756476,Low,model-estimated recurrence probability,False,32.0,0,92.61,LogLogisticAFT
BOAMP:18-146220,NAME:spr pays loire,SPR Pays de la Loire,,,NAME,Unknown,2018-10-20,3.0,2019-01-20,0.02785846466301145,0.04880378800958285,Low,model-estimated recurrence probability,False,45.0,0,92.61,LogLogisticAFT
BOAMP:18-146989,SIREN:244400404,METROPOLE NANTES METROPOLE,244400404,,SIREN_ENRICHED,Software & Applications,2018-10-22,48.0,2022-10-22,0.018318817747475125,0.03233030898756539,Low,duration imputed,True,48.0,0,92.54,LogLogisticAFT
BOAMP:18-148384,NAME:ccir pays loire,CCIR Pays de la Loire,,,NAME,IT Services & Consulting,2018-12-26,48.0,2022-12-26,0.02140358027303413,0.037683937865293005,Low,model-estimated recurrence probability,False,72.0,0,90.41,LogLogisticAFT
BOAMP:18-149889,SIREN:191700327,Université de La Rochelle,191700327,,SIREN_ENRICHED,Software & Applications,2018-10-26,48.0,2022-10-26,0.019401221042040562,0.03421175640503915,Low,model-estimated recurrence probability,False,48.0,0,92.41,LogLogisticAFT
BOAMP:18-149893,SIREN:935367433,Conseil départemental Loire-Atlantique,935367433,,SIREN_ENRICHED,IT Maintenance & Support,2018-10-26,12.0,2019-10-26,0.038141763325635236,0.06629134408558535,Low,model-estimated recurrence probability,False,72.0,0,92.41,LogLogisticAFT
BOAMP:18-150422,SIREN:234400034,Conseil régional des Pays de la Loire,234400034,,SIREN_ENRICHED,Digital Workplace & Collaboration,2018-10-27,24.0,2020-10-27,0.03344826079270724,0.05834403194478999,Low,model-estimated recurrence probability,False,72.0,0,92.38,LogLogisticAFT
BOAMP:18-150889,SIREN:228500013,Département de la Vendée,228500013,,SIREN_ENRICHED,Software & Applications,2019-02-25,48.0,2023-02-25,0.018325362479525986,0.032341694661489284,Low,duration imputed,False,48.0,0,88.4,LogLogisticAFT
BOAMP:18-151695,NAME:agce enst fr etranger,AGCE POUR L ENST FR A L ETRANGER,,,NAME,IT Services & Consulting,2018-10-28,24.0,2020-10-28,0.0279169958771891,0.048904112010018874,Low,model-estimated recurrence probability,False,72.0,0,92.35,LogLogisticAFT
BOAMP:18-152399,SIREN:227200029,DEPARTEMENT DE LA SARTHE,227200029,,SIREN_ENRICHED,Cybersecurity,2019-02-25,48.0,2023-02-25,0.024829944982841523,0.04360040516207808,Low,model-estimated recurrence probability,False,35.0,0,88.4,LogLogisticAFT
BOAMP:18-153394,SIREN:214402158,COMMUNE DE VERTOU,214402158,,SIREN_ENRICHED,Telecom & Networks,2018-10-31,48.0,2022-10-31,0.023037581040799116,0.04050937070865901,Low,duration imputed,False,32.0,0,92.25,LogLogisticAFT
BOAMP:18-153265,NAME:semitan,SEMITAN,,,NAME,Software & Applications,2019-05-17,24.0,2021-05-17,0.017983306388034803,0.031746474348071985,Low,model-estimated recurrence probability,False,48.0,0,85.74,LogLogisticAFT
BOAMP:18-154720,SIREN:247200348,Communauté de communes Pays Fléchois,247200348,,SIREN_ENRICHED,Unknown,2018-11-05,48.0,2022-11-05,0.02249995158141671,0.039580520140434006,Low,duration imputed,True,45.0,0,92.08,LogLogisticAFT
BOAMP:18-154770,SIREN:227200029,DEPARTEMENT DE LA SARTHE,227200029,,SIREN_ENRICHED,Telecom & Networks,2018-11-05,48.0,2022-11-05,0.024391873936940422,0.042845719925756476,Low,model-estimated recurrence probability,False,32.0,0,92.08,LogLogisticAFT
BOAMP:18-154990,SIREN:225300011,Conseil départemental de la Mayenne,225300011,,SIREN_ENRICHED,Software & Applications,2018-11-10,48.0,2022-11-10,0.019401221042040562,0.03421175640503915,Low,model-estimated recurrence probability,False,48.0,0,91.92,LogLogisticAFT
BOAMP:18-157794,NAME:communaute communes pays redon,COMMUNAUTE COMMUNES PAYS DE REDON,,,NAME,Software & Applications,2018-11-12,48.0,2022-11-12,0.012978543896745132,0.023001130344505794,Low,duration imputed,True,48.0,0,91.85,LogLogisticAFT
BOAMP:18-158821,NAME:mindef sga dcsid esid bordeaux,MINDEF/SGA/DCSID/ESID Bordeaux,,,NAME,Data & AI,2018-11-13,48.0,2022-11-13,0.017214184206454375,0.030406945996763413,Low,duration imputed,False,45.0,0,91.82,LogLogisticAFT
BOAMP:18-159087,SIREN:194909701,Université d'Angers,194909701,,SIREN_ENRICHED,Cloud & Infrastructure,2018-11-14,11.0,2019-10-14,0.038560281599308244,0.06699722486888071,Low,model-estimated recurrence probability,False,,1,6.27,LogLogisticAFT
BOAMP:18-159101,SIREN:264400136,CHU de Nantes,264400136,,SIREN_ENRICHED,Software & Applications,2018-11-14,48.0,2022-11-14,0.018318817747475125,0.03233030898756539,Low,duration imputed,False,48.0,0,91.79,LogLogisticAFT
BOAMP:18-158087,NAME:sm megalis,SM Mégalis,,,NAME,Telecom & Networks,2018-11-15,36.0,2021-11-15,0.019788068629934874,0.034883411010030674,Low,model-estimated recurrence probability,False,32.0,0,91.75,LogLogisticAFT
BOAMP:18-160377,SIREN:287200265,SDIS de la Sarthe,287200265,,SIREN_ENRICHED,Software & Applications,2019-03-29,48.0,2023-03-29,0.018325362479525986,0.032341694661489284,Low,duration imputed,False,48.0,0,87.35,LogLogisticAFT
BOAMP:18-163164,NAME:sisto,SISTO,,,NAME,Data & AI,2018-11-22,48.0,2022-11-22,0.017214184206454375,0.030406945996763413,Low,duration imputed,False,44.0,0,91.52,LogLogisticAFT
BOAMP:18-165012,NAME:ch mans,CH LE MANS,,,NAME,Telecom & Networks,2018-11-26,12.0,2019-11-26,0.025822833705490877,0.04530900447021824,Low,model-estimated recurrence probability,False,32.0,0,91.39,LogLogisticAFT
BOAMP:18-167367,SIREN:254901309,SI ENERGIES DE MAINE ET LOIRE,254901309,,SIREN_ENRICHED,Software & Applications,2018-11-30,48.0,2022-11-30,0.019401221042040562,0.03421175640503915,Low,model-estimated recurrence probability,False,48.0,0,91.26,LogLogisticAFT
BOAMP:18-166821,NAME:cnieg,CNIEG,,,NAME,Digital Workplace & Collaboration,2019-03-08,12.0,2020-03-08,0.027192372084754557,0.04766144810762396,Low,model-estimated recurrence probability,False,72.0,0,88.04,LogLogisticAFT
BOAMP:18-167431,NAME:cnieg,CNIEG,,,NAME,IT Maintenance & Support,2019-03-08,24.0,2021-03-08,0.023812880649555668,0.04184747437712977,Low,model-estimated recurrence probability,False,72.0,0,88.04,LogLogisticAFT
BOAMP:18-168544,SIREN:794304097,Nantes Métropole,794304097,,SIREN_ENRICHED,Cybersecurity,2019-03-19,12.0,2020-03-19,0.03689707148609067,0.06418934180137204,Low,model-estimated recurrence probability,False,35.0,0,87.68,LogLogisticAFT
BOAMP:18-169881,SIREN:535164412,Loire Océan Métropole Aménagement,535164412,,SIREN_ENRICHED,Unknown,2018-12-06,35.0,2021-11-06,0.027506291391496074,0.04819996221275347,Low,model-estimated recurrence probability,False,45.0,0,91.06,LogLogisticAFT
BOAMP:18-170789,NAME:ctre hosp universitaire angers,CTRE HOSP UNIVERSITAIRE ANGERS,,,NAME,Telecom & Networks,2019-04-19,48.0,2023-04-19,0.017318605501782547,0.03058890380047541,Low,model-estimated recurrence probability,False,32.0,0,86.66,LogLogisticAFT
BOAMP:18-171623,NAME:ch mans,CH LE MANS,,,NAME,Telecom & Networks,2018-12-10,48.0,2022-12-10,0.016344603809182234,0.028890519679409254,Low,duration imputed,False,32.0,0,90.93,LogLogisticAFT
BOAMP:18-173792,SIREN:254901309,SI ENERGIES DE MAINE ET LOIRE,254901309,,SIREN_ENRICHED,Software & Applications,2018-12-13,48.0,2022-12-13,0.018318817747475125,0.03233030898756539,Low,duration imputed,False,48.0,0,90.83,LogLogisticAFT
BOAMP:18-173960,NAME:cnieg,CNIEG,,,NAME,IT Services & Consulting,2018-12-15,24.0,2020-12-15,0.0279169958771891,0.048904112010018874,Low,model-estimated recurrence probability,False,72.0,0,90.77,LogLogisticAFT
BOAMP:18-174875,SIREN:794304097,Nantes Métropole,794304097,,SIREN_ENRICHED,IT Services & Consulting,2018-12-18,48.0,2022-12-18,0.030104764096626213,0.05264749949444758,Low,model-estimated recurrence probability,False,72.0,0,90.67,LogLogisticAFT
BOAMP:18-177619,SIREN:217500016,Ville du Mans,217500016,,SIREN_ENRICHED,IT Services & Consulting,2019-02-27,9.0,2019-11-27,0.04610804673450952,0.07965008726668432,Low,model-estimated recurrence probability,False,72.0,0,88.34,LogLogisticAFT
BOAMP:18-175843,NAME:gie epl vendee,GIE des EPL de Vendée,,,NAME,IT Services & Consulting,2019-03-20,12.0,2020-03-20,0.03187115370701388,0.05566067160267174,Low,model-estimated recurrence probability,False,72.0,1,2.76,LogLogisticAFT
BOAMP:18-177187,NAME:gie epl vendee,GIE des EPL de Vendée,,,NAME,IT Services & Consulting,2019-06-12,12.0,2020-06-12,0.03187115370701388,0.05566067160267174,Low,model-estimated recurrence probability,False,72.0,0,84.89,LogLogisticAFT
BOAMP:18-177300,SIREN:214401317,Commune de Pornic,214401317,,SIREN_ENRICHED,Unknown,2018-12-22,24.0,2020-12-22,0.031049849494392934,0.05426068229801384,Low,model-estimated recurrence probability,False,51.0,0,90.54,LogLogisticAFT
BOAMP:18-179065,NAME:agce enst fr etranger,AGCE POUR L ENST FR A L ETRANGER,,,NAME,IT Services & Consulting,2019-03-25,48.0,2023-03-25,0.021411203055449635,0.037697135463904186,Low,model-estimated recurrence probability,False,72.0,0,87.48,LogLogisticAFT
BOAMP:18-180161,NAME:ctre hosp universitaire angers,CTRE HOSP UNIVERSITAIRE ANGERS,,,NAME,Telecom & Networks,2019-03-08,12.0,2020-03-08,0.025831988837715203,0.04532474672884723,Low,model-estimated recurrence probability,False,32.0,1,1.77,LogLogisticAFT
BOAMP:18-173397,NAME:syndicat trivalis,Syndicat Trivalis,,,NAME,Data & AI,2018-12-26,48.0,2022-12-26,0.017214184206454375,0.030406945996763413,Low,duration imputed,False,,0,90.41,LogLogisticAFT
BOAMP:19-3707,NAME:ch mans,CH LE MANS,,,NAME,Software & Applications,2019-01-09,36.0,2022-01-09,0.015729819401279377,0.027817179430814076,Low,model-estimated recurrence probability,False,48.0,0,89.95,LogLogisticAFT
BOAMP:19-1779,SIREN:234400034,Conseil régional des Pays de la Loire,234400034,,SIREN_ENRICHED,Digital Workplace & Collaboration,2019-05-14,12.0,2020-05-14,0.03815511490571433,0.0663138701120497,Low,model-estimated recurrence probability,False,72.0,0,85.84,LogLogisticAFT
BOAMP:19-3078,SIREN:200083392,Laval Agglomération,200083392,,SIREN_ENRICHED,Unknown,2019-01-10,22.0,2020-11-10,0.031751185377757785,0.05545628503208777,Low,model-estimated recurrence probability,False,45.0,0,89.91,LogLogisticAFT
BOAMP:19-2530,NAME:ctre national enst distance,CTRE NATIONAL D ENST A DISTANCE,,,NAME,Cybersecurity,2019-01-10,12.0,2020-01-10,0.026285911949868956,0.046104988077475983,Low,model-estimated recurrence probability,False,72.0,0,89.91,LogLogisticAFT
BOAMP:19-8964,SIREN:227200029,DEPARTEMENT DE LA SARTHE,227200029,,SIREN_ENRICHED,IT Services & Consulting,2019-01-17,48.0,2023-01-17,0.028452582515254954,0.049821699607904724,Low,duration imputed,False,72.0,0,89.68,LogLogisticAFT
BOAMP:19-8916,SIREN:244900015,Angers Loire Métropole,244900015,,SIREN_ENRICHED,Software & Applications,2019-01-17,12.0,2020-01-17,0.028918464739229655,0.05061924922895056,Low,model-estimated recurrence probability,False,48.0,0,89.68,LogLogisticAFT
BOAMP:19-9782,NAME:com agglo reg nazairienne estuaire,COM D AGGLO REG NAZAIRIENNE ESTUAIRE,,,NAME,IT Services & Consulting,2019-01-18,12.0,2020-01-18,0.03187115370701388,0.05566067160267174,Low,model-estimated recurrence probability,False,72.0,0,89.65,LogLogisticAFT
BOAMP:19-7404,SIREN:130001704,DIR INTERDEPARTEMENTALE ROUTES OUEST,130001704,,SIREN_ENRICHED,IT Services & Consulting,2020-06-04,12.0,2021-06-04,0.04464914503661832,0.07721579445358495,Low,model-estimated recurrence probability,False,72.0,0,73.13,LogLogisticAFT
BOAMP:19-8820,NAME:agce enst fr etranger,AGCE POUR L ENST FR A L ETRANGER,,,NAME,IT Services & Consulting,2019-06-25,24.0,2021-06-25,0.027926872181841644,0.04892103935362824,Low,model-estimated recurrence probability,False,72.0,0,84.46,LogLogisticAFT
BOAMP:19-10579,SIREN:532458809,Ville d'Angers,532458809,,SIREN_ENRICHED,Cybersecurity,2019-01-21,48.0,2023-01-21,0.024829944982841523,0.04360040516207808,Low,model-estimated recurrence probability,False,35.0,0,89.55,LogLogisticAFT
BOAMP:19-10428,SIREN:228500013,Département de la Vendée,228500013,,SIREN_ENRICHED,Cybersecurity,2019-05-16,12.0,2020-05-16,0.03689707148609067,0.06418934180137204,Low,model-estimated recurrence probability,False,35.0,0,85.78,LogLogisticAFT
BOAMP:19-12872,NAME:communaute agglomeration niortais,Communauté d'agglomération du Niortais,,,NAME,Software & Applications,2019-01-24,48.0,2023-01-24,0.013754761468931731,0.024361981025909474,Low,model-estimated recurrence probability,False,48.0,0,89.45,LogLogisticAFT
BOAMP:19-13483,NAME:oniris,ONIRIS,,,NAME,Software & Applications,2020-04-02,8.0,2020-12-02,0.02149448274606447,0.037841310414368,Low,model-estimated recurrence probability,True,48.0,0,75.2,LogLogisticAFT
BOAMP:19-16528,NAME:cdc pays saint gilles cx vie,CDC du Pays de Saint Gilles Cx de Vie,,,NAME,Unknown,2019-01-31,36.0,2022-01-31,0.019331670260708034,0.0340909576656524,Low,model-estimated recurrence probability,False,71.0,0,89.22,LogLogisticAFT
BOAMP:19-15670,NAME:ctre hosp universitaire angers,CTRE HOSP UNIVERSITAIRE ANGERS,,,NAME,IT Services & Consulting,2019-07-30,48.0,2023-07-30,0.021411203055449635,0.037697135463904186,Low,model-estimated recurrence probability,True,72.0,0,83.31,LogLogisticAFT
BOAMP:19-16942,SIREN:794304097,Nantes Métropole,794304097,,SIREN_ENRICHED,IT Services & Consulting,2019-04-29,48.0,2023-04-29,0.03011539039862432,0.052665650801009156,Low,model-estimated recurrence probability,False,72.0,0,86.33,LogLogisticAFT
BOAMP:19-17531,SIREN:409104007,association songo,409104007,,SIREN_ENRICHED,Telecom & Networks,2019-05-09,6.0,2019-11-09,0.038723151384889465,0.06727180162216884,Low,model-estimated recurrence probability,False,32.0,0,86.01,LogLogisticAFT
BOAMP:19-17058,SIREN:234400034,Conseil régional des Pays de la Loire,234400034,,SIREN_ENRICHED,IT Services & Consulting,2019-05-24,12.0,2020-05-24,0.044633626458414066,0.07718987133016375,Low,model-estimated recurrence probability,False,72.0,0,85.51,LogLogisticAFT
BOAMP:19-15197,NAME:syndicat trivalis,Syndicat Trivalis,,,NAME,Unknown,2019-02-04,48.0,2023-02-04,0.015966332954255202,0.0282302258077618,Low,duration imputed,False,,0,89.09,LogLogisticAFT
BOAMP:19-18202,SIREN:219300779,Ville de Villemomble,219300779,,SIREN_ENRICHED,Cybersecurity,2019-02-04,48.0,2023-02-04,0.024829944982841523,0.04360040516207808,Low,model-estimated recurrence probability,False,35.0,0,89.09,LogLogisticAFT
BOAMP:19-18263,SIREN:227200029,DEPARTEMENT DE LA SARTHE,227200029,,SIREN_ENRICHED,IT Services & Consulting,2019-07-30,12.0,2020-07-30,0.044633626458414066,0.07718987133016375,Low,model-estimated recurrence probability,False,72.0,0,83.31,LogLogisticAFT
BOAMP:19-17307,SIREN:214401093,COMMUNE DE NANTES,214401093,,SIREN_ENRICHED,Unknown,2019-06-27,48.0,2023-06-27,0.023831873564602923,0.04188023439417243,Low,model-estimated recurrence probability,False,44.0,0,84.4,LogLogisticAFT
BOAMP:19-21370,NAME:esat foyers,ESAT Foyers,,,NAME,Cloud & Infrastructure,2019-02-08,60.0,2024-02-08,0.01595403185853017,0.028208746980369903,Low,model-estimated recurrence probability,False,48.0,0,88.96,LogLogisticAFT
BOAMP:19-21081,SIREN:214900201,Ville de Beaucouzé,214900201,,SIREN_ENRICHED,Telecom & Networks,2019-03-27,24.0,2021-03-27,0.03179633305557239,0.05553320626151104,Low,model-estimated recurrence probability,False,32.0,0,87.42,LogLogisticAFT
BOAMP:19-22390,NAME:agrocampus ouest,Agrocampus Ouest,,,NAME,Software & Applications,2019-05-21,24.0,2021-05-21,0.017983306388034803,0.031746474348071985,Low,model-estimated recurrence probability,False,48.0,0,85.61,LogLogisticAFT
BOAMP:19-22007,NAME:smictom vallee authion,SMICTOM de la Vallée de l'Authion,,,NAME,Unknown,2019-02-13,9.0,2019-11-13,0.02608179972526703,0.04575421063950458,Low,model-estimated recurrence probability,False,45.0,0,88.8,LogLogisticAFT
BOAMP:19-21908,SIREN:935367433,Conseil départemental Loire-Atlantique,935367433,,SIREN_ENRICHED,Cybersecurity,2019-09-24,12.0,2020-09-24,0.03689707148609067,0.06418934180137204,Low,model-estimated recurrence probability,False,35.0,0,81.47,LogLogisticAFT
BOAMP:19-27651,NAME:comm comm doue fontaine,Comm Comm de Doué la Fontaine,,,NAME,Software & Applications,2019-02-20,48.0,2023-02-20,0.012983205951507926,0.023009308709011744,Low,duration imputed,True,48.0,0,88.57,LogLogisticAFT
BOAMP:19-28845,SIREN:225300011,DEPARTEMENT DE LA MAYENNE,225300011,,SIREN_ENRICHED,Digital Workplace & Collaboration,2019-02-21,48.0,2023-02-21,0.025687521173899164,0.04507630840251975,Low,model-estimated recurrence probability,False,72.0,0,88.53,LogLogisticAFT
BOAMP:19-33752,NAME:chbr reg metiers artisanat nouv aquit,CHBR REG METIERS ARTISANAT NOUV AQUIT,,,NAME,IT Services & Consulting,2019-03-01,48.0,2023-03-01,0.020218974085226882,0.03563108402803383,Low,duration imputed,False,72.0,0,88.27,LogLogisticAFT
BOAMP:19-32405,SIREN:234400034,Conseil régional des Pays de la Loire,234400034,,SIREN_ENRICHED,Cybersecurity,2019-06-27,12.0,2020-06-27,0.03689707148609067,0.06418934180137204,Low,model-estimated recurrence probability,False,35.0,0,84.4,LogLogisticAFT
BOAMP:19-34598,NAME:gpm nantes st nazaire,GPM de Nantes - St Nazaire,,,NAME,IT Services & Consulting,2019-03-05,48.0,2023-03-05,0.020218974085226882,0.03563108402803383,Low,duration imputed,False,72.0,0,88.14,LogLogisticAFT
BOAMP:19-34512,SIREN:110006012,Ministère des Affaires étrangères,110006012,,SIREN_ENRICHED,Telecom & Networks,2019-03-06,6.0,2019-09-06,0.038723151384889465,0.06727180162216884,Low,model-estimated recurrence probability,False,32.0,0,88.11,LogLogisticAFT
BOAMP:19-35566,SIREN:244900015,Angers Loire Métropole,244900015,,SIREN_ENRICHED,IT Services & Consulting,2019-03-07,48.0,2023-03-07,0.028452582515254954,0.049821699607904724,Low,duration imputed,False,72.0,0,88.07,LogLogisticAFT
BOAMP:19-35540,SIREN:224900019,Département de Maine-et-Loire,224900019,,SIREN_ENRICHED,Cybersecurity,2019-07-03,30.0,2022-01-03,0.030286611667994956,0.05295808117588563,Low,model-estimated recurrence probability,False,72.0,0,84.2,LogLogisticAFT
BOAMP:19-37169,NAME:ctre hosp universitaire angers,CTRE HOSP UNIVERSITAIRE ANGERS,,,NAME,Telecom & Networks,2019-05-01,12.0,2020-05-01,0.025831988837715203,0.04532474672884723,Low,model-estimated recurrence probability,False,32.0,0,86.27,LogLogisticAFT
BOAMP:19-36958,SIREN:794304097,Nantes Métropole,794304097,,SIREN_ENRICHED,Cybersecurity,2019-05-29,48.0,2023-05-29,0.024829944982841523,0.04360040516207808,Low,model-estimated recurrence probability,False,72.0,0,85.35,LogLogisticAFT
BOAMP:19-39464,NAME:universite maine,Université du Maine,,,NAME,Cybersecurity,2019-06-19,12.0,2020-06-19,0.026285911949868956,0.046104988077475983,Low,model-estimated recurrence probability,False,64.0,0,84.66,LogLogisticAFT
BOAMP:19-39750,NAME:gpm nantes st nazaire,GPM de Nantes - St Nazaire,,,NAME,Telecom & Networks,2019-11-05,48.0,2023-11-05,0.01635045496483367,0.028900730151900755,Low,duration imputed,False,32.0,0,80.09,LogLogisticAFT
BOAMP:19-41115,SIREN:234400034,préfet de la région Pays de la Loire,234400034,,SIREN_ENRICHED,Unknown,2019-06-11,24.0,2021-06-11,0.031060798706889048,0.0542793579157933,Low,model-estimated recurrence probability,False,31.0,1,22.63,LogLogisticAFT
BOAMP:19-43213,NAME:ctre hosp universitaire angers,CTRE HOSP UNIVERSITAIRE ANGERS,,,NAME,IT Services & Consulting,2019-03-20,48.0,2023-03-20,0.020218974085226882,0.03563108402803383,Low,duration imputed,False,72.0,0,87.65,LogLogisticAFT
BOAMP:19-46630,NAME:ch mans,CH LE MANS,,,NAME,Cybersecurity,2019-03-25,18.0,2020-09-25,0.02459826559628342,0.043201344245850204,Low,model-estimated recurrence probability,False,35.0,0,87.48,LogLogisticAFT
BOAMP:19-47604,NAME:sgami ouest bzamp,SGAMI OUEST BZAMP,,,NAME,Telecom & Networks,2019-03-26,12.0,2020-03-26,0.025831988837715203,0.04532474672884723,Low,model-estimated recurrence probability,True,45.0,0,87.45,LogLogisticAFT
BOAMP:19-48376,NAME:gpm nantes st nazaire,GPM de Nantes - St Nazaire,,,NAME,Telecom & Networks,2019-08-12,48.0,2023-08-12,0.017318605501782547,0.03058890380047541,Low,model-estimated recurrence probability,False,32.0,0,82.88,LogLogisticAFT
BOAMP:19-51014,SIREN:110006012,Ministère des Affaires étrangères,110006012,,SIREN_ENRICHED,IT Hardware & Equipment,2019-03-29,12.0,2020-03-29,0.03815511490571433,0.0663138701120497,Low,model-estimated recurrence probability,False,32.0,0,87.35,LogLogisticAFT
BOAMP:19-50622,NAME:iphv hauts thebaudieres,IPHV LES HAUTS THEBAUDIERES,,,NAME,IT Services & Consulting,2019-03-29,48.0,2023-03-29,0.020218974085226882,0.03563108402803383,Low,duration imputed,False,72.0,0,87.35,LogLogisticAFT
BOAMP:19-49300,SIREN:214900995,Ville de Cholet,214900995,,SIREN_ENRICHED,Telecom & Networks,2019-07-08,24.0,2021-07-08,0.03179633305557239,0.05553320626151104,Low,model-estimated recurrence probability,False,32.0,0,84.03,LogLogisticAFT
BOAMP:19-50035,NAME:universite rennes 1,université de Rennes 1,,,NAME,IT Hardware & Equipment,2019-03-30,12.0,2020-03-30,0.027192372084754557,0.04766144810762396,Low,model-estimated recurrence probability,False,32.0,0,87.32,LogLogisticAFT
BOAMP:19-51024,NAME:ville ancenis saint gereon,Ville d'Ancenis-Saint-Géréon,,,NAME,Cybersecurity,2019-07-11,48.0,2023-07-11,0.016640613337972843,0.029406949791581982,Low,duration imputed,False,35.0,0,83.94,LogLogisticAFT
BOAMP:19-51224,SIREN:391722881,GIE SESAM Vitale,391722881,,SIREN_ENRICHED,Software & Applications,2020-03-03,36.0,2023-03-03,0.022184615237186844,0.039035359511806034,Low,model-estimated recurrence probability,False,48.0,0,76.18,LogLogisticAFT
BOAMP:19-51855,SIREN:228500013,Département de la Vendée,228500013,,SIREN_ENRICHED,Cybersecurity,2019-07-04,12.0,2020-07-04,0.03689707148609067,0.06418934180137204,Low,model-estimated recurrence probability,False,39.0,0,84.17,LogLogisticAFT
BOAMP:19-52455,NAME:ars pays loire,ARS Pays de La Loire,,,NAME,Cloud & Infrastructure,2019-05-22,12.0,2020-05-22,0.027192372084754557,0.04766144810762396,Low,model-estimated recurrence probability,False,48.0,0,85.58,LogLogisticAFT
BOAMP:19-48030,SIREN:224900019,Département de Maine-et-Loire,224900019,,SIREN_ENRICHED,IT Services & Consulting,2019-07-02,48.0,2023-07-02,0.03011539039862432,0.052665650801009156,Low,model-estimated recurrence probability,False,72.0,1,47.01,LogLogisticAFT
BOAMP:19-53794,SIREN:224900019,Département de Maine-et-Loire,224900019,,SIREN_ENRICHED,Software & Applications,2019-04-05,48.0,2023-04-05,0.018325362479525986,0.032341694661489284,Low,duration imputed,True,48.0,0,87.12,LogLogisticAFT
BOAMP:19-56150,SIREN:234400034,Conseil régional des Pays de la Loire,234400034,,SIREN_ENRICHED,Software & Applications,2019-08-12,48.0,2023-08-12,0.019408144837082753,0.03422378122925307,Low,model-estimated recurrence probability,True,48.0,0,82.88,LogLogisticAFT
BOAMP:19-55808,SIREN:538208455,GCS E SANTE PAYS DE LA LOIRE,538208455,,SIREN_ENRICHED,IT Services & Consulting,2019-06-19,48.0,2023-06-19,0.03011539039862432,0.052665650801009156,Low,model-estimated recurrence probability,False,72.0,1,49.28,LogLogisticAFT
BOAMP:19-56876,SIREN:935367433,Conseil départemental Loire-Atlantique,935367433,,SIREN_ENRICHED,Unknown,2019-04-11,24.0,2021-04-11,0.031060798706889048,0.0542793579157933,Low,model-estimated recurrence probability,True,45.0,0,86.93,LogLogisticAFT
BOAMP:19-55110,SIREN:794304097,Nantes Métropole,794304097,,SIREN_ENRICHED,Software & Applications,2019-04-11,48.0,2023-04-11,0.018325362479525986,0.032341694661489284,Low,duration imputed,True,48.0,0,86.93,LogLogisticAFT
BOAMP:19-59985,SIREN:264400136,CHU de Nantes,264400136,,SIREN_ENRICHED,Software & Applications,2019-04-17,77.0,2025-09-17,0.014042014876879838,0.02486516985069276,Low,model-estimated recurrence probability,False,48.0,0,86.73,LogLogisticAFT
BOAMP:19-62635,SIREN:218501914,VILLE DE LA ROCHE SUR YON,218501914,,SIREN_ENRICHED,Cybersecurity,2019-10-18,48.0,2023-10-18,0.024829944982841523,0.04360040516207808,Low,model-estimated recurrence probability,False,50.0,0,80.68,LogLogisticAFT
BOAMP:19-64938,SIREN:214900995,Ville de Cholet,214900995,,SIREN_ENRICHED,Telecom & Networks,2019-04-24,48.0,2023-04-24,0.024400534449156464,0.04286064475862028,Low,model-estimated recurrence probability,False,32.0,0,86.5,LogLogisticAFT
BOAMP:19-54309,SIREN:935367433,Conseil départemental Loire-Atlantique,935367433,,SIREN_ENRICHED,Telecom & Networks,2020-06-22,48.0,2024-06-22,0.023053965923052644,0.04053766633431666,Low,duration imputed,False,32.0,0,72.54,LogLogisticAFT
BOAMP:19-66871,NAME:communaute communes grand lieu,Communauté de Communes de Grand Lieu,,,NAME,IT Services & Consulting,2019-04-26,48.0,2023-04-26,0.021411203055449635,0.037697135463904186,Low,model-estimated recurrence probability,False,72.0,0,86.43,LogLogisticAFT
BOAMP:19-66602,NAME:ctre hosp universitaire angers,CTRE HOSP UNIVERSITAIRE ANGERS,,,NAME,Software & Applications,2019-04-26,48.0,2023-04-26,0.012983205951507926,0.023009308709011744,Low,duration imputed,False,48.0,0,86.43,LogLogisticAFT
BOAMP:19-69736,SIREN:794304097,Nantes Métropole,794304097,,SIREN_ENRICHED,Telecom & Networks,2019-05-05,48.0,2023-05-05,0.023045772060128034,0.040523516156110495,Low,duration imputed,False,32.0,0,86.14,LogLogisticAFT
BOAMP:19-70735,SIREN:227200029,DEPARTEMENT DE LA SARTHE,227200029,,SIREN_ENRICHED,IT Hardware & Equipment,2019-08-02,48.0,2023-08-02,0.024263080024893746,0.04262374315602613,Low,duration imputed,False,30.0,0,83.21,LogLogisticAFT
BOAMP:19-71182,NAME:dir ouest,DIR Ouest,,,NAME,Telecom & Networks,2019-10-03,48.0,2023-10-03,0.017318605501782547,0.03058890380047541,Low,model-estimated recurrence probability,False,32.0,0,81.18,LogLogisticAFT
BOAMP:19-67059,SIREN:794304097,Nantes Métropole,794304097,,SIREN_ENRICHED,Software & Applications,2019-05-08,48.0,2023-05-08,0.019408144837082753,0.03422378122925307,Low,model-estimated recurrence probability,True,48.0,0,86.04,LogLogisticAFT
BOAMP:19-71679,SIREN:227200029,DEPARTEMENT DE LA SARTHE,227200029,,SIREN_ENRICHED,Digital Workplace & Collaboration,2019-08-02,48.0,2023-08-02,0.025687521173899164,0.04507630840251975,Low,model-estimated recurrence probability,False,64.0,0,83.21,LogLogisticAFT
BOAMP:19-73211,SIREN:218502888,Ville de Talmont - Saint Hilaire,218502888,,SIREN_ENRICHED,Software & Applications,2019-05-09,60.0,2024-05-09,0.016979198525490458,0.029997366732865682,Low,model-estimated recurrence probability,True,48.0,0,86.01,LogLogisticAFT
BOAMP:19-75615,SIREN:284400017,SDIS 44,284400017,,SIREN_ENRICHED,IT Maintenance & Support,2019-05-14,48.0,2023-05-14,0.024263080024893746,0.04262374315602613,Low,duration imputed,False,72.0,0,85.84,LogLogisticAFT
BOAMP:19-75795,SIREN:258500222,VENDEE EAU,258500222,,SIREN_ENRICHED,Cybersecurity,2019-05-15,48.0,2023-05-15,0.02345191405095992,0.041224675890017326,Low,duration imputed,False,72.0,0,85.81,LogLogisticAFT
BOAMP:19-74485,SIREN:794304097,Nantes Métropole,794304097,,SIREN_ENRICHED,IT Services & Consulting,2019-08-01,48.0,2023-08-01,0.03011539039862432,0.052665650801009156,Low,model-estimated recurrence probability,False,72.0,0,83.25,LogLogisticAFT
BOAMP:19-78493,NAME:ctre hosp universitaire angers,CTRE HOSP UNIVERSITAIRE ANGERS,,,NAME,Telecom & Networks,2019-05-20,48.0,2023-05-20,0.01635045496483367,0.028900730151900755,Low,duration imputed,False,32.0,0,85.64,LogLogisticAFT
BOAMP:19-78854,NAME:vendee habitat oph vendee,Vendée Habitat - OPH de Vendée,,,NAME,Digital Workplace & Collaboration,2019-08-06,12.0,2020-08-06,0.027192372084754557,0.04766144810762396,Low,model-estimated recurrence probability,False,64.0,0,83.08,LogLogisticAFT
BOAMP:19-80774,SIREN:217500016,Ville du Mans,217500016,,SIREN_ENRICHED,Unknown,2019-05-23,24.0,2021-05-23,0.031060798706889048,0.0542793579157933,Low,model-estimated recurrence probability,False,,1,26.12,LogLogisticAFT
BOAMP:19-80016,NAME:universite maine,Université du Maine,,,NAME,Telecom & Networks,2019-10-10,24.0,2021-10-10,0.02261763616102863,0.03978390749886751,Low,model-estimated recurrence probability,False,32.0,0,80.95,LogLogisticAFT
BOAMP:19-81470,SIREN:935367433,Conseil départemental Loire-Atlantique,935367433,,SIREN_ENRICHED,Telecom & Networks,2019-05-24,12.0,2020-05-24,0.03626673255460733,0.06312330857907145,Low,model-estimated recurrence probability,False,32.0,0,85.51,LogLogisticAFT
BOAMP:19-82021,SIREN:194909701,Université d'Angers,194909701,,SIREN_ENRICHED,Cloud & Infrastructure,2019-05-24,11.0,2020-04-24,0.03857377380705751,0.0670199735392778,Low,model-estimated recurrence probability,True,45.0,0,85.51,LogLogisticAFT
BOAMP:19-80203,SIREN:130029747,Université de Nantes,130029747,,SIREN_ENRICHED,Telecom & Networks,2019-05-24,48.0,2023-05-24,0.024400534449156464,0.04286064475862028,Low,model-estimated recurrence probability,False,32.0,0,85.51,LogLogisticAFT
BOAMP:19-79147,SIREN:248500589,LA ROCHE-SUR-YON AGGLOMERATION,248500589,,SIREN_ENRICHED,Unknown,2019-10-10,19.0,2021-05-10,0.03281466599991423,0.05726678914164529,Low,model-estimated recurrence probability,False,45.0,0,80.95,LogLogisticAFT
BOAMP:19-85688,SIREN:244900015,Angers Loire Métropole,244900015,,SIREN_ENRICHED,IT Services & Consulting,2019-12-09,24.0,2021-12-09,0.03917380814709159,0.06803119149487658,Low,model-estimated recurrence probability,False,72.0,0,78.98,LogLogisticAFT
BOAMP:19-87143,SIREN:214401432,COMMUNE DE REZE,214401432,,SIREN_ENRICHED,Software & Applications,2019-06-05,48.0,2023-06-05,0.019408144837082753,0.03422378122925307,Low,model-estimated recurrence probability,False,,0,85.12,LogLogisticAFT
BOAMP:19-87510,NAME:gpm nantes st nazaire,GPM de Nantes - St Nazaire,,,NAME,Software & Applications,2019-06-06,48.0,2023-06-06,0.012983205951507926,0.023009308709011744,Low,duration imputed,False,48.0,1,39.55,LogLogisticAFT
BOAMP:19-87023,NAME:sec gal adm min interieur ouest,SEC GAL POUR L ADM MIN INTERIEUR OUEST,,,NAME,Unknown,2019-12-16,34.0,2022-10-16,0.01976667265549148,0.034846273341529455,Low,model-estimated recurrence probability,False,45.0,0,78.75,LogLogisticAFT
BOAMP:19-88976,NAME:com agglo reg nazairienne estuaire,COM D AGGLO REG NAZAIRIENNE ESTUAIRE,,,NAME,Cybersecurity,2019-09-20,5.0,2020-02-20,0.028397448006926895,0.04972727613490002,Low,model-estimated recurrence probability,False,35.0,0,81.6,LogLogisticAFT
BOAMP:19-91357,SIREN:200056679,COMMUNE DE VERRIERES EN ANJOU,200056679,,SIREN_ENRICHED,Data & AI,2019-06-14,11.0,2020-05-14,0.03857377380705751,0.0670199735392778,Low,model-estimated recurrence probability,False,45.0,0,84.82,LogLogisticAFT
BOAMP:19-90615,SIREN:214401846,COMMUNE DE SAINT NAZAIRE,214401846,,SIREN_ENRICHED,Telecom & Networks,2019-06-14,48.0,2023-06-14,0.024400534449156464,0.04286064475862028,Low,model-estimated recurrence probability,False,50.0,0,84.82,LogLogisticAFT
BOAMP:19-91082,SIREN:224900019,Département de Maine-et-Loire,224900019,,SIREN_ENRICHED,Telecom & Networks,2019-06-16,12.0,2020-06-16,0.03626673255460733,0.06312330857907145,Low,model-estimated recurrence probability,False,32.0,1,6.14,LogLogisticAFT
BOAMP:19-93739,NAME:communaute agglomeration niortais,Communauté d'agglomération du Niortais,,,NAME,Software & Applications,2019-06-20,48.0,2023-06-20,0.013754761468931731,0.024361981025909474,Low,model-estimated recurrence probability,False,48.0,0,84.63,LogLogisticAFT
BOAMP:19-95263,SIREN:217200955,ville de Coulaines,217200955,,SIREN_ENRICHED,IT Services & Consulting,2019-06-20,48.0,2023-06-20,0.028452582515254954,0.049821699607904724,Low,duration imputed,False,72.0,0,84.63,LogLogisticAFT
BOAMP:19-92498,SIREN:794304097,Nantes Métropole,794304097,,SIREN_ENRICHED,Software & Applications,2019-06-21,60.0,2024-06-21,0.016979198525490458,0.029997366732865682,Low,model-estimated recurrence probability,True,48.0,0,84.59,LogLogisticAFT
BOAMP:19-97686,NAME:synd dep energie eqpt vendee,SYND DEP D ENERGIE ET D EQPT DE VENDEE,,,NAME,Software & Applications,2020-02-10,48.0,2024-02-10,0.013759698463699288,0.02437063118955951,Low,model-estimated recurrence probability,False,48.0,0,76.91,LogLogisticAFT
BOAMP:19-99589,SIREN:200052702,MAIRIE DE BAUGE EN ANJOU,200052702,,SIREN_ENRICHED,IT Services & Consulting,2019-09-24,48.0,2023-09-24,0.03011539039862432,0.052665650801009156,Low,model-estimated recurrence probability,False,72.0,0,81.47,LogLogisticAFT
BOAMP:19-100067,NAME:sec gal adm min interieur ouest,SEC GAL POUR L ADM MIN INTERIEUR OUEST,,,NAME,Unknown,2019-06-30,48.0,2023-06-30,0.015966332954255202,0.0282302258077618,Low,duration imputed,False,,0,84.3,LogLogisticAFT
BOAMP:19-99928,NAME:sec gal adm min interieur ouest,SEC GAL POUR L ADM MIN INTERIEUR OUEST,,,NAME,Unknown,2019-06-30,10.0,2020-04-30,0.025795084317231876,0.045261288006479994,Low,model-estimated recurrence probability,False,,0,84.3,LogLogisticAFT
BOAMP:19-101998,SIREN:214400475,Mairie de Coueron,214400475,,SIREN_ENRICHED,IT Hardware & Equipment,2020-01-08,60.0,2025-01-08,0.022498731083793855,0.039578410631176286,Low,model-estimated recurrence probability,False,30.0,0,77.99,LogLogisticAFT
BOAMP:19-103125,NAME:cnieg,CNIEG,,,NAME,IT Services & Consulting,2019-07-04,12.0,2020-07-04,0.03187115370701388,0.05566067160267174,Low,model-estimated recurrence probability,False,72.0,0,84.17,LogLogisticAFT
BOAMP:19-103833,SIREN:244400404,METROPOLE NANTES METROPOLE,244400404,,SIREN_ENRICHED,Software & Applications,2019-07-05,4.0,2019-11-05,0.03157990638659225,0.05516441643214254,Low,model-estimated recurrence probability,True,48.0,0,84.13,LogLogisticAFT
BOAMP:19-104228,SIREN:214401622,Commune de Saint-Herblain,214401622,,SIREN_ENRICHED,IT Services & Consulting,2019-07-05,48.0,2023-07-05,0.028452582515254954,0.049821699607904724,Low,duration imputed,False,72.0,0,84.13,LogLogisticAFT
BOAMP:19-102776,SIREN:214401432,COMMUNE DE REZE,214401432,,SIREN_ENRICHED,Software & Applications,2019-11-06,48.0,2023-11-06,0.018325362479525986,0.032341694661489284,Low,duration imputed,False,48.0,0,80.06,LogLogisticAFT
BOAMP:19-103545,SIREN:264400136,CHU de Nantes,264400136,,SIREN_ENRICHED,Telecom & Networks,2019-07-06,72.0,2025-07-06,0.01869178135055205,0.032978957391066266,Low,model-estimated recurrence probability,False,32.0,0,84.1,LogLogisticAFT
BOAMP:19-103897,SIREN:225300011,DEPARTEMENT DE LA MAYENNE,225300011,,SIREN_ENRICHED,IT Services & Consulting,2019-10-21,48.0,2023-10-21,0.03011539039862432,0.052665650801009156,Low,model-estimated recurrence probability,False,72.0,0,80.58,LogLogisticAFT
BOAMP:19-105133,SIREN:200084655,Ville de Château-Gontier,200084655,,SIREN_ENRICHED,Cybersecurity,2019-07-10,12.0,2020-07-10,0.03689707148609067,0.06418934180137204,Low,model-estimated recurrence probability,False,35.0,0,83.97,LogLogisticAFT
BOAMP:19-105083,SIREN:794304097,Nantes Métropole,794304097,,SIREN_ENRICHED,Software & Applications,2019-07-10,48.0,2023-07-10,0.019408144837082753,0.03422378122925307,Low,model-estimated recurrence probability,True,48.0,0,83.97,LogLogisticAFT
BOAMP:19-105444,SIREN:247200132,Le Mans Métropole - Communauté Urbaine,247200132,,SIREN_ENRICHED,Software & Applications,2019-07-10,74.0,2025-09-10,0.014521236751347533,0.025704131726351442,Low,model-estimated recurrence probability,False,48.0,0,83.97,LogLogisticAFT
BOAMP:19-106429,NAME:ccir pays loire,CCIR Pays de la Loire,,,NAME,Software & Applications,2019-10-21,48.0,2023-10-21,0.013754761468931731,0.024361981025909474,Low,model-estimated recurrence probability,True,48.0,0,80.58,LogLogisticAFT
BOAMP:19-106682,NAME:gie loire ocean,GIE Loire Océan,,,NAME,IT Services & Consulting,2019-11-21,12.0,2020-11-21,0.03187115370701388,0.05566067160267174,Low,model-estimated recurrence probability,False,72.0,0,79.57,LogLogisticAFT
BOAMP:19-108442,SIREN:451518641,VENDEE,451518641,,SIREN_ENRICHED,IT Services & Consulting,2019-12-17,12.0,2020-12-17,0.044633626458414066,0.07718987133016375,Low,model-estimated recurrence probability,False,72.0,1,35.87,LogLogisticAFT
BOAMP:19-110311,NAME:epf vendee,EPF de la Vendée,,,NAME,IT Services & Consulting,2019-07-16,48.0,2023-07-16,0.020218974085226882,0.03563108402803383,Low,duration imputed,True,72.0,0,83.77,LogLogisticAFT
BOAMP:19-109687,NAME:semitan mandataire nantes metropole,SEMITAN mandataire de Nantes Métropole,,,NAME,Software & Applications,2020-10-08,36.0,2023-10-08,0.015735453992784976,0.027827021433873278,Low,model-estimated recurrence probability,False,48.0,0,68.99,LogLogisticAFT
BOAMP:19-110370,SIREN:214401093,COMMUNE DE NANTES,214401093,,SIREN_ENRICHED,Software & Applications,2019-07-19,60.0,2024-07-19,0.016979198525490458,0.029997366732865682,Low,model-estimated recurrence probability,True,48.0,0,83.67,LogLogisticAFT
BOAMP:19-111839,SIREN:935367433,Conseil départemental Loire-Atlantique,935367433,,SIREN_ENRICHED,Telecom & Networks,2019-07-20,12.0,2020-07-20,0.03626673255460733,0.06312330857907145,Low,model-estimated recurrence probability,False,64.0,1,13.53,LogLogisticAFT
BOAMP:19-112517,NAME:gip vendee numerique,GIP Vendée Numérique,,,NAME,Unknown,2019-10-07,24.0,2021-10-07,0.022089585392393585,0.03887101738432808,Low,model-estimated recurrence probability,False,71.0,0,81.04,LogLogisticAFT
BOAMP:19-114079,SIREN:278000013,Baie de Somme Habitat,278000013,,SIREN_ENRICHED,Cybersecurity,2019-09-27,48.0,2023-09-27,0.024829944982841523,0.04360040516207808,Low,model-estimated recurrence probability,False,72.0,0,81.37,LogLogisticAFT
BOAMP:19-115344,SIREN:831928452,FONDATION PARTENARIALE POLYTECH,831928452,,SIREN_ENRICHED,Telecom & Networks,2020-04-16,48.0,2024-04-16,0.023053965923052644,0.04053766633431666,Low,duration imputed,False,32.0,0,74.74,LogLogisticAFT
BOAMP:19-117328,NAME:ctre hosp universitaire angers,CTRE HOSP UNIVERSITAIRE ANGERS,,,NAME,IT Services & Consulting,2019-07-26,48.0,2023-07-26,0.020218974085226882,0.03563108402803383,Low,duration imputed,True,72.0,0,83.44,LogLogisticAFT
BOAMP:19-118102,NAME:ch mans,CH LE MANS,,,NAME,Telecom & Networks,2019-11-28,48.0,2023-11-28,0.017318605501782547,0.03058890380047541,Low,model-estimated recurrence probability,True,32.0,0,79.34,LogLogisticAFT
BOAMP:19-118142,NAME:comcom estuaire sillon,Comcom Estuaire et Sillon,,,NAME,Unknown,2019-11-29,48.0,2023-11-29,0.015966332954255202,0.0282302258077618,Low,duration imputed,False,71.0,0,79.3,LogLogisticAFT
BOAMP:19-109269,SIREN:214401093,Ville de Nantes,214401093,,SIREN_ENRICHED,Cybersecurity,2019-08-02,24.0,2021-08-02,0.032351581852882005,0.05647878438648568,Low,model-estimated recurrence probability,False,35.0,0,83.21,LogLogisticAFT
BOAMP:19-119207,SIREN:247200132,Le Mans Métropole - Communauté Urbaine,247200132,,SIREN_ENRICHED,Unknown,2019-12-23,10.0,2020-10-23,0.03621547477560627,0.06303657569302756,Low,model-estimated recurrence probability,False,39.0,0,78.52,LogLogisticAFT
BOAMP:19-119269,SIREN:794304097,Nantes Métropole,794304097,,SIREN_ENRICHED,Cybersecurity,2019-08-02,48.0,2023-08-02,0.024829944982841523,0.04360040516207808,Low,model-estimated recurrence probability,False,72.0,0,83.21,LogLogisticAFT
BOAMP:19-120649,NAME:ch mans,CH LE MANS,,,NAME,Data & AI,2020-02-04,48.0,2024-02-04,0.017226500378807685,0.030428408904534687,Low,duration imputed,False,33.0,0,77.1,LogLogisticAFT
BOAMP:19-123299,NAME:mindef ema dc sca pfaf co rennes,MINDEF/EMA/DC SCA/PFAF CO Rennes,,,NAME,Telecom & Networks,2019-11-27,12.0,2020-11-27,0.025831988837715203,0.04532474672884723,Low,model-estimated recurrence probability,False,32.0,0,79.37,LogLogisticAFT
BOAMP:19-124424,NAME:chd vendee,CHD VENDEE,,,NAME,Software & Applications,2020-04-21,48.0,2024-04-21,0.013759698463699288,0.02437063118955951,Low,model-estimated recurrence probability,True,48.0,0,74.57,LogLogisticAFT
BOAMP:19-125270,NAME:ctre hosp universitaire angers,CTRE HOSP UNIVERSITAIRE ANGERS,,,NAME,IT Services & Consulting,2019-08-14,48.0,2023-08-14,0.021411203055449635,0.037697135463904186,Low,model-estimated recurrence probability,True,72.0,0,82.82,LogLogisticAFT
BOAMP:19-126819,NAME:conseil general vendee,Conseil général de la Vendée,,,NAME,Unknown,2019-08-19,48.0,2023-08-19,0.015966332954255202,0.0282302258077618,Low,duration imputed,False,,0,82.65,LogLogisticAFT
BOAMP:19-128681,SIREN:234400034,Conseil régional des Pays de la Loire,234400034,,SIREN_ENRICHED,IT Services & Consulting,2019-12-11,12.0,2020-12-11,0.044633626458414066,0.07718987133016375,Low,model-estimated recurrence probability,True,72.0,0,78.91,LogLogisticAFT
BOAMP:19-130305,NAME:communaute communes grand lieu,Communauté de Communes de Grand Lieu,,,NAME,Cybersecurity,2019-12-20,48.0,2023-12-20,0.016640613337972843,0.029406949791581982,Low,duration imputed,False,35.0,0,78.61,LogLogisticAFT
BOAMP:19-131601,SIREN:284400017,SDIS 44,284400017,,SIREN_ENRICHED,Cybersecurity,2019-08-29,48.0,2023-08-29,0.02345191405095992,0.041224675890017326,Low,duration imputed,False,35.0,0,82.33,LogLogisticAFT
BOAMP:19-131225,SIREN:284400017,SDIS 44,284400017,,SIREN_ENRICHED,Cybersecurity,2019-08-29,48.0,2023-08-29,0.02345191405095992,0.041224675890017326,Low,duration imputed,False,35.0,0,82.33,LogLogisticAFT
BOAMP:19-131092,SIREN:284400017,SDIS 44,284400017,,SIREN_ENRICHED,Cybersecurity,2019-08-30,12.0,2020-08-30,0.03689707148609067,0.06418934180137204,Low,model-estimated recurrence probability,False,35.0,0,82.29,LogLogisticAFT
BOAMP:19-136955,SIREN:244900015,Angers Loire Métropole,244900015,,SIREN_ENRICHED,IT Services & Consulting,2019-09-10,12.0,2020-09-10,0.044633626458414066,0.07718987133016375,Low,model-estimated recurrence probability,False,72.0,0,81.93,LogLogisticAFT
BOAMP:19-137030,SIREN:234400034,Conseil régional des Pays de la Loire,234400034,,SIREN_ENRICHED,Software & Applications,2019-09-12,24.0,2021-09-12,0.025330038716874004,0.0444613134209324,Low,model-estimated recurrence probability,True,48.0,0,81.87,LogLogisticAFT
BOAMP:19-138013,NAME:chbr reg metiers artisanat nouv aquit,CHBR REG METIERS ARTISANAT NOUV AQUIT,,,NAME,Software & Applications,2019-12-13,36.0,2022-12-13,0.015729819401279377,0.027817179430814076,Low,model-estimated recurrence probability,True,48.0,0,78.84,LogLogisticAFT
BOAMP:19-141668,SIREN:288500010,SDIS 85,288500010,,SIREN_ENRICHED,Cybersecurity,2020-02-14,6.0,2020-08-14,0.03940821135294603,0.06842597076067825,Low,model-estimated recurrence probability,False,35.0,0,76.77,LogLogisticAFT
BOAMP:19-142610,SIREN:224900019,Département de Maine-et-Loire,224900019,,SIREN_ENRICHED,Telecom & Networks,2019-09-20,48.0,2023-09-20,0.023045772060128034,0.040523516156110495,Low,duration imputed,False,32.0,0,81.6,LogLogisticAFT
BOAMP:19-142971,SIREN:214400459,MAIRIE DE CORDEMAIS,214400459,,SIREN_ENRICHED,Cybersecurity,2019-09-22,60.0,2024-09-22,0.02173749739814157,0.03826191406316448,Low,model-estimated recurrence probability,False,35.0,0,81.54,LogLogisticAFT
BOAMP:19-145053,SIREN:227200029,DEPARTEMENT DE LA SARTHE,227200029,,SIREN_ENRICHED,IT Services & Consulting,2019-09-24,48.0,2023-09-24,0.03011539039862432,0.052665650801009156,Low,model-estimated recurrence probability,False,72.0,0,81.47,LogLogisticAFT
BOAMP:19-145845,NAME:ctre hosp universitaire angers,CTRE HOSP UNIVERSITAIRE ANGERS,,,NAME,IT Services & Consulting,2019-09-26,48.0,2023-09-26,0.020218974085226882,0.03563108402803383,Low,duration imputed,True,72.0,0,81.41,LogLogisticAFT
BOAMP:19-144868,NAME:conseil general vendee,Conseil général de la Vendée,,,NAME,Cloud & Infrastructure,2020-03-19,24.0,2022-03-19,0.02382134060552088,0.04186206669040371,Low,model-estimated recurrence probability,False,48.0,0,75.66,LogLogisticAFT
BOAMP:19-146419,SIREN:227200029,DEPARTEMENT DE LA SARTHE,227200029,,SIREN_ENRICHED,Telecom & Networks,2020-02-10,48.0,2024-02-10,0.024409197959415985,0.04287557455750057,Low,model-estimated recurrence probability,False,32.0,0,76.91,LogLogisticAFT
BOAMP:19-147943,SIREN:234400034,Conseil régional des Pays de la Loire,234400034,,SIREN_ENRICHED,IT Services & Consulting,2019-12-27,24.0,2021-12-27,0.03917380814709159,0.06803119149487658,Low,model-estimated recurrence probability,False,72.0,0,78.38,LogLogisticAFT
BOAMP:19-147530,SIREN:191700327,Université de La Rochelle,191700327,,SIREN_ENRICHED,Software & Applications,2019-10-27,48.0,2023-10-27,0.019408144837082753,0.03422378122925307,Low,model-estimated recurrence probability,False,48.0,0,80.39,LogLogisticAFT
BOAMP:19-150722,SIREN:214400475,Mairie de Coueron,214400475,,SIREN_ENRICHED,Unknown,2019-10-04,48.0,2023-10-04,0.022507955850368355,0.039594354627428,Low,duration imputed,False,31.0,0,81.14,LogLogisticAFT
BOAMP:19-150176,NAME:chd vendee,CHD VENDEE,,,NAME,IT Services & Consulting,2019-12-27,48.0,2023-12-27,0.021411203055449635,0.037697135463904186,Low,model-estimated recurrence probability,True,72.0,0,78.38,LogLogisticAFT
BOAMP:19-151799,NAME:dir interregionale sces penitentiaires,DIR INTERREGIONALE SCES PENITENTIAIRES,,,NAME,Unknown,2019-10-07,48.0,2023-10-07,0.015966332954255202,0.0282302258077618,Low,duration imputed,True,45.0,0,81.04,LogLogisticAFT
BOAMP:19-151382,SIREN:794304097,Nantes Métropole,794304097,,SIREN_ENRICHED,Software & Applications,2019-10-09,60.0,2024-10-09,0.016979198525490458,0.029997366732865682,Low,model-estimated recurrence probability,True,48.0,0,80.98,LogLogisticAFT
BOAMP:19-152453,NAME:chd vendee,CHD VENDEE,,,NAME,Telecom & Networks,2019-10-10,64.0,2025-02-10,0.014484668215839935,0.02564013424211764,Low,model-estimated recurrence probability,False,32.0,0,80.95,LogLogisticAFT
BOAMP:19-152227,SIREN:217500016,Ville du Mans,217500016,,SIREN_ENRICHED,IT Services & Consulting,2020-06-16,48.0,2024-06-16,0.0301260203349617,0.052683808017586986,Low,model-estimated recurrence probability,False,72.0,0,72.73,LogLogisticAFT
BOAMP:19-153997,SIREN:200054336,COMMUNE DE MAUGES SUR LOIRE,200054336,,SIREN_ENRICHED,Software & Applications,2019-10-10,48.0,2023-10-10,0.018325362479525986,0.032341694661489284,Low,duration imputed,True,48.0,0,80.95,LogLogisticAFT
BOAMP:19-154710,SIREN:218501914,VILLE DE LA ROCHE SUR YON,218501914,,SIREN_ENRICHED,IT Services & Consulting,2019-10-11,24.0,2021-10-11,0.03917380814709159,0.06803119149487658,Low,model-estimated recurrence probability,False,72.0,0,80.91,LogLogisticAFT
BOAMP:19-155590,NAME:etablissement public marais poitevi,ETABLISSEMENT PUBLIC DU MARAIS POITEVI,,,NAME,Digital Workplace & Collaboration,2019-12-20,48.0,2023-12-20,0.018239044771353297,0.032191521001246226,Low,model-estimated recurrence probability,False,72.0,0,78.61,LogLogisticAFT
BOAMP:19-156899,SIREN:794304097,Nantes Métropole,794304097,,SIREN_ENRICHED,Cybersecurity,2020-01-22,48.0,2024-01-22,0.02483875707534766,0.04361558090200657,Low,model-estimated recurrence probability,False,35.0,0,77.53,LogLogisticAFT
BOAMP:19-157359,SIREN:214401846,COMMUNE DE SAINT NAZAIRE,214401846,,SIREN_ENRICHED,Telecom & Networks,2019-12-26,12.0,2020-12-26,0.03626673255460733,0.06312330857907145,Low,model-estimated recurrence probability,False,32.0,0,78.42,LogLogisticAFT
BOAMP:19-156761,NAME:ville alencon,Ville d'Alençon,,,NAME,Software & Applications,2020-03-27,24.0,2022-03-27,0.01798973344915278,0.03175766116236178,Low,model-estimated recurrence probability,False,71.0,1,42.74,LogLogisticAFT
BOAMP:19-159241,SIREN:130013097,ECOLE NATIONALE SUPERIEURE MARITIME,130013097,,SIREN_ENRICHED,Software & Applications,2019-10-20,12.0,2020-10-20,0.028918464739229655,0.05061924922895056,Low,model-estimated recurrence probability,False,48.0,0,80.62,LogLogisticAFT
BOAMP:19-160018,SIREN:198513905,LYCEE POLYVALENT LEONARD DE VINCI,198513905,,SIREN_ENRICHED,Telecom & Networks,2019-10-21,1.0,2019-11-21,0.040891418974927984,0.07092068729680834,Low,model-estimated recurrence probability,False,32.0,1,12.88,LogLogisticAFT
BOAMP:19-160471,SIREN:247200132,Le Mans Métropole - Communauté Urbaine,247200132,,SIREN_ENRICHED,Data & AI,2020-03-16,48.0,2024-03-16,0.02569662959834418,0.04509197363135664,Low,model-estimated recurrence probability,False,72.0,0,75.76,LogLogisticAFT
BOAMP:19-160506,SIREN:200054336,COMMUNE DE MAUGES SUR LOIRE,200054336,,SIREN_ENRICHED,Cybersecurity,2020-01-09,36.0,2023-01-09,0.028359609866186464,0.04966246979908018,Low,model-estimated recurrence probability,False,35.0,0,77.96,LogLogisticAFT
BOAMP:19-161349,NAME:cci metropolitaine bretagne ouest,CCI METROPOLITAINE BRETAGNE OUEST,,,NAME,Software & Applications,2019-10-25,48.0,2023-10-25,0.012983205951507926,0.023009308709011744,Low,duration imputed,False,48.0,0,80.45,LogLogisticAFT
BOAMP:19-163024,SIREN:391722881,GIE SESAM Vitale,391722881,,SIREN_ENRICHED,IT Services & Consulting,2020-08-03,54.0,2025-02-03,0.02819896584584458,0.04938728851889429,Low,model-estimated recurrence probability,False,72.0,0,71.16,LogLogisticAFT
BOAMP:19-165120,SIREN:264400136,CHU de Nantes,264400136,,SIREN_ENRICHED,Telecom & Networks,2019-10-30,12.0,2020-10-30,0.03626673255460733,0.06312330857907145,Low,model-estimated recurrence probability,False,32.0,0,80.29,LogLogisticAFT
BOAMP:19-164716,NAME:conservatoire littoral,Conservatoire du littoral,,,NAME,Cybersecurity,2020-03-26,48.0,2024-03-26,0.017631938532909563,0.031134719888854856,Low,model-estimated recurrence probability,False,72.0,0,75.43,LogLogisticAFT
BOAMP:19-169855,SIREN:391722881,GIE SESAM Vitale,391722881,,SIREN_ENRICHED,IT Services & Consulting,2019-11-12,36.0,2022-11-12,0.03435784459142155,0.05988867693643263,Low,model-estimated recurrence probability,False,72.0,0,79.86,LogLogisticAFT
BOAMP:19-172484,NAME:spr pays loire,SPR Pays de la Loire,,,NAME,IT Services & Consulting,2020-02-10,18.0,2021-08-10,0.02984643759194039,0.05220614770366849,Low,model-estimated recurrence probability,True,72.0,0,76.91,LogLogisticAFT
BOAMP:19-172734,SIREN:217500016,Ville du Mans,217500016,,SIREN_ENRICHED,Data & AI,2020-03-10,48.0,2024-03-10,0.02569662959834418,0.04509197363135664,Low,model-estimated recurrence probability,False,37.0,0,75.95,LogLogisticAFT
BOAMP:19-174809,SIREN:227200029,DEPARTEMENT DE LA SARTHE,227200029,,SIREN_ENRICHED,IT Services & Consulting,2019-11-20,48.0,2023-11-20,0.028452582515254954,0.049821699607904724,Low,duration imputed,False,72.0,0,79.6,LogLogisticAFT
BOAMP:19-173999,SIREN:599200136,Sembreizh société,599200136,,SIREN_ENRICHED,IT Services & Consulting,2019-11-21,60.0,2024-11-21,0.02638247572782071,0.0462708993009775,Low,model-estimated recurrence probability,False,72.0,0,79.57,LogLogisticAFT
BOAMP:19-173933,SIREN:599200136,Sembreizh société,599200136,,SIREN_ENRICHED,IT Services & Consulting,2019-11-21,60.0,2024-11-21,0.02638247572782071,0.0462708993009775,Low,model-estimated recurrence probability,False,72.0,0,79.57,LogLogisticAFT
BOAMP:19-174098,SIREN:234400034,Conseil régional des Pays de la Loire,234400034,,SIREN_ENRICHED,IT Services & Consulting,2020-02-20,24.0,2022-02-20,0.03918750627735346,0.06805426563683281,Low,model-estimated recurrence probability,True,72.0,0,76.58,LogLogisticAFT
BOAMP:19-175237,SIREN:217200542,Commune de Champagné,217200542,,SIREN_ENRICHED,Unknown,2019-11-21,48.0,2023-11-21,0.022507955850368355,0.039594354627428,Low,duration imputed,False,45.0,0,79.57,LogLogisticAFT
BOAMP:19-174412,NAME:semitan,SEMITAN,,,NAME,IT Services & Consulting,2020-06-22,24.0,2022-06-22,0.027936751880059507,0.048937972254878725,Low,model-estimated recurrence probability,False,72.0,0,72.54,LogLogisticAFT
BOAMP:19-177021,SIREN:247200132,Le Mans Métropole - Communauté Urbaine,247200132,,SIREN_ENRICHED,Software & Applications,2020-06-04,61.0,2025-07-04,0.016796830390459982,0.02967939619130011,Low,model-estimated recurrence probability,False,48.0,0,73.13,LogLogisticAFT
BOAMP:19-177026,NAME:arafer,ARAFER,,,NAME,Telecom & Networks,2019-11-27,48.0,2023-11-27,0.017318605501782547,0.03058890380047541,Low,model-estimated recurrence probability,False,32.0,0,79.37,LogLogisticAFT
BOAMP:19-178175,SIREN:214401846,COMMUNE DE SAINT NAZAIRE,214401846,,SIREN_ENRICHED,Software & Applications,2020-03-12,48.0,2024-03-12,0.01941507105412632,0.0342358101301552,Low,model-estimated recurrence probability,False,48.0,0,75.89,LogLogisticAFT
BOAMP:19-177220,NAME:shema,SHEMA,,,NAME,Unknown,2019-11-28,18.0,2021-05-28,0.02360928136431184,0.04149623455646334,Low,model-estimated recurrence probability,True,45.0,0,79.34,LogLogisticAFT
BOAMP:19-172419,NAME:syndicat trivalis,Syndicat Trivalis,,,NAME,Unknown,2019-11-29,48.0,2023-11-29,0.015966332954255202,0.0282302258077618,Low,duration imputed,False,45.0,0,79.3,LogLogisticAFT
BOAMP:19-179524,SIREN:200054336,COMMUNE DE MAUGES SUR LOIRE,200054336,,SIREN_ENRICHED,Telecom & Networks,2020-03-13,48.0,2024-03-13,0.023053965923052644,0.04053766633431666,Low,duration imputed,False,32.0,1,37.02,LogLogisticAFT
BOAMP:19-180395,NAME:e collectivites vendee,e-Collectivités Vendée,,,NAME,Software & Applications,2020-04-10,24.0,2022-04-10,0.01798973344915278,0.03175766116236178,Low,model-estimated recurrence probability,True,48.0,0,74.93,LogLogisticAFT
BOAMP:19-181049,SIREN:233500016,CCI de région Bretagne,233500016,,SIREN_ENRICHED,Digital Workplace & Collaboration,2020-10-05,12.0,2021-10-05,0.03816847097407006,0.06633640324911794,Low,model-estimated recurrence probability,False,72.0,0,69.09,LogLogisticAFT
BOAMP:19-181393,SIREN:228500013,Département de la Vendée,228500013,,SIREN_ENRICHED,IT Services & Consulting,2020-03-11,48.0,2024-03-11,0.028462642748599776,0.049838927916030284,Low,duration imputed,False,72.0,0,75.92,LogLogisticAFT
BOAMP:19-184534,SIREN:214400202,Ville de Bouguenais,214400202,,SIREN_ENRICHED,Telecom & Networks,2019-12-11,12.0,2020-12-11,0.03626673255460733,0.06312330857907145,Low,model-estimated recurrence probability,False,79.0,0,78.91,LogLogisticAFT
BOAMP:19-183493,SIREN:200058899,COMMUNE DE BEAUFORT EN ANJOU,200058899,,SIREN_ENRICHED,Telecom & Networks,2020-03-18,60.0,2025-03-18,0.021368004111884775,0.03762234150387589,Low,model-estimated recurrence probability,False,32.0,0,75.69,LogLogisticAFT
BOAMP:19-184300,NAME:cdc pays saint gilles cx vie,CDC du Pays de Saint Gilles Cx de Vie,,,NAME,Telecom & Networks,2020-02-11,24.0,2022-02-11,0.022625681326758573,0.039797810129567845,Low,model-estimated recurrence probability,False,32.0,0,76.87,LogLogisticAFT
BOAMP:19-184490,SIREN:234400034,Conseil régional des Pays de la Loire,234400034,,SIREN_ENRICHED,IT Services & Consulting,2020-03-30,48.0,2024-03-30,0.0301260203349617,0.052683808017586986,Low,model-estimated recurrence probability,False,72.0,1,42.12,LogLogisticAFT
BOAMP:19-187147,SIREN:214401846,COMMUNE DE SAINT NAZAIRE,214401846,,SIREN_ENRICHED,Software & Applications,2020-03-26,48.0,2024-03-26,0.01941507105412632,0.0342358101301552,Low,model-estimated recurrence probability,False,48.0,0,75.43,LogLogisticAFT
BOAMP:19-187630,NAME:conseil general vendee,Conseil général de la Vendée,,,NAME,Telecom & Networks,2020-04-15,48.0,2024-04-15,0.01635630818029299,0.02891094412554096,Low,duration imputed,False,32.0,0,74.77,LogLogisticAFT
BOAMP:19-185581,SIREN:224900019,Département de Maine-et-Loire,224900019,,SIREN_ENRICHED,Data & AI,2019-12-20,12.0,2020-12-20,0.03815511490571433,0.0663138701120497,Low,model-estimated recurrence probability,False,,0,78.61,LogLogisticAFT
BOAMP:19-190109,SIREN:200054302,MONTREVAULT-SUR-ÈVRE,200054302,,SIREN_ENRICHED,Cybersecurity,2019-12-20,48.0,2023-12-20,0.02345191405095992,0.041224675890017326,Low,duration imputed,False,35.0,0,78.61,LogLogisticAFT
BOAMP:19-189641,NAME:communaute cnes terres montaigu,Communauté de Cnes Terres de Montaigu,,,NAME,Cybersecurity,2020-08-03,24.0,2022-08-03,0.023024594423592726,0.04048694315428969,Low,model-estimated recurrence probability,False,72.0,0,71.16,LogLogisticAFT
BOAMP:19-190328,SIREN:194909701,Université d'Angers,194909701,,SIREN_ENRICHED,Telecom & Networks,2020-06-04,48.0,2024-06-04,0.024409197959415985,0.04287557455750057,Low,model-estimated recurrence probability,False,32.0,0,73.13,LogLogisticAFT
BOAMP:19-191665,SIREN:794304097,Nantes Métropole,794304097,,SIREN_ENRICHED,Cybersecurity,2019-12-26,72.0,2025-12-26,0.01902268583621236,0.033554142254565544,Low,model-estimated recurrence probability,False,72.0,0,78.42,LogLogisticAFT
BOAMP:19-176963,SIREN:244900015,Angers Loire Métropole,244900015,,SIREN_ENRICHED,Digital Workplace & Collaboration,2020-01-06,48.0,2024-01-06,0.02569662959834418,0.04509197363135664,Low,model-estimated recurrence probability,False,72.0,1,46.45,LogLogisticAFT
BOAMP:20-892,SIREN:218501096,Commune des Herbiers,218501096,,SIREN_ENRICHED,Data & AI,2020-01-07,48.0,2024-01-07,0.024271695945570326,0.04263859411027038,Low,duration imputed,False,,0,78.02,LogLogisticAFT
BOAMP:20-2441,SIREN:217500016,Ville du Mans,217500016,,SIREN_ENRICHED,Telecom & Networks,2020-06-29,48.0,2024-06-29,0.024409197959415985,0.04287557455750057,Low,model-estimated recurrence probability,False,32.0,0,72.31,LogLogisticAFT
BOAMP:20-4011,NAME:cnieg,CNIEG,,,NAME,IT Services & Consulting,2020-05-29,24.0,2022-05-29,0.027936751880059507,0.048937972254878725,Low,model-estimated recurrence probability,False,72.0,0,73.32,LogLogisticAFT
BOAMP:20-6019,NAME:cte communes region blain,Cté de Communes de la Région de Blain,,,NAME,Software & Applications,2020-01-14,24.0,2022-01-14,0.01798973344915278,0.03175766116236178,Low,model-estimated recurrence probability,True,48.0,0,77.79,LogLogisticAFT
BOAMP:20-5957,SIREN:234400034,Conseil régional des Pays de la Loire,234400034,,SIREN_ENRICHED,IT Services & Consulting,2020-01-16,12.0,2021-01-16,0.04464914503661832,0.07721579445358495,Low,model-estimated recurrence probability,True,72.0,0,77.73,LogLogisticAFT
BOAMP:20-6008,NAME:ctre hosp universitaire angers,CTRE HOSP UNIVERSITAIRE ANGERS,,,NAME,Data & AI,2020-06-09,12.0,2021-06-09,0.027201999209996885,0.0476779668859012,Low,model-estimated recurrence probability,False,50.0,0,72.96,LogLogisticAFT
BOAMP:20-6485,NAME:cnieg,CNIEG,,,NAME,Cybersecurity,2020-05-25,24.0,2022-05-25,0.023024594423592726,0.04048694315428969,Low,model-estimated recurrence probability,False,72.0,0,73.46,LogLogisticAFT
BOAMP:20-8882,SIREN:532458809,Ville d'Angers,532458809,,SIREN_ENRICHED,Unknown,2020-01-20,12.0,2021-01-20,0.03544400811458537,0.061730357240053824,Low,model-estimated recurrence probability,False,,1,28.88,LogLogisticAFT
BOAMP:20-9474,SIREN:935367433,Conseil départemental Loire-Atlantique,935367433,,SIREN_ENRICHED,Cybersecurity,2020-01-21,36.0,2023-01-21,0.028359609866186464,0.04966246979908018,Low,model-estimated recurrence probability,False,35.0,0,77.56,LogLogisticAFT
BOAMP:20-8874,SIREN:110006012,Ministère des Affaires étrangères,110006012,,SIREN_ENRICHED,IT Services & Consulting,2020-10-14,12.0,2021-10-14,0.04464914503661832,0.07721579445358495,Low,model-estimated recurrence probability,False,72.0,0,68.79,LogLogisticAFT
BOAMP:20-8819,SIREN:214401432,COMMUNE DE REZE,214401432,,SIREN_ENRICHED,Unknown,2020-10-15,12.0,2021-10-15,0.03544400811458537,0.061730357240053824,Low,model-estimated recurrence probability,False,18.0,0,68.76,LogLogisticAFT
BOAMP:20-10119,NAME:conseil general vendee,Conseil général de la Vendée,,,NAME,IT Services & Consulting,2020-09-10,48.0,2024-09-10,0.021418828493262487,0.03771033750342978,Low,model-estimated recurrence probability,False,72.0,0,69.91,LogLogisticAFT
BOAMP:20-10180,NAME:chd vendee,CHD VENDEE,,,NAME,Telecom & Networks,2020-06-12,64.0,2025-10-12,0.014489863346867637,0.025649226306179718,Low,model-estimated recurrence probability,False,32.0,0,72.86,LogLogisticAFT
BOAMP:20-11000,SIREN:794304097,Nantes Métropole,794304097,,SIREN_ENRICHED,Software & Applications,2020-01-25,60.0,2025-01-25,0.016985272935025608,0.03000795629889541,Low,model-estimated recurrence probability,True,48.0,0,77.43,LogLogisticAFT
BOAMP:20-12202,SIREN:234400034,Conseil régional des Pays de la Loire,234400034,,SIREN_ENRICHED,IT Services & Consulting,2020-06-11,12.0,2021-06-11,0.04464914503661832,0.07721579445358495,Low,model-estimated recurrence probability,True,72.0,0,72.9,LogLogisticAFT
BOAMP:20-11443,SIREN:214401846,COMMUNE DE SAINT NAZAIRE,214401846,,SIREN_ENRICHED,Cybersecurity,2020-05-29,12.0,2021-05-29,0.03691000407960343,0.0642112026804661,Low,model-estimated recurrence probability,False,79.0,1,2.17,LogLogisticAFT
BOAMP:20-12070,SIREN:794304097,Nantes Métropole,794304097,,SIREN_ENRICHED,Cybersecurity,2020-01-26,48.0,2024-01-26,0.02483875707534766,0.04361558090200657,Low,model-estimated recurrence probability,False,72.0,0,77.4,LogLogisticAFT
BOAMP:20-13447,NAME:inra angers nantes,INRA ANGERS NANTES,,,NAME,IT Services & Consulting,2020-10-20,48.0,2024-10-20,0.020226183695730815,0.03564358930933087,Low,duration imputed,False,72.0,0,68.59,LogLogisticAFT
BOAMP:20-15000,NAME:cci nantes saint nazaire,CCI Nantes Saint-Nazaire,,,NAME,Digital Workplace & Collaboration,2020-02-01,48.0,2024-02-01,0.01824556153276069,0.032202859425148,Low,model-estimated recurrence probability,False,72.0,0,77.2,LogLogisticAFT
BOAMP:20-16573,SIREN:247200132,Le Mans Métropole - Communauté Urbaine,247200132,,SIREN_ENRICHED,Unknown,2020-02-03,48.0,2024-02-03,0.02251596290121738,0.039608193750538034,Low,duration imputed,False,45.0,0,77.14,LogLogisticAFT
BOAMP:20-17362,NAME:vendee habitat oph vendee,Vendée Habitat - OPH de Vendée,,,NAME,Cybersecurity,2020-02-04,48.0,2024-02-04,0.016646568667879724,0.029417337251655518,Low,duration imputed,False,72.0,0,77.1,LogLogisticAFT
BOAMP:20-16671,SIREN:391722881,GIE SESAM Vitale,391722881,,SIREN_ENRICHED,IT Maintenance & Support,2021-01-18,24.0,2023-01-18,0.033483570079144154,0.05840403414652373,Low,model-estimated recurrence probability,False,72.0,1,22.5,LogLogisticAFT
BOAMP:20-17802,NAME:conseil general vendee,Conseil général de la Vendée,,,NAME,IT Services & Consulting,2020-10-29,48.0,2024-10-29,0.021418828493262487,0.03771033750342978,Low,model-estimated recurrence probability,False,72.0,0,68.3,LogLogisticAFT
BOAMP:20-19986,SIREN:264400136,CHU de Nantes,264400136,,SIREN_ENRICHED,Telecom & Networks,2020-02-09,48.0,2024-02-09,0.024409197959415985,0.04287557455750057,Low,model-estimated recurrence probability,False,32.0,0,76.94,LogLogisticAFT
BOAMP:20-20633,NAME:semitan,SEMITAN,,,NAME,Cybersecurity,2020-02-10,12.0,2021-02-10,0.026295226828612295,0.04612099353388044,Low,model-estimated recurrence probability,False,35.0,0,76.91,LogLogisticAFT
BOAMP:20-20672,NAME:conseil general vendee,Conseil général de la Vendée,,,NAME,IT Services & Consulting,2020-10-28,48.0,2024-10-28,0.021418828493262487,0.03771033750342978,Low,model-estimated recurrence probability,False,72.0,0,68.33,LogLogisticAFT
BOAMP:20-23104,SIREN:180043010,Réseau Canopé,180043010,,SIREN_ENRICHED,IT Services & Consulting,2020-05-12,12.0,2021-05-12,0.04464914503661832,0.07721579445358495,Low,model-estimated recurrence probability,True,72.0,0,73.88,LogLogisticAFT
BOAMP:20-23300,SIREN:200048551,CC PAYS DE CRAON,200048551,,SIREN_ENRICHED,Unknown,2020-06-19,36.0,2023-06-19,0.027223619868043003,0.04771506396443026,Low,model-estimated recurrence probability,False,45.0,0,72.63,LogLogisticAFT
BOAMP:20-23864,SIREN:247200132,Le Mans Métropole - Communauté Urbaine,247200132,,SIREN_ENRICHED,Telecom & Networks,2020-07-29,48.0,2024-07-29,0.024409197959415985,0.04287557455750057,Low,model-estimated recurrence probability,False,42.0,0,71.32,LogLogisticAFT
BOAMP:20-26328,SIREN:794304097,Nantes Métropole,794304097,,SIREN_ENRICHED,IT Services & Consulting,2020-09-28,48.0,2024-09-28,0.028462642748599776,0.049838927916030284,Low,duration imputed,False,72.0,0,69.32,LogLogisticAFT
BOAMP:20-26585,SIREN:794304097,Nantes Métropole,794304097,,SIREN_ENRICHED,Cybersecurity,2021-01-05,48.0,2025-01-05,0.02484757221555922,0.043630761683096986,Low,model-estimated recurrence probability,False,72.0,0,66.06,LogLogisticAFT
BOAMP:20-27109,SIREN:214400202,Ville de Bouguenais,214400202,,SIREN_ENRICHED,Telecom & Networks,2020-02-23,12.0,2021-02-23,0.03627945253396092,0.06314483089834022,Low,model-estimated recurrence probability,False,32.0,1,7.95,LogLogisticAFT
BOAMP:20-27358,SIREN:391722881,GIE SESAM Vitale,391722881,,SIREN_ENRICHED,IT Services & Consulting,2021-01-06,48.0,2025-01-06,0.028472706434784945,0.04985616186909869,Low,duration imputed,False,72.0,0,66.03,LogLogisticAFT
BOAMP:20-28158,NAME:sgami ouest,SGAMI OUEST,,,NAME,Cybersecurity,2020-08-07,48.0,2024-08-07,0.017631938532909563,0.031134719888854856,Low,model-estimated recurrence probability,False,35.0,0,71.02,LogLogisticAFT
BOAMP:20-29244,SIREN:214401093,COMMUNE DE NANTES,214401093,,SIREN_ENRICHED,Cybersecurity,2020-02-27,48.0,2024-02-27,0.02483875707534766,0.04361558090200657,Low,model-estimated recurrence probability,False,35.0,0,76.35,LogLogisticAFT
BOAMP:20-29934,SIREN:214401093,Ville de Nantes,214401093,,SIREN_ENRICHED,Cybersecurity,2020-02-28,48.0,2024-02-28,0.02483875707534766,0.04361558090200657,Low,model-estimated recurrence probability,False,35.0,0,76.31,LogLogisticAFT
BOAMP:20-31844,SIREN:130029747,Université de Nantes,130029747,,SIREN_ENRICHED,IT Services & Consulting,2020-06-03,48.0,2024-06-03,0.028462642748599776,0.049838927916030284,Low,duration imputed,False,72.0,0,73.16,LogLogisticAFT
BOAMP:20-32737,SIREN:234400034,Conseil régional des Pays de la Loire,234400034,,SIREN_ENRICHED,Digital Workplace & Collaboration,2020-10-29,12.0,2021-10-29,0.03816847097407006,0.06633640324911794,Low,model-estimated recurrence probability,False,72.0,0,68.3,LogLogisticAFT
BOAMP:20-32203,SIREN:794304097,Nantes Métropole,794304097,,SIREN_ENRICHED,IT Services & Consulting,2020-03-06,48.0,2024-03-06,0.0301260203349617,0.052683808017586986,Low,model-estimated recurrence probability,False,72.0,0,76.08,LogLogisticAFT
BOAMP:20-34709,SIREN:546650169,Vendée Expansion,546650169,,SIREN_ENRICHED,IT Hardware & Equipment,2020-03-08,6.0,2020-09-08,0.04074825213565225,0.07068013150676955,Low,model-estimated recurrence probability,False,79.0,0,76.02,LogLogisticAFT
BOAMP:20-36082,SIREN:214400491,COMMUNE DU CROISIC,214400491,,SIREN_ENRICHED,Unknown,2020-03-10,1.0,2020-04-10,0.039968132749449437,0.06936841019207007,Low,model-estimated recurrence probability,False,,0,75.95,LogLogisticAFT
BOAMP:20-35774,SIREN:935367433,Conseil départemental Loire-Atlantique,935367433,,SIREN_ENRICHED,IT Services & Consulting,2020-10-26,12.0,2021-10-26,0.04464914503661832,0.07721579445358495,Low,model-estimated recurrence probability,False,72.0,1,7.46,LogLogisticAFT
BOAMP:20-28749,SIREN:214401093,COMMUNE DE NANTES,214401093,,SIREN_ENRICHED,Telecom & Networks,2020-03-11,48.0,2024-03-11,0.024409197959415985,0.04287557455750057,Low,model-estimated recurrence probability,False,32.0,0,75.92,LogLogisticAFT
BOAMP:20-35511,NAME:cci reg ctre val loire,CCI DE REG CTRE VAL DE LOIRE,,,NAME,IT Hardware & Equipment,2020-06-10,48.0,2024-06-10,0.01824556153276069,0.032202859425148,Low,model-estimated recurrence probability,False,30.0,0,72.93,LogLogisticAFT
BOAMP:20-34392,SIREN:794304097,Nantes Métropole,794304097,,SIREN_ENRICHED,Cybersecurity,2020-03-11,48.0,2024-03-11,0.02483875707534766,0.04361558090200657,Low,model-estimated recurrence probability,False,72.0,0,75.92,LogLogisticAFT
BOAMP:20-37796,NAME:communaute agglomeration niortais,Communauté d'agglomération du Niortais,,,NAME,IT Services & Consulting,2020-03-12,48.0,2024-03-12,0.021418828493262487,0.03771033750342978,Low,model-estimated recurrence probability,False,72.0,0,75.89,LogLogisticAFT
BOAMP:20-38676,SIREN:214401093,COMMUNE DE NANTES,214401093,,SIREN_ENRICHED,Software & Applications,2020-03-15,60.0,2025-03-15,0.016985272935025608,0.03000795629889541,Low,model-estimated recurrence probability,True,48.0,0,75.79,LogLogisticAFT
BOAMP:20-45001,SIREN:451518641,VENDEE,451518641,,SIREN_ENRICHED,Telecom & Networks,2020-03-27,48.0,2024-03-27,0.023053965923052644,0.04053766633431666,Low,duration imputed,False,32.0,0,75.39,LogLogisticAFT
BOAMP:20-47300,SIREN:194909701,Université d'Angers,194909701,,SIREN_ENRICHED,Software & Applications,2020-09-03,48.0,2024-09-03,0.01941507105412632,0.0342358101301552,Low,model-estimated recurrence probability,False,48.0,0,70.14,LogLogisticAFT
BOAMP:20-47343,NAME:cci metropolitaine bretagne ouest,CCI METROPOLITAINE BRETAGNE OUEST,,,NAME,Software & Applications,2020-04-02,48.0,2024-04-02,0.013759698463699288,0.02437063118955951,Low,model-estimated recurrence probability,False,48.0,0,75.2,LogLogisticAFT
BOAMP:20-48669,NAME:ville orvault,Ville d'Orvault,,,NAME,Data & AI,2020-04-03,48.0,2024-04-03,0.017226500378807685,0.030428408904534687,Low,duration imputed,False,72.0,0,75.16,LogLogisticAFT
BOAMP:20-50348,NAME:cte communes region blain,Cté de Communes de la Région de Blain,,,NAME,IT Services & Consulting,2020-04-08,48.0,2024-04-08,0.021418828493262487,0.03771033750342978,Low,model-estimated recurrence probability,True,72.0,0,75.0,LogLogisticAFT
BOAMP:20-49128,NAME:epf vendee,EPF de la Vendée,,,NAME,Unknown,2020-07-07,6.0,2021-01-07,0.026970223657196923,0.047280204613625365,Low,model-estimated recurrence probability,False,79.0,0,72.04,LogLogisticAFT
BOAMP:20-49221,NAME:conseil general vendee,Conseil général de la Vendée,,,NAME,IT Services & Consulting,2020-09-23,48.0,2024-09-23,0.021418828493262487,0.03771033750342978,Low,model-estimated recurrence probability,False,72.0,0,69.48,LogLogisticAFT
BOAMP:20-50446,SIREN:264400136,CHU de Nantes,264400136,,SIREN_ENRICHED,IT Services & Consulting,2020-11-04,48.0,2024-11-04,0.028462642748599776,0.049838927916030284,Low,duration imputed,True,72.0,0,68.1,LogLogisticAFT
BOAMP:20-50911,SIREN:284400017,SDIS 44,284400017,,SIREN_ENRICHED,Software & Applications,2020-07-24,48.0,2024-07-24,0.01941507105412632,0.0342358101301552,Low,model-estimated recurrence probability,False,48.0,0,71.48,LogLogisticAFT
BOAMP:20-52846,SIREN:285300018,Sdis de la Mayenne,285300018,,SIREN_ENRICHED,Cybersecurity,2020-11-12,12.0,2021-11-12,0.03691000407960343,0.0642112026804661,Low,model-estimated recurrence probability,False,35.0,0,67.84,LogLogisticAFT
BOAMP:20-51762,SIREN:502035785,SRD,502035785,,SIREN_ENRICHED,IT Services & Consulting,2020-07-16,12.0,2021-07-16,0.04464914503661832,0.07721579445358495,Low,model-estimated recurrence probability,False,72.0,0,71.75,LogLogisticAFT
BOAMP:20-54010,SIREN:788058030,Adoma,788058030,,SIREN_ENRICHED,Telecom & Networks,2020-04-19,24.0,2022-04-19,0.03180753686190485,0.055552294133890845,Low,model-estimated recurrence probability,False,32.0,0,74.64,LogLogisticAFT
BOAMP:20-54626,SIREN:180043010,Réseau Canopé,180043010,,SIREN_ENRICHED,Software & Applications,2020-04-22,12.0,2021-04-22,0.028928684793840587,0.050636738631700706,Low,model-estimated recurrence probability,False,48.0,0,74.54,LogLogisticAFT
BOAMP:20-54283,SIREN:794304097,Nantes Métropole,794304097,,SIREN_ENRICHED,Cybersecurity,2020-04-23,48.0,2024-04-23,0.02483875707534766,0.04361558090200657,Low,model-estimated recurrence probability,False,72.0,0,74.51,LogLogisticAFT
BOAMP:20-56147,SIREN:200069474,COMMUNE DE OMBREE D ANJOU,200069474,,SIREN_ENRICHED,Telecom & Networks,2020-04-23,12.0,2021-04-23,0.03627945253396092,0.06314483089834022,Low,model-estimated recurrence probability,False,32.0,0,74.51,LogLogisticAFT
BOAMP:20-56877,NAME:ville ecouflant,Ville d'Ecouflant,,,NAME,Telecom & Networks,2020-04-24,4.0,2020-08-24,0.028227607733307458,0.04943635673601798,Low,model-estimated recurrence probability,False,32.0,0,74.47,LogLogisticAFT
BOAMP:20-58079,SIREN:228500013,Département de la Vendée,228500013,,SIREN_ENRICHED,IT Maintenance & Support,2020-08-20,36.0,2023-08-20,0.02933542629262742,0.051332564123267255,Low,model-estimated recurrence probability,False,79.0,0,70.6,LogLogisticAFT
BOAMP:20-49949,SIREN:794304097,Nantes Métropole,794304097,,SIREN_ENRICHED,Software & Applications,2020-10-08,48.0,2024-10-08,0.01941507105412632,0.0342358101301552,Low,model-estimated recurrence probability,False,48.0,0,68.99,LogLogisticAFT
BOAMP:20-59734,NAME:gpm nantes st nazaire,GPM de Nantes - St Nazaire,,,NAME,IT Hardware & Equipment,2020-09-28,48.0,2024-09-28,0.017226500378807685,0.030428408904534687,Low,duration imputed,False,30.0,0,69.32,LogLogisticAFT
BOAMP:20-57925,SIREN:248500589,LA ROCHE-SUR-YON AGGLOMERATION,248500589,,SIREN_ENRICHED,Telecom & Networks,2020-09-24,24.0,2022-09-24,0.03180753686190485,0.055552294133890845,Low,model-estimated recurrence probability,False,32.0,0,69.45,LogLogisticAFT
BOAMP:20-60923,SIREN:451518641,VENDEE,451518641,,SIREN_ENRICHED,Telecom & Networks,2020-08-10,48.0,2024-08-10,0.023053965923052644,0.04053766633431666,Low,duration imputed,False,32.0,0,70.93,LogLogisticAFT
BOAMP:20-61130,SIREN:214400202,Ville de Bouguenais,214400202,,SIREN_ENRICHED,Telecom & Networks,2020-10-22,12.0,2021-10-22,0.03627945253396092,0.06314483089834022,Low,model-estimated recurrence probability,False,32.0,0,68.53,LogLogisticAFT
BOAMP:20-61728,NAME:conseil general vendee,Conseil général de la Vendée,,,NAME,Digital Workplace & Collaboration,2020-10-28,48.0,2024-10-28,0.01824556153276069,0.032202859425148,Low,model-estimated recurrence probability,False,72.0,0,68.33,LogLogisticAFT
BOAMP:20-62727,SIREN:264400136,CHU de Nantes,264400136,,SIREN_ENRICHED,IT Services & Consulting,2020-08-05,12.0,2021-08-05,0.04464914503661832,0.07721579445358495,Low,model-estimated recurrence probability,False,72.0,0,71.09,LogLogisticAFT
BOAMP:20-64610,NAME:cnieg,CNIEG,,,NAME,IT Services & Consulting,2020-09-21,48.0,2024-09-21,0.021418828493262487,0.03771033750342978,Low,model-estimated recurrence probability,False,72.0,0,69.55,LogLogisticAFT
BOAMP:20-60975,SIREN:254902505,ANGERS NANTES OPERA syndicat mixte,254902505,,SIREN_ENRICHED,Software & Applications,2020-05-19,48.0,2024-05-19,0.018331909506137944,0.032353084211015015,Low,duration imputed,False,48.0,0,73.65,LogLogisticAFT
BOAMP:20-65753,SIREN:234400034,Conseil régional des Pays de la Loire,234400034,,SIREN_ENRICHED,Software & Applications,2020-07-22,12.0,2021-07-22,0.028928684793840587,0.050636738631700706,Low,model-estimated recurrence probability,False,48.0,1,14.55,LogLogisticAFT
BOAMP:20-65717,SIREN:445400104,ASSOCIATION E-TOILE,445400104,,SIREN_ENRICHED,IT Services & Consulting,2020-05-20,48.0,2024-05-20,0.0301260203349617,0.052683808017586986,Low,model-estimated recurrence probability,True,72.0,0,73.62,LogLogisticAFT
BOAMP:20-66643,SIREN:794304097,Nantes Métropole,794304097,,SIREN_ENRICHED,Cybersecurity,2020-05-22,48.0,2024-05-22,0.02483875707534766,0.04361558090200657,Low,model-estimated recurrence probability,False,72.0,0,73.55,LogLogisticAFT
BOAMP:20-67250,SIREN:174404301,Rectorat de l'Académie de Nantes,174404301,,SIREN_ENRICHED,Telecom & Networks,2020-05-22,48.0,2024-05-22,0.023053965923052644,0.04053766633431666,Low,duration imputed,False,32.0,0,73.55,LogLogisticAFT
BOAMP:20-67439,SIREN:284400017,SDIS 44,284400017,,SIREN_ENRICHED,Cybersecurity,2020-05-25,48.0,2024-05-25,0.023460248848950815,0.04123906037907887,Low,duration imputed,False,35.0,1,42.58,LogLogisticAFT
BOAMP:20-68370,NAME:synd dep energie eqpt vendee,SYND DEP D ENERGIE ET D EQPT DE VENDEE,,,NAME,Data & AI,2020-05-26,48.0,2024-05-26,0.017226500378807685,0.030428408904534687,Low,duration imputed,False,72.0,0,73.42,LogLogisticAFT
BOAMP:20-68352,SIREN:935367433,Conseil départemental Loire-Atlantique,935367433,,SIREN_ENRICHED,IT Maintenance & Support,2020-05-28,12.0,2021-05-28,0.03816847097407006,0.06633640324911794,Low,model-estimated recurrence probability,False,72.0,1,12.42,LogLogisticAFT
BOAMP:20-68923,SIREN:264400136,CHU de Nantes,264400136,,SIREN_ENRICHED,IT Services & Consulting,2020-05-29,12.0,2021-05-29,0.04464914503661832,0.07721579445358495,Low,model-estimated recurrence probability,False,72.0,1,12.35,LogLogisticAFT
BOAMP:20-70268,SIREN:214401846,COMMUNE DE SAINT NAZAIRE,214401846,,SIREN_ENRICHED,IT Services & Consulting,2020-09-28,25.0,2022-10-28,0.038762454816139824,0.06733805169560947,Low,model-estimated recurrence probability,False,72.0,0,69.32,LogLogisticAFT
BOAMP:20-70265,SIREN:228500013,Département de la Vendée,228500013,,SIREN_ENRICHED,Cybersecurity,2020-09-19,12.0,2021-09-19,0.03691000407960343,0.0642112026804661,Low,model-estimated recurrence probability,False,35.0,0,69.61,LogLogisticAFT
BOAMP:20-70855,SIREN:234400034,Conseil régional des Pays de la Loire,234400034,,SIREN_ENRICHED,Telecom & Networks,2020-06-02,12.0,2021-06-02,0.03627945253396092,0.06314483089834022,Low,model-estimated recurrence probability,False,32.0,0,73.19,LogLogisticAFT
BOAMP:20-71814,SIREN:828620831,SAINT NAZAIRE AGGLOMERATION TOURISME,828620831,,SIREN_ENRICHED,GIS & Mapping,2020-06-04,48.0,2024-06-04,0.024271695945570326,0.04263859411027038,Low,duration imputed,False,,0,73.13,LogLogisticAFT
BOAMP:20-70746,NAME:ch mans,CH LE MANS,,,NAME,Unknown,2020-10-15,36.0,2023-10-15,0.019338569724368537,0.03410294153051252,Low,model-estimated recurrence probability,False,45.0,0,68.76,LogLogisticAFT
BOAMP:20-71239,NAME:shema,SHEMA,,,NAME,Telecom & Networks,2020-06-05,18.0,2021-12-05,0.024181347064408776,0.042482853103846696,Low,model-estimated recurrence probability,True,45.0,0,73.09,LogLogisticAFT
BOAMP:20-70680,SIREN:224900019,Département de Maine-et-Loire,224900019,,SIREN_ENRICHED,Telecom & Networks,2020-07-27,64.0,2025-11-27,0.02043912148817828,0.036012872920089034,Low,model-estimated recurrence probability,False,32.0,0,71.39,LogLogisticAFT
BOAMP:20-72064,NAME:dir ouest,DIR Ouest,,,NAME,Telecom & Networks,2020-06-06,8.0,2021-02-06,0.027008762815674325,0.04734635359058326,Low,model-estimated recurrence probability,False,32.0,0,73.06,LogLogisticAFT
BOAMP:20-72791,SIREN:983291931,MASH,983291931,,SIREN_ENRICHED,IT Services & Consulting,2020-09-21,16.0,2022-01-21,0.04275242658352141,0.07404284990813426,Low,model-estimated recurrence probability,False,72.0,1,13.21,LogLogisticAFT
BOAMP:20-74988,SIREN:214401119,Commune de Notre Dame des Landes,214401119,,SIREN_ENRICHED,Data & AI,2020-06-11,48.0,2024-06-11,0.024271695945570326,0.04263859411027038,Low,duration imputed,False,,0,72.9,LogLogisticAFT
BOAMP:20-75569,NAME:crous nantes,CROUS de Nantes,,,NAME,IT Services & Consulting,2020-10-27,12.0,2021-10-27,0.03188238300912105,0.055679800704534044,Low,model-estimated recurrence probability,False,72.0,0,68.36,LogLogisticAFT
BOAMP:20-76288,SIREN:200083392,Laval Agglomération,200083392,,SIREN_ENRICHED,Cybersecurity,2020-06-17,48.0,2024-06-17,0.02483875707534766,0.04361558090200657,Low,model-estimated recurrence probability,False,35.0,0,72.7,LogLogisticAFT
BOAMP:20-78012,SIREN:794304097,Nantes Métropole,794304097,,SIREN_ENRICHED,Software & Applications,2020-06-18,48.0,2024-06-18,0.01941507105412632,0.0342358101301552,Low,model-estimated recurrence probability,False,48.0,0,72.67,LogLogisticAFT
BOAMP:20-77757,SIREN:213502883,Ville de Saint-Malo,213502883,,SIREN_ENRICHED,Unknown,2020-06-19,12.0,2021-06-19,0.03544400811458537,0.061730357240053824,Low,model-estimated recurrence probability,False,50.0,0,72.63,LogLogisticAFT
BOAMP:20-79138,NAME:agce enst fr etranger,AGCE POUR L ENST FR A L ETRANGER,,,NAME,Software & Applications,2020-06-19,48.0,2024-06-19,0.013759698463699288,0.02437063118955951,Low,model-estimated recurrence probability,False,,0,72.63,LogLogisticAFT
BOAMP:20-78639,SIREN:200052702,MAIRIE DE BAUGE EN ANJOU,200052702,,SIREN_ENRICHED,Unknown,2020-09-21,6.0,2021-03-21,0.03784689053671053,0.06579373380611409,Low,model-estimated recurrence probability,False,39.0,0,69.55,LogLogisticAFT
BOAMP:20-81059,SIREN:200060010,MAUGES COMMUNAUTE,200060010,,SIREN_ENRICHED,Software & Applications,2020-06-24,48.0,2024-06-24,0.018331909506137944,0.032353084211015015,Low,duration imputed,False,48.0,0,72.47,LogLogisticAFT
BOAMP:20-84141,SIREN:246100663,Communauté urbaine d'Alençon,246100663,,SIREN_ENRICHED,IT Services & Consulting,2020-10-30,12.0,2021-10-30,0.04464914503661832,0.07721579445358495,Low,model-estimated recurrence probability,False,72.0,0,68.27,LogLogisticAFT
BOAMP:20-85580,NAME:communaute communes vie boulogne,Communauté de Communes Vie et Boulogne,,,NAME,IT Services & Consulting,2020-07-05,24.0,2022-07-05,0.027936751880059507,0.048937972254878725,Low,model-estimated recurrence probability,False,72.0,0,72.11,LogLogisticAFT
BOAMP:20-86183,SIREN:317665420,DRAGAGES PORTS,317665420,,SIREN_ENRICHED,Cybersecurity,2020-07-06,48.0,2024-07-06,0.023460248848950815,0.04123906037907887,Low,duration imputed,False,35.0,0,72.08,LogLogisticAFT
BOAMP:20-86796,SIREN:794304097,Nantes Métropole,794304097,,SIREN_ENRICHED,Data & AI,2020-07-07,48.0,2024-07-07,0.024271695945570326,0.04263859411027038,Low,duration imputed,False,72.0,0,72.04,LogLogisticAFT
BOAMP:20-88363,SIREN:225300011,DEPARTEMENT DE LA MAYENNE,225300011,,SIREN_ENRICHED,Digital Workplace & Collaboration,2020-07-09,48.0,2024-07-09,0.02569662959834418,0.04509197363135664,Low,model-estimated recurrence probability,False,72.0,0,71.98,LogLogisticAFT
BOAMP:20-88562,SIREN:451518641,VENDEE,451518641,,SIREN_ENRICHED,Telecom & Networks,2020-09-01,48.0,2024-09-01,0.023053965923052644,0.04053766633431666,Low,duration imputed,False,32.0,0,70.2,LogLogisticAFT
BOAMP:20-91666,SIREN:214400475,Mairie de Coueron,214400475,,SIREN_ENRICHED,Unknown,2020-07-17,48.0,2024-07-17,0.02251596290121738,0.039608193750538034,Low,duration imputed,False,,0,71.71,LogLogisticAFT
BOAMP:20-91874,SIREN:317665420,DRAGAGES PORTS,317665420,,SIREN_ENRICHED,IT Services & Consulting,2020-07-17,48.0,2024-07-17,0.028462642748599776,0.049838927916030284,Low,duration imputed,False,72.0,0,71.71,LogLogisticAFT
BOAMP:20-91479,SIREN:258500222,VENDEE EAU,258500222,,SIREN_ENRICHED,IT Services & Consulting,2021-01-07,24.0,2023-01-07,0.03920120900209367,0.06807734703317825,Low,model-estimated recurrence probability,False,72.0,0,66.0,LogLogisticAFT
BOAMP:20-91196,NAME:espacil habitat,Espacil Habitat,,,NAME,IT Services & Consulting,2020-07-19,48.0,2024-07-19,0.020226183695730815,0.03564358930933087,Low,duration imputed,True,72.0,0,71.65,LogLogisticAFT
BOAMP:20-85492,SIREN:244900015,Angers Loire Métropole,244900015,,SIREN_ENRICHED,Telecom & Networks,2020-12-03,24.0,2022-12-03,0.03180753686190485,0.055552294133890845,Low,model-estimated recurrence probability,False,32.0,0,67.15,LogLogisticAFT
BOAMP:20-93724,NAME:arafer,ARAFER,,,NAME,IT Services & Consulting,2020-12-09,48.0,2024-12-09,0.021418828493262487,0.03771033750342978,Low,model-estimated recurrence probability,False,72.0,0,66.95,LogLogisticAFT
BOAMP:20-94120,NAME:arafer,ARAFER,,,NAME,IT Services & Consulting,2020-12-10,48.0,2024-12-10,0.021418828493262487,0.03771033750342978,Low,model-estimated recurrence probability,False,72.0,0,66.92,LogLogisticAFT
BOAMP:20-93913,SIREN:214401093,COMMUNE DE NANTES,214401093,,SIREN_ENRICHED,Cybersecurity,2020-07-25,48.0,2024-07-25,0.02483875707534766,0.04361558090200657,Low,model-estimated recurrence probability,False,35.0,0,71.45,LogLogisticAFT
BOAMP:20-94462,NAME:ch mans,CH LE MANS,,,NAME,Software & Applications,2020-10-06,12.0,2021-10-06,0.02056021751520709,0.03622282700757451,Low,model-estimated recurrence probability,False,48.0,0,69.05,LogLogisticAFT
BOAMP:20-96647,SIREN:214401432,COMMUNE DE REZE,214401432,,SIREN_ENRICHED,Software & Applications,2020-11-02,12.0,2021-11-02,0.028928684793840587,0.050636738631700706,Low,model-estimated recurrence probability,False,48.0,0,68.17,LogLogisticAFT
BOAMP:20-97584,SIREN:391722881,GIE SESAM Vitale,391722881,,SIREN_ENRICHED,IT Services & Consulting,2020-07-31,36.0,2023-07-31,0.03436991893571417,0.05990916690983561,Low,model-estimated recurrence probability,False,72.0,0,71.25,LogLogisticAFT
BOAMP:20-97380,NAME:cci nantes saint nazaire,CCI Nantes Saint-Nazaire,,,NAME,IT Services & Consulting,2020-11-18,48.0,2024-11-18,0.021418828493262487,0.03771033750342978,Low,model-estimated recurrence probability,False,72.0,0,67.64,LogLogisticAFT
BOAMP:20-98331,SIREN:214401846,COMMUNE DE SAINT NAZAIRE,214401846,,SIREN_ENRICHED,Unknown,2020-08-03,36.0,2023-08-03,0.027223619868043003,0.04771506396443026,Low,model-estimated recurrence probability,False,79.0,0,71.16,LogLogisticAFT
BOAMP:20-98264,SIREN:794304097,Nantes Métropole,794304097,,SIREN_ENRICHED,IT Services & Consulting,2020-08-05,18.0,2022-02-05,0.041833167710245256,0.0725017451725708,Low,model-estimated recurrence probability,False,72.0,1,26.08,LogLogisticAFT
BOAMP:20-98214,SIREN:794304097,Nantes Métropole,794304097,,SIREN_ENRICHED,IT Services & Consulting,2020-08-05,18.0,2022-02-05,0.041833167710245256,0.0725017451725708,Low,model-estimated recurrence probability,False,72.0,1,26.08,LogLogisticAFT
BOAMP:20-98937,NAME:cap atlantique,Cap Atlantique,,,NAME,Cybersecurity,2020-12-30,12.0,2021-12-30,0.026295226828612295,0.04612099353388044,Low,model-estimated recurrence probability,False,35.0,0,66.26,LogLogisticAFT
BOAMP:20-100172,SIREN:246100663,Communauté urbaine d'Alençon,246100663,,SIREN_ENRICHED,IT Services & Consulting,2020-08-07,1.0,2020-09-07,0.050286970512537055,0.08659306685681423,Low,model-estimated recurrence probability,False,72.0,0,71.02,LogLogisticAFT
BOAMP:20-101410,NAME:comsopgn,COMSOPGN,,,NAME,Telecom & Networks,2020-08-15,48.0,2024-08-15,0.017324799196190788,0.030599695601354004,Low,model-estimated recurrence probability,False,32.0,0,70.76,LogLogisticAFT
BOAMP:20-103852,NAME:ch mans,CH LE MANS,,,NAME,Software & Applications,2020-08-22,48.0,2024-08-22,0.013759698463699288,0.02437063118955951,Low,model-estimated recurrence probability,False,48.0,0,70.53,LogLogisticAFT
BOAMP:20-105702,NAME:comcom vallees haut anjou,ComCom des Vallées du Haut-Anjou,,,NAME,Digital Workplace & Collaboration,2020-12-04,48.0,2024-12-04,0.01824556153276069,0.032202859425148,Low,model-estimated recurrence probability,False,72.0,0,67.12,LogLogisticAFT
BOAMP:20-106379,SIREN:194909701,Université d'Angers,194909701,,SIREN_ENRICHED,Software & Applications,2020-08-29,36.0,2023-08-29,0.022184615237186844,0.039035359511806034,Low,model-estimated recurrence probability,False,48.0,0,70.3,LogLogisticAFT
BOAMP:20-107792,NAME:com agglo reg nazairienne estuaire,COM D AGGLO REG NAZAIRIENNE ESTUAIRE,,,NAME,IT Services & Consulting,2021-01-07,12.0,2022-01-07,0.03189361613735686,0.055698935992806176,Low,model-estimated recurrence probability,False,72.0,0,66.0,LogLogisticAFT
BOAMP:20-107502,SIREN:935367433,Conseil départemental Loire-Atlantique,935367433,,SIREN_ENRICHED,IT Services & Consulting,2020-09-04,60.0,2025-09-04,0.02639182389816619,0.04628695955903728,Low,model-estimated recurrence probability,False,72.0,0,70.11,LogLogisticAFT
BOAMP:20-109382,SIREN:214401846,COMMUNE DE SAINT NAZAIRE,214401846,,SIREN_ENRICHED,IT Hardware & Equipment,2020-12-03,12.0,2021-12-03,0.03816847097407006,0.06633640324911794,Low,model-estimated recurrence probability,False,30.0,0,67.15,LogLogisticAFT
BOAMP:20-110872,NAME:cte cnes pays ancenis,Cté de Cnes du Pays d'Ancenis,,,NAME,Telecom & Networks,2020-09-09,36.0,2023-09-09,0.01980218922538135,0.034907919896002504,Low,model-estimated recurrence probability,False,50.0,0,69.94,LogLogisticAFT
BOAMP:20-110309,SIREN:234400034,Conseil régional des Pays de la Loire,234400034,,SIREN_ENRICHED,IT Services & Consulting,2021-01-11,6.0,2021-07-11,0.04766176606474126,0.08223664153242571,Low,model-estimated recurrence probability,False,72.0,0,65.87,LogLogisticAFT
BOAMP:20-111698,SIREN:234400034,Conseil régional des Pays de la Loire,234400034,,SIREN_ENRICHED,Telecom & Networks,2020-12-04,12.0,2021-12-04,0.03627945253396092,0.06314483089834022,Low,model-estimated recurrence probability,False,32.0,0,67.12,LogLogisticAFT
BOAMP:20-114032,SIREN:214400269,Ville de Carquefou,214400269,,SIREN_ENRICHED,Cybersecurity,2020-09-17,12.0,2021-09-17,0.03691000407960343,0.0642112026804661,Low,model-estimated recurrence probability,False,35.0,0,69.68,LogLogisticAFT
BOAMP:20-114106,SIREN:194909701,Université d'Angers,194909701,,SIREN_ENRICHED,IT Services & Consulting,2020-09-19,36.0,2023-09-19,0.03436991893571417,0.05990916690983561,Low,model-estimated recurrence probability,False,72.0,0,69.61,LogLogisticAFT
BOAMP:20-114714,SIREN:935367433,Conseil départemental Loire-Atlantique,935367433,,SIREN_ENRICHED,IT Maintenance & Support,2021-02-01,12.0,2022-02-01,0.038181831532081545,0.06635894349866522,Low,model-estimated recurrence probability,False,72.0,1,4.24,LogLogisticAFT
BOAMP:20-115620,SIREN:214401093,COMMUNE DE NANTES,214401093,,SIREN_ENRICHED,IT Services & Consulting,2020-09-22,48.0,2024-09-22,0.028462642748599776,0.049838927916030284,Low,duration imputed,False,72.0,0,69.51,LogLogisticAFT
BOAMP:20-115663,SIREN:794304097,Nantes Métropole,794304097,,SIREN_ENRICHED,IT Services & Consulting,2020-09-22,48.0,2024-09-22,0.028462642748599776,0.049838927916030284,Low,duration imputed,False,72.0,0,69.51,LogLogisticAFT
BOAMP:20-115241,NAME:ch mans,CH LE MANS,,,NAME,Software & Applications,2021-02-08,12.0,2022-02-08,0.02056754625079904,0.03623553216675157,Low,model-estimated recurrence probability,False,48.0,0,64.95,LogLogisticAFT
BOAMP:20-117677,SIREN:935367433,Conseil départemental Loire-Atlantique,935367433,,SIREN_ENRICHED,IT Hardware & Equipment,2021-01-19,12.0,2022-01-19,0.038181831532081545,0.06635894349866522,Low,model-estimated recurrence probability,False,30.0,0,65.6,LogLogisticAFT
BOAMP:20-118247,SIREN:214401622,Commune de Saint-Herblain,214401622,,SIREN_ENRICHED,Cybersecurity,2020-12-16,24.0,2022-12-16,0.0323629747678601,0.056498177830554,Low,model-estimated recurrence probability,False,72.0,0,66.72,LogLogisticAFT
BOAMP:20-119807,SIREN:200071876,CA SAUMUR VAL DE LOIRE,200071876,,SIREN_ENRICHED,IT Maintenance & Support,2020-10-01,36.0,2023-10-01,0.02933542629262742,0.051332564123267255,Low,model-estimated recurrence probability,False,,0,69.22,LogLogisticAFT
BOAMP:20-118996,SIREN:264400136,CHU de Nantes,264400136,,SIREN_ENRICHED,IT Maintenance & Support,2021-01-28,48.0,2025-01-28,0.02570574116729407,0.045107644047119755,Low,model-estimated recurrence probability,False,72.0,0,65.31,LogLogisticAFT
BOAMP:20-120542,SIREN:211704150,Commune de Saintes,211704150,,SIREN_ENRICHED,Unknown,2020-10-02,48.0,2024-10-02,0.02251596290121738,0.039608193750538034,Low,duration imputed,False,18.0,0,69.19,LogLogisticAFT
BOAMP:20-120399,SIREN:194909701,Université d'Angers,194909701,,SIREN_ENRICHED,Unknown,2021-02-02,36.0,2024-02-02,0.02723325774647889,0.047731600393836726,Low,model-estimated recurrence probability,False,90.0,0,65.14,LogLogisticAFT
BOAMP:20-120545,SIREN:130001704,DIR INTERDEPARTEMENTALE DES RTE OUEST,130001704,,SIREN_ENRICHED,Telecom & Networks,2020-12-03,12.0,2021-12-03,0.03627945253396092,0.06314483089834022,Low,model-estimated recurrence probability,False,32.0,0,67.15,LogLogisticAFT
BOAMP:20-122198,SIREN:254902505,ANGERS NANTES OPERA syndicat mixte,254902505,,SIREN_ENRICHED,Software & Applications,2020-10-06,48.0,2024-10-06,0.018331909506137944,0.032353084211015015,Low,duration imputed,False,48.0,0,69.05,LogLogisticAFT
BOAMP:20-124045,SIREN:234400034,Conseil régional des Pays de la Loire,234400034,,SIREN_ENRICHED,Cybersecurity,2021-02-02,24.0,2023-02-02,0.03237437156072809,0.05651757753496722,Low,model-estimated recurrence probability,False,72.0,0,65.14,LogLogisticAFT
BOAMP:20-125567,SIREN:234400034,Conseil régional des Pays de la Loire,234400034,,SIREN_ENRICHED,Cloud & Infrastructure,2021-02-26,12.0,2022-02-26,0.038181831532081545,0.06635894349866522,Low,model-estimated recurrence probability,False,48.0,1,7.36,LogLogisticAFT
BOAMP:20-126566,NAME:chambre reg agri pays loire,CHAMBRE REG AGRI PAYS DE LA LOIRE,,,NAME,Digital Workplace & Collaboration,2020-10-15,48.0,2024-10-15,0.017226500378807685,0.030428408904534687,Low,duration imputed,False,72.0,0,68.76,LogLogisticAFT
BOAMP:20-128054,NAME:communaute agglomeration niortais,Communauté d'agglomération du Niortais,,,NAME,IT Services & Consulting,2020-10-19,48.0,2024-10-19,0.021418828493262487,0.03771033750342978,Low,model-estimated recurrence probability,True,72.0,0,68.63,LogLogisticAFT
BOAMP:20-133527,SIREN:228500013,Département de la Vendée,228500013,,SIREN_ENRICHED,IT Services & Consulting,2021-03-01,24.0,2023-03-01,0.03920120900209367,0.06807734703317825,Low,model-estimated recurrence probability,False,72.0,1,25.89,LogLogisticAFT
BOAMP:20-135282,SIREN:200067346,CA PORNIC AGGLO PAYS DE RETZ,200067346,,SIREN_ENRICHED,Software & Applications,2020-11-06,60.0,2025-11-06,0.016985272935025608,0.03000795629889541,Low,model-estimated recurrence probability,True,48.0,0,68.04,LogLogisticAFT
BOAMP:20-132336,SIREN:794304097,Nantes Métropole,794304097,,SIREN_ENRICHED,Software & Applications,2020-11-08,60.0,2025-11-08,0.016985272935025608,0.03000795629889541,Low,model-estimated recurrence probability,True,48.0,0,67.97,LogLogisticAFT
BOAMP:20-136301,SIREN:200082139,COMMUNE LES SABLES D OLONNE,200082139,,SIREN_ENRICHED,Unknown,2021-03-01,48.0,2025-03-01,0.023848809576456187,0.04190944573801347,Low,model-estimated recurrence probability,False,18.0,0,64.26,LogLogisticAFT
BOAMP:20-137453,SIREN:200069474,COMMUNE DE OMBREE D ANJOU,200069474,,SIREN_ENRICHED,Data & AI,2020-11-09,4.0,2021-03-09,0.041644706808834475,0.07218552937066958,Low,model-estimated recurrence probability,False,,0,67.94,LogLogisticAFT
BOAMP:20-138135,SIREN:234400034,Conseil régional des Pays de la Loire,234400034,,SIREN_ENRICHED,Telecom & Networks,2021-02-10,12.0,2022-02-10,0.03629217680664043,0.06316636006103249,Low,model-estimated recurrence probability,False,32.0,0,64.88,LogLogisticAFT
BOAMP:20-140005,SIREN:198513905,LYCEE POLYVALENT LEONARD DE VINCI,198513905,,SIREN_ENRICHED,Telecom & Networks,2020-11-16,48.0,2024-11-16,0.023053965923052644,0.04053766633431666,Low,duration imputed,False,32.0,0,67.71,LogLogisticAFT
BOAMP:20-142134,SIREN:794304097,Nantes Métropole,794304097,,SIREN_ENRICHED,Telecom & Networks,2020-11-20,5.5,2021-05-20,0.03894853293120337,0.06765165175159338,Low,model-estimated recurrence probability,False,32.0,0,67.58,LogLogisticAFT
BOAMP:20-142015,SIREN:234400034,Conseil régional des Pays de la Loire,234400034,,SIREN_ENRICHED,IT Services & Consulting,2020-11-21,36.0,2023-11-21,0.03436991893571417,0.05990916690983561,Low,model-estimated recurrence probability,True,72.0,0,67.54,LogLogisticAFT
BOAMP:20-143091,SIREN:130029747,Université de Nantes,130029747,,SIREN_ENRICHED,Unknown,2021-04-27,12.0,2022-04-27,0.03545645015267429,0.06175143592714005,Low,model-estimated recurrence probability,True,38.0,0,62.39,LogLogisticAFT
BOAMP:20-144067,SIREN:228500013,Département de la Vendée,228500013,,SIREN_ENRICHED,Cybersecurity,2021-03-18,48.0,2025-03-18,0.02484757221555922,0.043630761683096986,Low,model-estimated recurrence probability,False,72.0,0,63.7,LogLogisticAFT
BOAMP:20-148013,SIREN:935367433,Conseil départemental Loire-Atlantique,935367433,,SIREN_ENRICHED,Data & AI,2020-12-05,22.0,2022-10-05,0.0342138798367283,0.05964434166101906,Low,model-estimated recurrence probability,False,45.0,0,67.08,LogLogisticAFT
BOAMP:20-149977,NAME:cte cnes pays chateau gontier,Cté cnes du Pays de Château de Gontier,,,NAME,Digital Workplace & Collaboration,2020-12-11,24.0,2022-12-11,0.02382134060552088,0.04186206669040371,Low,model-estimated recurrence probability,False,64.0,0,66.89,LogLogisticAFT
BOAMP:20-150503,SIREN:227200029,DEPARTEMENT DE LA SARTHE,227200029,,SIREN_ENRICHED,Telecom & Networks,2021-03-15,48.0,2025-03-15,0.0244178644687022,0.042890509323887716,Low,model-estimated recurrence probability,False,50.0,0,63.8,LogLogisticAFT
BOAMP:20-152502,NAME:chd vendee,CHD VENDEE,,,NAME,Software & Applications,2020-12-14,48.0,2024-12-14,0.012987869658902529,0.023017489912937283,Low,duration imputed,True,48.0,0,66.79,LogLogisticAFT
BOAMP:20-152653,SIREN:225300011,DEPARTEMENT DE LA MAYENNE,225300011,,SIREN_ENRICHED,IT Services & Consulting,2021-03-02,48.0,2025-03-02,0.030136653906799094,0.05270197114586517,Low,model-estimated recurrence probability,False,72.0,0,64.22,LogLogisticAFT
BOAMP:20-153801,NAME:ccir pays loire,CCIR Pays de la Loire,,,NAME,Software & Applications,2021-02-22,48.0,2025-02-22,0.013764637205770147,0.024379284347858965,Low,model-estimated recurrence probability,False,48.0,0,64.49,LogLogisticAFT
BOAMP:20-154115,SIREN:576150270,SEM CENOVIA,576150270,,SIREN_ENRICHED,Cybersecurity,2021-02-11,3.0,2021-05-11,0.04073158788824183,0.07065212801197307,Low,model-estimated recurrence probability,False,34.0,0,64.85,LogLogisticAFT
BOAMP:20-155284,SIREN:234400034,Conseil régional des Pays de la Loire,234400034,,SIREN_ENRICHED,Unknown,2020-12-20,12.0,2021-12-20,0.03544400811458537,0.061730357240053824,Low,model-estimated recurrence probability,False,79.0,0,66.59,LogLogisticAFT
BOAMP:20-155309,SIREN:228500013,Département de la Vendée,228500013,,SIREN_ENRICHED,IT Services & Consulting,2021-03-11,24.0,2023-03-11,0.03920120900209367,0.06807734703317825,Low,model-estimated recurrence probability,False,72.0,1,25.56,LogLogisticAFT
BOAMP:21-3091,SIREN:532458809,Ville d'Angers,532458809,,SIREN_ENRICHED,Data & AI,2021-01-08,48.0,2025-01-08,0.0242803148496622,0.04265345000834975,Low,duration imputed,False,45.0,0,65.97,LogLogisticAFT
BOAMP:21-4564,SIREN:194401006,Ecole Centrale de Nantes,194401006,,SIREN_ENRICHED,Software & Applications,2021-01-12,48.0,2025-01-12,0.018338458828084048,0.03236447763736705,Low,duration imputed,True,48.0,0,65.83,LogLogisticAFT
BOAMP:21-7561,SIREN:794304097,Nantes Métropole,794304097,,SIREN_ENRICHED,IT Services & Consulting,2021-01-18,48.0,2025-01-18,0.028472706434784945,0.04985616186909869,Low,duration imputed,False,72.0,0,65.64,LogLogisticAFT
BOAMP:21-8751,NAME:centre gestion fonction publi,CENTRE DE GESTION DE LA FONCTION PUBLI,,,NAME,IT Services & Consulting,2021-01-22,48.0,2025-01-22,0.021426456587355425,0.03772354398523725,Low,model-estimated recurrence probability,False,72.0,0,65.51,LogLogisticAFT
BOAMP:21-11209,SIREN:180043010,Réseau Canopé,180043010,,SIREN_ENRICHED,IT Services & Consulting,2021-01-25,5.0,2021-06-25,0.048179512095675725,0.08309719976511587,Low,model-estimated recurrence probability,False,72.0,0,65.41,LogLogisticAFT
BOAMP:21-12643,NAME:sec gal adm min interieur ouest,SEC GAL POUR L ADM MIN INTERIEUR OUEST,,,NAME,Telecom & Networks,2021-01-27,6.0,2021-07-27,0.027621423003312717,0.04839739963903256,Low,model-estimated recurrence probability,True,45.0,0,65.34,LogLogisticAFT
BOAMP:21-14714,SIREN:130029747,Université de Nantes,130029747,,SIREN_ENRICHED,Software & Applications,2021-02-01,48.0,2025-02-01,0.018338458828084048,0.03236447763736705,Low,duration imputed,True,48.0,0,65.18,LogLogisticAFT
BOAMP:21-13474,SIREN:794304097,Nantes Métropole,794304097,,SIREN_ENRICHED,IT Services & Consulting,2021-05-12,48.0,2025-05-12,0.030136653906799094,0.05270197114586517,Low,model-estimated recurrence probability,False,72.0,0,61.89,LogLogisticAFT
BOAMP:21-16407,NAME:communaute agglomeration niortais,Communauté d'agglomération du Niortais,,,NAME,IT Services & Consulting,2021-02-04,12.0,2022-02-04,0.03189361613735686,0.055698935992806176,Low,model-estimated recurrence probability,False,72.0,0,65.08,LogLogisticAFT
BOAMP:21-15299,SIREN:264400136,CHU de Nantes,264400136,,SIREN_ENRICHED,Digital Workplace & Collaboration,2021-02-04,48.0,2025-02-04,0.02570574116729407,0.045107644047119755,Low,model-estimated recurrence probability,False,72.0,0,65.08,LogLogisticAFT
BOAMP:21-16505,SIREN:234400034,Conseil régional des Pays de la Loire,234400034,,SIREN_ENRICHED,Cybersecurity,2021-05-10,12.0,2022-05-10,0.03692294103226845,0.06423307049366467,Low,model-estimated recurrence probability,False,72.0,0,61.96,LogLogisticAFT
BOAMP:21-20759,NAME:arafer,ARAFER,,,NAME,Cloud & Infrastructure,2021-02-12,24.0,2023-02-12,0.023829803493669366,0.04187666386966116,Low,model-estimated recurrence probability,False,,0,64.82,LogLogisticAFT
BOAMP:21-19596,NAME:ville alencon,Ville d'Alençon,,,NAME,IT Services & Consulting,2021-05-19,12.0,2022-05-19,0.03189361613735686,0.055698935992806176,Low,model-estimated recurrence probability,False,72.0,0,61.66,LogLogisticAFT
BOAMP:21-23663,NAME:cte communes erdre gesvres,Cté de Communes d'Erdre et Gesvres,,,NAME,Telecom & Networks,2021-02-19,48.0,2025-02-19,0.016362163456260292,0.028921161601454415,Low,duration imputed,True,64.0,0,64.59,LogLogisticAFT
BOAMP:21-22700,SIREN:110006012,Ministère des Affaires étrangères,110006012,,SIREN_ENRICHED,IT Services & Consulting,2021-03-12,24.0,2023-03-12,0.03920120900209367,0.06807734703317825,Low,model-estimated recurrence probability,True,72.0,0,63.9,LogLogisticAFT
BOAMP:21-23643,NAME:vendee habitat oph vendee,Vendée Habitat - OPH de Vendée,,,NAME,Software & Applications,2021-02-19,48.0,2025-02-19,0.01299253501949893,0.02302567395721955,Low,duration imputed,True,48.0,0,64.59,LogLogisticAFT
BOAMP:21-25043,SIREN:214400269,Ville de Carquefou,214400269,,SIREN_ENRICHED,Data & AI,2021-02-23,6.0,2021-08-23,0.04076247745424022,0.07070403592936858,Low,model-estimated recurrence probability,False,,0,64.45,LogLogisticAFT
BOAMP:21-25169,NAME:orchestre national pays loir,Orchestre National des Pays de la Loir,,,NAME,Software & Applications,2021-02-23,48.0,2025-02-23,0.01299253501949893,0.02302567395721955,Low,duration imputed,False,48.0,0,64.45,LogLogisticAFT
BOAMP:21-25103,SIREN:200082139,COMMUNE LES SABLES D OLONNE,200082139,,SIREN_ENRICHED,Cybersecurity,2021-06-22,12.0,2022-06-22,0.03692294103226845,0.06423307049366467,Low,model-estimated recurrence probability,False,22.0,0,60.55,LogLogisticAFT
BOAMP:21-26465,SIREN:264400136,CHU de Nantes,264400136,,SIREN_ENRICHED,IT Maintenance & Support,2021-06-29,48.0,2025-06-29,0.0242803148496622,0.04265345000834975,Low,duration imputed,False,72.0,0,60.32,LogLogisticAFT
BOAMP:21-26779,SIREN:234400034,Conseil régional des Pays de la Loire,234400034,,SIREN_ENRICHED,Cybersecurity,2021-06-14,24.0,2023-06-14,0.03237437156072809,0.05651757753496722,Low,model-estimated recurrence probability,False,72.0,0,60.81,LogLogisticAFT
BOAMP:21-27874,SIREN:247200132,Le Mans Métropole - Communauté Urbaine,247200132,,SIREN_ENRICHED,Cybersecurity,2021-05-19,48.0,2025-05-19,0.02484757221555922,0.043630761683096986,Low,model-estimated recurrence probability,False,72.0,0,61.66,LogLogisticAFT
BOAMP:21-29818,NAME:soc publique reg abe fontevraud,SOC PUBLIQUE REG ABE DE FONTEVRAUD,,,NAME,Telecom & Networks,2021-05-10,5.0,2021-10-10,0.027927856435497334,0.048922726286188434,Low,model-estimated recurrence probability,False,32.0,1,11.4,LogLogisticAFT
BOAMP:21-30450,NAME:crdc lieu unique,CRDC LE LIEU UNIQUE,,,NAME,Telecom & Networks,2021-03-11,5.0,2021-08-11,0.027927856435497334,0.048922726286188434,Low,model-estimated recurrence probability,False,32.0,0,63.93,LogLogisticAFT
BOAMP:21-31568,SIREN:391722881,GIE SESAM Vitale,391722881,,SIREN_ENRICHED,IT Services & Consulting,2021-03-11,48.0,2025-03-11,0.030136653906799094,0.05270197114586517,Low,model-estimated recurrence probability,False,72.0,0,63.93,LogLogisticAFT
BOAMP:21-32692,NAME:ircec,IRCEC,,,NAME,IT Maintenance & Support,2021-03-13,12.0,2022-03-13,0.027211629648264957,0.04769449110262647,Low,model-estimated recurrence probability,False,72.0,0,63.86,LogLogisticAFT
BOAMP:21-35196,NAME:communaute agglomeration niortais,Communauté d'agglomération du Niortais,,,NAME,IT Services & Consulting,2021-03-16,48.0,2025-03-16,0.021426456587355425,0.03772354398523725,Low,model-estimated recurrence probability,False,72.0,0,63.76,LogLogisticAFT
BOAMP:21-35440,SIREN:194909701,Université d'Angers,194909701,,SIREN_ENRICHED,Telecom & Networks,2021-04-27,48.0,2025-04-27,0.023062162630511418,0.040551821244713904,Low,duration imputed,False,32.0,0,62.39,LogLogisticAFT
BOAMP:21-36555,SIREN:284400017,SDIS 44,284400017,,SIREN_ENRICHED,Software & Applications,2021-03-18,48.0,2025-03-18,0.018338458828084048,0.03236447763736705,Low,duration imputed,False,48.0,0,63.7,LogLogisticAFT
BOAMP:21-36213,SIREN:200041333,Communauté Communes Parthenay-Gâtine,200041333,,SIREN_ENRICHED,Cloud & Infrastructure,2021-03-18,48.0,2025-03-18,0.0242803148496622,0.04265345000834975,Low,duration imputed,False,48.0,0,63.7,LogLogisticAFT
BOAMP:21-37472,SIREN:927831396,Podeliha,927831396,,SIREN_ENRICHED,Software & Applications,2021-03-19,48.0,2025-03-19,0.019421999693983505,0.03424784310902229,Low,model-estimated recurrence probability,True,48.0,0,63.67,LogLogisticAFT
BOAMP:21-35651,SIREN:234400034,Conseil régional des Pays de la Loire,234400034,,SIREN_ENRICHED,IT Services & Consulting,2021-03-19,48.0,2025-03-19,0.030136653906799094,0.05270197114586517,Low,model-estimated recurrence probability,False,72.0,0,63.67,LogLogisticAFT
BOAMP:21-35939,SIREN:935367433,Conseil départemental Loire-Atlantique,935367433,,SIREN_ENRICHED,IT Services & Consulting,2021-03-19,12.0,2022-03-19,0.04466466875819375,0.0772417255542106,Low,model-estimated recurrence probability,False,72.0,1,2.76,LogLogisticAFT
BOAMP:21-36205,SIREN:935367433,Conseil départemental Loire-Atlantique,935367433,,SIREN_ENRICHED,IT Services & Consulting,2021-03-20,12.0,2022-03-20,0.04466466875819375,0.0772417255542106,Low,model-estimated recurrence probability,True,72.0,0,63.63,LogLogisticAFT
BOAMP:21-37354,NAME:ch mans,CH LE MANS,,,NAME,Software & Applications,2021-08-31,12.0,2022-08-31,0.02056754625079904,0.03623553216675157,Low,model-estimated recurrence probability,False,48.0,0,58.25,LogLogisticAFT
BOAMP:21-38984,SIREN:284400017,SDIS 44,284400017,,SIREN_ENRICHED,Cybersecurity,2021-03-23,48.0,2025-03-23,0.02346858653793682,0.041253449671346365,Low,duration imputed,False,35.0,0,63.53,LogLogisticAFT
BOAMP:21-39936,SIREN:214401580,Mairie de Saint Etienne de Montluc,214401580,,SIREN_ENRICHED,Telecom & Networks,2021-06-24,4.0,2021-10-24,0.039604563486529964,0.06875655565810579,Low,model-estimated recurrence probability,False,32.0,0,60.48,LogLogisticAFT
BOAMP:21-44149,SIREN:288500010,SDIS 85,288500010,,SIREN_ENRICHED,IT Services & Consulting,2021-04-01,48.0,2025-04-01,0.030136653906799094,0.05270197114586517,Low,model-estimated recurrence probability,True,72.0,0,63.24,LogLogisticAFT
BOAMP:21-42297,SIREN:214401622,Commune de Saint-Herblain,214401622,,SIREN_ENRICHED,Telecom & Networks,2021-07-28,48.0,2025-07-28,0.0244178644687022,0.042890509323887716,Low,model-estimated recurrence probability,False,32.0,0,59.36,LogLogisticAFT
BOAMP:21-44088,SIREN:247200090,Communauté de communes de sablé,247200090,,SIREN_ENRICHED,Cybersecurity,2021-06-21,48.0,2025-06-21,0.02484757221555922,0.043630761683096986,Low,model-estimated recurrence probability,False,35.0,0,60.58,LogLogisticAFT
BOAMP:21-45622,SIREN:264400136,CHU de Nantes,264400136,,SIREN_ENRICHED,Software & Applications,2021-07-07,48.0,2025-07-07,0.019421999693983505,0.03424784310902229,Low,model-estimated recurrence probability,True,48.0,0,60.05,LogLogisticAFT
BOAMP:21-46043,SIREN:234400034,Conseil régional des Pays de la Loire,234400034,,SIREN_ENRICHED,IT Services & Consulting,2021-06-30,12.0,2022-06-30,0.04466466875819375,0.0772417255542106,Low,model-estimated recurrence probability,False,72.0,1,12.35,LogLogisticAFT
BOAMP:21-47236,NAME:cnam,CNAM,,,NAME,Telecom & Networks,2021-04-10,48.0,2025-04-10,0.017330995066598964,0.030610491089369862,Low,model-estimated recurrence probability,False,32.0,0,62.94,LogLogisticAFT
BOAMP:21-49520,SIREN:200041333,Communauté Communes Parthenay-Gâtine,200041333,,SIREN_ENRICHED,Telecom & Networks,2021-04-13,36.0,2024-04-13,0.02788076218609281,0.04884200760629287,Low,model-estimated recurrence probability,False,32.0,0,62.84,LogLogisticAFT
BOAMP:21-48340,SIREN:794304097,Nantes Métropole,794304097,,SIREN_ENRICHED,Telecom & Networks,2021-04-15,48.0,2025-04-15,0.0244178644687022,0.042890509323887716,Low,model-estimated recurrence probability,False,32.0,0,62.78,LogLogisticAFT
BOAMP:21-50713,NAME:ch mans,CH LE MANS,,,NAME,Software & Applications,2021-04-15,12.0,2022-04-15,0.02056754625079904,0.03623553216675157,Low,model-estimated recurrence probability,False,,0,62.78,LogLogisticAFT
BOAMP:21-50004,NAME:comcom estuaire sillon,Comcom Estuaire et Sillon,,,NAME,IT Services & Consulting,2021-07-27,36.0,2024-07-27,0.024475761597990142,0.04299027676674805,Low,model-estimated recurrence probability,False,72.0,0,59.4,LogLogisticAFT
BOAMP:21-50635,SIREN:391722881,GIE SESAM Vitale,391722881,,SIREN_ENRICHED,IT Services & Consulting,2022-02-21,36.0,2025-02-21,0.03439407990215637,0.05995016654873919,Low,model-estimated recurrence probability,False,72.0,0,52.53,LogLogisticAFT
BOAMP:21-51104,SIREN:391722881,GIE SESAM Vitale,391722881,,SIREN_ENRICHED,IT Services & Consulting,2022-02-21,12.0,2023-02-21,0.044680197624669904,0.07726766463400625,Low,model-estimated recurrence probability,False,72.0,1,9.4,LogLogisticAFT
BOAMP:21-51441,SIREN:379774177,CIF GIE GEIPCI,379774177,,SIREN_ENRICHED,IT Services & Consulting,2021-04-18,48.0,2025-04-18,0.028472706434784945,0.04985616186909869,Low,duration imputed,True,72.0,0,62.68,LogLogisticAFT
BOAMP:21-51620,SIREN:935367433,Conseil départemental Loire-Atlantique,935367433,,SIREN_ENRICHED,IT Services & Consulting,2021-04-18,12.0,2022-04-18,0.04466466875819375,0.0772417255542106,Low,model-estimated recurrence probability,False,72.0,0,62.68,LogLogisticAFT
BOAMP:21-51989,SIREN:225300011,DEPARTEMENT DE LA MAYENNE,225300011,,SIREN_ENRICHED,IT Services & Consulting,2021-04-19,48.0,2025-04-19,0.030136653906799094,0.05270197114586517,Low,model-estimated recurrence probability,False,72.0,1,45.63,LogLogisticAFT
BOAMP:21-53976,SIREN:225300011,DEPARTEMENT DE LA MAYENNE,225300011,,SIREN_ENRICHED,IT Services & Consulting,2021-04-22,12.0,2022-04-22,0.04466466875819375,0.0772417255542106,Low,model-estimated recurrence probability,False,72.0,0,62.55,LogLogisticAFT
BOAMP:21-53955,SIREN:130001704,DIR INTERDEPARTEMENTALE DES RTE OUEST,130001704,,SIREN_ENRICHED,IT Services & Consulting,2021-08-18,12.0,2022-08-18,0.04466466875819375,0.0772417255542106,Low,model-estimated recurrence probability,False,72.0,0,58.67,LogLogisticAFT
BOAMP:21-53968,SIREN:935367433,Conseil départemental Loire-Atlantique,935367433,,SIREN_ENRICHED,IT Services & Consulting,2021-04-24,12.0,2022-04-24,0.04466466875819375,0.0772417255542106,Low,model-estimated recurrence probability,True,72.0,0,62.48,LogLogisticAFT
BOAMP:21-54966,NAME:syndicat mixte gigalis,SYNDICAT MIXTE GIGALIS,,,NAME,IT Services & Consulting,2021-04-25,36.0,2024-04-25,0.024475761597990142,0.04299027676674805,Low,model-estimated recurrence probability,False,72.0,0,62.45,LogLogisticAFT
BOAMP:21-57080,NAME:ec sup beaux arts tours angers mans,EC SUP BEAUX ARTS TOURS ANGERS MANS,,,NAME,Cybersecurity,2021-04-29,48.0,2025-04-29,0.01665252609298362,0.029427728269659892,Low,duration imputed,False,,0,62.32,LogLogisticAFT
BOAMP:21-57207,SIREN:234400034,Conseil régional des Pays de la Loire,234400034,,SIREN_ENRICHED,Cybersecurity,2021-04-30,7.0,2021-11-30,0.03899449651314968,0.06772910103784224,Low,model-estimated recurrence probability,False,35.0,0,62.29,LogLogisticAFT
BOAMP:21-60810,SIREN:214400475,Mairie de Coueron,214400475,,SIREN_ENRICHED,Telecom & Networks,2021-05-05,36.0,2024-05-05,0.02788076218609281,0.04884200760629287,Low,model-estimated recurrence probability,False,32.0,0,62.12,LogLogisticAFT
BOAMP:21-57288,SIREN:532458809,Ville d'Angers,532458809,,SIREN_ENRICHED,Data & AI,2021-08-31,30.0,2024-02-29,0.03134868696766191,0.05477028380291038,Low,model-estimated recurrence probability,False,45.0,0,58.25,LogLogisticAFT
BOAMP:21-61224,SIREN:130029747,Université de Nantes,130029747,,SIREN_ENRICHED,Software & Applications,2021-05-06,48.0,2025-05-06,0.018338458828084048,0.03236447763736705,Low,duration imputed,True,48.0,0,62.09,LogLogisticAFT
BOAMP:21-62138,SIREN:234400034,Conseil régional des Pays de la Loire,234400034,,SIREN_ENRICHED,Cybersecurity,2021-05-07,4.0,2021-09-07,0.0402904906900603,0.06991062470787435,Low,model-estimated recurrence probability,False,35.0,0,62.06,LogLogisticAFT
BOAMP:21-62119,SIREN:214400152,Mairie de Blain,214400152,,SIREN_ENRICHED,Software & Applications,2021-09-20,48.0,2025-09-20,0.018338458828084048,0.03236447763736705,Low,duration imputed,True,48.0,0,57.59,LogLogisticAFT
BOAMP:21-50135,NAME:cte communes pays herbiers,Cté de Communes du Pays des Herbiers,,,NAME,Unknown,2021-08-09,12.0,2022-08-09,0.025248734754379498,0.044321394578780704,Low,model-estimated recurrence probability,False,18.0,0,58.97,LogLogisticAFT
BOAMP:21-63730,SIREN:248500589,LA ROCHE-SUR-YON AGGLOMERATION,248500589,,SIREN_ENRICHED,Unknown,2021-10-07,36.0,2024-10-07,0.02723325774647889,0.047731600393836726,Low,model-estimated recurrence probability,False,37.0,0,57.03,LogLogisticAFT
BOAMP:21-64504,NAME:centre hospitalier laval 53,Centre Hospitalier de Laval (53),,,NAME,Software & Applications,2021-05-14,48.0,2025-05-14,0.01299253501949893,0.02302567395721955,Low,duration imputed,True,48.0,0,61.83,LogLogisticAFT
BOAMP:21-66086,NAME:regie dept passages eau vendee,Régie Dépt Passages d'Eau de Vendée,,,NAME,IT Services & Consulting,2021-05-17,36.0,2024-05-17,0.024475761597990142,0.04299027676674805,Low,model-estimated recurrence probability,False,72.0,0,61.73,LogLogisticAFT
BOAMP:21-68348,NAME:inra angers nantes,INRA ANGERS NANTES,,,NAME,Telecom & Networks,2021-12-14,12.0,2022-12-14,0.025850308582376247,0.04535624687694084,Low,model-estimated recurrence probability,False,32.0,0,54.8,LogLogisticAFT
BOAMP:21-67958,NAME:com agglo reg nazairienne estuaire,COM D AGGLO REG NAZAIRIENNE ESTUAIRE,,,NAME,IT Services & Consulting,2021-10-01,48.0,2025-10-01,0.021426456587355425,0.03772354398523725,Low,model-estimated recurrence probability,False,72.0,0,57.23,LogLogisticAFT
BOAMP:21-67771,SIREN:234400034,Conseil régional des Pays de la Loire,234400034,,SIREN_ENRICHED,Cloud & Infrastructure,2021-10-08,12.0,2022-10-08,0.038181831532081545,0.06635894349866522,Low,model-estimated recurrence probability,False,48.0,0,57.0,LogLogisticAFT
BOAMP:21-69124,SIREN:935367433,Conseil départemental Loire-Atlantique,935367433,,SIREN_ENRICHED,Cybersecurity,2021-05-23,12.0,2022-05-23,0.03692294103226845,0.06423307049366467,Low,model-estimated recurrence probability,False,35.0,0,61.53,LogLogisticAFT
BOAMP:21-67894,SIREN:200071678,CA Agglomération du Choletais,200071678,,SIREN_ENRICHED,Data & AI,2021-12-09,12.0,2022-12-09,0.038181831532081545,0.06635894349866522,Low,model-estimated recurrence probability,False,43.0,0,54.96,LogLogisticAFT
BOAMP:21-75719,SIREN:532458809,Ville d'Angers,532458809,,SIREN_ENRICHED,Software & Applications,2021-06-04,48.0,2025-06-04,0.018338458828084048,0.03236447763736705,Low,duration imputed,False,48.0,0,61.14,LogLogisticAFT
BOAMP:21-76081,SIREN:794304097,Nantes Métropole,794304097,,SIREN_ENRICHED,IT Services & Consulting,2021-06-04,48.0,2025-06-04,0.030136653906799094,0.05270197114586517,Low,model-estimated recurrence probability,True,72.0,0,61.14,LogLogisticAFT
BOAMP:21-77056,NAME:destination rennes tourisme congres,DESTINATION RENNES Tourisme Congrès,,,NAME,IT Services & Consulting,2021-06-07,48.0,2025-06-07,0.021426456587355425,0.03772354398523725,Low,model-estimated recurrence probability,False,72.0,0,61.04,LogLogisticAFT
BOAMP:21-76634,SIREN:794304097,Nantes Métropole,794304097,,SIREN_ENRICHED,Telecom & Networks,2021-06-07,48.0,2025-06-07,0.0244178644687022,0.042890509323887716,Low,model-estimated recurrence probability,False,32.0,0,61.04,LogLogisticAFT
BOAMP:21-76512,SIREN:214401622,Commune de Saint-Herblain,214401622,,SIREN_ENRICHED,Cybersecurity,2021-10-25,48.0,2025-10-25,0.02484757221555922,0.043630761683096986,Low,model-estimated recurrence probability,False,72.0,0,56.44,LogLogisticAFT
BOAMP:21-76925,SIREN:264400136,CHU de Nantes,264400136,,SIREN_ENRICHED,IT Services & Consulting,2021-10-14,12.0,2022-10-14,0.04466466875819375,0.0772417255542106,Low,model-estimated recurrence probability,False,72.0,0,56.8,LogLogisticAFT
BOAMP:21-78352,SIREN:794304097,Nantes Métropole,794304097,,SIREN_ENRICHED,Software & Applications,2021-06-09,48.0,2025-06-09,0.018338458828084048,0.03236447763736705,Low,duration imputed,True,48.0,0,60.97,LogLogisticAFT
BOAMP:21-78563,SIREN:264400136,CHU de Nantes,264400136,,SIREN_ENRICHED,IT Services & Consulting,2021-06-09,48.0,2025-06-09,0.028472706434784945,0.04985616186909869,Low,duration imputed,False,72.0,0,60.97,LogLogisticAFT
BOAMP:21-77546,SIREN:935367433,Conseil départemental Loire-Atlantique,935367433,,SIREN_ENRICHED,IT Maintenance & Support,2021-06-10,12.0,2022-06-10,0.038181831532081545,0.06635894349866522,Low,model-estimated recurrence probability,False,72.0,0,60.94,LogLogisticAFT
BOAMP:21-77933,SIREN:830955068,ANGERS LOIRE TOURISME EXPO CONGRES,830955068,,SIREN_ENRICHED,Digital Workplace & Collaboration,2021-07-27,12.0,2022-07-27,0.038181831532081545,0.06635894349866522,Low,model-estimated recurrence probability,False,72.0,0,59.4,LogLogisticAFT
BOAMP:21-78101,SIREN:247200132,Le Mans Métropole - Communauté Urbaine,247200132,,SIREN_ENRICHED,Unknown,2021-11-16,4.0,2022-03-16,0.03869562279776362,0.06722539691033325,Low,model-estimated recurrence probability,False,39.0,1,2.96,LogLogisticAFT
BOAMP:21-74412,SIREN:244900015,Angers Loire Métropole,244900015,,SIREN_ENRICHED,IT Services & Consulting,2021-06-11,48.0,2025-06-11,0.028472706434784945,0.04985616186909869,Low,duration imputed,False,72.0,0,60.91,LogLogisticAFT
BOAMP:21-78393,SIREN:935367433,Conseil départemental Loire-Atlantique,935367433,,SIREN_ENRICHED,IT Services & Consulting,2021-06-11,12.0,2022-06-11,0.04466466875819375,0.0772417255542106,Low,model-estimated recurrence probability,False,72.0,0,60.91,LogLogisticAFT
BOAMP:21-79179,SIREN:244400586,COMMUNAUTE DE COMMUNES DU SUD ESTUAIRE,244400586,,SIREN_ENRICHED,Telecom & Networks,2021-09-27,48.0,2025-09-27,0.023062162630511418,0.040551821244713904,Low,duration imputed,False,64.0,0,57.36,LogLogisticAFT
BOAMP:21-79975,NAME:epsilon centrale achat informatique,EPSILON CENTRALE D'ACHAT INFORMATIQUE,,,NAME,IT Services & Consulting,2021-06-13,24.0,2023-06-13,0.02794663497293748,0.04895491071538638,Low,model-estimated recurrence probability,False,72.0,0,60.84,LogLogisticAFT
BOAMP:21-81812,SIREN:200071553,CC Loire Layon Aubance,200071553,,SIREN_ENRICHED,Cloud & Infrastructure,2021-10-27,12.0,2022-10-27,0.038181831532081545,0.06635894349866522,Low,model-estimated recurrence probability,False,48.0,0,56.37,LogLogisticAFT
BOAMP:21-83822,NAME:cte cnes pays ancenis,Cté de Cnes du Pays d'Ancenis,,,NAME,Unknown,2021-06-18,48.0,2025-06-18,0.01597777084556995,0.028250197031992275,Low,duration imputed,False,45.0,0,60.68,LogLogisticAFT
BOAMP:21-82605,SIREN:110043015,Ministère de l'éducation nationale,110043015,,SIREN_ENRICHED,IT Services & Consulting,2021-06-18,36.0,2024-06-18,0.034381997372198936,0.059929663446672166,Low,model-estimated recurrence probability,False,72.0,0,60.68,LogLogisticAFT
BOAMP:21-82013,SIREN:130025919,OFFICE FRANCAIS DE LA BIODIVERSITE,130025919,,SIREN_ENRICHED,Cybersecurity,2021-10-04,18.0,2023-04-04,0.034576611669210555,0.06025986220715551,Low,model-estimated recurrence probability,False,72.0,0,57.13,LogLogisticAFT
BOAMP:21-85552,SIREN:794304097,Nantes Métropole,794304097,,SIREN_ENRICHED,Digital Workplace & Collaboration,2021-06-22,48.0,2025-06-22,0.0242803148496622,0.04265345000834975,Low,duration imputed,False,72.0,0,60.55,LogLogisticAFT
BOAMP:21-86124,NAME:sydela,SYDELA,,,NAME,Telecom & Networks,2021-06-23,24.0,2023-06-23,0.022633729287910076,0.03981171741716094,Low,model-estimated recurrence probability,False,32.0,0,60.51,LogLogisticAFT
BOAMP:21-85842,SIREN:794304097,Nantes Métropole,794304097,,SIREN_ENRICHED,IT Services & Consulting,2021-06-25,48.0,2025-06-25,0.030136653906799094,0.05270197114586517,Low,model-estimated recurrence probability,False,72.0,0,60.45,LogLogisticAFT
BOAMP:21-83160,SIREN:244900015,Angers Loire Métropole,244900015,,SIREN_ENRICHED,IT Services & Consulting,2021-06-25,48.0,2025-06-25,0.028472706434784945,0.04985616186909869,Low,duration imputed,False,72.0,0,60.45,LogLogisticAFT
BOAMP:21-87993,SIREN:172800013,PREFECTURE D'EURE-ET-LOIR,172800013,,SIREN_ENRICHED,Unknown,2021-06-25,8.0,2022-02-25,0.03704200692843951,0.06443431161316815,Low,model-estimated recurrence probability,False,45.0,0,60.45,LogLogisticAFT
BOAMP:21-86348,NAME:semitan,SEMITAN,,,NAME,IT Services & Consulting,2021-11-29,24.0,2023-11-29,0.02794663497293748,0.04895491071538638,Low,model-estimated recurrence probability,True,72.0,0,55.29,LogLogisticAFT
BOAMP:21-86773,SIREN:234400034,Conseil régional des Pays de la Loire,234400034,,SIREN_ENRICHED,Unknown,2021-11-25,24.0,2023-11-25,0.031082708344799315,0.05431672732943793,Low,model-estimated recurrence probability,False,79.0,0,55.42,LogLogisticAFT
BOAMP:21-87351,SIREN:214400186,COMMUNE DE BOUAYE,214400186,,SIREN_ENRICHED,Unknown,2021-06-27,48.0,2025-06-27,0.022523972734883935,0.03962203751117821,Low,duration imputed,False,45.0,0,60.38,LogLogisticAFT
BOAMP:21-88219,SIREN:227200029,DEPARTEMENT DE LA SARTHE,227200029,,SIREN_ENRICHED,Cybersecurity,2021-11-05,48.0,2025-11-05,0.02484757221555922,0.043630761683096986,Low,model-estimated recurrence probability,False,72.0,0,56.08,LogLogisticAFT
BOAMP:21-88699,NAME:semitan,SEMITAN,,,NAME,IT Services & Consulting,2022-02-16,36.0,2025-02-16,0.02448445114762976,0.04300524969193287,Low,model-estimated recurrence probability,True,72.0,0,52.69,LogLogisticAFT
BOAMP:21-88585,SIREN:922749635,ENSA Nantes,922749635,,SIREN_ENRICHED,Telecom & Networks,2021-10-27,12.0,2022-10-27,0.03629217680664043,0.06316636006103249,Low,model-estimated recurrence probability,False,32.0,0,56.37,LogLogisticAFT
BOAMP:21-88617,SIREN:200071876,CA SAUMUR VAL DE LOIRE,200071876,,SIREN_ENRICHED,Software & Applications,2021-06-30,12.0,2022-06-30,0.028938908352677983,0.05065423375478484,Low,model-estimated recurrence probability,True,48.0,0,60.28,LogLogisticAFT
BOAMP:21-89893,NAME:communaute agglomeration niortais,Communauté d'agglomération du Niortais,,,NAME,IT Services & Consulting,2021-07-02,24.0,2023-07-02,0.02794663497293748,0.04895491071538638,Low,model-estimated recurrence probability,False,72.0,0,60.22,LogLogisticAFT
BOAMP:21-91773,SIREN:391722881,GIE SESAM Vitale,391722881,,SIREN_ENRICHED,Digital Workplace & Collaboration,2021-07-04,24.0,2023-07-04,0.033483570079144154,0.05840403414652373,Low,model-estimated recurrence probability,False,72.0,0,60.15,LogLogisticAFT
BOAMP:21-92363,NAME:soc publique reg abe fontevraud,SOC PUBLIQUE REG ABE DE FONTEVRAUD,,,NAME,Telecom & Networks,2021-07-05,48.0,2025-07-05,0.016362163456260292,0.028921161601454415,Low,duration imputed,False,32.0,0,60.12,LogLogisticAFT
BOAMP:21-93968,SIREN:217902022,Ville de Parthenay,217902022,,SIREN_ENRICHED,Cybersecurity,2021-07-07,48.0,2025-07-07,0.02484757221555922,0.043630761683096986,Low,model-estimated recurrence probability,False,35.0,0,60.05,LogLogisticAFT
BOAMP:21-93999,SIREN:200069474,COMMUNE DE OMBREE D ANJOU,200069474,,SIREN_ENRICHED,Cybersecurity,2021-07-09,12.0,2022-07-09,0.03692294103226845,0.06423307049366467,Low,model-estimated recurrence probability,False,35.0,0,59.99,LogLogisticAFT
BOAMP:21-96695,SIREN:130029747,Université de Nantes,130029747,,SIREN_ENRICHED,Software & Applications,2021-09-09,48.0,2025-09-09,0.018338458828084048,0.03236447763736705,Low,duration imputed,True,48.0,0,57.95,LogLogisticAFT
BOAMP:21-97121,SIREN:244400438,Grand Lieu Communauté,244400438,,SIREN_ENRICHED,Cybersecurity,2021-10-11,24.0,2023-10-11,0.03237437156072809,0.05651757753496722,Low,model-estimated recurrence probability,False,72.0,0,56.9,LogLogisticAFT
BOAMP:21-96114,SIREN:794304097,Nantes Métropole,794304097,,SIREN_ENRICHED,Software & Applications,2021-07-15,48.0,2025-07-15,0.019421999693983505,0.03424784310902229,Low,model-estimated recurrence probability,False,48.0,0,59.79,LogLogisticAFT
BOAMP:21-97876,SIREN:794304097,Nantes Métropole,794304097,,SIREN_ENRICHED,Software & Applications,2021-07-15,48.0,2025-07-15,0.019421999693983505,0.03424784310902229,Low,model-estimated recurrence probability,True,48.0,0,59.79,LogLogisticAFT
BOAMP:21-99793,NAME:sgami ouest,SGAMI OUEST,,,NAME,Telecom & Networks,2021-07-16,5.0,2021-12-16,0.027927856435497334,0.048922726286188434,Low,model-estimated recurrence probability,False,32.0,0,59.76,LogLogisticAFT
BOAMP:21-99965,NAME:cc ocean marais monts,CC Océan Marais de Monts,,,NAME,Telecom & Networks,2021-07-19,48.0,2025-07-19,0.016362163456260292,0.028921161601454415,Low,duration imputed,False,32.0,0,59.66,LogLogisticAFT
BOAMP:21-101248,SIREN:214401846,COMMUNE DE SAINT NAZAIRE,214401846,,SIREN_ENRICHED,Software & Applications,2021-11-03,12.0,2022-11-03,0.028938908352677983,0.05065423375478484,Low,model-estimated recurrence probability,False,48.0,0,56.14,LogLogisticAFT
BOAMP:21-102565,SIREN:214400202,Ville de Bouguenais,214400202,,SIREN_ENRICHED,Cybersecurity,2021-11-22,7.0,2022-06-22,0.03899449651314968,0.06772910103784224,Low,model-estimated recurrence probability,False,35.0,0,55.52,LogLogisticAFT
BOAMP:21-103746,SIREN:217500016,Ville du Mans,217500016,,SIREN_ENRICHED,Data & AI,2021-07-26,24.0,2023-07-26,0.033483570079144154,0.05840403414652373,Low,model-estimated recurrence probability,False,,0,59.43,LogLogisticAFT
BOAMP:21-104861,NAME:destination rennes tourisme congres,DESTINATION RENNES Tourisme Congrès,,,NAME,Data & AI,2021-07-27,48.0,2025-07-27,0.017232661711083952,0.0304391458605614,Low,duration imputed,False,,0,59.4,LogLogisticAFT
BOAMP:21-104870,SIREN:225300011,DEPARTEMENT DE LA MAYENNE,225300011,,SIREN_ENRICHED,IT Services & Consulting,2021-11-03,48.0,2025-11-03,0.030136653906799094,0.05270197114586517,Low,model-estimated recurrence probability,False,72.0,1,42.41,LogLogisticAFT
BOAMP:21-104443,NAME:dir reg envir amenagement logt bretagn,DIR REG ENVIR AMENAGEMENT LOGT BRETAGN,,,NAME,Cybersecurity,2021-07-29,48.0,2025-07-29,0.017638242274020444,0.03114569806748002,Low,model-estimated recurrence probability,False,35.0,0,59.33,LogLogisticAFT
BOAMP:21-113571,NAME:sdis49,SDIS49,,,NAME,IT Services & Consulting,2021-12-02,48.0,2025-12-02,0.020233395823923472,0.03565609881727638,Low,duration imputed,False,72.0,0,55.19,LogLogisticAFT
BOAMP:21-113953,SIREN:264400136,CHU de Nantes,264400136,,SIREN_ENRICHED,IT Services & Consulting,2021-08-20,48.0,2025-08-20,0.028472706434784945,0.04985616186909869,Low,duration imputed,False,72.0,0,58.61,LogLogisticAFT
BOAMP:21-114338,NAME:cc pays st fulgent essarts,CC DU PAYS DE ST FULGENT LES ESSARTS,,,NAME,IT Services & Consulting,2021-08-24,18.0,2023-02-24,0.029856975517479234,0.05222415523345447,Low,model-estimated recurrence probability,False,72.0,0,58.48,LogLogisticAFT
BOAMP:21-117181,SIREN:753000611,SATT OUEST VALORISATION,753000611,,SIREN_ENRICHED,IT Services & Consulting,2021-08-31,48.0,2025-08-31,0.028472706434784945,0.04985616186909869,Low,duration imputed,False,72.0,0,58.25,LogLogisticAFT
BOAMP:21-117615,SIREN:264400136,CHU de Nantes,264400136,,SIREN_ENRICHED,IT Services & Consulting,2021-09-01,48.0,2025-09-01,0.028472706434784945,0.04985616186909869,Low,duration imputed,False,72.0,0,58.21,LogLogisticAFT
BOAMP:21-118586,NAME:ch mans,CH LE MANS,,,NAME,Cybersecurity,2022-01-14,12.0,2023-01-14,0.026313866222302806,0.046153020311017756,Low,model-estimated recurrence probability,False,35.0,0,53.78,LogLogisticAFT
BOAMP:21-120100,SIREN:215601071,Ville de Larmor-plage,215601071,,SIREN_ENRICHED,Cybersecurity,2021-09-10,6.0,2022-03-10,0.03942198808535391,0.06844916896574349,Low,model-estimated recurrence probability,False,35.0,0,57.92,LogLogisticAFT
BOAMP:21-122032,SIREN:794304097,Nantes Métropole,794304097,,SIREN_ENRICHED,IT Services & Consulting,2022-01-06,48.0,2026-01-06,0.028482773574922016,0.049873401468743195,Low,duration imputed,True,72.0,0,54.04,LogLogisticAFT
BOAMP:21-123669,SIREN:200069474,COMMUNE DE OMBREE D ANJOU,200069474,,SIREN_ENRICHED,Unknown,2021-09-15,48.0,2025-09-15,0.023848809576456187,0.04190944573801347,Low,model-estimated recurrence probability,False,,0,57.75,LogLogisticAFT
BOAMP:21-122276,SIREN:194909701,Université d'Angers,194909701,,SIREN_ENRICHED,Software & Applications,2021-11-29,48.0,2025-11-29,0.019421999693983505,0.03424784310902229,Low,model-estimated recurrence probability,False,48.0,0,55.29,LogLogisticAFT
BOAMP:21-124527,NAME:gpm nantes st nazaire,GPM de Nantes - St Nazaire,,,NAME,Software & Applications,2021-09-16,48.0,2025-09-16,0.013764637205770147,0.024379284347858965,Low,model-estimated recurrence probability,False,48.0,0,57.72,LogLogisticAFT
BOAMP:21-124087,NAME:ville orvault,Ville d'Orvault,,,NAME,Cybersecurity,2021-09-16,48.0,2025-09-16,0.01665252609298362,0.029427728269659892,Low,duration imputed,False,35.0,0,57.72,LogLogisticAFT
BOAMP:21-126270,NAME:cc ocean marais monts,CC Océan Marais de Monts,,,NAME,Telecom & Networks,2021-09-21,36.0,2024-09-21,0.019809253224927215,0.03492018056204049,Low,model-estimated recurrence probability,False,32.0,0,57.56,LogLogisticAFT
BOAMP:21-125862,NAME:groupement achats herm,Groupement d'achats de l'Herm,,,NAME,Unknown,2021-09-22,12.0,2022-09-22,0.025248734754379498,0.044321394578780704,Low,model-estimated recurrence probability,False,15.0,0,57.52,LogLogisticAFT
BOAMP:21-125536,NAME:crous nantes,CROUS de Nantes,,,NAME,IT Services & Consulting,2021-09-22,12.0,2022-09-22,0.03189361613735686,0.055698935992806176,Low,model-estimated recurrence probability,False,72.0,0,57.52,LogLogisticAFT
BOAMP:21-125688,SIREN:546650169,Vendée Expansion,546650169,,SIREN_ENRICHED,IT Services & Consulting,2021-12-08,12.0,2022-12-08,0.04466466875819375,0.0772417255542106,Low,model-estimated recurrence probability,True,72.0,0,54.99,LogLogisticAFT
BOAMP:21-126360,SIREN:983291931,MASH,983291931,,SIREN_ENRICHED,IT Services & Consulting,2021-10-28,6.0,2022-04-28,0.04766176606474126,0.08223664153242571,Low,model-estimated recurrence probability,False,72.0,0,56.34,LogLogisticAFT
BOAMP:21-126684,SIREN:234400034,Conseil régional des Pays de la Loire,234400034,,SIREN_ENRICHED,Cybersecurity,2022-01-10,24.0,2024-01-10,0.03238577223271155,0.056536983501472626,Low,model-estimated recurrence probability,False,72.0,0,53.91,LogLogisticAFT
BOAMP:21-128976,SIREN:327822177,CREHA Ouest,327822177,,SIREN_ENRICHED,IT Services & Consulting,2022-02-21,12.0,2023-02-21,0.044680197624669904,0.07726766463400625,Low,model-estimated recurrence probability,False,72.0,0,52.53,LogLogisticAFT
BOAMP:21-130046,NAME:gpm nantes st nazaire,GPM de Nantes - St Nazaire,,,NAME,Software & Applications,2021-09-29,48.0,2025-09-29,0.01299253501949893,0.02302567395721955,Low,duration imputed,False,48.0,0,57.29,LogLogisticAFT
BOAMP:21-121431,SIREN:532458809,Ville d'Angers,532458809,,SIREN_ENRICHED,Telecom & Networks,2021-09-30,12.0,2022-09-30,0.03629217680664043,0.06316636006103249,Low,model-estimated recurrence probability,False,32.0,0,57.26,LogLogisticAFT
BOAMP:21-130332,NAME:centre gestion 87,CENTRE DE GESTION 87,,,NAME,Cybersecurity,2021-10-01,48.0,2025-10-01,0.017638242274020444,0.03114569806748002,Low,model-estimated recurrence probability,False,72.0,0,57.23,LogLogisticAFT
BOAMP:21-130369,SIREN:214401622,Commune de Saint-Herblain,214401622,,SIREN_ENRICHED,IT Services & Consulting,2021-10-01,48.0,2025-10-01,0.030136653906799094,0.05270197114586517,Low,model-estimated recurrence probability,False,72.0,0,57.23,LogLogisticAFT
BOAMP:21-129937,SIREN:214401093,Ville de Nantes,214401093,,SIREN_ENRICHED,IT Services & Consulting,2021-10-01,24.0,2023-10-01,0.03920120900209367,0.06807734703317825,Low,model-estimated recurrence probability,True,72.0,0,57.23,LogLogisticAFT
BOAMP:21-132073,NAME:sde35,SDE35,,,NAME,Software & Applications,2021-10-01,48.0,2025-10-01,0.01299253501949893,0.02302567395721955,Low,duration imputed,True,48.0,0,57.23,LogLogisticAFT
BOAMP:21-130956,SIREN:234400034,Conseil régional des Pays de la Loire,234400034,,SIREN_ENRICHED,Software & Applications,2021-12-22,24.0,2023-12-22,0.025348011746958332,0.044492241459646475,Low,model-estimated recurrence probability,False,79.0,0,54.53,LogLogisticAFT
BOAMP:21-133433,NAME:syndicat mixte dvlpt numerique,SYNDICAT MIXTE POUR LE DVLPT NUMERIQUE,,,NAME,IT Services & Consulting,2021-10-05,48.0,2025-10-05,0.020233395823923472,0.03565609881727638,Low,duration imputed,False,72.0,0,57.1,LogLogisticAFT
BOAMP:21-135182,NAME:regie dept passages eau vendee,Régie Dépt Passages d'Eau de Vendée,,,NAME,IT Services & Consulting,2021-10-08,48.0,2025-10-08,0.020233395823923472,0.03565609881727638,Low,duration imputed,False,72.0,0,57.0,LogLogisticAFT
BOAMP:21-137487,SIREN:546650169,Vendée Expansion,546650169,,SIREN_ENRICHED,IT Services & Consulting,2021-12-08,12.0,2022-12-08,0.04466466875819375,0.0772417255542106,Low,model-estimated recurrence probability,False,72.0,1,9.59,LogLogisticAFT
BOAMP:21-137461,NAME:communaute cnes terres montaigu,Communauté de Cnes Terres de Montaigu,,,NAME,Unknown,2021-10-15,12.0,2022-10-15,0.025248734754379498,0.044321394578780704,Low,model-estimated recurrence probability,False,45.0,0,56.77,LogLogisticAFT
BOAMP:21-141754,SIREN:200071900,Vendée Grand Littoral,200071900,,SIREN_ENRICHED,Software & Applications,2021-10-21,5.0,2022-03-21,0.03125671740545677,0.05461347499291802,Low,model-estimated recurrence probability,False,45.0,0,56.57,LogLogisticAFT
BOAMP:21-141238,NAME:cte communes region blain,Cté de Communes de la Région de Blain,,,NAME,IT Services & Consulting,2021-10-21,48.0,2025-10-21,0.021426456587355425,0.03772354398523725,Low,model-estimated recurrence probability,False,,0,56.57,LogLogisticAFT
BOAMP:21-142218,SIREN:234400034,préfet de la région Pays de la Loire,234400034,,SIREN_ENRICHED,Unknown,2022-03-10,12.0,2023-03-10,0.03546889639773132,0.061772521337969954,Low,model-estimated recurrence probability,False,79.0,0,51.97,LogLogisticAFT
BOAMP:21-143183,SIREN:794304097,Nantes Métropole,794304097,,SIREN_ENRICHED,Software & Applications,2021-10-25,48.0,2025-10-25,0.019421999693983505,0.03424784310902229,Low,model-estimated recurrence probability,True,48.0,0,56.44,LogLogisticAFT
BOAMP:21-143481,NAME:sca pfaf so,SCA/PFAF SO,,,NAME,Telecom & Networks,2021-10-26,48.0,2025-10-26,0.016362163456260292,0.028921161601454415,Low,duration imputed,False,32.0,0,56.41,LogLogisticAFT
BOAMP:21-142703,NAME:chambre reg agri pays loire,CHAMBRE REG AGRI PAYS DE LA LOIRE,,,NAME,Digital Workplace & Collaboration,2021-10-27,18.0,2023-04-27,0.02546610343917699,0.04469543253857722,Low,model-estimated recurrence probability,False,72.0,0,56.37,LogLogisticAFT
BOAMP:21-144079,NAME:ecole national sup arts metiers,Ecole National Sup. d'Arts et Métiers,,,NAME,Telecom & Networks,2021-10-28,24.0,2023-10-28,0.022633729287910076,0.03981171741716094,Low,model-estimated recurrence probability,False,32.0,0,56.34,LogLogisticAFT
BOAMP:21-139944,SIREN:200067346,CA PORNIC AGGLO PAYS DE RETZ,200067346,,SIREN_ENRICHED,IT Hardware & Equipment,2022-01-24,24.0,2024-01-24,0.033495347835446165,0.05842404773946719,Low,model-estimated recurrence probability,False,30.0,0,53.45,LogLogisticAFT
BOAMP:21-146075,SIREN:214402042,Ville de Thouaré-sur-Loire,214402042,,SIREN_ENRICHED,IT Services & Consulting,2021-10-31,24.0,2023-10-31,0.03920120900209367,0.06807734703317825,Low,model-estimated recurrence probability,False,72.0,0,56.24,LogLogisticAFT
BOAMP:21-148591,SIREN:200083392,Laval Agglomération,200083392,,SIREN_ENRICHED,Telecom & Networks,2021-11-10,6.0,2022-05-10,0.03875024973244323,0.06731747916896336,Low,model-estimated recurrence probability,False,32.0,0,55.91,LogLogisticAFT
BOAMP:21-148611,SIREN:247200132,Le Mans Métropole - Communauté Urbaine,247200132,,SIREN_ENRICHED,Unknown,2022-02-14,4.0,2022-06-14,0.038709160454654556,0.06724821747155785,Low,model-estimated recurrence probability,False,39.0,1,11.63,LogLogisticAFT
BOAMP:21-150615,SIREN:832970024,Institut Régional Administration Lyon,832970024,,SIREN_ENRICHED,IT Services & Consulting,2021-11-14,12.0,2022-11-14,0.04466466875819375,0.0772417255542106,Low,model-estimated recurrence probability,False,72.0,0,55.78,LogLogisticAFT
BOAMP:21-150402,SIREN:794304097,Nantes Métropole,794304097,,SIREN_ENRICHED,Software & Applications,2021-11-14,48.0,2025-11-14,0.019421999693983505,0.03424784310902229,Low,model-estimated recurrence probability,False,48.0,0,55.78,LogLogisticAFT
BOAMP:21-152470,SIREN:214401093,Ville de Nantes,214401093,,SIREN_ENRICHED,Telecom & Networks,2021-11-17,24.0,2023-11-17,0.031818744486289297,0.05557138818111851,Low,model-estimated recurrence probability,False,32.0,0,55.68,LogLogisticAFT
BOAMP:21-151331,SIREN:831928452,FONDATION PARTENARIALE POLYTECH,831928452,,SIREN_ENRICHED,Digital Workplace & Collaboration,2021-11-17,12.0,2022-11-17,0.038181831532081545,0.06635894349866522,Low,model-estimated recurrence probability,False,72.0,0,55.68,LogLogisticAFT
BOAMP:21-153244,SIREN:180043010,Réseau Canopé,180043010,,SIREN_ENRICHED,IT Hardware & Equipment,2021-11-20,24.0,2023-11-20,0.033483570079144154,0.05840403414652373,Low,model-estimated recurrence probability,False,30.0,0,55.58,LogLogisticAFT
BOAMP:21-155528,NAME:regie dept passages eau vendee,Régie Dépt Passages d'Eau de Vendée,,,NAME,Software & Applications,2022-06-01,36.0,2025-06-01,0.015746729134750614,0.02784671558856655,Low,model-estimated recurrence probability,False,48.0,0,49.24,LogLogisticAFT
BOAMP:21-156574,SIREN:227200029,DEPARTEMENT DE LA SARTHE,227200029,,SIREN_ENRICHED,IT Services & Consulting,2021-11-26,48.0,2025-11-26,0.028472706434784945,0.04985616186909869,Low,duration imputed,False,72.0,0,55.39,LogLogisticAFT
BOAMP:21-155430,NAME:gpm nantes st nazaire,GPM de Nantes - St Nazaire,,,NAME,Software & Applications,2021-11-26,8.0,2022-07-26,0.021502137191613757,0.03785456095965656,Low,model-estimated recurrence probability,False,48.0,0,55.39,LogLogisticAFT
BOAMP:21-156783,NAME:ctre hosp universitaire angers,CTRE HOSP UNIVERSITAIRE ANGERS,,,NAME,IT Services & Consulting,2021-11-26,48.0,2025-11-26,0.020233395823923472,0.03565609881727638,Low,duration imputed,True,72.0,0,55.39,LogLogisticAFT
BOAMP:21-155709,NAME:dirisi,DIRISI,,,NAME,IT Services & Consulting,2021-11-26,48.0,2025-11-26,0.021426456587355425,0.03772354398523725,Low,model-estimated recurrence probability,False,72.0,0,55.39,LogLogisticAFT
BOAMP:21-156687,NAME:communaute cnes terres montaigu,Communauté de Cnes Terres de Montaigu,,,NAME,Digital Workplace & Collaboration,2021-11-28,48.0,2025-11-28,0.017232661711083952,0.0304391458605614,Low,duration imputed,False,72.0,0,55.32,LogLogisticAFT
BOAMP:21-156075,SIREN:224900019,Département de Maine-et-Loire,224900019,,SIREN_ENRICHED,Cybersecurity,2021-11-30,48.0,2025-11-30,0.02346858653793682,0.041253449671346365,Low,duration imputed,True,35.0,0,55.26,LogLogisticAFT
BOAMP:21-159098,NAME:communaute communes huisne sarthoise,COMMUNAUTE COMMUNES HUISNE SARTHOISE,,,NAME,Unknown,2021-12-02,48.0,2025-12-02,0.01597777084556995,0.028250197031992275,Low,duration imputed,False,45.0,0,55.19,LogLogisticAFT
BOAMP:21-160384,SIREN:546650169,Vendée Expansion,546650169,,SIREN_ENRICHED,IT Services & Consulting,2021-12-06,48.0,2025-12-06,0.028472706434784945,0.04985616186909869,Low,duration imputed,False,72.0,0,55.06,LogLogisticAFT
BOAMP:21-161507,NAME:sydela,SYDELA,,,NAME,Telecom & Networks,2022-01-27,24.0,2024-01-27,0.0226417800454074,0.03982562936306577,Low,model-estimated recurrence probability,False,32.0,0,53.35,LogLogisticAFT
BOAMP:21-159075,SIREN:535164412,Loire Océan Métropole Aménagement,535164412,,SIREN_ENRICHED,Unknown,2022-06-07,24.0,2024-06-07,0.031093668772590344,0.05433542112872647,Low,model-estimated recurrence probability,False,45.0,0,49.05,LogLogisticAFT
BOAMP:21-160020,SIREN:532458809,Ville d'Angers,532458809,,SIREN_ENRICHED,Unknown,2021-12-10,48.0,2025-12-10,0.022523972734883935,0.03962203751117821,Low,duration imputed,False,,0,54.93,LogLogisticAFT
BOAMP:21-161904,NAME:cd 44,CD 44,,,NAME,IT Maintenance & Support,2022-03-09,12.0,2023-03-09,0.027221263400631357,0.047711020759391376,Low,model-estimated recurrence probability,False,72.0,1,11.5,LogLogisticAFT
BOAMP:21-167647,NAME:geves,GEVES,,,NAME,Software & Applications,2021-12-23,36.0,2024-12-23,0.015741090570383087,0.027836866819426764,Low,model-estimated recurrence probability,False,48.0,0,54.5,LogLogisticAFT
BOAMP:21-170353,NAME:ch mans,CH LE MANS,,,NAME,Software & Applications,2022-06-02,12.0,2023-06-02,0.020574877543858228,0.03624824161465867,Low,model-estimated recurrence probability,False,48.0,0,49.21,LogLogisticAFT
BOAMP:22-1668,SIREN:198513905,LYCEE POLYVALENT LEONARD DE VINCI,198513905,,SIREN_ENRICHED,Telecom & Networks,2022-01-05,48.0,2026-01-05,0.023070362183442827,0.04056598088873886,Low,duration imputed,False,32.0,0,54.07,LogLogisticAFT
BOAMP:22-2168,NAME:ville orvault,Ville d'Orvault,,,NAME,Cybersecurity,2022-01-06,48.0,2026-01-06,0.016658485613995633,0.02943812284673497,Low,duration imputed,False,35.0,0,54.04,LogLogisticAFT
BOAMP:22-7823,SIREN:381053768,La Cité des Congrès de Nantes,381053768,,SIREN_ENRICHED,Telecom & Networks,2022-05-03,24.0,2024-05-03,0.031829955929935316,0.05559048840492631,Low,model-estimated recurrence probability,False,32.0,0,50.2,LogLogisticAFT
BOAMP:22-11807,NAME:syndicat mixte gigalis,SYNDICAT MIXTE GIGALIS,,,NAME,Software & Applications,2022-01-26,36.0,2025-01-26,0.015746729134750614,0.02784671558856655,Low,model-estimated recurrence probability,False,75.0,0,53.38,LogLogisticAFT
BOAMP:22-13142,SIREN:234400034,Conseil régional des Pays de la Loire,234400034,,SIREN_ENRICHED,IT Services & Consulting,2022-07-11,12.0,2023-07-11,0.044680197624669904,0.07726766463400625,Low,model-estimated recurrence probability,False,72.0,0,47.93,LogLogisticAFT
BOAMP:22-15926,NAME:garnache,LA GARNACHE,,,NAME,Telecom & Networks,2022-01-31,3.0,2022-04-30,0.02856075314113149,0.05000692946091023,Low,model-estimated recurrence probability,False,32.0,0,53.22,LogLogisticAFT
BOAMP:22-12758,SIREN:532458809,Ville d'Angers,532458809,,SIREN_ENRICHED,Cybersecurity,2022-06-17,12.0,2023-06-17,0.036935882345433324,0.06425494524281927,Low,model-estimated recurrence probability,False,35.0,1,1.58,LogLogisticAFT
BOAMP:22-15069,SIREN:244900015,Angers Loire Métropole,244900015,,SIREN_ENRICHED,Telecom & Networks,2022-05-13,12.0,2023-05-13,0.036304905373977236,0.063187896068987,Low,model-estimated recurrence probability,False,32.0,0,49.87,LogLogisticAFT
BOAMP:22-19299,SIREN:214400202,Ville de Bouguenais,214400202,,SIREN_ENRICHED,Cloud & Infrastructure,2022-07-08,24.0,2024-07-08,0.033495347835446165,0.05842404773946719,Low,model-estimated recurrence probability,False,48.0,0,48.03,LogLogisticAFT
BOAMP:22-21573,SIREN:794304097,Nantes Métropole,794304097,,SIREN_ENRICHED,GIS & Mapping,2022-02-10,8.0,2022-10-10,0.039898159747605355,0.06925067838394883,Low,model-estimated recurrence probability,False,72.0,0,52.89,LogLogisticAFT
BOAMP:22-24571,SIREN:233500016,Région Bretagne,233500016,,SIREN_ENRICHED,IT Services & Consulting,2022-02-16,24.0,2024-02-16,0.03921491632271634,0.0681004356858057,Low,model-estimated recurrence probability,False,72.0,0,52.69,LogLogisticAFT
BOAMP:22-24441,NAME:semitan mandataire nantes metropole,SEMITAN mandataire de Nantes Métropole,,,NAME,Digital Workplace & Collaboration,2022-08-01,33.0,2025-05-01,0.021573723264105116,0.0379784753665523,Low,model-estimated recurrence probability,False,72.0,0,47.24,LogLogisticAFT
BOAMP:22-25102,SIREN:234400034,Conseil régional des Pays de la Loire,234400034,,SIREN_ENRICHED,Software & Applications,2022-07-04,12.0,2023-07-04,0.028949135416867278,0.05067173459985119,Low,model-estimated recurrence probability,False,48.0,0,48.16,LogLogisticAFT
BOAMP:22-24902,SIREN:244900015,Angers Loire Métropole,244900015,,SIREN_ENRICHED,Cloud & Infrastructure,2022-02-21,7.0,2022-09-21,0.04033514225790902,0.06998570870249876,Low,model-estimated recurrence probability,False,48.0,0,52.53,LogLogisticAFT
BOAMP:22-28144,SIREN:546650169,Vendée Expansion,546650169,,SIREN_ENRICHED,IT Services & Consulting,2022-02-23,12.0,2023-02-23,0.044680197624669904,0.07726766463400625,Low,model-estimated recurrence probability,False,72.0,1,7.06,LogLogisticAFT
BOAMP:22-29187,NAME:gpm nantes st nazaire,GPM de Nantes - St Nazaire,,,NAME,Software & Applications,2022-02-25,36.0,2025-02-25,0.015746729134750614,0.02784671558856655,Low,model-estimated recurrence probability,False,48.0,0,52.4,LogLogisticAFT
BOAMP:22-28887,NAME:soc publique reg abe fontevraud,SOC PUBLIQUE REG ABE DE FONTEVRAUD,,,NAME,Telecom & Networks,2022-04-22,4.0,2022-08-22,0.02824757715924231,0.04947056632857094,Low,model-estimated recurrence probability,False,32.0,1,12.61,LogLogisticAFT
BOAMP:22-30678,SIREN:225300011,DEPARTEMENT DE LA MAYENNE,225300011,,SIREN_ENRICHED,Data & AI,2022-03-01,12.0,2023-03-01,0.0381951965811278,0.06638149086256662,Low,model-estimated recurrence probability,False,72.0,0,52.27,LogLogisticAFT
BOAMP:22-29878,SIREN:234400034,Conseil régional des Pays de la Loire,234400034,,SIREN_ENRICHED,Software & Applications,2022-07-11,12.0,2023-07-11,0.028949135416867278,0.05067173459985119,Low,model-estimated recurrence probability,True,48.0,0,47.93,LogLogisticAFT
BOAMP:22-32770,SIREN:234400034,Conseil régional des Pays de la Loire,234400034,,SIREN_ENRICHED,Software & Applications,2022-03-05,12.0,2023-03-05,0.028949135416867278,0.05067173459985119,Low,model-estimated recurrence probability,False,48.0,0,52.14,LogLogisticAFT
BOAMP:22-35887,SIREN:200067635,Clisson Sèvre et Maine Agglo,200067635,,SIREN_ENRICHED,Telecom & Networks,2022-06-21,12.0,2023-06-21,0.036304905373977236,0.063187896068987,Low,model-estimated recurrence probability,False,45.0,0,48.59,LogLogisticAFT
BOAMP:22-37294,SIREN:100492784,CORLAB,100492784,,SIREN_ENRICHED,Telecom & Networks,2022-03-16,24.0,2024-03-16,0.031829955929935316,0.05559048840492631,Low,model-estimated recurrence probability,False,32.0,0,51.77,LogLogisticAFT
BOAMP:22-39342,SIREN:100492784,CORLAB,100492784,,SIREN_ENRICHED,IT Services & Consulting,2022-03-16,24.0,2024-03-16,0.03921491632271634,0.0681004356858057,Low,model-estimated recurrence probability,True,72.0,0,51.77,LogLogisticAFT
BOAMP:22-38732,NAME:crous nantes,CROUS de Nantes,,,NAME,IT Services & Consulting,2022-05-20,12.0,2023-05-20,0.031904853092933116,0.055718077469222305,Low,model-estimated recurrence probability,False,72.0,0,49.64,LogLogisticAFT
BOAMP:22-39639,SIREN:225300011,DEPARTEMENT DE LA MAYENNE,225300011,,SIREN_ENRICHED,Digital Workplace & Collaboration,2022-03-17,12.0,2023-03-17,0.0381951965811278,0.06638149086256662,Low,model-estimated recurrence probability,False,72.0,1,11.27,LogLogisticAFT
BOAMP:22-38397,SIREN:130023435,GROUPEMENT D INTERET PUBLIC PIX,130023435,,SIREN_ENRICHED,IT Services & Consulting,2022-03-17,12.0,2023-03-17,0.044680197624669904,0.07726766463400625,Low,model-estimated recurrence probability,True,72.0,0,51.74,LogLogisticAFT
BOAMP:22-39212,SIREN:794304097,Nantes Métropole,794304097,,SIREN_ENRICHED,IT Services & Consulting,2022-03-18,24.0,2024-03-18,0.03921491632271634,0.0681004356858057,Low,model-estimated recurrence probability,False,72.0,0,51.71,LogLogisticAFT
BOAMP:22-41063,SIREN:213500515,COMMUNE DE CESSON SEVIGNE,213500515,,SIREN_ENRICHED,Unknown,2022-06-17,12.0,2023-06-17,0.03546889639773132,0.061772521337969954,Low,model-estimated recurrence probability,False,18.0,0,48.72,LogLogisticAFT
BOAMP:22-41300,SIREN:535104756,URSSAF des Pays de la Loire,535104756,,SIREN_ENRICHED,IT Services & Consulting,2022-06-06,24.0,2024-06-06,0.03921491632271634,0.0681004356858057,Low,model-estimated recurrence probability,False,72.0,0,49.08,LogLogisticAFT
BOAMP:22-51860,SIREN:228500013,Département de la Vendée,228500013,,SIREN_ENRICHED,IT Services & Consulting,2022-08-12,12.0,2023-08-12,0.044680197624669904,0.07726766463400625,Low,model-estimated recurrence probability,False,72.0,0,46.88,LogLogisticAFT
BOAMP:22-52158,NAME:cd 44,CD 44,,,NAME,IT Services & Consulting,2022-04-11,19.0,2023-11-11,0.02954044779577636,0.0516831351358098,Low,model-estimated recurrence probability,False,72.0,0,50.92,LogLogisticAFT
BOAMP:22-55032,NAME:cd 44,CD 44,,,NAME,IT Services & Consulting,2022-04-17,12.0,2023-04-17,0.031904853092933116,0.055718077469222305,Low,model-estimated recurrence probability,False,72.0,0,50.72,LogLogisticAFT
BOAMP:22-55482,NAME:spic arena loire trelaze,SPIC - ARENA LOIRE TRELAZE,,,NAME,Unknown,2022-06-02,36.0,2025-06-02,0.01935237589401806,0.03412692145307494,Low,model-estimated recurrence probability,False,92.0,0,49.21,LogLogisticAFT
BOAMP:22-55871,SIREN:200055812,Commune Bagnoles de l'Orne Normandie,200055812,,SIREN_ENRICHED,Unknown,2022-10-26,30.0,2025-04-26,0.029106574822640008,0.05094111451698191,Low,model-estimated recurrence probability,False,45.0,0,44.42,LogLogisticAFT
BOAMP:22-58162,SIREN:200071165,CA LES SABLES D OLONNE AGGLOMERATION,200071165,,SIREN_ENRICHED,Unknown,2023-01-25,28.0,2025-05-25,0.02976536552610165,0.05206759947442152,Low,model-estimated recurrence probability,False,45.0,0,41.43,LogLogisticAFT
BOAMP:22-58525,NAME:communaute communes nozay,Communauté de Communes de Nozay,,,NAME,IT Services & Consulting,2022-09-09,18.0,2024-03-09,0.029867517049113834,0.05224216863223097,Low,model-estimated recurrence probability,False,72.0,0,45.96,LogLogisticAFT
BOAMP:22-61807,NAME:cd 44,CD 44,,,NAME,IT Services & Consulting,2022-04-29,12.0,2023-04-29,0.031904853092933116,0.055718077469222305,Low,model-estimated recurrence probability,False,72.0,0,50.33,LogLogisticAFT
BOAMP:22-64560,NAME:insee,INSEE,,,NAME,Cybersecurity,2022-08-16,12.0,2023-08-16,0.026313866222302806,0.046153020311017756,Low,model-estimated recurrence probability,False,72.0,0,46.75,LogLogisticAFT
BOAMP:22-66076,NAME:ch mans,CH LE MANS,,,NAME,Telecom & Networks,2022-05-11,12.0,2023-05-11,0.025859473196871985,0.04537200476949288,Low,model-estimated recurrence probability,False,32.0,1,5.29,LogLogisticAFT
BOAMP:22-69952,SIREN:234400034,Conseil régional des Pays de la Loire,234400034,,SIREN_ENRICHED,IT Services & Consulting,2022-05-16,24.0,2024-05-16,0.03921491632271634,0.0681004356858057,Low,model-estimated recurrence probability,True,72.0,0,49.77,LogLogisticAFT
BOAMP:22-69458,NAME:ch mans,CH LE MANS,,,NAME,Telecom & Networks,2022-10-19,12.0,2023-10-19,0.025859473196871985,0.04537200476949288,Low,model-estimated recurrence probability,False,32.0,0,44.65,LogLogisticAFT
BOAMP:22-72719,SIREN:532458809,Ville d'Angers,532458809,,SIREN_ENRICHED,Cybersecurity,2022-08-04,12.0,2023-08-04,0.036935882345433324,0.06425494524281927,Low,model-estimated recurrence probability,False,35.0,1,11.47,LogLogisticAFT
BOAMP:22-73400,SIREN:200083228,Commune d'Ancenis-Saint-Géréon,200083228,,SIREN_ENRICHED,IT Services & Consulting,2022-05-23,36.0,2025-05-23,0.03439407990215637,0.05995016654873919,Low,model-estimated recurrence probability,False,72.0,0,49.54,LogLogisticAFT
BOAMP:22-74630,NAME:semitan,SEMITAN,,,NAME,Telecom & Networks,2022-05-25,36.0,2025-05-25,0.01981631969345643,0.03493244537850648,Low,model-estimated recurrence probability,False,32.0,0,49.47,LogLogisticAFT
BOAMP:22-73696,SIREN:217500016,Ville du Mans,217500016,,SIREN_ENRICHED,Telecom & Networks,2022-08-16,12.0,2023-08-16,0.036304905373977236,0.063187896068987,Low,model-estimated recurrence probability,False,18.0,0,46.75,LogLogisticAFT
BOAMP:22-74356,NAME:semitan,SEMITAN,,,NAME,IT Services & Consulting,2022-10-05,36.0,2025-10-05,0.02448445114762976,0.04300524969193287,Low,model-estimated recurrence probability,False,72.0,0,45.11,LogLogisticAFT
BOAMP:22-78731,SIREN:214400558,Mairie de La Baule-Escoublac,214400558,,SIREN_ENRICHED,Unknown,2022-10-25,12.0,2023-10-25,0.03546889639773132,0.061772521337969954,Low,model-estimated recurrence probability,False,18.0,0,44.45,LogLogisticAFT
BOAMP:22-82985,SIREN:840423198,ANGERS LOIRE ECO,840423198,,SIREN_ENRICHED,Digital Workplace & Collaboration,2022-06-14,36.0,2025-06-14,0.02935615576188233,0.05136801496868981,Low,model-estimated recurrence probability,False,72.0,0,48.82,LogLogisticAFT
BOAMP:22-83444,SIREN:381053768,La Cité des Congrès de Nantes,381053768,,SIREN_ENRICHED,Software & Applications,2022-10-21,24.0,2024-10-21,0.02535700291934595,0.04450771317009816,Low,model-estimated recurrence probability,False,48.0,0,44.58,LogLogisticAFT
BOAMP:22-87982,SIREN:264400136,CHU de Nantes,264400136,,SIREN_ENRICHED,IT Services & Consulting,2022-06-23,12.0,2023-06-23,0.044680197624669904,0.07726766463400625,Low,model-estimated recurrence probability,False,72.0,0,48.52,LogLogisticAFT
BOAMP:22-90330,SIREN:860800077,Loire Atlantique développement,860800077,,SIREN_ENRICHED,IT Maintenance & Support,2022-09-20,12.0,2023-09-20,0.0381951965811278,0.06638149086256662,Low,model-estimated recurrence probability,False,72.0,0,45.6,LogLogisticAFT
BOAMP:22-90329,NAME:cd 44,CD 44,,,NAME,IT Maintenance & Support,2023-02-22,12.0,2024-02-22,0.027230900468168895,0.04772755585778832,Low,model-estimated recurrence probability,False,72.0,0,40.51,LogLogisticAFT
BOAMP:22-92345,NAME:gpm nantes st nazaire,GPM de Nantes - St Nazaire,,,NAME,Software & Applications,2022-09-22,36.0,2025-09-22,0.015746729134750614,0.02784671558856655,Low,model-estimated recurrence probability,False,48.0,0,45.53,LogLogisticAFT
BOAMP:22-92599,SIREN:214400475,Mairie de Coueron,214400475,,SIREN_ENRICHED,Unknown,2022-07-03,36.0,2025-07-03,0.027242898941421845,0.04774814226685686,Low,model-estimated recurrence probability,False,31.0,0,48.19,LogLogisticAFT
BOAMP:22-93332,SIREN:546650169,Vendée Expansion,546650169,,SIREN_ENRICHED,IT Services & Consulting,2022-09-26,12.0,2023-09-26,0.044680197624669904,0.07726766463400625,Low,model-estimated recurrence probability,False,72.0,0,45.4,LogLogisticAFT
BOAMP:22-94809,NAME:com agglo reg nazairienne estuaire,COM D AGGLO REG NAZAIRIENNE ESTUAIRE,,,NAME,Software & Applications,2022-12-06,6.0,2023-06-06,0.021992709813297817,0.038703458313782746,Low,model-estimated recurrence probability,False,48.0,0,43.07,LogLogisticAFT
BOAMP:22-95663,NAME:cd 44,CD 44,,,NAME,Cybersecurity,2022-07-09,24.0,2024-07-09,0.023040970287285245,0.04051522377588457,Low,model-estimated recurrence probability,False,35.0,0,48.0,LogLogisticAFT
BOAMP:22-95015,SIREN:234400034,Conseil régional des Pays de la Loire,234400034,,SIREN_ENRICHED,Telecom & Networks,2022-07-09,12.0,2023-07-09,0.036304905373977236,0.063187896068987,Low,model-estimated recurrence probability,False,32.0,0,48.0,LogLogisticAFT
BOAMP:22-95969,SIREN:194909701,Université d'Angers,194909701,,SIREN_ENRICHED,Telecom & Networks,2023-02-28,6.0,2023-08-28,0.03877736627837036,0.06736318549084908,Low,model-estimated recurrence probability,False,32.0,0,40.31,LogLogisticAFT
BOAMP:22-98192,SIREN:228500013,Département de la Vendée,228500013,,SIREN_ENRICHED,IT Services & Consulting,2022-07-12,24.0,2024-07-12,0.03921491632271634,0.0681004356858057,Low,model-estimated recurrence probability,False,72.0,0,47.9,LogLogisticAFT
BOAMP:22-99915,NAME:ctre hosp universitaire angers,CTRE HOSP UNIVERSITAIRE ANGERS,,,NAME,Cloud & Infrastructure,2023-01-01,12.0,2024-01-01,0.027230900468168895,0.04772755585778832,Low,model-estimated recurrence probability,False,45.0,0,42.21,LogLogisticAFT
BOAMP:22-101575,SIREN:184503019,Agence de l'eau Loire-Bretagne,184503019,,SIREN_ENRICHED,Data & AI,2022-07-20,18.0,2024-01-20,0.03577102251047415,0.062284234931219706,Low,model-estimated recurrence probability,False,72.0,0,47.63,LogLogisticAFT
BOAMP:22-102191,NAME:rectorat division scus,Rectorat Division Scus,,,NAME,Telecom & Networks,2022-07-24,1.0,2022-08-24,0.029197245889592827,0.051096223604171986,Low,model-estimated recurrence probability,False,32.0,0,47.5,LogLogisticAFT
BOAMP:22-102718,SIREN:200078079,Commune de VALLONS-DE-L'ERDRE,200078079,,SIREN_ENRICHED,IT Services & Consulting,2022-11-28,12.0,2023-11-28,0.044680197624669904,0.07726766463400625,Low,model-estimated recurrence probability,False,72.0,0,43.33,LogLogisticAFT
BOAMP:22-105832,SIREN:228500013,Département de la Vendée,228500013,,SIREN_ENRICHED,Digital Workplace & Collaboration,2022-07-28,36.0,2025-07-28,0.02935615576188233,0.05136801496868981,Low,model-estimated recurrence probability,False,72.0,0,47.37,LogLogisticAFT
BOAMP:22-104764,NAME:semitan,SEMITAN,,,NAME,Digital Workplace & Collaboration,2022-12-05,24.0,2024-12-05,0.023838269314965355,0.04189126591636971,Low,model-estimated recurrence probability,False,72.0,0,43.1,LogLogisticAFT
BOAMP:22-105384,SIREN:247200132,Le Mans Métropole - Communauté Urbaine,247200132,,SIREN_ENRICHED,Unknown,2023-02-03,20.0,2024-10-03,0.03250214092083403,0.05673504415219399,Low,model-estimated recurrence probability,False,39.0,0,41.13,LogLogisticAFT
BOAMP:22-112462,NAME:semitan,SEMITAN,,,NAME,IT Services & Consulting,2022-08-17,3.0,2022-11-17,0.03521480478449368,0.06134198010767711,Low,model-estimated recurrence probability,False,72.0,0,46.71,LogLogisticAFT
BOAMP:22-113812,NAME:semitan mandataire nantes metropole,SEMITAN mandataire de Nantes Métropole,,,NAME,IT Services & Consulting,2023-02-15,24.0,2025-02-15,0.027966411347055464,0.04898880432063868,Low,model-estimated recurrence probability,False,72.0,0,40.74,LogLogisticAFT
BOAMP:22-115191,SIREN:381053768,La Cité des Congrès de Nantes,381053768,,SIREN_ENRICHED,Telecom & Networks,2023-01-10,24.0,2025-01-10,0.03184117119405305,0.055609594807046414,Low,model-estimated recurrence probability,False,32.0,0,41.92,LogLogisticAFT
BOAMP:22-118541,NAME:dgac dsna,DGAC DSNA,,,NAME,IT Services & Consulting,2022-09-02,12.0,2023-09-02,0.031904853092933116,0.055718077469222305,Low,model-estimated recurrence probability,False,72.0,0,46.19,LogLogisticAFT
BOAMP:22-120001,NAME:conseil departemental loire atlanti,CONSEIL DEPARTEMENTAL DE LOIRE-ATLANTI,,,NAME,Telecom & Networks,2022-09-06,36.0,2025-09-06,0.01981631969345643,0.03493244537850648,Low,model-estimated recurrence probability,False,32.0,0,46.06,LogLogisticAFT
BOAMP:22-121360,SIREN:225300011,DEPARTEMENT DE LA MAYENNE,225300011,,SIREN_ENRICHED,IT Services & Consulting,2022-09-09,24.0,2024-09-09,0.03921491632271634,0.0681004356858057,Low,model-estimated recurrence probability,False,72.0,0,45.96,LogLogisticAFT
BOAMP:22-120791,SIREN:244900015,Angers Loire Métropole,244900015,,SIREN_ENRICHED,Telecom & Networks,2023-01-30,12.0,2024-01-30,0.03631763823730294,0.06320943892404252,Low,model-estimated recurrence probability,False,32.0,0,41.26,LogLogisticAFT
BOAMP:22-123056,NAME:conseil departemental loire atlanti,CONSEIL DEPARTEMENTAL DE LOIRE-ATLANTI,,,NAME,IT Services & Consulting,2023-02-09,12.0,2024-02-09,0.031916093877061846,0.05573722513551693,Low,model-estimated recurrence probability,False,72.0,0,40.93,LogLogisticAFT
BOAMP:22-124106,SIREN:194909701,Université d'Angers,194909701,,SIREN_ENRICHED,Telecom & Networks,2022-09-17,36.0,2025-09-17,0.02789062603999537,0.04885891455779312,Low,model-estimated recurrence probability,False,32.0,0,45.7,LogLogisticAFT
BOAMP:22-126881,NAME:conseil departemental loire atlanti,CONSEIL DEPARTEMENTAL DE LOIRE-ATLANTI,,,NAME,Telecom & Networks,2022-09-21,12.0,2023-09-21,0.025859473196871985,0.04537200476949288,Low,model-estimated recurrence probability,False,32.0,0,45.57,LogLogisticAFT
BOAMP:22-127675,SIREN:234400034,Conseil régional des Pays de la Loire,234400034,,SIREN_ENRICHED,Telecom & Networks,2023-01-05,24.0,2025-01-05,0.03184117119405305,0.055609594807046414,Low,model-estimated recurrence probability,False,32.0,0,42.08,LogLogisticAFT
BOAMP:22-128177,SIREN:451518641,VENDEE,451518641,,SIREN_ENRICHED,IT Services & Consulting,2022-12-13,12.0,2023-12-13,0.044680197624669904,0.07726766463400625,Low,model-estimated recurrence probability,False,72.0,0,42.84,LogLogisticAFT
BOAMP:22-130653,SIREN:264901893,CENTRE COMMUNAL D ACTION SOCIALE,264901893,,SIREN_ENRICHED,Software & Applications,2022-09-29,24.0,2024-09-29,0.02535700291934595,0.04450771317009816,Low,model-estimated recurrence probability,False,48.0,0,45.3,LogLogisticAFT
BOAMP:22-134715,NAME:conseil departemental loire atlanti,CONSEIL DEPARTEMENTAL DE LOIRE-ATLANTI,,,NAME,Software & Applications,2022-10-07,12.0,2023-10-07,0.020574877543858228,0.03624824161465867,Low,model-estimated recurrence probability,False,48.0,0,45.04,LogLogisticAFT
BOAMP:22-133794,SIREN:794304097,Nantes Métropole,794304097,,SIREN_ENRICHED,IT Services & Consulting,2022-10-08,36.0,2025-10-08,0.03439407990215637,0.05995016654873919,Low,model-estimated recurrence probability,False,72.0,0,45.01,LogLogisticAFT
BOAMP:22-141252,SIREN:180043010,Réseau Canopé,180043010,,SIREN_ENRICHED,Digital Workplace & Collaboration,2022-10-20,12.0,2023-10-20,0.0381951965811278,0.06638149086256662,Low,model-estimated recurrence probability,False,72.0,0,44.61,LogLogisticAFT
BOAMP:22-140992,SIREN:214401432,COMMUNE DE REZE,214401432,,SIREN_ENRICHED,IT Services & Consulting,2022-10-20,36.0,2025-10-20,0.03439407990215637,0.05995016654873919,Low,model-estimated recurrence probability,False,72.0,0,44.61,LogLogisticAFT
BOAMP:22-141594,SIREN:244900015,Angers Loire Métropole,244900015,,SIREN_ENRICHED,IT Services & Consulting,2022-10-21,12.0,2023-10-21,0.044680197624669904,0.07726766463400625,Low,model-estimated recurrence probability,False,72.0,0,44.58,LogLogisticAFT
BOAMP:22-142509,SIREN:794304097,Nantes Métropole,794304097,,SIREN_ENRICHED,Software & Applications,2022-10-24,36.0,2025-10-24,0.022200407255082655,0.039062667463391265,Low,model-estimated recurrence probability,True,48.0,0,44.48,LogLogisticAFT
BOAMP:22-144511,NAME:ubs,UBS,,,NAME,Unknown,2022-10-28,6.0,2023-04-28,0.02698932826058098,0.04731299642918685,Low,model-estimated recurrence probability,False,38.0,1,3.02,LogLogisticAFT
BOAMP:22-148365,NAME:ch mans,CH LE MANS,,,NAME,Unknown,2023-06-02,12.0,2024-06-02,0.025266651590415634,0.04435222980525011,Low,model-estimated recurrence probability,False,50.0,0,37.22,LogLogisticAFT
BOAMP:22-150567,NAME:geves,GEVES,,,NAME,Cybersecurity,2023-07-11,12.0,2024-07-11,0.026323190739338753,0.046169041634871344,Low,model-estimated recurrence probability,False,35.0,0,35.94,LogLogisticAFT
BOAMP:22-153148,SIREN:234400034,Conseil régional des Pays de la Loire,234400034,,SIREN_ENRICHED,IT Services & Consulting,2022-11-19,5.0,2023-04-19,0.04819620134064817,0.08312492807585636,Low,model-estimated recurrence probability,False,72.0,0,43.63,LogLogisticAFT
BOAMP:22-159813,SIREN:391722881,GIE SESAM Vitale,391722881,,SIREN_ENRICHED,IT Services & Consulting,2022-12-04,24.0,2024-12-04,0.03921491632271634,0.0681004356858057,Low,model-estimated recurrence probability,False,72.0,1,12.48,LogLogisticAFT
BOAMP:22-162609,SIREN:244900015,Angers Loire Métropole,244900015,,SIREN_ENRICHED,Software & Applications,2022-12-09,12.0,2023-12-09,0.028949135416867278,0.05067173459985119,Low,model-estimated recurrence probability,False,48.0,0,42.97,LogLogisticAFT
BOAMP:22-162095,SIREN:225300011,DEPARTEMENT DE LA MAYENNE,225300011,,SIREN_ENRICHED,IT Services & Consulting,2023-02-23,12.0,2024-02-23,0.04469573163757623,0.0772936116949372,Low,model-estimated recurrence probability,False,72.0,0,40.47,LogLogisticAFT
BOAMP:22-165707,NAME:ch mans,CH LE MANS,,,NAME,Cybersecurity,2022-12-15,12.0,2023-12-15,0.026313866222302806,0.046153020311017756,Low,model-estimated recurrence probability,False,72.0,0,42.77,LogLogisticAFT
BOAMP:22-166698,SIREN:228500013,Département de la Vendée,228500013,,SIREN_ENRICHED,IT Services & Consulting,2023-04-28,24.0,2025-04-28,0.03922862824062634,0.06812353159660822,Low,model-estimated recurrence probability,False,72.0,0,38.37,LogLogisticAFT
BOAMP:22-166133,NAME:gie epl vendee,GIE des EPL de Vendée,,,NAME,Software & Applications,2022-12-18,12.0,2023-12-18,0.020574877543858228,0.03624824161465867,Low,model-estimated recurrence probability,True,48.0,0,42.67,LogLogisticAFT
BOAMP:22-166149,NAME:gie epl vendee,GIE des EPL de Vendée,,,NAME,Software & Applications,2023-02-20,2.0,2023-04-20,0.022998714865519188,0.04044224847368527,Low,model-estimated recurrence probability,False,48.0,0,40.57,LogLogisticAFT
BOAMP:22-169110,NAME:shema,SHEMA,,,NAME,Data & AI,2023-03-20,16.0,2024-07-20,0.026053938697691348,0.04570632141735964,Low,model-estimated recurrence probability,True,45.0,0,39.65,LogLogisticAFT
BOAMP:23-2072,SIREN:214400202,Ville de Bouguenais,214400202,,SIREN_ENRICHED,Digital Workplace & Collaboration,2023-04-19,12.0,2024-04-19,0.038208566122588605,0.0664040453426975,Low,model-estimated recurrence probability,False,72.0,0,38.67,LogLogisticAFT
BOAMP:23-12742,NAME:ubs,UBS,,,NAME,Unknown,2023-01-28,4.0,2023-05-28,0.02760156010539272,0.04836333957182404,Low,model-estimated recurrence probability,False,43.0,0,41.33,LogLogisticAFT
BOAMP:23-12419,SIREN:234400034,Conseil régional des Pays de la Loire,234400034,,SIREN_ENRICHED,Digital Workplace & Collaboration,2023-05-31,12.0,2024-05-31,0.038208566122588605,0.0664040453426975,Low,model-estimated recurrence probability,False,72.0,0,37.29,LogLogisticAFT
BOAMP:23-16483,SIREN:798203576,SPL EAU DU BASSIN RENNAIS,798203576,,SIREN_ENRICHED,IT Services & Consulting,2023-02-03,30.0,2025-08-03,0.03674136985567722,0.06392611421232253,Low,model-estimated recurrence probability,False,72.0,0,41.13,LogLogisticAFT
BOAMP:23-20260,SIREN:234400034,Conseil régional des Pays de la Loire,234400034,,SIREN_ENRICHED,IT Services & Consulting,2023-02-12,12.0,2024-02-12,0.04469573163757623,0.0772936116949372,Low,model-estimated recurrence probability,True,72.0,0,40.83,LogLogisticAFT
BOAMP:23-20884,NAME:cnieg,CNIEG,,,NAME,IT Services & Consulting,2023-10-06,24.0,2025-10-06,0.027966411347055464,0.04898880432063868,Low,model-estimated recurrence probability,False,72.0,0,33.08,LogLogisticAFT
BOAMP:23-22379,NAME:ctre hosp universitaire angers,CTRE HOSP UNIVERSITAIRE ANGERS,,,NAME,Telecom & Networks,2023-04-21,12.0,2024-04-21,0.02586864097418473,0.04538776787644083,Low,model-estimated recurrence probability,False,32.0,0,38.6,LogLogisticAFT
BOAMP:23-24020,SIREN:214900995,Ville de Cholet,214900995,,SIREN_ENRICHED,Cybersecurity,2023-05-11,12.0,2024-05-11,0.036948828020445856,0.06427682692978132,Low,model-estimated recurrence probability,False,35.0,0,37.94,LogLogisticAFT
BOAMP:23-30054,SIREN:224900019,Département de Maine-et-Loire,224900019,,SIREN_ENRICHED,Cybersecurity,2023-03-07,3.0,2023-06-07,0.04076003213787649,0.07069992682291182,Low,model-estimated recurrence probability,True,35.0,0,40.08,LogLogisticAFT
BOAMP:23-32316,NAME:communaute agglomeration niortais,Communauté d'agglomération du Niortais,,,NAME,Telecom & Networks,2023-03-09,24.0,2025-03-09,0.02264983360017503,0.03983954596870176,Low,model-estimated recurrence probability,True,32.0,0,40.01,LogLogisticAFT
BOAMP:23-31948,NAME:soc publique reg abe fontevraud,SOC PUBLIQUE REG ABE DE FONTEVRAUD,,,NAME,Telecom & Networks,2023-05-11,4.0,2023-09-11,0.02825756701526616,0.04948767953900424,Low,model-estimated recurrence probability,False,32.0,0,37.94,LogLogisticAFT
BOAMP:23-38767,SIREN:391722881,GIE SESAM Vitale,391722881,,SIREN_ENRICHED,IT Services & Consulting,2023-03-24,24.0,2025-03-24,0.03922862824062634,0.06812353159660822,Low,model-estimated recurrence probability,False,72.0,0,39.52,LogLogisticAFT
BOAMP:23-41648,SIREN:228500013,Département de la Vendée,228500013,,SIREN_ENRICHED,IT Services & Consulting,2023-03-28,24.0,2025-03-28,0.03922862824062634,0.06812353159660822,Low,model-estimated recurrence probability,False,72.0,0,39.39,LogLogisticAFT
BOAMP:23-41937,SIREN:451518641,VENDEE,451518641,,SIREN_ENRICHED,IT Services & Consulting,2023-06-27,12.0,2024-06-27,0.04469573163757623,0.0772936116949372,Low,model-estimated recurrence probability,True,72.0,0,36.4,LogLogisticAFT
BOAMP:23-42778,SIREN:264400136,CHU de Nantes,264400136,,SIREN_ENRICHED,Digital Workplace & Collaboration,2023-04-01,12.0,2024-04-01,0.038208566122588605,0.0664040453426975,Low,model-estimated recurrence probability,False,72.0,0,39.26,LogLogisticAFT
BOAMP:23-43763,NAME:cnieg,CNIEG,,,NAME,IT Services & Consulting,2023-06-29,24.0,2025-06-29,0.027966411347055464,0.04898880432063868,Low,model-estimated recurrence probability,False,72.0,0,36.33,LogLogisticAFT
BOAMP:23-43939,SIREN:244900015,Angers Loire Métropole,244900015,,SIREN_ENRICHED,IT Services & Consulting,2023-11-20,24.0,2025-11-20,0.03922862824062634,0.06812353159660822,Low,model-estimated recurrence probability,False,72.0,0,31.6,LogLogisticAFT
BOAMP:23-43054,SIREN:224900019,Département de Maine-et-Loire,224900019,,SIREN_ENRICHED,IT Services & Consulting,2023-06-02,24.0,2025-06-02,0.03922862824062634,0.06812353159660822,Low,model-estimated recurrence probability,False,72.0,0,37.22,LogLogisticAFT
BOAMP:23-47137,SIREN:532458809,Ville d'Angers,532458809,,SIREN_ENRICHED,Cybersecurity,2023-07-19,12.0,2024-07-19,0.036948828020445856,0.06427682692978132,Low,model-estimated recurrence probability,False,35.0,0,35.68,LogLogisticAFT
BOAMP:23-48831,SIREN:214401093,COMMUNE DE NANTES,214401093,,SIREN_ENRICHED,Telecom & Networks,2023-04-12,6.0,2023-10-12,0.03877736627837036,0.06736318549084908,Low,model-estimated recurrence probability,False,32.0,0,38.9,LogLogisticAFT
BOAMP:23-49047,SIREN:200054336,COMMUNE DE MAUGES SUR LOIRE,200054336,,SIREN_ENRICHED,Telecom & Networks,2023-04-14,16.0,2024-08-14,0.03476196825496802,0.06057426163895885,Low,model-estimated recurrence probability,False,32.0,0,38.83,LogLogisticAFT
BOAMP:23-51088,NAME:conseil departemental loire atlanti,CONSEIL DEPARTEMENTAL DE LOIRE-ATLANTI,,,NAME,Cybersecurity,2023-10-20,24.0,2025-10-20,0.023049162483231522,0.04052937118083333,Low,model-estimated recurrence probability,False,35.0,0,32.62,LogLogisticAFT
BOAMP:23-52464,NAME:ctre hosp universitaire angers,CTRE HOSP UNIVERSITAIRE ANGERS,,,NAME,Data & AI,2023-08-04,24.0,2025-08-04,0.023846738070373297,0.04190587283199709,Low,model-estimated recurrence probability,False,50.0,0,35.15,LogLogisticAFT
BOAMP:23-53540,SIREN:218502888,Ville de Talmont - Saint Hilaire,218502888,,SIREN_ENRICHED,IT Hardware & Equipment,2023-04-21,12.0,2024-04-21,0.038208566122588605,0.0664040453426975,Low,model-estimated recurrence probability,False,30.0,0,38.6,LogLogisticAFT
BOAMP:23-56091,NAME:ubs,UBS,,,NAME,Telecom & Networks,2023-04-26,4.0,2023-08-26,0.02825756701526616,0.04948767953900424,Low,model-estimated recurrence probability,False,32.0,0,38.44,LogLogisticAFT
BOAMP:23-61473,SIREN:110006012,Ministère des Affaires étrangères,110006012,,SIREN_ENRICHED,IT Services & Consulting,2023-10-31,24.0,2025-10-31,0.03922862824062634,0.06812353159660822,Low,model-estimated recurrence probability,False,72.0,0,32.26,LogLogisticAFT
BOAMP:23-61217,NAME:ctre hosp universitaire angers,CTRE HOSP UNIVERSITAIRE ANGERS,,,NAME,IT Services & Consulting,2023-05-06,24.0,2025-05-06,0.027966411347055464,0.04898880432063868,Low,model-estimated recurrence probability,False,72.0,0,38.11,LogLogisticAFT
BOAMP:23-61350,SIREN:834692402,CENOVIA CITES,834692402,,SIREN_ENRICHED,Unknown,2023-12-19,13.0,2025-01-19,0.03509502630866379,0.06113896514008377,Low,model-estimated recurrence probability,False,45.0,0,30.65,LogLogisticAFT
BOAMP:23-68037,NAME:cap atlantique,Cap Atlantique,,,NAME,IT Hardware & Equipment,2023-07-21,12.0,2024-07-21,0.027230900468168895,0.04772755585778832,Low,model-estimated recurrence probability,False,30.0,0,35.61,LogLogisticAFT
BOAMP:23-73693,SIREN:234400034,Conseil régional des Pays de la Loire,234400034,,SIREN_ENRICHED,IT Services & Consulting,2023-10-03,24.0,2025-10-03,0.03922862824062634,0.06812353159660822,Low,model-estimated recurrence probability,False,72.0,0,33.18,LogLogisticAFT
BOAMP:23-86585,SIREN:200071900,Vendée Grand Littoral,200071900,,SIREN_ENRICHED,Telecom & Networks,2023-06-22,12.0,2024-06-22,0.03631763823730294,0.06320943892404252,Low,model-estimated recurrence probability,True,32.0,0,36.56,LogLogisticAFT
BOAMP:23-85344,SIREN:130026123,UNIVERSITE GUSTAVE EIFFEL,130026123,,SIREN_ENRICHED,Telecom & Networks,2023-06-23,12.0,2024-06-23,0.03631763823730294,0.06320943892404252,Low,model-estimated recurrence probability,False,32.0,0,36.53,LogLogisticAFT
BOAMP:23-85790,SIREN:130026123,UNIVERSITE GUSTAVE EIFFEL,130026123,,SIREN_ENRICHED,Telecom & Networks,2023-06-23,12.0,2024-06-23,0.03631763823730294,0.06320943892404252,Low,model-estimated recurrence probability,False,32.0,0,36.53,LogLogisticAFT
BOAMP:23-86121,SIREN:228500013,Département de la Vendée,228500013,,SIREN_ENRICHED,Cybersecurity,2023-11-28,12.0,2024-11-28,0.036948828020445856,0.06427682692978132,Low,model-estimated recurrence probability,False,39.0,1,1.87,LogLogisticAFT
BOAMP:23-87983,NAME:conseil general vendee,Conseil général de la Vendée,,,NAME,IT Hardware & Equipment,2023-06-25,24.0,2025-06-25,0.023846738070373297,0.04190587283199709,Low,model-estimated recurrence probability,False,32.0,0,36.47,LogLogisticAFT
BOAMP:23-89292,SIREN:180043010,Réseau Canopé,180043010,,SIREN_ENRICHED,Digital Workplace & Collaboration,2023-06-29,24.0,2025-06-29,0.03350712959092039,0.05844406776488564,Low,model-estimated recurrence probability,False,72.0,0,36.33,LogLogisticAFT
BOAMP:23-89659,SIREN:130026123,UNIVERSITE GUSTAVE EIFFEL,130026123,,SIREN_ENRICHED,Software & Applications,2023-06-30,24.0,2025-06-30,0.025365997197982493,0.04452319000998062,Low,model-estimated recurrence probability,False,48.0,0,36.3,LogLogisticAFT
BOAMP:23-92003,SIREN:830955068,ANGERS LOIRE TOURISME EXPO CONGRES,830955068,,SIREN_ENRICHED,IT Services & Consulting,2023-10-05,12.0,2024-10-05,0.04469573163757623,0.0772936116949372,Low,model-estimated recurrence probability,False,72.0,0,33.11,LogLogisticAFT
BOAMP:23-93496,SIREN:247200132,Le Mans Métropole - Communauté Urbaine,247200132,,SIREN_ENRICHED,IT Services & Consulting,2023-12-26,24.0,2025-12-26,0.03922862824062634,0.06812353159660822,Low,model-estimated recurrence probability,False,72.0,0,30.42,LogLogisticAFT
BOAMP:23-94478,SIREN:234400034,Conseil régional des Pays de la Loire,234400034,,SIREN_ENRICHED,Cybersecurity,2023-12-21,12.0,2024-12-21,0.036948828020445856,0.06427682692978132,Low,model-estimated recurrence probability,False,35.0,0,30.58,LogLogisticAFT
BOAMP:23-96123,NAME:ctre hosp universitaire angers,CTRE HOSP UNIVERSITAIRE ANGERS,,,NAME,Cybersecurity,2023-07-09,24.0,2025-07-09,0.023049162483231522,0.04052937118083333,Low,model-estimated recurrence probability,False,35.0,0,36.01,LogLogisticAFT
BOAMP:23-98097,SIREN:200071900,Vendée Grand Littoral,200071900,,SIREN_ENRICHED,Software & Applications,2023-07-11,3.0,2023-10-11,0.03197383221401029,0.05583557197712974,Low,model-estimated recurrence probability,False,48.0,0,35.94,LogLogisticAFT
BOAMP:23-97071,SIREN:200052702,MAIRIE DE BAUGE EN ANJOU,200052702,,SIREN_ENRICHED,Unknown,2023-07-12,16.0,2024-11-12,0.03396023710898688,0.05921373047597356,Low,model-estimated recurrence probability,False,45.0,0,35.91,LogLogisticAFT
BOAMP:23-95188,NAME:cte cnes portes briardes,Cté Cnes LES PORTES BRIARDES,,,NAME,Unknown,2023-07-14,20.0,2025-03-14,0.023124563654957853,0.040659575792499125,Low,model-estimated recurrence probability,False,45.0,0,35.84,LogLogisticAFT
BOAMP:23-101593,NAME:semitan,SEMITAN,,,NAME,Software & Applications,2023-07-20,25.0,2025-08-20,0.01780943337697638,0.03144379192422475,Low,model-estimated recurrence probability,True,48.0,0,35.64,LogLogisticAFT
BOAMP:23-107376,SIREN:214401903,Ville de Saint Sébastien sur Loire,214401903,,SIREN_ENRICHED,Cybersecurity,2023-07-27,12.0,2024-07-27,0.036948828020445856,0.06427682692978132,Low,model-estimated recurrence probability,False,35.0,0,35.41,LogLogisticAFT
BOAMP:23-106736,SIREN:538208455,Gcs E-Sante Pays de la Loire,538208455,,SIREN_ENRICHED,Digital Workplace & Collaboration,2023-07-28,24.0,2025-07-28,0.03350712959092039,0.05844406776488564,Low,model-estimated recurrence probability,False,72.0,0,35.38,LogLogisticAFT
BOAMP:23-109005,SIREN:555650308,SPL Laval Mayenne Aménagements,555650308,,SIREN_ENRICHED,Software & Applications,2023-08-01,15.0,2024-11-01,0.028017211235136008,0.04907586261422814,Low,model-estimated recurrence probability,True,48.0,0,35.25,LogLogisticAFT
BOAMP:23-109930,SIREN:555650308,SPL Laval Mayenne Aménagements,555650308,,SIREN_ENRICHED,Telecom & Networks,2023-08-01,15.0,2024-11-01,0.03514475608251644,0.061223257682955334,Low,model-estimated recurrence probability,False,32.0,1,3.88,LogLogisticAFT
BOAMP:23-115723,SIREN:391722881,GIE SESAM Vitale,391722881,,SIREN_ENRICHED,IT Services & Consulting,2023-12-19,24.0,2025-12-19,0.03922862824062634,0.06812353159660822,Low,model-estimated recurrence probability,False,72.0,0,30.65,LogLogisticAFT
BOAMP:23-117688,SIREN:284400017,SDIS 44,284400017,,SIREN_ENRICHED,Cybersecurity,2023-12-12,12.0,2024-12-12,0.036948828020445856,0.06427682692978132,Low,model-estimated recurrence probability,False,35.0,0,30.88,LogLogisticAFT
BOAMP:23-122162,NAME:plongeoir cite cirque,LE PLONGEOIR - CITE DU CIRQUE,,,NAME,Telecom & Networks,2023-09-03,18.0,2025-03-03,0.02420711883726845,0.04252728002776529,Low,model-estimated recurrence probability,False,32.0,0,34.17,LogLogisticAFT
BOAMP:23-127328,SIREN:200014926,TERRITOIRE ENERGIE LOIRE ATLANTIQUE,200014926,,SIREN_ENRICHED,IT Services & Consulting,2023-12-06,24.0,2025-12-06,0.03922862824062634,0.06812353159660822,Low,model-estimated recurrence probability,False,72.0,0,31.08,LogLogisticAFT
BOAMP:23-131022,SIREN:174404301,Rectorat de l'Académie de Nantes,174404301,,SIREN_ENRICHED,Software & Applications,2023-09-20,7.0,2024-04-20,0.030598321723274147,0.053490255217075955,Low,model-estimated recurrence probability,False,48.0,0,33.61,LogLogisticAFT
BOAMP:23-130718,SIREN:214401846,COMMUNE DE SAINT NAZAIRE,214401846,,SIREN_ENRICHED,Software & Applications,2023-09-22,12.0,2024-09-22,0.028959365987534125,0.05068924116854823,Low,model-estimated recurrence probability,False,48.0,0,33.54,LogLogisticAFT
BOAMP:23-134735,SIREN:234400034,Conseil régional des Pays de la Loire,234400034,,SIREN_ENRICHED,IT Services & Consulting,2023-09-29,12.0,2024-09-29,0.04469573163757623,0.0772936116949372,Low,model-estimated recurrence probability,True,72.0,0,33.31,LogLogisticAFT
BOAMP:23-135048,SIREN:200081115,Ville de Montaigu-Vendée,200081115,,SIREN_ENRICHED,Unknown,2023-09-30,18.0,2025-03-30,0.03322346573817481,0.057961953979298375,Low,model-estimated recurrence probability,False,45.0,0,33.28,LogLogisticAFT
BOAMP:23-108932,SIREN:555650308,SPL Laval Mayenne Aménagements,555650308,,SIREN_ENRICHED,Telecom & Networks,2023-11-27,4.0,2024-03-27,0.039632253213387036,0.06880316698621158,Low,model-estimated recurrence probability,False,32.0,0,31.37,LogLogisticAFT
BOAMP:23-137061,SIREN:214400434,Mairie de Clisson,214400434,,SIREN_ENRICHED,Telecom & Networks,2023-10-03,2.0,2023-12-03,0.040505192817949176,0.07027161077399213,Low,model-estimated recurrence probability,False,32.0,0,33.18,LogLogisticAFT
BOAMP:23-139799,NAME:syndicat mixte gigalis,SYNDICAT MIXTE GIGALIS,,,NAME,Telecom & Networks,2023-10-06,12.0,2024-10-06,0.02586864097418473,0.04538776787644083,Low,model-estimated recurrence probability,False,32.0,0,33.08,LogLogisticAFT
BOAMP:23-138104,NAME:communaute agglomeration niortais,Communauté d'agglomération du Niortais,,,NAME,Software & Applications,2023-12-20,24.0,2025-12-20,0.018009028164808982,0.03179124448606996,Low,model-estimated recurrence probability,False,48.0,0,30.62,LogLogisticAFT
BOAMP:23-145035,NAME:ville alencon,Ville d'Alençon,,,NAME,Software & Applications,2023-10-19,24.0,2025-10-19,0.018009028164808982,0.03179124448606996,Low,model-estimated recurrence probability,False,71.0,0,32.65,LogLogisticAFT
BOAMP:23-148858,SIREN:538208455,Gcs E-Sante Pays de la Loire,538208455,,SIREN_ENRICHED,Digital Workplace & Collaboration,2023-10-25,24.0,2025-10-25,0.03350712959092039,0.05844406776488564,Low,model-estimated recurrence probability,False,72.0,0,32.46,LogLogisticAFT
BOAMP:23-152074,NAME:garnache,LA GARNACHE,,,NAME,Unknown,2023-10-29,16.0,2025-02-28,0.02417247806458689,0.042467563780567374,Low,model-estimated recurrence probability,False,45.0,0,32.33,LogLogisticAFT
BOAMP:23-160919,NAME:ch mans,CH LE MANS,,,NAME,IT Services & Consulting,2023-11-16,12.0,2024-11-16,0.031916093877061846,0.05573722513551693,Low,model-estimated recurrence probability,True,72.0,0,31.73,LogLogisticAFT
BOAMP:23-161829,NAME:e collectivites vendee,e-Collectivités Vendée,,,NAME,IT Services & Consulting,2023-11-19,24.0,2025-11-19,0.027966411347055464,0.04898880432063868,Low,model-estimated recurrence probability,False,72.0,0,31.64,LogLogisticAFT
BOAMP:23-165206,SIREN:214400558,Mairie de La Baule-Escoublac,214400558,,SIREN_ENRICHED,Cloud & Infrastructure,2023-11-26,12.0,2024-11-26,0.038208566122588605,0.0664040453426975,Low,model-estimated recurrence probability,False,90.0,0,31.41,LogLogisticAFT
BOAMP:23-165727,SIREN:194909701,Université d'Angers,194909701,,SIREN_ENRICHED,Data & AI,2023-11-29,24.0,2025-11-29,0.03350712959092039,0.05844406776488564,Low,model-estimated recurrence probability,False,38.0,0,31.31,LogLogisticAFT
BOAMP:23-166646,NAME:conseil departemental loire atlanti,CONSEIL DEPARTEMENTAL DE LOIRE-ATLANTI,,,NAME,IT Services & Consulting,2023-11-29,12.0,2024-11-29,0.031916093877061846,0.05573722513551693,Low,model-estimated recurrence probability,False,72.0,0,31.31,LogLogisticAFT
BOAMP:23-159290,SIREN:244900015,Angers Loire Métropole,244900015,,SIREN_ENRICHED,Cybersecurity,2023-12-02,12.0,2024-12-02,0.036948828020445856,0.06427682692978132,Low,model-estimated recurrence probability,False,35.0,0,31.21,LogLogisticAFT
BOAMP:23-168941,NAME:ch mans,CH LE MANS,,,NAME,IT Services & Consulting,2023-12-06,12.0,2024-12-06,0.031916093877061846,0.05573722513551693,Low,model-estimated recurrence probability,True,72.0,0,31.08,LogLogisticAFT
BOAMP:23-169318,NAME:conseil departemental loire atlanti,CONSEIL DEPARTEMENTAL DE LOIRE-ATLANTI,,,NAME,Unknown,2023-12-07,12.0,2024-12-07,0.025266651590415634,0.04435222980525011,Low,model-estimated recurrence probability,False,18.0,0,31.04,LogLogisticAFT
BOAMP:23-174764,NAME:conseil departemental loire atlanti,CONSEIL DEPARTEMENTAL DE LOIRE-ATLANTI,,,NAME,IT Services & Consulting,2023-12-15,12.0,2024-12-15,0.031916093877061846,0.05573722513551693,Low,model-estimated recurrence probability,False,72.0,0,30.78,LogLogisticAFT
BOAMP:23-180715,SIREN:245300355,COMMUNAUTE DE COMMUNES DE L ERNEE,245300355,,SIREN_ENRICHED,Cloud & Infrastructure,2023-12-30,4.0,2024-04-30,0.041688295392809605,0.07225867412868658,Low,model-estimated recurrence probability,False,48.0,0,30.29,LogLogisticAFT
BOAMP:24-1266,SIREN:200083228,Commune d'Ancenis-Saint-Géréon,200083228,,SIREN_ENRICHED,IT Services & Consulting,2024-01-04,12.0,2025-01-04,0.044711270798442726,0.07731956673896911,Low,model-estimated recurrence probability,False,72.0,0,30.12,LogLogisticAFT
BOAMP:24-5880,SIREN:834692402,CENOVIA CITES,834692402,,SIREN_ENRICHED,Unknown,2024-01-19,6.0,2024-07-19,0.037899926978306575,0.06588325165108833,Low,model-estimated recurrence probability,False,34.0,0,29.63,LogLogisticAFT
BOAMP:24-7288,SIREN:228500013,Département de la Vendée,228500013,,SIREN_ENRICHED,Cybersecurity,2024-01-24,4.0,2024-05-24,0.04033272149923506,0.06998163819926062,Low,model-estimated recurrence probability,False,39.0,0,29.47,LogLogisticAFT
BOAMP:24-10272,SIRET:83095506800044,Destination Angers,,83095506800044,SIRET,Unknown,2024-01-31,3.942181340341656,2024-05-31,0.038299993778861285,0.06655827183351493,Low,model-estimated recurrence probability,False,71.0,0,29.24,LogLogisticAFT
BOAMP:24-11668,SIRET:21850047800209,Commune de Challans,218500478,21850047800209,SIRET,Telecom & Networks,2024-02-01,3.942181340341656,2024-06-01,0.03920002029587755,0.06807534474993904,Low,model-estimated recurrence probability,False,32.0,0,29.2,LogLogisticAFT
BOAMP:24-12133,SIRET:17440005100010,Tribunal administratif de Nantes,174400051,17440005100010,SIRET,IT Services & Consulting,2024-02-02,2.9566360052562417,2024-05-02,0.04872557489027318,0.08400408909610513,Low,model-estimated recurrence probability,False,72.0,0,29.17,LogLogisticAFT
BOAMP:24-11800,SIREN:217500016,Ville du Mans,217500016,,SIREN_ENRICHED,GIS & Mapping,2024-02-02,4.0,2024-06-02,0.04170283461585411,0.0722830708984813,Low,model-estimated recurrence probability,False,75.0,0,29.17,LogLogisticAFT
BOAMP:24-13163,SIREN:935367433,Conseil départemental Loire Atlantique,935367433,,SIREN_ENRICHED,IT Maintenance & Support,2024-02-04,6.0,2024-08-04,0.0408051819457238,0.0707757940207232,Low,model-estimated recurrence probability,False,72.0,0,29.11,LogLogisticAFT
BOAMP:24-14769,SIREN:935367433,Conseil départemental Loire Atlantique,935367433,,SIREN_ENRICHED,IT Maintenance & Support,2024-02-07,6.0,2024-08-07,0.0408051819457238,0.0707757940207232,Low,model-estimated recurrence probability,False,72.0,0,29.01,LogLogisticAFT
BOAMP:24-15971,SIREN:214401846,VILLE DE SAINT NAZAIRE,214401846,,SIREN_ENRICHED,Telecom & Networks,2024-02-09,4.0,2024-06-09,0.039646105036091006,0.06882648362274513,Low,model-estimated recurrence probability,False,32.0,0,28.94,LogLogisticAFT
BOAMP:24-16750,SIRET:28850001000013,SDIS 85,288500010,28850001000013,SIRET,Software & Applications,2024-02-11,5.913272010512483,2024-08-11,0.030606042238111697,0.0535034329912244,Low,model-estimated recurrence probability,True,48.0,0,28.88,LogLogisticAFT
BOAMP:24-16801,SIRET:17350111500013,Société d'aménagement de la Métropole Ouest Atlantique,,17350111500013,SIRET,Telecom & Networks,2024-02-11,5.913272010512483,2024-08-11,0.03836618644279555,0.06666991669309974,Low,model-estimated recurrence probability,True,32.0,0,28.88,LogLogisticAFT
BOAMP:24-18790,SIREN:227200029,Département de la Sarthe,227200029,,SIREN_ENRICHED,Unknown,2024-02-16,4.0,2024-06-16,0.038736249405933454,0.067293880160058,Low,model-estimated recurrence probability,False,50.0,0,28.71,LogLogisticAFT
BOAMP:24-19872,SIRET:17440005100010,Tribunal Administratif de Nantes,174400051,17440005100010,SIRET,Telecom & Networks,2024-02-18,6.0,2024-08-18,0.03832989156164324,0.06660870078600001,Low,model-estimated recurrence probability,False,32.0,0,28.65,LogLogisticAFT
BOAMP:24-20340,SIREN:214401846,VILLE DE SAINT NAZAIRE,214401846,,SIREN_ENRICHED,Unknown,2024-02-20,5.0,2024-07-20,0.03831589736021601,0.06658509688488301,Low,model-estimated recurrence probability,False,44.0,0,28.58,LogLogisticAFT
BOAMP:24-20387,SIREN:935367433,Conseil départemental Loire Atlantique,935367433,,SIREN_ENRICHED,Software & Applications,2024-02-20,4.0,2024-06-20,0.03163559451605036,0.0552593204543077,Low,model-estimated recurrence probability,False,71.0,1,1.05,LogLogisticAFT
BOAMP:24-21999,SIRET:20004248900019,Syndicat Départemental d'Energie et d'Equipement de la Vendée (85),,20004248900019,SIRET,IT Services & Consulting,2024-02-23,3.942181340341656,2024-06-23,0.048209784166628245,0.08314749471317617,Low,model-estimated recurrence probability,True,72.0,0,28.48,LogLogisticAFT
BOAMP:24-22970,SIREN:217500016,Ville du Mans,217500016,,SIREN_ENRICHED,GIS & Mapping,2024-02-25,4.0,2024-06-25,0.04170283461585411,0.0722830708984813,Low,model-estimated recurrence probability,False,75.0,0,28.42,LogLogisticAFT
BOAMP:24-24049,SIRET:17440005100010,CHU NANTES,264400136,17440005100010,SIRET,Telecom & Networks,2024-02-28,6.0,2024-08-28,0.03832989156164324,0.06660870078600001,Low,model-estimated recurrence probability,False,32.0,0,28.32,LogLogisticAFT
BOAMP:24-24883,NAME:lpo touchard washington,LPO Touchard Washington,,,NAME,Unknown,2024-03-01,4.0,2024-07-01,0.027611327986818868,0.048380089257453074,Low,model-estimated recurrence probability,False,50.0,0,28.25,LogLogisticAFT
BOAMP:24-25465,SIRET:17440005100010,CA SAUMUR VAL DE LOIRE,200071876,17440005100010,SIRET,IT Hardware & Equipment,2024-03-01,3.942181340341656,2024-07-01,0.04123460187057304,0.07149710498462214,Low,model-estimated recurrence probability,False,30.0,0,28.25,LogLogisticAFT
BOAMP:24-26079,SIREN:247200090,Communauté de communes du Pays Sabolien,247200090,,SIREN_ENRICHED,Cybersecurity,2024-03-03,4.0,2024-07-03,0.04033272149923506,0.06998163819926062,Low,model-estimated recurrence probability,False,35.0,0,28.19,LogLogisticAFT
BOAMP:24-27405,SIREN:214401846,VILLE DE SAINT NAZAIRE,214401846,,SIREN_ENRICHED,Telecom & Networks,2024-03-07,4.0,2024-07-07,0.039646105036091006,0.06882648362274513,Low,model-estimated recurrence probability,False,32.0,0,28.06,LogLogisticAFT
BOAMP:24-27619,SIRET:17440005100010,GIE SESAM VITALE,391722881,17440005100010,SIRET,IT Hardware & Equipment,2024-03-07,6.0,2024-09-07,0.04032120650147375,0.06996227553559198,Low,model-estimated recurrence probability,False,30.0,0,28.06,LogLogisticAFT
BOAMP:24-27595,SIRET:17440005100010,GIE SESAM-Vitale,391722881,17440005100010,SIRET,IT Maintenance & Support,2024-03-07,6.0,2024-09-07,0.04032120650147375,0.06996227553559198,Low,model-estimated recurrence probability,False,72.0,0,28.06,LogLogisticAFT
BOAMP:24-27614,SIRET:17440005100010,GIE SESAM VITALE,391722881,17440005100010,SIRET,IT Services & Consulting,2024-03-07,6.0,2024-09-07,0.047149478543128565,0.0813844876805051,Low,model-estimated recurrence probability,False,72.0,0,28.06,LogLogisticAFT
BOAMP:24-29281,SIRET:17350111500864,SDIS44,,17350111500864,SIRET,Software & Applications,2024-03-12,3.942181340341656,2024-07-12,0.03127670597005949,0.05464755754135564,Low,model-estimated recurrence probability,False,48.0,0,27.89,LogLogisticAFT
BOAMP:24-29089,SIRET:17440005100010,Nantes Université,130029747,17440005100010,SIRET,Software & Applications,2024-03-12,4.0,2024-07-12,0.0312568322000919,0.054613670732520436,Low,model-estimated recurrence probability,True,48.0,0,27.89,LogLogisticAFT
BOAMP:24-30905,SIREN:227200029,Département de la Sarthe,227200029,,SIREN_ENRICHED,Unknown,2024-03-15,4.0,2024-07-15,0.038736249405933454,0.067293880160058,Low,model-estimated recurrence probability,False,50.0,0,27.79,LogLogisticAFT
BOAMP:24-34106,SIRET:47865038500014,CNIEG,,47865038500014,SIRET,IT Services & Consulting,2024-03-22,3.0,2024-06-22,0.0487027703835794,0.08396623094598266,Low,model-estimated recurrence probability,False,72.0,0,27.56,LogLogisticAFT
BOAMP:24-34134,SIREN:935367433,Conseil départemental Loire Atlantique,935367433,,SIREN_ENRICHED,Software & Applications,2024-03-23,4.0,2024-07-23,0.03163559451605036,0.0552593204543077,Low,model-estimated recurrence probability,False,71.0,1,10.84,LogLogisticAFT
BOAMP:24-35922,SIRET:17440005100010,CA SAUMUR VAL DE LOIRE,200071876,17440005100010,SIRET,IT Hardware & Equipment,2024-03-27,3.942181340341656,2024-07-27,0.04123460187057304,0.07149710498462214,Low,model-estimated recurrence probability,False,30.0,0,27.4,LogLogisticAFT
BOAMP:24-38022,NAME:semitan,SEMITAN,,,NAME,Unknown,2024-03-31,4.0,2024-07-31,0.027611327986818868,0.048380089257453074,Low,model-estimated recurrence probability,False,50.0,0,27.27,LogLogisticAFT
BOAMP:24-39278,SIRET:20002377800018,Pays de Saint Gilles Croix de Vie Agglomération (85),,20002377800018,SIRET,Telecom & Networks,2024-04-05,12.0,2025-04-05,0.03589748773350254,0.062498359605624776,Low,model-estimated recurrence probability,False,32.0,0,27.1,LogLogisticAFT
BOAMP:24-40517,SIREN:214401432,MAIRIE DE REZE,214401432,,SIREN_ENRICHED,Cybersecurity,2024-04-07,4.0,2024-08-07,0.04033272149923506,0.06998163819926062,Low,model-estimated recurrence probability,False,35.0,0,27.04,LogLogisticAFT
BOAMP:24-41674,SIRET:77811608700157,BATIMENT CFA NORMANDIE,778116087,77811608700157,SIRET,Unknown,2024-04-10,3.0,2024-07-10,0.03869576382151718,0.06722563463790265,Low,model-estimated recurrence probability,False,18.0,0,26.94,LogLogisticAFT
BOAMP:24-41081,SIRET:20007023300016,"Terres de Montaigu, Communauté d'Agglomération (85)",,20007023300016,SIRET,IT Hardware & Equipment,2024-04-10,4.92772667542707,2024-09-10,0.04079470720904865,0.0707581933296727,Low,model-estimated recurrence probability,False,30.0,0,26.94,LogLogisticAFT
BOAMP:24-42752,SIRET:13003051300019,Université de Rennes,,13003051300019,SIRET,Software & Applications,2024-04-12,4.0,2024-08-12,0.0312568322000919,0.054613670732520436,Low,model-estimated recurrence probability,False,48.0,0,26.87,LogLogisticAFT
BOAMP:24-44676,SIRET:83095506800044,Destination Angers,,83095506800044,SIRET,Telecom & Networks,2024-04-17,3.942181340341656,2024-08-17,0.03920002029587755,0.06807534474993904,Low,model-estimated recurrence probability,False,32.0,0,26.71,LogLogisticAFT
BOAMP:24-45124,SIRET:13000686900015,ACOSS,,13000686900015,SIRET,Software & Applications,2024-04-18,6.0,2024-10-18,0.03057685512197983,0.0534536140860532,Low,model-estimated recurrence probability,True,48.0,0,26.68,LogLogisticAFT
BOAMP:24-46266,SIRET:26720016000013,CH DU MANS,,26720016000013,SIRET,IT Services & Consulting,2024-04-19,6.0,2024-10-19,0.047149478543128565,0.0813844876805051,Low,model-estimated recurrence probability,False,72.0,0,26.64,LogLogisticAFT
BOAMP:24-47720,SIREN:488538877,Le Mans Métropole,488538877,,SIREN_ENRICHED,Cybersecurity,2024-04-24,4.0,2024-08-24,0.04033272149923506,0.06998163819926062,Low,model-estimated recurrence probability,False,35.0,0,26.48,LogLogisticAFT
BOAMP:24-50048,SIRET:20008213900011,Ville des Sables d’Olonne,,20008213900011,SIRET,Cybersecurity,2024-04-28,3.0,2024-07-28,0.04029063728259741,0.0699108712194535,Low,model-estimated recurrence probability,False,22.0,0,26.35,LogLogisticAFT
BOAMP:24-50203,SIREN:228500013,Département de la Vendée,228500013,,SIREN_ENRICHED,Digital Workplace & Collaboration,2024-04-28,4.0,2024-08-28,0.04170283461585411,0.0722830708984813,Low,model-estimated recurrence probability,False,72.0,0,26.35,LogLogisticAFT
BOAMP:24-50959,SIRET:38105376800028,La Cité des Congrès de Nantes,381053768,38105376800028,SIRET,Telecom & Networks,2024-05-01,4.92772667542707,2024-10-01,0.03878095279781424,0.06736923061004185,Low,model-estimated recurrence probability,False,32.0,1,1.02,LogLogisticAFT
BOAMP:24-51401,SIRET:77811608700157,BATIMENT CFA NORMANDIE,778116087,77811608700157,SIRET,Unknown,2024-05-02,3.0,2024-08-02,0.03869576382151718,0.06722563463790265,Low,model-estimated recurrence probability,False,18.0,0,26.22,LogLogisticAFT
BOAMP:24-52925,NAME:semitan,SEMITAN,,,NAME,Unknown,2024-05-05,4.0,2024-09-05,0.027611327986818868,0.048380089257453074,Low,model-estimated recurrence probability,False,71.0,1,1.05,LogLogisticAFT
BOAMP:24-53601,SIREN:488538877,Le Mans Métropole,488538877,,SIREN_ENRICHED,Unknown,2024-05-07,4.0,2024-09-07,0.038736249405933454,0.067293880160058,Low,model-estimated recurrence probability,False,45.0,0,26.05,LogLogisticAFT
BOAMP:24-54167,SIRET:26720016000013,CH DU MANS,,26720016000013,SIRET,IT Services & Consulting,2024-05-08,6.0,2024-11-08,0.047149478543128565,0.0813844876805051,Low,model-estimated recurrence probability,False,72.0,0,26.02,LogLogisticAFT
BOAMP:24-55863,SIREN:488538877,Le Mans Métropole,488538877,,SIREN_ENRICHED,Cybersecurity,2024-05-15,4.0,2024-09-15,0.04033272149923506,0.06998163819926062,Low,model-estimated recurrence probability,False,35.0,0,25.79,LogLogisticAFT
BOAMP:24-55356,SIRET:83095506800044,Destination Angers,,83095506800044,SIRET,Telecom & Networks,2024-05-15,3.942181340341656,2024-09-15,0.03920002029587755,0.06807534474993904,Low,model-estimated recurrence probability,False,32.0,0,25.79,LogLogisticAFT
BOAMP:24-59660,SIREN:287200265,SDIS de la Sarthe,287200265,,SIREN_ENRICHED,Cybersecurity,2024-05-24,6.0,2024-11-24,0.03946334599916046,0.06851880730887605,Low,model-estimated recurrence probability,False,35.0,0,25.49,LogLogisticAFT
BOAMP:24-61655,SIRET:20007116500167,Les Sables d'Olonne Agglomération,200071165,20007116500167,SIRET,Telecom & Networks,2024-05-29,6.0,2024-11-29,0.03832989156164324,0.06660870078600001,Low,model-estimated recurrence probability,False,32.0,0,25.33,LogLogisticAFT
BOAMP:24-61330,SIRET:20007023300016,"Terres de Montaigu, Communauté d'Agglomération (85)",,20007023300016,SIRET,Unknown,2024-05-29,5.0,2024-10-29,0.03786028105787298,0.06581633575740387,Low,model-estimated recurrence probability,False,79.0,0,25.33,LogLogisticAFT
BOAMP:24-61757,SIRET:17440005100010,NANTES UNIVERSITE,130029747,17440005100010,SIRET,Telecom & Networks,2024-05-30,3.942181340341656,2024-09-30,0.03920002029587755,0.06807534474993904,Low,model-estimated recurrence probability,False,32.0,0,25.3,LogLogisticAFT
BOAMP:24-62548,SIRET:17350005900014,Direction interdépartementale des routes ouest DIR Ouest,130001704,17350005900014,SIRET,Software & Applications,2024-05-31,5.913272010512483,2024-11-30,0.030606042238111697,0.0535034329912244,Low,model-estimated recurrence probability,False,48.0,0,25.26,LogLogisticAFT
BOAMP:24-62964,SIRET:38105376800028,La Cité des Congrès de Nantes,381053768,38105376800028,SIRET,Telecom & Networks,2024-06-01,4.92772667542707,2024-11-01,0.03878095279781424,0.06736923061004185,Low,model-estimated recurrence probability,False,32.0,0,25.23,LogLogisticAFT
BOAMP:24-63865,SIRET:13000170400589,DIR Ouest,,13000170400589,SIRET,IT Services & Consulting,2024-06-04,7.884362680683312,2025-02-04,0.046198020923379324,0.07980003899050048,Low,model-estimated recurrence probability,False,72.0,0,25.13,LogLogisticAFT
BOAMP:24-64515,NAME:groupement transamo cenovia,GROUPEMENT TRANSAMO - CENOVIA,,,NAME,Data & AI,2024-06-05,6.0,2024-12-05,0.029104060243641983,0.050936812569861156,Low,model-estimated recurrence probability,False,71.0,0,25.1,LogLogisticAFT
BOAMP:24-65111,SIREN:935367433,Conseil départemental Loire Atlantique,935367433,,SIREN_ENRICHED,IT Maintenance & Support,2024-06-06,4.0,2024-10-06,0.04170283461585411,0.0722830708984813,Low,model-estimated recurrence probability,False,72.0,0,25.07,LogLogisticAFT
BOAMP:24-65191,SIREN:194909701,Université d'Angers,194909701,,SIREN_ENRICHED,Unknown,2024-06-06,6.0,2024-12-06,0.037899926978306575,0.06588325165108833,Low,model-estimated recurrence probability,False,79.0,0,25.07,LogLogisticAFT
BOAMP:24-65120,NAME:semitan,SEMITAN,,,NAME,Unknown,2024-06-06,4.0,2024-10-06,0.027611327986818868,0.048380089257453074,Low,model-estimated recurrence probability,False,71.0,0,25.07,LogLogisticAFT
BOAMP:24-66059,SIRET:83095506800044,Destination Angers,,83095506800044,SIRET,Digital Workplace & Collaboration,2024-06-08,3.942181340341656,2024-10-08,0.04123460187057304,0.07149710498462214,Low,model-estimated recurrence probability,False,72.0,0,25.0,LogLogisticAFT
BOAMP:24-66226,SIRET:26490003600015,CHU ANGERS Etablissement support du Groupement Hospitalier de Territoire de Maine et Loire,,26490003600015,SIRET,Software & Applications,2024-06-09,5.913272010512483,2024-12-09,0.030606042238111697,0.0535034329912244,Low,model-estimated recurrence probability,True,48.0,0,24.97,LogLogisticAFT
BOAMP:24-66818,SIRET:17440005100010,CHU NANTES,264400136,17440005100010,SIRET,Telecom & Networks,2024-06-09,6.0,2024-12-09,0.03832989156164324,0.06660870078600001,Low,model-estimated recurrence probability,False,32.0,0,24.97,LogLogisticAFT
BOAMP:24-67001,SIREN:217500016,Ville du Mans,217500016,,SIREN_ENRICHED,Data & AI,2024-06-11,4.0,2024-10-11,0.04170283461585411,0.0722830708984813,Low,model-estimated recurrence probability,False,50.0,0,24.9,LogLogisticAFT
BOAMP:24-68165,SIREN:214401432,MAIRIE DE REZE,214401432,,SIREN_ENRICHED,Telecom & Networks,2024-06-13,6.0,2024-12-13,0.038790931379208304,0.06738604944716498,Low,model-estimated recurrence probability,False,32.0,0,24.84,LogLogisticAFT
BOAMP:24-70105,SIREN:228500013,Département de la Vendée,228500013,,SIREN_ENRICHED,Unknown,2024-06-18,4.0,2024-10-18,0.038736249405933454,0.067293880160058,Low,model-estimated recurrence probability,False,79.0,0,24.67,LogLogisticAFT
BOAMP:24-71687,SIRET:13002953100055,"Rectorat de la région académique Grand Est, rectorat de l'académie de Nancy-Metz",,13002953100055,SIRET,Software & Applications,2024-06-21,3.0,2024-09-21,0.031602286271533164,0.055202557337084235,Low,model-estimated recurrence probability,False,48.0,0,24.57,LogLogisticAFT
BOAMP:24-74022,SIREN:488538877,Le Mans Métropole,488538877,,SIREN_ENRICHED,IT Hardware & Equipment,2024-06-26,4.0,2024-10-26,0.04170283461585411,0.0722830708984813,Low,model-estimated recurrence probability,False,30.0,0,24.41,LogLogisticAFT
BOAMP:24-73665,SIRET:24440040400129,Nantes metropole,,24440040400129,SIRET,Cybersecurity,2024-06-26,5.0,2024-11-26,0.03942213164774111,0.06844941070333876,Low,model-estimated recurrence probability,False,72.0,0,24.41,LogLogisticAFT
BOAMP:24-73596,SIREN:214401358,Ville de LE POULIGUEN,214401358,,SIREN_ENRICHED,Unknown,2024-06-26,4.0,2024-10-26,0.038736249405933454,0.067293880160058,Low,model-estimated recurrence probability,False,18.0,1,6.44,LogLogisticAFT
BOAMP:24-74484,SIREN:353686934,CAP ATLANTIQUE,353686934,,SIREN_ENRICHED,Cybersecurity,2024-06-27,5.0,2024-11-27,0.039895764124642685,0.06924664744836495,Low,model-estimated recurrence probability,False,35.0,0,24.38,LogLogisticAFT
BOAMP:24-74174,SIRET:17350005900014,Direction interdépartementale des routes ouest DIR Ouest,130001704,17350005900014,SIRET,Software & Applications,2024-06-27,5.913272010512483,2024-12-27,0.030606042238111697,0.0535034329912244,Low,model-estimated recurrence probability,False,48.0,0,24.38,LogLogisticAFT
BOAMP:24-74996,SIRET:39172288100052,GIE SESAM VITALE,391722881,39172288100052,SIRET,IT Services & Consulting,2024-06-28,6.0,2024-12-28,0.047149478543128565,0.0813844876805051,Low,model-estimated recurrence probability,False,72.0,0,24.34,LogLogisticAFT
BOAMP:24-74644,SIRET:28850001000013,SDIS 85,288500010,28850001000013,SIRET,Telecom & Networks,2024-06-28,5.913272010512483,2024-12-28,0.03836618644279555,0.06666991669309974,Low,model-estimated recurrence probability,False,32.0,0,24.34,LogLogisticAFT
BOAMP:24-76881,SIRET:21440162200011,Mairie de Saint-Herblain,214401622,21440162200011,SIRET,Cybersecurity,2024-07-03,6.0,2025-01-03,0.03899463858194585,0.06772934041731182,Low,model-estimated recurrence probability,False,72.0,0,24.18,LogLogisticAFT
BOAMP:24-80068,SIREN:225300011,Conseil Départemental de la Mayenne,225300011,,SIREN_ENRICHED,IT Services & Consulting,2024-07-10,4.0,2024-11-10,0.048753194848808246,0.0840499397001675,Low,model-estimated recurrence probability,False,72.0,0,23.95,LogLogisticAFT
BOAMP:24-80509,SIRET:11001001400014,Ministère de la justice - SG/2S2M/SDIT,,11001001400014,SIRET,IT Services & Consulting,2024-07-10,6.0,2025-01-10,0.047149478543128565,0.0813844876805051,Low,model-estimated recurrence probability,True,72.0,0,23.95,LogLogisticAFT
BOAMP:24-80391,SIREN:200014926,Territoire d'énergie Loire-Atlantique,200014926,,SIREN_ENRICHED,Telecom & Networks,2024-07-10,4.0,2024-11-10,0.039646105036091006,0.06882648362274513,Low,model-estimated recurrence probability,False,45.0,0,23.95,LogLogisticAFT
BOAMP:24-80969,SIRET:13002622200013,INESAAE - L'Institut Agro,,13002622200013,SIRET,Telecom & Networks,2024-07-11,3.942181340341656,2024-11-11,0.03920002029587755,0.06807534474993904,Low,model-estimated recurrence probability,False,32.0,1,1.81,LogLogisticAFT
BOAMP:24-81519,SIRET:24440040400129,Nantes metropole,,24440040400129,SIRET,Cybersecurity,2024-07-12,5.0,2024-12-12,0.03942213164774111,0.06844941070333876,Low,model-estimated recurrence probability,False,72.0,0,23.88,LogLogisticAFT
BOAMP:24-81192,SIRET:45151864100035,SAEM VENDEE - Vendée Globe,,45151864100035,SIRET,Cybersecurity,2024-07-12,3.942181340341656,2024-11-12,0.03987923198876153,0.06921882965634651,Low,model-estimated recurrence probability,False,35.0,0,23.88,LogLogisticAFT
BOAMP:24-82336,SIRET:45151864100035,SAEM VENDEE - Vendée Globe,,45151864100035,SIRET,IT Services & Consulting,2024-07-14,2.9566360052562417,2024-10-14,0.04872557489027318,0.08400408909610513,Low,model-estimated recurrence probability,False,72.0,0,23.82,LogLogisticAFT
BOAMP:24-83533,SIRET:21850128600015,Ville de Luçon (85),,21850128600015,SIRET,IT Services & Consulting,2024-07-17,3.942181340341656,2024-11-17,0.048209784166628245,0.08314749471317617,Low,model-estimated recurrence probability,False,72.0,0,23.72,LogLogisticAFT
BOAMP:24-83640,SIRET:80355563000018,Association E-TOILE,445400104,80355563000018,SIRET,IT Services & Consulting,2024-07-17,3.942181340341656,2024-11-17,0.048209784166628245,0.08314749471317617,Low,model-estimated recurrence probability,True,72.0,0,23.72,LogLogisticAFT
BOAMP:24-83726,SIREN:200061778,Mayenne Très Haut Débit,200061778,,SIREN_ENRICHED,Telecom & Networks,2024-07-17,9.0,2025-04-17,0.03754128557561798,0.06527777480949837,Low,model-estimated recurrence probability,False,45.0,0,23.72,LogLogisticAFT
BOAMP:24-83734,SIREN:194909701,Université d'Angers,194909701,,SIREN_ENRICHED,Software & Applications,2024-07-17,6.0,2025-01-17,0.030947640878983607,0.05408633407999719,Low,model-estimated recurrence probability,False,48.0,0,23.72,LogLogisticAFT
BOAMP:24-86406,SIRET:39172288100052,GIE SESAM VITALE,391722881,39172288100052,SIRET,Software & Applications,2024-07-23,6.0,2025-01-23,0.03057685512197983,0.0534536140860532,Low,model-estimated recurrence probability,True,48.0,0,23.52,LogLogisticAFT
BOAMP:24-88815,SIREN:488538877,Le Mans Métropole,488538877,,SIREN_ENRICHED,IT Services & Consulting,2024-07-28,4.0,2024-11-28,0.048753194848808246,0.0840499397001675,Low,model-estimated recurrence probability,False,72.0,0,23.36,LogLogisticAFT
BOAMP:24-97007,SIREN:488538877,Le Mans Métropole,488538877,,SIREN_ENRICHED,Telecom & Networks,2024-08-25,4.0,2024-12-25,0.039646105036091006,0.06882648362274513,Low,model-estimated recurrence probability,False,45.0,0,22.44,LogLogisticAFT
BOAMP:24-98721,SIREN:194909701,Université d'Angers,194909701,,SIREN_ENRICHED,Software & Applications,2024-08-30,6.0,2025-02-28,0.030947640878983607,0.05408633407999719,Low,model-estimated recurrence probability,False,48.0,0,22.27,LogLogisticAFT
BOAMP:24-99892,SIRET:13002622200013,INESAAE - L'Institut Agro,,13002622200013,SIRET,Telecom & Networks,2024-09-04,3.942181340341656,2025-01-04,0.03920002029587755,0.06807534474993904,Low,model-estimated recurrence probability,False,32.0,0,22.11,LogLogisticAFT
BOAMP:24-102022,NAME:semitan,SEMITAN,,,NAME,IT Services & Consulting,2024-09-08,4.0,2025-01-08,0.0348557551296087,0.060733307558263894,Low,model-estimated recurrence probability,False,72.0,0,21.98,LogLogisticAFT
BOAMP:24-102167,SIRET:24440040400129,Nantes Métropole,794304097,24440040400129,SIRET,Cybersecurity,2024-09-10,5.0,2025-02-10,0.03942213164774111,0.06844941070333876,Low,model-estimated recurrence probability,False,72.0,1,3.12,LogLogisticAFT
BOAMP:24-102689,SIRET:24440040400129,Nantes métropole,,24440040400129,SIRET,Software & Applications,2024-09-11,5.0,2025-02-11,0.03091503383771521,0.054030706960241814,Low,model-estimated recurrence probability,True,48.0,0,21.88,LogLogisticAFT
BOAMP:24-104541,SIREN:935367433,Conseil départemental Loire Atlantique,935367433,,SIREN_ENRICHED,Software & Applications,2024-09-15,6.0,2025-03-15,0.030947640878983607,0.05408633407999719,Low,model-estimated recurrence probability,False,48.0,1,1.02,LogLogisticAFT
BOAMP:24-106137,SIRET:17440005100010,CHU NANTES,264400136,17440005100010,SIRET,IT Maintenance & Support,2024-09-20,6.0,2025-03-20,0.04032120650147375,0.06996227553559198,Low,model-estimated recurrence probability,False,72.0,1,6.14,LogLogisticAFT
BOAMP:24-106530,SIRET:12001002000028,Casier judiciaire national,130025158,12001002000028,SIRET,Cybersecurity,2024-09-20,2.9566360052562417,2024-12-20,0.040309669809423854,0.06994287605006,Low,model-estimated recurrence probability,False,35.0,1,8.02,LogLogisticAFT
BOAMP:24-106616,NAME:saint nazaire agglomeration carene,Saint-Nazaire Agglomération -  la CARENE,,,NAME,Cybersecurity,2024-09-20,5.0,2025-02-20,0.02844768903025996,0.04981331934086908,Low,model-estimated recurrence probability,False,39.0,0,21.58,LogLogisticAFT
BOAMP:24-107102,NAME:saint nazaire agglomeration carene,Saint-Nazaire Agglomération -  la CARENE,,,NAME,Cybersecurity,2024-09-22,5.0,2025-02-22,0.02844768903025996,0.04981331934086908,Low,model-estimated recurrence probability,False,39.0,0,21.52,LogLogisticAFT
BOAMP:24-107602,SIREN:935367433,Conseil départemental Loire Atlantique,935367433,,SIREN_ENRICHED,Software & Applications,2024-09-24,6.0,2025-03-24,0.030947640878983607,0.05408633407999719,Low,model-estimated recurrence probability,False,48.0,1,7.29,LogLogisticAFT
BOAMP:24-107476,SIRET:17440005100010,VILLE DE LAVAL,215301300,17440005100010,SIRET,Cybersecurity,2024-09-24,4.0,2025-01-24,0.03985411690628338,0.06917656842390563,Low,model-estimated recurrence probability,False,34.0,0,21.45,LogLogisticAFT
BOAMP:24-111199,SIRET:21370261600011,Mairie Tours,,21370261600011,SIRET,Cybersecurity,2024-10-03,5.913272010512483,2025-04-03,0.03903153736956011,0.06779151143288231,Low,model-estimated recurrence probability,False,35.0,1,3.19,LogLogisticAFT
BOAMP:24-111919,SIRET:24850058900085,La Roche sur Yon Agglomération (85),521017848,24850058900085,SIRET,IT Services & Consulting,2024-10-04,3.942181340341656,2025-02-04,0.048209784166628245,0.08314749471317617,Low,model-estimated recurrence probability,False,72.0,1,1.08,LogLogisticAFT
BOAMP:24-112213,SIREN:228500013,Département de la Vendée,228500013,,SIREN_ENRICHED,Cybersecurity,2024-10-04,4.0,2025-02-04,0.04033272149923506,0.06998163819926062,Low,model-estimated recurrence probability,False,35.0,1,4.99,LogLogisticAFT
BOAMP:24-114124,NAME:saint nazaire agglomeration carene,Saint-Nazaire Agglomération -  la CARENE,,,NAME,Cybersecurity,2024-10-09,5.0,2025-03-09,0.02844768903025996,0.04981331934086908,Low,model-estimated recurrence probability,False,39.0,0,20.96,LogLogisticAFT
BOAMP:24-114946,SIRET:13003051300019,Université de Rennes,,13003051300019,SIRET,Telecom & Networks,2024-10-11,3.942181340341656,2025-02-11,0.03920002029587755,0.06807534474993904,Low,model-estimated recurrence probability,False,32.0,0,20.89,LogLogisticAFT
BOAMP:24-115331,SIREN:488538877,Le Mans Métropole,488538877,,SIREN_ENRICHED,Telecom & Networks,2024-10-11,4.0,2025-02-11,0.039646105036091006,0.06882648362274513,Low,model-estimated recurrence probability,False,44.0,1,1.12,LogLogisticAFT
BOAMP:24-116007,SIRET:11000201100044,Rectorat de NANTES,449078492,11000201100044,SIRET,Software & Applications,2024-10-13,2.9566360052562417,2025-01-13,0.03161734979948727,0.05522822860393006,Low,model-estimated recurrence probability,True,48.0,0,20.83,LogLogisticAFT
BOAMP:24-116379,NAME:audencia eesc,AUDENCIA EESC,,,NAME,IT Services & Consulting,2024-10-15,4.0,2025-02-15,0.0348557551296087,0.060733307558263894,Low,model-estimated recurrence probability,False,72.0,0,20.76,LogLogisticAFT
BOAMP:24-117088,SIREN:935367433,Conseil départemental Loire Atlantique,935367433,,SIREN_ENRICHED,Software & Applications,2024-10-16,6.0,2025-04-16,0.030947640878983607,0.05408633407999719,Low,model-estimated recurrence probability,False,48.0,1,6.57,LogLogisticAFT
BOAMP:24-117855,SIRET:24440040400129,Nantes Métropole,794304097,24440040400129,SIRET,Cybersecurity,2024-10-17,5.0,2025-03-17,0.03942213164774111,0.06844941070333876,Low,model-estimated recurrence probability,False,72.0,1,1.91,LogLogisticAFT
BOAMP:24-117582,SIRET:20004131700013,Communauté d'Agglomération du Niortais,,20004131700013,SIRET,IT Services & Consulting,2024-10-17,6.0,2025-04-17,0.047149478543128565,0.0813844876805051,Low,model-estimated recurrence probability,False,72.0,0,20.7,LogLogisticAFT
BOAMP:24-118232,SIRET:18009202500121,IMT ATLANTIQUE BRETAGNE - PAYS DE LA LOIRE,,18009202500121,SIRET,Cybersecurity,2024-10-18,3.942181340341656,2025-02-18,0.03987923198876153,0.06921882965634651,Low,model-estimated recurrence probability,False,35.0,0,20.66,LogLogisticAFT
BOAMP:24-121511,SIREN:488538877,Le Mans Métropole,488538877,,SIREN_ENRICHED,Cybersecurity,2024-10-25,4.0,2025-02-25,0.04033272149923506,0.06998163819926062,Low,model-estimated recurrence probability,False,72.0,1,5.26,LogLogisticAFT
BOAMP:24-121412,SIRET:18009202500121,IMT Atlantique Bretagne - Pays de la Loire,,18009202500121,SIRET,Cybersecurity,2024-10-25,2.9566360052562417,2025-01-25,0.040309669809423854,0.06994287605006,Low,model-estimated recurrence probability,False,35.0,0,20.43,LogLogisticAFT
BOAMP:24-122891,SIREN:488538877,Le Mans Métropole,488538877,,SIREN_ENRICHED,Cybersecurity,2024-10-29,4.0,2025-02-28,0.04033272149923506,0.06998163819926062,Low,model-estimated recurrence probability,False,72.0,1,5.12,LogLogisticAFT
BOAMP:24-123500,NAME:semitan mandataire nantes metropole,"SEMITAN, mandataire de Nantes Métropole",,,NAME,IT Services & Consulting,2024-10-30,4.0,2025-02-28,0.0348557551296087,0.060733307558263894,Low,model-estimated recurrence probability,False,45.0,0,20.27,LogLogisticAFT
BOAMP:24-123750,SIRET:77811608700157,BATIMENT CFA NORMANDIE,778116087,77811608700157,SIRET,IT Services & Consulting,2024-10-31,3.0,2025-01-31,0.0487027703835794,0.08396623094598266,Low,model-estimated recurrence probability,False,72.0,0,20.24,LogLogisticAFT
BOAMP:24-124838,SIRET:17440005100010,REGION PAYS DE LA LOIRE,234400034,17440005100010,SIRET,Unknown,2024-11-02,4.0,2025-03-02,0.03827583361745268,0.06651751890640911,Low,model-estimated recurrence probability,True,45.0,0,20.17,LogLogisticAFT
BOAMP:24-125547,SIRET:24850058900085,La Roche sur Yon Agglomération (85),521017848,24850058900085,SIRET,IT Services & Consulting,2024-11-06,3.942181340341656,2025-03-06,0.048209784166628245,0.08314749471317617,Low,model-estimated recurrence probability,False,72.0,0,20.04,LogLogisticAFT
BOAMP:24-127590,SIREN:488538877,Le Mans Métropole,488538877,,SIREN_ENRICHED,Telecom & Networks,2024-11-10,4.0,2025-03-10,0.039646105036091006,0.06882648362274513,Low,model-estimated recurrence probability,False,44.0,1,4.73,LogLogisticAFT
BOAMP:24-127394,SIRET:51532951400035,France Velo Tourisme,515329514,51532951400035,SIRET,IT Services & Consulting,2024-11-10,3.942181340341656,2025-03-10,0.048209784166628245,0.08314749471317617,Low,model-estimated recurrence probability,True,72.0,0,19.91,LogLogisticAFT
BOAMP:24-127981,SIREN:225300011,Conseil Départemental de la Mayenne,225300011,,SIREN_ENRICHED,IT Services & Consulting,2024-11-13,4.0,2025-03-13,0.048753194848808246,0.0840499397001675,Low,model-estimated recurrence probability,False,72.0,0,19.81,LogLogisticAFT
BOAMP:24-128497,SIREN:488538877,Le Mans Métropole,488538877,,SIREN_ENRICHED,Telecom & Networks,2024-11-14,4.0,2025-03-14,0.039646105036091006,0.06882648362274513,Low,model-estimated recurrence probability,False,44.0,1,4.6,LogLogisticAFT
BOAMP:24-129367,SIREN:257202176,Syndicat Mixte pour le Développement Numérique,257202176,,SIREN_ENRICHED,IT Services & Consulting,2024-11-16,4.0,2025-03-16,0.048753194848808246,0.0840499397001675,Low,model-estimated recurrence probability,False,72.0,0,19.71,LogLogisticAFT
BOAMP:24-131741,SIREN:214401846,VILLE DE SAINT NAZAIRE,214401846,,SIREN_ENRICHED,Unknown,2024-11-22,4.0,2025-03-22,0.038736249405933454,0.067293880160058,Low,model-estimated recurrence probability,False,39.0,0,19.51,LogLogisticAFT
BOAMP:24-131395,SIRET:21490353600016,Ville de Trélazé (49),,21490353600016,SIRET,Telecom & Networks,2024-11-22,2.9566360052562417,2025-02-22,0.03962342957096798,0.06878831397783258,Low,model-estimated recurrence probability,False,79.0,0,19.51,LogLogisticAFT
BOAMP:24-132338,SIREN:225300011,Conseil Départemental de la Mayenne,225300011,,SIREN_ENRICHED,IT Services & Consulting,2024-11-24,4.0,2025-03-24,0.048753194848808246,0.0840499397001675,Low,model-estimated recurrence probability,False,72.0,1,2.43,LogLogisticAFT
BOAMP:24-132180,SIREN:225300011,Conseil Départemental de la Mayenne,225300011,,SIREN_ENRICHED,IT Services & Consulting,2024-11-24,4.0,2025-03-24,0.048753194848808246,0.0840499397001675,Low,model-estimated recurrence probability,False,72.0,0,19.45,LogLogisticAFT
BOAMP:24-133497,SIREN:214400558,Ville de La Baule Escoublac,214400558,,SIREN_ENRICHED,Cybersecurity,2024-11-28,4.0,2025-03-28,0.04033272149923506,0.06998163819926062,Low,model-estimated recurrence probability,False,35.0,0,19.32,LogLogisticAFT
BOAMP:24-136086,SIREN:225300011,Conseil Départemental de la Mayenne,225300011,,SIREN_ENRICHED,IT Services & Consulting,2024-12-05,4.0,2025-04-05,0.048753194848808246,0.0840499397001675,Low,model-estimated recurrence probability,False,72.0,0,19.09,LogLogisticAFT
BOAMP:24-136871,SIREN:488538877,Le Mans Métropole,488538877,,SIREN_ENRICHED,Unknown,2024-12-06,4.0,2025-04-06,0.038736249405933454,0.067293880160058,Low,model-estimated recurrence probability,False,45.0,0,19.05,LogLogisticAFT
BOAMP:24-138588,SIRET:19350937900015,Université Rennes 2,,19350937900015,SIRET,Telecom & Networks,2024-12-11,3.942181340341656,2025-04-11,0.03920002029587755,0.06807534474993904,Low,model-estimated recurrence probability,False,32.0,0,18.89,LogLogisticAFT
BOAMP:24-138492,SIRET:20005361900017,Commune de Beaupréau en Mauges,200053619,20005361900017,SIRET,IT Hardware & Equipment,2024-12-11,3.942181340341656,2025-04-11,0.04123460187057304,0.07149710498462214,Low,model-estimated recurrence probability,False,30.0,0,18.89,LogLogisticAFT
BOAMP:24-138709,SIRET:19753472000010,ECOLE NATIONALE SUPERIEURE D'ARTS ET METIERS,197534720,19753472000010,SIRET,IT Hardware & Equipment,2024-12-12,3.942181340341656,2025-04-12,0.04123460187057304,0.07149710498462214,Low,model-estimated recurrence probability,False,30.0,0,18.86,LogLogisticAFT
BOAMP:24-139412,SIRET:18440128900022,CCI Région Pays de la Loire,234400034,18440128900022,SIRET,IT Hardware & Equipment,2024-12-13,3.942181340341656,2025-04-13,0.04123460187057304,0.07149710498462214,Low,model-estimated recurrence probability,False,32.0,0,18.82,LogLogisticAFT
BOAMP:24-139939,SIRET:24440040400129,Nantes Métropole,794304097,24440040400129,SIRET,Cybersecurity,2024-12-14,5.0,2025-05-14,0.03942213164774111,0.06844941070333876,Low,model-estimated recurrence probability,False,72.0,0,18.79,LogLogisticAFT
BOAMP:24-140072,SIRET:24440040400129,Nantes metropole,,24440040400129,SIRET,IT Services & Consulting,2024-12-15,5.0,2025-05-15,0.047661938144918814,0.08223692766382451,Low,model-estimated recurrence probability,False,72.0,1,4.73,LogLogisticAFT
BOAMP:24-140261,SIREN:228500013,Département de la Vendée,228500013,,SIREN_ENRICHED,IT Services & Consulting,2024-12-15,4.0,2025-04-15,0.048753194848808246,0.0840499397001675,Low,model-estimated recurrence probability,False,72.0,0,18.76,LogLogisticAFT
BOAMP:24-140255,SIRET:24440040400129,Nantes Métropole,794304097,24440040400129,SIRET,Software & Applications,2024-12-15,5.0,2025-05-15,0.03091503383771521,0.054030706960241814,Low,model-estimated recurrence probability,False,48.0,0,18.76,LogLogisticAFT
BOAMP:24-140762,SIRET:13002974700016,Nantes Université,130029747,13002974700016,SIRET,Cybersecurity,2024-12-17,5.913272010512483,2025-06-17,0.03903153736956011,0.06779151143288231,Low,model-estimated recurrence probability,False,35.0,0,18.69,LogLogisticAFT
BOAMP:24-140663,SIRET:20005889900010,COMMUNE DE BEAUFORT-EN-ANJOU,200058899,20005889900010,SIRET,IT Services & Consulting,2024-12-17,3.942181340341656,2025-04-17,0.048209784166628245,0.08314749471317617,Low,model-estimated recurrence probability,False,72.0,0,18.69,LogLogisticAFT
BOAMP:24-141319,SIRET:47865038500014,CNIEG (Caisse Nationale des Industries Electriques et Gazières),,47865038500014,SIRET,IT Services & Consulting,2024-12-18,5.913272010512483,2025-06-18,0.04719371492203972,0.08145809799425419,Low,model-estimated recurrence probability,False,72.0,0,18.66,LogLogisticAFT
BOAMP:24-142054,SIREN:200076396,PETR Pays Vallée du Loir,200076396,,SIREN_ENRICHED,Unknown,2024-12-19,4.0,2025-04-19,0.038736249405933454,0.067293880160058,Low,model-estimated recurrence probability,False,90.0,0,18.63,LogLogisticAFT
BOAMP:24-142269,SIRET:12001201800111,Direction de l'administration pénitentiaire,120012018,12001201800111,SIRET,Cybersecurity,2024-12-20,8.869908015768726,2025-09-20,0.03779233581016339,0.06570164571204185,Low,model-estimated recurrence probability,False,35.0,0,18.59,LogLogisticAFT
BOAMP:24-142222,SIREN:412238065,SPL LE MANS EVENEMENTS,412238065,,SIREN_ENRICHED,IT Services & Consulting,2024-12-20,4.0,2025-04-20,0.048753194848808246,0.0840499397001675,Low,model-estimated recurrence probability,False,72.0,0,18.59,LogLogisticAFT
BOAMP:24-143106,SIRET:54665016900057,Vendée Expansion - SEM,546650169,54665016900057,SIRET,IT Services & Consulting,2024-12-21,2.9566360052562417,2025-03-21,0.04872557489027318,0.08400408909610513,Low,model-estimated recurrence probability,False,72.0,0,18.56,LogLogisticAFT
BOAMP:24-143443,SIRET:23440003400026,Région des Pays de la Loire,234400034,23440003400026,SIRET,IT Services & Consulting,2024-12-22,5.0,2025-05-22,0.047661938144918814,0.08223692766382451,Low,model-estimated recurrence probability,False,92.0,0,18.53,LogLogisticAFT
BOAMP:24-145315,SIREN:935367433,Conseil départemental Loire Atlantique,935367433,,SIREN_ENRICHED,Unknown,2024-12-28,8.0,2025-08-28,0.03708096437109942,0.06450014816479221,Low,model-estimated recurrence probability,False,50.0,0,18.33,LogLogisticAFT
BOAMP:25-1036,SIREN:214401358,Ville du POULIGUEN,214401358,,SIREN_ENRICHED,Telecom & Networks,2025-01-08,4.0,2025-05-08,0.03965996150019846,0.06884980757679926,Low,model-estimated recurrence probability,False,18.0,0,17.97,LogLogisticAFT
BOAMP:25-1120,SIRET:21370261600011,Mairie Tours,,21370261600011,SIRET,Cybersecurity,2025-01-08,5.913272010512483,2025-07-08,0.03904518777282329,0.06781451019775886,Low,model-estimated recurrence probability,False,35.0,0,17.97,LogLogisticAFT
BOAMP:25-1181,SIRET:12002701600563,INSEE,,12002701600563,SIRET,IT Services & Consulting,2025-01-08,5.913272010512483,2025-07-08,0.047210079626892276,0.08148532796792085,Low,model-estimated recurrence probability,True,72.0,0,17.97,LogLogisticAFT
BOAMP:25-2044,SIRET:12002701600563,INSEE,,12002701600563,SIRET,IT Services & Consulting,2025-01-09,5.913272010512483,2025-07-09,0.047210079626892276,0.08148532796792085,Low,model-estimated recurrence probability,True,72.0,0,17.94,LogLogisticAFT
BOAMP:25-2262,SIREN:214401846,VILLE DE SAINT NAZAIRE,214401846,,SIREN_ENRICHED,IT Services & Consulting,2025-01-10,4.0,2025-05-10,0.04877007263357691,0.08407795677405461,Low,model-estimated recurrence probability,False,72.0,1,3.06,LogLogisticAFT
BOAMP:25-3181,SIREN:228500013,Département de la Vendée,228500013,,SIREN_ENRICHED,IT Services & Consulting,2025-01-12,4.0,2025-05-12,0.04877007263357691,0.08407795677405461,Low,model-estimated recurrence probability,False,72.0,0,17.84,LogLogisticAFT
BOAMP:25-3474,SIREN:214401846,VILLE DE SAINT NAZAIRE,214401846,,SIREN_ENRICHED,Software & Applications,2025-01-12,4.0,2025-05-12,0.03164674353557084,0.05527831969654795,Low,model-estimated recurrence probability,False,48.0,0,17.84,LogLogisticAFT
BOAMP:25-5729,SIRET:23440003400026,Région des Pays de la Loire,234400034,23440003400026,SIRET,Software & Applications,2025-01-18,4.0,2025-05-18,0.03126785204625071,0.054632460824744045,Low,model-estimated recurrence probability,False,48.0,0,17.64,LogLogisticAFT
BOAMP:25-6327,SIRET:24440055200026,Cté de Cnes du Pays d'Ancenis,,24440055200026,SIRET,IT Services & Consulting,2025-01-19,4.92772667542707,2025-06-19,0.047715710835194325,0.0823263361191845,Low,model-estimated recurrence probability,True,72.0,1,5.39,LogLogisticAFT
BOAMP:25-6053,SIREN:200014926,Territoire d'énergie Loire-Atlantique,200014926,,SIREN_ENRICHED,IT Services & Consulting,2025-01-19,6.0,2025-07-19,0.047727874233818746,0.0823465593228141,Low,model-estimated recurrence probability,False,72.0,0,17.61,LogLogisticAFT
BOAMP:25-9558,SIRET:23350001600040,Région Bretagne,233500016,23350001600040,SIRET,Telecom & Networks,2025-01-28,4.0,2025-05-28,0.039189014148783397,0.06805680557718552,Low,model-estimated recurrence probability,False,32.0,0,17.31,LogLogisticAFT
BOAMP:25-10966,SIRET:21440162200011,Mairie de Saint-Herblain,214401622,21440162200011,SIRET,Cybersecurity,2025-01-31,6.0,2025-07-31,0.03900827660451611,0.06775231962316863,Low,model-estimated recurrence probability,False,50.0,0,17.21,LogLogisticAFT
BOAMP:25-10927,SIRET:13003051300019,Université de Rennes,,13003051300019,SIRET,Unknown,2025-01-31,3.942181340341656,2025-05-31,0.03831339854145721,0.06658088209509927,Low,model-estimated recurrence probability,True,31.0,0,17.21,LogLogisticAFT
BOAMP:25-13579,SIREN:225300011,Conseil Départemental de la Mayenne,225300011,,SIREN_ENRICHED,IT Services & Consulting,2025-02-06,4.0,2025-06-06,0.04877007263357691,0.08407795677405461,Low,model-estimated recurrence probability,False,72.0,1,3.29,LogLogisticAFT
BOAMP:25-14799,SIREN:529260903,SOCIETE PUBLIQUE REGIONALE ABBAYE DE FONTEVRAUD,529260903,,SIREN_ENRICHED,Telecom & Networks,2025-02-09,2.0,2025-04-09,0.040533485648648004,0.07031917162954071,Low,model-estimated recurrence probability,False,32.0,1,1.05,LogLogisticAFT
BOAMP:25-15121,SIRET:21850191400566,Ville de La Roche sur Yon (85),,21850191400566,SIRET,Data & AI,2025-02-09,3.942181340341656,2025-06-09,0.04124898967409085,0.07152126444762053,Low,model-estimated recurrence probability,False,44.0,0,16.92,LogLogisticAFT
BOAMP:25-15261,SIREN:194909701,Université d'Angers,194909701,,SIREN_ENRICHED,Telecom & Networks,2025-02-11,6.0,2025-08-11,0.03880450103382149,0.0674089206029107,Low,model-estimated recurrence probability,False,32.0,0,16.85,LogLogisticAFT
BOAMP:25-15725,NAME:semitan mandataire nantes metropole,"SEMITAN, mandataire de Nantes Métropole",,,NAME,Data & AI,2025-02-12,4.0,2025-06-12,0.029762795777483753,0.052063207614978846,Low,model-estimated recurrence probability,False,45.0,0,16.82,LogLogisticAFT
BOAMP:25-15910,SIREN:488538877,Le Mans Métropole,488538877,,SIREN_ENRICHED,Cybersecurity,2025-02-12,4.0,2025-06-12,0.04034680785646394,0.07000532418290051,Low,model-estimated recurrence probability,False,72.0,0,16.82,LogLogisticAFT
BOAMP:25-17738,SIRET:24440040400129,Nantes metropole,,24440040400129,SIRET,Telecom & Networks,2025-02-16,5.0,2025-07-16,0.038763946992135145,0.0673405668367354,Low,model-estimated recurrence probability,False,32.0,0,16.69,LogLogisticAFT
BOAMP:25-18162,SIREN:935367433,Conseil départemental Loire Atlantique,935367433,,SIREN_ENRICHED,GIS & Mapping,2025-02-16,4.0,2025-06-16,0.04171737868886394,0.07230747526338832,Low,model-estimated recurrence probability,False,71.0,0,16.69,LogLogisticAFT
BOAMP:25-23877,SIRET:20007187600011,Communauté d'agglomération Saumur Val de Loire (49),,20007187600011,SIRET,IT Services & Consulting,2025-03-04,3.942181340341656,2025-07-04,0.048226483366450634,0.08317523828418771,Low,model-estimated recurrence probability,False,72.0,0,16.16,LogLogisticAFT
BOAMP:25-24140,SIREN:228500013,Département de la Vendée,228500013,,SIREN_ENRICHED,Cybersecurity,2025-03-05,4.0,2025-07-05,0.04034680785646394,0.07000532418290051,Low,model-estimated recurrence probability,False,35.0,0,16.13,LogLogisticAFT
BOAMP:25-24896,NAME:semitan,SEMITAN,,,NAME,Software & Applications,2025-03-06,4.0,2025-07-06,0.022510224916019395,0.03959827642328184,Low,model-estimated recurrence probability,False,79.0,0,16.1,LogLogisticAFT
BOAMP:25-26250,SIRET:21440114300018,Ville d'Orvault,,21440114300018,SIRET,IT Services & Consulting,2025-03-09,5.913272010512483,2025-09-09,0.047210079626892276,0.08148532796792085,Low,model-estimated recurrence probability,False,72.0,0,16.0,LogLogisticAFT
BOAMP:25-27146,SIRET:28530001800030,SDIS 53,285300018,28530001800030,SIRET,Cybersecurity,2025-03-12,3.942181340341656,2025-07-12,0.039893166546990266,0.06924227668200666,Low,model-estimated recurrence probability,False,35.0,0,15.9,LogLogisticAFT
BOAMP:25-27774,SIRET:19561718800600,"UNIVERSITÉ  BRETAGNE SUD
Direction des affaires financières",,19561718800600,SIRET,IT Services & Consulting,2025-03-13,3.942181340341656,2025-07-13,0.048226483366450634,0.08317523828418771,Low,model-estimated recurrence probability,False,38.0,0,15.87,LogLogisticAFT
BOAMP:25-27783,SIREN:529260903,SOCIETE PUBLIQUE REGIONALE ABBAYE DE FONTEVRAUD,529260903,,SIREN_ENRICHED,Telecom & Networks,2025-03-13,2.0,2025-05-13,0.040533485648648004,0.07031917162954071,Low,model-estimated recurrence probability,False,32.0,0,15.87,LogLogisticAFT
BOAMP:25-28394,SIREN:935367433,Conseil départemental Loire Atlantique,935367433,,SIREN_ENRICHED,IT Services & Consulting,2025-03-14,4.0,2025-07-14,0.04877007263357691,0.08407795677405461,Low,model-estimated recurrence probability,False,72.0,1,1.68,LogLogisticAFT
BOAMP:25-28306,SIREN:227200029,Département de la Sarthe,227200029,,SIREN_ENRICHED,Digital Workplace & Collaboration,2025-03-14,4.0,2025-07-14,0.04171737868886394,0.07230747526338832,Low,model-estimated recurrence probability,False,64.0,0,15.83,LogLogisticAFT
BOAMP:25-29276,SIRET:21490328800014,Ville de Saumur (49),,21490328800014,SIRET,Unknown,2025-03-16,3.942181340341656,2025-07-16,0.03831339854145721,0.06658088209509927,Low,model-estimated recurrence probability,False,50.0,1,1.02,LogLogisticAFT
BOAMP:25-30074,SIRET:47865038500014,CNIEG (Caisse Nationale des Industries Electriques et Gazières),,47865038500014,SIRET,IT Services & Consulting,2025-03-19,5.913272010512483,2025-09-19,0.047210079626892276,0.08148532796792085,Low,model-estimated recurrence probability,False,72.0,0,15.67,LogLogisticAFT
BOAMP:25-31696,SIRET:13002591900015,Office Français de la Biodiversité,130025919,13002591900015,SIRET,Telecom & Networks,2025-03-21,3.942181340341656,2025-07-21,0.039213727217814576,0.06809843277310812,Low,model-estimated recurrence probability,False,60.0,0,15.6,LogLogisticAFT
BOAMP:25-32499,NAME:audencia eesc,AUDENCIA EESC,,,NAME,Data & AI,2025-03-23,4.0,2025-07-23,0.029762795777483753,0.052063207614978846,Low,model-estimated recurrence probability,False,79.0,0,15.54,LogLogisticAFT
BOAMP:25-32795,SIRET:28440002500011,Centre de Gestion de la fonction publique territoriale de Loire-Atlantique,,28440002500011,SIRET,Software & Applications,2025-03-25,5.913272010512483,2025-09-25,0.030616839894486048,0.05352186272635584,Low,model-estimated recurrence probability,False,79.0,0,15.47,LogLogisticAFT
BOAMP:25-32752,SIRET:24850058900317,La Roche sur Yon Agglomération (85),521017848,24850058900317,SIRET,IT Hardware & Equipment,2025-03-25,3.942181340341656,2025-07-25,0.04124898967409085,0.07152126444762053,Low,model-estimated recurrence probability,False,30.0,0,15.47,LogLogisticAFT
BOAMP:25-33463,SIRET:17440005100010,CHU NANTES,264400136,17440005100010,SIRET,IT Services & Consulting,2025-03-26,6.0,2025-09-26,0.04716582866807317,0.08141169522848934,Low,model-estimated recurrence probability,False,72.0,0,15.44,LogLogisticAFT
BOAMP:25-33262,SIRET:18450021300014,CROUS d'Orléans Tours,,18450021300014,SIRET,Cybersecurity,2025-03-26,3.942181340341656,2025-07-26,0.039893166546990266,0.06924227668200666,Low,model-estimated recurrence probability,False,35.0,0,15.44,LogLogisticAFT
BOAMP:25-37134,NAME:mte dgpr srn service central vigicrues,MTE/DGPR/SRN/service central Vigicrues,,,NAME,Telecom & Networks,2025-04-03,6.0,2025-10-03,0.02766054201599122,0.04846447622665573,Low,model-estimated recurrence probability,False,32.0,0,15.18,LogLogisticAFT
BOAMP:25-36966,SIREN:488538877,Le Mans Métropole,488538877,,SIREN_ENRICHED,Telecom & Networks,2025-04-03,4.0,2025-08-03,0.03965996150019846,0.06884980757679926,Low,model-estimated recurrence probability,False,42.0,0,15.18,LogLogisticAFT
BOAMP:25-36671,SIRET:25440253000011,"Direction Cybersécurité, Cloud et IA",,25440253000011,SIRET,IT Services & Consulting,2025-04-03,1.0,2025-05-03,0.04978235414560439,0.0857570259621937,Low,model-estimated recurrence probability,False,72.0,0,15.18,LogLogisticAFT
BOAMP:25-37259,SIREN:227200029,Département de la Sarthe,227200029,,SIREN_ENRICHED,Digital Workplace & Collaboration,2025-04-04,4.0,2025-08-04,0.04171737868886394,0.07230747526338832,Low,model-estimated recurrence probability,False,64.0,0,15.14,LogLogisticAFT
BOAMP:25-37275,SIRET:13001044000019,I.F.C.E.,,13001044000019,SIRET,Software & Applications,2025-04-04,6.0,2025-10-04,0.03058764280619497,0.05347202763009873,Low,model-estimated recurrence probability,False,48.0,0,15.14,LogLogisticAFT
BOAMP:25-37800,SIRET:24850058900317,La Roche sur Yon Agglomération (85),521017848,24850058900317,SIRET,Unknown,2025-04-04,4.92772667542707,2025-09-04,0.037903435543492736,0.06588917334484601,Low,model-estimated recurrence probability,False,18.0,0,15.14,LogLogisticAFT
BOAMP:25-38470,SIRET:17440005100010,Département de Maine-et-Loire,224900019,17440005100010,SIRET,IT Services & Consulting,2025-04-06,4.0,2025-08-06,0.048196375252723245,0.08312521701799558,Low,model-estimated recurrence probability,False,72.0,0,15.08,LogLogisticAFT
BOAMP:25-39434,SIRET:18440132100015,CROUS de Nantes Pays de la Loire,,18440132100015,SIRET,Unknown,2025-04-09,3.942181340341656,2025-08-09,0.03831339854145721,0.06658088209509927,Low,model-estimated recurrence probability,False,50.0,0,14.98,LogLogisticAFT
BOAMP:25-39459,SIRET:19440100600011,Ecole Centrale de Nantes,194401006,19440100600011,SIRET,Telecom & Networks,2025-04-09,3.942181340341656,2025-08-09,0.039213727217814576,0.06809843277310812,Low,model-estimated recurrence probability,False,32.0,0,14.98,LogLogisticAFT
BOAMP:25-41441,SIREN:214401846,VILLE DE SAINT NAZAIRE,214401846,,SIREN_ENRICHED,IT Services & Consulting,2025-04-13,4.0,2025-08-13,0.04877007263357691,0.08407795677405461,Low,model-estimated recurrence probability,False,72.0,0,14.85,LogLogisticAFT
BOAMP:25-42839,SIRET:19561718800600,UNIVERSITE  BRETAGNE SUD,195617188,19561718800600,SIRET,Unknown,2025-04-16,3.942181340341656,2025-08-16,0.03831339854145721,0.06658088209509927,Low,model-estimated recurrence probability,False,38.0,0,14.75,LogLogisticAFT
BOAMP:25-42941,SIRET:21490328800014,Ville de Saumur (49),,21490328800014,SIRET,Unknown,2025-04-16,3.942181340341656,2025-08-16,0.03831339854145721,0.06658088209509927,Low,model-estimated recurrence probability,False,50.0,0,14.75,LogLogisticAFT
BOAMP:25-43137,SIRET:19561718800600,UNIVERSITE BRETAGNE SUD,,19561718800600,SIRET,Unknown,2025-04-17,3.942181340341656,2025-08-17,0.03831339854145721,0.06658088209509927,Low,model-estimated recurrence probability,False,37.0,1,1.54,LogLogisticAFT
BOAMP:25-45972,SIRET:23440003400026,Région des Pays de la Loire,234400034,23440003400026,SIRET,IT Services & Consulting,2025-04-24,4.0,2025-08-24,0.048196375252723245,0.08312521701799558,Low,model-estimated recurrence probability,False,72.0,0,14.49,LogLogisticAFT
BOAMP:25-48468,SIRET:24440043800127,Grand Lieu Communauté,244400438,24440043800127,SIRET,Cybersecurity,2025-04-30,5.913272010512483,2025-10-30,0.03904518777282329,0.06781451019775886,Low,model-estimated recurrence probability,False,72.0,0,14.29,LogLogisticAFT
BOAMP:25-48827,SIRET:24440040400129,Nantes metropole,,24440040400129,SIRET,IT Services & Consulting,2025-05-01,5.0,2025-10-01,0.047678457084533,0.0822643946694398,Low,model-estimated recurrence probability,False,72.0,1,2.92,LogLogisticAFT
BOAMP:25-49867,SIRET:24440040400129,Nantes metropole,,24440040400129,SIRET,IT Services & Consulting,2025-05-02,5.0,2025-10-02,0.047678457084533,0.0822643946694398,Low,model-estimated recurrence probability,False,72.0,1,2.89,LogLogisticAFT
BOAMP:25-49952,SIRET:24440043800127,Grand Lieu Communauté,244400438,24440043800127,SIRET,Cybersecurity,2025-05-04,5.913272010512483,2025-11-04,0.03904518777282329,0.06781451019775886,Low,model-estimated recurrence probability,False,72.0,0,14.16,LogLogisticAFT
BOAMP:25-50085,SIREN:935367433,Conseil départemental Loire Atlantique,935367433,,SIREN_ENRICHED,IT Services & Consulting,2025-05-04,4.0,2025-09-04,0.04877007263357691,0.08407795677405461,Low,model-estimated recurrence probability,False,72.0,0,14.16,LogLogisticAFT
BOAMP:25-51236,SIRET:24440040400129,Nantes metropole,,24440040400129,SIRET,IT Services & Consulting,2025-05-07,5.0,2025-10-07,0.047678457084533,0.0822643946694398,Low,model-estimated recurrence probability,False,72.0,1,2.73,LogLogisticAFT
BOAMP:25-51773,SIRET:24440040400129,Nantes métropole,,24440040400129,SIRET,Telecom & Networks,2025-05-08,5.0,2025-10-08,0.038763946992135145,0.0673405668367354,Low,model-estimated recurrence probability,False,44.0,0,14.03,LogLogisticAFT
BOAMP:25-51463,SIRET:24440040400129,Nantes Métropole,794304097,24440040400129,SIRET,IT Services & Consulting,2025-05-08,5.0,2025-10-08,0.047678457084533,0.0822643946694398,Low,model-estimated recurrence probability,False,72.0,0,14.03,LogLogisticAFT
BOAMP:25-51370,SIRET:24440040400129,Nantes Métropole,794304097,24440040400129,SIRET,IT Services & Consulting,2025-05-08,5.0,2025-10-08,0.047678457084533,0.0822643946694398,Low,model-estimated recurrence probability,False,72.0,0,14.03,LogLogisticAFT
BOAMP:25-52714,SIRET:17440005100010,REGION DES PAYS DE LA LOIRE,234400034,17440005100010,SIRET,Digital Workplace & Collaboration,2025-05-11,4.0,2025-09-11,0.041223048985540856,0.07147770542579024,Low,model-estimated recurrence probability,False,72.0,0,13.93,LogLogisticAFT
BOAMP:25-53516,SIRET:80355563000018,E-TOILE Coordonnateur groupement comm,,80355563000018,SIRET,IT Services & Consulting,2025-05-14,3.942181340341656,2025-09-14,0.048226483366450634,0.08317523828418771,Low,model-estimated recurrence probability,True,72.0,0,13.83,LogLogisticAFT
BOAMP:25-53540,SIRET:25440253000011,Groupement d'intérêt public GIGALIS,254402530,25440253000011,SIRET,Digital Workplace & Collaboration,2025-05-14,6.0,2025-11-14,0.04033528900607797,0.06998595545890973,Low,model-estimated recurrence probability,False,72.0,0,13.83,LogLogisticAFT
BOAMP:25-54937,SIREN:225300011,Conseil Départemental de la Mayenne,225300011,,SIREN_ENRICHED,IT Services & Consulting,2025-05-17,4.0,2025-09-17,0.04877007263357691,0.08407795677405461,Low,model-estimated recurrence probability,False,72.0,0,13.73,LogLogisticAFT
BOAMP:25-55152,SIREN:935367433,Conseil départemental Loire Atlantique,935367433,,SIREN_ENRICHED,IT Hardware & Equipment,2025-05-18,5.0,2025-10-18,0.04126606524409482,0.07154993641730056,Low,model-estimated recurrence probability,False,30.0,0,13.7,LogLogisticAFT
BOAMP:25-56786,SIRET:12001002000028,Casier judiciaire national,130025158,12001002000028,SIRET,Cybersecurity,2025-05-22,2.9566360052562417,2025-08-22,0.04032374845404807,0.06996654990125672,Low,model-estimated recurrence probability,False,35.0,0,13.57,LogLogisticAFT
BOAMP:25-57091,SIRET:23440003400026,Région des Pays de la Loire,234400034,23440003400026,SIRET,IT Services & Consulting,2025-05-22,4.0,2025-09-22,0.048196375252723245,0.08312521701799558,Low,model-estimated recurrence probability,False,72.0,0,13.57,LogLogisticAFT
BOAMP:25-58198,SIRET:24440040400129,Nantes métropole,,24440040400129,SIRET,Telecom & Networks,2025-05-25,5.0,2025-10-25,0.038763946992135145,0.0673405668367354,Low,model-estimated recurrence probability,False,44.0,0,13.47,LogLogisticAFT
BOAMP:25-58107,SIRET:83095506800044,ANGERS LOIRE TOURISME EXPO CONGRES,830955068,83095506800044,SIRET,Data & AI,2025-05-25,3.942181340341656,2025-09-25,0.04124898967409085,0.07152126444762053,Low,model-estimated recurrence probability,False,72.0,0,13.47,LogLogisticAFT
BOAMP:25-58342,SIREN:214401036,Mairie de Montoir de Bretagne,214401036,,SIREN_ENRICHED,Telecom & Networks,2025-05-25,4.0,2025-09-25,0.03965996150019846,0.06884980757679926,Low,model-estimated recurrence probability,False,32.0,0,13.47,LogLogisticAFT
BOAMP:25-60552,SIRET:20008213900011,Ville des Sables d'Olonne,414106039,20008213900011,SIRET,Unknown,2025-05-30,3.0,2025-08-30,0.038709301525758466,0.06724845527400913,Low,model-estimated recurrence probability,False,18.0,0,13.3,LogLogisticAFT
BOAMP:25-61424,SIRET:19561718800600,Universite bretagne Sud,,19561718800600,SIRET,Unknown,2025-06-03,3.942181340341656,2025-10-03,0.03831339854145721,0.06658088209509927,Low,model-estimated recurrence probability,False,37.0,0,13.17,LogLogisticAFT
BOAMP:25-61834,SIREN:217500016,Ville du Mans,217500016,,SIREN_ENRICHED,Cybersecurity,2025-06-04,4.0,2025-10-04,0.04034680785646394,0.07000532418290051,Low,model-estimated recurrence probability,False,35.0,0,13.14,LogLogisticAFT
BOAMP:25-61977,SIRET:23440003400026,Région des Pays de la Loire,234400034,23440003400026,SIRET,Telecom & Networks,2025-06-04,5.0,2025-11-04,0.038763946992135145,0.0673405668367354,Low,model-estimated recurrence probability,False,32.0,0,13.14,LogLogisticAFT
BOAMP:25-63325,SIRET:05720113900045,PODELIHA,927831396,05720113900045,SIRET,IT Services & Consulting,2025-06-06,3.942181340341656,2025-10-06,0.048226483366450634,0.08317523828418771,Low,model-estimated recurrence probability,False,72.0,0,13.07,LogLogisticAFT
BOAMP:25-63820,SIRET:26720016000013,CH LE MANS,,26720016000013,SIRET,Unknown,2025-06-08,6.0,2025-12-08,0.03746218292949732,0.06514418478018336,Low,model-estimated recurrence probability,False,50.0,0,13.01,LogLogisticAFT
BOAMP:25-66488,SIRET:21440162200011,Mairie de Saint-Herblain,214401622,21440162200011,SIRET,Telecom & Networks,2025-06-15,6.0,2025-12-15,0.03834330637107464,0.0666313269557608,Low,model-estimated recurrence probability,False,32.0,0,12.78,LogLogisticAFT
BOAMP:25-70695,SIRET:24490001500011,Angers Loire Metropole (49),,24490001500011,SIRET,IT Services & Consulting,2025-06-25,5.0,2025-11-25,0.047678457084533,0.0822643946694398,Low,model-estimated recurrence probability,False,72.0,0,12.45,LogLogisticAFT
BOAMP:25-71451,SIRET:13000190200068,SID Nord-Ouest,,13000190200068,SIRET,Telecom & Networks,2025-06-26,5.913272010512483,2025-12-26,0.038379613447865446,0.06669256217137154,Low,model-estimated recurrence probability,False,32.0,0,12.42,LogLogisticAFT
BOAMP:25-73236,SIRET:13002974700016,Nantes Université,130029747,13002974700016,SIRET,IT Services & Consulting,2025-07-01,6.0,2026-01-01,0.04716582866807317,0.08141169522848934,Low,model-estimated recurrence probability,False,72.0,0,12.25,LogLogisticAFT
BOAMP:25-73811,SIREN:227200029,Département de la Sarthe,227200029,,SIREN_ENRICHED,Digital Workplace & Collaboration,2025-07-02,4.0,2025-11-02,0.04171737868886394,0.07230747526338832,Low,model-estimated recurrence probability,False,72.0,1,1.38,LogLogisticAFT
BOAMP:25-73652,SIRET:24440055200026,Cté de Cnes du Pays d'Ancenis,,24440055200026,SIRET,IT Services & Consulting,2025-07-02,4.92772667542707,2025-12-02,0.047715710835194325,0.0823263361191845,Low,model-estimated recurrence probability,True,72.0,0,12.22,LogLogisticAFT
BOAMP:25-74485,SIRET:21490328800014,Ville de Saumur (49),,21490328800014,SIRET,Telecom & Networks,2025-07-03,3.942181340341656,2025-11-03,0.039213727217814576,0.06809843277310812,Low,model-estimated recurrence probability,False,32.0,0,12.19,LogLogisticAFT
BOAMP:25-74706,SIRET:24440040400129,Nantes Métropole,794304097,24440040400129,SIRET,IT Services & Consulting,2025-07-03,5.0,2025-12-03,0.047678457084533,0.0822643946694398,Low,model-estimated recurrence probability,False,72.0,0,12.19,LogLogisticAFT
BOAMP:25-75427,SIREN:488538877,Le Mans Métropole,488538877,,SIREN_ENRICHED,Telecom & Networks,2025-07-04,4.0,2025-11-04,0.03965996150019846,0.06884980757679926,Low,model-estimated recurrence probability,False,32.0,0,12.16,LogLogisticAFT
BOAMP:25-76566,SIRET:19753472000010,Ecole Nationale Supérieure d'Arts et Métiers,197534720,19753472000010,SIRET,Software & Applications,2025-07-08,3.942181340341656,2025-11-08,0.03128773259657924,0.05466635861832703,Low,model-estimated recurrence probability,False,48.0,0,12.02,LogLogisticAFT
BOAMP:25-77329,SIRET:21850128600015,Ville de Luçon (85),,21850128600015,SIRET,Unknown,2025-07-09,3.942181340341656,2025-11-09,0.03831339854145721,0.06658088209509927,Low,model-estimated recurrence probability,False,18.0,0,11.99,LogLogisticAFT
BOAMP:25-78625,SIREN:228500013,Département de la Vendée,228500013,,SIREN_ENRICHED,Telecom & Networks,2025-07-11,4.0,2025-11-11,0.03965996150019846,0.06884980757679926,Low,model-estimated recurrence probability,False,32.0,0,11.93,LogLogisticAFT
BOAMP:25-78511,SIRET:21490328800014,Ville de Saumur (49),,21490328800014,SIRET,Telecom & Networks,2025-07-11,3.942181340341656,2025-11-11,0.039213727217814576,0.06809843277310812,Low,model-estimated recurrence probability,False,32.0,0,11.93,LogLogisticAFT
BOAMP:25-79177,SIRET:20007191800011,Communauté de Communes du Pays de Saint-Fulgent - Les Essarts (85),,20007191800011,SIRET,IT Hardware & Equipment,2025-07-12,3.942181340341656,2025-11-12,0.04124898967409085,0.07152126444762053,Low,model-estimated recurrence probability,False,30.0,0,11.89,LogLogisticAFT
BOAMP:25-86319,SIRET:83095506800044,ANGERS LOIRE TOURISME EXPO CONGRES,830955068,83095506800044,SIRET,Unknown,2025-07-29,3.942181340341656,2025-11-29,0.03831339854145721,0.06658088209509927,Low,model-estimated recurrence probability,False,79.0,0,11.33,LogLogisticAFT
BOAMP:25-86184,SIRET:24440040400129,Nantes Métropole,794304097,24440040400129,SIRET,Cybersecurity,2025-07-29,5.0,2025-12-29,0.0394359130467663,0.06847261627105827,Low,model-estimated recurrence probability,False,72.0,0,11.33,LogLogisticAFT
BOAMP:25-88046,NAME:audencia eesc,AUDENCIA EESC,,,NAME,Telecom & Networks,2025-08-02,4.0,2025-12-02,0.028277557018950628,0.04952192279631629,Low,model-estimated recurrence probability,False,32.0,0,11.2,LogLogisticAFT
BOAMP:25-88003,SIRET:20006001000051,Mauges Communauté,200060010,20006001000051,SIRET,Unknown,2025-08-02,3.942181340341656,2025-12-02,0.03831339854145721,0.06658088209509927,Low,model-estimated recurrence probability,False,60.0,0,11.2,LogLogisticAFT
BOAMP:25-91547,SIREN:227200029,Département de la Sarthe,227200029,,SIREN_ENRICHED,Digital Workplace & Collaboration,2025-08-13,4.0,2025-12-13,0.04171737868886394,0.07230747526338832,Low,model-estimated recurrence probability,False,72.0,0,10.84,LogLogisticAFT
BOAMP:25-96474,SIREN:529260903,SOCIETE PUBLIQUE REGIONALE ABBAYE DE FONTEVRAUD,529260903,,SIREN_ENRICHED,Unknown,2025-08-31,4.0,2025-12-31,0.038749800703107184,0.06731672229110308,Low,model-estimated recurrence probability,False,92.0,0,10.25,LogLogisticAFT
BOAMP:25-98483,SIRET:20009665900012,CIAS de La Roche-sur-Yon (85),,20009665900012,SIRET,Data & AI,2025-09-05,4.0,2026-01-05,0.041223048985540856,0.07147770542579024,Low,model-estimated recurrence probability,False,50.0,0,10.09,LogLogisticAFT
