contract_id,source,buyer_key,buyer_key_type,buyer_name,SIREN,SIRET,segment,cpv_generic,cpv_div2,source_date,start_date,declared_duration_months,duration_imputed_flag,estimated_end_date,event,observed_duration_months,censoring_duration_months,renewal_duration_months,renewal_contract_id,text_similarity,cpv_score,temporal_score,composite_score,score_margin,candidate_rank,link_method,event_definition,is_censored
BOAMP:15-30947,BOAMP_CURRENT,NAME:smictom vallee authion,NAME,SMICTOM de la Vallée de l'Authion,,,Software & Applications,True,48.0,2015-03-02,2015-03-02,12.0,False,2016-03-02,0,136.24,136.24,,,,,,,,,none,M0_balanced; proxy recurrence: identifiable reappearance of a similar procurement need; not a legally verified renewal chain,1
BOAMP:15-31464,BOAMP_CURRENT,SIREN:285300018,SIREN_ENRICHED,Sdis de la Mayenne,285300018,,Unknown,False,,2015-03-02,2015-03-02,36.0,False,2018-03-02,1,36.14,,36.14,BOAMP:17-176560,0.69222,,0.98861,0.83371,,1.0,M0_balanced,M0_balanced; proxy recurrence: identifiable reappearance of a similar procurement need; not a legally verified renewal chain,0
BOAMP:15-31513,BOAMP_CURRENT,SIREN:214401432,SIREN_ENRICHED,Ville de Rezé,214401432,,Unknown,False,38.0,2015-03-02,2015-03-02,48.0,False,2019-03-02,0,136.24,136.24,,,,,,,,,none,M0_balanced; proxy recurrence: identifiable reappearance of a similar procurement need; not a legally verified renewal chain,1
BOAMP:15-20937,BOAMP_CURRENT,SIREN:214401093,SIREN_ENRICHED,Ville de Nantes,214401093,,Unknown,False,44.0,2015-03-03,2015-03-03,48.0,False,2019-03-03,1,51.81,,51.81,BOAMP:19-17307,0.68595,1.0,0.68276,0.80465,0.36207,1.0,M0_balanced,M0_balanced; proxy recurrence: identifiable reappearance of a similar procurement need; not a legally verified renewal chain,0
BOAMP:15-32168,BOAMP_CURRENT,SIREN:234400034,SIREN_ENRICHED,Conseil régional des Pays de la Loire,234400034,,IT Services & Consulting,False,72.0,2015-07-21,2015-07-21,24.0,False,2017-07-21,0,131.6,131.6,,,,,,,,,none,M0_balanced; proxy recurrence: identifiable reappearance of a similar procurement need; not a legally verified renewal chain,1
BOAMP:15-31641,BOAMP_CURRENT,SIREN:784301525,SIREN_ENRICHED,IRCANTEC,784301525,,Data & AI,False,,2015-03-04,2015-03-04,12.0,False,2016-03-04,0,136.17,136.17,,,,,,,,,none,M0_balanced; proxy recurrence: identifiable reappearance of a similar procurement need; not a legally verified renewal chain,1
BOAMP:15-31797,BOAMP_CURRENT,NAME:acoss,NAME,ACOSS,,,IT Services & Consulting,False,72.0,2015-03-04,2015-03-04,12.0,False,2016-03-04,0,136.17,136.17,,,,,,,,,none,M0_balanced; proxy recurrence: identifiable reappearance of a similar procurement need; not a legally verified renewal chain,1
BOAMP:15-33241,BOAMP_CURRENT,SIREN:264400136,SIREN_ENRICHED,CHU de Nantes,264400136,,Telecom & Networks,False,32.0,2015-09-11,2015-09-11,48.0,True,2019-09-11,1,52.96,,52.96,BOAMP:20-19986,0.58559,1.0,0.58695,0.74334,0.2117799999999999,1.0,M0_balanced,M0_balanced; proxy recurrence: identifiable reappearance of a similar procurement need; not a legally verified renewal chain,0
BOAMP:15-33752,BOAMP_CURRENT,SIREN:234400034,SIREN_ENRICHED,Conseil régional des Pays de la Loire,234400034,,Cybersecurity,False,72.0,2015-06-29,2015-06-29,48.0,True,2019-06-29,0,132.33,132.33,,,,,,,,,none,M0_balanced; proxy recurrence: identifiable reappearance of a similar procurement need; not a legally verified renewal chain,1
BOAMP:15-34520,BOAMP_CURRENT,NAME:chu angers,NAME,CHU d'Angers,,,Telecom & Networks,False,32.0,2015-03-06,2015-03-06,48.0,True,2019-03-06,0,136.1,136.1,,,,,,,,,none,M0_balanced; proxy recurrence: identifiable reappearance of a similar procurement need; not a legally verified renewal chain,1
BOAMP:15-37182,BOAMP_CURRENT,NAME:mindef dga dt scat,NAME,MINDEF/DGA/DT/SCAT,,,Cybersecurity,False,35.0,2015-03-11,2015-03-11,48.0,False,2019-03-11,0,135.94,135.94,,,,,,,,,none,M0_balanced; proxy recurrence: identifiable reappearance of a similar procurement need; not a legally verified renewal chain,1
BOAMP:15-42843,BOAMP_CURRENT,NAME:cte cnes ile noirmoutier,NAME,Cté de Cnes de l'Ile de Noirmoutier,,,IT Services & Consulting,True,72.0,2015-03-24,2015-03-24,48.0,False,2019-03-24,0,135.51,135.51,,,,,,,,,none,M0_balanced; proxy recurrence: identifiable reappearance of a similar procurement need; not a legally verified renewal chain,1
BOAMP:15-44999,BOAMP_CURRENT,NAME:conseil general vendee,NAME,Conseil général de la Vendée,,,Cybersecurity,False,39.0,2015-03-24,2015-03-24,48.0,True,2019-03-24,0,135.51,135.51,,,,,,,,,none,M0_balanced; proxy recurrence: identifiable reappearance of a similar procurement need; not a legally verified renewal chain,1
BOAMP:15-47591,BOAMP_CURRENT,SIREN:532458809,SIREN_ENRICHED,Ville d'Angers,532458809,,Telecom & Networks,False,32.0,2015-03-27,2015-03-27,36.0,False,2018-03-27,0,135.41,135.41,,,,,,,,,none,M0_balanced; proxy recurrence: identifiable reappearance of a similar procurement need; not a legally verified renewal chain,1
BOAMP:15-47696,BOAMP_CURRENT,SIREN:110006012,SIREN_ENRICHED,Ministère des Affaires étrangères,110006012,,IT Services & Consulting,False,72.0,2015-03-30,2015-03-30,48.0,False,2019-03-30,0,135.32,135.32,,,,,,,,,none,M0_balanced; proxy recurrence: identifiable reappearance of a similar procurement need; not a legally verified renewal chain,1
BOAMP:15-31076,BOAMP_CURRENT,SIREN:218501914,SIREN_ENRICHED,Ville de La Roche-sur-Yon,218501914,,Cybersecurity,False,35.0,2015-04-01,2015-04-01,48.0,False,2019-04-01,0,135.25,135.25,,,,,,,,,none,M0_balanced; proxy recurrence: identifiable reappearance of a similar procurement need; not a legally verified renewal chain,1
BOAMP:15-50314,BOAMP_CURRENT,SIREN:110006012,SIREN_ENRICHED,Ministère des Affaires étrangères,110006012,,IT Services & Consulting,False,72.0,2015-04-02,2015-04-02,48.0,True,2019-04-02,0,135.22,135.22,,,,,,,,,none,M0_balanced; proxy recurrence: identifiable reappearance of a similar procurement need; not a legally verified renewal chain,1
BOAMP:15-51571,BOAMP_CURRENT,NAME:residences saint alexandre,NAME,RESIDENCES SAINT ALEXANDRE,,,Software & Applications,False,48.0,2015-04-07,2015-04-07,48.0,True,2019-04-07,0,135.05,135.05,,,,,,,,,none,M0_balanced; proxy recurrence: identifiable reappearance of a similar procurement need; not a legally verified renewal chain,1
BOAMP:15-52664,BOAMP_CURRENT,SIREN:110006012,SIREN_ENRICHED,Ministère des Affaires étrangères,110006012,,IT Services & Consulting,False,72.0,2015-04-08,2015-04-08,48.0,False,2019-04-08,0,135.02,135.02,,,,,,,,,none,M0_balanced; proxy recurrence: identifiable reappearance of a similar procurement need; not a legally verified renewal chain,1
BOAMP:15-53947,BOAMP_CURRENT,SIREN:214401622,SIREN_ENRICHED,Commune de Saint-Herblain,214401622,,Software & Applications,False,48.0,2015-04-10,2015-04-10,48.0,True,2019-04-10,0,134.95,134.95,,,,,,,,,none,M0_balanced; proxy recurrence: identifiable reappearance of a similar procurement need; not a legally verified renewal chain,1
BOAMP:15-54892,BOAMP_CURRENT,SIREN:288500010,SIREN_ENRICHED,SDIS 85,288500010,,Telecom & Networks,False,32.0,2015-04-10,2015-04-10,48.0,True,2019-04-10,0,134.95,134.95,,,,,,,,,none,M0_balanced; proxy recurrence: identifiable reappearance of a similar procurement need; not a legally verified renewal chain,1
BOAMP:15-54272,BOAMP_CURRENT,SIREN:264900390,SIREN_ENRICHED,Centre Hospitalier de Cholet,264900390,,Unknown,False,,2015-04-10,2015-04-10,44.0,False,2018-12-10,0,134.95,134.95,,,,,,,,,none,M0_balanced; proxy recurrence: identifiable reappearance of a similar procurement need; not a legally verified renewal chain,1
BOAMP:15-54977,BOAMP_CURRENT,NAME:conseil general sarthe,NAME,Conseil Général de la Sarthe,,,Digital Workplace & Collaboration,False,64.0,2015-04-13,2015-04-13,48.0,True,2019-04-13,0,134.86,134.86,,,,,,,,,none,M0_balanced; proxy recurrence: identifiable reappearance of a similar procurement need; not a legally verified renewal chain,1
BOAMP:15-55213,BOAMP_CURRENT,SIREN:451324974,SIREN_ENRICHED,Ville du Croisic,451324974,,Telecom & Networks,False,32.0,2015-04-13,2015-04-13,12.0,False,2016-04-13,0,134.86,134.86,,,,,,,,,none,M0_balanced; proxy recurrence: identifiable reappearance of a similar procurement need; not a legally verified renewal chain,1
BOAMP:15-56123,BOAMP_CURRENT,SIREN:247200132,SIREN_ENRICHED,Le Mans Métropole - Communauté Urbaine,247200132,,Unknown,False,45.0,2015-04-14,2015-04-14,48.0,True,2019-04-14,0,134.82,134.82,,,,,,,,,none,M0_balanced; proxy recurrence: identifiable reappearance of a similar procurement need; not a legally verified renewal chain,1
BOAMP:15-56649,BOAMP_CURRENT,SIREN:234400034,SIREN_ENRICHED,Conseil régional des Pays de la Loire,234400034,,IT Services & Consulting,False,72.0,2015-04-14,2015-04-14,12.0,False,2016-04-14,1,5.81,,5.81,BOAMP:15-92588,0.78851,1.0,0.48456,0.80808,0.1920899999999999,1.0,M0_balanced,M0_balanced; proxy recurrence: identifiable reappearance of a similar procurement need; not a legally verified renewal chain,0
BOAMP:15-55527,BOAMP_CURRENT,NAME:cdc pays saint gilles cx vie,NAME,CDC du Pays de Saint Gilles Cx de Vie,,,Software & Applications,True,48.0,2015-04-14,2015-04-14,48.0,True,2019-04-14,0,134.82,134.82,,,,,,,,,none,M0_balanced; proxy recurrence: identifiable reappearance of a similar procurement need; not a legally verified renewal chain,1
BOAMP:15-56918,BOAMP_CURRENT,SIREN:439446386,SIREN_ENRICHED,VALLET,439446386,,Telecom & Networks,False,32.0,2015-04-15,2015-04-15,12.0,False,2016-04-15,0,134.79,134.79,,,,,,,,,none,M0_balanced; proxy recurrence: identifiable reappearance of a similar procurement need; not a legally verified renewal chain,1
BOAMP:15-56776,BOAMP_CURRENT,SIREN:532458809,SIREN_ENRICHED,Ville d'Angers,532458809,,Telecom & Networks,False,32.0,2015-04-15,2015-04-15,48.0,True,2019-04-15,0,134.79,134.79,,,,,,,,,none,M0_balanced; proxy recurrence: identifiable reappearance of a similar procurement need; not a legally verified renewal chain,1
BOAMP:15-58339,BOAMP_CURRENT,NAME:cnieg,NAME,CNIEG,,,IT Services & Consulting,False,72.0,2015-07-22,2015-07-22,48.0,False,2019-07-22,0,131.57,131.57,,,,,,,,,none,M0_balanced; proxy recurrence: identifiable reappearance of a similar procurement need; not a legally verified renewal chain,1
BOAMP:15-58989,BOAMP_CURRENT,NAME:ccir pays loire,NAME,CCIR Pays de la Loire,,,Software & Applications,False,48.0,2015-04-17,2015-04-17,48.0,True,2019-04-17,0,134.72,134.72,,,,,,,,,none,M0_balanced; proxy recurrence: identifiable reappearance of a similar procurement need; not a legally verified renewal chain,1
BOAMP:15-59370,BOAMP_CURRENT,SIREN:264400136,SIREN_ENRICHED,CHU de Nantes,264400136,,IT Services & Consulting,False,72.0,2015-04-20,2015-04-20,48.0,False,2019-04-20,0,134.63,134.63,,,,,,,,,none,M0_balanced; proxy recurrence: identifiable reappearance of a similar procurement need; not a legally verified renewal chain,1
BOAMP:15-59556,BOAMP_CURRENT,NAME:conseil general loire atlantique,NAME,Conseil général de Loire-Atlantique,,,Cybersecurity,False,35.0,2015-08-24,2015-08-24,48.0,False,2019-08-24,0,130.49,130.49,,,,,,,,,none,M0_balanced; proxy recurrence: identifiable reappearance of a similar procurement need; not a legally verified renewal chain,1
BOAMP:15-64142,BOAMP_CURRENT,SIREN:264400136,SIREN_ENRICHED,CHU de Nantes,264400136,,Software & Applications,False,48.0,2015-04-24,2015-04-24,48.0,True,2019-04-24,0,134.49,134.49,,,,,,,,,none,M0_balanced; proxy recurrence: identifiable reappearance of a similar procurement need; not a legally verified renewal chain,1
BOAMP:15-50024,BOAMP_CURRENT,SIREN:258500222,SIREN_ENRICHED,Vendée Eau,258500222,,Cybersecurity,False,35.0,2015-06-25,2015-06-25,6.0,False,2015-12-25,0,132.46,132.46,,,,,,,,,none,M0_balanced; proxy recurrence: identifiable reappearance of a similar procurement need; not a legally verified renewal chain,1
BOAMP:15-63153,BOAMP_CURRENT,SIREN:258500222,SIREN_ENRICHED,Vendée Eau,258500222,,Unknown,False,45.0,2015-04-27,2015-04-27,48.0,True,2019-04-27,0,134.4,134.4,,,,,,,,,none,M0_balanced; proxy recurrence: identifiable reappearance of a similar procurement need; not a legally verified renewal chain,1
BOAMP:15-64904,BOAMP_CURRENT,SIREN:288500010,SIREN_ENRICHED,SDIS 85,288500010,,Software & Applications,False,48.0,2015-04-28,2015-04-28,68.0,False,2020-12-28,0,134.36,134.36,,,,,,,,,none,M0_balanced; proxy recurrence: identifiable reappearance of a similar procurement need; not a legally verified renewal chain,1
BOAMP:15-65940,BOAMP_CURRENT,NAME:pole sante sarthe loire,NAME,Pole Santé Sarthe et Loire,,,IT Maintenance & Support,False,72.0,2015-04-29,2015-04-29,48.0,True,2019-04-29,0,134.33,134.33,,,,,,,,,none,M0_balanced; proxy recurrence: identifiable reappearance of a similar procurement need; not a legally verified renewal chain,1
BOAMP:15-65742,BOAMP_CURRENT,SIREN:217500016,SIREN_ENRICHED,Ville du Mans,217500016,,Telecom & Networks,False,32.0,2015-07-10,2015-07-10,48.0,True,2019-07-10,0,131.96,131.96,,,,,,,,,none,M0_balanced; proxy recurrence: identifiable reappearance of a similar procurement need; not a legally verified renewal chain,1
BOAMP:15-68078,BOAMP_CURRENT,NAME:dir ouest,NAME,DIR Ouest,,,Telecom & Networks,False,32.0,2015-05-04,2015-05-04,48.0,False,2019-05-04,1,52.99,,52.99,BOAMP:19-71182,0.82358,1.0,0.58421,0.80075,0.4441699999999999,1.0,M0_balanced,M0_balanced; proxy recurrence: identifiable reappearance of a similar procurement need; not a legally verified renewal chain,0
BOAMP:15-67480,BOAMP_CURRENT,NAME:syndicat departemental energie,NAME,Syndicat Départemental d'Energie,,,Software & Applications,True,48.0,2015-05-04,2015-05-04,48.0,True,2019-05-04,0,134.17,134.17,,,,,,,,,none,M0_balanced; proxy recurrence: identifiable reappearance of a similar procurement need; not a legally verified renewal chain,1
BOAMP:15-70236,BOAMP_CURRENT,SIREN:288500010,SIREN_ENRICHED,SDIS 85,288500010,,IT Services & Consulting,False,72.0,2015-05-06,2015-05-06,42.0,False,2018-11-06,0,134.1,134.1,,,,,,,,,none,M0_balanced; proxy recurrence: identifiable reappearance of a similar procurement need; not a legally verified renewal chain,1
BOAMP:15-71156,BOAMP_CURRENT,SIREN:194909701,SIREN_ENRICHED,Université d'Angers,194909701,,Software & Applications,False,48.0,2015-10-06,2015-10-06,48.0,False,2019-10-06,1,58.94,,58.94,BOAMP:20-47300,0.64317,1.0,0.0887,0.66787,0.30387,1.0,M0_balanced,M0_balanced; proxy recurrence: identifiable reappearance of a similar procurement need; not a legally verified renewal chain,0
BOAMP:15-72457,BOAMP_CURRENT,SIREN:234400034,SIREN_ENRICHED,Conseil régional des Pays de la Loire,234400034,,IT Services & Consulting,False,72.0,2015-05-12,2015-05-12,12.0,False,2016-05-12,1,4.89,,4.89,BOAMP:15-92588,0.55203,1.0,0.40791,0.69343,0.07216,1.0,M0_balanced,M0_balanced; proxy recurrence: identifiable reappearance of a similar procurement need; not a legally verified renewal chain,0
BOAMP:15-78724,BOAMP_CURRENT,NAME:e collectivites vendee,NAME,e-Collectivités Vendée,,,IT Services & Consulting,False,72.0,2015-05-22,2015-05-22,48.0,True,2019-05-22,0,133.57,133.57,,,,,,,,,none,M0_balanced; proxy recurrence: identifiable reappearance of a similar procurement need; not a legally verified renewal chain,1
BOAMP:15-78916,BOAMP_CURRENT,SIREN:264400136,SIREN_ENRICHED,CHU de Nantes,264400136,,IT Services & Consulting,False,72.0,2015-05-22,2015-05-22,48.0,True,2019-05-22,0,133.57,133.57,,,,,,,,,none,M0_balanced; proxy recurrence: identifiable reappearance of a similar procurement need; not a legally verified renewal chain,1
BOAMP:15-78924,BOAMP_CURRENT,SIREN:234400034,SIREN_ENRICHED,Conseil régional des Pays de la Loire,234400034,,Telecom & Networks,False,,2015-05-26,2015-05-26,12.0,False,2016-05-26,0,133.44,133.44,,,,,,,,,none,M0_balanced; proxy recurrence: identifiable reappearance of a similar procurement need; not a legally verified renewal chain,1
BOAMP:15-81386,BOAMP_CURRENT,NAME:gpm nantes st nazaire,NAME,GPM de Nantes - St Nazaire,,,Software & Applications,False,48.0,2015-05-28,2015-05-28,48.0,True,2019-05-28,0,133.38,133.38,,,,,,,,,none,M0_balanced; proxy recurrence: identifiable reappearance of a similar procurement need; not a legally verified renewal chain,1
BOAMP:15-81231,BOAMP_CURRENT,NAME:saem vendee,NAME,SAEM Vendée,,,IT Services & Consulting,True,72.0,2015-09-28,2015-09-28,48.0,True,2019-09-28,0,129.34,129.34,,,,,,,,,none,M0_balanced; proxy recurrence: identifiable reappearance of a similar procurement need; not a legally verified renewal chain,1
BOAMP:15-82510,BOAMP_CURRENT,NAME:cg49,NAME,CG49,,,Data & AI,False,,2015-06-01,2015-06-01,48.0,True,2019-06-01,0,133.25,133.25,,,,,,,,,none,M0_balanced; proxy recurrence: identifiable reappearance of a similar procurement need; not a legally verified renewal chain,1
BOAMP:15-82236,BOAMP_CURRENT,SIREN:214401432,SIREN_ENRICHED,Ville de Rezé,214401432,,Unknown,False,38.0,2015-06-01,2015-06-01,48.0,False,2019-06-01,0,133.25,133.25,,,,,,,,,none,M0_balanced; proxy recurrence: identifiable reappearance of a similar procurement need; not a legally verified renewal chain,1
BOAMP:15-83632,BOAMP_CURRENT,SIREN:264400136,SIREN_ENRICHED,CHU de Nantes,264400136,,IT Services & Consulting,False,72.0,2015-06-03,2015-06-03,48.0,True,2019-06-03,1,36.1,,36.1,BOAMP:18-76556,0.85097,1.0,0.00865,0.73914,0.1801399999999999,1.0,M0_balanced,M0_balanced; proxy recurrence: identifiable reappearance of a similar procurement need; not a legally verified renewal chain,0
BOAMP:15-85320,BOAMP_CURRENT,SIREN:110006012,SIREN_ENRICHED,Ministère des Affaires étrangères,110006012,,Software & Applications,True,48.0,2015-06-04,2015-06-04,48.0,True,2019-06-04,0,133.15,133.15,,,,,,,,,none,M0_balanced; proxy recurrence: identifiable reappearance of a similar procurement need; not a legally verified renewal chain,1
BOAMP:15-84881,BOAMP_CURRENT,SIREN:794304097,SIREN_ENRICHED,Nantes Métropole,794304097,,Software & Applications,False,48.0,2015-10-14,2015-10-14,48.0,False,2019-10-14,1,47.83,,47.83,BOAMP:19-151382,0.66371,0.2,0.98598,0.67196,0.10146,1.0,M0_balanced,M0_balanced; proxy recurrence: identifiable reappearance of a similar procurement need; not a legally verified renewal chain,0
BOAMP:15-86218,BOAMP_CURRENT,SIREN:264400136,SIREN_ENRICHED,CHU de Nantes,264400136,,Cybersecurity,False,35.0,2015-06-05,2015-06-05,48.0,False,2019-06-05,0,133.11,133.11,,,,,,,,,none,M0_balanced; proxy recurrence: identifiable reappearance of a similar procurement need; not a legally verified renewal chain,1
BOAMP:15-87511,BOAMP_CURRENT,SIREN:265300087,SIREN_ENRICHED,Centre Hospitalier du Haut Anjou,265300087,,Telecom & Networks,False,,2015-06-09,2015-06-09,48.0,True,2019-06-09,0,132.98,132.98,,,,,,,,,none,M0_balanced; proxy recurrence: identifiable reappearance of a similar procurement need; not a legally verified renewal chain,1
BOAMP:15-69493,BOAMP_CURRENT,NAME:ademe,NAME,ADEME,,,Data & AI,False,72.0,2015-06-10,2015-06-10,11.0,False,2016-05-10,1,34.26,,34.26,BOAMP:18-43289,0.85314,1.0,0.0,0.69632,0.22579,1.0,M0_balanced,M0_balanced; proxy recurrence: identifiable reappearance of a similar procurement need; not a legally verified renewal chain,0
BOAMP:15-89415,BOAMP_CURRENT,NAME:ch mans,NAME,CH LE MANS,,,Software & Applications,False,,2015-06-11,2015-06-11,48.0,True,2019-06-11,0,132.92,132.92,,,,,,,,,none,M0_balanced; proxy recurrence: identifiable reappearance of a similar procurement need; not a legally verified renewal chain,1
BOAMP:15-89263,BOAMP_CURRENT,SIREN:258500222,SIREN_ENRICHED,Vendée Eau,258500222,,Data & AI,False,72.0,2015-07-22,2015-07-22,48.0,True,2019-07-22,1,45.76,,45.76,BOAMP:19-75795,0.62244,0.4,0.81351,0.66613,0.20081,1.0,M0_balanced,M0_balanced; proxy recurrence: identifiable reappearance of a similar procurement need; not a legally verified renewal chain,0
BOAMP:15-90549,BOAMP_CURRENT,SIREN:242900769,SIREN_ENRICHED,Concarneau Cornouaille Agglomération,242900769,,IT Services & Consulting,False,72.0,2015-06-15,2015-06-15,48.0,True,2019-06-15,0,132.79,132.79,,,,,,,,,none,M0_balanced; proxy recurrence: identifiable reappearance of a similar procurement need; not a legally verified renewal chain,1
BOAMP:15-90148,BOAMP_CURRENT,SIREN:242900769,SIREN_ENRICHED,Concarneau Cornouaille Agglomération,242900769,,IT Hardware & Equipment,False,30.0,2015-06-15,2015-06-15,48.0,True,2019-06-15,0,132.79,132.79,,,,,,,,,none,M0_balanced; proxy recurrence: identifiable reappearance of a similar procurement need; not a legally verified renewal chain,1
BOAMP:15-92216,BOAMP_CURRENT,SIREN:264400136,SIREN_ENRICHED,CHU de Nantes,264400136,,IT Services & Consulting,False,72.0,2015-06-16,2015-06-16,48.0,True,2019-06-16,1,71.78,,71.78,BOAMP:21-78563,0.66515,1.0,0.0,0.65936,0.0977799999999999,1.0,M0_balanced,M0_balanced; proxy recurrence: identifiable reappearance of a similar procurement need; not a legally verified renewal chain,0
BOAMP:15-92588,BOAMP_CURRENT,SIREN:234400034,SIREN_ENRICHED,Conseil régional des Pays de la Loire,234400034,,IT Services & Consulting,False,72.0,2015-10-08,2015-10-08,12.0,False,2016-10-08,0,129.01,129.01,,,,,,,,,none,M0_balanced; proxy recurrence: identifiable reappearance of a similar procurement need; not a legally verified renewal chain,1
BOAMP:15-94958,BOAMP_CURRENT,SIREN:791052491,SIREN_ENRICHED,Ville d'Allonnes,791052491,,Telecom & Networks,False,,2015-06-22,2015-06-22,48.0,True,2019-06-22,0,132.56,132.56,,,,,,,,,none,M0_balanced; proxy recurrence: identifiable reappearance of a similar procurement need; not a legally verified renewal chain,1
BOAMP:15-93928,BOAMP_CURRENT,NAME:cte agglomeration choletais,NAME,Cté d'Agglomération du Choletais,,,Cloud & Infrastructure,False,39.0,2015-06-22,2015-06-22,48.0,True,2019-06-22,0,132.56,132.56,,,,,,,,,none,M0_balanced; proxy recurrence: identifiable reappearance of a similar procurement need; not a legally verified renewal chain,1
BOAMP:15-95100,BOAMP_CURRENT,SIREN:247200132,SIREN_ENRICHED,Le Mans Métropole - Communauté Urbaine,247200132,,Telecom & Networks,False,31.0,2015-06-22,2015-06-22,48.0,True,2019-06-22,1,48.59,,48.59,BOAMP:19-105444,0.87036,0.0,0.95105,0.70576,0.17958,1.0,M0_balanced,M0_balanced; proxy recurrence: identifiable reappearance of a similar procurement need; not a legally verified renewal chain,0
BOAMP:15-95253,BOAMP_CURRENT,SIREN:264400136,SIREN_ENRICHED,CHU de Nantes,264400136,,Cybersecurity,False,35.0,2015-06-22,2015-06-22,48.0,True,2019-06-22,0,132.56,132.56,,,,,,,,,none,M0_balanced; proxy recurrence: identifiable reappearance of a similar procurement need; not a legally verified renewal chain,1
BOAMP:15-95813,BOAMP_CURRENT,SIREN:214401622,SIREN_ENRICHED,Commune de Saint-Herblain,214401622,,Software & Applications,False,48.0,2015-10-14,2015-10-14,48.0,True,2019-10-14,0,128.81,128.81,,,,,,,,,none,M0_balanced; proxy recurrence: identifiable reappearance of a similar procurement need; not a legally verified renewal chain,1
BOAMP:15-96106,BOAMP_CURRENT,NAME:cnieg,NAME,CNIEG,,,IT Services & Consulting,False,72.0,2015-06-24,2015-06-24,48.0,True,2019-06-24,0,132.49,132.49,,,,,,,,,none,M0_balanced; proxy recurrence: identifiable reappearance of a similar procurement need; not a legally verified renewal chain,1
BOAMP:15-96786,BOAMP_CURRENT,NAME:conseil general sarthe,NAME,Conseil Général de la Sarthe,,,IT Services & Consulting,False,72.0,2015-06-24,2015-06-24,48.0,True,2019-06-24,0,132.49,132.49,,,,,,,,,none,M0_balanced; proxy recurrence: identifiable reappearance of a similar procurement need; not a legally verified renewal chain,1
BOAMP:15-96870,BOAMP_CURRENT,SIREN:244900015,SIREN_ENRICHED,Angers Loire Métropole,244900015,,IT Services & Consulting,False,72.0,2015-06-25,2015-06-25,48.0,True,2019-06-25,0,132.46,132.46,,,,,,,,,none,M0_balanced; proxy recurrence: identifiable reappearance of a similar procurement need; not a legally verified renewal chain,1
BOAMP:15-98976,BOAMP_CURRENT,SIREN:110006012,SIREN_ENRICHED,Ministère des Affaires étrangères,110006012,,Software & Applications,True,48.0,2015-06-29,2015-06-29,24.0,False,2017-06-29,0,132.33,132.33,,,,,,,,,none,M0_balanced; proxy recurrence: identifiable reappearance of a similar procurement need; not a legally verified renewal chain,1
BOAMP:15-100830,BOAMP_CURRENT,SIREN:247200132,SIREN_ENRICHED,Le Mans Métropole - Communauté Urbaine,247200132,,Unknown,False,45.0,2015-07-01,2015-07-01,48.0,True,2019-07-01,0,132.26,132.26,,,,,,,,,none,M0_balanced; proxy recurrence: identifiable reappearance of a similar procurement need; not a legally verified renewal chain,1
BOAMP:15-100455,BOAMP_CURRENT,SIREN:794304097,SIREN_ENRICHED,Nantes Métropole,794304097,,Cybersecurity,False,35.0,2015-11-20,2015-11-20,48.0,False,2019-11-20,0,127.6,127.6,,,,,,,,,none,M0_balanced; proxy recurrence: identifiable reappearance of a similar procurement need; not a legally verified renewal chain,1
BOAMP:15-102510,BOAMP_CURRENT,NAME:conseil general sarthe,NAME,Conseil Général de la Sarthe,,,Digital Workplace & Collaboration,False,72.0,2016-01-26,2016-01-26,48.0,True,2020-01-26,0,125.39,125.39,,,,,,,,,none,M0_balanced; proxy recurrence: identifiable reappearance of a similar procurement need; not a legally verified renewal chain,1
BOAMP:15-105085,BOAMP_CURRENT,NAME:ccir pays loire,NAME,CCIR Pays de la Loire,,,Software & Applications,False,48.0,2015-07-07,2015-07-07,48.0,True,2019-07-07,0,132.06,132.06,,,,,,,,,none,M0_balanced; proxy recurrence: identifiable reappearance of a similar procurement need; not a legally verified renewal chain,1
BOAMP:15-104125,BOAMP_CURRENT,SIREN:214401093,SIREN_ENRICHED,Ville de Nantes,214401093,,Software & Applications,False,48.0,2015-07-08,2015-07-08,48.0,False,2019-07-08,0,132.03,132.03,,,,,,,,,none,M0_balanced; proxy recurrence: identifiable reappearance of a similar procurement need; not a legally verified renewal chain,1
BOAMP:15-107245,BOAMP_CURRENT,SIREN:247200132,SIREN_ENRICHED,Le Mans Métropole - Communauté Urbaine,247200132,,Software & Applications,False,48.0,2016-02-02,2016-02-02,48.0,True,2020-02-02,0,125.16,125.16,,,,,,,,,none,M0_balanced; proxy recurrence: identifiable reappearance of a similar procurement need; not a legally verified renewal chain,1
BOAMP:15-108955,BOAMP_CURRENT,SIREN:247200132,SIREN_ENRICHED,Le Mans Métropole - Communauté Urbaine,247200132,,Telecom & Networks,False,,2015-07-13,2015-07-13,48.0,True,2019-07-13,1,47.9,,47.9,BOAMP:19-105444,0.63644,,0.99146,0.80502,0.15374,1.0,M0_balanced,M0_balanced; proxy recurrence: identifiable reappearance of a similar procurement need; not a legally verified renewal chain,0
BOAMP:15-108645,BOAMP_CURRENT,SIREN:218502888,SIREN_ENRICHED,Ville de Talmont Saint Hilaire,218502888,,Telecom & Networks,False,32.0,2015-07-13,2015-07-13,48.0,True,2019-07-13,0,131.87,131.87,,,,,,,,,none,M0_balanced; proxy recurrence: identifiable reappearance of a similar procurement need; not a legally verified renewal chain,1
BOAMP:15-111481,BOAMP_CURRENT,SIREN:264400136,SIREN_ENRICHED,CHU de Nantes,264400136,,Software & Applications,False,48.0,2015-07-20,2015-07-20,48.0,True,2019-07-20,1,44.91,,44.91,BOAMP:19-59985,0.50541,1.0,0.74233,0.74074,0.2233499999999999,1.0,M0_balanced,M0_balanced; proxy recurrence: identifiable reappearance of a similar procurement need; not a legally verified renewal chain,0
BOAMP:15-111661,BOAMP_CURRENT,NAME:inra formation permanente nationale,NAME,INRA - Formation permanente nationale,,,Software & Applications,False,48.0,2015-07-21,2015-07-21,36.0,False,2018-07-21,0,131.6,131.6,,,,,,,,,none,M0_balanced; proxy recurrence: identifiable reappearance of a similar procurement need; not a legally verified renewal chain,1
BOAMP:15-114783,BOAMP_CURRENT,NAME:cnieg,NAME,CNIEG,,,IT Services & Consulting,False,72.0,2015-07-23,2015-07-23,48.0,True,2019-07-23,0,131.54,131.54,,,,,,,,,none,M0_balanced; proxy recurrence: identifiable reappearance of a similar procurement need; not a legally verified renewal chain,1
BOAMP:15-115709,BOAMP_CURRENT,SIREN:214401846,SIREN_ENRICHED,Commune de Saint-Nazaire,214401846,,IT Services & Consulting,False,72.0,2015-11-26,2015-11-26,48.0,False,2019-11-26,0,127.4,127.4,,,,,,,,,none,M0_balanced; proxy recurrence: identifiable reappearance of a similar procurement need; not a legally verified renewal chain,1
BOAMP:15-115988,BOAMP_CURRENT,SIREN:244900015,SIREN_ENRICHED,Angers Loire Métropole,244900015,,Telecom & Networks,False,32.0,2015-07-27,2015-07-27,48.0,False,2019-07-27,0,131.41,131.41,,,,,,,,,none,M0_balanced; proxy recurrence: identifiable reappearance of a similar procurement need; not a legally verified renewal chain,1
BOAMP:15-115336,BOAMP_CURRENT,NAME:chu angers,NAME,CHU d'Angers,,,IT Services & Consulting,False,72.0,2016-07-19,2016-07-19,60.0,False,2021-07-19,0,119.65,119.65,,,,,,,,,none,M0_balanced; proxy recurrence: identifiable reappearance of a similar procurement need; not a legally verified renewal chain,1
BOAMP:15-119589,BOAMP_CURRENT,SIREN:214402158,SIREN_ENRICHED,Ville de Vertou,214402158,,Telecom & Networks,False,32.0,2015-08-03,2015-08-03,48.0,True,2019-08-03,0,131.18,131.18,,,,,,,,,none,M0_balanced; proxy recurrence: identifiable reappearance of a similar procurement need; not a legally verified renewal chain,1
BOAMP:15-119639,BOAMP_CURRENT,SIREN:194401006,SIREN_ENRICHED,Ecole Centrale de Nantes,194401006,,Telecom & Networks,False,32.0,2015-11-03,2015-11-03,48.0,True,2019-11-03,0,128.15,128.15,,,,,,,,,none,M0_balanced; proxy recurrence: identifiable reappearance of a similar procurement need; not a legally verified renewal chain,1
BOAMP:15-122609,BOAMP_CURRENT,SIREN:214400269,SIREN_ENRICHED,Ville de Carquefou,214400269,,Telecom & Networks,False,32.0,2015-12-18,2015-12-18,60.0,False,2020-12-18,0,126.68,126.68,,,,,,,,,none,M0_balanced; proxy recurrence: identifiable reappearance of a similar procurement need; not a legally verified renewal chain,1
BOAMP:15-90876,BOAMP_CURRENT,SIREN:214401317,SIREN_ENRICHED,Commune de Pornic,214401317,,Telecom & Networks,False,32.0,2015-08-10,2015-08-10,48.0,True,2019-08-10,0,130.95,130.95,,,,,,,,,none,M0_balanced; proxy recurrence: identifiable reappearance of a similar procurement need; not a legally verified renewal chain,1
BOAMP:15-124226,BOAMP_CURRENT,SIREN:227200029,SIREN_ENRICHED,Département de la Sarthe,227200029,,Digital Workplace & Collaboration,False,64.0,2015-08-10,2015-08-10,48.0,True,2019-08-10,1,47.73,,47.73,BOAMP:19-71679,0.98467,1.0,0.97777,0.98911,0.3891,1.0,M0_balanced,M0_balanced; proxy recurrence: identifiable reappearance of a similar procurement need; not a legally verified renewal chain,0
BOAMP:15-133200,BOAMP_CURRENT,NAME:saelsi,NAME,SAELSI,,,Telecom & Networks,False,32.0,2015-08-31,2015-08-31,6.0,False,2016-02-29,0,130.26,130.26,,,,,,,,,none,M0_balanced; proxy recurrence: identifiable reappearance of a similar procurement need; not a legally verified renewal chain,1
BOAMP:15-134263,BOAMP_CURRENT,SIREN:940022890,SIREN_ENRICHED,CNDP,940022890,,Telecom & Networks,False,32.0,2015-09-02,2015-09-02,48.0,False,2019-09-02,0,130.19,130.19,,,,,,,,,none,M0_balanced; proxy recurrence: identifiable reappearance of a similar procurement need; not a legally verified renewal chain,1
BOAMP:15-136371,BOAMP_CURRENT,SIREN:285300018,SIREN_ENRICHED,Sdis de la Mayenne,285300018,,Data & AI,False,,2015-09-07,2015-09-07,48.0,False,2019-09-07,0,130.03,130.03,,,,,,,,,none,M0_balanced; proxy recurrence: identifiable reappearance of a similar procurement need; not a legally verified renewal chain,1
BOAMP:15-139094,BOAMP_CURRENT,SIREN:288500010,SIREN_ENRICHED,SDIS 85,288500010,,Cybersecurity,False,35.0,2015-12-03,2015-12-03,38.0,False,2019-02-03,0,127.17,127.17,,,,,,,,,none,M0_balanced; proxy recurrence: identifiable reappearance of a similar procurement need; not a legally verified renewal chain,1
BOAMP:15-141361,BOAMP_CURRENT,SIREN:234400034,SIREN_ENRICHED,Conseil régional des Pays de la Loire,234400034,,IT Services & Consulting,False,72.0,2015-12-07,2015-12-07,48.0,False,2019-12-07,0,127.04,127.04,,,,,,,,,none,M0_balanced; proxy recurrence: identifiable reappearance of a similar procurement need; not a legally verified renewal chain,1
BOAMP:15-142353,BOAMP_CURRENT,SIREN:217500016,SIREN_ENRICHED,Ville du Mans,217500016,,Telecom & Networks,False,32.0,2016-01-21,2016-01-21,48.0,True,2020-01-21,1,53.25,,53.25,BOAMP:20-2441,0.77697,1.0,0.56231,0.81879,0.31621,1.0,M0_balanced,M0_balanced; proxy recurrence: identifiable reappearance of a similar procurement need; not a legally verified renewal chain,0
BOAMP:15-143083,BOAMP_CURRENT,SIREN:264900390,SIREN_ENRICHED,Centre Hospitalier de Cholet,264900390,,Cybersecurity,False,35.0,2015-09-18,2015-09-18,48.0,False,2019-09-18,0,129.66,129.66,,,,,,,,,none,M0_balanced; proxy recurrence: identifiable reappearance of a similar procurement need; not a legally verified renewal chain,1
BOAMP:15-144405,BOAMP_CURRENT,NAME:regie dept passages eau vendee,NAME,Régie Dépt Passages d'Eau de Vendée,,,IT Services & Consulting,False,72.0,2015-09-22,2015-09-22,48.0,True,2019-09-22,0,129.53,129.53,,,,,,,,,none,M0_balanced; proxy recurrence: identifiable reappearance of a similar procurement need; not a legally verified renewal chain,1
BOAMP:15-146024,BOAMP_CURRENT,SIREN:214401093,SIREN_ENRICHED,Ville de Nantes,214401093,,Telecom & Networks,False,32.0,2015-12-17,2015-12-17,48.0,True,2019-12-17,0,126.71,126.71,,,,,,,,,none,M0_balanced; proxy recurrence: identifiable reappearance of a similar procurement need; not a legally verified renewal chain,1
BOAMP:15-150393,BOAMP_CURRENT,SIREN:794885913,SIREN_ENRICHED,Saumur Agglopropreté,794885913,,Software & Applications,True,48.0,2015-10-05,2015-10-05,12.0,False,2016-10-05,0,129.11,129.11,,,,,,,,,none,M0_balanced; proxy recurrence: identifiable reappearance of a similar procurement need; not a legally verified renewal chain,1
BOAMP:15-153008,BOAMP_CURRENT,SIREN:217500016,SIREN_ENRICHED,Ville du Mans,217500016,,Data & AI,False,37.0,2016-04-12,2016-04-12,48.0,True,2020-04-12,1,46.91,,46.91,BOAMP:19-172734,0.8144,1.0,0.90933,0.90391,0.4517899999999999,1.0,M0_balanced,M0_balanced; proxy recurrence: identifiable reappearance of a similar procurement need; not a legally verified renewal chain,0
BOAMP:15-154566,BOAMP_CURRENT,NAME:cnieg,NAME,CNIEG,,,IT Services & Consulting,False,72.0,2016-01-28,2016-01-28,48.0,True,2020-01-28,0,125.33,125.33,,,,,,,,,none,M0_balanced; proxy recurrence: identifiable reappearance of a similar procurement need; not a legally verified renewal chain,1
BOAMP:15-160688,BOAMP_CURRENT,SIREN:532458809,SIREN_ENRICHED,Ville d'Angers,532458809,,IT Services & Consulting,False,72.0,2015-10-20,2015-10-20,48.0,True,2019-10-20,0,128.61,128.61,,,,,,,,,none,M0_balanced; proxy recurrence: identifiable reappearance of a similar procurement need; not a legally verified renewal chain,1
BOAMP:15-159244,BOAMP_CURRENT,SIREN:794304097,SIREN_ENRICHED,Nantes Métropole,794304097,,Software & Applications,True,48.0,2015-10-23,2015-10-23,12.0,False,2016-10-23,0,128.52,128.52,,,,,,,,,none,M0_balanced; proxy recurrence: identifiable reappearance of a similar procurement need; not a legally verified renewal chain,1
BOAMP:15-164088,BOAMP_CURRENT,SIREN:214401622,SIREN_ENRICHED,Commune de Saint-Herblain,214401622,,Cloud & Infrastructure,False,48.0,2015-10-28,2015-10-28,48.0,True,2019-10-28,0,128.35,128.35,,,,,,,,,none,M0_balanced; proxy recurrence: identifiable reappearance of a similar procurement need; not a legally verified renewal chain,1
BOAMP:15-164187,BOAMP_CURRENT,SIREN:391722881,SIREN_ENRICHED,GIE SESAM Vitale,391722881,,IT Services & Consulting,False,72.0,2015-10-28,2015-10-28,48.0,True,2019-10-28,0,128.35,128.35,,,,,,,,,none,M0_balanced; proxy recurrence: identifiable reappearance of a similar procurement need; not a legally verified renewal chain,1
BOAMP:15-165050,BOAMP_CURRENT,SIREN:244900015,SIREN_ENRICHED,Angers Loire Métropole,244900015,,IT Services & Consulting,False,72.0,2015-10-29,2015-10-29,12.0,False,2016-10-29,0,128.32,128.32,,,,,,,,,none,M0_balanced; proxy recurrence: identifiable reappearance of a similar procurement need; not a legally verified renewal chain,1
BOAMP:15-165845,BOAMP_CURRENT,SIREN:214401200,SIREN_ENRICHED,commune de Le Pellerin,214401200,,Cybersecurity,False,35.0,2016-02-16,2016-02-16,3.0,False,2016-05-16,0,124.7,124.7,,,,,,,,,none,M0_balanced; proxy recurrence: identifiable reappearance of a similar procurement need; not a legally verified renewal chain,1
BOAMP:15-168917,BOAMP_CURRENT,NAME:sictom loir sarthe,NAME,SICTOM Loir et Sarthe,,,Software & Applications,True,48.0,2015-11-09,2015-11-09,48.0,True,2019-11-09,0,127.96,127.96,,,,,,,,,none,M0_balanced; proxy recurrence: identifiable reappearance of a similar procurement need; not a legally verified renewal chain,1
BOAMP:15-169809,BOAMP_CURRENT,SIREN:264400136,SIREN_ENRICHED,CHU de Nantes,264400136,,Software & Applications,False,48.0,2015-11-09,2015-11-09,48.0,True,2019-11-09,0,127.96,127.96,,,,,,,,,none,M0_balanced; proxy recurrence: identifiable reappearance of a similar procurement need; not a legally verified renewal chain,1
BOAMP:15-171325,BOAMP_CURRENT,SIREN:130031487,SIREN_ENRICHED,Chambre Agriculture Pays de la Loire,130031487,,Telecom & Networks,False,32.0,2015-11-10,2015-11-10,24.0,False,2017-11-10,0,127.92,127.92,,,,,,,,,none,M0_balanced; proxy recurrence: identifiable reappearance of a similar procurement need; not a legally verified renewal chain,1
BOAMP:15-173700,BOAMP_CURRENT,SIREN:214401432,SIREN_ENRICHED,Ville de Rezé,214401432,,Software & Applications,False,48.0,2015-11-17,2015-11-17,36.0,False,2018-11-17,0,127.69,127.69,,,,,,,,,none,M0_balanced; proxy recurrence: identifiable reappearance of a similar procurement need; not a legally verified renewal chain,1
BOAMP:15-174987,BOAMP_CURRENT,SIREN:244900015,SIREN_ENRICHED,Angers Loire Métropole,244900015,,IT Services & Consulting,False,72.0,2015-11-18,2015-11-18,48.0,True,2019-11-18,1,45.73,,45.73,BOAMP:19-136955,0.8962,1.0,0.81078,0.91856,0.3415100000000001,1.0,M0_balanced,M0_balanced; proxy recurrence: identifiable reappearance of a similar procurement need; not a legally verified renewal chain,0
BOAMP:15-175210,BOAMP_CURRENT,SIREN:794304097,SIREN_ENRICHED,Nantes Métropole,794304097,,Cybersecurity,False,72.0,2016-02-25,2016-02-25,48.0,True,2020-02-25,0,124.41,124.41,,,,,,,,,none,M0_balanced; proxy recurrence: identifiable reappearance of a similar procurement need; not a legally verified renewal chain,1
BOAMP:15-175690,BOAMP_CURRENT,NAME:cnieg,NAME,CNIEG,,,IT Services & Consulting,False,72.0,2016-02-23,2016-02-23,24.0,False,2018-02-23,0,124.47,124.47,,,,,,,,,none,M0_balanced; proxy recurrence: identifiable reappearance of a similar procurement need; not a legally verified renewal chain,1
BOAMP:15-177015,BOAMP_CURRENT,NAME:conseil general loire atlantique,NAME,Conseil général de Loire-Atlantique,,,Telecom & Networks,False,18.0,2016-04-28,2016-04-28,48.0,False,2020-04-28,0,122.34,122.34,,,,,,,,,none,M0_balanced; proxy recurrence: identifiable reappearance of a similar procurement need; not a legally verified renewal chain,1
BOAMP:15-178728,BOAMP_CURRENT,SIREN:247200132,SIREN_ENRICHED,Le Mans Métropole - Communauté Urbaine,247200132,,Software & Applications,False,48.0,2016-03-14,2016-03-14,48.0,True,2020-03-14,0,123.82,123.82,,,,,,,,,none,M0_balanced; proxy recurrence: identifiable reappearance of a similar procurement need; not a legally verified renewal chain,1
BOAMP:15-179034,BOAMP_CURRENT,NAME:c h s sarthe,NAME,C.H.S. de la Sarthe,,,Data & AI,False,,2015-11-27,2015-11-27,48.0,False,2019-11-27,0,127.37,127.37,,,,,,,,,none,M0_balanced; proxy recurrence: identifiable reappearance of a similar procurement need; not a legally verified renewal chain,1
BOAMP:15-179747,BOAMP_CURRENT,SIREN:264400136,SIREN_ENRICHED,CHU de Nantes,264400136,,Software & Applications,False,48.0,2015-11-27,2015-11-27,48.0,True,2019-11-27,0,127.37,127.37,,,,,,,,,none,M0_balanced; proxy recurrence: identifiable reappearance of a similar procurement need; not a legally verified renewal chain,1
BOAMP:15-178791,BOAMP_CURRENT,SIREN:794304097,SIREN_ENRICHED,Nantes Métropole,794304097,,Cybersecurity,False,72.0,2015-11-30,2015-11-30,48.0,False,2019-11-30,1,49.87,,49.87,BOAMP:20-12070,0.71322,1.0,0.84428,0.84841,0.05889,1.0,M0_balanced,M0_balanced; proxy recurrence: identifiable reappearance of a similar procurement need; not a legally verified renewal chain,0
BOAMP:15-182957,BOAMP_CURRENT,SIREN:264400136,SIREN_ENRICHED,CHU de Nantes,264400136,,Software & Applications,False,48.0,2015-12-04,2015-12-04,48.0,True,2019-12-04,0,127.14,127.14,,,,,,,,,none,M0_balanced; proxy recurrence: identifiable reappearance of a similar procurement need; not a legally verified renewal chain,1
BOAMP:15-184251,BOAMP_CURRENT,SIREN:194909701,SIREN_ENRICHED,Université d'Angers,194909701,,Software & Applications,True,48.0,2016-05-02,2016-05-02,36.0,False,2019-05-02,0,122.21,122.21,,,,,,,,,none,M0_balanced; proxy recurrence: identifiable reappearance of a similar procurement need; not a legally verified renewal chain,1
BOAMP:15-185112,BOAMP_CURRENT,NAME:conseil general vendee,NAME,Conseil général de la Vendée,,,IT Services & Consulting,False,72.0,2016-04-11,2016-04-11,48.0,True,2020-04-11,0,122.9,122.9,,,,,,,,,none,M0_balanced; proxy recurrence: identifiable reappearance of a similar procurement need; not a legally verified renewal chain,1
BOAMP:15-186668,BOAMP_CURRENT,NAME:e c s gendarmerie nationale,NAME,E.C.A.S. gendarmerie nationale,,,Telecom & Networks,False,32.0,2016-04-04,2016-04-04,48.0,False,2020-04-04,0,123.13,123.13,,,,,,,,,none,M0_balanced; proxy recurrence: identifiable reappearance of a similar procurement need; not a legally verified renewal chain,1
BOAMP:15-187883,BOAMP_CURRENT,SIREN:227200029,SIREN_ENRICHED,Département de la Sarthe,227200029,,Telecom & Networks,False,,2016-04-20,2016-04-20,48.0,True,2020-04-20,1,45.7,,45.7,BOAMP:19-146419,0.56531,,0.80804,0.71341,0.0630999999999999,1.0,M0_balanced,M0_balanced; proxy recurrence: identifiable reappearance of a similar procurement need; not a legally verified renewal chain,0
BOAMP:15-189271,BOAMP_CURRENT,SIREN:227200029,SIREN_ENRICHED,Département de la Sarthe,227200029,,IT Services & Consulting,False,72.0,2015-12-18,2015-12-18,48.0,True,2019-12-18,1,47.08,,47.08,BOAMP:19-174809,0.65199,0.2,0.92302,0.65444,0.03166,1.0,M0_balanced,M0_balanced; proxy recurrence: identifiable reappearance of a similar procurement need; not a legally verified renewal chain,0
BOAMP:15-191209,BOAMP_CURRENT,SIREN:218501096,SIREN_ENRICHED,Commune des Herbiers,218501096,,IT Hardware & Equipment,False,32.0,2015-12-24,2015-12-24,48.0,True,2019-12-24,0,126.48,126.48,,,,,,,,,none,M0_balanced; proxy recurrence: identifiable reappearance of a similar procurement need; not a legally verified renewal chain,1
BOAMP:15-192356,BOAMP_CURRENT,SIREN:794304097,SIREN_ENRICHED,Nantes Métropole,794304097,,IT Services & Consulting,False,72.0,2015-12-24,2015-12-24,12.0,False,2016-12-24,0,126.48,126.48,,,,,,,,,none,M0_balanced; proxy recurrence: identifiable reappearance of a similar procurement need; not a legally verified renewal chain,1
BOAMP:16-2771,BOAMP_CURRENT,NAME:conseil general vendee,NAME,Conseil général de la Vendée,,,IT Services & Consulting,False,72.0,2016-04-11,2016-04-11,48.0,True,2020-04-11,0,122.9,122.9,,,,,,,,,none,M0_balanced; proxy recurrence: identifiable reappearance of a similar procurement need; not a legally verified renewal chain,1
BOAMP:16-3447,BOAMP_CURRENT,SIREN:268504453,SIREN_ENRICHED,Centre Hospitalier Loire Vendée Océan,268504453,,Cloud & Infrastructure,False,48.0,2016-01-11,2016-01-11,48.0,True,2020-01-11,0,125.89,125.89,,,,,,,,,none,M0_balanced; proxy recurrence: identifiable reappearance of a similar procurement need; not a legally verified renewal chain,1
BOAMP:16-4040,BOAMP_CURRENT,NAME:cte communes pays herbiers,NAME,Cté de Communes du Pays des Herbiers,,,IT Services & Consulting,False,72.0,2016-01-12,2016-01-12,48.0,True,2020-01-12,0,125.85,125.85,,,,,,,,,none,M0_balanced; proxy recurrence: identifiable reappearance of a similar procurement need; not a legally verified renewal chain,1
BOAMP:16-6135,BOAMP_CURRENT,SIREN:287200265,SIREN_ENRICHED,SDIS de la Sarthe,287200265,,Digital Workplace & Collaboration,False,48.0,2016-04-12,2016-04-12,48.0,True,2020-04-12,0,122.86,122.86,,,,,,,,,none,M0_balanced; proxy recurrence: identifiable reappearance of a similar procurement need; not a legally verified renewal chain,1
BOAMP:16-5206,BOAMP_CURRENT,SIREN:214401846,SIREN_ENRICHED,Commune de Saint-Nazaire,214401846,,Unknown,False,,2016-01-14,2016-01-14,28.0,False,2018-05-14,0,125.79,125.79,,,,,,,,,none,M0_balanced; proxy recurrence: identifiable reappearance of a similar procurement need; not a legally verified renewal chain,1
BOAMP:16-7712,BOAMP_CURRENT,NAME:cnieg,NAME,CNIEG,,,IT Services & Consulting,False,72.0,2016-05-24,2016-05-24,24.0,False,2018-05-24,0,121.48,121.48,,,,,,,,,none,M0_balanced; proxy recurrence: identifiable reappearance of a similar procurement need; not a legally verified renewal chain,1
BOAMP:16-1046,BOAMP_CURRENT,NAME:ademe,NAME,ADEME,,,Digital Workplace & Collaboration,False,72.0,2016-01-18,2016-01-18,55.0,False,2020-08-18,0,125.66,125.66,,,,,,,,,none,M0_balanced; proxy recurrence: identifiable reappearance of a similar procurement need; not a legally verified renewal chain,1
BOAMP:16-7640,BOAMP_CURRENT,SIREN:264400136,SIREN_ENRICHED,CHU de Nantes,264400136,,Software & Applications,False,48.0,2016-01-18,2016-01-18,48.0,True,2020-01-18,0,125.66,125.66,,,,,,,,,none,M0_balanced; proxy recurrence: identifiable reappearance of a similar procurement need; not a legally verified renewal chain,1
BOAMP:16-7903,BOAMP_CURRENT,SIREN:523699148,SIREN_ENRICHED,Ecole des Mines de Nantes,523699148,,IT Hardware & Equipment,False,32.0,2016-04-05,2016-04-05,48.0,True,2020-04-05,0,123.09,123.09,,,,,,,,,none,M0_balanced; proxy recurrence: identifiable reappearance of a similar procurement need; not a legally verified renewal chain,1
BOAMP:16-10778,BOAMP_CURRENT,SIREN:391722881,SIREN_ENRICHED,GIE SESAM Vitale,391722881,,IT Maintenance & Support,False,72.0,2016-10-20,2016-10-20,24.0,False,2018-10-20,1,26.71,,26.71,BOAMP:18-8879,0.64308,0.4,0.77431,0.66696,0.0602,1.0,M0_balanced,M0_balanced; proxy recurrence: identifiable reappearance of a similar procurement need; not a legally verified renewal chain,0
BOAMP:16-10414,BOAMP_CURRENT,NAME:conseil general loire atlantique,NAME,Conseil général de Loire-Atlantique,,,IT Services & Consulting,False,72.0,2016-01-22,2016-01-22,24.0,False,2018-01-22,0,125.53,125.53,,,,,,,,,none,M0_balanced; proxy recurrence: identifiable reappearance of a similar procurement need; not a legally verified renewal chain,1
BOAMP:16-10649,BOAMP_CURRENT,SIREN:284400017,SIREN_ENRICHED,SDIS 44,284400017,,Cybersecurity,False,,2016-01-25,2016-01-25,48.0,True,2020-01-25,0,125.43,125.43,,,,,,,,,none,M0_balanced; proxy recurrence: identifiable reappearance of a similar procurement need; not a legally verified renewal chain,1
BOAMP:16-12477,BOAMP_CURRENT,NAME:gpm nantes st nazaire,NAME,GPM de Nantes - St Nazaire,,,Telecom & Networks,False,32.0,2016-05-17,2016-05-17,48.0,True,2020-05-17,0,121.71,121.71,,,,,,,,,none,M0_balanced; proxy recurrence: identifiable reappearance of a similar procurement need; not a legally verified renewal chain,1
BOAMP:16-14558,BOAMP_CURRENT,NAME:inra angers nantes,NAME,INRA Angers Nantes,,,IT Services & Consulting,False,72.0,2016-07-05,2016-07-05,36.0,False,2019-07-05,1,51.51,,51.51,BOAMP:20-13447,0.91271,1.0,0.0,0.72134,,1.0,M0_balanced,M0_balanced; proxy recurrence: identifiable reappearance of a similar procurement need; not a legally verified renewal chain,0
BOAMP:16-15282,BOAMP_CURRENT,SIREN:200054302,SIREN_ENRICHED,MONTREVAULT-SUR-ÈVRE,200054302,,Software & Applications,True,48.0,2016-02-02,2016-02-02,48.0,True,2020-02-02,0,125.16,125.16,,,,,,,,,none,M0_balanced; proxy recurrence: identifiable reappearance of a similar procurement need; not a legally verified renewal chain,1
BOAMP:16-16627,BOAMP_CURRENT,SIREN:247200132,SIREN_ENRICHED,Le Mans Métropole - Communauté Urbaine,247200132,,Digital Workplace & Collaboration,False,72.0,2016-12-07,2016-12-07,48.0,True,2020-12-07,0,115.01,115.01,,,,,,,,,none,M0_balanced; proxy recurrence: identifiable reappearance of a similar procurement need; not a legally verified renewal chain,1
BOAMP:16-17002,BOAMP_CURRENT,SIREN:214401432,SIREN_ENRICHED,Ville de Rezé,214401432,,Software & Applications,False,48.0,2016-02-04,2016-02-04,36.0,False,2019-02-04,0,125.1,125.1,,,,,,,,,none,M0_balanced; proxy recurrence: identifiable reappearance of a similar procurement need; not a legally verified renewal chain,1
BOAMP:16-19705,BOAMP_CURRENT,SIREN:242900769,SIREN_ENRICHED,Concarneau Cornouaille Agglomération,242900769,,Software & Applications,False,,2016-06-21,2016-06-21,48.0,False,2020-06-21,0,120.57,120.57,,,,,,,,,none,M0_balanced; proxy recurrence: identifiable reappearance of a similar procurement need; not a legally verified renewal chain,1
BOAMP:16-21939,BOAMP_CURRENT,SIREN:214401432,SIREN_ENRICHED,Ville de Rezé,214401432,,Software & Applications,False,39.0,2016-02-12,2016-02-12,48.0,True,2020-02-12,0,124.84,124.84,,,,,,,,,none,M0_balanced; proxy recurrence: identifiable reappearance of a similar procurement need; not a legally verified renewal chain,1
BOAMP:16-23686,BOAMP_CURRENT,NAME:cte cnes coeur estuaire,NAME,Cté Cnes Coeur d'Estuaire,,,IT Services & Consulting,False,72.0,2016-06-17,2016-06-17,48.0,True,2020-06-17,0,120.7,120.7,,,,,,,,,none,M0_balanced; proxy recurrence: identifiable reappearance of a similar procurement need; not a legally verified renewal chain,1
BOAMP:16-26260,BOAMP_CURRENT,SIREN:214400269,SIREN_ENRICHED,Ville de Carquefou,214400269,,Software & Applications,False,48.0,2016-06-09,2016-06-09,12.0,False,2017-06-09,0,120.96,120.96,,,,,,,,,none,M0_balanced; proxy recurrence: identifiable reappearance of a similar procurement need; not a legally verified renewal chain,1
BOAMP:16-20531,BOAMP_CURRENT,NAME:dreal pays loire,NAME,DREAL Pays de la Loire,,,IT Services & Consulting,False,72.0,2016-02-23,2016-02-23,48.0,True,2020-02-23,0,124.47,124.47,,,,,,,,,none,M0_balanced; proxy recurrence: identifiable reappearance of a similar procurement need; not a legally verified renewal chain,1
BOAMP:16-25827,BOAMP_CURRENT,NAME:cg49,NAME,CG49,,,IT Services & Consulting,False,72.0,2016-05-12,2016-05-12,48.0,True,2020-05-12,0,121.88,121.88,,,,,,,,,none,M0_balanced; proxy recurrence: identifiable reappearance of a similar procurement need; not a legally verified renewal chain,1
BOAMP:16-27767,BOAMP_CURRENT,SIREN:264900390,SIREN_ENRICHED,Centre Hospitalier de Cholet,264900390,,Software & Applications,False,48.0,2016-02-25,2016-02-25,48.0,False,2020-02-25,0,124.41,124.41,,,,,,,,,none,M0_balanced; proxy recurrence: identifiable reappearance of a similar procurement need; not a legally verified renewal chain,1
BOAMP:16-28465,BOAMP_CURRENT,NAME:syndicat departemental energie,NAME,Syndicat Départemental d'Energie,,,IT Services & Consulting,False,72.0,2016-03-01,2016-03-01,48.0,True,2020-03-01,0,124.24,124.24,,,,,,,,,none,M0_balanced; proxy recurrence: identifiable reappearance of a similar procurement need; not a legally verified renewal chain,1
BOAMP:16-30120,BOAMP_CURRENT,SIREN:391722881,SIREN_ENRICHED,GIE SESAM Vitale,391722881,,IT Services & Consulting,False,72.0,2016-03-02,2016-03-02,48.0,False,2020-03-02,1,58.18,,58.18,BOAMP:20-27358,0.88824,1.0,0.15166,0.78339,0.14437,1.0,M0_balanced,M0_balanced; proxy recurrence: identifiable reappearance of a similar procurement need; not a legally verified renewal chain,0
BOAMP:16-30715,BOAMP_CURRENT,NAME:cg49,NAME,CG49,,,IT Services & Consulting,False,72.0,2016-05-12,2016-05-12,48.0,True,2020-05-12,0,121.88,121.88,,,,,,,,,none,M0_balanced; proxy recurrence: identifiable reappearance of a similar procurement need; not a legally verified renewal chain,1
BOAMP:16-30963,BOAMP_CURRENT,SIREN:228500013,SIREN_ENRICHED,Département de la Vendée,228500013,,Cybersecurity,False,35.0,2016-06-09,2016-06-09,48.0,True,2020-06-09,1,51.35,,51.35,BOAMP:20-70265,0.78921,1.0,0.72109,0.85569,0.34317,1.0,M0_balanced,M0_balanced; proxy recurrence: identifiable reappearance of a similar procurement need; not a legally verified renewal chain,0
BOAMP:16-32105,BOAMP_CURRENT,SIREN:214400269,SIREN_ENRICHED,Ville de Carquefou,214400269,,Telecom & Networks,False,32.0,2016-06-02,2016-06-02,12.0,False,2017-06-02,0,121.19,121.19,,,,,,,,,none,M0_balanced; proxy recurrence: identifiable reappearance of a similar procurement need; not a legally verified renewal chain,1
BOAMP:16-33283,BOAMP_CURRENT,SIREN:794304097,SIREN_ENRICHED,Nantes Métropole,794304097,,IT Services & Consulting,False,72.0,2016-03-10,2016-03-10,12.0,False,2017-03-10,1,33.28,,33.28,BOAMP:18-174875,0.70601,1.0,0.0,0.67652,0.0607699999999999,1.0,M0_balanced,M0_balanced; proxy recurrence: identifiable reappearance of a similar procurement need; not a legally verified renewal chain,0
BOAMP:16-33632,BOAMP_CURRENT,SIREN:794304097,SIREN_ENRICHED,Nantes Métropole,794304097,,Digital Workplace & Collaboration,False,72.0,2016-03-11,2016-03-11,48.0,False,2020-03-11,0,123.92,123.92,,,,,,,,,none,M0_balanced; proxy recurrence: identifiable reappearance of a similar procurement need; not a legally verified renewal chain,1
BOAMP:16-27384,BOAMP_CURRENT,NAME:mindef dga do s2a,NAME,MINDEF/DGA/DO/S2A,,,Cybersecurity,False,35.0,2016-03-15,2016-03-15,48.0,False,2020-03-15,0,123.78,123.78,,,,,,,,,none,M0_balanced; proxy recurrence: identifiable reappearance of a similar procurement need; not a legally verified renewal chain,1
BOAMP:16-38113,BOAMP_CURRENT,SIREN:247200132,SIREN_ENRICHED,Le Mans Métropole - Communauté Urbaine,247200132,,Digital Workplace & Collaboration,False,72.0,2016-12-07,2016-12-07,48.0,True,2020-12-07,0,115.01,115.01,,,,,,,,,none,M0_balanced; proxy recurrence: identifiable reappearance of a similar procurement need; not a legally verified renewal chain,1
BOAMP:16-40838,BOAMP_CURRENT,SIREN:200083392,SIREN_ENRICHED,Laval Agglomération,200083392,,Telecom & Networks,False,,2016-06-16,2016-06-16,48.0,True,2020-06-16,0,120.73,120.73,,,,,,,,,none,M0_balanced; proxy recurrence: identifiable reappearance of a similar procurement need; not a legally verified renewal chain,1
BOAMP:16-42023,BOAMP_CURRENT,NAME:gpm nantes st nazaire,NAME,GPM de Nantes - St Nazaire,,,Telecom & Networks,False,32.0,2016-03-24,2016-03-24,48.0,True,2020-03-24,0,123.49,123.49,,,,,,,,,none,M0_balanced; proxy recurrence: identifiable reappearance of a similar procurement need; not a legally verified renewal chain,1
BOAMP:16-42170,BOAMP_CURRENT,NAME:gpm nantes st nazaire,NAME,GPM de Nantes - St Nazaire,,,Software & Applications,False,48.0,2016-07-29,2016-07-29,48.0,True,2020-07-29,0,119.32,119.32,,,,,,,,,none,M0_balanced; proxy recurrence: identifiable reappearance of a similar procurement need; not a legally verified renewal chain,1
BOAMP:16-42996,BOAMP_CURRENT,SIREN:288500010,SIREN_ENRICHED,SDIS 85,288500010,,Unknown,False,,2016-07-29,2016-07-29,19.0,False,2018-02-28,0,119.32,119.32,,,,,,,,,none,M0_balanced; proxy recurrence: identifiable reappearance of a similar procurement need; not a legally verified renewal chain,1
BOAMP:16-43654,BOAMP_CURRENT,NAME:mindef dga do s2a,NAME,MINDEF/DGA/DO/S2A,,,Cybersecurity,False,35.0,2016-03-29,2016-03-29,48.0,True,2020-03-29,0,123.32,123.32,,,,,,,,,none,M0_balanced; proxy recurrence: identifiable reappearance of a similar procurement need; not a legally verified renewal chain,1
BOAMP:16-45436,BOAMP_CURRENT,NAME:hopital intercommunal sevre loire,NAME,Hopital Intercommunal Sèvre et Loire,,,Unknown,True,45.0,2016-09-05,2016-09-05,48.0,True,2020-09-05,0,118.07,118.07,,,,,,,,,none,M0_balanced; proxy recurrence: identifiable reappearance of a similar procurement need; not a legally verified renewal chain,1
BOAMP:16-45870,BOAMP_CURRENT,SIREN:244900015,SIREN_ENRICHED,Angers Loire Métropole,244900015,,IT Services & Consulting,False,72.0,2016-03-30,2016-03-30,36.0,False,2019-03-30,0,123.29,123.29,,,,,,,,,none,M0_balanced; proxy recurrence: identifiable reappearance of a similar procurement need; not a legally verified renewal chain,1
BOAMP:16-44890,BOAMP_CURRENT,SIREN:264400268,SIREN_ENRICHED,Centre Hospitalier de Saint-Nazaire,264400268,,Unknown,False,,2016-03-30,2016-03-30,12.0,False,2017-03-30,0,123.29,123.29,,,,,,,,,none,M0_balanced; proxy recurrence: identifiable reappearance of a similar procurement need; not a legally verified renewal chain,1
BOAMP:16-48130,BOAMP_CURRENT,SIREN:228500013,SIREN_ENRICHED,Département de la Vendée,228500013,,Data & AI,False,,2017-01-09,2017-01-09,48.0,True,2021-01-09,0,113.93,113.93,,,,,,,,,none,M0_balanced; proxy recurrence: identifiable reappearance of a similar procurement need; not a legally verified renewal chain,1
BOAMP:16-48232,BOAMP_CURRENT,SIREN:391722881,SIREN_ENRICHED,GIE SESAM Vitale,391722881,,IT Services & Consulting,False,72.0,2016-03-31,2016-03-31,48.0,True,2020-03-31,1,57.23,,57.23,BOAMP:20-27358,0.88686,1.0,0.23106,0.79869,0.17917,1.0,M0_balanced,M0_balanced; proxy recurrence: identifiable reappearance of a similar procurement need; not a legally verified renewal chain,0
BOAMP:16-46830,BOAMP_CURRENT,SIREN:194909701,SIREN_ENRICHED,Université d'Angers,194909701,,Telecom & Networks,False,32.0,2016-06-16,2016-06-16,36.0,False,2019-06-16,0,120.73,120.73,,,,,,,,,none,M0_balanced; proxy recurrence: identifiable reappearance of a similar procurement need; not a legally verified renewal chain,1
BOAMP:16-54252,BOAMP_CURRENT,SIREN:200054302,SIREN_ENRICHED,MONTREVAULT-SUR-ÈVRE,200054302,,Software & Applications,True,48.0,2016-04-15,2016-04-15,12.0,False,2017-04-15,0,122.77,122.77,,,,,,,,,none,M0_balanced; proxy recurrence: identifiable reappearance of a similar procurement need; not a legally verified renewal chain,1
BOAMP:16-53642,BOAMP_CURRENT,NAME:cci maine loire,NAME,CCI de Maine et Loire,,,Unknown,False,79.0,2016-07-18,2016-07-18,48.0,True,2020-07-18,0,119.68,119.68,,,,,,,,,none,M0_balanced; proxy recurrence: identifiable reappearance of a similar procurement need; not a legally verified renewal chain,1
BOAMP:16-54197,BOAMP_CURRENT,SIREN:794304097,SIREN_ENRICHED,Nantes Métropole,794304097,,Software & Applications,False,48.0,2016-04-17,2016-04-17,48.0,False,2020-04-17,0,122.7,122.7,,,,,,,,,none,M0_balanced; proxy recurrence: identifiable reappearance of a similar procurement need; not a legally verified renewal chain,1
BOAMP:16-54370,BOAMP_CURRENT,SIREN:794304097,SIREN_ENRICHED,Nantes Métropole,794304097,,Software & Applications,False,48.0,2016-04-17,2016-04-17,48.0,False,2020-04-17,0,122.7,122.7,,,,,,,,,none,M0_balanced; proxy recurrence: identifiable reappearance of a similar procurement need; not a legally verified renewal chain,1
BOAMP:16-55219,BOAMP_CURRENT,SIREN:225300011,SIREN_ENRICHED,Conseil départemental de la Mayenne,225300011,,Telecom & Networks,False,32.0,2016-04-18,2016-04-18,48.0,False,2020-04-18,0,122.67,122.67,,,,,,,,,none,M0_balanced; proxy recurrence: identifiable reappearance of a similar procurement need; not a legally verified renewal chain,1
BOAMP:16-34964,BOAMP_CURRENT,SIREN:173501115,SIREN_ENRICHED,Cour d'Appel de Rennes,173501115,,Cybersecurity,False,35.0,2016-04-19,2016-04-19,48.0,True,2020-04-19,0,122.63,122.63,,,,,,,,,none,M0_balanced; proxy recurrence: identifiable reappearance of a similar procurement need; not a legally verified renewal chain,1
BOAMP:16-55493,BOAMP_CURRENT,NAME:ccas angers,NAME,CCAS d'Angers,,,Software & Applications,False,48.0,2016-04-19,2016-04-19,14.0,False,2017-06-19,0,122.63,122.63,,,,,,,,,none,M0_balanced; proxy recurrence: identifiable reappearance of a similar procurement need; not a legally verified renewal chain,1
BOAMP:16-56502,BOAMP_CURRENT,NAME:caf somme,NAME,CAF de la Somme,,,Digital Workplace & Collaboration,False,72.0,2016-04-22,2016-04-22,60.0,False,2021-04-22,0,122.54,122.54,,,,,,,,,none,M0_balanced; proxy recurrence: identifiable reappearance of a similar procurement need; not a legally verified renewal chain,1
BOAMP:16-57562,BOAMP_CURRENT,SIREN:244900015,SIREN_ENRICHED,Angers Loire Métropole,244900015,,IT Services & Consulting,False,72.0,2016-04-25,2016-04-25,48.0,True,2020-04-25,0,122.44,122.44,,,,,,,,,none,M0_balanced; proxy recurrence: identifiable reappearance of a similar procurement need; not a legally verified renewal chain,1
BOAMP:16-61061,BOAMP_CURRENT,SIREN:227200029,SIREN_ENRICHED,Département de la Sarthe,227200029,,IT Services & Consulting,False,72.0,2016-04-29,2016-04-29,48.0,True,2020-04-29,0,122.31,122.31,,,,,,,,,none,M0_balanced; proxy recurrence: identifiable reappearance of a similar procurement need; not a legally verified renewal chain,1
BOAMP:16-61484,BOAMP_CURRENT,SIREN:234400034,SIREN_ENRICHED,Conseil régional des Pays de la Loire,234400034,,IT Services & Consulting,False,72.0,2016-07-28,2016-07-28,48.0,False,2020-07-28,1,46.45,,46.45,BOAMP:20-12202,0.6362,0.2,0.871,0.63741,0.05493,1.0,M0_balanced,M0_balanced; proxy recurrence: identifiable reappearance of a similar procurement need; not a legally verified renewal chain,0
BOAMP:16-62960,BOAMP_CURRENT,SIREN:130029747,SIREN_ENRICHED,Université de Nantes,130029747,,Software & Applications,True,48.0,2016-07-07,2016-07-07,48.0,False,2020-07-07,0,120.04,120.04,,,,,,,,,none,M0_balanced; proxy recurrence: identifiable reappearance of a similar procurement need; not a legally verified renewal chain,1
BOAMP:16-63210,BOAMP_CURRENT,SIREN:265300236,SIREN_ENRICHED,Centre hospitalier de Laval,265300236,,Telecom & Networks,False,32.0,2016-05-03,2016-05-03,48.0,True,2020-05-03,0,122.17,122.17,,,,,,,,,none,M0_balanced; proxy recurrence: identifiable reappearance of a similar procurement need; not a legally verified renewal chain,1
BOAMP:16-63741,BOAMP_CURRENT,NAME:conseil general loire atlantique,NAME,Conseil général de Loire-Atlantique,,,Telecom & Networks,False,64.0,2016-08-03,2016-08-03,12.0,False,2017-08-03,0,119.15,119.15,,,,,,,,,none,M0_balanced; proxy recurrence: identifiable reappearance of a similar procurement need; not a legally verified renewal chain,1
BOAMP:16-65569,BOAMP_CURRENT,SIREN:214400558,SIREN_ENRICHED,VILLE DE LA BAULE-ESCOUBLAC,214400558,,Unknown,False,45.0,2016-05-06,2016-05-06,48.0,True,2020-05-06,0,122.08,122.08,,,,,,,,,none,M0_balanced; proxy recurrence: identifiable reappearance of a similar procurement need; not a legally verified renewal chain,1
BOAMP:16-64280,BOAMP_CURRENT,SIREN:445400104,SIREN_ENRICHED,ASSOCIATION E-TOILE,445400104,,IT Services & Consulting,True,72.0,2016-09-12,2016-09-12,60.0,False,2021-09-12,0,117.84,117.84,,,,,,,,,none,M0_balanced; proxy recurrence: identifiable reappearance of a similar procurement need; not a legally verified renewal chain,1
BOAMP:16-63342,BOAMP_CURRENT,SIREN:794304097,SIREN_ENRICHED,Nantes Métropole,794304097,,Unknown,False,45.0,2016-10-13,2016-10-13,48.0,False,2020-10-13,0,116.82,116.82,,,,,,,,,none,M0_balanced; proxy recurrence: identifiable reappearance of a similar procurement need; not a legally verified renewal chain,1
BOAMP:16-66951,BOAMP_CURRENT,SIREN:264900259,SIREN_ENRICHED,EHPAD RESIDENCES LES LIGERIENNES,264900259,,Data & AI,False,39.0,2016-05-12,2016-05-12,3.0,False,2016-08-12,0,121.88,121.88,,,,,,,,,none,M0_balanced; proxy recurrence: identifiable reappearance of a similar procurement need; not a legally verified renewal chain,1
BOAMP:16-67267,BOAMP_CURRENT,NAME:ademe,NAME,ADEME,,,Software & Applications,True,48.0,2016-11-24,2016-11-24,39.0,False,2020-02-24,0,115.44,115.44,,,,,,,,,none,M0_balanced; proxy recurrence: identifiable reappearance of a similar procurement need; not a legally verified renewal chain,1
BOAMP:16-68875,BOAMP_CURRENT,SIREN:264900390,SIREN_ENRICHED,Centre Hospitalier de Cholet,264900390,,Software & Applications,False,48.0,2016-05-12,2016-05-12,48.0,False,2020-05-12,0,121.88,121.88,,,,,,,,,none,M0_balanced; proxy recurrence: identifiable reappearance of a similar procurement need; not a legally verified renewal chain,1
BOAMP:16-69641,BOAMP_CURRENT,NAME:centre hospitalier specialise blain,NAME,Centre Hospitalier Spécialisé de Blain,,,Software & Applications,True,48.0,2016-05-13,2016-05-13,48.0,True,2020-05-13,0,121.85,121.85,,,,,,,,,none,M0_balanced; proxy recurrence: identifiable reappearance of a similar procurement need; not a legally verified renewal chain,1
BOAMP:16-63298,BOAMP_CURRENT,SIREN:535164412,SIREN_ENRICHED,Loire Océan Métropole Aménagement,535164412,,Telecom & Networks,False,45.0,2016-05-17,2016-05-17,5.0,False,2016-10-17,0,121.71,121.71,,,,,,,,,none,M0_balanced; proxy recurrence: identifiable reappearance of a similar procurement need; not a legally verified renewal chain,1
BOAMP:16-70203,BOAMP_CURRENT,SIREN:130029747,SIREN_ENRICHED,Université de Nantes,130029747,,IT Services & Consulting,False,72.0,2016-07-07,2016-07-07,37.0,False,2019-08-07,0,120.04,120.04,,,,,,,,,none,M0_balanced; proxy recurrence: identifiable reappearance of a similar procurement need; not a legally verified renewal chain,1
BOAMP:16-72442,BOAMP_CURRENT,SIREN:264400136,SIREN_ENRICHED,CHU de Nantes,264400136,,IT Services & Consulting,False,72.0,2016-11-16,2016-11-16,48.0,True,2020-11-16,1,47.6,,47.6,BOAMP:20-50446,0.86782,0.2,0.96682,0.75385,0.11547,1.0,M0_balanced,M0_balanced; proxy recurrence: identifiable reappearance of a similar procurement need; not a legally verified renewal chain,0
BOAMP:16-73215,BOAMP_CURRENT,SIREN:794304097,SIREN_ENRICHED,Nantes Métropole,794304097,,IT Services & Consulting,False,72.0,2016-05-23,2016-05-23,36.0,False,2019-05-23,0,121.52,121.52,,,,,,,,,none,M0_balanced; proxy recurrence: identifiable reappearance of a similar procurement need; not a legally verified renewal chain,1
BOAMP:16-73358,BOAMP_CURRENT,SIREN:217500016,SIREN_ENRICHED,Ville du Mans,217500016,,Telecom & Networks,False,32.0,2016-07-05,2016-07-05,48.0,True,2020-07-05,1,47.8,,47.8,BOAMP:20-2441,0.69069,0.4,0.98325,0.72874,0.15792,1.0,M0_balanced,M0_balanced; proxy recurrence: identifiable reappearance of a similar procurement need; not a legally verified renewal chain,0
BOAMP:16-73319,BOAMP_CURRENT,SIREN:214401846,SIREN_ENRICHED,Commune de Saint-Nazaire,214401846,,IT Services & Consulting,False,72.0,2016-09-09,2016-09-09,48.0,True,2020-09-09,1,48.62,,48.62,BOAMP:20-70268,0.74713,1.0,0.94831,0.88346,0.45056,1.0,M0_balanced,M0_balanced; proxy recurrence: identifiable reappearance of a similar procurement need; not a legally verified renewal chain,0
BOAMP:16-74130,BOAMP_CURRENT,SIREN:449073014,SIREN_ENRICHED,Syndicat Vendée des Iles,449073014,,IT Services & Consulting,False,72.0,2016-07-26,2016-07-26,48.0,False,2020-07-26,0,119.42,119.42,,,,,,,,,none,M0_balanced; proxy recurrence: identifiable reappearance of a similar procurement need; not a legally verified renewal chain,1
BOAMP:16-74267,BOAMP_CURRENT,SIREN:214401093,SIREN_ENRICHED,Ville de Nantes,214401093,,IT Services & Consulting,False,72.0,2016-05-28,2016-05-28,48.0,True,2020-05-28,0,121.35,121.35,,,,,,,,,none,M0_balanced; proxy recurrence: identifiable reappearance of a similar procurement need; not a legally verified renewal chain,1
BOAMP:16-77563,BOAMP_CURRENT,SIREN:198513905,SIREN_ENRICHED,LYCEE POLYVALENT LEONARD DE VINCI,198513905,,Telecom & Networks,False,32.0,2016-05-30,2016-05-30,48.0,True,2020-05-30,0,121.29,121.29,,,,,,,,,none,M0_balanced; proxy recurrence: identifiable reappearance of a similar procurement need; not a legally verified renewal chain,1
BOAMP:16-78018,BOAMP_CURRENT,NAME:o p h mans habitat,NAME,O.P.H LE MANS HABITAT,,,IT Services & Consulting,False,72.0,2017-02-16,2017-02-16,72.0,False,2023-02-16,0,112.68,112.68,,,,,,,,,none,M0_balanced; proxy recurrence: identifiable reappearance of a similar procurement need; not a legally verified renewal chain,1
BOAMP:16-81005,BOAMP_CURRENT,NAME:arafer,NAME,ARAFER,,,Software & Applications,False,48.0,2016-06-04,2016-06-04,12.0,False,2017-06-04,0,121.12,121.12,,,,,,,,,none,M0_balanced; proxy recurrence: identifiable reappearance of a similar procurement need; not a legally verified renewal chain,1
BOAMP:16-81774,BOAMP_CURRENT,SIREN:391722881,SIREN_ENRICHED,GIE SESAM Vitale,391722881,,Digital Workplace & Collaboration,False,72.0,2016-06-05,2016-06-05,48.0,False,2020-06-05,0,121.09,121.09,,,,,,,,,none,M0_balanced; proxy recurrence: identifiable reappearance of a similar procurement need; not a legally verified renewal chain,1
BOAMP:16-79797,BOAMP_CURRENT,SIREN:214401846,SIREN_ENRICHED,Commune de Saint-Nazaire,214401846,,Telecom & Networks,False,50.0,2016-09-19,2016-09-19,12.0,False,2017-09-19,1,32.79,,32.79,BOAMP:19-90615,0.92379,0.4,0.0,0.62999,0.11804,1.0,M0_balanced,M0_balanced; proxy recurrence: identifiable reappearance of a similar procurement need; not a legally verified renewal chain,0
BOAMP:16-83187,BOAMP_CURRENT,SIREN:532458809,SIREN_ENRICHED,Ville d'Angers,532458809,,Telecom & Networks,False,32.0,2016-06-07,2016-06-07,48.0,True,2020-06-07,0,121.02,121.02,,,,,,,,,none,M0_balanced; proxy recurrence: identifiable reappearance of a similar procurement need; not a legally verified renewal chain,1
BOAMP:16-84309,BOAMP_CURRENT,SIREN:234400034,SIREN_ENRICHED,Conseil régional des Pays de la Loire,234400034,,Telecom & Networks,False,32.0,2016-08-17,2016-08-17,12.0,False,2017-08-17,0,118.69,118.69,,,,,,,,,none,M0_balanced; proxy recurrence: identifiable reappearance of a similar procurement need; not a legally verified renewal chain,1
BOAMP:16-81907,BOAMP_CURRENT,SIREN:244900015,SIREN_ENRICHED,Angers Loire Métropole,244900015,,Cybersecurity,False,72.0,2016-11-28,2016-11-28,48.0,True,2020-11-28,0,115.31,115.31,,,,,,,,,none,M0_balanced; proxy recurrence: identifiable reappearance of a similar procurement need; not a legally verified renewal chain,1
BOAMP:16-81846,BOAMP_CURRENT,NAME:nantes metropole habitat,NAME,Nantes Métropole Habitat,,,Software & Applications,True,48.0,2016-09-27,2016-09-27,48.0,False,2020-09-27,0,117.35,117.35,,,,,,,,,none,M0_balanced; proxy recurrence: identifiable reappearance of a similar procurement need; not a legally verified renewal chain,1
BOAMP:16-83013,BOAMP_CURRENT,NAME:dir ouest,NAME,DIR Ouest,,,IT Services & Consulting,False,72.0,2017-01-26,2017-01-26,48.0,False,2021-01-26,0,113.37,113.37,,,,,,,,,none,M0_balanced; proxy recurrence: identifiable reappearance of a similar procurement need; not a legally verified renewal chain,1
BOAMP:16-79523,BOAMP_CURRENT,SIREN:214401846,SIREN_ENRICHED,Commune de Saint-Nazaire,214401846,,IT Hardware & Equipment,False,30.0,2016-10-03,2016-10-03,12.0,False,2017-10-03,0,117.15,117.15,,,,,,,,,none,M0_balanced; proxy recurrence: identifiable reappearance of a similar procurement need; not a legally verified renewal chain,1
BOAMP:16-84729,BOAMP_CURRENT,SIREN:228500013,SIREN_ENRICHED,Département de la Vendée,228500013,,Digital Workplace & Collaboration,False,72.0,2016-09-13,2016-09-13,48.0,True,2020-09-13,1,48.19,,48.19,BOAMP:20-70265,0.69243,0.0,0.9839,0.6376,0.10868,1.0,M0_balanced,M0_balanced; proxy recurrence: identifiable reappearance of a similar procurement need; not a legally verified renewal chain,0
BOAMP:16-85552,BOAMP_CURRENT,SIREN:234400034,SIREN_ENRICHED,Conseil régional des Pays de la Loire,234400034,,Cybersecurity,True,35.0,2016-10-14,2016-10-14,12.0,False,2017-10-14,0,116.79,116.79,,,,,,,,,none,M0_balanced; proxy recurrence: identifiable reappearance of a similar procurement need; not a legally verified renewal chain,1
BOAMP:16-85545,BOAMP_CURRENT,NAME:crous nantes,NAME,CROUS de Nantes,,,IT Hardware & Equipment,False,32.0,2016-06-11,2016-06-11,48.0,False,2020-06-11,0,120.89,120.89,,,,,,,,,none,M0_balanced; proxy recurrence: identifiable reappearance of a similar procurement need; not a legally verified renewal chain,1
BOAMP:16-85662,BOAMP_CURRENT,SIREN:234400034,SIREN_ENRICHED,Conseil régional des Pays de la Loire,234400034,,GIS & Mapping,False,72.0,2016-10-14,2016-10-14,6.0,False,2017-04-14,0,116.79,116.79,,,,,,,,,none,M0_balanced; proxy recurrence: identifiable reappearance of a similar procurement need; not a legally verified renewal chain,1
BOAMP:16-85619,BOAMP_CURRENT,SIREN:234400034,SIREN_ENRICHED,Conseil régional des Pays de la Loire,234400034,,Telecom & Networks,False,32.0,2016-10-12,2016-10-12,48.0,False,2020-10-12,1,51.97,,51.97,BOAMP:20-138135,0.75128,0.4,0.66908,0.69135,0.1027799999999999,1.0,M0_balanced,M0_balanced; proxy recurrence: identifiable reappearance of a similar procurement need; not a legally verified renewal chain,0
BOAMP:16-80474,BOAMP_CURRENT,NAME:com communes pays ancenis,NAME,Com Communes du Pays d'Ancenis,,,Software & Applications,False,48.0,2016-12-30,2016-12-30,48.0,False,2020-12-30,0,114.26,114.26,,,,,,,,,none,M0_balanced; proxy recurrence: identifiable reappearance of a similar procurement need; not a legally verified renewal chain,1
BOAMP:16-92101,BOAMP_CURRENT,SIREN:194401006,SIREN_ENRICHED,Ecole Centrale de Nantes,194401006,,IT Services & Consulting,False,72.0,2016-10-12,2016-10-12,41.0,False,2020-03-12,0,116.85,116.85,,,,,,,,,none,M0_balanced; proxy recurrence: identifiable reappearance of a similar procurement need; not a legally verified renewal chain,1
BOAMP:16-94328,BOAMP_CURRENT,NAME:smirgeom est sarthe,NAME,SMIRGEOM Est Sarthe,,,Software & Applications,True,48.0,2016-06-27,2016-06-27,60.0,False,2021-06-27,0,120.37,120.37,,,,,,,,,none,M0_balanced; proxy recurrence: identifiable reappearance of a similar procurement need; not a legally verified renewal chain,1
BOAMP:16-96174,BOAMP_CURRENT,SIREN:234400034,SIREN_ENRICHED,Conseil régional des Pays de la Loire,234400034,,Software & Applications,False,48.0,2016-10-18,2016-10-18,12.0,False,2017-10-18,0,116.66,116.66,,,,,,,,,none,M0_balanced; proxy recurrence: identifiable reappearance of a similar procurement need; not a legally verified renewal chain,1
BOAMP:16-95884,BOAMP_CURRENT,SIREN:353686934,SIREN_ENRICHED,CAP ATLANTIQUE,353686934,,Telecom & Networks,False,64.0,2016-06-30,2016-06-30,24.0,False,2018-06-30,0,120.27,120.27,,,,,,,,,none,M0_balanced; proxy recurrence: identifiable reappearance of a similar procurement need; not a legally verified renewal chain,1
BOAMP:16-98551,BOAMP_CURRENT,NAME:cnieg,NAME,CNIEG,,,IT Services & Consulting,False,72.0,2016-07-01,2016-07-01,48.0,True,2020-07-01,0,120.24,120.24,,,,,,,,,none,M0_balanced; proxy recurrence: identifiable reappearance of a similar procurement need; not a legally verified renewal chain,1
BOAMP:16-98698,BOAMP_CURRENT,SIREN:194909701,SIREN_ENRICHED,Université d'Angers,194909701,,Software & Applications,False,48.0,2016-10-31,2016-10-31,24.0,False,2018-10-31,1,23.78,,23.78,BOAMP:18-74252,1.0,0.6,0.98204,0.90441,0.19641,1.0,M0_balanced,M0_balanced; proxy recurrence: identifiable reappearance of a similar procurement need; not a legally verified renewal chain,0
BOAMP:16-97484,BOAMP_CURRENT,SIREN:284900016,SIREN_ENRICHED,SDIS 49,284900016,,Telecom & Networks,False,32.0,2016-12-22,2016-12-22,48.0,False,2020-12-22,0,114.52,114.52,,,,,,,,,none,M0_balanced; proxy recurrence: identifiable reappearance of a similar procurement need; not a legally verified renewal chain,1
BOAMP:16-92162,BOAMP_CURRENT,SIREN:218501914,SIREN_ENRICHED,Ville de La Roche-sur-Yon,218501914,,Cybersecurity,False,35.0,2016-12-19,2016-12-19,48.0,True,2020-12-19,0,114.62,114.62,,,,,,,,,none,M0_balanced; proxy recurrence: identifiable reappearance of a similar procurement need; not a legally verified renewal chain,1
BOAMP:16-98038,BOAMP_CURRENT,NAME:cte cnes vallee clisson,NAME,Cté de Cnes de la Vallée de Clisson,,,IT Services & Consulting,True,72.0,2016-07-04,2016-07-04,36.0,False,2019-07-04,0,120.14,120.14,,,,,,,,,none,M0_balanced; proxy recurrence: identifiable reappearance of a similar procurement need; not a legally verified renewal chain,1
BOAMP:16-100426,BOAMP_CURRENT,SIREN:244900015,SIREN_ENRICHED,Angers Loire Métropole,244900015,,IT Services & Consulting,False,72.0,2016-11-30,2016-11-30,48.0,False,2020-11-30,0,115.24,115.24,,,,,,,,,none,M0_balanced; proxy recurrence: identifiable reappearance of a similar procurement need; not a legally verified renewal chain,1
BOAMP:16-98835,BOAMP_CURRENT,SIREN:445400104,SIREN_ENRICHED,ASSOCIATION E-TOILE,445400104,,IT Services & Consulting,True,72.0,2016-07-09,2016-07-09,60.0,False,2021-07-09,0,119.97,119.97,,,,,,,,,none,M0_balanced; proxy recurrence: identifiable reappearance of a similar procurement need; not a legally verified renewal chain,1
BOAMP:16-102238,BOAMP_CURRENT,SIREN:411516768,SIREN_ENRICHED,C.S.T.B.,411516768,,IT Services & Consulting,False,72.0,2016-07-09,2016-07-09,24.0,False,2018-07-09,0,119.97,119.97,,,,,,,,,none,M0_balanced; proxy recurrence: identifiable reappearance of a similar procurement need; not a legally verified renewal chain,1
BOAMP:16-102715,BOAMP_CURRENT,SIREN:794304097,SIREN_ENRICHED,Nantes Métropole,794304097,,Telecom & Networks,False,32.0,2016-07-11,2016-07-11,12.0,False,2017-07-11,1,33.77,,33.77,BOAMP:19-69736,0.7468,1.0,0.0,0.69366,0.17369,1.0,M0_balanced,M0_balanced; proxy recurrence: identifiable reappearance of a similar procurement need; not a legally verified renewal chain,0
BOAMP:16-103088,BOAMP_CURRENT,SIREN:247200132,SIREN_ENRICHED,Le Mans Métropole - Communauté Urbaine,247200132,,IT Hardware & Equipment,False,30.0,2016-11-17,2016-11-17,6.0,False,2017-05-17,1,13.07,,13.07,BOAMP:17-105683,1.0,0.0,0.41042,0.65208,0.1431799999999999,1.0,M0_balanced,M0_balanced; proxy recurrence: identifiable reappearance of a similar procurement need; not a legally verified renewal chain,0
BOAMP:16-104455,BOAMP_CURRENT,SIREN:213503642,SIREN_ENRICHED,Ville de Noyal-Châtillon sur Seiche,213503642,,Data & AI,False,,2016-07-13,2016-07-13,48.0,True,2020-07-13,0,119.84,119.84,,,,,,,,,none,M0_balanced; proxy recurrence: identifiable reappearance of a similar procurement need; not a legally verified renewal chain,1
BOAMP:16-103802,BOAMP_CURRENT,NAME:arafer,NAME,ARAFER,,,Data & AI,False,72.0,2016-07-13,2016-07-13,24.0,False,2018-07-13,0,119.84,119.84,,,,,,,,,none,M0_balanced; proxy recurrence: identifiable reappearance of a similar procurement need; not a legally verified renewal chain,1
BOAMP:16-103833,BOAMP_CURRENT,SIREN:794304097,SIREN_ENRICHED,Nantes Métropole,794304097,,Cloud & Infrastructure,False,48.0,2016-07-13,2016-07-13,48.0,False,2020-07-13,1,50.85,,50.85,BOAMP:20-49949,0.84099,0.4,0.76216,0.74765,0.12158,1.0,M0_balanced,M0_balanced; proxy recurrence: identifiable reappearance of a similar procurement need; not a legally verified renewal chain,0
BOAMP:16-106250,BOAMP_CURRENT,NAME:cpam sarthe,NAME,CPAM de la Sarthe,,,Unknown,False,44.0,2016-11-02,2016-11-02,48.0,True,2020-11-02,0,116.16,116.16,,,,,,,,,none,M0_balanced; proxy recurrence: identifiable reappearance of a similar procurement need; not a legally verified renewal chain,1
BOAMP:16-105530,BOAMP_CURRENT,SIREN:225300011,SIREN_ENRICHED,Conseil départemental de la Mayenne,225300011,,Telecom & Networks,False,32.0,2016-07-15,2016-07-15,48.0,False,2020-07-15,0,119.78,119.78,,,,,,,,,none,M0_balanced; proxy recurrence: identifiable reappearance of a similar procurement need; not a legally verified renewal chain,1
BOAMP:16-106204,BOAMP_CURRENT,SIREN:130029747,SIREN_ENRICHED,Université de Nantes,130029747,,Telecom & Networks,False,32.0,2016-11-17,2016-11-17,48.0,True,2020-11-17,0,115.67,115.67,,,,,,,,,none,M0_balanced; proxy recurrence: identifiable reappearance of a similar procurement need; not a legally verified renewal chain,1
BOAMP:16-106449,BOAMP_CURRENT,NAME:synd mixte pays coutances,NAME,SYND MIXTE DU PAYS DE COUTANCES,,,Data & AI,False,,2016-07-15,2016-07-15,48.0,True,2020-07-15,0,119.78,119.78,,,,,,,,,none,M0_balanced; proxy recurrence: identifiable reappearance of a similar procurement need; not a legally verified renewal chain,1
BOAMP:16-108815,BOAMP_CURRENT,SIREN:214400558,SIREN_ENRICHED,VILLE DE LA BAULE-ESCOUBLAC,214400558,,Unknown,False,45.0,2016-07-21,2016-07-21,8.0,False,2017-03-21,0,119.58,119.58,,,,,,,,,none,M0_balanced; proxy recurrence: identifiable reappearance of a similar procurement need; not a legally verified renewal chain,1
BOAMP:16-109013,BOAMP_CURRENT,SIREN:172104309,SIREN_ENRICHED,Rectorat de l'Académie de Dijon,172104309,,IT Services & Consulting,True,72.0,2016-07-22,2016-07-22,12.0,False,2017-07-22,0,119.55,119.55,,,,,,,,,none,M0_balanced; proxy recurrence: identifiable reappearance of a similar procurement need; not a legally verified renewal chain,1
BOAMP:16-109017,BOAMP_CURRENT,SIREN:391722881,SIREN_ENRICHED,GIE SESAM Vitale,391722881,,Software & Applications,False,48.0,2016-07-22,2016-07-22,12.0,False,2017-07-22,0,119.55,119.55,,,,,,,,,none,M0_balanced; proxy recurrence: identifiable reappearance of a similar procurement need; not a legally verified renewal chain,1
BOAMP:16-107267,BOAMP_CURRENT,SIREN:214401846,SIREN_ENRICHED,Commune de Saint-Nazaire,214401846,,IT Services & Consulting,False,72.0,2016-11-09,2016-11-09,48.0,False,2020-11-09,0,115.93,115.93,,,,,,,,,none,M0_balanced; proxy recurrence: identifiable reappearance of a similar procurement need; not a legally verified renewal chain,1
BOAMP:16-109854,BOAMP_CURRENT,SIREN:180046013,SIREN_ENRICHED,Centre des monuments nationaux,180046013,,Unknown,False,,2016-07-25,2016-07-25,48.0,True,2020-07-25,0,119.45,119.45,,,,,,,,,none,M0_balanced; proxy recurrence: identifiable reappearance of a similar procurement need; not a legally verified renewal chain,1
BOAMP:16-99329,BOAMP_CURRENT,NAME:nantes metropole habitat,NAME,Nantes Métropole Habitat,,,Software & Applications,False,48.0,2016-11-07,2016-11-07,48.0,False,2020-11-07,0,116.0,116.0,,,,,,,,,none,M0_balanced; proxy recurrence: identifiable reappearance of a similar procurement need; not a legally verified renewal chain,1
BOAMP:16-110437,BOAMP_CURRENT,NAME:universite europeenne bretagne,NAME,Université Européenne de Bretagne,,,Software & Applications,False,48.0,2016-07-26,2016-07-26,36.0,False,2019-07-26,0,119.42,119.42,,,,,,,,,none,M0_balanced; proxy recurrence: identifiable reappearance of a similar procurement need; not a legally verified renewal chain,1
BOAMP:16-111867,BOAMP_CURRENT,SIREN:224900019,SIREN_ENRICHED,Département de Maine-et-Loire,224900019,,IT Services & Consulting,False,72.0,2016-12-26,2016-12-26,72.0,False,2022-12-26,0,114.39,114.39,,,,,,,,,none,M0_balanced; proxy recurrence: identifiable reappearance of a similar procurement need; not a legally verified renewal chain,1
BOAMP:16-114007,BOAMP_CURRENT,SIREN:411516768,SIREN_ENRICHED,C.S.T.B.,411516768,,IT Services & Consulting,True,72.0,2016-07-30,2016-07-30,12.0,False,2017-07-30,0,119.28,119.28,,,,,,,,,none,M0_balanced; proxy recurrence: identifiable reappearance of a similar procurement need; not a legally verified renewal chain,1
BOAMP:16-114945,BOAMP_CURRENT,SIREN:264400136,SIREN_ENRICHED,CHU de Nantes,264400136,,IT Services & Consulting,False,72.0,2016-08-01,2016-08-01,24.0,False,2018-08-01,0,119.22,119.22,,,,,,,,,none,M0_balanced; proxy recurrence: identifiable reappearance of a similar procurement need; not a legally verified renewal chain,1
BOAMP:16-118533,BOAMP_CURRENT,SIREN:287200265,SIREN_ENRICHED,SDIS de la Sarthe,287200265,,Cybersecurity,False,35.0,2016-10-31,2016-10-31,12.0,False,2017-10-31,0,116.23,116.23,,,,,,,,,none,M0_balanced; proxy recurrence: identifiable reappearance of a similar procurement need; not a legally verified renewal chain,1
BOAMP:16-123498,BOAMP_CURRENT,SIREN:264400136,SIREN_ENRICHED,CHU de Nantes,264400136,,Software & Applications,False,48.0,2016-08-22,2016-08-22,48.0,True,2020-08-22,0,118.53,118.53,,,,,,,,,none,M0_balanced; proxy recurrence: identifiable reappearance of a similar procurement need; not a legally verified renewal chain,1
BOAMP:16-124376,BOAMP_CURRENT,SIREN:234400034,SIREN_ENRICHED,Conseil régional des Pays de la Loire,234400034,,Digital Workplace & Collaboration,False,72.0,2016-10-31,2016-10-31,24.0,False,2018-10-31,0,116.23,116.23,,,,,,,,,none,M0_balanced; proxy recurrence: identifiable reappearance of a similar procurement need; not a legally verified renewal chain,1
BOAMP:16-125901,BOAMP_CURRENT,SIREN:515163749,SIREN_ENRICHED,CPAM de Loire-Atlantique,515163749,,Telecom & Networks,False,,2016-08-26,2016-08-26,48.0,True,2020-08-26,0,118.4,118.4,,,,,,,,,none,M0_balanced; proxy recurrence: identifiable reappearance of a similar procurement need; not a legally verified renewal chain,1
BOAMP:16-127032,BOAMP_CURRENT,SIREN:227200029,SIREN_ENRICHED,Département de la Sarthe,227200029,,IT Services & Consulting,False,72.0,2016-12-07,2016-12-07,48.0,True,2020-12-07,0,115.01,115.01,,,,,,,,,none,M0_balanced; proxy recurrence: identifiable reappearance of a similar procurement need; not a legally verified renewal chain,1
BOAMP:16-128900,BOAMP_CURRENT,SIREN:200033298,SIREN_ENRICHED,COMMUNAUTE de COMMUNES des COEVRONS,200033298,,IT Services & Consulting,False,72.0,2016-09-02,2016-09-02,48.0,True,2020-09-02,0,118.17,118.17,,,,,,,,,none,M0_balanced; proxy recurrence: identifiable reappearance of a similar procurement need; not a legally verified renewal chain,1
BOAMP:16-128870,BOAMP_CURRENT,SIREN:264400136,SIREN_ENRICHED,CHU de Nantes,264400136,,IT Maintenance & Support,False,72.0,2016-12-22,2016-12-22,48.0,False,2020-12-22,1,49.21,,49.21,BOAMP:20-118996,0.60498,1.0,0.89904,0.8139,0.1241499999999999,1.0,M0_balanced,M0_balanced; proxy recurrence: identifiable reappearance of a similar procurement need; not a legally verified renewal chain,0
BOAMP:16-130215,BOAMP_CURRENT,SIREN:228500013,SIREN_ENRICHED,Département de la Vendée,228500013,,IT Services & Consulting,False,72.0,2017-02-08,2017-02-08,12.0,False,2018-02-08,1,23.0,,23.0,BOAMP:18-133090,0.91723,0.8,0.08366,0.73597,0.0846099999999999,1.0,M0_balanced,M0_balanced; proxy recurrence: identifiable reappearance of a similar procurement need; not a legally verified renewal chain,0
BOAMP:16-128161,BOAMP_CURRENT,SIREN:794304097,SIREN_ENRICHED,Nantes Métropole,794304097,,IT Services & Consulting,False,72.0,2016-09-09,2016-09-09,48.0,False,2020-09-09,1,52.3,,52.3,BOAMP:21-7561,0.75787,1.0,0.6417,0.82664,0.20696,1.0,M0_balanced,M0_balanced; proxy recurrence: identifiable reappearance of a similar procurement need; not a legally verified renewal chain,0
BOAMP:16-131471,BOAMP_CURRENT,NAME:insee,NAME,INSEE,,,IT Services & Consulting,True,72.0,2016-12-05,2016-12-05,48.0,True,2020-12-05,0,115.08,115.08,,,,,,,,,none,M0_balanced; proxy recurrence: identifiable reappearance of a similar procurement need; not a legally verified renewal chain,1
BOAMP:16-132878,BOAMP_CURRENT,NAME:ville avrille,NAME,Ville d'Avrillé,,,Software & Applications,True,48.0,2016-09-12,2016-09-12,48.0,True,2020-09-12,0,117.84,117.84,,,,,,,,,none,M0_balanced; proxy recurrence: identifiable reappearance of a similar procurement need; not a legally verified renewal chain,1
BOAMP:16-134501,BOAMP_CURRENT,SIREN:391722881,SIREN_ENRICHED,GIE SESAM Vitale,391722881,,IT Services & Consulting,False,72.0,2016-09-15,2016-09-15,12.0,False,2017-09-15,0,117.74,117.74,,,,,,,,,none,M0_balanced; proxy recurrence: identifiable reappearance of a similar procurement need; not a legally verified renewal chain,1
BOAMP:16-135042,BOAMP_CURRENT,SIREN:794304097,SIREN_ENRICHED,Nantes Métropole,794304097,,IT Services & Consulting,False,72.0,2017-04-13,2017-04-13,60.0,False,2022-04-13,1,59.13,,59.13,BOAMP:22-39212,0.55943,0.6,0.92773,0.70851,0.2449499999999999,1.0,M0_balanced,M0_balanced; proxy recurrence: identifiable reappearance of a similar procurement need; not a legally verified renewal chain,0
BOAMP:16-136139,BOAMP_CURRENT,SIREN:234400034,SIREN_ENRICHED,Conseil régional des Pays de la Loire,234400034,,IT Services & Consulting,False,72.0,2016-12-27,2016-12-27,12.0,False,2017-12-27,1,7.39,,7.39,BOAMP:17-68186,1.0,0.2,0.61597,0.73919,0.0954599999999999,1.0,M0_balanced,M0_balanced; proxy recurrence: identifiable reappearance of a similar procurement need; not a legally verified renewal chain,0
BOAMP:16-136057,BOAMP_CURRENT,SIREN:217500016,SIREN_ENRICHED,Ville du Mans,217500016,,Telecom & Networks,False,32.0,2016-11-15,2016-11-15,2.0,False,2017-01-15,0,115.74,115.74,,,,,,,,,none,M0_balanced; proxy recurrence: identifiable reappearance of a similar procurement need; not a legally verified renewal chain,1
BOAMP:16-139456,BOAMP_CURRENT,SIREN:284400017,SIREN_ENRICHED,SDIS 44,284400017,,Software & Applications,True,48.0,2016-09-23,2016-09-23,48.0,True,2020-09-23,0,117.48,117.48,,,,,,,,,none,M0_balanced; proxy recurrence: identifiable reappearance of a similar procurement need; not a legally verified renewal chain,1
BOAMP:16-139147,BOAMP_CURRENT,SIREN:391722881,SIREN_ENRICHED,GIE SESAM Vitale,391722881,,Digital Workplace & Collaboration,False,72.0,2017-06-21,2017-06-21,12.0,False,2018-06-21,1,10.74,,10.74,BOAMP:17-93952,0.63659,1.0,0.8952,0.82641,0.18162,1.0,M0_balanced,M0_balanced; proxy recurrence: identifiable reappearance of a similar procurement need; not a legally verified renewal chain,0
BOAMP:16-139674,BOAMP_CURRENT,SIREN:227200029,SIREN_ENRICHED,Département de la Sarthe,227200029,,Cloud & Infrastructure,False,48.0,2017-01-06,2017-01-06,48.0,False,2021-01-06,0,114.03,114.03,,,,,,,,,none,M0_balanced; proxy recurrence: identifiable reappearance of a similar procurement need; not a legally verified renewal chain,1
BOAMP:16-139386,BOAMP_CURRENT,SIREN:225300011,SIREN_ENRICHED,Conseil départemental de la Mayenne,225300011,,Software & Applications,False,48.0,2016-11-07,2016-11-07,48.0,False,2020-11-07,0,116.0,116.0,,,,,,,,,none,M0_balanced; proxy recurrence: identifiable reappearance of a similar procurement need; not a legally verified renewal chain,1
BOAMP:16-137248,BOAMP_CURRENT,SIREN:403040850,SIREN_ENRICHED,Sarthe Habitat,403040850,,Unknown,False,45.0,2016-12-30,2016-12-30,48.0,True,2020-12-30,0,114.26,114.26,,,,,,,,,none,M0_balanced; proxy recurrence: identifiable reappearance of a similar procurement need; not a legally verified renewal chain,1
BOAMP:16-140691,BOAMP_CURRENT,SIREN:214402042,SIREN_ENRICHED,Ville de Thouaré-sur-Loire,214402042,,Cybersecurity,False,35.0,2016-09-29,2016-09-29,24.0,False,2018-09-29,0,117.28,117.28,,,,,,,,,none,M0_balanced; proxy recurrence: identifiable reappearance of a similar procurement need; not a legally verified renewal chain,1
BOAMP:16-142611,BOAMP_CURRENT,NAME:ville orvault,NAME,Ville d'Orvault,,,Software & Applications,True,48.0,2016-09-30,2016-09-30,48.0,False,2020-09-30,0,117.25,117.25,,,,,,,,,none,M0_balanced; proxy recurrence: identifiable reappearance of a similar procurement need; not a legally verified renewal chain,1
BOAMP:16-146809,BOAMP_CURRENT,SIREN:268502424,SIREN_ENRICHED,C.H.D La Roche Sur Yon-Luçon-Montaigu,268502424,,Software & Applications,True,48.0,2017-04-18,2017-04-18,12.0,False,2018-04-18,0,110.68,110.68,,,,,,,,,none,M0_balanced; proxy recurrence: identifiable reappearance of a similar procurement need; not a legally verified renewal chain,1
BOAMP:16-149380,BOAMP_CURRENT,SIREN:214400418,SIREN_ENRICHED,Commune de la Chevrolière,214400418,,Telecom & Networks,False,32.0,2016-10-13,2016-10-13,3.0,False,2017-01-13,0,116.82,116.82,,,,,,,,,none,M0_balanced; proxy recurrence: identifiable reappearance of a similar procurement need; not a legally verified renewal chain,1
BOAMP:16-151887,BOAMP_CURRENT,SIREN:214400269,SIREN_ENRICHED,Ville de Carquefou,214400269,,Telecom & Networks,False,32.0,2017-02-01,2017-02-01,12.0,False,2018-02-01,0,113.17,113.17,,,,,,,,,none,M0_balanced; proxy recurrence: identifiable reappearance of a similar procurement need; not a legally verified renewal chain,1
BOAMP:16-151274,BOAMP_CURRENT,SIREN:194401006,SIREN_ENRICHED,Ecole Centrale de Nantes,194401006,,Telecom & Networks,False,32.0,2017-01-25,2017-01-25,36.0,False,2020-01-25,0,113.4,113.4,,,,,,,,,none,M0_balanced; proxy recurrence: identifiable reappearance of a similar procurement need; not a legally verified renewal chain,1
BOAMP:16-153677,BOAMP_CURRENT,SIREN:214401432,SIREN_ENRICHED,Ville de Rezé,214401432,,Cybersecurity,False,72.0,2016-10-20,2016-10-20,36.0,False,2019-10-20,0,116.59,116.59,,,,,,,,,none,M0_balanced; proxy recurrence: identifiable reappearance of a similar procurement need; not a legally verified renewal chain,1
BOAMP:16-153566,BOAMP_CURRENT,NAME:ville orvault,NAME,Ville d'Orvault,,,Cybersecurity,False,35.0,2016-10-20,2016-10-20,36.0,False,2019-10-20,0,116.59,116.59,,,,,,,,,none,M0_balanced; proxy recurrence: identifiable reappearance of a similar procurement need; not a legally verified renewal chain,1
BOAMP:16-153330,BOAMP_CURRENT,SIREN:794304097,SIREN_ENRICHED,Nantes Métropole,794304097,,Software & Applications,False,48.0,2018-01-16,2018-01-16,60.0,False,2023-01-16,0,101.71,101.71,,,,,,,,,none,M0_balanced; proxy recurrence: identifiable reappearance of a similar procurement need; not a legally verified renewal chain,1
BOAMP:16-153188,BOAMP_CURRENT,SIREN:214401846,SIREN_ENRICHED,Commune de Saint-Nazaire,214401846,,Telecom & Networks,False,45.0,2016-10-26,2016-10-26,28.0,False,2019-02-26,0,116.39,116.39,,,,,,,,,none,M0_balanced; proxy recurrence: identifiable reappearance of a similar procurement need; not a legally verified renewal chain,1
BOAMP:16-153795,BOAMP_CURRENT,SIREN:214401846,SIREN_ENRICHED,Commune de Saint-Nazaire,214401846,,Telecom & Networks,False,32.0,2016-10-26,2016-10-26,24.0,False,2018-10-26,0,116.39,116.39,,,,,,,,,none,M0_balanced; proxy recurrence: identifiable reappearance of a similar procurement need; not a legally verified renewal chain,1
BOAMP:16-155186,BOAMP_CURRENT,SIREN:546650169,SIREN_ENRICHED,Vendée Expansion,546650169,,IT Services & Consulting,False,72.0,2016-10-26,2016-10-26,12.0,False,2017-10-26,0,116.39,116.39,,,,,,,,,none,M0_balanced; proxy recurrence: identifiable reappearance of a similar procurement need; not a legally verified renewal chain,1
BOAMP:16-158195,BOAMP_CURRENT,SIREN:218502268,SIREN_ENRICHED,Ville de Saint-Hilaire-de-Riez,218502268,,Digital Workplace & Collaboration,False,72.0,2016-10-28,2016-10-28,36.0,False,2019-10-28,0,116.33,116.33,,,,,,,,,none,M0_balanced; proxy recurrence: identifiable reappearance of a similar procurement need; not a legally verified renewal chain,1
BOAMP:16-158411,BOAMP_CURRENT,NAME:institut 4 10,NAME,INSTITUT 4.10,,,Software & Applications,True,48.0,2016-10-28,2016-10-28,12.0,False,2017-10-28,0,116.33,116.33,,,,,,,,,none,M0_balanced; proxy recurrence: identifiable reappearance of a similar procurement need; not a legally verified renewal chain,1
BOAMP:16-158975,BOAMP_CURRENT,NAME:dirisi,NAME,DIRISI,,,Software & Applications,False,48.0,2017-04-24,2017-04-24,90.0,False,2024-10-24,0,110.48,110.48,,,,,,,,,none,M0_balanced; proxy recurrence: identifiable reappearance of a similar procurement need; not a legally verified renewal chain,1
BOAMP:16-161115,BOAMP_CURRENT,SIREN:288500010,SIREN_ENRICHED,SDIS 85,288500010,,Cybersecurity,False,35.0,2017-01-25,2017-01-25,48.0,True,2021-01-25,0,113.4,113.4,,,,,,,,,none,M0_balanced; proxy recurrence: identifiable reappearance of a similar procurement need; not a legally verified renewal chain,1
BOAMP:16-166758,BOAMP_CURRENT,SIREN:217500016,SIREN_ENRICHED,Ville du Mans,217500016,,Unknown,False,,2016-11-17,2016-11-17,48.0,True,2020-11-17,0,115.67,115.67,,,,,,,,,none,M0_balanced; proxy recurrence: identifiable reappearance of a similar procurement need; not a legally verified renewal chain,1
BOAMP:16-167180,BOAMP_CURRENT,SIREN:546650169,SIREN_ENRICHED,Vendée Expansion,546650169,,IT Services & Consulting,False,72.0,2016-12-20,2016-12-20,12.0,False,2017-12-20,1,4.43,,4.43,BOAMP:17-61199,0.77781,1.0,0.36958,0.78059,0.0981699999999999,1.0,M0_balanced,M0_balanced; proxy recurrence: identifiable reappearance of a similar procurement need; not a legally verified renewal chain,0
BOAMP:16-170680,BOAMP_CURRENT,SIREN:264400136,SIREN_ENRICHED,CHU de Nantes,264400136,,IT Services & Consulting,False,72.0,2016-11-25,2016-11-25,48.0,False,2020-11-25,0,115.41,115.41,,,,,,,,,none,M0_balanced; proxy recurrence: identifiable reappearance of a similar procurement need; not a legally verified renewal chain,1
BOAMP:16-172610,BOAMP_CURRENT,NAME:conseil general vendee,NAME,Conseil général de la Vendée,,,Digital Workplace & Collaboration,False,72.0,2017-04-13,2017-04-13,48.0,True,2021-04-13,0,110.84,110.84,,,,,,,,,none,M0_balanced; proxy recurrence: identifiable reappearance of a similar procurement need; not a legally verified renewal chain,1
BOAMP:16-171762,BOAMP_CURRENT,SIREN:524795564,SIREN_ENRICHED,CARENE,524795564,,Cloud & Infrastructure,False,45.0,2017-03-22,2017-03-22,18.0,False,2018-09-22,0,111.56,111.56,,,,,,,,,none,M0_balanced; proxy recurrence: identifiable reappearance of a similar procurement need; not a legally verified renewal chain,1
BOAMP:16-172095,BOAMP_CURRENT,SIREN:524795564,SIREN_ENRICHED,CARENE,524795564,,Cybersecurity,False,72.0,2016-12-02,2016-12-02,24.0,False,2018-12-02,0,115.18,115.18,,,,,,,,,none,M0_balanced; proxy recurrence: identifiable reappearance of a similar procurement need; not a legally verified renewal chain,1
BOAMP:16-173647,BOAMP_CURRENT,NAME:caf somme,NAME,CAF de la Somme,,,Digital Workplace & Collaboration,False,72.0,2016-12-04,2016-12-04,48.0,False,2020-12-04,0,115.11,115.11,,,,,,,,,none,M0_balanced; proxy recurrence: identifiable reappearance of a similar procurement need; not a legally verified renewal chain,1
BOAMP:16-176618,BOAMP_CURRENT,NAME:ville orvault,NAME,Ville d'Orvault,,,Software & Applications,True,48.0,2016-12-09,2016-12-09,48.0,False,2020-12-09,0,114.95,114.95,,,,,,,,,none,M0_balanced; proxy recurrence: identifiable reappearance of a similar procurement need; not a legally verified renewal chain,1
BOAMP:16-176813,BOAMP_CURRENT,NAME:cte cnes coeur estuaire,NAME,Cté Cnes Coeur d'Estuaire,,,Unknown,False,45.0,2017-05-04,2017-05-04,48.0,True,2021-05-04,0,110.15,110.15,,,,,,,,,none,M0_balanced; proxy recurrence: identifiable reappearance of a similar procurement need; not a legally verified renewal chain,1
BOAMP:16-179721,BOAMP_CURRENT,NAME:gpm nantes st nazaire,NAME,GPM de Nantes - St Nazaire,,,Telecom & Networks,False,32.0,2016-12-15,2016-12-15,48.0,True,2020-12-15,0,114.75,114.75,,,,,,,,,none,M0_balanced; proxy recurrence: identifiable reappearance of a similar procurement need; not a legally verified renewal chain,1
BOAMP:16-180684,BOAMP_CURRENT,SIREN:777739160,SIREN_ENRICHED,FONDAT REGION OUEST LIGUE CANCER,777739160,,Telecom & Networks,False,32.0,2016-12-16,2016-12-16,1.0,False,2017-01-16,0,114.72,114.72,,,,,,,,,none,M0_balanced; proxy recurrence: identifiable reappearance of a similar procurement need; not a legally verified renewal chain,1
BOAMP:16-182034,BOAMP_CURRENT,SIREN:284400017,SIREN_ENRICHED,SDIS 44,284400017,,Cybersecurity,False,35.0,2017-03-07,2017-03-07,7.0,False,2017-10-07,1,10.81,,10.81,BOAMP:17-174760,0.63585,1.0,0.68265,0.78359,0.30408,1.0,M0_balanced,M0_balanced; proxy recurrence: identifiable reappearance of a similar procurement need; not a legally verified renewal chain,0
BOAMP:16-184522,BOAMP_CURRENT,NAME:sdegm,NAME,SDEGM,,,Telecom & Networks,False,32.0,2016-12-23,2016-12-23,48.0,False,2020-12-23,0,114.49,114.49,,,,,,,,,none,M0_balanced; proxy recurrence: identifiable reappearance of a similar procurement need; not a legally verified renewal chain,1
BOAMP:16-183156,BOAMP_CURRENT,SIREN:227200029,SIREN_ENRICHED,Département de la Sarthe,227200029,,Digital Workplace & Collaboration,False,72.0,2017-04-26,2017-04-26,48.0,False,2021-04-26,0,110.41,110.41,,,,,,,,,none,M0_balanced; proxy recurrence: identifiable reappearance of a similar procurement need; not a legally verified renewal chain,1
BOAMP:16-183705,BOAMP_CURRENT,SIREN:285300018,SIREN_ENRICHED,Sdis de la Mayenne,285300018,,Cybersecurity,False,35.0,2016-12-24,2016-12-24,12.0,False,2017-12-24,1,14.36,,14.36,BOAMP:17-176560,0.7269,1.0,0.80366,0.84603,,1.0,M0_balanced,M0_balanced; proxy recurrence: identifiable reappearance of a similar procurement need; not a legally verified renewal chain,0
BOAMP:16-184210,BOAMP_CURRENT,SIREN:391722881,SIREN_ENRICHED,GIE SESAM Vitale,391722881,,IT Services & Consulting,False,72.0,2017-10-12,2017-10-12,48.0,False,2021-10-12,1,38.83,,38.83,BOAMP:20-27358,1.0,1.0,0.23587,0.84717,0.42657,1.0,M0_balanced,M0_balanced; proxy recurrence: identifiable reappearance of a similar procurement need; not a legally verified renewal chain,0
BOAMP:16-184750,BOAMP_CURRENT,NAME:arafer,NAME,ARAFER,,,IT Maintenance & Support,False,72.0,2016-12-28,2016-12-28,24.0,False,2018-12-28,0,114.32,114.32,,,,,,,,,none,M0_balanced; proxy recurrence: identifiable reappearance of a similar procurement need; not a legally verified renewal chain,1
BOAMP:17-1971,BOAMP_CURRENT,NAME:maine loire habitat office pub habitat,NAME,MAINE LOIRE HABITAT OFFICE PUB HABITAT,,,Software & Applications,True,48.0,2017-01-06,2017-01-06,48.0,False,2021-01-06,0,114.03,114.03,,,,,,,,,none,M0_balanced; proxy recurrence: identifiable reappearance of a similar procurement need; not a legally verified renewal chain,1
BOAMP:17-2924,BOAMP_CURRENT,NAME:sictiam,NAME,SICTIAM,,,IT Services & Consulting,False,72.0,2017-01-08,2017-01-08,12.0,False,2018-01-08,0,113.96,113.96,,,,,,,,,none,M0_balanced; proxy recurrence: identifiable reappearance of a similar procurement need; not a legally verified renewal chain,1
BOAMP:17-4904,BOAMP_CURRENT,NAME:iphv hauts thebaudieres,NAME,IPHV LES HAUTS THEBAUDIERES,,,Software & Applications,False,48.0,2017-01-11,2017-01-11,48.0,True,2021-01-11,0,113.86,113.86,,,,,,,,,none,M0_balanced; proxy recurrence: identifiable reappearance of a similar procurement need; not a legally verified renewal chain,1
BOAMP:17-8592,BOAMP_CURRENT,NAME:communaute communes grand lieu,NAME,Communauté de Communes de Grand Lieu,,,Cybersecurity,False,35.0,2017-01-18,2017-01-18,12.0,False,2018-01-18,0,113.63,113.63,,,,,,,,,none,M0_balanced; proxy recurrence: identifiable reappearance of a similar procurement need; not a legally verified renewal chain,1
BOAMP:17-6714,BOAMP_CURRENT,SIREN:194909701,SIREN_ENRICHED,Université d'Angers,194909701,,IT Services & Consulting,False,72.0,2017-01-18,2017-01-18,36.0,False,2020-01-18,1,44.02,,44.02,BOAMP:20-114106,1.0,1.0,0.33158,0.86632,0.39236,1.0,M0_balanced,M0_balanced; proxy recurrence: identifiable reappearance of a similar procurement need; not a legally verified renewal chain,0
BOAMP:17-8714,BOAMP_CURRENT,SIREN:227200029,SIREN_ENRICHED,Département de la Sarthe,227200029,,IT Services & Consulting,False,72.0,2017-01-19,2017-01-19,48.0,True,2021-01-19,0,113.6,113.6,,,,,,,,,none,M0_balanced; proxy recurrence: identifiable reappearance of a similar procurement need; not a legally verified renewal chain,1
BOAMP:17-9361,BOAMP_CURRENT,SIREN:264400136,SIREN_ENRICHED,CHU de Nantes,264400136,,Software & Applications,False,48.0,2017-01-19,2017-01-19,48.0,True,2021-01-19,0,113.6,113.6,,,,,,,,,none,M0_balanced; proxy recurrence: identifiable reappearance of a similar procurement need; not a legally verified renewal chain,1
BOAMP:17-10167,BOAMP_CURRENT,SIREN:217203207,SIREN_ENRICHED,MAIRIE DE SAINT SATURNIN,217203207,,Unknown,False,44.0,2017-01-20,2017-01-20,48.0,True,2021-01-20,0,113.57,113.57,,,,,,,,,none,M0_balanced; proxy recurrence: identifiable reappearance of a similar procurement need; not a legally verified renewal chain,1
BOAMP:17-8483,BOAMP_CURRENT,SIREN:227200029,SIREN_ENRICHED,Département de la Sarthe,227200029,,Telecom & Networks,False,45.0,2017-04-07,2017-04-07,4.0,False,2017-08-07,0,111.04,111.04,,,,,,,,,none,M0_balanced; proxy recurrence: identifiable reappearance of a similar procurement need; not a legally verified renewal chain,1
BOAMP:17-12394,BOAMP_CURRENT,NAME:sdegm,NAME,SDEGM,,,Telecom & Networks,False,32.0,2017-01-26,2017-01-26,48.0,True,2021-01-26,0,113.37,113.37,,,,,,,,,none,M0_balanced; proxy recurrence: identifiable reappearance of a similar procurement need; not a legally verified renewal chain,1
BOAMP:17-13461,BOAMP_CURRENT,SIREN:794304097,SIREN_ENRICHED,Nantes Métropole,794304097,,IT Services & Consulting,False,72.0,2017-01-29,2017-01-29,36.0,False,2020-01-29,0,113.27,113.27,,,,,,,,,none,M0_balanced; proxy recurrence: identifiable reappearance of a similar procurement need; not a legally verified renewal chain,1
BOAMP:17-14320,BOAMP_CURRENT,NAME:agence regionale pays loire ti,NAME,Agence Régionale Pays de la Loire TI,,,IT Services & Consulting,False,72.0,2017-02-01,2017-02-01,48.0,False,2021-02-01,0,113.17,113.17,,,,,,,,,none,M0_balanced; proxy recurrence: identifiable reappearance of a similar procurement need; not a legally verified renewal chain,1
BOAMP:17-14986,BOAMP_CURRENT,SIREN:264400136,SIREN_ENRICHED,CHU de Nantes,264400136,,IT Services & Consulting,False,72.0,2017-06-02,2017-06-02,12.0,False,2018-06-02,0,109.2,109.2,,,,,,,,,none,M0_balanced; proxy recurrence: identifiable reappearance of a similar procurement need; not a legally verified renewal chain,1
BOAMP:17-16256,BOAMP_CURRENT,NAME:inst interdpt bassin sevre niortaise,NAME,Inst. Interdpt bassin Sèvre Niortaise,,,Unknown,False,45.0,2017-02-02,2017-02-02,48.0,True,2021-02-02,0,113.14,113.14,,,,,,,,,none,M0_balanced; proxy recurrence: identifiable reappearance of a similar procurement need; not a legally verified renewal chain,1
BOAMP:17-15684,BOAMP_CURRENT,SIREN:214401846,SIREN_ENRICHED,Commune de Saint-Nazaire,214401846,,IT Services & Consulting,False,72.0,2017-02-03,2017-02-03,48.0,True,2021-02-03,0,113.11,113.11,,,,,,,,,none,M0_balanced; proxy recurrence: identifiable reappearance of a similar procurement need; not a legally verified renewal chain,1
BOAMP:17-20659,BOAMP_CURRENT,SIREN:288500010,SIREN_ENRICHED,SDIS 85,288500010,,IT Services & Consulting,True,72.0,2017-05-02,2017-05-02,48.0,True,2021-05-02,1,46.98,,46.98,BOAMP:21-44149,0.79945,0.2,0.91481,0.71473,,1.0,M0_balanced,M0_balanced; proxy recurrence: identifiable reappearance of a similar procurement need; not a legally verified renewal chain,0
BOAMP:17-19962,BOAMP_CURRENT,SIREN:194401006,SIREN_ENRICHED,Ecole Centrale de Nantes,194401006,,Telecom & Networks,False,32.0,2017-04-06,2017-04-06,12.0,False,2018-04-06,0,111.07,111.07,,,,,,,,,none,M0_balanced; proxy recurrence: identifiable reappearance of a similar procurement need; not a legally verified renewal chain,1
BOAMP:17-19635,BOAMP_CURRENT,NAME:mairie croisic,NAME,Mairie du croisic,,,Telecom & Networks,False,32.0,2017-02-11,2017-02-11,1.0,False,2017-03-11,0,112.84,112.84,,,,,,,,,none,M0_balanced; proxy recurrence: identifiable reappearance of a similar procurement need; not a legally verified renewal chain,1
BOAMP:17-20825,BOAMP_CURRENT,NAME:ch mans,NAME,CH LE MANS,,,Telecom & Networks,False,32.0,2017-04-11,2017-04-11,48.0,False,2021-04-11,0,110.91,110.91,,,,,,,,,none,M0_balanced; proxy recurrence: identifiable reappearance of a similar procurement need; not a legally verified renewal chain,1
BOAMP:17-23389,BOAMP_CURRENT,SIREN:865800767,SIREN_ENRICHED,Loire Ocean developpement,865800767,,Unknown,False,45.0,2017-02-16,2017-02-16,9.0,False,2017-11-16,1,8.18,,8.18,BOAMP:17-147216,0.67069,0.6,0.93167,0.75602,0.06916,1.0,M0_balanced,M0_balanced; proxy recurrence: identifiable reappearance of a similar procurement need; not a legally verified renewal chain,0
BOAMP:17-22230,BOAMP_CURRENT,SIREN:214401622,SIREN_ENRICHED,Commune de Saint-Herblain,214401622,,Cybersecurity,False,35.0,2017-05-18,2017-05-18,12.0,False,2018-05-18,0,109.69,109.69,,,,,,,,,none,M0_balanced; proxy recurrence: identifiable reappearance of a similar procurement need; not a legally verified renewal chain,1
BOAMP:17-23490,BOAMP_CURRENT,NAME:chd vendee,NAME,CHD VENDEE,,,Software & Applications,True,48.0,2017-02-18,2017-02-18,12.0,False,2018-02-18,0,112.61,112.61,,,,,,,,,none,M0_balanced; proxy recurrence: identifiable reappearance of a similar procurement need; not a legally verified renewal chain,1
BOAMP:17-25253,BOAMP_CURRENT,NAME:grand t theatre loire atlantique,NAME,Le Grand T - Théâtre Loire-Atlantique,,,Software & Applications,False,48.0,2017-02-21,2017-02-21,48.0,True,2021-02-21,0,112.52,112.52,,,,,,,,,none,M0_balanced; proxy recurrence: identifiable reappearance of a similar procurement need; not a legally verified renewal chain,1
BOAMP:17-25915,BOAMP_CURRENT,SIREN:264400136,SIREN_ENRICHED,CHU de Nantes,264400136,,Software & Applications,False,48.0,2017-02-22,2017-02-22,48.0,True,2021-02-22,0,112.48,112.48,,,,,,,,,none,M0_balanced; proxy recurrence: identifiable reappearance of a similar procurement need; not a legally verified renewal chain,1
BOAMP:17-26666,BOAMP_CURRENT,SIREN:546650169,SIREN_ENRICHED,Vendée Expansion,546650169,,IT Services & Consulting,False,72.0,2017-03-30,2017-03-30,12.0,False,2018-03-30,1,1.15,,1.15,BOAMP:17-61199,0.534,1.0,0.09582,0.62345,0.31003,1.0,M0_balanced,M0_balanced; proxy recurrence: identifiable reappearance of a similar procurement need; not a legally verified renewal chain,0
BOAMP:17-27341,BOAMP_CURRENT,SIREN:935367433,SIREN_ENRICHED,Conseil départemental Loire-Atlantique,935367433,,Unknown,False,50.0,2017-02-26,2017-02-26,44.0,False,2020-10-26,0,112.35,112.35,,,,,,,,,none,M0_balanced; proxy recurrence: identifiable reappearance of a similar procurement need; not a legally verified renewal chain,1
BOAMP:17-29415,BOAMP_CURRENT,SIREN:935367433,SIREN_ENRICHED,Conseil départemental Loire-Atlantique,935367433,,IT Maintenance & Support,False,72.0,2017-03-03,2017-03-03,48.0,False,2021-03-03,1,51.25,,51.25,BOAMP:21-77546,0.76412,1.0,0.7293,0.84679,0.09204,1.0,M0_balanced,M0_balanced; proxy recurrence: identifiable reappearance of a similar procurement need; not a legally verified renewal chain,0
BOAMP:17-32686,BOAMP_CURRENT,SIREN:865800767,SIREN_ENRICHED,Loire Ocean developpement,865800767,,Unknown,False,45.0,2017-03-08,2017-03-08,10.0,False,2018-01-08,0,112.02,112.02,,,,,,,,,none,M0_balanced; proxy recurrence: identifiable reappearance of a similar procurement need; not a legally verified renewal chain,1
BOAMP:17-31647,BOAMP_CURRENT,SIREN:200052587,SIREN_ENRICHED,SYNDICAT MIXTE OUVERT ANJOU NUMERIQUE,200052587,,Telecom & Networks,False,32.0,2018-01-22,2018-01-22,48.0,True,2022-01-22,0,101.51,101.51,,,,,,,,,none,M0_balanced; proxy recurrence: identifiable reappearance of a similar procurement need; not a legally verified renewal chain,1
BOAMP:17-35511,BOAMP_CURRENT,SIREN:245300355,SIREN_ENRICHED,Communauté de communes de l'Ernée,245300355,,Software & Applications,True,48.0,2017-03-14,2017-03-14,48.0,True,2021-03-14,0,111.83,111.83,,,,,,,,,none,M0_balanced; proxy recurrence: identifiable reappearance of a similar procurement need; not a legally verified renewal chain,1
BOAMP:17-35759,BOAMP_CURRENT,SIREN:234400034,SIREN_ENRICHED,Conseil régional des Pays de la Loire,234400034,,IT Services & Consulting,False,72.0,2017-06-02,2017-06-02,24.0,False,2019-06-02,0,109.2,109.2,,,,,,,,,none,M0_balanced; proxy recurrence: identifiable reappearance of a similar procurement need; not a legally verified renewal chain,1
BOAMP:17-35545,BOAMP_CURRENT,SIREN:264400136,SIREN_ENRICHED,CHU de Nantes,264400136,,Software & Applications,False,48.0,2017-07-28,2017-07-28,14.0,False,2018-09-28,1,15.57,,15.57,BOAMP:18-159101,0.87597,0.2,0.86903,0.73771,0.17706,1.0,M0_balanced,M0_balanced; proxy recurrence: identifiable reappearance of a similar procurement need; not a legally verified renewal chain,0
BOAMP:17-38797,BOAMP_CURRENT,SIREN:244900015,SIREN_ENRICHED,Angers Loire Métropole,244900015,,Telecom & Networks,False,39.0,2017-08-28,2017-08-28,12.0,False,2018-08-28,0,106.34,106.34,,,,,,,,,none,M0_balanced; proxy recurrence: identifiable reappearance of a similar procurement need; not a legally verified renewal chain,1
BOAMP:17-39457,BOAMP_CURRENT,SIREN:130001704,SIREN_ENRICHED,DIR INTERDEPARTEMENTALE ROUTES OUEST,130001704,,IT Services & Consulting,False,72.0,2017-03-23,2017-03-23,12.0,False,2018-03-23,0,111.53,111.53,,,,,,,,,none,M0_balanced; proxy recurrence: identifiable reappearance of a similar procurement need; not a legally verified renewal chain,1
BOAMP:17-40324,BOAMP_CURRENT,SIREN:247200132,SIREN_ENRICHED,Le Mans Métropole - Communauté Urbaine,247200132,,IT Services & Consulting,False,72.0,2017-07-10,2017-07-10,48.0,True,2021-07-10,0,107.95,107.95,,,,,,,,,none,M0_balanced; proxy recurrence: identifiable reappearance of a similar procurement need; not a legally verified renewal chain,1
BOAMP:17-39093,BOAMP_CURRENT,SIREN:258500222,SIREN_ENRICHED,Vendée Eau,258500222,,Software & Applications,False,48.0,2017-06-29,2017-06-29,48.0,True,2021-06-29,0,108.31,108.31,,,,,,,,,none,M0_balanced; proxy recurrence: identifiable reappearance of a similar procurement need; not a legally verified renewal chain,1
BOAMP:17-39998,BOAMP_CURRENT,SIREN:214401846,SIREN_ENRICHED,Commune de Saint-Nazaire,214401846,,Software & Applications,False,48.0,2017-07-05,2017-07-05,48.0,True,2021-07-05,0,108.11,108.11,,,,,,,,,none,M0_balanced; proxy recurrence: identifiable reappearance of a similar procurement need; not a legally verified renewal chain,1
BOAMP:17-44758,BOAMP_CURRENT,SIREN:110006012,SIREN_ENRICHED,Ministère des Affaires étrangères,110006012,,IT Services & Consulting,False,72.0,2017-08-23,2017-08-23,48.0,False,2021-08-23,0,106.5,106.5,,,,,,,,,none,M0_balanced; proxy recurrence: identifiable reappearance of a similar procurement need; not a legally verified renewal chain,1
BOAMP:17-44607,BOAMP_CURRENT,SIREN:234400034,SIREN_ENRICHED,Conseil régional des Pays de la Loire,234400034,,Cloud & Infrastructure,False,48.0,2017-07-21,2017-07-21,48.0,False,2021-07-21,0,107.59,107.59,,,,,,,,,none,M0_balanced; proxy recurrence: identifiable reappearance of a similar procurement need; not a legally verified renewal chain,1
BOAMP:17-45104,BOAMP_CURRENT,SIREN:214401622,SIREN_ENRICHED,Commune de Saint-Herblain,214401622,,Telecom & Networks,False,32.0,2017-08-09,2017-08-09,12.0,False,2018-08-09,0,106.96,106.96,,,,,,,,,none,M0_balanced; proxy recurrence: identifiable reappearance of a similar procurement need; not a legally verified renewal chain,1
BOAMP:17-47832,BOAMP_CURRENT,NAME:centre gestion fpt loire atlantique,NAME,Centre de Gestion FPT Loire-Atlantique,,,Telecom & Networks,False,32.0,2017-04-05,2017-04-05,48.0,True,2021-04-05,0,111.1,111.1,,,,,,,,,none,M0_balanced; proxy recurrence: identifiable reappearance of a similar procurement need; not a legally verified renewal chain,1
BOAMP:17-48788,BOAMP_CURRENT,SIREN:234400034,SIREN_ENRICHED,Conseil régional des Pays de la Loire,234400034,,IT Services & Consulting,False,72.0,2017-07-24,2017-07-24,24.0,False,2019-07-24,0,107.49,107.49,,,,,,,,,none,M0_balanced; proxy recurrence: identifiable reappearance of a similar procurement need; not a legally verified renewal chain,1
BOAMP:17-47703,BOAMP_CURRENT,NAME:semitan,NAME,SEMITAN,,,IT Services & Consulting,False,72.0,2017-04-07,2017-04-07,24.0,False,2019-04-07,0,111.04,111.04,,,,,,,,,none,M0_balanced; proxy recurrence: identifiable reappearance of a similar procurement need; not a legally verified renewal chain,1
BOAMP:17-47930,BOAMP_CURRENT,SIREN:211703004,SIREN_ENRICHED,Ville de La Rochelle,211703004,,Software & Applications,False,48.0,2017-04-07,2017-04-07,24.0,False,2019-04-07,0,111.04,111.04,,,,,,,,,none,M0_balanced; proxy recurrence: identifiable reappearance of a similar procurement need; not a legally verified renewal chain,1
BOAMP:17-48519,BOAMP_CURRENT,SIREN:524795564,SIREN_ENRICHED,CARENE,524795564,,Software & Applications,False,48.0,2017-10-30,2017-10-30,48.0,False,2021-10-30,0,104.27,104.27,,,,,,,,,none,M0_balanced; proxy recurrence: identifiable reappearance of a similar procurement need; not a legally verified renewal chain,1
BOAMP:17-42319,BOAMP_CURRENT,NAME:cte cnes ile noirmoutier,NAME,Cté de Cnes de l'Ile de Noirmoutier,,,Unknown,False,92.0,2017-10-25,2017-10-25,12.0,False,2018-10-25,0,104.43,104.43,,,,,,,,,none,M0_balanced; proxy recurrence: identifiable reappearance of a similar procurement need; not a legally verified renewal chain,1
BOAMP:17-47467,BOAMP_CURRENT,SIREN:860800077,SIREN_ENRICHED,Société Loire Atlantique Développement,860800077,,Telecom & Networks,False,32.0,2017-06-29,2017-06-29,48.0,True,2021-06-29,0,108.31,108.31,,,,,,,,,none,M0_balanced; proxy recurrence: identifiable reappearance of a similar procurement need; not a legally verified renewal chain,1
BOAMP:17-53475,BOAMP_CURRENT,SIREN:391722881,SIREN_ENRICHED,GIE SESAM Vitale,391722881,,IT Services & Consulting,False,72.0,2018-01-02,2018-01-02,12.0,False,2019-01-02,1,12.29,,12.29,BOAMP:18-8879,0.7936,0.2,0.97613,0.72454,0.03347,1.0,M0_balanced,M0_balanced; proxy recurrence: identifiable reappearance of a similar procurement need; not a legally verified renewal chain,0
BOAMP:17-55172,BOAMP_CURRENT,SIREN:532458809,SIREN_ENRICHED,Ville d'Angers,532458809,,Unknown,False,50.0,2017-09-29,2017-09-29,16.0,False,2019-01-29,0,105.29,105.29,,,,,,,,,none,M0_balanced; proxy recurrence: identifiable reappearance of a similar procurement need; not a legally verified renewal chain,1
BOAMP:17-54861,BOAMP_CURRENT,NAME:ville orvault,NAME,Ville d'Orvault,,,Software & Applications,False,48.0,2017-06-20,2017-06-20,36.0,False,2020-06-20,0,108.61,108.61,,,,,,,,,none,M0_balanced; proxy recurrence: identifiable reappearance of a similar procurement need; not a legally verified renewal chain,1
BOAMP:17-57345,BOAMP_CURRENT,SIREN:254902505,SIREN_ENRICHED,ANGERS NANTES OPERA syndicat mixte,254902505,,Cybersecurity,False,,2017-04-25,2017-04-25,48.0,True,2021-04-25,0,110.45,110.45,,,,,,,,,none,M0_balanced; proxy recurrence: identifiable reappearance of a similar procurement need; not a legally verified renewal chain,1
BOAMP:17-56720,BOAMP_CURRENT,NAME:gcs esante pays loire,NAME,GCS eSanté Pays de la Loire,,,IT Services & Consulting,False,72.0,2017-08-29,2017-08-29,12.0,False,2018-08-29,0,106.31,106.31,,,,,,,,,none,M0_balanced; proxy recurrence: identifiable reappearance of a similar procurement need; not a legally verified renewal chain,1
BOAMP:17-58486,BOAMP_CURRENT,SIREN:264400136,SIREN_ENRICHED,CHU de Nantes,264400136,,Digital Workplace & Collaboration,False,72.0,2017-04-28,2017-04-28,12.0,False,2018-04-28,0,110.35,110.35,,,,,,,,,none,M0_balanced; proxy recurrence: identifiable reappearance of a similar procurement need; not a legally verified renewal chain,1
BOAMP:17-58113,BOAMP_CURRENT,NAME:arafer,NAME,ARAFER,,,IT Maintenance & Support,False,72.0,2017-04-28,2017-04-28,24.0,False,2019-04-28,0,110.35,110.35,,,,,,,,,none,M0_balanced; proxy recurrence: identifiable reappearance of a similar procurement need; not a legally verified renewal chain,1
BOAMP:17-58214,BOAMP_CURRENT,SIREN:794304097,SIREN_ENRICHED,Nantes Métropole,794304097,,Cybersecurity,False,72.0,2017-04-30,2017-04-30,48.0,False,2021-04-30,0,110.28,110.28,,,,,,,,,none,M0_balanced; proxy recurrence: identifiable reappearance of a similar procurement need; not a legally verified renewal chain,1
BOAMP:17-56890,BOAMP_CURRENT,SIREN:794304097,SIREN_ENRICHED,Nantes Métropole,794304097,,Unknown,False,90.0,2017-08-21,2017-08-21,12.0,False,2018-08-21,0,106.57,106.57,,,,,,,,,none,M0_balanced; proxy recurrence: identifiable reappearance of a similar procurement need; not a legally verified renewal chain,1
BOAMP:17-62129,BOAMP_CURRENT,SIREN:234400034,SIREN_ENRICHED,Conseil régional des Pays de la Loire,234400034,,IT Services & Consulting,False,72.0,2017-05-04,2017-05-04,18.0,False,2018-11-04,0,110.15,110.15,,,,,,,,,none,M0_balanced; proxy recurrence: identifiable reappearance of a similar procurement need; not a legally verified renewal chain,1
BOAMP:17-61199,BOAMP_CURRENT,SIREN:546650169,SIREN_ENRICHED,Vendée Expansion,546650169,,IT Services & Consulting,False,72.0,2017-05-04,2017-05-04,12.0,False,2018-05-04,0,110.15,110.15,,,,,,,,,none,M0_balanced; proxy recurrence: identifiable reappearance of a similar procurement need; not a legally verified renewal chain,1
BOAMP:17-61541,BOAMP_CURRENT,SIREN:264400136,SIREN_ENRICHED,CHU de Nantes,264400136,,IT Services & Consulting,False,72.0,2017-07-21,2017-07-21,48.0,False,2021-07-21,1,50.79,,50.79,BOAMP:21-76925,0.85558,1.0,0.76763,0.89287,0.20965,1.0,M0_balanced,M0_balanced; proxy recurrence: identifiable reappearance of a similar procurement need; not a legally verified renewal chain,0
BOAMP:17-62974,BOAMP_CURRENT,SIREN:353686934,SIREN_ENRICHED,CAP ATLANTIQUE,353686934,,Software & Applications,False,48.0,2017-05-05,2017-05-05,48.0,False,2021-05-05,0,110.12,110.12,,,,,,,,,none,M0_balanced; proxy recurrence: identifiable reappearance of a similar procurement need; not a legally verified renewal chain,1
BOAMP:17-62873,BOAMP_CURRENT,SIREN:194909701,SIREN_ENRICHED,Université d'Angers,194909701,,IT Services & Consulting,False,72.0,2017-05-07,2017-05-07,36.0,False,2020-05-07,1,40.44,,40.44,BOAMP:20-114106,1.0,1.0,0.62998,0.926,0.39236,1.0,M0_balanced,M0_balanced; proxy recurrence: identifiable reappearance of a similar procurement need; not a legally verified renewal chain,0
BOAMP:17-56105,BOAMP_CURRENT,SIREN:264400268,SIREN_ENRICHED,Centre Hospitalier de Saint-Nazaire,264400268,,Software & Applications,False,48.0,2017-05-07,2017-05-07,60.0,False,2022-05-07,0,110.05,110.05,,,,,,,,,none,M0_balanced; proxy recurrence: identifiable reappearance of a similar procurement need; not a legally verified renewal chain,1
BOAMP:17-66007,BOAMP_CURRENT,NAME:ch mans,NAME,CH LE MANS,,,IT Services & Consulting,False,72.0,2017-05-12,2017-05-12,48.0,True,2021-05-12,0,109.89,109.89,,,,,,,,,none,M0_balanced; proxy recurrence: identifiable reappearance of a similar procurement need; not a legally verified renewal chain,1
BOAMP:17-67752,BOAMP_CURRENT,NAME:gpm nantes st nazaire,NAME,GPM de Nantes - St Nazaire,,,Telecom & Networks,False,32.0,2017-05-16,2017-05-16,48.0,True,2021-05-16,0,109.76,109.76,,,,,,,,,none,M0_balanced; proxy recurrence: identifiable reappearance of a similar procurement need; not a legally verified renewal chain,1
BOAMP:17-69161,BOAMP_CURRENT,SIREN:217500016,SIREN_ENRICHED,Ville du Mans,217500016,,Data & AI,False,37.0,2017-05-17,2017-05-17,48.0,True,2021-05-17,1,50.3,,50.3,BOAMP:21-103746,0.91351,,0.80869,0.89794,0.4648699999999999,1.0,M0_balanced,M0_balanced; proxy recurrence: identifiable reappearance of a similar procurement need; not a legally verified renewal chain,0
BOAMP:17-69162,BOAMP_CURRENT,SIREN:247200132,SIREN_ENRICHED,Le Mans Métropole - Communauté Urbaine,247200132,,IT Services & Consulting,False,72.0,2017-10-30,2017-10-30,30.0,False,2020-04-30,0,104.27,104.27,,,,,,,,,none,M0_balanced; proxy recurrence: identifiable reappearance of a similar procurement need; not a legally verified renewal chain,1
BOAMP:17-68186,BOAMP_CURRENT,SIREN:234400034,SIREN_ENRICHED,Conseil régional des Pays de la Loire,234400034,,IT Services & Consulting,True,72.0,2017-08-09,2017-08-09,12.0,False,2018-08-09,1,11.33,,11.33,BOAMP:18-103319,0.72996,0.2,0.94448,0.69148,0.0891999999999999,1.0,M0_balanced,M0_balanced; proxy recurrence: identifiable reappearance of a similar procurement need; not a legally verified renewal chain,0
BOAMP:17-59442,BOAMP_CURRENT,NAME:ademe,NAME,ADEME,,,IT Services & Consulting,False,72.0,2017-05-19,2017-05-19,48.0,False,2021-05-19,0,109.66,109.66,,,,,,,,,none,M0_balanced; proxy recurrence: identifiable reappearance of a similar procurement need; not a legally verified renewal chain,1
BOAMP:17-68883,BOAMP_CURRENT,NAME:arafer,NAME,ARAFER,,,IT Maintenance & Support,False,72.0,2017-05-19,2017-05-19,24.0,False,2019-05-19,0,109.66,109.66,,,,,,,,,none,M0_balanced; proxy recurrence: identifiable reappearance of a similar procurement need; not a legally verified renewal chain,1
BOAMP:17-71849,BOAMP_CURRENT,SIREN:234400034,SIREN_ENRICHED,Conseil régional des Pays de la Loire,234400034,,Digital Workplace & Collaboration,False,72.0,2017-08-09,2017-08-09,12.0,False,2018-08-09,0,106.96,106.96,,,,,,,,,none,M0_balanced; proxy recurrence: identifiable reappearance of a similar procurement need; not a legally verified renewal chain,1
BOAMP:17-71852,BOAMP_CURRENT,SIREN:284900016,SIREN_ENRICHED,SDIS 49,284900016,,Cybersecurity,False,35.0,2017-07-21,2017-07-21,48.0,True,2021-07-21,0,107.59,107.59,,,,,,,,,none,M0_balanced; proxy recurrence: identifiable reappearance of a similar procurement need; not a legally verified renewal chain,1
BOAMP:17-73536,BOAMP_CURRENT,SIREN:794304097,SIREN_ENRICHED,Nantes Métropole,794304097,,Software & Applications,True,48.0,2017-10-26,2017-10-26,60.0,False,2022-10-26,0,104.4,104.4,,,,,,,,,none,M0_balanced; proxy recurrence: identifiable reappearance of a similar procurement need; not a legally verified renewal chain,1
BOAMP:17-73142,BOAMP_CURRENT,SIREN:247200132,SIREN_ENRICHED,Le Mans Métropole - Communauté Urbaine,247200132,,Software & Applications,False,48.0,2017-08-22,2017-08-22,36.0,False,2020-08-22,0,106.54,106.54,,,,,,,,,none,M0_balanced; proxy recurrence: identifiable reappearance of a similar procurement need; not a legally verified renewal chain,1
BOAMP:17-73357,BOAMP_CURRENT,NAME:syndicat departemental energie,NAME,Syndicat Départemental d'Energie,,,Telecom & Networks,False,32.0,2017-10-26,2017-10-26,12.0,False,2018-10-26,0,104.4,104.4,,,,,,,,,none,M0_balanced; proxy recurrence: identifiable reappearance of a similar procurement need; not a legally verified renewal chain,1
BOAMP:17-72992,BOAMP_CURRENT,NAME:groupe etude controle vari,NAME,Groupe d'étude et de contrôle des vari,,,IT Services & Consulting,False,72.0,2017-07-17,2017-07-17,24.0,False,2019-07-17,0,107.72,107.72,,,,,,,,,none,M0_balanced; proxy recurrence: identifiable reappearance of a similar procurement need; not a legally verified renewal chain,1
BOAMP:17-74632,BOAMP_CURRENT,SIREN:130029747,SIREN_ENRICHED,Université de Nantes,130029747,,Software & Applications,True,48.0,2017-05-31,2017-05-31,48.0,True,2021-05-31,0,109.26,109.26,,,,,,,,,none,M0_balanced; proxy recurrence: identifiable reappearance of a similar procurement need; not a legally verified renewal chain,1
BOAMP:17-75817,BOAMP_CURRENT,SIREN:200053593,SIREN_ENRICHED,COMMUNE DE CHEMILLE EN ANJOU,200053593,,Software & Applications,False,48.0,2017-05-31,2017-05-31,48.0,True,2021-05-31,0,109.26,109.26,,,,,,,,,none,M0_balanced; proxy recurrence: identifiable reappearance of a similar procurement need; not a legally verified renewal chain,1
BOAMP:17-76729,BOAMP_CURRENT,NAME:dir interregionale sces penitentiaires,NAME,DIR INTERREGIONALE SCES PENITENTIAIRES,,,Telecom & Networks,False,32.0,2017-06-01,2017-06-01,48.0,True,2021-06-01,0,109.23,109.23,,,,,,,,,none,M0_balanced; proxy recurrence: identifiable reappearance of a similar procurement need; not a legally verified renewal chain,1
BOAMP:17-76616,BOAMP_CURRENT,SIREN:794304097,SIREN_ENRICHED,Nantes Métropole,794304097,,Cybersecurity,False,72.0,2017-06-03,2017-06-03,48.0,False,2021-06-03,0,109.17,109.17,,,,,,,,,none,M0_balanced; proxy recurrence: identifiable reappearance of a similar procurement need; not a legally verified renewal chain,1
BOAMP:17-77862,BOAMP_CURRENT,SIREN:234400034,SIREN_ENRICHED,Conseil régional des Pays de la Loire,234400034,,Unknown,False,34.0,2017-10-04,2017-10-04,12.0,False,2018-10-04,0,105.12,105.12,,,,,,,,,none,M0_balanced; proxy recurrence: identifiable reappearance of a similar procurement need; not a legally verified renewal chain,1
BOAMP:17-78402,BOAMP_CURRENT,SIREN:288500010,SIREN_ENRICHED,SDIS 85,288500010,,Telecom & Networks,False,,2017-06-06,2017-06-06,48.0,False,2021-06-06,0,109.07,109.07,,,,,,,,,none,M0_balanced; proxy recurrence: identifiable reappearance of a similar procurement need; not a legally verified renewal chain,1
BOAMP:17-78663,BOAMP_CURRENT,NAME:quinconces espal,NAME,Les Quinconces l'Espal,,,Telecom & Networks,False,32.0,2017-06-06,2017-06-06,48.0,True,2021-06-06,0,109.07,109.07,,,,,,,,,none,M0_balanced; proxy recurrence: identifiable reappearance of a similar procurement need; not a legally verified renewal chain,1
BOAMP:17-79002,BOAMP_CURRENT,SIREN:198513905,SIREN_ENRICHED,LYCEE POLYVALENT LEONARD DE VINCI,198513905,,Telecom & Networks,False,32.0,2017-06-07,2017-06-07,48.0,True,2021-06-07,0,109.03,109.03,,,,,,,,,none,M0_balanced; proxy recurrence: identifiable reappearance of a similar procurement need; not a legally verified renewal chain,1
BOAMP:17-68985,BOAMP_CURRENT,SIREN:794304097,SIREN_ENRICHED,Nantes Métropole,794304097,,Software & Applications,False,48.0,2017-10-16,2017-10-16,48.0,False,2021-10-16,0,104.73,104.73,,,,,,,,,none,M0_balanced; proxy recurrence: identifiable reappearance of a similar procurement need; not a legally verified renewal chain,1
BOAMP:17-80207,BOAMP_CURRENT,SIREN:214402042,SIREN_ENRICHED,Ville de Thouaré-sur-Loire,214402042,,Unknown,False,,2017-06-08,2017-06-08,48.0,True,2021-06-08,1,52.76,,52.76,BOAMP:21-146075,0.53806,,0.60337,0.63879,,1.0,M0_balanced,M0_balanced; proxy recurrence: identifiable reappearance of a similar procurement need; not a legally verified renewal chain,0
BOAMP:17-80194,BOAMP_CURRENT,SIREN:935367433,SIREN_ENRICHED,Conseil départemental Loire-Atlantique,935367433,,IT Services & Consulting,False,72.0,2017-06-08,2017-06-08,48.0,False,2021-06-08,0,109.0,109.0,,,,,,,,,none,M0_balanced; proxy recurrence: identifiable reappearance of a similar procurement need; not a legally verified renewal chain,1
BOAMP:17-80573,BOAMP_CURRENT,SIREN:284400017,SIREN_ENRICHED,SDIS 44,284400017,,Telecom & Networks,False,32.0,2017-10-17,2017-10-17,48.0,False,2021-10-17,0,104.7,104.7,,,,,,,,,none,M0_balanced; proxy recurrence: identifiable reappearance of a similar procurement need; not a legally verified renewal chain,1
BOAMP:17-80380,BOAMP_CURRENT,NAME:maine loire habitat office pub habitat,NAME,MAINE LOIRE HABITAT OFFICE PUB HABITAT,,,Telecom & Networks,False,32.0,2017-10-03,2017-10-03,48.0,False,2021-10-03,0,105.16,105.16,,,,,,,,,none,M0_balanced; proxy recurrence: identifiable reappearance of a similar procurement need; not a legally verified renewal chain,1
BOAMP:17-82963,BOAMP_CURRENT,SIREN:217500016,SIREN_ENRICHED,Ville du Mans,217500016,,Telecom & Networks,False,32.0,2017-10-09,2017-10-09,48.0,True,2021-10-09,0,104.96,104.96,,,,,,,,,none,M0_balanced; proxy recurrence: identifiable reappearance of a similar procurement need; not a legally verified renewal chain,1
BOAMP:17-85841,BOAMP_CURRENT,SIREN:234400034,SIREN_ENRICHED,Conseil régional des Pays de la Loire,234400034,,Software & Applications,False,48.0,2017-10-23,2017-10-23,12.0,False,2018-10-23,0,104.5,104.5,,,,,,,,,none,M0_balanced; proxy recurrence: identifiable reappearance of a similar procurement need; not a legally verified renewal chain,1
BOAMP:17-85294,BOAMP_CURRENT,SIREN:391722881,SIREN_ENRICHED,GIE SESAM Vitale,391722881,,Software & Applications,False,48.0,2017-06-21,2017-06-21,12.0,False,2018-06-21,0,108.57,108.57,,,,,,,,,none,M0_balanced; proxy recurrence: identifiable reappearance of a similar procurement need; not a legally verified renewal chain,1
BOAMP:17-88463,BOAMP_CURRENT,NAME:cesame ch sainte gemmes loire,NAME,CESAME - CH de Sainte Gemmes sur Loire,,,Telecom & Networks,False,32.0,2017-06-25,2017-06-25,39.0,False,2020-09-25,0,108.44,108.44,,,,,,,,,none,M0_balanced; proxy recurrence: identifiable reappearance of a similar procurement need; not a legally verified renewal chain,1
BOAMP:17-90424,BOAMP_CURRENT,NAME:regie dept passages eau vendee,NAME,Régie Dépt Passages d'Eau de Vendée,,,IT Services & Consulting,False,72.0,2017-06-27,2017-06-27,48.0,True,2021-06-27,1,51.38,,51.38,BOAMP:21-135182,0.60393,1.0,0.71835,0.73532,0.2920299999999999,1.0,M0_balanced,M0_balanced; proxy recurrence: identifiable reappearance of a similar procurement need; not a legally verified renewal chain,0
BOAMP:17-90049,BOAMP_CURRENT,SIREN:391722881,SIREN_ENRICHED,GIE SESAM Vitale,391722881,,Cybersecurity,False,35.0,2017-06-28,2017-06-28,12.0,False,2018-06-28,0,108.34,108.34,,,,,,,,,none,M0_balanced; proxy recurrence: identifiable reappearance of a similar procurement need; not a legally verified renewal chain,1
BOAMP:17-91935,BOAMP_CURRENT,SIREN:794304097,SIREN_ENRICHED,Nantes Métropole,794304097,,Telecom & Networks,False,32.0,2017-07-01,2017-07-01,48.0,False,2021-07-01,0,108.25,108.25,,,,,,,,,none,M0_balanced; proxy recurrence: identifiable reappearance of a similar procurement need; not a legally verified renewal chain,1
BOAMP:17-91530,BOAMP_CURRENT,SIREN:225300011,SIREN_ENRICHED,Conseil départemental de la Mayenne,225300011,,Unknown,False,45.0,2018-05-29,2018-05-29,24.0,False,2020-05-29,0,97.34,97.34,,,,,,,,,none,M0_balanced; proxy recurrence: identifiable reappearance of a similar procurement need; not a legally verified renewal chain,1
BOAMP:17-93042,BOAMP_CURRENT,SIREN:391722881,SIREN_ENRICHED,GIE SESAM Vitale,391722881,,IT Services & Consulting,False,72.0,2017-07-02,2017-07-02,24.0,False,2019-07-02,0,108.21,108.21,,,,,,,,,none,M0_balanced; proxy recurrence: identifiable reappearance of a similar procurement need; not a legally verified renewal chain,1
BOAMP:17-93666,BOAMP_CURRENT,SIREN:264400136,SIREN_ENRICHED,CHU de Nantes,264400136,,IT Services & Consulting,False,72.0,2017-07-03,2017-07-03,48.0,True,2021-07-03,0,108.18,108.18,,,,,,,,,none,M0_balanced; proxy recurrence: identifiable reappearance of a similar procurement need; not a legally verified renewal chain,1
BOAMP:17-93952,BOAMP_CURRENT,SIREN:391722881,SIREN_ENRICHED,GIE SESAM Vitale,391722881,,Digital Workplace & Collaboration,False,72.0,2018-05-14,2018-05-14,24.0,False,2020-05-14,1,37.68,,37.68,BOAMP:21-91773,0.7107,1.0,0.0,0.6785,0.0893699999999999,1.0,M0_balanced,M0_balanced; proxy recurrence: identifiable reappearance of a similar procurement need; not a legally verified renewal chain,0
BOAMP:17-97519,BOAMP_CURRENT,SIREN:214402042,SIREN_ENRICHED,Ville de Thouaré-sur-Loire,214402042,,Digital Workplace & Collaboration,False,72.0,2017-07-07,2017-07-07,48.0,True,2021-07-07,1,51.81,,51.81,BOAMP:21-146075,0.63591,0.4,0.68276,0.64564,,1.0,M0_balanced,M0_balanced; proxy recurrence: identifiable reappearance of a similar procurement need; not a legally verified renewal chain,0
BOAMP:17-97609,BOAMP_CURRENT,SIREN:284400017,SIREN_ENRICHED,SDIS 44,284400017,,Cybersecurity,False,35.0,2017-07-07,2017-07-07,48.0,True,2021-07-07,1,44.51,,44.51,BOAMP:21-38984,0.68457,0.4,0.70948,0.67142,0.29582,1.0,M0_balanced,M0_balanced; proxy recurrence: identifiable reappearance of a similar procurement need; not a legally verified renewal chain,0
BOAMP:17-94724,BOAMP_CURRENT,SIREN:214401846,SIREN_ENRICHED,Commune de Saint-Nazaire,214401846,,Telecom & Networks,False,32.0,2017-10-03,2017-10-03,36.0,False,2020-10-03,0,105.16,105.16,,,,,,,,,none,M0_balanced; proxy recurrence: identifiable reappearance of a similar procurement need; not a legally verified renewal chain,1
BOAMP:17-98996,BOAMP_CURRENT,SIREN:214401622,SIREN_ENRICHED,Commune de Saint-Herblain,214401622,,IT Services & Consulting,False,72.0,2017-07-11,2017-07-11,36.0,False,2020-07-11,0,107.92,107.92,,,,,,,,,none,M0_balanced; proxy recurrence: identifiable reappearance of a similar procurement need; not a legally verified renewal chain,1
BOAMP:17-96902,BOAMP_CURRENT,SIREN:214401846,SIREN_ENRICHED,Commune de Saint-Nazaire,214401846,,Software & Applications,False,48.0,2017-07-13,2017-07-13,48.0,False,2021-07-13,0,107.85,107.85,,,,,,,,,none,M0_balanced; proxy recurrence: identifiable reappearance of a similar procurement need; not a legally verified renewal chain,1
BOAMP:17-82154,BOAMP_CURRENT,SIREN:794304097,SIREN_ENRICHED,Nantes Métropole,794304097,,Unknown,False,79.0,2017-07-13,2017-07-13,36.0,False,2020-07-13,0,107.85,107.85,,,,,,,,,none,M0_balanced; proxy recurrence: identifiable reappearance of a similar procurement need; not a legally verified renewal chain,1
BOAMP:17-100085,BOAMP_CURRENT,SIREN:244900015,SIREN_ENRICHED,Angers Loire Métropole,244900015,,Unknown,False,42.0,2017-11-10,2017-11-10,24.0,False,2019-11-10,0,103.91,103.91,,,,,,,,,none,M0_balanced; proxy recurrence: identifiable reappearance of a similar procurement need; not a legally verified renewal chain,1
BOAMP:17-101340,BOAMP_CURRENT,NAME:crous rennes,NAME,CROUS de Rennes,,,Telecom & Networks,False,32.0,2017-07-15,2017-07-15,48.0,True,2021-07-15,0,107.79,107.79,,,,,,,,,none,M0_balanced; proxy recurrence: identifiable reappearance of a similar procurement need; not a legally verified renewal chain,1
BOAMP:17-102708,BOAMP_CURRENT,SIREN:234400034,SIREN_ENRICHED,Conseil régional des Pays de la Loire,234400034,,Software & Applications,False,48.0,2017-07-18,2017-07-18,36.0,False,2020-07-18,0,107.69,107.69,,,,,,,,,none,M0_balanced; proxy recurrence: identifiable reappearance of a similar procurement need; not a legally verified renewal chain,1
BOAMP:17-102482,BOAMP_CURRENT,SIREN:264400136,SIREN_ENRICHED,CHU de Nantes,264400136,,IT Services & Consulting,False,72.0,2017-07-18,2017-07-18,48.0,True,2021-07-18,0,107.69,107.69,,,,,,,,,none,M0_balanced; proxy recurrence: identifiable reappearance of a similar procurement need; not a legally verified renewal chain,1
BOAMP:17-102187,BOAMP_CURRENT,SIREN:194909701,SIREN_ENRICHED,Université d'Angers,194909701,,Telecom & Networks,False,32.0,2017-07-19,2017-07-19,36.0,False,2020-07-19,1,34.53,,34.53,BOAMP:19-190328,0.55312,0.4,0.87724,0.64976,0.0853,1.0,M0_balanced,M0_balanced; proxy recurrence: identifiable reappearance of a similar procurement need; not a legally verified renewal chain,0
BOAMP:17-100105,BOAMP_CURRENT,SIREN:214401846,SIREN_ENRICHED,Commune de Saint-Nazaire,214401846,,Software & Applications,True,48.0,2017-11-15,2017-11-15,12.0,False,2018-11-15,0,103.75,103.75,,,,,,,,,none,M0_balanced; proxy recurrence: identifiable reappearance of a similar procurement need; not a legally verified renewal chain,1
BOAMP:17-103193,BOAMP_CURRENT,SIREN:234400034,SIREN_ENRICHED,Conseil régional des Pays de la Loire,234400034,,Software & Applications,True,48.0,2018-03-19,2018-03-19,48.0,True,2022-03-19,0,99.67,99.67,,,,,,,,,none,M0_balanced; proxy recurrence: identifiable reappearance of a similar procurement need; not a legally verified renewal chain,1
BOAMP:17-102923,BOAMP_CURRENT,SIREN:234400034,SIREN_ENRICHED,Conseil régional des Pays de la Loire,234400034,,Software & Applications,True,48.0,2017-07-20,2017-07-20,48.0,False,2021-07-20,0,107.62,107.62,,,,,,,,,none,M0_balanced; proxy recurrence: identifiable reappearance of a similar procurement need; not a legally verified renewal chain,1
BOAMP:17-103816,BOAMP_CURRENT,NAME:dirisi,NAME,DIRISI,,,Telecom & Networks,True,32.0,2017-12-20,2017-12-20,66.0,False,2023-06-20,0,102.6,102.6,,,,,,,,,none,M0_balanced; proxy recurrence: identifiable reappearance of a similar procurement need; not a legally verified renewal chain,1
BOAMP:17-102568,BOAMP_CURRENT,SIREN:524795564,SIREN_ENRICHED,CARENE,524795564,,Software & Applications,False,48.0,2017-07-21,2017-07-21,48.0,False,2021-07-21,0,107.59,107.59,,,,,,,,,none,M0_balanced; proxy recurrence: identifiable reappearance of a similar procurement need; not a legally verified renewal chain,1
BOAMP:17-104235,BOAMP_CURRENT,SIREN:391722881,SIREN_ENRICHED,GIE SESAM Vitale,391722881,,Software & Applications,False,48.0,2017-07-22,2017-07-22,36.0,False,2020-07-22,0,107.56,107.56,,,,,,,,,none,M0_balanced; proxy recurrence: identifiable reappearance of a similar procurement need; not a legally verified renewal chain,1
BOAMP:17-104895,BOAMP_CURRENT,SIREN:264900390,SIREN_ENRICHED,Centre Hospitalier de Cholet,264900390,,Cybersecurity,False,35.0,2017-10-09,2017-10-09,48.0,True,2021-10-09,0,104.96,104.96,,,,,,,,,none,M0_balanced; proxy recurrence: identifiable reappearance of a similar procurement need; not a legally verified renewal chain,1
BOAMP:17-104307,BOAMP_CURRENT,SIREN:214401846,SIREN_ENRICHED,Commune de Saint-Nazaire,214401846,,Unknown,False,39.0,2017-11-09,2017-11-09,48.0,False,2021-11-09,0,103.94,103.94,,,,,,,,,none,M0_balanced; proxy recurrence: identifiable reappearance of a similar procurement need; not a legally verified renewal chain,1
BOAMP:17-105683,BOAMP_CURRENT,SIREN:247200132,SIREN_ENRICHED,Le Mans Métropole - Communauté Urbaine,247200132,,Software & Applications,False,39.0,2017-12-20,2017-12-20,2.0,False,2018-02-20,0,102.6,102.6,,,,,,,,,none,M0_balanced; proxy recurrence: identifiable reappearance of a similar procurement need; not a legally verified renewal chain,1
BOAMP:17-106453,BOAMP_CURRENT,SIREN:214401580,SIREN_ENRICHED,Mairie de Saint Etienne de Montluc,214401580,,Telecom & Networks,False,,2017-07-24,2017-07-24,48.0,True,2021-07-24,0,107.49,107.49,,,,,,,,,none,M0_balanced; proxy recurrence: identifiable reappearance of a similar procurement need; not a legally verified renewal chain,1
BOAMP:17-106009,BOAMP_CURRENT,SIREN:794304097,SIREN_ENRICHED,Nantes Métropole,794304097,,Cybersecurity,False,72.0,2017-11-26,2017-11-26,48.0,False,2021-11-26,0,103.38,103.38,,,,,,,,,none,M0_balanced; proxy recurrence: identifiable reappearance of a similar procurement need; not a legally verified renewal chain,1
BOAMP:17-106845,BOAMP_CURRENT,SIREN:214900201,SIREN_ENRICHED,Ville de Beaucouzé,214900201,,Unknown,False,45.0,2017-11-08,2017-11-08,14.0,False,2019-01-08,0,103.98,103.98,,,,,,,,,none,M0_balanced; proxy recurrence: identifiable reappearance of a similar procurement need; not a legally verified renewal chain,1
BOAMP:17-109941,BOAMP_CURRENT,SIREN:214401846,SIREN_ENRICHED,Commune de Saint-Nazaire,214401846,,Software & Applications,False,48.0,2017-11-13,2017-11-13,12.0,False,2018-11-13,0,103.81,103.81,,,,,,,,,none,M0_balanced; proxy recurrence: identifiable reappearance of a similar procurement need; not a legally verified renewal chain,1
BOAMP:17-110921,BOAMP_CURRENT,SIREN:194401006,SIREN_ENRICHED,Ecole Centrale de Nantes,194401006,,Software & Applications,False,48.0,2017-12-18,2017-12-18,48.0,False,2021-12-18,0,102.66,102.66,,,,,,,,,none,M0_balanced; proxy recurrence: identifiable reappearance of a similar procurement need; not a legally verified renewal chain,1
BOAMP:17-103068,BOAMP_CURRENT,SIREN:241700434,SIREN_ENRICHED,COMMUNAUTE D AGGLOMERATION LA ROCHELLE,241700434,,Telecom & Networks,False,32.0,2017-08-10,2017-08-10,48.0,True,2021-08-10,0,106.93,106.93,,,,,,,,,none,M0_balanced; proxy recurrence: identifiable reappearance of a similar procurement need; not a legally verified renewal chain,1
BOAMP:17-115008,BOAMP_CURRENT,SIREN:281700252,SIREN_ENRICHED,SDIS 17,281700252,,Data & AI,False,,2017-08-10,2017-08-10,12.0,False,2018-08-10,0,106.93,106.93,,,,,,,,,none,M0_balanced; proxy recurrence: identifiable reappearance of a similar procurement need; not a legally verified renewal chain,1
BOAMP:17-114118,BOAMP_CURRENT,SIREN:234400034,SIREN_ENRICHED,Conseil régional des Pays de la Loire,234400034,,Software & Applications,True,48.0,2017-12-28,2017-12-28,48.0,True,2021-12-28,1,45.34,,45.34,BOAMP:21-67771,0.63966,0.2,0.77792,0.62024,0.04732,1.0,M0_balanced,M0_balanced; proxy recurrence: identifiable reappearance of a similar procurement need; not a legally verified renewal chain,0
BOAMP:17-114694,BOAMP_CURRENT,NAME:hop intercommunal baugeois val,NAME,HOP INTERCOMMUNAL DU BAUGEOIS ET VAL,,,Telecom & Networks,False,32.0,2017-12-12,2017-12-12,12.0,False,2018-12-12,0,102.86,102.86,,,,,,,,,none,M0_balanced; proxy recurrence: identifiable reappearance of a similar procurement need; not a legally verified renewal chain,1
BOAMP:17-111330,BOAMP_CURRENT,SIREN:794304097,SIREN_ENRICHED,Nantes Métropole,794304097,,Cybersecurity,False,72.0,2018-01-16,2018-01-16,12.0,False,2019-01-16,0,101.71,101.71,,,,,,,,,none,M0_balanced; proxy recurrence: identifiable reappearance of a similar procurement need; not a legally verified renewal chain,1
BOAMP:17-115598,BOAMP_CURRENT,NAME:drac pays loire,NAME,DRAC Pays de la Loire,,,Data & AI,False,92.0,2017-08-12,2017-08-12,5.0,False,2018-01-12,0,106.87,106.87,,,,,,,,,none,M0_balanced; proxy recurrence: identifiable reappearance of a similar procurement need; not a legally verified renewal chain,1
BOAMP:17-117075,BOAMP_CURRENT,NAME:syndicat mixte dvlpt numerique,NAME,SYNDICAT MIXTE POUR LE DVLPT NUMERIQUE,,,IT Services & Consulting,False,72.0,2017-08-17,2017-08-17,48.0,True,2021-08-17,1,49.61,,49.61,BOAMP:21-133433,0.97907,1.0,0.86618,0.92244,,1.0,M0_balanced,M0_balanced; proxy recurrence: identifiable reappearance of a similar procurement need; not a legally verified renewal chain,0
BOAMP:17-117591,BOAMP_CURRENT,SIREN:217201540,SIREN_ENRICHED,Commune de La Flèche,217201540,,Unknown,True,45.0,2017-08-18,2017-08-18,48.0,True,2021-08-18,0,106.67,106.67,,,,,,,,,none,M0_balanced; proxy recurrence: identifiable reappearance of a similar procurement need; not a legally verified renewal chain,1
BOAMP:17-118765,BOAMP_CURRENT,SIREN:234400034,SIREN_ENRICHED,Conseil régional des Pays de la Loire,234400034,,Software & Applications,False,48.0,2017-12-14,2017-12-14,12.0,False,2018-12-14,0,102.79,102.79,,,,,,,,,none,M0_balanced; proxy recurrence: identifiable reappearance of a similar procurement need; not a legally verified renewal chain,1
BOAMP:17-119142,BOAMP_CURRENT,NAME:prefecture,NAME,Préfecture,,,IT Services & Consulting,False,72.0,2017-08-23,2017-08-23,48.0,True,2021-08-23,0,106.5,106.5,,,,,,,,,none,M0_balanced; proxy recurrence: identifiable reappearance of a similar procurement need; not a legally verified renewal chain,1
BOAMP:17-120212,BOAMP_CURRENT,SIREN:234400034,SIREN_ENRICHED,Conseil régional des Pays de la Loire,234400034,,IT Services & Consulting,True,72.0,2017-12-15,2017-12-15,12.0,False,2018-12-15,0,102.76,102.76,,,,,,,,,none,M0_balanced; proxy recurrence: identifiable reappearance of a similar procurement need; not a legally verified renewal chain,1
BOAMP:17-115928,BOAMP_CURRENT,NAME:ademe,NAME,ADEME,,,IT Services & Consulting,False,72.0,2018-04-24,2018-04-24,48.0,False,2022-04-24,0,98.49,98.49,,,,,,,,,none,M0_balanced; proxy recurrence: identifiable reappearance of a similar procurement need; not a legally verified renewal chain,1
BOAMP:17-120545,BOAMP_CURRENT,NAME:e collectivites vendee,NAME,e-Collectivités Vendée,,,IT Services & Consulting,False,72.0,2017-11-06,2017-11-06,12.0,False,2018-11-06,0,104.04,104.04,,,,,,,,,none,M0_balanced; proxy recurrence: identifiable reappearance of a similar procurement need; not a legally verified renewal chain,1
BOAMP:17-123450,BOAMP_CURRENT,SIREN:935367433,SIREN_ENRICHED,Conseil départemental Loire-Atlantique,935367433,,Software & Applications,False,48.0,2017-09-03,2017-09-03,48.0,False,2021-09-03,0,106.14,106.14,,,,,,,,,none,M0_balanced; proxy recurrence: identifiable reappearance of a similar procurement need; not a legally verified renewal chain,1
BOAMP:17-123584,BOAMP_CURRENT,SIREN:200006971,SIREN_ENRICHED,Communauté de Communes du Perche,200006971,,Data & AI,True,45.0,2017-12-04,2017-12-04,7.0,False,2018-07-04,0,103.12,103.12,,,,,,,,,none,M0_balanced; proxy recurrence: identifiable reappearance of a similar procurement need; not a legally verified renewal chain,1
BOAMP:17-123367,BOAMP_CURRENT,SIREN:865800767,SIREN_ENRICHED,Loire Ocean developpement,865800767,,Unknown,False,45.0,2017-12-12,2017-12-12,96.0,False,2025-12-12,0,102.86,102.86,,,,,,,,,none,M0_balanced; proxy recurrence: identifiable reappearance of a similar procurement need; not a legally verified renewal chain,1
BOAMP:17-124242,BOAMP_CURRENT,SIREN:287200265,SIREN_ENRICHED,SDIS de la Sarthe,287200265,,Cybersecurity,False,35.0,2017-10-27,2017-10-27,48.0,True,2021-10-27,0,104.37,104.37,,,,,,,,,none,M0_balanced; proxy recurrence: identifiable reappearance of a similar procurement need; not a legally verified renewal chain,1
BOAMP:17-123595,BOAMP_CURRENT,SIREN:244400404,SIREN_ENRICHED,METROPOLE NANTES METROPOLE,244400404,,Telecom & Networks,False,44.0,2018-01-18,2018-01-18,12.0,False,2019-01-18,0,101.64,101.64,,,,,,,,,none,M0_balanced; proxy recurrence: identifiable reappearance of a similar procurement need; not a legally verified renewal chain,1
BOAMP:17-124586,BOAMP_CURRENT,SIREN:194909701,SIREN_ENRICHED,Université d'Angers,194909701,,IT Services & Consulting,False,72.0,2017-12-15,2017-12-15,36.0,False,2020-12-15,1,33.15,,33.15,BOAMP:20-114106,1.0,1.0,0.76226,0.95245,0.5042800000000001,1.0,M0_balanced,M0_balanced; proxy recurrence: identifiable reappearance of a similar procurement need; not a legally verified renewal chain,0
BOAMP:17-128615,BOAMP_CURRENT,SIREN:924405756,SIREN_ENRICHED,INSERM,924405756,,IT Services & Consulting,False,72.0,2017-09-14,2017-09-14,24.0,False,2019-09-14,0,105.78,105.78,,,,,,,,,none,M0_balanced; proxy recurrence: identifiable reappearance of a similar procurement need; not a legally verified renewal chain,1
BOAMP:17-129931,BOAMP_CURRENT,NAME:cmar pays loire,NAME,CMAR Pays de La Loire,,,IT Services & Consulting,False,72.0,2017-09-17,2017-09-17,48.0,False,2021-09-17,0,105.68,105.68,,,,,,,,,none,M0_balanced; proxy recurrence: identifiable reappearance of a similar procurement need; not a legally verified renewal chain,1
BOAMP:17-127198,BOAMP_CURRENT,SIREN:524795564,SIREN_ENRICHED,CARENE,524795564,,Unknown,False,44.0,2017-12-19,2017-12-19,12.0,False,2018-12-19,0,102.63,102.63,,,,,,,,,none,M0_balanced; proxy recurrence: identifiable reappearance of a similar procurement need; not a legally verified renewal chain,1
BOAMP:17-130980,BOAMP_CURRENT,NAME:e collectivites vendee,NAME,e-Collectivités Vendée,,,IT Services & Consulting,False,72.0,2017-09-17,2017-09-17,48.0,False,2021-09-17,0,105.68,105.68,,,,,,,,,none,M0_balanced; proxy recurrence: identifiable reappearance of a similar procurement need; not a legally verified renewal chain,1
BOAMP:17-117419,BOAMP_CURRENT,NAME:dsna,NAME,DSNA,,,Telecom & Networks,False,32.0,2017-12-13,2017-12-13,48.0,False,2021-12-13,0,102.83,102.83,,,,,,,,,none,M0_balanced; proxy recurrence: identifiable reappearance of a similar procurement need; not a legally verified renewal chain,1
BOAMP:17-133782,BOAMP_CURRENT,SIREN:214401325,SIREN_ENRICHED,Ville de Pornichet,214401325,,IT Services & Consulting,False,72.0,2017-09-22,2017-09-22,12.0,False,2018-09-22,0,105.52,105.52,,,,,,,,,none,M0_balanced; proxy recurrence: identifiable reappearance of a similar procurement need; not a legally verified renewal chain,1
BOAMP:17-135447,BOAMP_CURRENT,SIREN:130029747,SIREN_ENRICHED,Université de Nantes,130029747,,Data & AI,False,,2017-09-26,2017-09-26,48.0,True,2021-09-26,0,105.39,105.39,,,,,,,,,none,M0_balanced; proxy recurrence: identifiable reappearance of a similar procurement need; not a legally verified renewal chain,1
BOAMP:17-134575,BOAMP_CURRENT,SIREN:110006012,SIREN_ENRICHED,Ministère des Affaires étrangères,110006012,,Cybersecurity,False,72.0,2018-01-16,2018-01-16,48.0,False,2022-01-16,0,101.71,101.71,,,,,,,,,none,M0_balanced; proxy recurrence: identifiable reappearance of a similar procurement need; not a legally verified renewal chain,1
BOAMP:17-135932,BOAMP_CURRENT,SIREN:188500490,SIREN_ENRICHED,Chambre de Commerce et d'Industrie,188500490,,Unknown,False,45.0,2017-09-28,2017-09-28,48.0,True,2021-09-28,0,105.32,105.32,,,,,,,,,none,M0_balanced; proxy recurrence: identifiable reappearance of a similar procurement need; not a legally verified renewal chain,1
BOAMP:17-136551,BOAMP_CURRENT,SIREN:130001704,SIREN_ENRICHED,DIR INTERDEPARTEMENTALE ROUTES OUEST,130001704,,IT Services & Consulting,False,72.0,2017-09-30,2017-09-30,48.0,False,2021-09-30,0,105.26,105.26,,,,,,,,,none,M0_balanced; proxy recurrence: identifiable reappearance of a similar procurement need; not a legally verified renewal chain,1
BOAMP:17-130666,BOAMP_CURRENT,NAME:ademe,NAME,ADEME,,,IT Maintenance & Support,False,72.0,2017-10-01,2017-10-01,48.0,False,2021-10-01,0,105.22,105.22,,,,,,,,,none,M0_balanced; proxy recurrence: identifiable reappearance of a similar procurement need; not a legally verified renewal chain,1
BOAMP:17-138140,BOAMP_CURRENT,SIREN:214400558,SIREN_ENRICHED,Commune de La Baule,214400558,,Telecom & Networks,False,32.0,2018-01-02,2018-01-02,12.0,False,2019-01-02,0,102.17,102.17,,,,,,,,,none,M0_balanced; proxy recurrence: identifiable reappearance of a similar procurement need; not a legally verified renewal chain,1
BOAMP:17-140377,BOAMP_CURRENT,SIREN:234400034,SIREN_ENRICHED,Conseil régional des Pays de la Loire,234400034,,Cybersecurity,False,72.0,2017-12-14,2017-12-14,24.0,False,2019-12-14,0,102.79,102.79,,,,,,,,,none,M0_balanced; proxy recurrence: identifiable reappearance of a similar procurement need; not a legally verified renewal chain,1
BOAMP:17-141116,BOAMP_CURRENT,SIREN:217500016,SIREN_ENRICHED,Ville du Mans,217500016,,Telecom & Networks,False,18.0,2017-10-06,2017-10-06,48.0,True,2021-10-06,1,58.31,,58.31,BOAMP:22-73696,0.96411,1.0,0.14071,0.81307,0.2107899999999999,1.0,M0_balanced,M0_balanced; proxy recurrence: identifiable reappearance of a similar procurement need; not a legally verified renewal chain,0
BOAMP:17-140760,BOAMP_CURRENT,NAME:plate forme achats finances nord est,NAME,Plate Forme Achats Finances Nord Est,,,Cybersecurity,False,35.0,2017-10-08,2017-10-08,12.0,False,2018-10-08,0,104.99,104.99,,,,,,,,,none,M0_balanced; proxy recurrence: identifiable reappearance of a similar procurement need; not a legally verified renewal chain,1
BOAMP:17-140948,BOAMP_CURRENT,SIREN:234400034,SIREN_ENRICHED,Conseil régional des Pays de la Loire,234400034,,Software & Applications,True,48.0,2017-12-30,2017-12-30,48.0,True,2021-12-30,1,45.27,,45.27,BOAMP:21-67771,0.72822,0.2,0.77245,0.65634,0.04268,1.0,M0_balanced,M0_balanced; proxy recurrence: identifiable reappearance of a similar procurement need; not a legally verified renewal chain,0
BOAMP:17-142028,BOAMP_CURRENT,SIREN:130029747,SIREN_ENRICHED,Université de Nantes,130029747,,IT Services & Consulting,False,72.0,2017-10-11,2017-10-11,47.0,False,2021-09-11,0,104.89,104.89,,,,,,,,,none,M0_balanced; proxy recurrence: identifiable reappearance of a similar procurement need; not a legally verified renewal chain,1
BOAMP:17-142035,BOAMP_CURRENT,SIREN:234400034,SIREN_ENRICHED,Conseil régional des Pays de la Loire,234400034,,Software & Applications,True,48.0,2017-12-26,2017-12-26,48.0,False,2021-12-26,0,102.4,102.4,,,,,,,,,none,M0_balanced; proxy recurrence: identifiable reappearance of a similar procurement need; not a legally verified renewal chain,1
BOAMP:17-144102,BOAMP_CURRENT,SIREN:130029747,SIREN_ENRICHED,Université de Nantes,130029747,,Cybersecurity,False,35.0,2018-02-01,2018-02-01,48.0,True,2022-02-01,0,101.18,101.18,,,,,,,,,none,M0_balanced; proxy recurrence: identifiable reappearance of a similar procurement need; not a legally verified renewal chain,1
BOAMP:17-143241,BOAMP_CURRENT,SIREN:794304097,SIREN_ENRICHED,Nantes Métropole,794304097,,Software & Applications,True,48.0,2018-06-20,2018-06-20,60.0,False,2023-06-20,0,96.62,96.62,,,,,,,,,none,M0_balanced; proxy recurrence: identifiable reappearance of a similar procurement need; not a legally verified renewal chain,1
BOAMP:17-148560,BOAMP_CURRENT,NAME:cc pays chantonnay,NAME,CC DU PAYS DE CHANTONNAY,,,IT Services & Consulting,False,72.0,2017-10-22,2017-10-22,48.0,False,2021-10-22,0,104.53,104.53,,,,,,,,,none,M0_balanced; proxy recurrence: identifiable reappearance of a similar procurement need; not a legally verified renewal chain,1
BOAMP:17-147216,BOAMP_CURRENT,SIREN:865800767,SIREN_ENRICHED,Loire Ocean developpement,865800767,,Unknown,False,45.0,2017-10-23,2017-10-23,54.0,False,2022-04-23,0,104.5,104.5,,,,,,,,,none,M0_balanced; proxy recurrence: identifiable reappearance of a similar procurement need; not a legally verified renewal chain,1
BOAMP:17-152746,BOAMP_CURRENT,NAME:ctre hosp universitaire angers,NAME,CTRE HOSP UNIVERSITAIRE ANGERS,,,Software & Applications,True,48.0,2017-12-08,2017-12-08,48.0,False,2021-12-08,0,102.99,102.99,,,,,,,,,none,M0_balanced; proxy recurrence: identifiable reappearance of a similar procurement need; not a legally verified renewal chain,1
BOAMP:17-155889,BOAMP_CURRENT,SIREN:180092025,SIREN_ENRICHED,Institut Mines-Télécom Atlantique,180092025,,Telecom & Networks,False,32.0,2018-02-09,2018-02-09,6.0,False,2018-08-09,0,100.92,100.92,,,,,,,,,none,M0_balanced; proxy recurrence: identifiable reappearance of a similar procurement need; not a legally verified renewal chain,1
BOAMP:17-158731,BOAMP_CURRENT,SIREN:228500013,SIREN_ENRICHED,Département de la Vendée,228500013,,IT Services & Consulting,False,72.0,2018-02-27,2018-02-27,48.0,True,2022-02-27,1,60.94,,60.94,BOAMP:23-41648,0.68122,1.0,0.0,0.66611,0.1356999999999999,1.0,M0_balanced,M0_balanced; proxy recurrence: identifiable reappearance of a similar procurement need; not a legally verified renewal chain,0
BOAMP:17-159373,BOAMP_CURRENT,SIREN:264400136,SIREN_ENRICHED,CHU de Nantes,264400136,,IT Services & Consulting,False,72.0,2018-04-03,2018-04-03,48.0,False,2022-04-03,1,50.66,,50.66,BOAMP:22-87982,0.73718,1.0,0.77858,0.84533,0.1331299999999999,1.0,M0_balanced,M0_balanced; proxy recurrence: identifiable reappearance of a similar procurement need; not a legally verified renewal chain,0
BOAMP:17-158224,BOAMP_CURRENT,SIREN:794304097,SIREN_ENRICHED,Nantes Métropole,794304097,,Software & Applications,True,48.0,2018-04-24,2018-04-24,48.0,False,2022-04-24,0,98.49,98.49,,,,,,,,,none,M0_balanced; proxy recurrence: identifiable reappearance of a similar procurement need; not a legally verified renewal chain,1
BOAMP:17-159853,BOAMP_CURRENT,SIREN:244900015,SIREN_ENRICHED,Angers Loire Métropole,244900015,,IT Services & Consulting,False,72.0,2017-11-13,2017-11-13,36.0,False,2020-11-13,0,103.81,103.81,,,,,,,,,none,M0_balanced; proxy recurrence: identifiable reappearance of a similar procurement need; not a legally verified renewal chain,1
BOAMP:17-161917,BOAMP_CURRENT,SIREN:935367433,SIREN_ENRICHED,Conseil départemental Loire-Atlantique,935367433,,IT Maintenance & Support,False,72.0,2017-11-18,2017-11-18,12.0,False,2018-11-18,1,11.24,,11.24,BOAMP:18-149893,0.5395,1.0,0.93627,0.79384,0.11682,1.0,M0_balanced,M0_balanced; proxy recurrence: identifiable reappearance of a similar procurement need; not a legally verified renewal chain,0
BOAMP:17-161006,BOAMP_CURRENT,SIREN:244900015,SIREN_ENRICHED,Angers Loire Métropole,244900015,,Software & Applications,False,48.0,2018-11-21,2018-11-21,48.0,False,2022-11-21,0,91.56,91.56,,,,,,,,,none,M0_balanced; proxy recurrence: identifiable reappearance of a similar procurement need; not a legally verified renewal chain,1
BOAMP:17-163707,BOAMP_CURRENT,SIREN:391722881,SIREN_ENRICHED,GIE SESAM Vitale,391722881,,IT Services & Consulting,False,72.0,2017-11-22,2017-11-22,24.0,False,2019-11-22,0,103.52,103.52,,,,,,,,,none,M0_balanced; proxy recurrence: identifiable reappearance of a similar procurement need; not a legally verified renewal chain,1
BOAMP:17-161606,BOAMP_CURRENT,SIREN:524795564,SIREN_ENRICHED,CARENE,524795564,,Telecom & Networks,False,32.0,2017-11-23,2017-11-23,48.0,True,2021-11-23,0,103.48,103.48,,,,,,,,,none,M0_balanced; proxy recurrence: identifiable reappearance of a similar procurement need; not a legally verified renewal chain,1
BOAMP:17-165149,BOAMP_CURRENT,NAME:oniris,NAME,ONIRIS,,,Digital Workplace & Collaboration,False,72.0,2017-11-25,2017-11-25,12.0,False,2018-11-25,0,103.42,103.42,,,,,,,,,none,M0_balanced; proxy recurrence: identifiable reappearance of a similar procurement need; not a legally verified renewal chain,1
BOAMP:17-165815,BOAMP_CURRENT,NAME:dreal bretagne,NAME,DREAL BRETAGNE,,,Software & Applications,True,48.0,2018-06-05,2018-06-05,48.0,False,2022-06-05,0,97.11,97.11,,,,,,,,,none,M0_balanced; proxy recurrence: identifiable reappearance of a similar procurement need; not a legally verified renewal chain,1
BOAMP:17-165817,BOAMP_CURRENT,NAME:dreal bretagne,NAME,DREAL BRETAGNE,,,Software & Applications,True,48.0,2018-05-18,2018-05-18,48.0,False,2022-05-18,0,97.7,97.7,,,,,,,,,none,M0_balanced; proxy recurrence: identifiable reappearance of a similar procurement need; not a legally verified renewal chain,1
BOAMP:17-166932,BOAMP_CURRENT,SIREN:130025158,SIREN_ENRICHED,Casier judiciaire national,130025158,,Telecom & Networks,False,32.0,2017-11-27,2017-11-27,48.0,True,2021-11-27,0,103.35,103.35,,,,,,,,,none,M0_balanced; proxy recurrence: identifiable reappearance of a similar procurement need; not a legally verified renewal chain,1
BOAMP:17-167643,BOAMP_CURRENT,SIREN:935367433,SIREN_ENRICHED,Conseil départemental Loire-Atlantique,935367433,,Telecom & Networks,False,32.0,2017-11-28,2017-11-28,12.0,False,2018-11-28,0,103.32,103.32,,,,,,,,,none,M0_balanced; proxy recurrence: identifiable reappearance of a similar procurement need; not a legally verified renewal chain,1
BOAMP:17-167707,BOAMP_CURRENT,SIREN:794304097,SIREN_ENRICHED,Nantes Métropole,794304097,,Software & Applications,True,48.0,2017-11-28,2017-11-28,48.0,False,2021-11-28,1,46.88,,46.88,BOAMP:21-143183,0.61871,0.2,0.90659,0.63718,0.0345099999999999,1.0,M0_balanced,M0_balanced; proxy recurrence: identifiable reappearance of a similar procurement need; not a legally verified renewal chain,0
BOAMP:17-168569,BOAMP_CURRENT,SIREN:794304097,SIREN_ENRICHED,Nantes Métropole,794304097,,GIS & Mapping,False,72.0,2017-11-29,2017-11-29,48.0,True,2021-11-29,1,50.39,,50.39,BOAMP:22-21573,0.7862,1.0,0.80048,0.8703,0.2819899999999999,1.0,M0_balanced,M0_balanced; proxy recurrence: identifiable reappearance of a similar procurement need; not a legally verified renewal chain,0
BOAMP:17-171316,BOAMP_CURRENT,SIREN:234400034,SIREN_ENRICHED,Conseil régional des Pays de la Loire,234400034,,Cybersecurity,False,72.0,2018-03-22,2018-03-22,48.0,False,2022-03-22,0,99.57,99.57,,,,,,,,,none,M0_balanced; proxy recurrence: identifiable reappearance of a similar procurement need; not a legally verified renewal chain,1
BOAMP:17-172862,BOAMP_CURRENT,SIREN:528848153,SIREN_ENRICHED,ALTER Public,528848153,,Digital Workplace & Collaboration,False,72.0,2017-12-08,2017-12-08,72.0,False,2023-12-08,0,102.99,102.99,,,,,,,,,none,M0_balanced; proxy recurrence: identifiable reappearance of a similar procurement need; not a legally verified renewal chain,1
BOAMP:17-173975,BOAMP_CURRENT,SIREN:234400034,SIREN_ENRICHED,Conseil régional des Pays de la Loire,234400034,,Software & Applications,True,48.0,2018-06-06,2018-06-06,24.0,False,2020-06-06,0,97.08,97.08,,,,,,,,,none,M0_balanced; proxy recurrence: identifiable reappearance of a similar procurement need; not a legally verified renewal chain,1
BOAMP:17-174760,BOAMP_CURRENT,SIREN:284400017,SIREN_ENRICHED,SDIS 44,284400017,,Cybersecurity,False,35.0,2018-01-30,2018-01-30,48.0,True,2022-01-30,0,101.25,101.25,,,,,,,,,none,M0_balanced; proxy recurrence: identifiable reappearance of a similar procurement need; not a legally verified renewal chain,1
BOAMP:17-173663,BOAMP_CURRENT,SIREN:794304097,SIREN_ENRICHED,Nantes Métropole,794304097,,Software & Applications,True,48.0,2017-12-16,2017-12-16,60.0,False,2022-12-16,0,102.73,102.73,,,,,,,,,none,M0_balanced; proxy recurrence: identifiable reappearance of a similar procurement need; not a legally verified renewal chain,1
BOAMP:17-176560,BOAMP_CURRENT,SIREN:285300018,SIREN_ENRICHED,Sdis de la Mayenne,285300018,,Cybersecurity,False,35.0,2018-03-06,2018-03-06,24.0,False,2020-03-06,1,32.26,,32.26,BOAMP:20-52846,0.80411,0.6,0.31165,0.68805,,1.0,M0_balanced,M0_balanced; proxy recurrence: identifiable reappearance of a similar procurement need; not a legally verified renewal chain,0
BOAMP:17-177418,BOAMP_CURRENT,SIREN:214401846,SIREN_ENRICHED,Commune de Saint-Nazaire,214401846,,Telecom & Networks,False,32.0,2017-12-20,2017-12-20,48.0,False,2021-12-20,0,102.6,102.6,,,,,,,,,none,M0_balanced; proxy recurrence: identifiable reappearance of a similar procurement need; not a legally verified renewal chain,1
BOAMP:17-129614,BOAMP_CURRENT,SIREN:794304097,SIREN_ENRICHED,Nantes Métropole,794304097,,Cybersecurity,False,72.0,2017-12-21,2017-12-21,48.0,False,2021-12-21,0,102.56,102.56,,,,,,,,,none,M0_balanced; proxy recurrence: identifiable reappearance of a similar procurement need; not a legally verified renewal chain,1
BOAMP:17-179962,BOAMP_CURRENT,SIREN:234400034,SIREN_ENRICHED,Conseil régional des Pays de la Loire,234400034,,Telecom & Networks,False,45.0,2017-12-21,2017-12-21,6.0,False,2018-06-21,1,6.57,,6.57,BOAMP:18-95630,1.0,1.0,0.95247,0.99049,0.54369,1.0,M0_balanced,M0_balanced; proxy recurrence: identifiable reappearance of a similar procurement need; not a legally verified renewal chain,0
BOAMP:17-178496,BOAMP_CURRENT,SIREN:214401846,SIREN_ENRICHED,Commune de Saint-Nazaire,214401846,,Telecom & Networks,False,32.0,2017-12-21,2017-12-21,48.0,True,2021-12-21,0,102.56,102.56,,,,,,,,,none,M0_balanced; proxy recurrence: identifiable reappearance of a similar procurement need; not a legally verified renewal chain,1
BOAMP:17-179112,BOAMP_CURRENT,SIREN:794304097,SIREN_ENRICHED,Nantes Métropole,794304097,,IT Services & Consulting,True,72.0,2017-12-22,2017-12-22,48.0,False,2021-12-22,0,102.53,102.53,,,,,,,,,none,M0_balanced; proxy recurrence: identifiable reappearance of a similar procurement need; not a legally verified renewal chain,1
BOAMP:18-265,BOAMP_CURRENT,SIREN:234400034,SIREN_ENRICHED,Conseil régional des Pays de la Loire,234400034,,Telecom & Networks,False,32.0,2018-06-27,2018-06-27,12.0,False,2019-06-27,0,96.39,96.39,,,,,,,,,none,M0_balanced; proxy recurrence: identifiable reappearance of a similar procurement need; not a legally verified renewal chain,1
BOAMP:18-546,BOAMP_CURRENT,SIREN:244900015,SIREN_ENRICHED,Angers Loire Métropole,244900015,,Software & Applications,False,48.0,2018-04-25,2018-04-25,24.0,False,2020-04-25,0,98.46,98.46,,,,,,,,,none,M0_balanced; proxy recurrence: identifiable reappearance of a similar procurement need; not a legally verified renewal chain,1
BOAMP:18-2518,BOAMP_CURRENT,SIREN:264400136,SIREN_ENRICHED,CHU de Nantes,264400136,,IT Services & Consulting,False,72.0,2018-01-09,2018-01-09,12.0,False,2019-01-09,0,101.94,101.94,,,,,,,,,none,M0_balanced; proxy recurrence: identifiable reappearance of a similar procurement need; not a legally verified renewal chain,1
BOAMP:18-4239,BOAMP_CURRENT,SIREN:200067346,SIREN_ENRICHED,CA PORNIC AGGLO PAYS DE RETZ,200067346,,Cybersecurity,False,35.0,2018-03-19,2018-03-19,12.0,False,2019-03-19,0,99.67,99.67,,,,,,,,,none,M0_balanced; proxy recurrence: identifiable reappearance of a similar procurement need; not a legally verified renewal chain,1
BOAMP:18-6884,BOAMP_CURRENT,SIREN:264400136,SIREN_ENRICHED,CHU de Nantes,264400136,,IT Services & Consulting,True,72.0,2018-01-16,2018-01-16,12.0,False,2019-01-16,0,101.71,101.71,,,,,,,,,none,M0_balanced; proxy recurrence: identifiable reappearance of a similar procurement need; not a legally verified renewal chain,1
BOAMP:18-6138,BOAMP_CURRENT,SIREN:284400017,SIREN_ENRICHED,SDIS 44,284400017,,Software & Applications,True,48.0,2018-04-12,2018-04-12,48.0,False,2022-04-12,0,98.88,98.88,,,,,,,,,none,M0_balanced; proxy recurrence: identifiable reappearance of a similar procurement need; not a legally verified renewal chain,1
BOAMP:18-3854,BOAMP_CURRENT,SIREN:218501914,SIREN_ENRICHED,VILLE DE LA ROCHE SUR YON,218501914,,Unknown,False,44.0,2018-04-05,2018-04-05,3.0,False,2018-07-05,0,99.11,99.11,,,,,,,,,none,M0_balanced; proxy recurrence: identifiable reappearance of a similar procurement need; not a legally verified renewal chain,1
BOAMP:18-8070,BOAMP_CURRENT,SIREN:244900015,SIREN_ENRICHED,Angers Loire Métropole,244900015,,IT Services & Consulting,False,72.0,2018-01-18,2018-01-18,36.0,False,2021-01-18,0,101.64,101.64,,,,,,,,,none,M0_balanced; proxy recurrence: identifiable reappearance of a similar procurement need; not a legally verified renewal chain,1
BOAMP:18-8615,BOAMP_CURRENT,NAME:gcs esante pays loire,NAME,GCS eSanté Pays de la Loire,,,IT Services & Consulting,False,72.0,2018-06-04,2018-06-04,48.0,True,2022-06-04,0,97.14,97.14,,,,,,,,,none,M0_balanced; proxy recurrence: identifiable reappearance of a similar procurement need; not a legally verified renewal chain,1
BOAMP:18-8280,BOAMP_CURRENT,SIREN:248500589,SIREN_ENRICHED,LA ROCHE-SUR-YON AGGLOMERATION,248500589,,Software & Applications,False,48.0,2018-05-02,2018-05-02,48.0,False,2022-05-02,0,98.23,98.23,,,,,,,,,none,M0_balanced; proxy recurrence: identifiable reappearance of a similar procurement need; not a legally verified renewal chain,1
BOAMP:18-8879,BOAMP_CURRENT,SIREN:391722881,SIREN_ENRICHED,GIE SESAM Vitale,391722881,,IT Services & Consulting,False,72.0,2019-01-11,2019-01-11,24.0,False,2021-01-11,1,46.75,,46.75,BOAMP:22-159813,0.74133,1.0,0.0,0.69136,0.0444999999999999,1.0,M0_balanced,M0_balanced; proxy recurrence: identifiable reappearance of a similar procurement need; not a legally verified renewal chain,0
BOAMP:18-10415,BOAMP_CURRENT,SIREN:130029747,SIREN_ENRICHED,Université de Nantes,130029747,,Cybersecurity,False,35.0,2018-04-23,2018-04-23,30.0,False,2020-10-23,0,98.52,98.52,,,,,,,,,none,M0_balanced; proxy recurrence: identifiable reappearance of a similar procurement need; not a legally verified renewal chain,1
BOAMP:18-9170,BOAMP_CURRENT,SIREN:248500415,SIREN_ENRICHED,Communauté Communes La Chataigneraie,248500415,,Software & Applications,True,48.0,2018-06-28,2018-06-28,48.0,False,2022-06-28,0,96.35,96.35,,,,,,,,,none,M0_balanced; proxy recurrence: identifiable reappearance of a similar procurement need; not a legally verified renewal chain,1
BOAMP:18-11225,BOAMP_CURRENT,SIREN:794304097,SIREN_ENRICHED,Nantes Métropole,794304097,,IT Services & Consulting,True,72.0,2018-01-27,2018-01-27,48.0,False,2022-01-27,1,49.64,,49.64,BOAMP:22-39212,0.6378,0.2,0.86345,0.63657,0.12046,1.0,M0_balanced,M0_balanced; proxy recurrence: identifiable reappearance of a similar procurement need; not a legally verified renewal chain,0
BOAMP:18-12557,BOAMP_CURRENT,SIREN:381053768,SIREN_ENRICHED,La Cité des Congrès de Nantes,381053768,,Telecom & Networks,False,32.0,2018-01-28,2018-01-28,12.0,False,2019-01-28,0,101.31,101.31,,,,,,,,,none,M0_balanced; proxy recurrence: identifiable reappearance of a similar procurement need; not a legally verified renewal chain,1
BOAMP:18-12119,BOAMP_CURRENT,SIREN:234400034,SIREN_ENRICHED,Conseil régional des Pays de la Loire,234400034,,IT Services & Consulting,False,72.0,2018-04-27,2018-04-27,48.0,True,2022-04-27,0,98.39,98.39,,,,,,,,,none,M0_balanced; proxy recurrence: identifiable reappearance of a similar procurement need; not a legally verified renewal chain,1
BOAMP:18-13131,BOAMP_CURRENT,NAME:cte communes erdre gesvres,NAME,Cté de Communes d'Erdre et Gesvres,,,Software & Applications,True,48.0,2018-01-29,2018-01-29,39.0,False,2021-04-29,0,101.28,101.28,,,,,,,,,none,M0_balanced; proxy recurrence: identifiable reappearance of a similar procurement need; not a legally verified renewal chain,1
BOAMP:18-13243,BOAMP_CURRENT,SIREN:194909701,SIREN_ENRICHED,Université d'Angers,194909701,,IT Services & Consulting,False,72.0,2018-04-17,2018-04-17,48.0,False,2022-04-17,0,98.72,98.72,,,,,,,,,none,M0_balanced; proxy recurrence: identifiable reappearance of a similar procurement need; not a legally verified renewal chain,1
BOAMP:18-14081,BOAMP_CURRENT,NAME:cdc pays saint gilles cx vie,NAME,CDC du Pays de Saint Gilles Cx de Vie,,,Software & Applications,True,48.0,2018-02-02,2018-02-02,48.0,False,2022-02-02,0,101.15,101.15,,,,,,,,,none,M0_balanced; proxy recurrence: identifiable reappearance of a similar procurement need; not a legally verified renewal chain,1
BOAMP:18-15680,BOAMP_CURRENT,SIREN:214401846,SIREN_ENRICHED,Commune de Saint-Nazaire,214401846,,IT Services & Consulting,True,72.0,2018-02-07,2018-02-07,48.0,False,2022-02-07,0,100.99,100.99,,,,,,,,,none,M0_balanced; proxy recurrence: identifiable reappearance of a similar procurement need; not a legally verified renewal chain,1
BOAMP:18-17886,BOAMP_CURRENT,SIREN:228500013,SIREN_ENRICHED,Département de la Vendée,228500013,,IT Services & Consulting,False,72.0,2018-05-31,2018-05-31,12.0,False,2019-05-31,0,97.27,97.27,,,,,,,,,none,M0_balanced; proxy recurrence: identifiable reappearance of a similar procurement need; not a legally verified renewal chain,1
BOAMP:18-18750,BOAMP_CURRENT,NAME:comsopgn,NAME,COMSOPGN,,,Telecom & Networks,False,,2018-02-08,2018-02-08,12.0,False,2019-02-08,0,100.95,100.95,,,,,,,,,none,M0_balanced; proxy recurrence: identifiable reappearance of a similar procurement need; not a legally verified renewal chain,1
BOAMP:18-18602,BOAMP_CURRENT,SIREN:130029747,SIREN_ENRICHED,Université de Nantes,130029747,,IT Services & Consulting,False,72.0,2018-06-14,2018-06-14,48.0,False,2022-06-14,0,96.81,96.81,,,,,,,,,none,M0_balanced; proxy recurrence: identifiable reappearance of a similar procurement need; not a legally verified renewal chain,1
BOAMP:18-21470,BOAMP_CURRENT,NAME:ville evron,NAME,Ville d'Evron,,,Telecom & Networks,False,32.0,2018-06-05,2018-06-05,48.0,False,2022-06-05,0,97.11,97.11,,,,,,,,,none,M0_balanced; proxy recurrence: identifiable reappearance of a similar procurement need; not a legally verified renewal chain,1
BOAMP:18-22345,BOAMP_CURRENT,NAME:uniha gcs,NAME,UniHA GCS,,,IT Services & Consulting,False,72.0,2018-02-17,2018-02-17,12.0,False,2019-02-17,0,100.66,100.66,,,,,,,,,none,M0_balanced; proxy recurrence: identifiable reappearance of a similar procurement need; not a legally verified renewal chain,1
BOAMP:18-22305,BOAMP_CURRENT,NAME:uniha gcs,NAME,UniHA GCS,,,IT Services & Consulting,False,72.0,2018-02-17,2018-02-17,12.0,False,2019-02-17,0,100.66,100.66,,,,,,,,,none,M0_balanced; proxy recurrence: identifiable reappearance of a similar procurement need; not a legally verified renewal chain,1
BOAMP:18-25344,BOAMP_CURRENT,NAME:conseil general vendee,NAME,Conseil général de la Vendée,,,GIS & Mapping,False,,2018-02-21,2018-02-21,3.0,False,2018-05-21,0,100.53,100.53,,,,,,,,,none,M0_balanced; proxy recurrence: identifiable reappearance of a similar procurement need; not a legally verified renewal chain,1
BOAMP:18-25585,BOAMP_CURRENT,SIREN:244900015,SIREN_ENRICHED,Angers Loire Métropole,244900015,,Telecom & Networks,False,32.0,2018-02-22,2018-02-22,12.0,False,2019-02-22,0,100.49,100.49,,,,,,,,,none,M0_balanced; proxy recurrence: identifiable reappearance of a similar procurement need; not a legally verified renewal chain,1
BOAMP:18-26430,BOAMP_CURRENT,SIREN:391722881,SIREN_ENRICHED,GIE SESAM Vitale,391722881,,IT Services & Consulting,True,72.0,2019-01-11,2019-01-11,48.0,False,2023-01-11,1,46.75,,46.75,BOAMP:22-159813,0.70015,0.2,0.89564,0.66919,0.15081,1.0,M0_balanced,M0_balanced; proxy recurrence: identifiable reappearance of a similar procurement need; not a legally verified renewal chain,0
BOAMP:18-26654,BOAMP_CURRENT,NAME:gip vendee numerique,NAME,GIP Vendée Numérique,,,Telecom & Networks,False,32.0,2019-07-01,2019-07-01,48.0,True,2023-07-01,0,84.26,84.26,,,,,,,,,none,M0_balanced; proxy recurrence: identifiable reappearance of a similar procurement need; not a legally verified renewal chain,1
BOAMP:18-26824,BOAMP_CURRENT,SIREN:234400034,SIREN_ENRICHED,Conseil régional des Pays de la Loire,234400034,,Digital Workplace & Collaboration,False,72.0,2018-06-25,2018-06-25,12.0,False,2019-06-25,0,96.45,96.45,,,,,,,,,none,M0_balanced; proxy recurrence: identifiable reappearance of a similar procurement need; not a legally verified renewal chain,1
BOAMP:18-27476,BOAMP_CURRENT,SIREN:194909701,SIREN_ENRICHED,Université d'Angers,194909701,,Telecom & Networks,False,32.0,2018-06-01,2018-06-01,12.0,False,2019-06-01,1,4.63,,4.63,BOAMP:18-146489,0.5313,1.0,0.38601,0.68035,0.12153,1.0,M0_balanced,M0_balanced; proxy recurrence: identifiable reappearance of a similar procurement need; not a legally verified renewal chain,0
BOAMP:18-29896,BOAMP_CURRENT,NAME:cnieg,NAME,CNIEG,,,IT Services & Consulting,False,72.0,2018-03-02,2018-03-02,48.0,True,2022-03-02,0,100.23,100.23,,,,,,,,,none,M0_balanced; proxy recurrence: identifiable reappearance of a similar procurement need; not a legally verified renewal chain,1
BOAMP:18-28651,BOAMP_CURRENT,SIREN:794304097,SIREN_ENRICHED,Nantes Métropole,794304097,,IT Services & Consulting,True,72.0,2018-03-03,2018-03-03,60.0,False,2023-03-03,0,100.2,100.2,,,,,,,,,none,M0_balanced; proxy recurrence: identifiable reappearance of a similar procurement need; not a legally verified renewal chain,1
BOAMP:18-28473,BOAMP_CURRENT,NAME:ademe,NAME,ADEME,,,IT Services & Consulting,False,72.0,2018-03-03,2018-03-03,12.0,False,2019-03-03,0,100.2,100.2,,,,,,,,,none,M0_balanced; proxy recurrence: identifiable reappearance of a similar procurement need; not a legally verified renewal chain,1
BOAMP:18-30222,BOAMP_CURRENT,SIREN:234400034,SIREN_ENRICHED,Conseil régional des Pays de la Loire,234400034,,Digital Workplace & Collaboration,False,72.0,2018-07-12,2018-07-12,12.0,False,2019-07-12,0,95.89,95.89,,,,,,,,,none,M0_balanced; proxy recurrence: identifiable reappearance of a similar procurement need; not a legally verified renewal chain,1
BOAMP:18-30024,BOAMP_CURRENT,SIREN:244900015,SIREN_ENRICHED,Angers Loire Métropole,244900015,,Software & Applications,False,48.0,2018-10-15,2018-10-15,60.0,False,2023-10-15,0,92.77,92.77,,,,,,,,,none,M0_balanced; proxy recurrence: identifiable reappearance of a similar procurement need; not a legally verified renewal chain,1
BOAMP:18-32739,BOAMP_CURRENT,SIREN:214400558,SIREN_ENRICHED,Commune de La Baule,214400558,,Telecom & Networks,False,32.0,2018-03-08,2018-03-08,12.0,False,2019-03-08,0,100.03,100.03,,,,,,,,,none,M0_balanced; proxy recurrence: identifiable reappearance of a similar procurement need; not a legally verified renewal chain,1
BOAMP:18-31687,BOAMP_CURRENT,SIREN:234400034,SIREN_ENRICHED,Conseil régional des Pays de la Loire,234400034,,Software & Applications,False,48.0,2018-06-28,2018-06-28,48.0,False,2022-06-28,0,96.35,96.35,,,,,,,,,none,M0_balanced; proxy recurrence: identifiable reappearance of a similar procurement need; not a legally verified renewal chain,1
BOAMP:18-31507,BOAMP_CURRENT,NAME:laval spla,NAME,LAVAL SPLA,,,Unknown,False,45.0,2018-05-14,2018-05-14,11.0,False,2019-04-14,0,97.83,97.83,,,,,,,,,none,M0_balanced; proxy recurrence: identifiable reappearance of a similar procurement need; not a legally verified renewal chain,1
BOAMP:18-34848,BOAMP_CURRENT,NAME:spic arena loire trelaze,NAME,SPIC - ARENA LOIRE TRELAZE,,,Unknown,False,79.0,2018-03-14,2018-03-14,48.0,True,2022-03-14,0,99.84,99.84,,,,,,,,,none,M0_balanced; proxy recurrence: identifiable reappearance of a similar procurement need; not a legally verified renewal chain,1
BOAMP:18-35039,BOAMP_CURRENT,SIREN:180043010,SIREN_ENRICHED,Réseau Canopé,180043010,,Unknown,False,79.0,2018-09-11,2018-09-11,12.0,False,2019-09-11,0,93.89,93.89,,,,,,,,,none,M0_balanced; proxy recurrence: identifiable reappearance of a similar procurement need; not a legally verified renewal chain,1
BOAMP:18-35804,BOAMP_CURRENT,NAME:ccir pays loire,NAME,CCIR Pays de la Loire,,,IT Hardware & Equipment,False,30.0,2018-03-16,2018-03-16,48.0,True,2022-03-16,0,99.77,99.77,,,,,,,,,none,M0_balanced; proxy recurrence: identifiable reappearance of a similar procurement need; not a legally verified renewal chain,1
BOAMP:18-37425,BOAMP_CURRENT,SIREN:130029747,SIREN_ENRICHED,Université de Nantes,130029747,,IT Services & Consulting,False,72.0,2018-07-03,2018-07-03,48.0,False,2022-07-03,0,96.19,96.19,,,,,,,,,none,M0_balanced; proxy recurrence: identifiable reappearance of a similar procurement need; not a legally verified renewal chain,1
BOAMP:18-36652,BOAMP_CURRENT,SIREN:214401846,SIREN_ENRICHED,Commune de Saint-Nazaire,214401846,,Software & Applications,True,48.0,2018-03-20,2018-03-20,48.0,False,2022-03-20,0,99.64,99.64,,,,,,,,,none,M0_balanced; proxy recurrence: identifiable reappearance of a similar procurement need; not a legally verified renewal chain,1
BOAMP:18-38804,BOAMP_CURRENT,SIREN:214400558,SIREN_ENRICHED,Commune de La Baule,214400558,,Telecom & Networks,False,32.0,2018-03-20,2018-03-20,48.0,True,2022-03-20,0,99.64,99.64,,,,,,,,,none,M0_balanced; proxy recurrence: identifiable reappearance of a similar procurement need; not a legally verified renewal chain,1
BOAMP:18-38591,BOAMP_CURRENT,SIREN:214401846,SIREN_ENRICHED,Commune de Saint-Nazaire,214401846,,Software & Applications,True,48.0,2018-03-21,2018-03-21,48.0,False,2022-03-21,0,99.61,99.61,,,,,,,,,none,M0_balanced; proxy recurrence: identifiable reappearance of a similar procurement need; not a legally verified renewal chain,1
BOAMP:18-37028,BOAMP_CURRENT,SIREN:794304097,SIREN_ENRICHED,Nantes Métropole,794304097,,Telecom & Networks,False,32.0,2018-07-13,2018-07-13,72.0,False,2024-07-13,0,95.86,95.86,,,,,,,,,none,M0_balanced; proxy recurrence: identifiable reappearance of a similar procurement need; not a legally verified renewal chain,1
BOAMP:18-38747,BOAMP_CURRENT,SIREN:217500016,SIREN_ENRICHED,Ville du Mans,217500016,,GIS & Mapping,False,75.0,2018-08-30,2018-08-30,12.0,False,2019-08-30,0,94.28,94.28,,,,,,,,,none,M0_balanced; proxy recurrence: identifiable reappearance of a similar procurement need; not a legally verified renewal chain,1
BOAMP:18-40625,BOAMP_CURRENT,SIREN:244900015,SIREN_ENRICHED,Angers Loire Métropole,244900015,,Telecom & Networks,False,32.0,2018-03-23,2018-03-23,48.0,False,2022-03-23,0,99.54,99.54,,,,,,,,,none,M0_balanced; proxy recurrence: identifiable reappearance of a similar procurement need; not a legally verified renewal chain,1
BOAMP:18-40176,BOAMP_CURRENT,SIREN:391722881,SIREN_ENRICHED,GIE SESAM Vitale,391722881,,Software & Applications,False,48.0,2018-03-24,2018-03-24,24.0,False,2020-03-24,1,28.35,,28.35,BOAMP:19-163024,0.82917,0.0,0.63743,0.62574,0.13487,1.0,M0_balanced,M0_balanced; proxy recurrence: identifiable reappearance of a similar procurement need; not a legally verified renewal chain,0
BOAMP:18-40946,BOAMP_CURRENT,NAME:synd dep energie eqpt vendee,NAME,SYND DEP D ENERGIE ET D EQPT DE VENDEE,,,Telecom & Networks,False,32.0,2018-07-11,2018-07-11,48.0,True,2022-07-11,0,95.93,95.93,,,,,,,,,none,M0_balanced; proxy recurrence: identifiable reappearance of a similar procurement need; not a legally verified renewal chain,1
BOAMP:18-42613,BOAMP_CURRENT,SIREN:228500013,SIREN_ENRICHED,Département de la Vendée,228500013,,IT Services & Consulting,False,72.0,2018-07-19,2018-07-19,12.0,False,2019-07-19,0,95.66,95.66,,,,,,,,,none,M0_balanced; proxy recurrence: identifiable reappearance of a similar procurement need; not a legally verified renewal chain,1
BOAMP:18-41248,BOAMP_CURRENT,SIREN:214401846,SIREN_ENRICHED,Commune de Saint-Nazaire,214401846,,Software & Applications,False,48.0,2018-03-30,2018-03-30,48.0,False,2022-03-30,0,99.31,99.31,,,,,,,,,none,M0_balanced; proxy recurrence: identifiable reappearance of a similar procurement need; not a legally verified renewal chain,1
BOAMP:18-46804,BOAMP_CURRENT,SIREN:234400034,SIREN_ENRICHED,Conseil régional des Pays de la Loire,234400034,,Software & Applications,False,66.0,2018-04-05,2018-04-05,12.0,False,2019-04-05,0,99.11,99.11,,,,,,,,,none,M0_balanced; proxy recurrence: identifiable reappearance of a similar procurement need; not a legally verified renewal chain,1
BOAMP:18-46346,BOAMP_CURRENT,SIREN:194909701,SIREN_ENRICHED,Université d'Angers,194909701,,Telecom & Networks,False,32.0,2018-10-01,2018-10-01,36.0,False,2021-10-01,0,93.23,93.23,,,,,,,,,none,M0_balanced; proxy recurrence: identifiable reappearance of a similar procurement need; not a legally verified renewal chain,1
BOAMP:18-41182,BOAMP_CURRENT,NAME:cdc pays saint gilles cx vie,NAME,CDC du Pays de Saint Gilles Cx de Vie,,,IT Hardware & Equipment,False,30.0,2018-07-17,2018-07-17,60.0,False,2023-07-17,0,95.73,95.73,,,,,,,,,none,M0_balanced; proxy recurrence: identifiable reappearance of a similar procurement need; not a legally verified renewal chain,1
BOAMP:18-51459,BOAMP_CURRENT,SIREN:234400034,SIREN_ENRICHED,Conseil régional des Pays de la Loire,234400034,,Telecom & Networks,False,32.0,2018-04-15,2018-04-15,48.0,False,2022-04-15,0,98.78,98.78,,,,,,,,,none,M0_balanced; proxy recurrence: identifiable reappearance of a similar procurement need; not a legally verified renewal chain,1
BOAMP:18-43289,BOAMP_CURRENT,NAME:ademe,NAME,ADEME,,,Data & AI,False,72.0,2018-04-18,2018-04-18,14.0,False,2019-06-18,0,98.69,98.69,,,,,,,,,none,M0_balanced; proxy recurrence: identifiable reappearance of a similar procurement need; not a legally verified renewal chain,1
BOAMP:18-52389,BOAMP_CURRENT,NAME:uniha gcs,NAME,UniHA GCS,,,IT Services & Consulting,False,72.0,2018-04-18,2018-04-18,12.0,False,2019-04-18,0,98.69,98.69,,,,,,,,,none,M0_balanced; proxy recurrence: identifiable reappearance of a similar procurement need; not a legally verified renewal chain,1
BOAMP:18-55455,BOAMP_CURRENT,NAME:sdis49,NAME,SDIS49,,,IT Services & Consulting,False,72.0,2018-07-24,2018-07-24,48.0,False,2022-07-24,0,95.5,95.5,,,,,,,,,none,M0_balanced; proxy recurrence: identifiable reappearance of a similar procurement need; not a legally verified renewal chain,1
BOAMP:18-53378,BOAMP_CURRENT,SIREN:794304097,SIREN_ENRICHED,Nantes Métropole,794304097,,IT Services & Consulting,False,72.0,2018-04-20,2018-04-20,48.0,False,2022-04-20,0,98.62,98.62,,,,,,,,,none,M0_balanced; proxy recurrence: identifiable reappearance of a similar procurement need; not a legally verified renewal chain,1
BOAMP:18-52482,BOAMP_CURRENT,NAME:cdc pays saint gilles cx vie,NAME,CDC du Pays de Saint Gilles Cx de Vie,,,Software & Applications,True,48.0,2018-10-19,2018-10-19,48.0,False,2022-10-19,0,92.64,92.64,,,,,,,,,none,M0_balanced; proxy recurrence: identifiable reappearance of a similar procurement need; not a legally verified renewal chain,1
BOAMP:18-54467,BOAMP_CURRENT,SIREN:130029747,SIREN_ENRICHED,Université de Nantes,130029747,,IT Services & Consulting,False,72.0,2018-08-21,2018-08-21,48.0,False,2022-08-21,0,94.58,94.58,,,,,,,,,none,M0_balanced; proxy recurrence: identifiable reappearance of a similar procurement need; not a legally verified renewal chain,1
BOAMP:18-53804,BOAMP_CURRENT,SIREN:794304097,SIREN_ENRICHED,Nantes Métropole,794304097,,Software & Applications,False,48.0,2018-08-21,2018-08-21,48.0,False,2022-08-21,0,94.58,94.58,,,,,,,,,none,M0_balanced; proxy recurrence: identifiable reappearance of a similar procurement need; not a legally verified renewal chain,1
BOAMP:18-56546,BOAMP_CURRENT,SIREN:794304097,SIREN_ENRICHED,Nantes Métropole,794304097,,Software & Applications,True,48.0,2018-04-24,2018-04-24,48.0,False,2022-04-24,0,98.49,98.49,,,,,,,,,none,M0_balanced; proxy recurrence: identifiable reappearance of a similar procurement need; not a legally verified renewal chain,1
BOAMP:18-58630,BOAMP_CURRENT,SIREN:227200029,SIREN_ENRICHED,DEPARTEMENT DE LA SARTHE,227200029,,IT Services & Consulting,False,72.0,2018-07-02,2018-07-02,48.0,True,2022-07-02,0,96.22,96.22,,,,,,,,,none,M0_balanced; proxy recurrence: identifiable reappearance of a similar procurement need; not a legally verified renewal chain,1
BOAMP:18-55179,BOAMP_CURRENT,SIREN:524795564,SIREN_ENRICHED,CARENE,524795564,,Telecom & Networks,True,32.0,2018-04-27,2018-04-27,48.0,True,2022-04-27,0,98.39,98.39,,,,,,,,,none,M0_balanced; proxy recurrence: identifiable reappearance of a similar procurement need; not a legally verified renewal chain,1
BOAMP:18-57918,BOAMP_CURRENT,NAME:agce enst fr etranger,NAME,AGCE POUR L ENST FR A L ETRANGER,,,IT Services & Consulting,False,72.0,2018-04-27,2018-04-27,24.0,False,2020-04-27,0,98.39,98.39,,,,,,,,,none,M0_balanced; proxy recurrence: identifiable reappearance of a similar procurement need; not a legally verified renewal chain,1
BOAMP:18-58840,BOAMP_CURRENT,SIREN:381053768,SIREN_ENRICHED,La Cité des Congrès de Nantes,381053768,,IT Hardware & Equipment,False,30.0,2018-04-28,2018-04-28,12.0,False,2019-04-28,0,98.36,98.36,,,,,,,,,none,M0_balanced; proxy recurrence: identifiable reappearance of a similar procurement need; not a legally verified renewal chain,1
BOAMP:18-61507,BOAMP_CURRENT,SIREN:194401006,SIREN_ENRICHED,ECOLE CENTRALE DE NANTES,194401006,,Software & Applications,True,48.0,2018-05-03,2018-05-03,48.0,True,2022-05-03,0,98.19,98.19,,,,,,,,,none,M0_balanced; proxy recurrence: identifiable reappearance of a similar procurement need; not a legally verified renewal chain,1
BOAMP:18-60154,BOAMP_CURRENT,SIREN:244900015,SIREN_ENRICHED,Angers Loire Métropole,244900015,,Telecom & Networks,False,32.0,2018-12-06,2018-12-06,12.0,False,2019-12-06,0,91.06,91.06,,,,,,,,,none,M0_balanced; proxy recurrence: identifiable reappearance of a similar procurement need; not a legally verified renewal chain,1
BOAMP:18-61256,BOAMP_CURRENT,SIREN:794304097,SIREN_ENRICHED,Nantes Métropole,794304097,,IT Services & Consulting,False,72.0,2018-07-10,2018-07-10,48.0,False,2022-07-10,0,95.96,95.96,,,,,,,,,none,M0_balanced; proxy recurrence: identifiable reappearance of a similar procurement need; not a legally verified renewal chain,1
BOAMP:18-61655,BOAMP_CURRENT,SIREN:794304097,SIREN_ENRICHED,Nantes Métropole,794304097,,Cybersecurity,False,72.0,2018-07-10,2018-07-10,48.0,False,2022-07-10,0,95.96,95.96,,,,,,,,,none,M0_balanced; proxy recurrence: identifiable reappearance of a similar procurement need; not a legally verified renewal chain,1
BOAMP:18-62528,BOAMP_CURRENT,SIREN:381053768,SIREN_ENRICHED,La Cité des Congrès de Nantes,381053768,,Telecom & Networks,False,32.0,2018-05-06,2018-05-06,6.0,False,2018-11-06,0,98.09,98.09,,,,,,,,,none,M0_balanced; proxy recurrence: identifiable reappearance of a similar procurement need; not a legally verified renewal chain,1
BOAMP:18-62916,BOAMP_CURRENT,NAME:cdc pays saint gilles cx vie,NAME,CDC du Pays de Saint Gilles Cx de Vie,,,Digital Workplace & Collaboration,False,64.0,2019-06-05,2019-06-05,48.0,False,2023-06-05,0,85.12,85.12,,,,,,,,,none,M0_balanced; proxy recurrence: identifiable reappearance of a similar procurement need; not a legally verified renewal chain,1
BOAMP:18-66502,BOAMP_CURRENT,NAME:agce enst fr etranger,NAME,AGCE POUR L ENST FR A L ETRANGER,,,IT Services & Consulting,True,72.0,2018-05-16,2018-05-16,48.0,False,2022-05-16,0,97.77,97.77,,,,,,,,,none,M0_balanced; proxy recurrence: identifiable reappearance of a similar procurement need; not a legally verified renewal chain,1
BOAMP:18-62604,BOAMP_CURRENT,SIREN:214401093,SIREN_ENRICHED,Ville de Nantes,214401093,,Digital Workplace & Collaboration,False,72.0,2018-07-23,2018-07-23,48.0,False,2022-07-23,0,95.53,95.53,,,,,,,,,none,M0_balanced; proxy recurrence: identifiable reappearance of a similar procurement need; not a legally verified renewal chain,1
BOAMP:18-67939,BOAMP_CURRENT,SIREN:482414216,SIREN_ENRICHED,Le Voyage à Nantes,482414216,,Cybersecurity,False,35.0,2018-05-20,2018-05-20,48.0,False,2022-05-20,0,97.63,97.63,,,,,,,,,none,M0_balanced; proxy recurrence: identifiable reappearance of a similar procurement need; not a legally verified renewal chain,1
BOAMP:18-66863,BOAMP_CURRENT,SIREN:794304097,SIREN_ENRICHED,Nantes Métropole,794304097,,IT Services & Consulting,False,72.0,2018-08-10,2018-08-10,12.0,False,2019-08-10,1,9.59,,9.59,BOAMP:19-36958,0.68556,0.4,0.79939,0.68981,0.03148,1.0,M0_balanced,M0_balanced; proxy recurrence: identifiable reappearance of a similar procurement need; not a legally verified renewal chain,0
BOAMP:18-70110,BOAMP_CURRENT,SIREN:214401846,SIREN_ENRICHED,Commune de Saint-Nazaire,214401846,,Unknown,False,90.0,2018-05-25,2018-05-25,12.0,False,2019-05-25,0,97.47,97.47,,,,,,,,,none,M0_balanced; proxy recurrence: identifiable reappearance of a similar procurement need; not a legally verified renewal chain,1
BOAMP:18-71355,BOAMP_CURRENT,SIREN:217500016,SIREN_ENRICHED,Ville du Mans,217500016,,Digital Workplace & Collaboration,False,72.0,2018-10-17,2018-10-17,60.0,False,2023-10-17,0,92.71,92.71,,,,,,,,,none,M0_balanced; proxy recurrence: identifiable reappearance of a similar procurement need; not a legally verified renewal chain,1
BOAMP:18-71689,BOAMP_CURRENT,SIREN:234400034,SIREN_ENRICHED,Conseil régional des Pays de la Loire,234400034,,Software & Applications,True,48.0,2018-10-08,2018-10-08,48.0,False,2022-10-08,0,93.0,93.0,,,,,,,,,none,M0_balanced; proxy recurrence: identifiable reappearance of a similar procurement need; not a legally verified renewal chain,1
BOAMP:18-72093,BOAMP_CURRENT,NAME:ccir pays loire,NAME,CCIR Pays de la Loire,,,IT Hardware & Equipment,False,30.0,2018-10-23,2018-10-23,48.0,True,2022-10-23,0,92.51,92.51,,,,,,,,,none,M0_balanced; proxy recurrence: identifiable reappearance of a similar procurement need; not a legally verified renewal chain,1
BOAMP:18-73364,BOAMP_CURRENT,SIREN:524795564,SIREN_ENRICHED,CARENE,524795564,,IT Services & Consulting,False,72.0,2018-06-01,2018-06-01,36.0,False,2021-06-01,0,97.24,97.24,,,,,,,,,none,M0_balanced; proxy recurrence: identifiable reappearance of a similar procurement need; not a legally verified renewal chain,1
BOAMP:18-74871,BOAMP_CURRENT,NAME:mairie croisic,NAME,Mairie du croisic,,,Unknown,False,,2018-06-01,2018-06-01,12.0,False,2019-06-01,0,97.24,97.24,,,,,,,,,none,M0_balanced; proxy recurrence: identifiable reappearance of a similar procurement need; not a legally verified renewal chain,1
BOAMP:18-74252,BOAMP_CURRENT,SIREN:194909701,SIREN_ENRICHED,Université d'Angers,194909701,,Software & Applications,False,48.0,2018-10-25,2018-10-25,24.0,False,2020-10-25,1,22.14,,22.14,BOAMP:20-106379,1.0,1.0,0.84516,0.96903,0.39903,1.0,M0_balanced,M0_balanced; proxy recurrence: identifiable reappearance of a similar procurement need; not a legally verified renewal chain,0
BOAMP:18-76556,BOAMP_CURRENT,SIREN:264400136,SIREN_ENRICHED,CHU de Nantes,264400136,,IT Services & Consulting,False,72.0,2018-06-06,2018-06-06,48.0,True,2022-06-06,0,97.08,97.08,,,,,,,,,none,M0_balanced; proxy recurrence: identifiable reappearance of a similar procurement need; not a legally verified renewal chain,1
BOAMP:18-79401,BOAMP_CURRENT,SIREN:234400034,SIREN_ENRICHED,Conseil régional des Pays de la Loire,234400034,,Cybersecurity,False,72.0,2018-10-09,2018-10-09,6.0,False,2019-04-09,1,27.1,,27.1,BOAMP:20-110309,0.9997,0.4,0.0,0.66187,0.1261,1.0,M0_balanced,M0_balanced; proxy recurrence: identifiable reappearance of a similar procurement need; not a legally verified renewal chain,0
BOAMP:18-79743,BOAMP_CURRENT,SIREN:198513905,SIREN_ENRICHED,LYCEE POLYVALENT LEONARD DE VINCI,198513905,,Telecom & Networks,False,32.0,2018-06-11,2018-06-11,48.0,True,2022-06-11,1,42.84,,42.84,BOAMP:22-1668,1.0,1.0,0.56986,0.91397,,1.0,M0_balanced,M0_balanced; proxy recurrence: identifiable reappearance of a similar procurement need; not a legally verified renewal chain,0
BOAMP:18-80935,BOAMP_CURRENT,NAME:cmar pays loire,NAME,CMAR Pays de La Loire,,,Unknown,False,45.0,2018-06-12,2018-06-12,48.0,True,2022-06-12,0,96.88,96.88,,,,,,,,,none,M0_balanced; proxy recurrence: identifiable reappearance of a similar procurement need; not a legally verified renewal chain,1
BOAMP:18-80158,BOAMP_CURRENT,SIREN:935367433,SIREN_ENRICHED,Conseil départemental Loire-Atlantique,935367433,,IT Services & Consulting,False,72.0,2018-06-13,2018-06-13,12.0,False,2019-06-13,1,28.45,,28.45,BOAMP:20-35774,0.61145,1.0,0.0,0.63681,0.0645999999999999,1.0,M0_balanced,M0_balanced; proxy recurrence: identifiable reappearance of a similar procurement need; not a legally verified renewal chain,0
BOAMP:18-79940,BOAMP_CURRENT,NAME:esat foyers,NAME,ESAT Foyers,,,Software & Applications,False,48.0,2018-06-13,2018-06-13,48.0,False,2022-06-13,0,96.85,96.85,,,,,,,,,none,M0_balanced; proxy recurrence: identifiable reappearance of a similar procurement need; not a legally verified renewal chain,1
BOAMP:18-86992,BOAMP_CURRENT,NAME:ville arnage,NAME,Ville d'Arnage,,,IT Services & Consulting,False,72.0,2018-06-22,2018-06-22,48.0,True,2022-06-22,0,96.55,96.55,,,,,,,,,none,M0_balanced; proxy recurrence: identifiable reappearance of a similar procurement need; not a legally verified renewal chain,1
BOAMP:18-87166,BOAMP_CURRENT,SIREN:234400034,SIREN_ENRICHED,Conseil régional des Pays de la Loire,234400034,,Software & Applications,True,48.0,2018-10-01,2018-10-01,24.0,False,2020-10-01,0,93.23,93.23,,,,,,,,,none,M0_balanced; proxy recurrence: identifiable reappearance of a similar procurement need; not a legally verified renewal chain,1
BOAMP:18-87219,BOAMP_CURRENT,SIREN:130001704,SIREN_ENRICHED,DIR INTERDEPARTEMENTALE ROUTES OUEST,130001704,,IT Services & Consulting,False,72.0,2018-06-24,2018-06-24,12.0,False,2019-06-24,0,96.48,96.48,,,,,,,,,none,M0_balanced; proxy recurrence: identifiable reappearance of a similar procurement need; not a legally verified renewal chain,1
BOAMP:18-87467,BOAMP_CURRENT,NAME:sna ouest,NAME,SNA/ouest,,,Telecom & Networks,False,32.0,2018-08-09,2018-08-09,4.0,False,2018-12-09,0,94.97,94.97,,,,,,,,,none,M0_balanced; proxy recurrence: identifiable reappearance of a similar procurement need; not a legally verified renewal chain,1
BOAMP:18-91062,BOAMP_CURRENT,NAME:ville arnage,NAME,Ville d'Arnage,,,Software & Applications,False,48.0,2018-06-29,2018-06-29,48.0,True,2022-06-29,0,96.32,96.32,,,,,,,,,none,M0_balanced; proxy recurrence: identifiable reappearance of a similar procurement need; not a legally verified renewal chain,1
BOAMP:18-89409,BOAMP_CURRENT,NAME:crous nantes,NAME,CROUS de Nantes,,,Software & Applications,True,48.0,2018-11-08,2018-11-08,36.0,False,2021-11-08,0,91.98,91.98,,,,,,,,,none,M0_balanced; proxy recurrence: identifiable reappearance of a similar procurement need; not a legally verified renewal chain,1
BOAMP:18-91090,BOAMP_CURRENT,SIREN:244900015,SIREN_ENRICHED,Angers Loire Métropole,244900015,,Software & Applications,False,48.0,2018-06-29,2018-06-29,48.0,False,2022-06-29,0,96.32,96.32,,,,,,,,,none,M0_balanced; proxy recurrence: identifiable reappearance of a similar procurement need; not a legally verified renewal chain,1
BOAMP:18-90097,BOAMP_CURRENT,SIREN:794304097,SIREN_ENRICHED,Nantes Métropole,794304097,,Software & Applications,True,48.0,2019-04-05,2019-04-05,60.0,False,2024-04-05,0,87.12,87.12,,,,,,,,,none,M0_balanced; proxy recurrence: identifiable reappearance of a similar procurement need; not a legally verified renewal chain,1
BOAMP:18-90616,BOAMP_CURRENT,NAME:cerema dtermed,NAME,CEREMA - DTerMed,,,Digital Workplace & Collaboration,False,72.0,2018-07-01,2018-07-01,48.0,True,2022-07-01,0,96.25,96.25,,,,,,,,,none,M0_balanced; proxy recurrence: identifiable reappearance of a similar procurement need; not a legally verified renewal chain,1
BOAMP:18-90932,BOAMP_CURRENT,NAME:agence regionale pays loire ti,NAME,Agence Régionale Pays de la Loire TI,,,IT Services & Consulting,False,72.0,2018-07-01,2018-07-01,48.0,False,2022-07-01,0,96.25,96.25,,,,,,,,,none,M0_balanced; proxy recurrence: identifiable reappearance of a similar procurement need; not a legally verified renewal chain,1
BOAMP:18-88858,BOAMP_CURRENT,SIREN:214401846,SIREN_ENRICHED,Commune de Saint-Nazaire,214401846,,Software & Applications,False,48.0,2018-11-05,2018-11-05,24.0,False,2020-11-05,0,92.08,92.08,,,,,,,,,none,M0_balanced; proxy recurrence: identifiable reappearance of a similar procurement need; not a legally verified renewal chain,1
BOAMP:18-91798,BOAMP_CURRENT,NAME:communaute communes grand lieu,NAME,Communauté de Communes de Grand Lieu,,,Unknown,False,,2018-07-02,2018-07-02,7.0,False,2019-02-02,0,96.22,96.22,,,,,,,,,none,M0_balanced; proxy recurrence: identifiable reappearance of a similar procurement need; not a legally verified renewal chain,1
BOAMP:18-91441,BOAMP_CURRENT,SIREN:214900995,SIREN_ENRICHED,Ville de Cholet,214900995,,Software & Applications,False,48.0,2019-01-03,2019-01-03,48.0,True,2023-01-03,0,90.14,90.14,,,,,,,,,none,M0_balanced; proxy recurrence: identifiable reappearance of a similar procurement need; not a legally verified renewal chain,1
BOAMP:18-94803,BOAMP_CURRENT,SIREN:264400136,SIREN_ENRICHED,CHU de Nantes,264400136,,Telecom & Networks,False,32.0,2018-07-06,2018-07-06,12.0,False,2019-07-06,1,11.99,,11.99,BOAMP:19-103545,0.57806,0.2,0.99923,0.63863,0.14641,1.0,M0_balanced,M0_balanced; proxy recurrence: identifiable reappearance of a similar procurement need; not a legally verified renewal chain,0
BOAMP:18-93359,BOAMP_CURRENT,NAME:spr pays loire,NAME,SPR Pays de la Loire,,,Unknown,False,45.0,2018-07-06,2018-07-06,18.0,False,2020-01-06,1,9.99,,9.99,BOAMP:18-93488,1.0,1.0,0.33224,0.82445,0.33133,1.0,M0_balanced,M0_balanced; proxy recurrence: identifiable reappearance of a similar procurement need; not a legally verified renewal chain,0
BOAMP:18-93488,BOAMP_CURRENT,NAME:spr pays loire,NAME,SPR Pays de la Loire,,,Unknown,False,45.0,2019-05-06,2019-05-06,18.0,False,2020-11-06,0,86.1,86.1,,,,,,,,,none,M0_balanced; proxy recurrence: identifiable reappearance of a similar procurement need; not a legally verified renewal chain,1
BOAMP:18-95630,BOAMP_CURRENT,SIREN:234400034,SIREN_ENRICHED,Conseil régional des Pays de la Loire,234400034,,Unknown,False,45.0,2018-07-09,2018-07-09,48.0,True,2022-07-09,0,95.99,95.99,,,,,,,,,none,M0_balanced; proxy recurrence: identifiable reappearance of a similar procurement need; not a legally verified renewal chain,1
BOAMP:18-96170,BOAMP_CURRENT,NAME:ctre hosp universitaire angers,NAME,CTRE HOSP UNIVERSITAIRE ANGERS,,,Cloud & Infrastructure,False,45.0,2018-07-12,2018-07-12,12.0,False,2019-07-12,0,95.89,95.89,,,,,,,,,none,M0_balanced; proxy recurrence: identifiable reappearance of a similar procurement need; not a legally verified renewal chain,1
BOAMP:18-96470,BOAMP_CURRENT,SIREN:935367433,SIREN_ENRICHED,Conseil départemental Loire-Atlantique,935367433,,Software & Applications,False,48.0,2018-12-04,2018-12-04,12.0,False,2019-12-04,0,91.13,91.13,,,,,,,,,none,M0_balanced; proxy recurrence: identifiable reappearance of a similar procurement need; not a legally verified renewal chain,1
BOAMP:18-98583,BOAMP_CURRENT,NAME:ville sables olonne,NAME,ville des Sables d'Olonne,,,IT Services & Consulting,False,72.0,2018-07-13,2018-07-13,2.0,False,2018-09-13,0,95.86,95.86,,,,,,,,,none,M0_balanced; proxy recurrence: identifiable reappearance of a similar procurement need; not a legally verified renewal chain,1
BOAMP:18-60137,BOAMP_CURRENT,SIREN:214401093,SIREN_ENRICHED,COMMUNE DE NANTES,214401093,,IT Services & Consulting,False,72.0,2019-04-29,2019-04-29,48.0,False,2023-04-29,0,86.33,86.33,,,,,,,,,none,M0_balanced; proxy recurrence: identifiable reappearance of a similar procurement need; not a legally verified renewal chain,1
BOAMP:18-97260,BOAMP_CURRENT,SIREN:214401846,SIREN_ENRICHED,Commune de Saint-Nazaire,214401846,,IT Hardware & Equipment,False,30.0,2018-11-29,2018-11-29,48.0,False,2022-11-29,0,91.29,91.29,,,,,,,,,none,M0_balanced; proxy recurrence: identifiable reappearance of a similar procurement need; not a legally verified renewal chain,1
BOAMP:18-98603,BOAMP_CURRENT,SIREN:180043010,SIREN_ENRICHED,Réseau Canopé,180043010,,Cybersecurity,False,72.0,2018-11-12,2018-11-12,24.0,False,2020-11-12,0,91.85,91.85,,,,,,,,,none,M0_balanced; proxy recurrence: identifiable reappearance of a similar procurement need; not a legally verified renewal chain,1
BOAMP:18-101437,BOAMP_CURRENT,SIREN:191700327,SIREN_ENRICHED,Université de La Rochelle,191700327,,Software & Applications,False,48.0,2018-07-18,2018-07-18,48.0,True,2022-07-18,0,95.7,95.7,,,,,,,,,none,M0_balanced; proxy recurrence: identifiable reappearance of a similar procurement need; not a legally verified renewal chain,1
BOAMP:18-100479,BOAMP_CURRENT,SIREN:860800077,SIREN_ENRICHED,Loire Atlantique Développement - GIE,860800077,,IT Services & Consulting,False,72.0,2018-07-19,2018-07-19,24.0,False,2020-07-19,0,95.66,95.66,,,,,,,,,none,M0_balanced; proxy recurrence: identifiable reappearance of a similar procurement need; not a legally verified renewal chain,1
BOAMP:18-101350,BOAMP_CURRENT,SIREN:130029747,SIREN_ENRICHED,Université de Nantes,130029747,,IT Hardware & Equipment,False,30.0,2018-12-21,2018-12-21,48.0,False,2022-12-21,0,90.57,90.57,,,,,,,,,none,M0_balanced; proxy recurrence: identifiable reappearance of a similar procurement need; not a legally verified renewal chain,1
BOAMP:18-101085,BOAMP_CURRENT,NAME:maine loire habitat office pub habitat,NAME,MAINE LOIRE HABITAT OFFICE PUB HABITAT,,,IT Services & Consulting,False,72.0,2018-12-13,2018-12-13,60.0,False,2023-12-13,0,90.83,90.83,,,,,,,,,none,M0_balanced; proxy recurrence: identifiable reappearance of a similar procurement need; not a legally verified renewal chain,1
BOAMP:18-103319,BOAMP_CURRENT,SIREN:234400034,SIREN_ENRICHED,préfet de la région Pays de la Loire,234400034,,IT Services & Consulting,True,72.0,2018-07-20,2018-07-20,12.0,False,2019-07-20,0,95.63,95.63,,,,,,,,,none,M0_balanced; proxy recurrence: identifiable reappearance of a similar procurement need; not a legally verified renewal chain,1
BOAMP:18-101099,BOAMP_CURRENT,SIREN:244900015,SIREN_ENRICHED,Angers Loire Métropole,244900015,,IT Services & Consulting,False,72.0,2018-12-20,2018-12-20,80.0,False,2025-08-20,0,90.6,90.6,,,,,,,,,none,M0_balanced; proxy recurrence: identifiable reappearance of a similar procurement need; not a legally verified renewal chain,1
BOAMP:18-103911,BOAMP_CURRENT,SIREN:794304097,SIREN_ENRICHED,Nantes Métropole,794304097,,Telecom & Networks,False,32.0,2018-07-26,2018-07-26,48.0,False,2022-07-26,0,95.43,95.43,,,,,,,,,none,M0_balanced; proxy recurrence: identifiable reappearance of a similar procurement need; not a legally verified renewal chain,1
BOAMP:18-105237,BOAMP_CURRENT,SIREN:234400034,SIREN_ENRICHED,Conseil régional des Pays de la Loire,234400034,,Cybersecurity,False,35.0,2018-07-26,2018-07-26,12.0,False,2019-07-26,1,11.04,,11.04,BOAMP:19-32405,0.83975,0.8,0.91984,0.87066,0.45324,1.0,M0_balanced,M0_balanced; proxy recurrence: identifiable reappearance of a similar procurement need; not a legally verified renewal chain,0
BOAMP:18-110962,BOAMP_CURRENT,NAME:regie dept passages eau vendee,NAME,Régie Dépt Passages d'Eau de Vendée,,,IT Services & Consulting,False,72.0,2018-08-02,2018-08-02,48.0,True,2022-08-02,1,38.21,,38.21,BOAMP:21-135182,1.0,1.0,0.18386,0.79477,0.44044,1.0,M0_balanced,M0_balanced; proxy recurrence: identifiable reappearance of a similar procurement need; not a legally verified renewal chain,0
BOAMP:18-110102,BOAMP_CURRENT,SIREN:218500478,SIREN_ENRICHED,Commune de Challans,218500478,,Software & Applications,False,48.0,2018-10-23,2018-10-23,12.0,False,2019-10-23,0,92.51,92.51,,,,,,,,,none,M0_balanced; proxy recurrence: identifiable reappearance of a similar procurement need; not a legally verified renewal chain,1
BOAMP:18-117157,BOAMP_CURRENT,NAME:ch mans,NAME,CH LE MANS,,,IT Services & Consulting,False,72.0,2018-08-20,2018-08-20,12.0,False,2019-08-20,0,94.61,94.61,,,,,,,,,none,M0_balanced; proxy recurrence: identifiable reappearance of a similar procurement need; not a legally verified renewal chain,1
BOAMP:18-110801,BOAMP_CURRENT,NAME:cte reg peches maritimes elevages mari,NAME,CTE REG PECHES MARITIMES ELEVAGES MARI,,,Software & Applications,False,48.0,2018-08-21,2018-08-21,48.0,True,2022-08-21,0,94.58,94.58,,,,,,,,,none,M0_balanced; proxy recurrence: identifiable reappearance of a similar procurement need; not a legally verified renewal chain,1
BOAMP:18-114671,BOAMP_CURRENT,SIREN:214401721,SIREN_ENRICHED,ville de Sainte-Luce-sur-Loire,214401721,,Unknown,False,45.0,2018-08-23,2018-08-23,16.0,False,2019-12-23,0,94.51,94.51,,,,,,,,,none,M0_balanced; proxy recurrence: identifiable reappearance of a similar procurement need; not a legally verified renewal chain,1
BOAMP:18-120601,BOAMP_CURRENT,SIREN:264400136,SIREN_ENRICHED,CHU de Nantes,264400136,,IT Services & Consulting,False,72.0,2018-08-28,2018-08-28,12.0,False,2019-08-28,1,35.74,,35.74,BOAMP:21-113953,0.68886,0.8,0.0,0.62332,0.1140999999999999,1.0,M0_balanced,M0_balanced; proxy recurrence: identifiable reappearance of a similar procurement need; not a legally verified renewal chain,0
BOAMP:18-121819,BOAMP_CURRENT,SIREN:264400136,SIREN_ENRICHED,CHU de Nantes,264400136,,IT Services & Consulting,False,72.0,2018-08-30,2018-08-30,48.0,True,2022-08-30,1,45.76,,45.76,BOAMP:22-87982,0.67007,1.0,0.81351,0.82413,0.1996299999999999,1.0,M0_balanced,M0_balanced; proxy recurrence: identifiable reappearance of a similar procurement need; not a legally verified renewal chain,0
BOAMP:18-122920,BOAMP_CURRENT,SIREN:214401846,SIREN_ENRICHED,COMMUNE DE SAINT NAZAIRE,214401846,,IT Services & Consulting,False,72.0,2018-11-29,2018-11-29,48.0,False,2022-11-29,0,91.29,91.29,,,,,,,,,none,M0_balanced; proxy recurrence: identifiable reappearance of a similar procurement need; not a legally verified renewal chain,1
BOAMP:18-123694,BOAMP_CURRENT,SIREN:227200029,SIREN_ENRICHED,DEPARTEMENT DE LA SARTHE,227200029,,IT Services & Consulting,False,72.0,2018-09-04,2018-09-04,48.0,True,2022-09-04,0,94.12,94.12,,,,,,,,,none,M0_balanced; proxy recurrence: identifiable reappearance of a similar procurement need; not a legally verified renewal chain,1
BOAMP:18-124536,BOAMP_CURRENT,SIREN:214401358,SIREN_ENRICHED,Ville de Le Pouliguen,214401358,,Cybersecurity,False,35.0,2018-09-06,2018-09-06,12.0,False,2019-09-06,0,94.05,94.05,,,,,,,,,none,M0_balanced; proxy recurrence: identifiable reappearance of a similar procurement need; not a legally verified renewal chain,1
BOAMP:18-125586,BOAMP_CURRENT,NAME:agce enst fr etranger,NAME,AGCE POUR L ENST FR A L ETRANGER,,,IT Services & Consulting,True,72.0,2018-09-07,2018-09-07,48.0,False,2022-09-07,0,94.02,94.02,,,,,,,,,none,M0_balanced; proxy recurrence: identifiable reappearance of a similar procurement need; not a legally verified renewal chain,1
BOAMP:18-125410,BOAMP_CURRENT,SIREN:409104007,SIREN_ENRICHED,association songo,409104007,,Telecom & Networks,False,32.0,2018-09-07,2018-09-07,48.0,True,2022-09-07,0,94.02,94.02,,,,,,,,,none,M0_balanced; proxy recurrence: identifiable reappearance of a similar procurement need; not a legally verified renewal chain,1
BOAMP:18-126368,BOAMP_CURRENT,SIREN:227200029,SIREN_ENRICHED,DEPARTEMENT DE LA SARTHE,227200029,,IT Services & Consulting,False,72.0,2018-11-12,2018-11-12,48.0,True,2022-11-12,0,91.85,91.85,,,,,,,,,none,M0_balanced; proxy recurrence: identifiable reappearance of a similar procurement need; not a legally verified renewal chain,1
BOAMP:18-126631,BOAMP_CURRENT,SIREN:225300011,SIREN_ENRICHED,DEPARTEMENT DE LA MAYENNE,225300011,,Unknown,False,42.0,2018-09-11,2018-09-11,48.0,False,2022-09-11,0,93.89,93.89,,,,,,,,,none,M0_balanced; proxy recurrence: identifiable reappearance of a similar procurement need; not a legally verified renewal chain,1
BOAMP:18-127908,BOAMP_CURRENT,SIREN:227200029,SIREN_ENRICHED,DEPARTEMENT DE LA SARTHE,227200029,,IT Services & Consulting,False,72.0,2018-09-13,2018-09-13,48.0,True,2022-09-13,0,93.82,93.82,,,,,,,,,none,M0_balanced; proxy recurrence: identifiable reappearance of a similar procurement need; not a legally verified renewal chain,1
BOAMP:18-127661,BOAMP_CURRENT,NAME:ccir pays loire,NAME,CCIR Pays de la Loire,,,IT Services & Consulting,False,72.0,2018-09-13,2018-09-13,48.0,True,2022-09-13,0,93.82,93.82,,,,,,,,,none,M0_balanced; proxy recurrence: identifiable reappearance of a similar procurement need; not a legally verified renewal chain,1
BOAMP:18-126992,BOAMP_CURRENT,NAME:esat foyers,NAME,ESAT Foyers,,,Software & Applications,False,48.0,2018-09-13,2018-09-13,48.0,False,2022-09-13,0,93.82,93.82,,,,,,,,,none,M0_balanced; proxy recurrence: identifiable reappearance of a similar procurement need; not a legally verified renewal chain,1
BOAMP:18-127511,BOAMP_CURRENT,NAME:ch mans,NAME,CH LE MANS,,,Cybersecurity,False,35.0,2019-02-20,2019-02-20,48.0,True,2023-02-20,1,51.35,,51.35,BOAMP:22-148365,0.9127,0.0,0.72109,0.63555,0.2530799999999999,1.0,M0_balanced,M0_balanced; proxy recurrence: identifiable reappearance of a similar procurement need; not a legally verified renewal chain,0
BOAMP:18-127938,BOAMP_CURRENT,SIREN:935367433,SIREN_ENRICHED,Conseil départemental Loire-Atlantique,935367433,,Unknown,False,45.0,2018-09-15,2018-09-15,20.0,False,2020-05-15,0,93.76,93.76,,,,,,,,,none,M0_balanced; proxy recurrence: identifiable reappearance of a similar procurement need; not a legally verified renewal chain,1
BOAMP:18-128159,BOAMP_CURRENT,SIREN:794304097,SIREN_ENRICHED,Nantes Métropole,794304097,,IT Services & Consulting,False,72.0,2018-09-15,2018-09-15,48.0,False,2022-09-15,0,93.76,93.76,,,,,,,,,none,M0_balanced; proxy recurrence: identifiable reappearance of a similar procurement need; not a legally verified renewal chain,1
BOAMP:18-128655,BOAMP_CURRENT,SIREN:234400034,SIREN_ENRICHED,Conseil régional des Pays de la Loire,234400034,,IT Services & Consulting,False,72.0,2019-01-11,2019-01-11,48.0,False,2023-01-11,0,89.88,89.88,,,,,,,,,none,M0_balanced; proxy recurrence: identifiable reappearance of a similar procurement need; not a legally verified renewal chain,1
BOAMP:18-128950,BOAMP_CURRENT,SIREN:194909701,SIREN_ENRICHED,Université d'Angers,194909701,,Telecom & Networks,False,32.0,2019-01-17,2019-01-17,48.0,False,2023-01-17,0,89.68,89.68,,,,,,,,,none,M0_balanced; proxy recurrence: identifiable reappearance of a similar procurement need; not a legally verified renewal chain,1
BOAMP:18-129941,BOAMP_CURRENT,NAME:bretagne developpement innovation,NAME,Bretagne Développement Innovation,,,IT Services & Consulting,False,72.0,2018-09-20,2018-09-20,24.0,False,2020-09-20,0,93.59,93.59,,,,,,,,,none,M0_balanced; proxy recurrence: identifiable reappearance of a similar procurement need; not a legally verified renewal chain,1
BOAMP:18-129881,BOAMP_CURRENT,SIREN:200083392,SIREN_ENRICHED,Laval Agglomération,200083392,,Software & Applications,False,48.0,2018-12-10,2018-12-10,48.0,False,2022-12-10,0,90.93,90.93,,,,,,,,,none,M0_balanced; proxy recurrence: identifiable reappearance of a similar procurement need; not a legally verified renewal chain,1
BOAMP:18-133090,BOAMP_CURRENT,SIREN:228500013,SIREN_ENRICHED,Département de la Vendée,228500013,,IT Services & Consulting,False,72.0,2019-01-09,2019-01-09,24.0,False,2021-01-09,1,26.02,,26.02,BOAMP:20-155309,0.85992,0.8,0.8318,0.86152,0.0582099999999999,1.0,M0_balanced,M0_balanced; proxy recurrence: identifiable reappearance of a similar procurement need; not a legally verified renewal chain,0
BOAMP:18-134465,BOAMP_CURRENT,SIREN:284400017,SIREN_ENRICHED,SDIS 44,284400017,,Cybersecurity,False,35.0,2018-01-03,2018-01-03,12.0,False,2019-01-03,0,102.14,102.14,,,,,,,,,none,M0_balanced; proxy recurrence: identifiable reappearance of a similar procurement need; not a legally verified renewal chain,1
BOAMP:18-135728,BOAMP_CURRENT,NAME:sec gal adm min interieur ouest,NAME,SEC GAL POUR L ADM MIN INTERIEUR OUEST,,,Unknown,False,45.0,2019-12-13,2019-12-13,34.0,False,2022-10-13,0,78.84,78.84,,,,,,,,,none,M0_balanced; proxy recurrence: identifiable reappearance of a similar procurement need; not a legally verified renewal chain,1
BOAMP:18-125716,BOAMP_CURRENT,SIREN:575850490,SIREN_ENRICHED,Mancelle d'habitation,575850490,,IT Services & Consulting,True,72.0,2019-03-29,2019-03-29,36.0,False,2022-03-29,0,87.35,87.35,,,,,,,,,none,M0_balanced; proxy recurrence: identifiable reappearance of a similar procurement need; not a legally verified renewal chain,1
BOAMP:18-137958,BOAMP_CURRENT,NAME:grand t theatre loire atlantique,NAME,Le Grand T - Théâtre Loire-Atlantique,,,IT Services & Consulting,False,72.0,2018-10-03,2018-10-03,48.0,True,2022-10-03,0,93.17,93.17,,,,,,,,,none,M0_balanced; proxy recurrence: identifiable reappearance of a similar procurement need; not a legally verified renewal chain,1
BOAMP:18-137945,BOAMP_CURRENT,NAME:ville ecouflant,NAME,Ville d'Ecouflant,,,Cloud & Infrastructure,False,,2018-10-03,2018-10-03,3.0,False,2019-01-03,0,93.17,93.17,,,,,,,,,none,M0_balanced; proxy recurrence: identifiable reappearance of a similar procurement need; not a legally verified renewal chain,1
BOAMP:18-139266,BOAMP_CURRENT,NAME:semitan mandataire cun,NAME,"SEMITAN, mandataire de la CUN",,,IT Services & Consulting,False,72.0,2019-03-01,2019-03-01,54.0,False,2023-09-01,0,88.27,88.27,,,,,,,,,none,M0_balanced; proxy recurrence: identifiable reappearance of a similar procurement need; not a legally verified renewal chain,1
BOAMP:18-141219,BOAMP_CURRENT,SIREN:832970024,SIREN_ENRICHED,Institut Régional Administration Lyon,832970024,,Software & Applications,True,48.0,2018-10-09,2018-10-09,48.0,True,2022-10-09,0,92.97,92.97,,,,,,,,,none,M0_balanced; proxy recurrence: identifiable reappearance of a similar procurement need; not a legally verified renewal chain,1
BOAMP:18-144441,BOAMP_CURRENT,SIREN:353686934,SIREN_ENRICHED,CAP ATLANTIQUE,353686934,,IT Hardware & Equipment,False,30.0,2018-10-17,2018-10-17,12.0,False,2019-10-17,0,92.71,92.71,,,,,,,,,none,M0_balanced; proxy recurrence: identifiable reappearance of a similar procurement need; not a legally verified renewal chain,1
BOAMP:18-144285,BOAMP_CURRENT,NAME:agce enst fr etranger,NAME,AGCE POUR L ENST FR A L ETRANGER,,,IT Services & Consulting,False,72.0,2019-02-12,2019-02-12,48.0,False,2023-02-12,0,88.83,88.83,,,,,,,,,none,M0_balanced; proxy recurrence: identifiable reappearance of a similar procurement need; not a legally verified renewal chain,1
BOAMP:18-146310,BOAMP_CURRENT,SIREN:214401325,SIREN_ENRICHED,VILLE DE PORNICHET,214401325,,Unknown,False,45.0,2018-10-18,2018-10-18,48.0,True,2022-10-18,0,92.67,92.67,,,,,,,,,none,M0_balanced; proxy recurrence: identifiable reappearance of a similar procurement need; not a legally verified renewal chain,1
BOAMP:18-146639,BOAMP_CURRENT,SIREN:247200132,SIREN_ENRICHED,Le Mans Métropole - Communauté Urbaine,247200132,,Unknown,False,39.0,2019-03-26,2019-03-26,12.0,False,2020-03-26,1,8.94,,8.94,BOAMP:19-119207,0.84652,1.0,0.74463,0.88447,0.2421499999999999,1.0,M0_balanced,M0_balanced; proxy recurrence: identifiable reappearance of a similar procurement need; not a legally verified renewal chain,0
BOAMP:18-146489,BOAMP_CURRENT,SIREN:194909701,SIREN_ENRICHED,Université d'Angers,194909701,,Telecom & Networks,False,32.0,2018-10-20,2018-10-20,48.0,False,2022-10-20,0,92.61,92.61,,,,,,,,,none,M0_balanced; proxy recurrence: identifiable reappearance of a similar procurement need; not a legally verified renewal chain,1
BOAMP:18-146220,BOAMP_CURRENT,NAME:spr pays loire,NAME,SPR Pays de la Loire,,,Unknown,False,45.0,2018-10-20,2018-10-20,3.0,False,2019-01-20,0,92.61,92.61,,,,,,,,,none,M0_balanced; proxy recurrence: identifiable reappearance of a similar procurement need; not a legally verified renewal chain,1
BOAMP:18-146989,BOAMP_CURRENT,SIREN:244400404,SIREN_ENRICHED,METROPOLE NANTES METROPOLE,244400404,,Software & Applications,True,48.0,2018-10-22,2018-10-22,48.0,True,2022-10-22,0,92.54,92.54,,,,,,,,,none,M0_balanced; proxy recurrence: identifiable reappearance of a similar procurement need; not a legally verified renewal chain,1
BOAMP:18-148384,BOAMP_CURRENT,NAME:ccir pays loire,NAME,CCIR Pays de la Loire,,,IT Services & Consulting,False,72.0,2018-12-26,2018-12-26,48.0,False,2022-12-26,0,90.41,90.41,,,,,,,,,none,M0_balanced; proxy recurrence: identifiable reappearance of a similar procurement need; not a legally verified renewal chain,1
BOAMP:18-149889,BOAMP_CURRENT,SIREN:191700327,SIREN_ENRICHED,Université de La Rochelle,191700327,,Software & Applications,False,48.0,2018-10-26,2018-10-26,48.0,False,2022-10-26,0,92.41,92.41,,,,,,,,,none,M0_balanced; proxy recurrence: identifiable reappearance of a similar procurement need; not a legally verified renewal chain,1
BOAMP:18-149893,BOAMP_CURRENT,SIREN:935367433,SIREN_ENRICHED,Conseil départemental Loire-Atlantique,935367433,,IT Maintenance & Support,False,72.0,2018-10-26,2018-10-26,12.0,False,2019-10-26,0,92.41,92.41,,,,,,,,,none,M0_balanced; proxy recurrence: identifiable reappearance of a similar procurement need; not a legally verified renewal chain,1
BOAMP:18-150422,BOAMP_CURRENT,SIREN:234400034,SIREN_ENRICHED,Conseil régional des Pays de la Loire,234400034,,Digital Workplace & Collaboration,False,72.0,2018-10-27,2018-10-27,24.0,False,2020-10-27,0,92.38,92.38,,,,,,,,,none,M0_balanced; proxy recurrence: identifiable reappearance of a similar procurement need; not a legally verified renewal chain,1
BOAMP:18-150889,BOAMP_CURRENT,SIREN:228500013,SIREN_ENRICHED,Département de la Vendée,228500013,,Software & Applications,False,48.0,2019-02-25,2019-02-25,48.0,True,2023-02-25,0,88.4,88.4,,,,,,,,,none,M0_balanced; proxy recurrence: identifiable reappearance of a similar procurement need; not a legally verified renewal chain,1
BOAMP:18-151695,BOAMP_CURRENT,NAME:agce enst fr etranger,NAME,AGCE POUR L ENST FR A L ETRANGER,,,IT Services & Consulting,False,72.0,2018-10-28,2018-10-28,24.0,False,2020-10-28,0,92.35,92.35,,,,,,,,,none,M0_balanced; proxy recurrence: identifiable reappearance of a similar procurement need; not a legally verified renewal chain,1
BOAMP:18-152399,BOAMP_CURRENT,SIREN:227200029,SIREN_ENRICHED,DEPARTEMENT DE LA SARTHE,227200029,,Cybersecurity,False,35.0,2019-02-25,2019-02-25,48.0,False,2023-02-25,0,88.4,88.4,,,,,,,,,none,M0_balanced; proxy recurrence: identifiable reappearance of a similar procurement need; not a legally verified renewal chain,1
BOAMP:18-153394,BOAMP_CURRENT,SIREN:214402158,SIREN_ENRICHED,COMMUNE DE VERTOU,214402158,,Telecom & Networks,False,32.0,2018-10-31,2018-10-31,48.0,True,2022-10-31,0,92.25,92.25,,,,,,,,,none,M0_balanced; proxy recurrence: identifiable reappearance of a similar procurement need; not a legally verified renewal chain,1
BOAMP:18-153265,BOAMP_CURRENT,NAME:semitan,NAME,SEMITAN,,,Software & Applications,False,48.0,2019-05-17,2019-05-17,24.0,False,2021-05-17,0,85.74,85.74,,,,,,,,,none,M0_balanced; proxy recurrence: identifiable reappearance of a similar procurement need; not a legally verified renewal chain,1
BOAMP:18-154720,BOAMP_CURRENT,SIREN:247200348,SIREN_ENRICHED,Communauté de communes Pays Fléchois,247200348,,Unknown,True,45.0,2018-11-05,2018-11-05,48.0,True,2022-11-05,0,92.08,92.08,,,,,,,,,none,M0_balanced; proxy recurrence: identifiable reappearance of a similar procurement need; not a legally verified renewal chain,1
BOAMP:18-154770,BOAMP_CURRENT,SIREN:227200029,SIREN_ENRICHED,DEPARTEMENT DE LA SARTHE,227200029,,Telecom & Networks,False,32.0,2018-11-05,2018-11-05,48.0,False,2022-11-05,0,92.08,92.08,,,,,,,,,none,M0_balanced; proxy recurrence: identifiable reappearance of a similar procurement need; not a legally verified renewal chain,1
BOAMP:18-154990,BOAMP_CURRENT,SIREN:225300011,SIREN_ENRICHED,Conseil départemental de la Mayenne,225300011,,Software & Applications,False,48.0,2018-11-10,2018-11-10,48.0,False,2022-11-10,0,91.92,91.92,,,,,,,,,none,M0_balanced; proxy recurrence: identifiable reappearance of a similar procurement need; not a legally verified renewal chain,1
BOAMP:18-157794,BOAMP_CURRENT,NAME:communaute communes pays redon,NAME,COMMUNAUTE COMMUNES PAYS DE REDON,,,Software & Applications,True,48.0,2018-11-12,2018-11-12,48.0,True,2022-11-12,0,91.85,91.85,,,,,,,,,none,M0_balanced; proxy recurrence: identifiable reappearance of a similar procurement need; not a legally verified renewal chain,1
BOAMP:18-158821,BOAMP_CURRENT,NAME:mindef sga dcsid esid bordeaux,NAME,MINDEF/SGA/DCSID/ESID Bordeaux,,,Data & AI,False,45.0,2018-11-13,2018-11-13,48.0,True,2022-11-13,0,91.82,91.82,,,,,,,,,none,M0_balanced; proxy recurrence: identifiable reappearance of a similar procurement need; not a legally verified renewal chain,1
BOAMP:18-159087,BOAMP_CURRENT,SIREN:194909701,SIREN_ENRICHED,Université d'Angers,194909701,,Cloud & Infrastructure,False,,2018-11-14,2018-11-14,11.0,False,2019-10-14,1,6.27,,6.27,BOAMP:19-82021,0.75448,,0.60622,0.7542,0.2220299999999999,1.0,M0_balanced,M0_balanced; proxy recurrence: identifiable reappearance of a similar procurement need; not a legally verified renewal chain,0
BOAMP:18-159101,BOAMP_CURRENT,SIREN:264400136,SIREN_ENRICHED,CHU de Nantes,264400136,,Software & Applications,False,48.0,2018-11-14,2018-11-14,48.0,True,2022-11-14,0,91.79,91.79,,,,,,,,,none,M0_balanced; proxy recurrence: identifiable reappearance of a similar procurement need; not a legally verified renewal chain,1
BOAMP:18-158087,BOAMP_CURRENT,NAME:sm megalis,NAME,SM Mégalis,,,Telecom & Networks,False,32.0,2018-11-15,2018-11-15,36.0,False,2021-11-15,0,91.75,91.75,,,,,,,,,none,M0_balanced; proxy recurrence: identifiable reappearance of a similar procurement need; not a legally verified renewal chain,1
BOAMP:18-160377,BOAMP_CURRENT,SIREN:287200265,SIREN_ENRICHED,SDIS de la Sarthe,287200265,,Software & Applications,False,48.0,2019-03-29,2019-03-29,48.0,True,2023-03-29,0,87.35,87.35,,,,,,,,,none,M0_balanced; proxy recurrence: identifiable reappearance of a similar procurement need; not a legally verified renewal chain,1
BOAMP:18-163164,BOAMP_CURRENT,NAME:sisto,NAME,SISTO,,,Data & AI,False,44.0,2018-11-22,2018-11-22,48.0,True,2022-11-22,0,91.52,91.52,,,,,,,,,none,M0_balanced; proxy recurrence: identifiable reappearance of a similar procurement need; not a legally verified renewal chain,1
BOAMP:18-165012,BOAMP_CURRENT,NAME:ch mans,NAME,CH LE MANS,,,Telecom & Networks,False,32.0,2018-11-26,2018-11-26,12.0,False,2019-11-26,0,91.39,91.39,,,,,,,,,none,M0_balanced; proxy recurrence: identifiable reappearance of a similar procurement need; not a legally verified renewal chain,1
BOAMP:18-167367,BOAMP_CURRENT,SIREN:254901309,SIREN_ENRICHED,SI ENERGIES DE MAINE ET LOIRE,254901309,,Software & Applications,False,48.0,2018-11-30,2018-11-30,48.0,False,2022-11-30,0,91.26,91.26,,,,,,,,,none,M0_balanced; proxy recurrence: identifiable reappearance of a similar procurement need; not a legally verified renewal chain,1
BOAMP:18-166821,BOAMP_CURRENT,NAME:cnieg,NAME,CNIEG,,,Digital Workplace & Collaboration,False,72.0,2019-03-08,2019-03-08,12.0,False,2020-03-08,0,88.04,88.04,,,,,,,,,none,M0_balanced; proxy recurrence: identifiable reappearance of a similar procurement need; not a legally verified renewal chain,1
BOAMP:18-167431,BOAMP_CURRENT,NAME:cnieg,NAME,CNIEG,,,IT Maintenance & Support,False,72.0,2019-03-08,2019-03-08,24.0,False,2021-03-08,0,88.04,88.04,,,,,,,,,none,M0_balanced; proxy recurrence: identifiable reappearance of a similar procurement need; not a legally verified renewal chain,1
BOAMP:18-168544,BOAMP_CURRENT,SIREN:794304097,SIREN_ENRICHED,Nantes Métropole,794304097,,Cybersecurity,False,35.0,2019-03-19,2019-03-19,12.0,False,2020-03-19,0,87.68,87.68,,,,,,,,,none,M0_balanced; proxy recurrence: identifiable reappearance of a similar procurement need; not a legally verified renewal chain,1
BOAMP:18-169881,BOAMP_CURRENT,SIREN:535164412,SIREN_ENRICHED,Loire Océan Métropole Aménagement,535164412,,Unknown,False,45.0,2018-12-06,2018-12-06,35.0,False,2021-11-06,0,91.06,91.06,,,,,,,,,none,M0_balanced; proxy recurrence: identifiable reappearance of a similar procurement need; not a legally verified renewal chain,1
BOAMP:18-170789,BOAMP_CURRENT,NAME:ctre hosp universitaire angers,NAME,CTRE HOSP UNIVERSITAIRE ANGERS,,,Telecom & Networks,False,32.0,2019-04-19,2019-04-19,48.0,False,2023-04-19,0,86.66,86.66,,,,,,,,,none,M0_balanced; proxy recurrence: identifiable reappearance of a similar procurement need; not a legally verified renewal chain,1
BOAMP:18-171623,BOAMP_CURRENT,NAME:ch mans,NAME,CH LE MANS,,,Telecom & Networks,False,32.0,2018-12-10,2018-12-10,48.0,True,2022-12-10,0,90.93,90.93,,,,,,,,,none,M0_balanced; proxy recurrence: identifiable reappearance of a similar procurement need; not a legally verified renewal chain,1
BOAMP:18-173792,BOAMP_CURRENT,SIREN:254901309,SIREN_ENRICHED,SI ENERGIES DE MAINE ET LOIRE,254901309,,Software & Applications,False,48.0,2018-12-13,2018-12-13,48.0,True,2022-12-13,0,90.83,90.83,,,,,,,,,none,M0_balanced; proxy recurrence: identifiable reappearance of a similar procurement need; not a legally verified renewal chain,1
BOAMP:18-173960,BOAMP_CURRENT,NAME:cnieg,NAME,CNIEG,,,IT Services & Consulting,False,72.0,2018-12-15,2018-12-15,24.0,False,2020-12-15,0,90.77,90.77,,,,,,,,,none,M0_balanced; proxy recurrence: identifiable reappearance of a similar procurement need; not a legally verified renewal chain,1
BOAMP:18-174875,BOAMP_CURRENT,SIREN:794304097,SIREN_ENRICHED,Nantes Métropole,794304097,,IT Services & Consulting,False,72.0,2018-12-18,2018-12-18,48.0,False,2022-12-18,0,90.67,90.67,,,,,,,,,none,M0_balanced; proxy recurrence: identifiable reappearance of a similar procurement need; not a legally verified renewal chain,1
BOAMP:18-177619,BOAMP_CURRENT,SIREN:217500016,SIREN_ENRICHED,Ville du Mans,217500016,,IT Services & Consulting,False,72.0,2019-02-27,2019-02-27,9.0,False,2019-11-27,0,88.34,88.34,,,,,,,,,none,M0_balanced; proxy recurrence: identifiable reappearance of a similar procurement need; not a legally verified renewal chain,1
BOAMP:18-175843,BOAMP_CURRENT,NAME:gie epl vendee,NAME,GIE des EPL de Vendée,,,IT Services & Consulting,False,72.0,2019-03-20,2019-03-20,12.0,False,2020-03-20,1,2.76,,2.76,BOAMP:18-177187,0.80862,1.0,0.22996,0.72361,,1.0,M0_balanced,M0_balanced; proxy recurrence: identifiable reappearance of a similar procurement need; not a legally verified renewal chain,0
BOAMP:18-177187,BOAMP_CURRENT,NAME:gie epl vendee,NAME,GIE des EPL de Vendée,,,IT Services & Consulting,False,72.0,2019-06-12,2019-06-12,12.0,False,2020-06-12,0,84.89,84.89,,,,,,,,,none,M0_balanced; proxy recurrence: identifiable reappearance of a similar procurement need; not a legally verified renewal chain,1
BOAMP:18-177300,BOAMP_CURRENT,SIREN:214401317,SIREN_ENRICHED,Commune de Pornic,214401317,,Unknown,False,51.0,2018-12-22,2018-12-22,24.0,False,2020-12-22,0,90.54,90.54,,,,,,,,,none,M0_balanced; proxy recurrence: identifiable reappearance of a similar procurement need; not a legally verified renewal chain,1
BOAMP:18-179065,BOAMP_CURRENT,NAME:agce enst fr etranger,NAME,AGCE POUR L ENST FR A L ETRANGER,,,IT Services & Consulting,False,72.0,2019-03-25,2019-03-25,48.0,False,2023-03-25,0,87.48,87.48,,,,,,,,,none,M0_balanced; proxy recurrence: identifiable reappearance of a similar procurement need; not a legally verified renewal chain,1
BOAMP:18-180161,BOAMP_CURRENT,NAME:ctre hosp universitaire angers,NAME,CTRE HOSP UNIVERSITAIRE ANGERS,,,Telecom & Networks,False,32.0,2019-03-08,2019-03-08,12.0,False,2020-03-08,1,1.77,,1.77,BOAMP:19-37169,0.98909,1.0,0.14783,0.78298,0.28523,1.0,M0_balanced,M0_balanced; proxy recurrence: identifiable reappearance of a similar procurement need; not a legally verified renewal chain,0
BOAMP:18-173397,BOAMP_CURRENT,NAME:syndicat trivalis,NAME,Syndicat Trivalis,,,Data & AI,False,,2018-12-26,2018-12-26,48.0,True,2022-12-26,0,90.41,90.41,,,,,,,,,none,M0_balanced; proxy recurrence: identifiable reappearance of a similar procurement need; not a legally verified renewal chain,1
BOAMP:19-3707,BOAMP_CURRENT,NAME:ch mans,NAME,CH LE MANS,,,Software & Applications,False,48.0,2019-01-09,2019-01-09,36.0,False,2022-01-09,0,89.95,89.95,,,,,,,,,none,M0_balanced; proxy recurrence: identifiable reappearance of a similar procurement need; not a legally verified renewal chain,1
BOAMP:19-1779,BOAMP_CURRENT,SIREN:234400034,SIREN_ENRICHED,Conseil régional des Pays de la Loire,234400034,,Digital Workplace & Collaboration,False,72.0,2019-05-14,2019-05-14,12.0,False,2020-05-14,0,85.84,85.84,,,,,,,,,none,M0_balanced; proxy recurrence: identifiable reappearance of a similar procurement need; not a legally verified renewal chain,1
BOAMP:19-3078,BOAMP_CURRENT,SIREN:200083392,SIREN_ENRICHED,Laval Agglomération,200083392,,Unknown,False,45.0,2019-01-10,2019-01-10,22.0,False,2020-11-10,0,89.91,89.91,,,,,,,,,none,M0_balanced; proxy recurrence: identifiable reappearance of a similar procurement need; not a legally verified renewal chain,1
BOAMP:19-2530,BOAMP_CURRENT,NAME:ctre national enst distance,NAME,CTRE NATIONAL D ENST A DISTANCE,,,Cybersecurity,False,72.0,2019-01-10,2019-01-10,12.0,False,2020-01-10,0,89.91,89.91,,,,,,,,,none,M0_balanced; proxy recurrence: identifiable reappearance of a similar procurement need; not a legally verified renewal chain,1
BOAMP:19-8964,BOAMP_CURRENT,SIREN:227200029,SIREN_ENRICHED,DEPARTEMENT DE LA SARTHE,227200029,,IT Services & Consulting,False,72.0,2019-01-17,2019-01-17,48.0,True,2023-01-17,0,89.68,89.68,,,,,,,,,none,M0_balanced; proxy recurrence: identifiable reappearance of a similar procurement need; not a legally verified renewal chain,1
BOAMP:19-8916,BOAMP_CURRENT,SIREN:244900015,SIREN_ENRICHED,Angers Loire Métropole,244900015,,Software & Applications,False,48.0,2019-01-17,2019-01-17,12.0,False,2020-01-17,0,89.68,89.68,,,,,,,,,none,M0_balanced; proxy recurrence: identifiable reappearance of a similar procurement need; not a legally verified renewal chain,1
BOAMP:19-9782,BOAMP_CURRENT,NAME:com agglo reg nazairienne estuaire,NAME,COM D AGGLO REG NAZAIRIENNE ESTUAIRE,,,IT Services & Consulting,False,72.0,2019-01-18,2019-01-18,12.0,False,2020-01-18,0,89.65,89.65,,,,,,,,,none,M0_balanced; proxy recurrence: identifiable reappearance of a similar procurement need; not a legally verified renewal chain,1
BOAMP:19-7404,BOAMP_CURRENT,SIREN:130001704,SIREN_ENRICHED,DIR INTERDEPARTEMENTALE ROUTES OUEST,130001704,,IT Services & Consulting,False,72.0,2020-06-04,2020-06-04,12.0,False,2021-06-04,0,73.13,73.13,,,,,,,,,none,M0_balanced; proxy recurrence: identifiable reappearance of a similar procurement need; not a legally verified renewal chain,1
BOAMP:19-8820,BOAMP_CURRENT,NAME:agce enst fr etranger,NAME,AGCE POUR L ENST FR A L ETRANGER,,,IT Services & Consulting,False,72.0,2019-06-25,2019-06-25,24.0,False,2021-06-25,0,84.46,84.46,,,,,,,,,none,M0_balanced; proxy recurrence: identifiable reappearance of a similar procurement need; not a legally verified renewal chain,1
BOAMP:19-10579,BOAMP_CURRENT,SIREN:532458809,SIREN_ENRICHED,Ville d'Angers,532458809,,Cybersecurity,False,35.0,2019-01-21,2019-01-21,48.0,False,2023-01-21,0,89.55,89.55,,,,,,,,,none,M0_balanced; proxy recurrence: identifiable reappearance of a similar procurement need; not a legally verified renewal chain,1
BOAMP:19-10428,BOAMP_CURRENT,SIREN:228500013,SIREN_ENRICHED,Département de la Vendée,228500013,,Cybersecurity,False,35.0,2019-05-16,2019-05-16,12.0,False,2020-05-16,0,85.78,85.78,,,,,,,,,none,M0_balanced; proxy recurrence: identifiable reappearance of a similar procurement need; not a legally verified renewal chain,1
BOAMP:19-12872,BOAMP_CURRENT,NAME:communaute agglomeration niortais,NAME,Communauté d'agglomération du Niortais,,,Software & Applications,False,48.0,2019-01-24,2019-01-24,48.0,False,2023-01-24,0,89.45,89.45,,,,,,,,,none,M0_balanced; proxy recurrence: identifiable reappearance of a similar procurement need; not a legally verified renewal chain,1
BOAMP:19-13483,BOAMP_CURRENT,NAME:oniris,NAME,ONIRIS,,,Software & Applications,True,48.0,2020-04-02,2020-04-02,8.0,False,2020-12-02,0,75.2,75.2,,,,,,,,,none,M0_balanced; proxy recurrence: identifiable reappearance of a similar procurement need; not a legally verified renewal chain,1
BOAMP:19-16528,BOAMP_CURRENT,NAME:cdc pays saint gilles cx vie,NAME,CDC du Pays de Saint Gilles Cx de Vie,,,Unknown,False,71.0,2019-01-31,2019-01-31,36.0,False,2022-01-31,0,89.22,89.22,,,,,,,,,none,M0_balanced; proxy recurrence: identifiable reappearance of a similar procurement need; not a legally verified renewal chain,1
BOAMP:19-15670,BOAMP_CURRENT,NAME:ctre hosp universitaire angers,NAME,CTRE HOSP UNIVERSITAIRE ANGERS,,,IT Services & Consulting,True,72.0,2019-07-30,2019-07-30,48.0,False,2023-07-30,0,83.31,83.31,,,,,,,,,none,M0_balanced; proxy recurrence: identifiable reappearance of a similar procurement need; not a legally verified renewal chain,1
BOAMP:19-16942,BOAMP_CURRENT,SIREN:794304097,SIREN_ENRICHED,Nantes Métropole,794304097,,IT Services & Consulting,False,72.0,2019-04-29,2019-04-29,48.0,False,2023-04-29,0,86.33,86.33,,,,,,,,,none,M0_balanced; proxy recurrence: identifiable reappearance of a similar procurement need; not a legally verified renewal chain,1
BOAMP:19-17531,BOAMP_CURRENT,SIREN:409104007,SIREN_ENRICHED,association songo,409104007,,Telecom & Networks,False,32.0,2019-05-09,2019-05-09,6.0,False,2019-11-09,0,86.01,86.01,,,,,,,,,none,M0_balanced; proxy recurrence: identifiable reappearance of a similar procurement need; not a legally verified renewal chain,1
BOAMP:19-17058,BOAMP_CURRENT,SIREN:234400034,SIREN_ENRICHED,Conseil régional des Pays de la Loire,234400034,,IT Services & Consulting,False,72.0,2019-05-24,2019-05-24,12.0,False,2020-05-24,0,85.51,85.51,,,,,,,,,none,M0_balanced; proxy recurrence: identifiable reappearance of a similar procurement need; not a legally verified renewal chain,1
BOAMP:19-15197,BOAMP_CURRENT,NAME:syndicat trivalis,NAME,Syndicat Trivalis,,,Unknown,False,,2019-02-04,2019-02-04,48.0,True,2023-02-04,0,89.09,89.09,,,,,,,,,none,M0_balanced; proxy recurrence: identifiable reappearance of a similar procurement need; not a legally verified renewal chain,1
BOAMP:19-18202,BOAMP_CURRENT,SIREN:219300779,SIREN_ENRICHED,Ville de Villemomble,219300779,,Cybersecurity,False,35.0,2019-02-04,2019-02-04,48.0,False,2023-02-04,0,89.09,89.09,,,,,,,,,none,M0_balanced; proxy recurrence: identifiable reappearance of a similar procurement need; not a legally verified renewal chain,1
BOAMP:19-18263,BOAMP_CURRENT,SIREN:227200029,SIREN_ENRICHED,DEPARTEMENT DE LA SARTHE,227200029,,IT Services & Consulting,False,72.0,2019-07-30,2019-07-30,12.0,False,2020-07-30,0,83.31,83.31,,,,,,,,,none,M0_balanced; proxy recurrence: identifiable reappearance of a similar procurement need; not a legally verified renewal chain,1
BOAMP:19-17307,BOAMP_CURRENT,SIREN:214401093,SIREN_ENRICHED,COMMUNE DE NANTES,214401093,,Unknown,False,44.0,2019-06-27,2019-06-27,48.0,False,2023-06-27,0,84.4,84.4,,,,,,,,,none,M0_balanced; proxy recurrence: identifiable reappearance of a similar procurement need; not a legally verified renewal chain,1
BOAMP:19-21370,BOAMP_CURRENT,NAME:esat foyers,NAME,ESAT Foyers,,,Cloud & Infrastructure,False,48.0,2019-02-08,2019-02-08,60.0,False,2024-02-08,0,88.96,88.96,,,,,,,,,none,M0_balanced; proxy recurrence: identifiable reappearance of a similar procurement need; not a legally verified renewal chain,1
BOAMP:19-21081,BOAMP_CURRENT,SIREN:214900201,SIREN_ENRICHED,Ville de Beaucouzé,214900201,,Telecom & Networks,False,32.0,2019-03-27,2019-03-27,24.0,False,2021-03-27,0,87.42,87.42,,,,,,,,,none,M0_balanced; proxy recurrence: identifiable reappearance of a similar procurement need; not a legally verified renewal chain,1
BOAMP:19-22390,BOAMP_CURRENT,NAME:agrocampus ouest,NAME,Agrocampus Ouest,,,Software & Applications,False,48.0,2019-05-21,2019-05-21,24.0,False,2021-05-21,0,85.61,85.61,,,,,,,,,none,M0_balanced; proxy recurrence: identifiable reappearance of a similar procurement need; not a legally verified renewal chain,1
BOAMP:19-22007,BOAMP_CURRENT,NAME:smictom vallee authion,NAME,SMICTOM de la Vallée de l'Authion,,,Unknown,False,45.0,2019-02-13,2019-02-13,9.0,False,2019-11-13,0,88.8,88.8,,,,,,,,,none,M0_balanced; proxy recurrence: identifiable reappearance of a similar procurement need; not a legally verified renewal chain,1
BOAMP:19-21908,BOAMP_CURRENT,SIREN:935367433,SIREN_ENRICHED,Conseil départemental Loire-Atlantique,935367433,,Cybersecurity,False,35.0,2019-09-24,2019-09-24,12.0,False,2020-09-24,0,81.47,81.47,,,,,,,,,none,M0_balanced; proxy recurrence: identifiable reappearance of a similar procurement need; not a legally verified renewal chain,1
BOAMP:19-27651,BOAMP_CURRENT,NAME:comm comm doue fontaine,NAME,Comm Comm de Doué la Fontaine,,,Software & Applications,True,48.0,2019-02-20,2019-02-20,48.0,True,2023-02-20,0,88.57,88.57,,,,,,,,,none,M0_balanced; proxy recurrence: identifiable reappearance of a similar procurement need; not a legally verified renewal chain,1
BOAMP:19-28845,BOAMP_CURRENT,SIREN:225300011,SIREN_ENRICHED,DEPARTEMENT DE LA MAYENNE,225300011,,Digital Workplace & Collaboration,False,72.0,2019-02-21,2019-02-21,48.0,False,2023-02-21,0,88.53,88.53,,,,,,,,,none,M0_balanced; proxy recurrence: identifiable reappearance of a similar procurement need; not a legally verified renewal chain,1
BOAMP:19-33752,BOAMP_CURRENT,NAME:chbr reg metiers artisanat nouv aquit,NAME,CHBR REG METIERS ARTISANAT NOUV AQUIT,,,IT Services & Consulting,False,72.0,2019-03-01,2019-03-01,48.0,True,2023-03-01,0,88.27,88.27,,,,,,,,,none,M0_balanced; proxy recurrence: identifiable reappearance of a similar procurement need; not a legally verified renewal chain,1
BOAMP:19-32405,BOAMP_CURRENT,SIREN:234400034,SIREN_ENRICHED,Conseil régional des Pays de la Loire,234400034,,Cybersecurity,False,35.0,2019-06-27,2019-06-27,12.0,False,2020-06-27,0,84.4,84.4,,,,,,,,,none,M0_balanced; proxy recurrence: identifiable reappearance of a similar procurement need; not a legally verified renewal chain,1
BOAMP:19-34598,BOAMP_CURRENT,NAME:gpm nantes st nazaire,NAME,GPM de Nantes - St Nazaire,,,IT Services & Consulting,False,72.0,2019-03-05,2019-03-05,48.0,True,2023-03-05,0,88.14,88.14,,,,,,,,,none,M0_balanced; proxy recurrence: identifiable reappearance of a similar procurement need; not a legally verified renewal chain,1
BOAMP:19-34512,BOAMP_CURRENT,SIREN:110006012,SIREN_ENRICHED,Ministère des Affaires étrangères,110006012,,Telecom & Networks,False,32.0,2019-03-06,2019-03-06,6.0,False,2019-09-06,0,88.11,88.11,,,,,,,,,none,M0_balanced; proxy recurrence: identifiable reappearance of a similar procurement need; not a legally verified renewal chain,1
BOAMP:19-35566,BOAMP_CURRENT,SIREN:244900015,SIREN_ENRICHED,Angers Loire Métropole,244900015,,IT Services & Consulting,False,72.0,2019-03-07,2019-03-07,48.0,True,2023-03-07,0,88.07,88.07,,,,,,,,,none,M0_balanced; proxy recurrence: identifiable reappearance of a similar procurement need; not a legally verified renewal chain,1
BOAMP:19-35540,BOAMP_CURRENT,SIREN:224900019,SIREN_ENRICHED,Département de Maine-et-Loire,224900019,,Cybersecurity,False,72.0,2019-07-03,2019-07-03,30.0,False,2022-01-03,0,84.2,84.2,,,,,,,,,none,M0_balanced; proxy recurrence: identifiable reappearance of a similar procurement need; not a legally verified renewal chain,1
BOAMP:19-37169,BOAMP_CURRENT,NAME:ctre hosp universitaire angers,NAME,CTRE HOSP UNIVERSITAIRE ANGERS,,,Telecom & Networks,False,32.0,2019-05-01,2019-05-01,12.0,False,2020-05-01,0,86.27,86.27,,,,,,,,,none,M0_balanced; proxy recurrence: identifiable reappearance of a similar procurement need; not a legally verified renewal chain,1
BOAMP:19-36958,BOAMP_CURRENT,SIREN:794304097,SIREN_ENRICHED,Nantes Métropole,794304097,,Cybersecurity,False,72.0,2019-05-29,2019-05-29,48.0,False,2023-05-29,0,85.35,85.35,,,,,,,,,none,M0_balanced; proxy recurrence: identifiable reappearance of a similar procurement need; not a legally verified renewal chain,1
BOAMP:19-39464,BOAMP_CURRENT,NAME:universite maine,NAME,Université du Maine,,,Cybersecurity,False,64.0,2019-06-19,2019-06-19,12.0,False,2020-06-19,0,84.66,84.66,,,,,,,,,none,M0_balanced; proxy recurrence: identifiable reappearance of a similar procurement need; not a legally verified renewal chain,1
BOAMP:19-39750,BOAMP_CURRENT,NAME:gpm nantes st nazaire,NAME,GPM de Nantes - St Nazaire,,,Telecom & Networks,False,32.0,2019-11-05,2019-11-05,48.0,True,2023-11-05,0,80.09,80.09,,,,,,,,,none,M0_balanced; proxy recurrence: identifiable reappearance of a similar procurement need; not a legally verified renewal chain,1
BOAMP:19-41115,BOAMP_CURRENT,SIREN:234400034,SIREN_ENRICHED,préfet de la région Pays de la Loire,234400034,,Unknown,False,31.0,2019-06-11,2019-06-11,24.0,False,2021-06-11,1,22.63,,22.63,BOAMP:21-57207,0.70859,0.0,0.88622,0.62485,0.10162,1.0,M0_balanced,M0_balanced; proxy recurrence: identifiable reappearance of a similar procurement need; not a legally verified renewal chain,0
BOAMP:19-43213,BOAMP_CURRENT,NAME:ctre hosp universitaire angers,NAME,CTRE HOSP UNIVERSITAIRE ANGERS,,,IT Services & Consulting,False,72.0,2019-03-20,2019-03-20,48.0,True,2023-03-20,0,87.65,87.65,,,,,,,,,none,M0_balanced; proxy recurrence: identifiable reappearance of a similar procurement need; not a legally verified renewal chain,1
BOAMP:19-46630,BOAMP_CURRENT,NAME:ch mans,NAME,CH LE MANS,,,Cybersecurity,False,35.0,2019-03-25,2019-03-25,18.0,False,2020-09-25,0,87.48,87.48,,,,,,,,,none,M0_balanced; proxy recurrence: identifiable reappearance of a similar procurement need; not a legally verified renewal chain,1
BOAMP:19-47604,BOAMP_CURRENT,NAME:sgami ouest bzamp,NAME,SGAMI OUEST BZAMP,,,Telecom & Networks,True,45.0,2019-03-26,2019-03-26,12.0,False,2020-03-26,0,87.45,87.45,,,,,,,,,none,M0_balanced; proxy recurrence: identifiable reappearance of a similar procurement need; not a legally verified renewal chain,1
BOAMP:19-48376,BOAMP_CURRENT,NAME:gpm nantes st nazaire,NAME,GPM de Nantes - St Nazaire,,,Telecom & Networks,False,32.0,2019-08-12,2019-08-12,48.0,False,2023-08-12,0,82.88,82.88,,,,,,,,,none,M0_balanced; proxy recurrence: identifiable reappearance of a similar procurement need; not a legally verified renewal chain,1
BOAMP:19-51014,BOAMP_CURRENT,SIREN:110006012,SIREN_ENRICHED,Ministère des Affaires étrangères,110006012,,IT Hardware & Equipment,False,32.0,2019-03-29,2019-03-29,12.0,False,2020-03-29,0,87.35,87.35,,,,,,,,,none,M0_balanced; proxy recurrence: identifiable reappearance of a similar procurement need; not a legally verified renewal chain,1
BOAMP:19-50622,BOAMP_CURRENT,NAME:iphv hauts thebaudieres,NAME,IPHV LES HAUTS THEBAUDIERES,,,IT Services & Consulting,False,72.0,2019-03-29,2019-03-29,48.0,True,2023-03-29,0,87.35,87.35,,,,,,,,,none,M0_balanced; proxy recurrence: identifiable reappearance of a similar procurement need; not a legally verified renewal chain,1
BOAMP:19-49300,BOAMP_CURRENT,SIREN:214900995,SIREN_ENRICHED,Ville de Cholet,214900995,,Telecom & Networks,False,32.0,2019-07-08,2019-07-08,24.0,False,2021-07-08,0,84.03,84.03,,,,,,,,,none,M0_balanced; proxy recurrence: identifiable reappearance of a similar procurement need; not a legally verified renewal chain,1
BOAMP:19-50035,BOAMP_CURRENT,NAME:universite rennes 1,NAME,université de Rennes 1,,,IT Hardware & Equipment,False,32.0,2019-03-30,2019-03-30,12.0,False,2020-03-30,0,87.32,87.32,,,,,,,,,none,M0_balanced; proxy recurrence: identifiable reappearance of a similar procurement need; not a legally verified renewal chain,1
BOAMP:19-51024,BOAMP_CURRENT,NAME:ville ancenis saint gereon,NAME,Ville d'Ancenis-Saint-Géréon,,,Cybersecurity,False,35.0,2019-07-11,2019-07-11,48.0,True,2023-07-11,0,83.94,83.94,,,,,,,,,none,M0_balanced; proxy recurrence: identifiable reappearance of a similar procurement need; not a legally verified renewal chain,1
BOAMP:19-51224,BOAMP_CURRENT,SIREN:391722881,SIREN_ENRICHED,GIE SESAM Vitale,391722881,,Software & Applications,False,48.0,2020-03-03,2020-03-03,36.0,False,2023-03-03,0,76.18,76.18,,,,,,,,,none,M0_balanced; proxy recurrence: identifiable reappearance of a similar procurement need; not a legally verified renewal chain,1
BOAMP:19-51855,BOAMP_CURRENT,SIREN:228500013,SIREN_ENRICHED,Département de la Vendée,228500013,,Cybersecurity,False,39.0,2019-07-04,2019-07-04,12.0,False,2020-07-04,0,84.17,84.17,,,,,,,,,none,M0_balanced; proxy recurrence: identifiable reappearance of a similar procurement need; not a legally verified renewal chain,1
BOAMP:19-52455,BOAMP_CURRENT,NAME:ars pays loire,NAME,ARS Pays de La Loire,,,Cloud & Infrastructure,False,48.0,2019-05-22,2019-05-22,12.0,False,2020-05-22,0,85.58,85.58,,,,,,,,,none,M0_balanced; proxy recurrence: identifiable reappearance of a similar procurement need; not a legally verified renewal chain,1
BOAMP:19-48030,BOAMP_CURRENT,SIREN:224900019,SIREN_ENRICHED,Département de Maine-et-Loire,224900019,,IT Services & Consulting,False,72.0,2019-07-02,2019-07-02,48.0,False,2023-07-02,1,47.01,,47.01,BOAMP:23-43054,0.98628,1.0,0.91754,0.97775,0.70462,1.0,M0_balanced,M0_balanced; proxy recurrence: identifiable reappearance of a similar procurement need; not a legally verified renewal chain,0
BOAMP:19-53794,BOAMP_CURRENT,SIREN:224900019,SIREN_ENRICHED,Département de Maine-et-Loire,224900019,,Software & Applications,True,48.0,2019-04-05,2019-04-05,48.0,True,2023-04-05,0,87.12,87.12,,,,,,,,,none,M0_balanced; proxy recurrence: identifiable reappearance of a similar procurement need; not a legally verified renewal chain,1
BOAMP:19-56150,BOAMP_CURRENT,SIREN:234400034,SIREN_ENRICHED,Conseil régional des Pays de la Loire,234400034,,Software & Applications,True,48.0,2019-08-12,2019-08-12,48.0,False,2023-08-12,0,82.88,82.88,,,,,,,,,none,M0_balanced; proxy recurrence: identifiable reappearance of a similar procurement need; not a legally verified renewal chain,1
BOAMP:19-55808,BOAMP_CURRENT,SIREN:538208455,SIREN_ENRICHED,GCS E SANTE PAYS DE LA LOIRE,538208455,,IT Services & Consulting,False,72.0,2019-06-19,2019-06-19,48.0,False,2023-06-19,1,49.28,,49.28,BOAMP:23-106736,0.5017,0.4,0.89356,0.63143,0.09118,1.0,M0_balanced,M0_balanced; proxy recurrence: identifiable reappearance of a similar procurement need; not a legally verified renewal chain,0
BOAMP:19-56876,BOAMP_CURRENT,SIREN:935367433,SIREN_ENRICHED,Conseil départemental Loire-Atlantique,935367433,,Unknown,True,45.0,2019-04-11,2019-04-11,24.0,False,2021-04-11,0,86.93,86.93,,,,,,,,,none,M0_balanced; proxy recurrence: identifiable reappearance of a similar procurement need; not a legally verified renewal chain,1
BOAMP:19-55110,BOAMP_CURRENT,SIREN:794304097,SIREN_ENRICHED,Nantes Métropole,794304097,,Software & Applications,True,48.0,2019-04-11,2019-04-11,48.0,True,2023-04-11,0,86.93,86.93,,,,,,,,,none,M0_balanced; proxy recurrence: identifiable reappearance of a similar procurement need; not a legally verified renewal chain,1
BOAMP:19-59985,BOAMP_CURRENT,SIREN:264400136,SIREN_ENRICHED,CHU de Nantes,264400136,,Software & Applications,False,48.0,2019-04-17,2019-04-17,77.0,False,2025-09-17,0,86.73,86.73,,,,,,,,,none,M0_balanced; proxy recurrence: identifiable reappearance of a similar procurement need; not a legally verified renewal chain,1
BOAMP:19-62635,BOAMP_CURRENT,SIREN:218501914,SIREN_ENRICHED,VILLE DE LA ROCHE SUR YON,218501914,,Cybersecurity,False,50.0,2019-10-18,2019-10-18,48.0,False,2023-10-18,0,80.68,80.68,,,,,,,,,none,M0_balanced; proxy recurrence: identifiable reappearance of a similar procurement need; not a legally verified renewal chain,1
BOAMP:19-64938,BOAMP_CURRENT,SIREN:214900995,SIREN_ENRICHED,Ville de Cholet,214900995,,Telecom & Networks,False,32.0,2019-04-24,2019-04-24,48.0,False,2023-04-24,0,86.5,86.5,,,,,,,,,none,M0_balanced; proxy recurrence: identifiable reappearance of a similar procurement need; not a legally verified renewal chain,1
BOAMP:19-54309,BOAMP_CURRENT,SIREN:935367433,SIREN_ENRICHED,Conseil départemental Loire-Atlantique,935367433,,Telecom & Networks,False,32.0,2020-06-22,2020-06-22,48.0,True,2024-06-22,0,72.54,72.54,,,,,,,,,none,M0_balanced; proxy recurrence: identifiable reappearance of a similar procurement need; not a legally verified renewal chain,1
BOAMP:19-66871,BOAMP_CURRENT,NAME:communaute communes grand lieu,NAME,Communauté de Communes de Grand Lieu,,,IT Services & Consulting,False,72.0,2019-04-26,2019-04-26,48.0,False,2023-04-26,0,86.43,86.43,,,,,,,,,none,M0_balanced; proxy recurrence: identifiable reappearance of a similar procurement need; not a legally verified renewal chain,1
BOAMP:19-66602,BOAMP_CURRENT,NAME:ctre hosp universitaire angers,NAME,CTRE HOSP UNIVERSITAIRE ANGERS,,,Software & Applications,False,48.0,2019-04-26,2019-04-26,48.0,True,2023-04-26,0,86.43,86.43,,,,,,,,,none,M0_balanced; proxy recurrence: identifiable reappearance of a similar procurement need; not a legally verified renewal chain,1
BOAMP:19-69736,BOAMP_CURRENT,SIREN:794304097,SIREN_ENRICHED,Nantes Métropole,794304097,,Telecom & Networks,False,32.0,2019-05-05,2019-05-05,48.0,True,2023-05-05,0,86.14,86.14,,,,,,,,,none,M0_balanced; proxy recurrence: identifiable reappearance of a similar procurement need; not a legally verified renewal chain,1
BOAMP:19-70735,BOAMP_CURRENT,SIREN:227200029,SIREN_ENRICHED,DEPARTEMENT DE LA SARTHE,227200029,,IT Hardware & Equipment,False,30.0,2019-08-02,2019-08-02,48.0,True,2023-08-02,0,83.21,83.21,,,,,,,,,none,M0_balanced; proxy recurrence: identifiable reappearance of a similar procurement need; not a legally verified renewal chain,1
BOAMP:19-71182,BOAMP_CURRENT,NAME:dir ouest,NAME,DIR Ouest,,,Telecom & Networks,False,32.0,2019-10-03,2019-10-03,48.0,False,2023-10-03,0,81.18,81.18,,,,,,,,,none,M0_balanced; proxy recurrence: identifiable reappearance of a similar procurement need; not a legally verified renewal chain,1
BOAMP:19-67059,BOAMP_CURRENT,SIREN:794304097,SIREN_ENRICHED,Nantes Métropole,794304097,,Software & Applications,True,48.0,2019-05-08,2019-05-08,48.0,False,2023-05-08,0,86.04,86.04,,,,,,,,,none,M0_balanced; proxy recurrence: identifiable reappearance of a similar procurement need; not a legally verified renewal chain,1
BOAMP:19-71679,BOAMP_CURRENT,SIREN:227200029,SIREN_ENRICHED,DEPARTEMENT DE LA SARTHE,227200029,,Digital Workplace & Collaboration,False,64.0,2019-08-02,2019-08-02,48.0,False,2023-08-02,0,83.21,83.21,,,,,,,,,none,M0_balanced; proxy recurrence: identifiable reappearance of a similar procurement need; not a legally verified renewal chain,1
BOAMP:19-73211,BOAMP_CURRENT,SIREN:218502888,SIREN_ENRICHED,Ville de Talmont - Saint Hilaire,218502888,,Software & Applications,True,48.0,2019-05-09,2019-05-09,60.0,False,2024-05-09,0,86.01,86.01,,,,,,,,,none,M0_balanced; proxy recurrence: identifiable reappearance of a similar procurement need; not a legally verified renewal chain,1
BOAMP:19-75615,BOAMP_CURRENT,SIREN:284400017,SIREN_ENRICHED,SDIS 44,284400017,,IT Maintenance & Support,False,72.0,2019-05-14,2019-05-14,48.0,True,2023-05-14,0,85.84,85.84,,,,,,,,,none,M0_balanced; proxy recurrence: identifiable reappearance of a similar procurement need; not a legally verified renewal chain,1
BOAMP:19-75795,BOAMP_CURRENT,SIREN:258500222,SIREN_ENRICHED,VENDEE EAU,258500222,,Cybersecurity,False,72.0,2019-05-15,2019-05-15,48.0,True,2023-05-15,0,85.81,85.81,,,,,,,,,none,M0_balanced; proxy recurrence: identifiable reappearance of a similar procurement need; not a legally verified renewal chain,1
BOAMP:19-74485,BOAMP_CURRENT,SIREN:794304097,SIREN_ENRICHED,Nantes Métropole,794304097,,IT Services & Consulting,False,72.0,2019-08-01,2019-08-01,48.0,False,2023-08-01,0,83.25,83.25,,,,,,,,,none,M0_balanced; proxy recurrence: identifiable reappearance of a similar procurement need; not a legally verified renewal chain,1
BOAMP:19-78493,BOAMP_CURRENT,NAME:ctre hosp universitaire angers,NAME,CTRE HOSP UNIVERSITAIRE ANGERS,,,Telecom & Networks,False,32.0,2019-05-20,2019-05-20,48.0,True,2023-05-20,0,85.64,85.64,,,,,,,,,none,M0_balanced; proxy recurrence: identifiable reappearance of a similar procurement need; not a legally verified renewal chain,1
BOAMP:19-78854,BOAMP_CURRENT,NAME:vendee habitat oph vendee,NAME,Vendée Habitat - OPH de Vendée,,,Digital Workplace & Collaboration,False,64.0,2019-08-06,2019-08-06,12.0,False,2020-08-06,0,83.08,83.08,,,,,,,,,none,M0_balanced; proxy recurrence: identifiable reappearance of a similar procurement need; not a legally verified renewal chain,1
BOAMP:19-80774,BOAMP_CURRENT,SIREN:217500016,SIREN_ENRICHED,Ville du Mans,217500016,,Unknown,False,,2019-05-23,2019-05-23,24.0,False,2021-05-23,1,26.12,,26.12,BOAMP:21-103746,0.89627,,0.82359,0.8932,0.43326,1.0,M0_balanced,M0_balanced; proxy recurrence: identifiable reappearance of a similar procurement need; not a legally verified renewal chain,0
BOAMP:19-80016,BOAMP_CURRENT,NAME:universite maine,NAME,Université du Maine,,,Telecom & Networks,False,32.0,2019-10-10,2019-10-10,24.0,False,2021-10-10,0,80.95,80.95,,,,,,,,,none,M0_balanced; proxy recurrence: identifiable reappearance of a similar procurement need; not a legally verified renewal chain,1
BOAMP:19-81470,BOAMP_CURRENT,SIREN:935367433,SIREN_ENRICHED,Conseil départemental Loire-Atlantique,935367433,,Telecom & Networks,False,32.0,2019-05-24,2019-05-24,12.0,False,2020-05-24,0,85.51,85.51,,,,,,,,,none,M0_balanced; proxy recurrence: identifiable reappearance of a similar procurement need; not a legally verified renewal chain,1
BOAMP:19-82021,BOAMP_CURRENT,SIREN:194909701,SIREN_ENRICHED,Université d'Angers,194909701,,Cloud & Infrastructure,True,45.0,2019-05-24,2019-05-24,11.0,False,2020-04-24,0,85.51,85.51,,,,,,,,,none,M0_balanced; proxy recurrence: identifiable reappearance of a similar procurement need; not a legally verified renewal chain,1
BOAMP:19-80203,BOAMP_CURRENT,SIREN:130029747,SIREN_ENRICHED,Université de Nantes,130029747,,Telecom & Networks,False,32.0,2019-05-24,2019-05-24,48.0,False,2023-05-24,0,85.51,85.51,,,,,,,,,none,M0_balanced; proxy recurrence: identifiable reappearance of a similar procurement need; not a legally verified renewal chain,1
BOAMP:19-79147,BOAMP_CURRENT,SIREN:248500589,SIREN_ENRICHED,LA ROCHE-SUR-YON AGGLOMERATION,248500589,,Unknown,False,45.0,2019-10-10,2019-10-10,19.0,False,2021-05-10,0,80.95,80.95,,,,,,,,,none,M0_balanced; proxy recurrence: identifiable reappearance of a similar procurement need; not a legally verified renewal chain,1
BOAMP:19-85688,BOAMP_CURRENT,SIREN:244900015,SIREN_ENRICHED,Angers Loire Métropole,244900015,,IT Services & Consulting,False,72.0,2019-12-09,2019-12-09,24.0,False,2021-12-09,0,78.98,78.98,,,,,,,,,none,M0_balanced; proxy recurrence: identifiable reappearance of a similar procurement need; not a legally verified renewal chain,1
BOAMP:19-87143,BOAMP_CURRENT,SIREN:214401432,SIREN_ENRICHED,COMMUNE DE REZE,214401432,,Software & Applications,False,,2019-06-05,2019-06-05,48.0,False,2023-06-05,0,85.12,85.12,,,,,,,,,none,M0_balanced; proxy recurrence: identifiable reappearance of a similar procurement need; not a legally verified renewal chain,1
BOAMP:19-87510,BOAMP_CURRENT,NAME:gpm nantes st nazaire,NAME,GPM de Nantes - St Nazaire,,,Software & Applications,False,48.0,2019-06-06,2019-06-06,48.0,True,2023-06-06,1,39.55,,39.55,BOAMP:22-92345,0.59204,1.0,0.2961,0.64588,,1.0,M0_balanced,M0_balanced; proxy recurrence: identifiable reappearance of a similar procurement need; not a legally verified renewal chain,0
BOAMP:19-87023,BOAMP_CURRENT,NAME:sec gal adm min interieur ouest,NAME,SEC GAL POUR L ADM MIN INTERIEUR OUEST,,,Unknown,False,45.0,2019-12-16,2019-12-16,34.0,False,2022-10-16,0,78.75,78.75,,,,,,,,,none,M0_balanced; proxy recurrence: identifiable reappearance of a similar procurement need; not a legally verified renewal chain,1
BOAMP:19-88976,BOAMP_CURRENT,NAME:com agglo reg nazairienne estuaire,NAME,COM D AGGLO REG NAZAIRIENNE ESTUAIRE,,,Cybersecurity,False,35.0,2019-09-20,2019-09-20,5.0,False,2020-02-20,0,81.6,81.6,,,,,,,,,none,M0_balanced; proxy recurrence: identifiable reappearance of a similar procurement need; not a legally verified renewal chain,1
BOAMP:19-91357,BOAMP_CURRENT,SIREN:200056679,SIREN_ENRICHED,COMMUNE DE VERRIERES EN ANJOU,200056679,,Data & AI,False,45.0,2019-06-14,2019-06-14,11.0,False,2020-05-14,0,84.82,84.82,,,,,,,,,none,M0_balanced; proxy recurrence: identifiable reappearance of a similar procurement need; not a legally verified renewal chain,1
BOAMP:19-90615,BOAMP_CURRENT,SIREN:214401846,SIREN_ENRICHED,COMMUNE DE SAINT NAZAIRE,214401846,,Telecom & Networks,False,50.0,2019-06-14,2019-06-14,48.0,False,2023-06-14,0,84.82,84.82,,,,,,,,,none,M0_balanced; proxy recurrence: identifiable reappearance of a similar procurement need; not a legally verified renewal chain,1
BOAMP:19-91082,BOAMP_CURRENT,SIREN:224900019,SIREN_ENRICHED,Département de Maine-et-Loire,224900019,,Telecom & Networks,False,32.0,2019-06-16,2019-06-16,12.0,False,2020-06-16,1,6.14,,6.14,BOAMP:19-185581,1.0,,0.51194,0.85645,0.36133,1.0,M0_balanced,M0_balanced; proxy recurrence: identifiable reappearance of a similar procurement need; not a legally verified renewal chain,0
BOAMP:19-93739,BOAMP_CURRENT,NAME:communaute agglomeration niortais,NAME,Communauté d'agglomération du Niortais,,,Software & Applications,False,48.0,2019-06-20,2019-06-20,48.0,False,2023-06-20,0,84.63,84.63,,,,,,,,,none,M0_balanced; proxy recurrence: identifiable reappearance of a similar procurement need; not a legally verified renewal chain,1
BOAMP:19-95263,BOAMP_CURRENT,SIREN:217200955,SIREN_ENRICHED,ville de Coulaines,217200955,,IT Services & Consulting,False,72.0,2019-06-20,2019-06-20,48.0,True,2023-06-20,0,84.63,84.63,,,,,,,,,none,M0_balanced; proxy recurrence: identifiable reappearance of a similar procurement need; not a legally verified renewal chain,1
BOAMP:19-92498,BOAMP_CURRENT,SIREN:794304097,SIREN_ENRICHED,Nantes Métropole,794304097,,Software & Applications,True,48.0,2019-06-21,2019-06-21,60.0,False,2024-06-21,0,84.59,84.59,,,,,,,,,none,M0_balanced; proxy recurrence: identifiable reappearance of a similar procurement need; not a legally verified renewal chain,1
BOAMP:19-97686,BOAMP_CURRENT,NAME:synd dep energie eqpt vendee,NAME,SYND DEP D ENERGIE ET D EQPT DE VENDEE,,,Software & Applications,False,48.0,2020-02-10,2020-02-10,48.0,False,2024-02-10,0,76.91,76.91,,,,,,,,,none,M0_balanced; proxy recurrence: identifiable reappearance of a similar procurement need; not a legally verified renewal chain,1
BOAMP:19-99589,BOAMP_CURRENT,SIREN:200052702,SIREN_ENRICHED,MAIRIE DE BAUGE EN ANJOU,200052702,,IT Services & Consulting,False,72.0,2019-09-24,2019-09-24,48.0,False,2023-09-24,0,81.47,81.47,,,,,,,,,none,M0_balanced; proxy recurrence: identifiable reappearance of a similar procurement need; not a legally verified renewal chain,1
BOAMP:19-100067,BOAMP_CURRENT,NAME:sec gal adm min interieur ouest,NAME,SEC GAL POUR L ADM MIN INTERIEUR OUEST,,,Unknown,False,,2019-06-30,2019-06-30,48.0,True,2023-06-30,0,84.3,84.3,,,,,,,,,none,M0_balanced; proxy recurrence: identifiable reappearance of a similar procurement need; not a legally verified renewal chain,1
BOAMP:19-99928,BOAMP_CURRENT,NAME:sec gal adm min interieur ouest,NAME,SEC GAL POUR L ADM MIN INTERIEUR OUEST,,,Unknown,False,,2019-06-30,2019-06-30,10.0,False,2020-04-30,0,84.3,84.3,,,,,,,,,none,M0_balanced; proxy recurrence: identifiable reappearance of a similar procurement need; not a legally verified renewal chain,1
BOAMP:19-101998,BOAMP_CURRENT,SIREN:214400475,SIREN_ENRICHED,Mairie de Coueron,214400475,,IT Hardware & Equipment,False,30.0,2020-01-08,2020-01-08,60.0,False,2025-01-08,0,77.99,77.99,,,,,,,,,none,M0_balanced; proxy recurrence: identifiable reappearance of a similar procurement need; not a legally verified renewal chain,1
BOAMP:19-103125,BOAMP_CURRENT,NAME:cnieg,NAME,CNIEG,,,IT Services & Consulting,False,72.0,2019-07-04,2019-07-04,12.0,False,2020-07-04,0,84.17,84.17,,,,,,,,,none,M0_balanced; proxy recurrence: identifiable reappearance of a similar procurement need; not a legally verified renewal chain,1
BOAMP:19-103833,BOAMP_CURRENT,SIREN:244400404,SIREN_ENRICHED,METROPOLE NANTES METROPOLE,244400404,,Software & Applications,True,48.0,2019-07-05,2019-07-05,4.0,False,2019-11-05,0,84.13,84.13,,,,,,,,,none,M0_balanced; proxy recurrence: identifiable reappearance of a similar procurement need; not a legally verified renewal chain,1
BOAMP:19-104228,BOAMP_CURRENT,SIREN:214401622,SIREN_ENRICHED,Commune de Saint-Herblain,214401622,,IT Services & Consulting,False,72.0,2019-07-05,2019-07-05,48.0,True,2023-07-05,0,84.13,84.13,,,,,,,,,none,M0_balanced; proxy recurrence: identifiable reappearance of a similar procurement need; not a legally verified renewal chain,1
BOAMP:19-102776,BOAMP_CURRENT,SIREN:214401432,SIREN_ENRICHED,COMMUNE DE REZE,214401432,,Software & Applications,False,48.0,2019-11-06,2019-11-06,48.0,True,2023-11-06,0,80.06,80.06,,,,,,,,,none,M0_balanced; proxy recurrence: identifiable reappearance of a similar procurement need; not a legally verified renewal chain,1
BOAMP:19-103545,BOAMP_CURRENT,SIREN:264400136,SIREN_ENRICHED,CHU de Nantes,264400136,,Telecom & Networks,False,32.0,2019-07-06,2019-07-06,72.0,False,2025-07-06,0,84.1,84.1,,,,,,,,,none,M0_balanced; proxy recurrence: identifiable reappearance of a similar procurement need; not a legally verified renewal chain,1
BOAMP:19-103897,BOAMP_CURRENT,SIREN:225300011,SIREN_ENRICHED,DEPARTEMENT DE LA MAYENNE,225300011,,IT Services & Consulting,False,72.0,2019-10-21,2019-10-21,48.0,False,2023-10-21,0,80.58,80.58,,,,,,,,,none,M0_balanced; proxy recurrence: identifiable reappearance of a similar procurement need; not a legally verified renewal chain,1
BOAMP:19-105133,BOAMP_CURRENT,SIREN:200084655,SIREN_ENRICHED,Ville de Château-Gontier,200084655,,Cybersecurity,False,35.0,2019-07-10,2019-07-10,12.0,False,2020-07-10,0,83.97,83.97,,,,,,,,,none,M0_balanced; proxy recurrence: identifiable reappearance of a similar procurement need; not a legally verified renewal chain,1
BOAMP:19-105083,BOAMP_CURRENT,SIREN:794304097,SIREN_ENRICHED,Nantes Métropole,794304097,,Software & Applications,True,48.0,2019-07-10,2019-07-10,48.0,False,2023-07-10,0,83.97,83.97,,,,,,,,,none,M0_balanced; proxy recurrence: identifiable reappearance of a similar procurement need; not a legally verified renewal chain,1
BOAMP:19-105444,BOAMP_CURRENT,SIREN:247200132,SIREN_ENRICHED,Le Mans Métropole - Communauté Urbaine,247200132,,Software & Applications,False,48.0,2019-07-10,2019-07-10,74.0,False,2025-09-10,0,83.97,83.97,,,,,,,,,none,M0_balanced; proxy recurrence: identifiable reappearance of a similar procurement need; not a legally verified renewal chain,1
BOAMP:19-106429,BOAMP_CURRENT,NAME:ccir pays loire,NAME,CCIR Pays de la Loire,,,Software & Applications,True,48.0,2019-10-21,2019-10-21,48.0,False,2023-10-21,0,80.58,80.58,,,,,,,,,none,M0_balanced; proxy recurrence: identifiable reappearance of a similar procurement need; not a legally verified renewal chain,1
BOAMP:19-106682,BOAMP_CURRENT,NAME:gie loire ocean,NAME,GIE Loire Océan,,,IT Services & Consulting,False,72.0,2019-11-21,2019-11-21,12.0,False,2020-11-21,0,79.57,79.57,,,,,,,,,none,M0_balanced; proxy recurrence: identifiable reappearance of a similar procurement need; not a legally verified renewal chain,1
BOAMP:19-108442,BOAMP_CURRENT,SIREN:451518641,SIREN_ENRICHED,VENDEE,451518641,,IT Services & Consulting,False,72.0,2019-12-17,2019-12-17,12.0,False,2020-12-17,1,35.87,,35.87,BOAMP:22-128177,0.95662,1.0,0.0,0.78178,0.30531,1.0,M0_balanced,M0_balanced; proxy recurrence: identifiable reappearance of a similar procurement need; not a legally verified renewal chain,0
BOAMP:19-110311,BOAMP_CURRENT,NAME:epf vendee,NAME,EPF de la Vendée,,,IT Services & Consulting,True,72.0,2019-07-16,2019-07-16,48.0,True,2023-07-16,0,83.77,83.77,,,,,,,,,none,M0_balanced; proxy recurrence: identifiable reappearance of a similar procurement need; not a legally verified renewal chain,1
BOAMP:19-109687,BOAMP_CURRENT,NAME:semitan mandataire nantes metropole,NAME,SEMITAN mandataire de Nantes Métropole,,,Software & Applications,False,48.0,2020-10-08,2020-10-08,36.0,False,2023-10-08,0,68.99,68.99,,,,,,,,,none,M0_balanced; proxy recurrence: identifiable reappearance of a similar procurement need; not a legally verified renewal chain,1
BOAMP:19-110370,BOAMP_CURRENT,SIREN:214401093,SIREN_ENRICHED,COMMUNE DE NANTES,214401093,,Software & Applications,True,48.0,2019-07-19,2019-07-19,60.0,False,2024-07-19,0,83.67,83.67,,,,,,,,,none,M0_balanced; proxy recurrence: identifiable reappearance of a similar procurement need; not a legally verified renewal chain,1
BOAMP:19-111839,BOAMP_CURRENT,SIREN:935367433,SIREN_ENRICHED,Conseil départemental Loire-Atlantique,935367433,,Telecom & Networks,False,64.0,2019-07-20,2019-07-20,12.0,False,2020-07-20,1,13.53,,13.53,BOAMP:20-107502,0.72901,0.0,0.8721,0.6306,0.07299,1.0,M0_balanced,M0_balanced; proxy recurrence: identifiable reappearance of a similar procurement need; not a legally verified renewal chain,0
BOAMP:19-112517,BOAMP_CURRENT,NAME:gip vendee numerique,NAME,GIP Vendée Numérique,,,Unknown,False,71.0,2019-10-07,2019-10-07,24.0,False,2021-10-07,0,81.04,81.04,,,,,,,,,none,M0_balanced; proxy recurrence: identifiable reappearance of a similar procurement need; not a legally verified renewal chain,1
BOAMP:19-114079,BOAMP_CURRENT,SIREN:278000013,SIREN_ENRICHED,Baie de Somme Habitat,278000013,,Cybersecurity,False,72.0,2019-09-27,2019-09-27,48.0,False,2023-09-27,0,81.37,81.37,,,,,,,,,none,M0_balanced; proxy recurrence: identifiable reappearance of a similar procurement need; not a legally verified renewal chain,1
BOAMP:19-115344,BOAMP_CURRENT,SIREN:831928452,SIREN_ENRICHED,FONDATION PARTENARIALE POLYTECH,831928452,,Telecom & Networks,False,32.0,2020-04-16,2020-04-16,48.0,True,2024-04-16,0,74.74,74.74,,,,,,,,,none,M0_balanced; proxy recurrence: identifiable reappearance of a similar procurement need; not a legally verified renewal chain,1
BOAMP:19-117328,BOAMP_CURRENT,NAME:ctre hosp universitaire angers,NAME,CTRE HOSP UNIVERSITAIRE ANGERS,,,IT Services & Consulting,True,72.0,2019-07-26,2019-07-26,48.0,True,2023-07-26,0,83.44,83.44,,,,,,,,,none,M0_balanced; proxy recurrence: identifiable reappearance of a similar procurement need; not a legally verified renewal chain,1
BOAMP:19-118102,BOAMP_CURRENT,NAME:ch mans,NAME,CH LE MANS,,,Telecom & Networks,True,32.0,2019-11-28,2019-11-28,48.0,False,2023-11-28,0,79.34,79.34,,,,,,,,,none,M0_balanced; proxy recurrence: identifiable reappearance of a similar procurement need; not a legally verified renewal chain,1
BOAMP:19-118142,BOAMP_CURRENT,NAME:comcom estuaire sillon,NAME,Comcom Estuaire et Sillon,,,Unknown,False,71.0,2019-11-29,2019-11-29,48.0,True,2023-11-29,0,79.3,79.3,,,,,,,,,none,M0_balanced; proxy recurrence: identifiable reappearance of a similar procurement need; not a legally verified renewal chain,1
BOAMP:19-109269,BOAMP_CURRENT,SIREN:214401093,SIREN_ENRICHED,Ville de Nantes,214401093,,Cybersecurity,False,35.0,2019-08-02,2019-08-02,24.0,False,2021-08-02,0,83.21,83.21,,,,,,,,,none,M0_balanced; proxy recurrence: identifiable reappearance of a similar procurement need; not a legally verified renewal chain,1
BOAMP:19-119207,BOAMP_CURRENT,SIREN:247200132,SIREN_ENRICHED,Le Mans Métropole - Communauté Urbaine,247200132,,Unknown,False,39.0,2019-12-23,2019-12-23,10.0,False,2020-10-23,0,78.52,78.52,,,,,,,,,none,M0_balanced; proxy recurrence: identifiable reappearance of a similar procurement need; not a legally verified renewal chain,1
BOAMP:19-119269,BOAMP_CURRENT,SIREN:794304097,SIREN_ENRICHED,Nantes Métropole,794304097,,Cybersecurity,False,72.0,2019-08-02,2019-08-02,48.0,False,2023-08-02,0,83.21,83.21,,,,,,,,,none,M0_balanced; proxy recurrence: identifiable reappearance of a similar procurement need; not a legally verified renewal chain,1
BOAMP:19-120649,BOAMP_CURRENT,NAME:ch mans,NAME,CH LE MANS,,,Data & AI,False,33.0,2020-02-04,2020-02-04,48.0,True,2024-02-04,0,77.1,77.1,,,,,,,,,none,M0_balanced; proxy recurrence: identifiable reappearance of a similar procurement need; not a legally verified renewal chain,1
BOAMP:19-123299,BOAMP_CURRENT,NAME:mindef ema dc sca pfaf co rennes,NAME,MINDEF/EMA/DC SCA/PFAF CO Rennes,,,Telecom & Networks,False,32.0,2019-11-27,2019-11-27,12.0,False,2020-11-27,0,79.37,79.37,,,,,,,,,none,M0_balanced; proxy recurrence: identifiable reappearance of a similar procurement need; not a legally verified renewal chain,1
BOAMP:19-124424,BOAMP_CURRENT,NAME:chd vendee,NAME,CHD VENDEE,,,Software & Applications,True,48.0,2020-04-21,2020-04-21,48.0,False,2024-04-21,0,74.57,74.57,,,,,,,,,none,M0_balanced; proxy recurrence: identifiable reappearance of a similar procurement need; not a legally verified renewal chain,1
BOAMP:19-125270,BOAMP_CURRENT,NAME:ctre hosp universitaire angers,NAME,CTRE HOSP UNIVERSITAIRE ANGERS,,,IT Services & Consulting,True,72.0,2019-08-14,2019-08-14,48.0,False,2023-08-14,0,82.82,82.82,,,,,,,,,none,M0_balanced; proxy recurrence: identifiable reappearance of a similar procurement need; not a legally verified renewal chain,1
BOAMP:19-126819,BOAMP_CURRENT,NAME:conseil general vendee,NAME,Conseil général de la Vendée,,,Unknown,False,,2019-08-19,2019-08-19,48.0,True,2023-08-19,0,82.65,82.65,,,,,,,,,none,M0_balanced; proxy recurrence: identifiable reappearance of a similar procurement need; not a legally verified renewal chain,1
BOAMP:19-128681,BOAMP_CURRENT,SIREN:234400034,SIREN_ENRICHED,Conseil régional des Pays de la Loire,234400034,,IT Services & Consulting,True,72.0,2019-12-11,2019-12-11,12.0,False,2020-12-11,0,78.91,78.91,,,,,,,,,none,M0_balanced; proxy recurrence: identifiable reappearance of a similar procurement need; not a legally verified renewal chain,1
BOAMP:19-130305,BOAMP_CURRENT,NAME:communaute communes grand lieu,NAME,Communauté de Communes de Grand Lieu,,,Cybersecurity,False,35.0,2019-12-20,2019-12-20,48.0,True,2023-12-20,0,78.61,78.61,,,,,,,,,none,M0_balanced; proxy recurrence: identifiable reappearance of a similar procurement need; not a legally verified renewal chain,1
BOAMP:19-131601,BOAMP_CURRENT,SIREN:284400017,SIREN_ENRICHED,SDIS 44,284400017,,Cybersecurity,False,35.0,2019-08-29,2019-08-29,48.0,True,2023-08-29,0,82.33,82.33,,,,,,,,,none,M0_balanced; proxy recurrence: identifiable reappearance of a similar procurement need; not a legally verified renewal chain,1
BOAMP:19-131225,BOAMP_CURRENT,SIREN:284400017,SIREN_ENRICHED,SDIS 44,284400017,,Cybersecurity,False,35.0,2019-08-29,2019-08-29,48.0,True,2023-08-29,0,82.33,82.33,,,,,,,,,none,M0_balanced; proxy recurrence: identifiable reappearance of a similar procurement need; not a legally verified renewal chain,1
BOAMP:19-131092,BOAMP_CURRENT,SIREN:284400017,SIREN_ENRICHED,SDIS 44,284400017,,Cybersecurity,False,35.0,2019-08-30,2019-08-30,12.0,False,2020-08-30,0,82.29,82.29,,,,,,,,,none,M0_balanced; proxy recurrence: identifiable reappearance of a similar procurement need; not a legally verified renewal chain,1
BOAMP:19-136955,BOAMP_CURRENT,SIREN:244900015,SIREN_ENRICHED,Angers Loire Métropole,244900015,,IT Services & Consulting,False,72.0,2019-09-10,2019-09-10,12.0,False,2020-09-10,0,81.93,81.93,,,,,,,,,none,M0_balanced; proxy recurrence: identifiable reappearance of a similar procurement need; not a legally verified renewal chain,1
BOAMP:19-137030,BOAMP_CURRENT,SIREN:234400034,SIREN_ENRICHED,Conseil régional des Pays de la Loire,234400034,,Software & Applications,True,48.0,2019-09-12,2019-09-12,24.0,False,2021-09-12,0,81.87,81.87,,,,,,,,,none,M0_balanced; proxy recurrence: identifiable reappearance of a similar procurement need; not a legally verified renewal chain,1
BOAMP:19-138013,BOAMP_CURRENT,NAME:chbr reg metiers artisanat nouv aquit,NAME,CHBR REG METIERS ARTISANAT NOUV AQUIT,,,Software & Applications,True,48.0,2019-12-13,2019-12-13,36.0,False,2022-12-13,0,78.84,78.84,,,,,,,,,none,M0_balanced; proxy recurrence: identifiable reappearance of a similar procurement need; not a legally verified renewal chain,1
BOAMP:19-141668,BOAMP_CURRENT,SIREN:288500010,SIREN_ENRICHED,SDIS 85,288500010,,Cybersecurity,False,35.0,2020-02-14,2020-02-14,6.0,False,2020-08-14,0,76.77,76.77,,,,,,,,,none,M0_balanced; proxy recurrence: identifiable reappearance of a similar procurement need; not a legally verified renewal chain,1
BOAMP:19-142610,BOAMP_CURRENT,SIREN:224900019,SIREN_ENRICHED,Département de Maine-et-Loire,224900019,,Telecom & Networks,False,32.0,2019-09-20,2019-09-20,48.0,True,2023-09-20,0,81.6,81.6,,,,,,,,,none,M0_balanced; proxy recurrence: identifiable reappearance of a similar procurement need; not a legally verified renewal chain,1
BOAMP:19-142971,BOAMP_CURRENT,SIREN:214400459,SIREN_ENRICHED,MAIRIE DE CORDEMAIS,214400459,,Cybersecurity,False,35.0,2019-09-22,2019-09-22,60.0,False,2024-09-22,0,81.54,81.54,,,,,,,,,none,M0_balanced; proxy recurrence: identifiable reappearance of a similar procurement need; not a legally verified renewal chain,1
BOAMP:19-145053,BOAMP_CURRENT,SIREN:227200029,SIREN_ENRICHED,DEPARTEMENT DE LA SARTHE,227200029,,IT Services & Consulting,False,72.0,2019-09-24,2019-09-24,48.0,False,2023-09-24,0,81.47,81.47,,,,,,,,,none,M0_balanced; proxy recurrence: identifiable reappearance of a similar procurement need; not a legally verified renewal chain,1
BOAMP:19-145845,BOAMP_CURRENT,NAME:ctre hosp universitaire angers,NAME,CTRE HOSP UNIVERSITAIRE ANGERS,,,IT Services & Consulting,True,72.0,2019-09-26,2019-09-26,48.0,True,2023-09-26,0,81.41,81.41,,,,,,,,,none,M0_balanced; proxy recurrence: identifiable reappearance of a similar procurement need; not a legally verified renewal chain,1
BOAMP:19-144868,BOAMP_CURRENT,NAME:conseil general vendee,NAME,Conseil général de la Vendée,,,Cloud & Infrastructure,False,48.0,2020-03-19,2020-03-19,24.0,False,2022-03-19,0,75.66,75.66,,,,,,,,,none,M0_balanced; proxy recurrence: identifiable reappearance of a similar procurement need; not a legally verified renewal chain,1
BOAMP:19-146419,BOAMP_CURRENT,SIREN:227200029,SIREN_ENRICHED,DEPARTEMENT DE LA SARTHE,227200029,,Telecom & Networks,False,32.0,2020-02-10,2020-02-10,48.0,False,2024-02-10,0,76.91,76.91,,,,,,,,,none,M0_balanced; proxy recurrence: identifiable reappearance of a similar procurement need; not a legally verified renewal chain,1
BOAMP:19-147943,BOAMP_CURRENT,SIREN:234400034,SIREN_ENRICHED,Conseil régional des Pays de la Loire,234400034,,IT Services & Consulting,False,72.0,2019-12-27,2019-12-27,24.0,False,2021-12-27,0,78.38,78.38,,,,,,,,,none,M0_balanced; proxy recurrence: identifiable reappearance of a similar procurement need; not a legally verified renewal chain,1
BOAMP:19-147530,BOAMP_CURRENT,SIREN:191700327,SIREN_ENRICHED,Université de La Rochelle,191700327,,Software & Applications,False,48.0,2019-10-27,2019-10-27,48.0,False,2023-10-27,0,80.39,80.39,,,,,,,,,none,M0_balanced; proxy recurrence: identifiable reappearance of a similar procurement need; not a legally verified renewal chain,1
BOAMP:19-150722,BOAMP_CURRENT,SIREN:214400475,SIREN_ENRICHED,Mairie de Coueron,214400475,,Unknown,False,31.0,2019-10-04,2019-10-04,48.0,True,2023-10-04,0,81.14,81.14,,,,,,,,,none,M0_balanced; proxy recurrence: identifiable reappearance of a similar procurement need; not a legally verified renewal chain,1
BOAMP:19-150176,BOAMP_CURRENT,NAME:chd vendee,NAME,CHD VENDEE,,,IT Services & Consulting,True,72.0,2019-12-27,2019-12-27,48.0,False,2023-12-27,0,78.38,78.38,,,,,,,,,none,M0_balanced; proxy recurrence: identifiable reappearance of a similar procurement need; not a legally verified renewal chain,1
BOAMP:19-151799,BOAMP_CURRENT,NAME:dir interregionale sces penitentiaires,NAME,DIR INTERREGIONALE SCES PENITENTIAIRES,,,Unknown,True,45.0,2019-10-07,2019-10-07,48.0,True,2023-10-07,0,81.04,81.04,,,,,,,,,none,M0_balanced; proxy recurrence: identifiable reappearance of a similar procurement need; not a legally verified renewal chain,1
BOAMP:19-151382,BOAMP_CURRENT,SIREN:794304097,SIREN_ENRICHED,Nantes Métropole,794304097,,Software & Applications,True,48.0,2019-10-09,2019-10-09,60.0,False,2024-10-09,0,80.98,80.98,,,,,,,,,none,M0_balanced; proxy recurrence: identifiable reappearance of a similar procurement need; not a legally verified renewal chain,1
BOAMP:19-152453,BOAMP_CURRENT,NAME:chd vendee,NAME,CHD VENDEE,,,Telecom & Networks,False,32.0,2019-10-10,2019-10-10,64.0,False,2025-02-10,0,80.95,80.95,,,,,,,,,none,M0_balanced; proxy recurrence: identifiable reappearance of a similar procurement need; not a legally verified renewal chain,1
BOAMP:19-152227,BOAMP_CURRENT,SIREN:217500016,SIREN_ENRICHED,Ville du Mans,217500016,,IT Services & Consulting,False,72.0,2020-06-16,2020-06-16,48.0,False,2024-06-16,0,72.73,72.73,,,,,,,,,none,M0_balanced; proxy recurrence: identifiable reappearance of a similar procurement need; not a legally verified renewal chain,1
BOAMP:19-153997,BOAMP_CURRENT,SIREN:200054336,SIREN_ENRICHED,COMMUNE DE MAUGES SUR LOIRE,200054336,,Software & Applications,True,48.0,2019-10-10,2019-10-10,48.0,True,2023-10-10,0,80.95,80.95,,,,,,,,,none,M0_balanced; proxy recurrence: identifiable reappearance of a similar procurement need; not a legally verified renewal chain,1
BOAMP:19-154710,BOAMP_CURRENT,SIREN:218501914,SIREN_ENRICHED,VILLE DE LA ROCHE SUR YON,218501914,,IT Services & Consulting,False,72.0,2019-10-11,2019-10-11,24.0,False,2021-10-11,0,80.91,80.91,,,,,,,,,none,M0_balanced; proxy recurrence: identifiable reappearance of a similar procurement need; not a legally verified renewal chain,1
BOAMP:19-155590,BOAMP_CURRENT,NAME:etablissement public marais poitevi,NAME,ETABLISSEMENT PUBLIC DU MARAIS POITEVI,,,Digital Workplace & Collaboration,False,72.0,2019-12-20,2019-12-20,48.0,False,2023-12-20,0,78.61,78.61,,,,,,,,,none,M0_balanced; proxy recurrence: identifiable reappearance of a similar procurement need; not a legally verified renewal chain,1
BOAMP:19-156899,BOAMP_CURRENT,SIREN:794304097,SIREN_ENRICHED,Nantes Métropole,794304097,,Cybersecurity,False,35.0,2020-01-22,2020-01-22,48.0,False,2024-01-22,0,77.53,77.53,,,,,,,,,none,M0_balanced; proxy recurrence: identifiable reappearance of a similar procurement need; not a legally verified renewal chain,1
BOAMP:19-157359,BOAMP_CURRENT,SIREN:214401846,SIREN_ENRICHED,COMMUNE DE SAINT NAZAIRE,214401846,,Telecom & Networks,False,32.0,2019-12-26,2019-12-26,12.0,False,2020-12-26,0,78.42,78.42,,,,,,,,,none,M0_balanced; proxy recurrence: identifiable reappearance of a similar procurement need; not a legally verified renewal chain,1
BOAMP:19-156761,BOAMP_CURRENT,NAME:ville alencon,NAME,Ville d'Alençon,,,Software & Applications,False,71.0,2020-03-27,2020-03-27,24.0,False,2022-03-27,1,42.74,,42.74,BOAMP:23-145035,0.88613,1.0,0.0,0.71017,0.45463,1.0,M0_balanced,M0_balanced; proxy recurrence: identifiable reappearance of a similar procurement need; not a legally verified renewal chain,0
BOAMP:19-159241,BOAMP_CURRENT,SIREN:130013097,SIREN_ENRICHED,ECOLE NATIONALE SUPERIEURE MARITIME,130013097,,Software & Applications,False,48.0,2019-10-20,2019-10-20,12.0,False,2020-10-20,0,80.62,80.62,,,,,,,,,none,M0_balanced; proxy recurrence: identifiable reappearance of a similar procurement need; not a legally verified renewal chain,1
BOAMP:19-160018,BOAMP_CURRENT,SIREN:198513905,SIREN_ENRICHED,LYCEE POLYVALENT LEONARD DE VINCI,198513905,,Telecom & Networks,False,32.0,2019-10-21,2019-10-21,1.0,False,2019-11-21,1,12.88,,12.88,BOAMP:20-140005,1.0,1.0,0.01018,0.80204,,1.0,M0_balanced,M0_balanced; proxy recurrence: identifiable reappearance of a similar procurement need; not a legally verified renewal chain,0
BOAMP:19-160471,BOAMP_CURRENT,SIREN:247200132,SIREN_ENRICHED,Le Mans Métropole - Communauté Urbaine,247200132,,Data & AI,False,72.0,2020-03-16,2020-03-16,48.0,False,2024-03-16,0,75.76,75.76,,,,,,,,,none,M0_balanced; proxy recurrence: identifiable reappearance of a similar procurement need; not a legally verified renewal chain,1
BOAMP:19-160506,BOAMP_CURRENT,SIREN:200054336,SIREN_ENRICHED,COMMUNE DE MAUGES SUR LOIRE,200054336,,Cybersecurity,False,35.0,2020-01-09,2020-01-09,36.0,False,2023-01-09,0,77.96,77.96,,,,,,,,,none,M0_balanced; proxy recurrence: identifiable reappearance of a similar procurement need; not a legally verified renewal chain,1
BOAMP:19-161349,BOAMP_CURRENT,NAME:cci metropolitaine bretagne ouest,NAME,CCI METROPOLITAINE BRETAGNE OUEST,,,Software & Applications,False,48.0,2019-10-25,2019-10-25,48.0,True,2023-10-25,0,80.45,80.45,,,,,,,,,none,M0_balanced; proxy recurrence: identifiable reappearance of a similar procurement need; not a legally verified renewal chain,1
BOAMP:19-163024,BOAMP_CURRENT,SIREN:391722881,SIREN_ENRICHED,GIE SESAM Vitale,391722881,,IT Services & Consulting,False,72.0,2020-08-03,2020-08-03,54.0,False,2025-02-03,0,71.16,71.16,,,,,,,,,none,M0_balanced; proxy recurrence: identifiable reappearance of a similar procurement need; not a legally verified renewal chain,1
BOAMP:19-165120,BOAMP_CURRENT,SIREN:264400136,SIREN_ENRICHED,CHU de Nantes,264400136,,Telecom & Networks,False,32.0,2019-10-30,2019-10-30,12.0,False,2020-10-30,0,80.29,80.29,,,,,,,,,none,M0_balanced; proxy recurrence: identifiable reappearance of a similar procurement need; not a legally verified renewal chain,1
BOAMP:19-164716,BOAMP_CURRENT,NAME:conservatoire littoral,NAME,Conservatoire du littoral,,,Cybersecurity,False,72.0,2020-03-26,2020-03-26,48.0,False,2024-03-26,0,75.43,75.43,,,,,,,,,none,M0_balanced; proxy recurrence: identifiable reappearance of a similar procurement need; not a legally verified renewal chain,1
BOAMP:19-169855,BOAMP_CURRENT,SIREN:391722881,SIREN_ENRICHED,GIE SESAM Vitale,391722881,,IT Services & Consulting,False,72.0,2019-11-12,2019-11-12,36.0,False,2022-11-12,0,79.86,79.86,,,,,,,,,none,M0_balanced; proxy recurrence: identifiable reappearance of a similar procurement need; not a legally verified renewal chain,1
BOAMP:19-172484,BOAMP_CURRENT,NAME:spr pays loire,NAME,SPR Pays de la Loire,,,IT Services & Consulting,True,72.0,2020-02-10,2020-02-10,18.0,False,2021-08-10,0,76.91,76.91,,,,,,,,,none,M0_balanced; proxy recurrence: identifiable reappearance of a similar procurement need; not a legally verified renewal chain,1
BOAMP:19-172734,BOAMP_CURRENT,SIREN:217500016,SIREN_ENRICHED,Ville du Mans,217500016,,Data & AI,False,37.0,2020-03-10,2020-03-10,48.0,False,2024-03-10,0,75.95,75.95,,,,,,,,,none,M0_balanced; proxy recurrence: identifiable reappearance of a similar procurement need; not a legally verified renewal chain,1
BOAMP:19-174809,BOAMP_CURRENT,SIREN:227200029,SIREN_ENRICHED,DEPARTEMENT DE LA SARTHE,227200029,,IT Services & Consulting,False,72.0,2019-11-20,2019-11-20,48.0,True,2023-11-20,0,79.6,79.6,,,,,,,,,none,M0_balanced; proxy recurrence: identifiable reappearance of a similar procurement need; not a legally verified renewal chain,1
BOAMP:19-173999,BOAMP_CURRENT,SIREN:599200136,SIREN_ENRICHED,Sembreizh société,599200136,,IT Services & Consulting,False,72.0,2019-11-21,2019-11-21,60.0,False,2024-11-21,0,79.57,79.57,,,,,,,,,none,M0_balanced; proxy recurrence: identifiable reappearance of a similar procurement need; not a legally verified renewal chain,1
BOAMP:19-173933,BOAMP_CURRENT,SIREN:599200136,SIREN_ENRICHED,Sembreizh société,599200136,,IT Services & Consulting,False,72.0,2019-11-21,2019-11-21,60.0,False,2024-11-21,0,79.57,79.57,,,,,,,,,none,M0_balanced; proxy recurrence: identifiable reappearance of a similar procurement need; not a legally verified renewal chain,1
BOAMP:19-174098,BOAMP_CURRENT,SIREN:234400034,SIREN_ENRICHED,Conseil régional des Pays de la Loire,234400034,,IT Services & Consulting,True,72.0,2020-02-20,2020-02-20,24.0,False,2022-02-20,0,76.58,76.58,,,,,,,,,none,M0_balanced; proxy recurrence: identifiable reappearance of a similar procurement need; not a legally verified renewal chain,1
BOAMP:19-175237,BOAMP_CURRENT,SIREN:217200542,SIREN_ENRICHED,Commune de Champagné,217200542,,Unknown,False,45.0,2019-11-21,2019-11-21,48.0,True,2023-11-21,0,79.57,79.57,,,,,,,,,none,M0_balanced; proxy recurrence: identifiable reappearance of a similar procurement need; not a legally verified renewal chain,1
BOAMP:19-174412,BOAMP_CURRENT,NAME:semitan,NAME,SEMITAN,,,IT Services & Consulting,False,72.0,2020-06-22,2020-06-22,24.0,False,2022-06-22,0,72.54,72.54,,,,,,,,,none,M0_balanced; proxy recurrence: identifiable reappearance of a similar procurement need; not a legally verified renewal chain,1
BOAMP:19-177021,BOAMP_CURRENT,SIREN:247200132,SIREN_ENRICHED,Le Mans Métropole - Communauté Urbaine,247200132,,Software & Applications,False,48.0,2020-06-04,2020-06-04,61.0,False,2025-07-04,0,73.13,73.13,,,,,,,,,none,M0_balanced; proxy recurrence: identifiable reappearance of a similar procurement need; not a legally verified renewal chain,1
BOAMP:19-177026,BOAMP_CURRENT,NAME:arafer,NAME,ARAFER,,,Telecom & Networks,False,32.0,2019-11-27,2019-11-27,48.0,False,2023-11-27,0,79.37,79.37,,,,,,,,,none,M0_balanced; proxy recurrence: identifiable reappearance of a similar procurement need; not a legally verified renewal chain,1
BOAMP:19-178175,BOAMP_CURRENT,SIREN:214401846,SIREN_ENRICHED,COMMUNE DE SAINT NAZAIRE,214401846,,Software & Applications,False,48.0,2020-03-12,2020-03-12,48.0,False,2024-03-12,0,75.89,75.89,,,,,,,,,none,M0_balanced; proxy recurrence: identifiable reappearance of a similar procurement need; not a legally verified renewal chain,1
BOAMP:19-177220,BOAMP_CURRENT,NAME:shema,NAME,SHEMA,,,Unknown,True,45.0,2019-11-28,2019-11-28,18.0,False,2021-05-28,0,79.34,79.34,,,,,,,,,none,M0_balanced; proxy recurrence: identifiable reappearance of a similar procurement need; not a legally verified renewal chain,1
BOAMP:19-172419,BOAMP_CURRENT,NAME:syndicat trivalis,NAME,Syndicat Trivalis,,,Unknown,False,45.0,2019-11-29,2019-11-29,48.0,True,2023-11-29,0,79.3,79.3,,,,,,,,,none,M0_balanced; proxy recurrence: identifiable reappearance of a similar procurement need; not a legally verified renewal chain,1
BOAMP:19-179524,BOAMP_CURRENT,SIREN:200054336,SIREN_ENRICHED,COMMUNE DE MAUGES SUR LOIRE,200054336,,Telecom & Networks,False,32.0,2020-03-13,2020-03-13,48.0,True,2024-03-13,1,37.02,,37.02,BOAMP:23-49047,0.91976,0.4,0.0853,0.64536,,1.0,M0_balanced,M0_balanced; proxy recurrence: identifiable reappearance of a similar procurement need; not a legally verified renewal chain,0
BOAMP:19-180395,BOAMP_CURRENT,NAME:e collectivites vendee,NAME,e-Collectivités Vendée,,,Software & Applications,True,48.0,2020-04-10,2020-04-10,24.0,False,2022-04-10,0,74.93,74.93,,,,,,,,,none,M0_balanced; proxy recurrence: identifiable reappearance of a similar procurement need; not a legally verified renewal chain,1
BOAMP:19-181049,BOAMP_CURRENT,SIREN:233500016,SIREN_ENRICHED,CCI de région Bretagne,233500016,,Digital Workplace & Collaboration,False,72.0,2020-10-05,2020-10-05,12.0,False,2021-10-05,0,69.09,69.09,,,,,,,,,none,M0_balanced; proxy recurrence: identifiable reappearance of a similar procurement need; not a legally verified renewal chain,1
BOAMP:19-181393,BOAMP_CURRENT,SIREN:228500013,SIREN_ENRICHED,Département de la Vendée,228500013,,IT Services & Consulting,False,72.0,2020-03-11,2020-03-11,48.0,True,2024-03-11,0,75.92,75.92,,,,,,,,,none,M0_balanced; proxy recurrence: identifiable reappearance of a similar procurement need; not a legally verified renewal chain,1
BOAMP:19-184534,BOAMP_CURRENT,SIREN:214400202,SIREN_ENRICHED,Ville de Bouguenais,214400202,,Telecom & Networks,False,79.0,2019-12-11,2019-12-11,12.0,False,2020-12-11,0,78.91,78.91,,,,,,,,,none,M0_balanced; proxy recurrence: identifiable reappearance of a similar procurement need; not a legally verified renewal chain,1
BOAMP:19-183493,BOAMP_CURRENT,SIREN:200058899,SIREN_ENRICHED,COMMUNE DE BEAUFORT EN ANJOU,200058899,,Telecom & Networks,False,32.0,2020-03-18,2020-03-18,60.0,False,2025-03-18,0,75.69,75.69,,,,,,,,,none,M0_balanced; proxy recurrence: identifiable reappearance of a similar procurement need; not a legally verified renewal chain,1
BOAMP:19-184300,BOAMP_CURRENT,NAME:cdc pays saint gilles cx vie,NAME,CDC du Pays de Saint Gilles Cx de Vie,,,Telecom & Networks,False,32.0,2020-02-11,2020-02-11,24.0,False,2022-02-11,0,76.87,76.87,,,,,,,,,none,M0_balanced; proxy recurrence: identifiable reappearance of a similar procurement need; not a legally verified renewal chain,1
BOAMP:19-184490,BOAMP_CURRENT,SIREN:234400034,SIREN_ENRICHED,Conseil régional des Pays de la Loire,234400034,,IT Services & Consulting,False,72.0,2020-03-30,2020-03-30,48.0,False,2024-03-30,1,42.12,,42.12,BOAMP:23-73693,0.71749,0.6,0.50964,0.69127,0.26059,1.0,M0_balanced,M0_balanced; proxy recurrence: identifiable reappearance of a similar procurement need; not a legally verified renewal chain,0
BOAMP:19-187147,BOAMP_CURRENT,SIREN:214401846,SIREN_ENRICHED,COMMUNE DE SAINT NAZAIRE,214401846,,Software & Applications,False,48.0,2020-03-26,2020-03-26,48.0,False,2024-03-26,0,75.43,75.43,,,,,,,,,none,M0_balanced; proxy recurrence: identifiable reappearance of a similar procurement need; not a legally verified renewal chain,1
BOAMP:19-187630,BOAMP_CURRENT,NAME:conseil general vendee,NAME,Conseil général de la Vendée,,,Telecom & Networks,False,32.0,2020-04-15,2020-04-15,48.0,True,2024-04-15,0,74.77,74.77,,,,,,,,,none,M0_balanced; proxy recurrence: identifiable reappearance of a similar procurement need; not a legally verified renewal chain,1
BOAMP:19-185581,BOAMP_CURRENT,SIREN:224900019,SIREN_ENRICHED,Département de Maine-et-Loire,224900019,,Data & AI,False,,2019-12-20,2019-12-20,12.0,False,2020-12-20,0,78.61,78.61,,,,,,,,,none,M0_balanced; proxy recurrence: identifiable reappearance of a similar procurement need; not a legally verified renewal chain,1
BOAMP:19-190109,BOAMP_CURRENT,SIREN:200054302,SIREN_ENRICHED,MONTREVAULT-SUR-ÈVRE,200054302,,Cybersecurity,False,35.0,2019-12-20,2019-12-20,48.0,True,2023-12-20,0,78.61,78.61,,,,,,,,,none,M0_balanced; proxy recurrence: identifiable reappearance of a similar procurement need; not a legally verified renewal chain,1
BOAMP:19-189641,BOAMP_CURRENT,NAME:communaute cnes terres montaigu,NAME,Communauté de Cnes Terres de Montaigu,,,Cybersecurity,False,72.0,2020-08-03,2020-08-03,24.0,False,2022-08-03,0,71.16,71.16,,,,,,,,,none,M0_balanced; proxy recurrence: identifiable reappearance of a similar procurement need; not a legally verified renewal chain,1
BOAMP:19-190328,BOAMP_CURRENT,SIREN:194909701,SIREN_ENRICHED,Université d'Angers,194909701,,Telecom & Networks,False,32.0,2020-06-04,2020-06-04,48.0,False,2024-06-04,0,73.13,73.13,,,,,,,,,none,M0_balanced; proxy recurrence: identifiable reappearance of a similar procurement need; not a legally verified renewal chain,1
BOAMP:19-191665,BOAMP_CURRENT,SIREN:794304097,SIREN_ENRICHED,Nantes Métropole,794304097,,Cybersecurity,False,72.0,2019-12-26,2019-12-26,72.0,False,2025-12-26,0,78.42,78.42,,,,,,,,,none,M0_balanced; proxy recurrence: identifiable reappearance of a similar procurement need; not a legally verified renewal chain,1
BOAMP:19-176963,BOAMP_CURRENT,SIREN:244900015,SIREN_ENRICHED,Angers Loire Métropole,244900015,,Digital Workplace & Collaboration,False,72.0,2020-01-06,2020-01-06,48.0,False,2024-01-06,1,46.45,,46.45,BOAMP:23-43939,0.58913,0.6,0.871,0.70964,0.267,1.0,M0_balanced,M0_balanced; proxy recurrence: identifiable reappearance of a similar procurement need; not a legally verified renewal chain,0
BOAMP:20-892,BOAMP_CURRENT,SIREN:218501096,SIREN_ENRICHED,Commune des Herbiers,218501096,,Data & AI,False,,2020-01-07,2020-01-07,48.0,True,2024-01-07,0,78.02,78.02,,,,,,,,,none,M0_balanced; proxy recurrence: identifiable reappearance of a similar procurement need; not a legally verified renewal chain,1
BOAMP:20-2441,BOAMP_CURRENT,SIREN:217500016,SIREN_ENRICHED,Ville du Mans,217500016,,Telecom & Networks,False,32.0,2020-06-29,2020-06-29,48.0,False,2024-06-29,0,72.31,72.31,,,,,,,,,none,M0_balanced; proxy recurrence: identifiable reappearance of a similar procurement need; not a legally verified renewal chain,1
BOAMP:20-4011,BOAMP_CURRENT,NAME:cnieg,NAME,CNIEG,,,IT Services & Consulting,False,72.0,2020-05-29,2020-05-29,24.0,False,2022-05-29,0,73.32,73.32,,,,,,,,,none,M0_balanced; proxy recurrence: identifiable reappearance of a similar procurement need; not a legally verified renewal chain,1
BOAMP:20-6019,BOAMP_CURRENT,NAME:cte communes region blain,NAME,Cté de Communes de la Région de Blain,,,Software & Applications,True,48.0,2020-01-14,2020-01-14,24.0,False,2022-01-14,0,77.79,77.79,,,,,,,,,none,M0_balanced; proxy recurrence: identifiable reappearance of a similar procurement need; not a legally verified renewal chain,1
BOAMP:20-5957,BOAMP_CURRENT,SIREN:234400034,SIREN_ENRICHED,Conseil régional des Pays de la Loire,234400034,,IT Services & Consulting,True,72.0,2020-01-16,2020-01-16,12.0,False,2021-01-16,0,77.73,77.73,,,,,,,,,none,M0_balanced; proxy recurrence: identifiable reappearance of a similar procurement need; not a legally verified renewal chain,1
BOAMP:20-6008,BOAMP_CURRENT,NAME:ctre hosp universitaire angers,NAME,CTRE HOSP UNIVERSITAIRE ANGERS,,,Data & AI,False,50.0,2020-06-09,2020-06-09,12.0,False,2021-06-09,0,72.96,72.96,,,,,,,,,none,M0_balanced; proxy recurrence: identifiable reappearance of a similar procurement need; not a legally verified renewal chain,1
BOAMP:20-6485,BOAMP_CURRENT,NAME:cnieg,NAME,CNIEG,,,Cybersecurity,False,72.0,2020-05-25,2020-05-25,24.0,False,2022-05-25,0,73.46,73.46,,,,,,,,,none,M0_balanced; proxy recurrence: identifiable reappearance of a similar procurement need; not a legally verified renewal chain,1
BOAMP:20-8882,BOAMP_CURRENT,SIREN:532458809,SIREN_ENRICHED,Ville d'Angers,532458809,,Unknown,False,,2020-01-20,2020-01-20,12.0,False,2021-01-20,1,28.88,,28.88,BOAMP:22-12758,1.0,,0.0,0.70588,0.0553299999999999,1.0,M0_balanced,M0_balanced; proxy recurrence: identifiable reappearance of a similar procurement need; not a legally verified renewal chain,0
BOAMP:20-9474,BOAMP_CURRENT,SIREN:935367433,SIREN_ENRICHED,Conseil départemental Loire-Atlantique,935367433,,Cybersecurity,False,35.0,2020-01-21,2020-01-21,36.0,False,2023-01-21,0,77.56,77.56,,,,,,,,,none,M0_balanced; proxy recurrence: identifiable reappearance of a similar procurement need; not a legally verified renewal chain,1
BOAMP:20-8874,BOAMP_CURRENT,SIREN:110006012,SIREN_ENRICHED,Ministère des Affaires étrangères,110006012,,IT Services & Consulting,False,72.0,2020-10-14,2020-10-14,12.0,False,2021-10-14,0,68.79,68.79,,,,,,,,,none,M0_balanced; proxy recurrence: identifiable reappearance of a similar procurement need; not a legally verified renewal chain,1
BOAMP:20-8819,BOAMP_CURRENT,SIREN:214401432,SIREN_ENRICHED,COMMUNE DE REZE,214401432,,Unknown,False,18.0,2020-10-15,2020-10-15,12.0,False,2021-10-15,0,68.76,68.76,,,,,,,,,none,M0_balanced; proxy recurrence: identifiable reappearance of a similar procurement need; not a legally verified renewal chain,1
BOAMP:20-10119,BOAMP_CURRENT,NAME:conseil general vendee,NAME,Conseil général de la Vendée,,,IT Services & Consulting,False,72.0,2020-09-10,2020-09-10,48.0,False,2024-09-10,0,69.91,69.91,,,,,,,,,none,M0_balanced; proxy recurrence: identifiable reappearance of a similar procurement need; not a legally verified renewal chain,1
BOAMP:20-10180,BOAMP_CURRENT,NAME:chd vendee,NAME,CHD VENDEE,,,Telecom & Networks,False,32.0,2020-06-12,2020-06-12,64.0,False,2025-10-12,0,72.86,72.86,,,,,,,,,none,M0_balanced; proxy recurrence: identifiable reappearance of a similar procurement need; not a legally verified renewal chain,1
BOAMP:20-11000,BOAMP_CURRENT,SIREN:794304097,SIREN_ENRICHED,Nantes Métropole,794304097,,Software & Applications,True,48.0,2020-01-25,2020-01-25,60.0,False,2025-01-25,0,77.43,77.43,,,,,,,,,none,M0_balanced; proxy recurrence: identifiable reappearance of a similar procurement need; not a legally verified renewal chain,1
BOAMP:20-12202,BOAMP_CURRENT,SIREN:234400034,SIREN_ENRICHED,Conseil régional des Pays de la Loire,234400034,,IT Services & Consulting,True,72.0,2020-06-11,2020-06-11,12.0,False,2021-06-11,0,72.9,72.9,,,,,,,,,none,M0_balanced; proxy recurrence: identifiable reappearance of a similar procurement need; not a legally verified renewal chain,1
BOAMP:20-11443,BOAMP_CURRENT,SIREN:214401846,SIREN_ENRICHED,COMMUNE DE SAINT NAZAIRE,214401846,,Cybersecurity,False,79.0,2020-05-29,2020-05-29,12.0,False,2021-05-29,1,2.17,,2.17,BOAMP:20-98331,0.5559,1.0,0.18068,0.64961,0.26162,1.0,M0_balanced,M0_balanced; proxy recurrence: identifiable reappearance of a similar procurement need; not a legally verified renewal chain,0
BOAMP:20-12070,BOAMP_CURRENT,SIREN:794304097,SIREN_ENRICHED,Nantes Métropole,794304097,,Cybersecurity,False,72.0,2020-01-26,2020-01-26,48.0,False,2024-01-26,0,77.4,77.4,,,,,,,,,none,M0_balanced; proxy recurrence: identifiable reappearance of a similar procurement need; not a legally verified renewal chain,1
BOAMP:20-13447,BOAMP_CURRENT,NAME:inra angers nantes,NAME,INRA ANGERS NANTES,,,IT Services & Consulting,False,72.0,2020-10-20,2020-10-20,48.0,True,2024-10-20,0,68.59,68.59,,,,,,,,,none,M0_balanced; proxy recurrence: identifiable reappearance of a similar procurement need; not a legally verified renewal chain,1
BOAMP:20-15000,BOAMP_CURRENT,NAME:cci nantes saint nazaire,NAME,CCI Nantes Saint-Nazaire,,,Digital Workplace & Collaboration,False,72.0,2020-02-01,2020-02-01,48.0,False,2024-02-01,0,77.2,77.2,,,,,,,,,none,M0_balanced; proxy recurrence: identifiable reappearance of a similar procurement need; not a legally verified renewal chain,1
BOAMP:20-16573,BOAMP_CURRENT,SIREN:247200132,SIREN_ENRICHED,Le Mans Métropole - Communauté Urbaine,247200132,,Unknown,False,45.0,2020-02-03,2020-02-03,48.0,True,2024-02-03,0,77.14,77.14,,,,,,,,,none,M0_balanced; proxy recurrence: identifiable reappearance of a similar procurement need; not a legally verified renewal chain,1
BOAMP:20-17362,BOAMP_CURRENT,NAME:vendee habitat oph vendee,NAME,Vendée Habitat - OPH de Vendée,,,Cybersecurity,False,72.0,2020-02-04,2020-02-04,48.0,True,2024-02-04,0,77.1,77.1,,,,,,,,,none,M0_balanced; proxy recurrence: identifiable reappearance of a similar procurement need; not a legally verified renewal chain,1
BOAMP:20-16671,BOAMP_CURRENT,SIREN:391722881,SIREN_ENRICHED,GIE SESAM Vitale,391722881,,IT Maintenance & Support,False,72.0,2021-01-18,2021-01-18,24.0,False,2023-01-18,1,22.5,,22.5,BOAMP:22-159813,0.58692,0.4,0.87527,0.66356,0.18646,1.0,M0_balanced,M0_balanced; proxy recurrence: identifiable reappearance of a similar procurement need; not a legally verified renewal chain,0
BOAMP:20-17802,BOAMP_CURRENT,NAME:conseil general vendee,NAME,Conseil général de la Vendée,,,IT Services & Consulting,False,72.0,2020-10-29,2020-10-29,48.0,False,2024-10-29,0,68.3,68.3,,,,,,,,,none,M0_balanced; proxy recurrence: identifiable reappearance of a similar procurement need; not a legally verified renewal chain,1
BOAMP:20-19986,BOAMP_CURRENT,SIREN:264400136,SIREN_ENRICHED,CHU de Nantes,264400136,,Telecom & Networks,False,32.0,2020-02-09,2020-02-09,48.0,False,2024-02-09,0,76.94,76.94,,,,,,,,,none,M0_balanced; proxy recurrence: identifiable reappearance of a similar procurement need; not a legally verified renewal chain,1
BOAMP:20-20633,BOAMP_CURRENT,NAME:semitan,NAME,SEMITAN,,,Cybersecurity,False,35.0,2020-02-10,2020-02-10,12.0,False,2021-02-10,0,76.91,76.91,,,,,,,,,none,M0_balanced; proxy recurrence: identifiable reappearance of a similar procurement need; not a legally verified renewal chain,1
BOAMP:20-20672,BOAMP_CURRENT,NAME:conseil general vendee,NAME,Conseil général de la Vendée,,,IT Services & Consulting,False,72.0,2020-10-28,2020-10-28,48.0,False,2024-10-28,0,68.33,68.33,,,,,,,,,none,M0_balanced; proxy recurrence: identifiable reappearance of a similar procurement need; not a legally verified renewal chain,1
BOAMP:20-23104,BOAMP_CURRENT,SIREN:180043010,SIREN_ENRICHED,Réseau Canopé,180043010,,IT Services & Consulting,True,72.0,2020-05-12,2020-05-12,12.0,False,2021-05-12,0,73.88,73.88,,,,,,,,,none,M0_balanced; proxy recurrence: identifiable reappearance of a similar procurement need; not a legally verified renewal chain,1
BOAMP:20-23300,BOAMP_CURRENT,SIREN:200048551,SIREN_ENRICHED,CC PAYS DE CRAON,200048551,,Unknown,False,45.0,2020-06-19,2020-06-19,36.0,False,2023-06-19,0,72.63,72.63,,,,,,,,,none,M0_balanced; proxy recurrence: identifiable reappearance of a similar procurement need; not a legally verified renewal chain,1
BOAMP:20-23864,BOAMP_CURRENT,SIREN:247200132,SIREN_ENRICHED,Le Mans Métropole - Communauté Urbaine,247200132,,Telecom & Networks,False,42.0,2020-07-29,2020-07-29,48.0,False,2024-07-29,0,71.32,71.32,,,,,,,,,none,M0_balanced; proxy recurrence: identifiable reappearance of a similar procurement need; not a legally verified renewal chain,1
BOAMP:20-26328,BOAMP_CURRENT,SIREN:794304097,SIREN_ENRICHED,Nantes Métropole,794304097,,IT Services & Consulting,False,72.0,2020-09-28,2020-09-28,48.0,True,2024-09-28,0,69.32,69.32,,,,,,,,,none,M0_balanced; proxy recurrence: identifiable reappearance of a similar procurement need; not a legally verified renewal chain,1
BOAMP:20-26585,BOAMP_CURRENT,SIREN:794304097,SIREN_ENRICHED,Nantes Métropole,794304097,,Cybersecurity,False,72.0,2021-01-05,2021-01-05,48.0,False,2025-01-05,0,66.06,66.06,,,,,,,,,none,M0_balanced; proxy recurrence: identifiable reappearance of a similar procurement need; not a legally verified renewal chain,1
BOAMP:20-27109,BOAMP_CURRENT,SIREN:214400202,SIREN_ENRICHED,Ville de Bouguenais,214400202,,Telecom & Networks,False,32.0,2020-02-23,2020-02-23,12.0,False,2021-02-23,1,7.95,,7.95,BOAMP:20-61130,1.0,1.0,0.66251,0.9325,0.48964,1.0,M0_balanced,M0_balanced; proxy recurrence: identifiable reappearance of a similar procurement need; not a legally verified renewal chain,0
BOAMP:20-27358,BOAMP_CURRENT,SIREN:391722881,SIREN_ENRICHED,GIE SESAM Vitale,391722881,,IT Services & Consulting,False,72.0,2021-01-06,2021-01-06,48.0,True,2025-01-06,0,66.03,66.03,,,,,,,,,none,M0_balanced; proxy recurrence: identifiable reappearance of a similar procurement need; not a legally verified renewal chain,1
BOAMP:20-28158,BOAMP_CURRENT,NAME:sgami ouest,NAME,SGAMI OUEST,,,Cybersecurity,False,35.0,2020-08-07,2020-08-07,48.0,False,2024-08-07,0,71.02,71.02,,,,,,,,,none,M0_balanced; proxy recurrence: identifiable reappearance of a similar procurement need; not a legally verified renewal chain,1
BOAMP:20-29244,BOAMP_CURRENT,SIREN:214401093,SIREN_ENRICHED,COMMUNE DE NANTES,214401093,,Cybersecurity,False,35.0,2020-02-27,2020-02-27,48.0,False,2024-02-27,0,76.35,76.35,,,,,,,,,none,M0_balanced; proxy recurrence: identifiable reappearance of a similar procurement need; not a legally verified renewal chain,1
BOAMP:20-29934,BOAMP_CURRENT,SIREN:214401093,SIREN_ENRICHED,Ville de Nantes,214401093,,Cybersecurity,False,35.0,2020-02-28,2020-02-28,48.0,False,2024-02-28,0,76.31,76.31,,,,,,,,,none,M0_balanced; proxy recurrence: identifiable reappearance of a similar procurement need; not a legally verified renewal chain,1
BOAMP:20-31844,BOAMP_CURRENT,SIREN:130029747,SIREN_ENRICHED,Université de Nantes,130029747,,IT Services & Consulting,False,72.0,2020-06-03,2020-06-03,48.0,True,2024-06-03,0,73.16,73.16,,,,,,,,,none,M0_balanced; proxy recurrence: identifiable reappearance of a similar procurement need; not a legally verified renewal chain,1
BOAMP:20-32737,BOAMP_CURRENT,SIREN:234400034,SIREN_ENRICHED,Conseil régional des Pays de la Loire,234400034,,Digital Workplace & Collaboration,False,72.0,2020-10-29,2020-10-29,12.0,False,2021-10-29,0,68.3,68.3,,,,,,,,,none,M0_balanced; proxy recurrence: identifiable reappearance of a similar procurement need; not a legally verified renewal chain,1
BOAMP:20-32203,BOAMP_CURRENT,SIREN:794304097,SIREN_ENRICHED,Nantes Métropole,794304097,,IT Services & Consulting,False,72.0,2020-03-06,2020-03-06,48.0,False,2024-03-06,0,76.08,76.08,,,,,,,,,none,M0_balanced; proxy recurrence: identifiable reappearance of a similar procurement need; not a legally verified renewal chain,1
BOAMP:20-34709,BOAMP_CURRENT,SIREN:546650169,SIREN_ENRICHED,Vendée Expansion,546650169,,IT Hardware & Equipment,False,79.0,2020-03-08,2020-03-08,6.0,False,2020-09-08,0,76.02,76.02,,,,,,,,,none,M0_balanced; proxy recurrence: identifiable reappearance of a similar procurement need; not a legally verified renewal chain,1
BOAMP:20-36082,BOAMP_CURRENT,SIREN:214400491,SIREN_ENRICHED,COMMUNE DU CROISIC,214400491,,Unknown,False,,2020-03-10,2020-03-10,1.0,False,2020-04-10,0,75.95,75.95,,,,,,,,,none,M0_balanced; proxy recurrence: identifiable reappearance of a similar procurement need; not a legally verified renewal chain,1
BOAMP:20-35774,BOAMP_CURRENT,SIREN:935367433,SIREN_ENRICHED,Conseil départemental Loire-Atlantique,935367433,,IT Services & Consulting,False,72.0,2020-10-26,2020-10-26,12.0,False,2021-10-26,1,7.46,,7.46,BOAMP:21-77546,0.84134,0.4,0.62144,0.71965,0.15841,1.0,M0_balanced,M0_balanced; proxy recurrence: identifiable reappearance of a similar procurement need; not a legally verified renewal chain,0
BOAMP:20-28749,BOAMP_CURRENT,SIREN:214401093,SIREN_ENRICHED,COMMUNE DE NANTES,214401093,,Telecom & Networks,False,32.0,2020-03-11,2020-03-11,48.0,False,2024-03-11,0,75.92,75.92,,,,,,,,,none,M0_balanced; proxy recurrence: identifiable reappearance of a similar procurement need; not a legally verified renewal chain,1
BOAMP:20-35511,BOAMP_CURRENT,NAME:cci reg ctre val loire,NAME,CCI DE REG CTRE VAL DE LOIRE,,,IT Hardware & Equipment,False,30.0,2020-06-10,2020-06-10,48.0,False,2024-06-10,0,72.93,72.93,,,,,,,,,none,M0_balanced; proxy recurrence: identifiable reappearance of a similar procurement need; not a legally verified renewal chain,1
BOAMP:20-34392,BOAMP_CURRENT,SIREN:794304097,SIREN_ENRICHED,Nantes Métropole,794304097,,Cybersecurity,False,72.0,2020-03-11,2020-03-11,48.0,False,2024-03-11,0,75.92,75.92,,,,,,,,,none,M0_balanced; proxy recurrence: identifiable reappearance of a similar procurement need; not a legally verified renewal chain,1
BOAMP:20-37796,BOAMP_CURRENT,NAME:communaute agglomeration niortais,NAME,Communauté d'agglomération du Niortais,,,IT Services & Consulting,False,72.0,2020-03-12,2020-03-12,48.0,False,2024-03-12,0,75.89,75.89,,,,,,,,,none,M0_balanced; proxy recurrence: identifiable reappearance of a similar procurement need; not a legally verified renewal chain,1
BOAMP:20-38676,BOAMP_CURRENT,SIREN:214401093,SIREN_ENRICHED,COMMUNE DE NANTES,214401093,,Software & Applications,True,48.0,2020-03-15,2020-03-15,60.0,False,2025-03-15,0,75.79,75.79,,,,,,,,,none,M0_balanced; proxy recurrence: identifiable reappearance of a similar procurement need; not a legally verified renewal chain,1
BOAMP:20-45001,BOAMP_CURRENT,SIREN:451518641,SIREN_ENRICHED,VENDEE,451518641,,Telecom & Networks,False,32.0,2020-03-27,2020-03-27,48.0,True,2024-03-27,0,75.39,75.39,,,,,,,,,none,M0_balanced; proxy recurrence: identifiable reappearance of a similar procurement need; not a legally verified renewal chain,1
BOAMP:20-47300,BOAMP_CURRENT,SIREN:194909701,SIREN_ENRICHED,Université d'Angers,194909701,,Software & Applications,False,48.0,2020-09-03,2020-09-03,48.0,False,2024-09-03,0,70.14,70.14,,,,,,,,,none,M0_balanced; proxy recurrence: identifiable reappearance of a similar procurement need; not a legally verified renewal chain,1
BOAMP:20-47343,BOAMP_CURRENT,NAME:cci metropolitaine bretagne ouest,NAME,CCI METROPOLITAINE BRETAGNE OUEST,,,Software & Applications,False,48.0,2020-04-02,2020-04-02,48.0,False,2024-04-02,0,75.2,75.2,,,,,,,,,none,M0_balanced; proxy recurrence: identifiable reappearance of a similar procurement need; not a legally verified renewal chain,1
BOAMP:20-48669,BOAMP_CURRENT,NAME:ville orvault,NAME,Ville d'Orvault,,,Data & AI,False,72.0,2020-04-03,2020-04-03,48.0,True,2024-04-03,0,75.16,75.16,,,,,,,,,none,M0_balanced; proxy recurrence: identifiable reappearance of a similar procurement need; not a legally verified renewal chain,1
BOAMP:20-50348,BOAMP_CURRENT,NAME:cte communes region blain,NAME,Cté de Communes de la Région de Blain,,,IT Services & Consulting,True,72.0,2020-04-08,2020-04-08,48.0,False,2024-04-08,0,75.0,75.0,,,,,,,,,none,M0_balanced; proxy recurrence: identifiable reappearance of a similar procurement need; not a legally verified renewal chain,1
BOAMP:20-49128,BOAMP_CURRENT,NAME:epf vendee,NAME,EPF de la Vendée,,,Unknown,False,79.0,2020-07-07,2020-07-07,6.0,False,2021-01-07,0,72.04,72.04,,,,,,,,,none,M0_balanced; proxy recurrence: identifiable reappearance of a similar procurement need; not a legally verified renewal chain,1
BOAMP:20-49221,BOAMP_CURRENT,NAME:conseil general vendee,NAME,Conseil général de la Vendée,,,IT Services & Consulting,False,72.0,2020-09-23,2020-09-23,48.0,False,2024-09-23,0,69.48,69.48,,,,,,,,,none,M0_balanced; proxy recurrence: identifiable reappearance of a similar procurement need; not a legally verified renewal chain,1
BOAMP:20-50446,BOAMP_CURRENT,SIREN:264400136,SIREN_ENRICHED,CHU de Nantes,264400136,,IT Services & Consulting,True,72.0,2020-11-04,2020-11-04,48.0,True,2024-11-04,0,68.1,68.1,,,,,,,,,none,M0_balanced; proxy recurrence: identifiable reappearance of a similar procurement need; not a legally verified renewal chain,1
BOAMP:20-50911,BOAMP_CURRENT,SIREN:284400017,SIREN_ENRICHED,SDIS 44,284400017,,Software & Applications,False,48.0,2020-07-24,2020-07-24,48.0,False,2024-07-24,0,71.48,71.48,,,,,,,,,none,M0_balanced; proxy recurrence: identifiable reappearance of a similar procurement need; not a legally verified renewal chain,1
BOAMP:20-52846,BOAMP_CURRENT,SIREN:285300018,SIREN_ENRICHED,Sdis de la Mayenne,285300018,,Cybersecurity,False,35.0,2020-11-12,2020-11-12,12.0,False,2021-11-12,0,67.84,67.84,,,,,,,,,none,M0_balanced; proxy recurrence: identifiable reappearance of a similar procurement need; not a legally verified renewal chain,1
BOAMP:20-51762,BOAMP_CURRENT,SIREN:502035785,SIREN_ENRICHED,SRD,502035785,,IT Services & Consulting,False,72.0,2020-07-16,2020-07-16,12.0,False,2021-07-16,0,71.75,71.75,,,,,,,,,none,M0_balanced; proxy recurrence: identifiable reappearance of a similar procurement need; not a legally verified renewal chain,1
BOAMP:20-54010,BOAMP_CURRENT,SIREN:788058030,SIREN_ENRICHED,Adoma,788058030,,Telecom & Networks,False,32.0,2020-04-19,2020-04-19,24.0,False,2022-04-19,0,74.64,74.64,,,,,,,,,none,M0_balanced; proxy recurrence: identifiable reappearance of a similar procurement need; not a legally verified renewal chain,1
BOAMP:20-54626,BOAMP_CURRENT,SIREN:180043010,SIREN_ENRICHED,Réseau Canopé,180043010,,Software & Applications,False,48.0,2020-04-22,2020-04-22,12.0,False,2021-04-22,0,74.54,74.54,,,,,,,,,none,M0_balanced; proxy recurrence: identifiable reappearance of a similar procurement need; not a legally verified renewal chain,1
BOAMP:20-54283,BOAMP_CURRENT,SIREN:794304097,SIREN_ENRICHED,Nantes Métropole,794304097,,Cybersecurity,False,72.0,2020-04-23,2020-04-23,48.0,False,2024-04-23,0,74.51,74.51,,,,,,,,,none,M0_balanced; proxy recurrence: identifiable reappearance of a similar procurement need; not a legally verified renewal chain,1
BOAMP:20-56147,BOAMP_CURRENT,SIREN:200069474,SIREN_ENRICHED,COMMUNE DE OMBREE D ANJOU,200069474,,Telecom & Networks,False,32.0,2020-04-23,2020-04-23,12.0,False,2021-04-23,0,74.51,74.51,,,,,,,,,none,M0_balanced; proxy recurrence: identifiable reappearance of a similar procurement need; not a legally verified renewal chain,1
BOAMP:20-56877,BOAMP_CURRENT,NAME:ville ecouflant,NAME,Ville d'Ecouflant,,,Telecom & Networks,False,32.0,2020-04-24,2020-04-24,4.0,False,2020-08-24,0,74.47,74.47,,,,,,,,,none,M0_balanced; proxy recurrence: identifiable reappearance of a similar procurement need; not a legally verified renewal chain,1
BOAMP:20-58079,BOAMP_CURRENT,SIREN:228500013,SIREN_ENRICHED,Département de la Vendée,228500013,,IT Maintenance & Support,False,79.0,2020-08-20,2020-08-20,36.0,False,2023-08-20,0,70.6,70.6,,,,,,,,,none,M0_balanced; proxy recurrence: identifiable reappearance of a similar procurement need; not a legally verified renewal chain,1
BOAMP:20-49949,BOAMP_CURRENT,SIREN:794304097,SIREN_ENRICHED,Nantes Métropole,794304097,,Software & Applications,False,48.0,2020-10-08,2020-10-08,48.0,False,2024-10-08,0,68.99,68.99,,,,,,,,,none,M0_balanced; proxy recurrence: identifiable reappearance of a similar procurement need; not a legally verified renewal chain,1
BOAMP:20-59734,BOAMP_CURRENT,NAME:gpm nantes st nazaire,NAME,GPM de Nantes - St Nazaire,,,IT Hardware & Equipment,False,30.0,2020-09-28,2020-09-28,48.0,True,2024-09-28,0,69.32,69.32,,,,,,,,,none,M0_balanced; proxy recurrence: identifiable reappearance of a similar procurement need; not a legally verified renewal chain,1
BOAMP:20-57925,BOAMP_CURRENT,SIREN:248500589,SIREN_ENRICHED,LA ROCHE-SUR-YON AGGLOMERATION,248500589,,Telecom & Networks,False,32.0,2020-09-24,2020-09-24,24.0,False,2022-09-24,0,69.45,69.45,,,,,,,,,none,M0_balanced; proxy recurrence: identifiable reappearance of a similar procurement need; not a legally verified renewal chain,1
BOAMP:20-60923,BOAMP_CURRENT,SIREN:451518641,SIREN_ENRICHED,VENDEE,451518641,,Telecom & Networks,False,32.0,2020-08-10,2020-08-10,48.0,True,2024-08-10,0,70.93,70.93,,,,,,,,,none,M0_balanced; proxy recurrence: identifiable reappearance of a similar procurement need; not a legally verified renewal chain,1
BOAMP:20-61130,BOAMP_CURRENT,SIREN:214400202,SIREN_ENRICHED,Ville de Bouguenais,214400202,,Telecom & Networks,False,32.0,2020-10-22,2020-10-22,12.0,False,2021-10-22,0,68.53,68.53,,,,,,,,,none,M0_balanced; proxy recurrence: identifiable reappearance of a similar procurement need; not a legally verified renewal chain,1
BOAMP:20-61728,BOAMP_CURRENT,NAME:conseil general vendee,NAME,Conseil général de la Vendée,,,Digital Workplace & Collaboration,False,72.0,2020-10-28,2020-10-28,48.0,False,2024-10-28,0,68.33,68.33,,,,,,,,,none,M0_balanced; proxy recurrence: identifiable reappearance of a similar procurement need; not a legally verified renewal chain,1
BOAMP:20-62727,BOAMP_CURRENT,SIREN:264400136,SIREN_ENRICHED,CHU de Nantes,264400136,,IT Services & Consulting,False,72.0,2020-08-05,2020-08-05,12.0,False,2021-08-05,0,71.09,71.09,,,,,,,,,none,M0_balanced; proxy recurrence: identifiable reappearance of a similar procurement need; not a legally verified renewal chain,1
BOAMP:20-64610,BOAMP_CURRENT,NAME:cnieg,NAME,CNIEG,,,IT Services & Consulting,False,72.0,2020-09-21,2020-09-21,48.0,False,2024-09-21,0,69.55,69.55,,,,,,,,,none,M0_balanced; proxy recurrence: identifiable reappearance of a similar procurement need; not a legally verified renewal chain,1
BOAMP:20-60975,BOAMP_CURRENT,SIREN:254902505,SIREN_ENRICHED,ANGERS NANTES OPERA syndicat mixte,254902505,,Software & Applications,False,48.0,2020-05-19,2020-05-19,48.0,True,2024-05-19,0,73.65,73.65,,,,,,,,,none,M0_balanced; proxy recurrence: identifiable reappearance of a similar procurement need; not a legally verified renewal chain,1
BOAMP:20-65753,BOAMP_CURRENT,SIREN:234400034,SIREN_ENRICHED,Conseil régional des Pays de la Loire,234400034,,Software & Applications,False,48.0,2020-07-22,2020-07-22,12.0,False,2021-07-22,1,14.55,,14.55,BOAMP:21-67771,0.70712,0.4,0.78723,0.69644,0.0590299999999999,1.0,M0_balanced,M0_balanced; proxy recurrence: identifiable reappearance of a similar procurement need; not a legally verified renewal chain,0
BOAMP:20-65717,BOAMP_CURRENT,SIREN:445400104,SIREN_ENRICHED,ASSOCIATION E-TOILE,445400104,,IT Services & Consulting,True,72.0,2020-05-20,2020-05-20,48.0,False,2024-05-20,0,73.62,73.62,,,,,,,,,none,M0_balanced; proxy recurrence: identifiable reappearance of a similar procurement need; not a legally verified renewal chain,1
BOAMP:20-66643,BOAMP_CURRENT,SIREN:794304097,SIREN_ENRICHED,Nantes Métropole,794304097,,Cybersecurity,False,72.0,2020-05-22,2020-05-22,48.0,False,2024-05-22,0,73.55,73.55,,,,,,,,,none,M0_balanced; proxy recurrence: identifiable reappearance of a similar procurement need; not a legally verified renewal chain,1
BOAMP:20-67250,BOAMP_CURRENT,SIREN:174404301,SIREN_ENRICHED,Rectorat de l'Académie de Nantes,174404301,,Telecom & Networks,False,32.0,2020-05-22,2020-05-22,48.0,True,2024-05-22,0,73.55,73.55,,,,,,,,,none,M0_balanced; proxy recurrence: identifiable reappearance of a similar procurement need; not a legally verified renewal chain,1
BOAMP:20-67439,BOAMP_CURRENT,SIREN:284400017,SIREN_ENRICHED,SDIS 44,284400017,,Cybersecurity,False,35.0,2020-05-25,2020-05-25,48.0,True,2024-05-25,1,42.58,,42.58,BOAMP:23-117688,0.62272,0.6,0.54796,0.65913,,1.0,M0_balanced,M0_balanced; proxy recurrence: identifiable reappearance of a similar procurement need; not a legally verified renewal chain,0
BOAMP:20-68370,BOAMP_CURRENT,NAME:synd dep energie eqpt vendee,NAME,SYND DEP D ENERGIE ET D EQPT DE VENDEE,,,Data & AI,False,72.0,2020-05-26,2020-05-26,48.0,True,2024-05-26,0,73.42,73.42,,,,,,,,,none,M0_balanced; proxy recurrence: identifiable reappearance of a similar procurement need; not a legally verified renewal chain,1
BOAMP:20-68352,BOAMP_CURRENT,SIREN:935367433,SIREN_ENRICHED,Conseil départemental Loire-Atlantique,935367433,,IT Maintenance & Support,False,72.0,2020-05-28,2020-05-28,12.0,False,2021-05-28,1,12.42,,12.42,BOAMP:21-77546,0.63399,1.0,0.96518,0.83931,0.05286,1.0,M0_balanced,M0_balanced; proxy recurrence: identifiable reappearance of a similar procurement need; not a legally verified renewal chain,0
BOAMP:20-68923,BOAMP_CURRENT,SIREN:264400136,SIREN_ENRICHED,CHU de Nantes,264400136,,IT Services & Consulting,False,72.0,2020-05-29,2020-05-29,12.0,False,2021-05-29,1,12.35,,12.35,BOAMP:21-78563,0.60936,0.2,0.97065,0.64606,0.1245999999999999,1.0,M0_balanced,M0_balanced; proxy recurrence: identifiable reappearance of a similar procurement need; not a legally verified renewal chain,0
BOAMP:20-70268,BOAMP_CURRENT,SIREN:214401846,SIREN_ENRICHED,COMMUNE DE SAINT NAZAIRE,214401846,,IT Services & Consulting,False,72.0,2020-09-28,2020-09-28,25.0,False,2022-10-28,0,69.32,69.32,,,,,,,,,none,M0_balanced; proxy recurrence: identifiable reappearance of a similar procurement need; not a legally verified renewal chain,1
BOAMP:20-70265,BOAMP_CURRENT,SIREN:228500013,SIREN_ENRICHED,Département de la Vendée,228500013,,Cybersecurity,False,35.0,2020-09-19,2020-09-19,12.0,False,2021-09-19,0,69.61,69.61,,,,,,,,,none,M0_balanced; proxy recurrence: identifiable reappearance of a similar procurement need; not a legally verified renewal chain,1
BOAMP:20-70855,BOAMP_CURRENT,SIREN:234400034,SIREN_ENRICHED,Conseil régional des Pays de la Loire,234400034,,Telecom & Networks,False,32.0,2020-06-02,2020-06-02,12.0,False,2021-06-02,0,73.19,73.19,,,,,,,,,none,M0_balanced; proxy recurrence: identifiable reappearance of a similar procurement need; not a legally verified renewal chain,1
BOAMP:20-71814,BOAMP_CURRENT,SIREN:828620831,SIREN_ENRICHED,SAINT NAZAIRE AGGLOMERATION TOURISME,828620831,,GIS & Mapping,False,,2020-06-04,2020-06-04,48.0,True,2024-06-04,0,73.13,73.13,,,,,,,,,none,M0_balanced; proxy recurrence: identifiable reappearance of a similar procurement need; not a legally verified renewal chain,1
BOAMP:20-70746,BOAMP_CURRENT,NAME:ch mans,NAME,CH LE MANS,,,Unknown,False,45.0,2020-10-15,2020-10-15,36.0,False,2023-10-15,0,68.76,68.76,,,,,,,,,none,M0_balanced; proxy recurrence: identifiable reappearance of a similar procurement need; not a legally verified renewal chain,1
BOAMP:20-71239,BOAMP_CURRENT,NAME:shema,NAME,SHEMA,,,Telecom & Networks,True,45.0,2020-06-05,2020-06-05,18.0,False,2021-12-05,0,73.09,73.09,,,,,,,,,none,M0_balanced; proxy recurrence: identifiable reappearance of a similar procurement need; not a legally verified renewal chain,1
BOAMP:20-70680,BOAMP_CURRENT,SIREN:224900019,SIREN_ENRICHED,Département de Maine-et-Loire,224900019,,Telecom & Networks,False,32.0,2020-07-27,2020-07-27,64.0,False,2025-11-27,0,71.39,71.39,,,,,,,,,none,M0_balanced; proxy recurrence: identifiable reappearance of a similar procurement need; not a legally verified renewal chain,1
BOAMP:20-72064,BOAMP_CURRENT,NAME:dir ouest,NAME,DIR Ouest,,,Telecom & Networks,False,32.0,2020-06-06,2020-06-06,8.0,False,2021-02-06,0,73.06,73.06,,,,,,,,,none,M0_balanced; proxy recurrence: identifiable reappearance of a similar procurement need; not a legally verified renewal chain,1
BOAMP:20-72791,BOAMP_CURRENT,SIREN:983291931,SIREN_ENRICHED,MASH,983291931,,IT Services & Consulting,False,72.0,2020-09-21,2020-09-21,16.0,False,2022-01-21,1,13.21,,13.21,BOAMP:21-126360,1.0,1.0,0.76719,0.95344,,1.0,M0_balanced,M0_balanced; proxy recurrence: identifiable reappearance of a similar procurement need; not a legally verified renewal chain,0
BOAMP:20-74988,BOAMP_CURRENT,SIREN:214401119,SIREN_ENRICHED,Commune de Notre Dame des Landes,214401119,,Data & AI,False,,2020-06-11,2020-06-11,48.0,True,2024-06-11,0,72.9,72.9,,,,,,,,,none,M0_balanced; proxy recurrence: identifiable reappearance of a similar procurement need; not a legally verified renewal chain,1
BOAMP:20-75569,BOAMP_CURRENT,NAME:crous nantes,NAME,CROUS de Nantes,,,IT Services & Consulting,False,72.0,2020-10-27,2020-10-27,12.0,False,2021-10-27,0,68.36,68.36,,,,,,,,,none,M0_balanced; proxy recurrence: identifiable reappearance of a similar procurement need; not a legally verified renewal chain,1
BOAMP:20-76288,BOAMP_CURRENT,SIREN:200083392,SIREN_ENRICHED,Laval Agglomération,200083392,,Cybersecurity,False,35.0,2020-06-17,2020-06-17,48.0,False,2024-06-17,0,72.7,72.7,,,,,,,,,none,M0_balanced; proxy recurrence: identifiable reappearance of a similar procurement need; not a legally verified renewal chain,1
BOAMP:20-78012,BOAMP_CURRENT,SIREN:794304097,SIREN_ENRICHED,Nantes Métropole,794304097,,Software & Applications,False,48.0,2020-06-18,2020-06-18,48.0,False,2024-06-18,0,72.67,72.67,,,,,,,,,none,M0_balanced; proxy recurrence: identifiable reappearance of a similar procurement need; not a legally verified renewal chain,1
BOAMP:20-77757,BOAMP_CURRENT,SIREN:213502883,SIREN_ENRICHED,Ville de Saint-Malo,213502883,,Unknown,False,50.0,2020-06-19,2020-06-19,12.0,False,2021-06-19,0,72.63,72.63,,,,,,,,,none,M0_balanced; proxy recurrence: identifiable reappearance of a similar procurement need; not a legally verified renewal chain,1
BOAMP:20-79138,BOAMP_CURRENT,NAME:agce enst fr etranger,NAME,AGCE POUR L ENST FR A L ETRANGER,,,Software & Applications,False,,2020-06-19,2020-06-19,48.0,False,2024-06-19,0,72.63,72.63,,,,,,,,,none,M0_balanced; proxy recurrence: identifiable reappearance of a similar procurement need; not a legally verified renewal chain,1
BOAMP:20-78639,BOAMP_CURRENT,SIREN:200052702,SIREN_ENRICHED,MAIRIE DE BAUGE EN ANJOU,200052702,,Unknown,False,39.0,2020-09-21,2020-09-21,6.0,False,2021-03-21,0,69.55,69.55,,,,,,,,,none,M0_balanced; proxy recurrence: identifiable reappearance of a similar procurement need; not a legally verified renewal chain,1
BOAMP:20-81059,BOAMP_CURRENT,SIREN:200060010,SIREN_ENRICHED,MAUGES COMMUNAUTE,200060010,,Software & Applications,False,48.0,2020-06-24,2020-06-24,48.0,True,2024-06-24,0,72.47,72.47,,,,,,,,,none,M0_balanced; proxy recurrence: identifiable reappearance of a similar procurement need; not a legally verified renewal chain,1
BOAMP:20-84141,BOAMP_CURRENT,SIREN:246100663,SIREN_ENRICHED,Communauté urbaine d'Alençon,246100663,,IT Services & Consulting,False,72.0,2020-10-30,2020-10-30,12.0,False,2021-10-30,0,68.27,68.27,,,,,,,,,none,M0_balanced; proxy recurrence: identifiable reappearance of a similar procurement need; not a legally verified renewal chain,1
BOAMP:20-85580,BOAMP_CURRENT,NAME:communaute communes vie boulogne,NAME,Communauté de Communes Vie et Boulogne,,,IT Services & Consulting,False,72.0,2020-07-05,2020-07-05,24.0,False,2022-07-05,0,72.11,72.11,,,,,,,,,none,M0_balanced; proxy recurrence: identifiable reappearance of a similar procurement need; not a legally verified renewal chain,1
BOAMP:20-86183,BOAMP_CURRENT,SIREN:317665420,SIREN_ENRICHED,DRAGAGES PORTS,317665420,,Cybersecurity,False,35.0,2020-07-06,2020-07-06,48.0,True,2024-07-06,0,72.08,72.08,,,,,,,,,none,M0_balanced; proxy recurrence: identifiable reappearance of a similar procurement need; not a legally verified renewal chain,1
BOAMP:20-86796,BOAMP_CURRENT,SIREN:794304097,SIREN_ENRICHED,Nantes Métropole,794304097,,Data & AI,False,72.0,2020-07-07,2020-07-07,48.0,True,2024-07-07,0,72.04,72.04,,,,,,,,,none,M0_balanced; proxy recurrence: identifiable reappearance of a similar procurement need; not a legally verified renewal chain,1
BOAMP:20-88363,BOAMP_CURRENT,SIREN:225300011,SIREN_ENRICHED,DEPARTEMENT DE LA MAYENNE,225300011,,Digital Workplace & Collaboration,False,72.0,2020-07-09,2020-07-09,48.0,False,2024-07-09,0,71.98,71.98,,,,,,,,,none,M0_balanced; proxy recurrence: identifiable reappearance of a similar procurement need; not a legally verified renewal chain,1
BOAMP:20-88562,BOAMP_CURRENT,SIREN:451518641,SIREN_ENRICHED,VENDEE,451518641,,Telecom & Networks,False,32.0,2020-09-01,2020-09-01,48.0,True,2024-09-01,0,70.2,70.2,,,,,,,,,none,M0_balanced; proxy recurrence: identifiable reappearance of a similar procurement need; not a legally verified renewal chain,1
BOAMP:20-91666,BOAMP_CURRENT,SIREN:214400475,SIREN_ENRICHED,Mairie de Coueron,214400475,,Unknown,False,,2020-07-17,2020-07-17,48.0,True,2024-07-17,0,71.71,71.71,,,,,,,,,none,M0_balanced; proxy recurrence: identifiable reappearance of a similar procurement need; not a legally verified renewal chain,1
BOAMP:20-91874,BOAMP_CURRENT,SIREN:317665420,SIREN_ENRICHED,DRAGAGES PORTS,317665420,,IT Services & Consulting,False,72.0,2020-07-17,2020-07-17,48.0,True,2024-07-17,0,71.71,71.71,,,,,,,,,none,M0_balanced; proxy recurrence: identifiable reappearance of a similar procurement need; not a legally verified renewal chain,1
BOAMP:20-91479,BOAMP_CURRENT,SIREN:258500222,SIREN_ENRICHED,VENDEE EAU,258500222,,IT Services & Consulting,False,72.0,2021-01-07,2021-01-07,24.0,False,2023-01-07,0,66.0,66.0,,,,,,,,,none,M0_balanced; proxy recurrence: identifiable reappearance of a similar procurement need; not a legally verified renewal chain,1
BOAMP:20-91196,BOAMP_CURRENT,NAME:espacil habitat,NAME,Espacil Habitat,,,IT Services & Consulting,True,72.0,2020-07-19,2020-07-19,48.0,True,2024-07-19,0,71.65,71.65,,,,,,,,,none,M0_balanced; proxy recurrence: identifiable reappearance of a similar procurement need; not a legally verified renewal chain,1
BOAMP:20-85492,BOAMP_CURRENT,SIREN:244900015,SIREN_ENRICHED,Angers Loire Métropole,244900015,,Telecom & Networks,False,32.0,2020-12-03,2020-12-03,24.0,False,2022-12-03,0,67.15,67.15,,,,,,,,,none,M0_balanced; proxy recurrence: identifiable reappearance of a similar procurement need; not a legally verified renewal chain,1
BOAMP:20-93724,BOAMP_CURRENT,NAME:arafer,NAME,ARAFER,,,IT Services & Consulting,False,72.0,2020-12-09,2020-12-09,48.0,False,2024-12-09,0,66.95,66.95,,,,,,,,,none,M0_balanced; proxy recurrence: identifiable reappearance of a similar procurement need; not a legally verified renewal chain,1
BOAMP:20-94120,BOAMP_CURRENT,NAME:arafer,NAME,ARAFER,,,IT Services & Consulting,False,72.0,2020-12-10,2020-12-10,48.0,False,2024-12-10,0,66.92,66.92,,,,,,,,,none,M0_balanced; proxy recurrence: identifiable reappearance of a similar procurement need; not a legally verified renewal chain,1
BOAMP:20-93913,BOAMP_CURRENT,SIREN:214401093,SIREN_ENRICHED,COMMUNE DE NANTES,214401093,,Cybersecurity,False,35.0,2020-07-25,2020-07-25,48.0,False,2024-07-25,0,71.45,71.45,,,,,,,,,none,M0_balanced; proxy recurrence: identifiable reappearance of a similar procurement need; not a legally verified renewal chain,1
BOAMP:20-94462,BOAMP_CURRENT,NAME:ch mans,NAME,CH LE MANS,,,Software & Applications,False,48.0,2020-10-06,2020-10-06,12.0,False,2021-10-06,0,69.05,69.05,,,,,,,,,none,M0_balanced; proxy recurrence: identifiable reappearance of a similar procurement need; not a legally verified renewal chain,1
BOAMP:20-96647,BOAMP_CURRENT,SIREN:214401432,SIREN_ENRICHED,COMMUNE DE REZE,214401432,,Software & Applications,False,48.0,2020-11-02,2020-11-02,12.0,False,2021-11-02,0,68.17,68.17,,,,,,,,,none,M0_balanced; proxy recurrence: identifiable reappearance of a similar procurement need; not a legally verified renewal chain,1
BOAMP:20-97584,BOAMP_CURRENT,SIREN:391722881,SIREN_ENRICHED,GIE SESAM Vitale,391722881,,IT Services & Consulting,False,72.0,2020-07-31,2020-07-31,36.0,False,2023-07-31,0,71.25,71.25,,,,,,,,,none,M0_balanced; proxy recurrence: identifiable reappearance of a similar procurement need; not a legally verified renewal chain,1
BOAMP:20-97380,BOAMP_CURRENT,NAME:cci nantes saint nazaire,NAME,CCI Nantes Saint-Nazaire,,,IT Services & Consulting,False,72.0,2020-11-18,2020-11-18,48.0,False,2024-11-18,0,67.64,67.64,,,,,,,,,none,M0_balanced; proxy recurrence: identifiable reappearance of a similar procurement need; not a legally verified renewal chain,1
BOAMP:20-98331,BOAMP_CURRENT,SIREN:214401846,SIREN_ENRICHED,COMMUNE DE SAINT NAZAIRE,214401846,,Unknown,False,79.0,2020-08-03,2020-08-03,36.0,False,2023-08-03,0,71.16,71.16,,,,,,,,,none,M0_balanced; proxy recurrence: identifiable reappearance of a similar procurement need; not a legally verified renewal chain,1
BOAMP:20-98264,BOAMP_CURRENT,SIREN:794304097,SIREN_ENRICHED,Nantes Métropole,794304097,,IT Services & Consulting,False,72.0,2020-08-05,2020-08-05,18.0,False,2022-02-05,1,26.08,,26.08,BOAMP:22-133794,0.57133,1.0,0.32633,0.68522,0.13656,1.0,M0_balanced,M0_balanced; proxy recurrence: identifiable reappearance of a similar procurement need; not a legally verified renewal chain,0
BOAMP:20-98214,BOAMP_CURRENT,SIREN:794304097,SIREN_ENRICHED,Nantes Métropole,794304097,,IT Services & Consulting,False,72.0,2020-08-05,2020-08-05,18.0,False,2022-02-05,1,26.08,,26.08,BOAMP:22-133794,0.57133,1.0,0.32633,0.68522,0.13656,1.0,M0_balanced,M0_balanced; proxy recurrence: identifiable reappearance of a similar procurement need; not a legally verified renewal chain,0
BOAMP:20-98937,BOAMP_CURRENT,NAME:cap atlantique,NAME,Cap Atlantique,,,Cybersecurity,False,35.0,2020-12-30,2020-12-30,12.0,False,2021-12-30,0,66.26,66.26,,,,,,,,,none,M0_balanced; proxy recurrence: identifiable reappearance of a similar procurement need; not a legally verified renewal chain,1
BOAMP:20-100172,BOAMP_CURRENT,SIREN:246100663,SIREN_ENRICHED,Communauté urbaine d'Alençon,246100663,,IT Services & Consulting,False,72.0,2020-08-07,2020-08-07,1.0,False,2020-09-07,0,71.02,71.02,,,,,,,,,none,M0_balanced; proxy recurrence: identifiable reappearance of a similar procurement need; not a legally verified renewal chain,1
BOAMP:20-101410,BOAMP_CURRENT,NAME:comsopgn,NAME,COMSOPGN,,,Telecom & Networks,False,32.0,2020-08-15,2020-08-15,48.0,False,2024-08-15,0,70.76,70.76,,,,,,,,,none,M0_balanced; proxy recurrence: identifiable reappearance of a similar procurement need; not a legally verified renewal chain,1
BOAMP:20-103852,BOAMP_CURRENT,NAME:ch mans,NAME,CH LE MANS,,,Software & Applications,False,48.0,2020-08-22,2020-08-22,48.0,False,2024-08-22,0,70.53,70.53,,,,,,,,,none,M0_balanced; proxy recurrence: identifiable reappearance of a similar procurement need; not a legally verified renewal chain,1
BOAMP:20-105702,BOAMP_CURRENT,NAME:comcom vallees haut anjou,NAME,ComCom des Vallées du Haut-Anjou,,,Digital Workplace & Collaboration,False,72.0,2020-12-04,2020-12-04,48.0,False,2024-12-04,0,67.12,67.12,,,,,,,,,none,M0_balanced; proxy recurrence: identifiable reappearance of a similar procurement need; not a legally verified renewal chain,1
BOAMP:20-106379,BOAMP_CURRENT,SIREN:194909701,SIREN_ENRICHED,Université d'Angers,194909701,,Software & Applications,False,48.0,2020-08-29,2020-08-29,36.0,False,2023-08-29,0,70.3,70.3,,,,,,,,,none,M0_balanced; proxy recurrence: identifiable reappearance of a similar procurement need; not a legally verified renewal chain,1
BOAMP:20-107792,BOAMP_CURRENT,NAME:com agglo reg nazairienne estuaire,NAME,COM D AGGLO REG NAZAIRIENNE ESTUAIRE,,,IT Services & Consulting,False,72.0,2021-01-07,2021-01-07,12.0,False,2022-01-07,0,66.0,66.0,,,,,,,,,none,M0_balanced; proxy recurrence: identifiable reappearance of a similar procurement need; not a legally verified renewal chain,1
BOAMP:20-107502,BOAMP_CURRENT,SIREN:935367433,SIREN_ENRICHED,Conseil départemental Loire-Atlantique,935367433,,IT Services & Consulting,False,72.0,2020-09-04,2020-09-04,60.0,False,2025-09-04,0,70.11,70.11,,,,,,,,,none,M0_balanced; proxy recurrence: identifiable reappearance of a similar procurement need; not a legally verified renewal chain,1
BOAMP:20-109382,BOAMP_CURRENT,SIREN:214401846,SIREN_ENRICHED,COMMUNE DE SAINT NAZAIRE,214401846,,IT Hardware & Equipment,False,30.0,2020-12-03,2020-12-03,12.0,False,2021-12-03,0,67.15,67.15,,,,,,,,,none,M0_balanced; proxy recurrence: identifiable reappearance of a similar procurement need; not a legally verified renewal chain,1
BOAMP:20-110872,BOAMP_CURRENT,NAME:cte cnes pays ancenis,NAME,Cté de Cnes du Pays d'Ancenis,,,Telecom & Networks,False,50.0,2020-09-09,2020-09-09,36.0,False,2023-09-09,0,69.94,69.94,,,,,,,,,none,M0_balanced; proxy recurrence: identifiable reappearance of a similar procurement need; not a legally verified renewal chain,1
BOAMP:20-110309,BOAMP_CURRENT,SIREN:234400034,SIREN_ENRICHED,Conseil régional des Pays de la Loire,234400034,,IT Services & Consulting,False,72.0,2021-01-11,2021-01-11,6.0,False,2021-07-11,0,65.87,65.87,,,,,,,,,none,M0_balanced; proxy recurrence: identifiable reappearance of a similar procurement need; not a legally verified renewal chain,1
BOAMP:20-111698,BOAMP_CURRENT,SIREN:234400034,SIREN_ENRICHED,Conseil régional des Pays de la Loire,234400034,,Telecom & Networks,False,32.0,2020-12-04,2020-12-04,12.0,False,2021-12-04,0,67.12,67.12,,,,,,,,,none,M0_balanced; proxy recurrence: identifiable reappearance of a similar procurement need; not a legally verified renewal chain,1
BOAMP:20-114032,BOAMP_CURRENT,SIREN:214400269,SIREN_ENRICHED,Ville de Carquefou,214400269,,Cybersecurity,False,35.0,2020-09-17,2020-09-17,12.0,False,2021-09-17,0,69.68,69.68,,,,,,,,,none,M0_balanced; proxy recurrence: identifiable reappearance of a similar procurement need; not a legally verified renewal chain,1
BOAMP:20-114106,BOAMP_CURRENT,SIREN:194909701,SIREN_ENRICHED,Université d'Angers,194909701,,IT Services & Consulting,False,72.0,2020-09-19,2020-09-19,36.0,False,2023-09-19,0,69.61,69.61,,,,,,,,,none,M0_balanced; proxy recurrence: identifiable reappearance of a similar procurement need; not a legally verified renewal chain,1
BOAMP:20-114714,BOAMP_CURRENT,SIREN:935367433,SIREN_ENRICHED,Conseil départemental Loire-Atlantique,935367433,,IT Maintenance & Support,False,72.0,2021-02-01,2021-02-01,12.0,False,2022-02-01,1,4.24,,4.24,BOAMP:21-77546,0.50867,1.0,0.35315,0.66427,0.21234,1.0,M0_balanced,M0_balanced; proxy recurrence: identifiable reappearance of a similar procurement need; not a legally verified renewal chain,0
BOAMP:20-115620,BOAMP_CURRENT,SIREN:214401093,SIREN_ENRICHED,COMMUNE DE NANTES,214401093,,IT Services & Consulting,False,72.0,2020-09-22,2020-09-22,48.0,True,2024-09-22,0,69.51,69.51,,,,,,,,,none,M0_balanced; proxy recurrence: identifiable reappearance of a similar procurement need; not a legally verified renewal chain,1
BOAMP:20-115663,BOAMP_CURRENT,SIREN:794304097,SIREN_ENRICHED,Nantes Métropole,794304097,,IT Services & Consulting,False,72.0,2020-09-22,2020-09-22,48.0,True,2024-09-22,0,69.51,69.51,,,,,,,,,none,M0_balanced; proxy recurrence: identifiable reappearance of a similar procurement need; not a legally verified renewal chain,1
BOAMP:20-115241,BOAMP_CURRENT,NAME:ch mans,NAME,CH LE MANS,,,Software & Applications,False,48.0,2021-02-08,2021-02-08,12.0,False,2022-02-08,0,64.95,64.95,,,,,,,,,none,M0_balanced; proxy recurrence: identifiable reappearance of a similar procurement need; not a legally verified renewal chain,1
BOAMP:20-117677,BOAMP_CURRENT,SIREN:935367433,SIREN_ENRICHED,Conseil départemental Loire-Atlantique,935367433,,IT Hardware & Equipment,False,30.0,2021-01-19,2021-01-19,12.0,False,2022-01-19,0,65.6,65.6,,,,,,,,,none,M0_balanced; proxy recurrence: identifiable reappearance of a similar procurement need; not a legally verified renewal chain,1
BOAMP:20-118247,BOAMP_CURRENT,SIREN:214401622,SIREN_ENRICHED,Commune de Saint-Herblain,214401622,,Cybersecurity,False,72.0,2020-12-16,2020-12-16,24.0,False,2022-12-16,0,66.72,66.72,,,,,,,,,none,M0_balanced; proxy recurrence: identifiable reappearance of a similar procurement need; not a legally verified renewal chain,1
BOAMP:20-119807,BOAMP_CURRENT,SIREN:200071876,SIREN_ENRICHED,CA SAUMUR VAL DE LOIRE,200071876,,IT Maintenance & Support,False,,2020-10-01,2020-10-01,36.0,False,2023-10-01,0,69.22,69.22,,,,,,,,,none,M0_balanced; proxy recurrence: identifiable reappearance of a similar procurement need; not a legally verified renewal chain,1
BOAMP:20-118996,BOAMP_CURRENT,SIREN:264400136,SIREN_ENRICHED,CHU de Nantes,264400136,,IT Maintenance & Support,False,72.0,2021-01-28,2021-01-28,48.0,False,2025-01-28,0,65.31,65.31,,,,,,,,,none,M0_balanced; proxy recurrence: identifiable reappearance of a similar procurement need; not a legally verified renewal chain,1
BOAMP:20-120542,BOAMP_CURRENT,SIREN:211704150,SIREN_ENRICHED,Commune de Saintes,211704150,,Unknown,False,18.0,2020-10-02,2020-10-02,48.0,True,2024-10-02,0,69.19,69.19,,,,,,,,,none,M0_balanced; proxy recurrence: identifiable reappearance of a similar procurement need; not a legally verified renewal chain,1
BOAMP:20-120399,BOAMP_CURRENT,SIREN:194909701,SIREN_ENRICHED,Université d'Angers,194909701,,Unknown,False,90.0,2021-02-02,2021-02-02,36.0,False,2024-02-02,0,65.14,65.14,,,,,,,,,none,M0_balanced; proxy recurrence: identifiable reappearance of a similar procurement need; not a legally verified renewal chain,1
BOAMP:20-120545,BOAMP_CURRENT,SIREN:130001704,SIREN_ENRICHED,DIR INTERDEPARTEMENTALE DES RTE OUEST,130001704,,Telecom & Networks,False,32.0,2020-12-03,2020-12-03,12.0,False,2021-12-03,0,67.15,67.15,,,,,,,,,none,M0_balanced; proxy recurrence: identifiable reappearance of a similar procurement need; not a legally verified renewal chain,1
BOAMP:20-122198,BOAMP_CURRENT,SIREN:254902505,SIREN_ENRICHED,ANGERS NANTES OPERA syndicat mixte,254902505,,Software & Applications,False,48.0,2020-10-06,2020-10-06,48.0,True,2024-10-06,0,69.05,69.05,,,,,,,,,none,M0_balanced; proxy recurrence: identifiable reappearance of a similar procurement need; not a legally verified renewal chain,1
BOAMP:20-124045,BOAMP_CURRENT,SIREN:234400034,SIREN_ENRICHED,Conseil régional des Pays de la Loire,234400034,,Cybersecurity,False,72.0,2021-02-02,2021-02-02,24.0,False,2023-02-02,0,65.14,65.14,,,,,,,,,none,M0_balanced; proxy recurrence: identifiable reappearance of a similar procurement need; not a legally verified renewal chain,1
BOAMP:20-125567,BOAMP_CURRENT,SIREN:234400034,SIREN_ENRICHED,Conseil régional des Pays de la Loire,234400034,,Cloud & Infrastructure,False,48.0,2021-02-26,2021-02-26,12.0,False,2022-02-26,1,7.36,,7.36,BOAMP:21-67771,0.61665,1.0,0.61323,0.76164,0.1506199999999999,1.0,M0_balanced,M0_balanced; proxy recurrence: identifiable reappearance of a similar procurement need; not a legally verified renewal chain,0
BOAMP:20-126566,BOAMP_CURRENT,NAME:chambre reg agri pays loire,NAME,CHAMBRE REG AGRI PAYS DE LA LOIRE,,,Digital Workplace & Collaboration,False,72.0,2020-10-15,2020-10-15,48.0,True,2024-10-15,0,68.76,68.76,,,,,,,,,none,M0_balanced; proxy recurrence: identifiable reappearance of a similar procurement need; not a legally verified renewal chain,1
BOAMP:20-128054,BOAMP_CURRENT,NAME:communaute agglomeration niortais,NAME,Communauté d'agglomération du Niortais,,,IT Services & Consulting,True,72.0,2020-10-19,2020-10-19,48.0,False,2024-10-19,0,68.63,68.63,,,,,,,,,none,M0_balanced; proxy recurrence: identifiable reappearance of a similar procurement need; not a legally verified renewal chain,1
BOAMP:20-133527,BOAMP_CURRENT,SIREN:228500013,SIREN_ENRICHED,Département de la Vendée,228500013,,IT Services & Consulting,False,72.0,2021-03-01,2021-03-01,24.0,False,2023-03-01,1,25.89,,25.89,BOAMP:22-166698,0.71374,0.8,0.84275,0.80232,0.06937,1.0,M0_balanced,M0_balanced; proxy recurrence: identifiable reappearance of a similar procurement need; not a legally verified renewal chain,0
BOAMP:20-135282,BOAMP_CURRENT,SIREN:200067346,SIREN_ENRICHED,CA PORNIC AGGLO PAYS DE RETZ,200067346,,Software & Applications,True,48.0,2020-11-06,2020-11-06,60.0,False,2025-11-06,0,68.04,68.04,,,,,,,,,none,M0_balanced; proxy recurrence: identifiable reappearance of a similar procurement need; not a legally verified renewal chain,1
BOAMP:20-132336,BOAMP_CURRENT,SIREN:794304097,SIREN_ENRICHED,Nantes Métropole,794304097,,Software & Applications,True,48.0,2020-11-08,2020-11-08,60.0,False,2025-11-08,0,67.97,67.97,,,,,,,,,none,M0_balanced; proxy recurrence: identifiable reappearance of a similar procurement need; not a legally verified renewal chain,1
BOAMP:20-136301,BOAMP_CURRENT,SIREN:200082139,SIREN_ENRICHED,COMMUNE LES SABLES D OLONNE,200082139,,Unknown,False,18.0,2021-03-01,2021-03-01,48.0,False,2025-03-01,0,64.26,64.26,,,,,,,,,none,M0_balanced; proxy recurrence: identifiable reappearance of a similar procurement need; not a legally verified renewal chain,1
BOAMP:20-137453,BOAMP_CURRENT,SIREN:200069474,SIREN_ENRICHED,COMMUNE DE OMBREE D ANJOU,200069474,,Data & AI,False,,2020-11-09,2020-11-09,4.0,False,2021-03-09,0,67.94,67.94,,,,,,,,,none,M0_balanced; proxy recurrence: identifiable reappearance of a similar procurement need; not a legally verified renewal chain,1
BOAMP:20-138135,BOAMP_CURRENT,SIREN:234400034,SIREN_ENRICHED,Conseil régional des Pays de la Loire,234400034,,Telecom & Networks,False,32.0,2021-02-10,2021-02-10,12.0,False,2022-02-10,0,64.88,64.88,,,,,,,,,none,M0_balanced; proxy recurrence: identifiable reappearance of a similar procurement need; not a legally verified renewal chain,1
BOAMP:20-140005,BOAMP_CURRENT,SIREN:198513905,SIREN_ENRICHED,LYCEE POLYVALENT LEONARD DE VINCI,198513905,,Telecom & Networks,False,32.0,2020-11-16,2020-11-16,48.0,True,2024-11-16,0,67.71,67.71,,,,,,,,,none,M0_balanced; proxy recurrence: identifiable reappearance of a similar procurement need; not a legally verified renewal chain,1
BOAMP:20-142134,BOAMP_CURRENT,SIREN:794304097,SIREN_ENRICHED,Nantes Métropole,794304097,,Telecom & Networks,False,32.0,2020-11-20,2020-11-20,5.5,False,2021-05-20,0,67.58,67.58,,,,,,,,,none,M0_balanced; proxy recurrence: identifiable reappearance of a similar procurement need; not a legally verified renewal chain,1
BOAMP:20-142015,BOAMP_CURRENT,SIREN:234400034,SIREN_ENRICHED,Conseil régional des Pays de la Loire,234400034,,IT Services & Consulting,True,72.0,2020-11-21,2020-11-21,36.0,False,2023-11-21,0,67.54,67.54,,,,,,,,,none,M0_balanced; proxy recurrence: identifiable reappearance of a similar procurement need; not a legally verified renewal chain,1
BOAMP:20-143091,BOAMP_CURRENT,SIREN:130029747,SIREN_ENRICHED,Université de Nantes,130029747,,Unknown,True,38.0,2021-04-27,2021-04-27,12.0,False,2022-04-27,0,62.39,62.39,,,,,,,,,none,M0_balanced; proxy recurrence: identifiable reappearance of a similar procurement need; not a legally verified renewal chain,1
BOAMP:20-144067,BOAMP_CURRENT,SIREN:228500013,SIREN_ENRICHED,Département de la Vendée,228500013,,Cybersecurity,False,72.0,2021-03-18,2021-03-18,48.0,False,2025-03-18,0,63.7,63.7,,,,,,,,,none,M0_balanced; proxy recurrence: identifiable reappearance of a similar procurement need; not a legally verified renewal chain,1
BOAMP:20-148013,BOAMP_CURRENT,SIREN:935367433,SIREN_ENRICHED,Conseil départemental Loire-Atlantique,935367433,,Data & AI,False,45.0,2020-12-05,2020-12-05,22.0,False,2022-10-05,0,67.08,67.08,,,,,,,,,none,M0_balanced; proxy recurrence: identifiable reappearance of a similar procurement need; not a legally verified renewal chain,1
BOAMP:20-149977,BOAMP_CURRENT,NAME:cte cnes pays chateau gontier,NAME,Cté cnes du Pays de Château de Gontier,,,Digital Workplace & Collaboration,False,64.0,2020-12-11,2020-12-11,24.0,False,2022-12-11,0,66.89,66.89,,,,,,,,,none,M0_balanced; proxy recurrence: identifiable reappearance of a similar procurement need; not a legally verified renewal chain,1
BOAMP:20-150503,BOAMP_CURRENT,SIREN:227200029,SIREN_ENRICHED,DEPARTEMENT DE LA SARTHE,227200029,,Telecom & Networks,False,50.0,2021-03-15,2021-03-15,48.0,False,2025-03-15,0,63.8,63.8,,,,,,,,,none,M0_balanced; proxy recurrence: identifiable reappearance of a similar procurement need; not a legally verified renewal chain,1
BOAMP:20-152502,BOAMP_CURRENT,NAME:chd vendee,NAME,CHD VENDEE,,,Software & Applications,True,48.0,2020-12-14,2020-12-14,48.0,True,2024-12-14,0,66.79,66.79,,,,,,,,,none,M0_balanced; proxy recurrence: identifiable reappearance of a similar procurement need; not a legally verified renewal chain,1
BOAMP:20-152653,BOAMP_CURRENT,SIREN:225300011,SIREN_ENRICHED,DEPARTEMENT DE LA MAYENNE,225300011,,IT Services & Consulting,False,72.0,2021-03-02,2021-03-02,48.0,False,2025-03-02,0,64.22,64.22,,,,,,,,,none,M0_balanced; proxy recurrence: identifiable reappearance of a similar procurement need; not a legally verified renewal chain,1
BOAMP:20-153801,BOAMP_CURRENT,NAME:ccir pays loire,NAME,CCIR Pays de la Loire,,,Software & Applications,False,48.0,2021-02-22,2021-02-22,48.0,False,2025-02-22,0,64.49,64.49,,,,,,,,,none,M0_balanced; proxy recurrence: identifiable reappearance of a similar procurement need; not a legally verified renewal chain,1
BOAMP:20-154115,BOAMP_CURRENT,SIREN:576150270,SIREN_ENRICHED,SEM CENOVIA,576150270,,Cybersecurity,False,34.0,2021-02-11,2021-02-11,3.0,False,2021-05-11,0,64.85,64.85,,,,,,,,,none,M0_balanced; proxy recurrence: identifiable reappearance of a similar procurement need; not a legally verified renewal chain,1
BOAMP:20-155284,BOAMP_CURRENT,SIREN:234400034,SIREN_ENRICHED,Conseil régional des Pays de la Loire,234400034,,Unknown,False,79.0,2020-12-20,2020-12-20,12.0,False,2021-12-20,0,66.59,66.59,,,,,,,,,none,M0_balanced; proxy recurrence: identifiable reappearance of a similar procurement need; not a legally verified renewal chain,1
BOAMP:20-155309,BOAMP_CURRENT,SIREN:228500013,SIREN_ENRICHED,Département de la Vendée,228500013,,IT Services & Consulting,False,72.0,2021-03-11,2021-03-11,24.0,False,2023-03-11,1,25.56,,25.56,BOAMP:22-166698,0.82277,0.8,0.87013,0.85359,0.0751399999999999,1.0,M0_balanced,M0_balanced; proxy recurrence: identifiable reappearance of a similar procurement need; not a legally verified renewal chain,0
BOAMP:21-3091,BOAMP_CURRENT,SIREN:532458809,SIREN_ENRICHED,Ville d'Angers,532458809,,Data & AI,False,45.0,2021-01-08,2021-01-08,48.0,True,2025-01-08,0,65.97,65.97,,,,,,,,,none,M0_balanced; proxy recurrence: identifiable reappearance of a similar procurement need; not a legally verified renewal chain,1
BOAMP:21-4564,BOAMP_CURRENT,SIREN:194401006,SIREN_ENRICHED,Ecole Centrale de Nantes,194401006,,Software & Applications,True,48.0,2021-01-12,2021-01-12,48.0,True,2025-01-12,0,65.83,65.83,,,,,,,,,none,M0_balanced; proxy recurrence: identifiable reappearance of a similar procurement need; not a legally verified renewal chain,1
BOAMP:21-7561,BOAMP_CURRENT,SIREN:794304097,SIREN_ENRICHED,Nantes Métropole,794304097,,IT Services & Consulting,False,72.0,2021-01-18,2021-01-18,48.0,True,2025-01-18,0,65.64,65.64,,,,,,,,,none,M0_balanced; proxy recurrence: identifiable reappearance of a similar procurement need; not a legally verified renewal chain,1
BOAMP:21-8751,BOAMP_CURRENT,NAME:centre gestion fonction publi,NAME,CENTRE DE GESTION DE LA FONCTION PUBLI,,,IT Services & Consulting,False,72.0,2021-01-22,2021-01-22,48.0,False,2025-01-22,0,65.51,65.51,,,,,,,,,none,M0_balanced; proxy recurrence: identifiable reappearance of a similar procurement need; not a legally verified renewal chain,1
BOAMP:21-11209,BOAMP_CURRENT,SIREN:180043010,SIREN_ENRICHED,Réseau Canopé,180043010,,IT Services & Consulting,False,72.0,2021-01-25,2021-01-25,5.0,False,2021-06-25,0,65.41,65.41,,,,,,,,,none,M0_balanced; proxy recurrence: identifiable reappearance of a similar procurement need; not a legally verified renewal chain,1
BOAMP:21-12643,BOAMP_CURRENT,NAME:sec gal adm min interieur ouest,NAME,SEC GAL POUR L ADM MIN INTERIEUR OUEST,,,Telecom & Networks,True,45.0,2021-01-27,2021-01-27,6.0,False,2021-07-27,0,65.34,65.34,,,,,,,,,none,M0_balanced; proxy recurrence: identifiable reappearance of a similar procurement need; not a legally verified renewal chain,1
BOAMP:21-14714,BOAMP_CURRENT,SIREN:130029747,SIREN_ENRICHED,Université de Nantes,130029747,,Software & Applications,True,48.0,2021-02-01,2021-02-01,48.0,True,2025-02-01,0,65.18,65.18,,,,,,,,,none,M0_balanced; proxy recurrence: identifiable reappearance of a similar procurement need; not a legally verified renewal chain,1
BOAMP:21-13474,BOAMP_CURRENT,SIREN:794304097,SIREN_ENRICHED,Nantes Métropole,794304097,,IT Services & Consulting,False,72.0,2021-05-12,2021-05-12,48.0,False,2025-05-12,0,61.89,61.89,,,,,,,,,none,M0_balanced; proxy recurrence: identifiable reappearance of a similar procurement need; not a legally verified renewal chain,1
BOAMP:21-16407,BOAMP_CURRENT,NAME:communaute agglomeration niortais,NAME,Communauté d'agglomération du Niortais,,,IT Services & Consulting,False,72.0,2021-02-04,2021-02-04,12.0,False,2022-02-04,0,65.08,65.08,,,,,,,,,none,M0_balanced; proxy recurrence: identifiable reappearance of a similar procurement need; not a legally verified renewal chain,1
BOAMP:21-15299,BOAMP_CURRENT,SIREN:264400136,SIREN_ENRICHED,CHU de Nantes,264400136,,Digital Workplace & Collaboration,False,72.0,2021-02-04,2021-02-04,48.0,False,2025-02-04,0,65.08,65.08,,,,,,,,,none,M0_balanced; proxy recurrence: identifiable reappearance of a similar procurement need; not a legally verified renewal chain,1
BOAMP:21-16505,BOAMP_CURRENT,SIREN:234400034,SIREN_ENRICHED,Conseil régional des Pays de la Loire,234400034,,Cybersecurity,False,72.0,2021-05-10,2021-05-10,12.0,False,2022-05-10,0,61.96,61.96,,,,,,,,,none,M0_balanced; proxy recurrence: identifiable reappearance of a similar procurement need; not a legally verified renewal chain,1
BOAMP:21-20759,BOAMP_CURRENT,NAME:arafer,NAME,ARAFER,,,Cloud & Infrastructure,False,,2021-02-12,2021-02-12,24.0,False,2023-02-12,0,64.82,64.82,,,,,,,,,none,M0_balanced; proxy recurrence: identifiable reappearance of a similar procurement need; not a legally verified renewal chain,1
BOAMP:21-19596,BOAMP_CURRENT,NAME:ville alencon,NAME,Ville d'Alençon,,,IT Services & Consulting,False,72.0,2021-05-19,2021-05-19,12.0,False,2022-05-19,0,61.66,61.66,,,,,,,,,none,M0_balanced; proxy recurrence: identifiable reappearance of a similar procurement need; not a legally verified renewal chain,1
BOAMP:21-23663,BOAMP_CURRENT,NAME:cte communes erdre gesvres,NAME,Cté de Communes d'Erdre et Gesvres,,,Telecom & Networks,True,64.0,2021-02-19,2021-02-19,48.0,True,2025-02-19,0,64.59,64.59,,,,,,,,,none,M0_balanced; proxy recurrence: identifiable reappearance of a similar procurement need; not a legally verified renewal chain,1
BOAMP:21-22700,BOAMP_CURRENT,SIREN:110006012,SIREN_ENRICHED,Ministère des Affaires étrangères,110006012,,IT Services & Consulting,True,72.0,2021-03-12,2021-03-12,24.0,False,2023-03-12,0,63.9,63.9,,,,,,,,,none,M0_balanced; proxy recurrence: identifiable reappearance of a similar procurement need; not a legally verified renewal chain,1
BOAMP:21-23643,BOAMP_CURRENT,NAME:vendee habitat oph vendee,NAME,Vendée Habitat - OPH de Vendée,,,Software & Applications,True,48.0,2021-02-19,2021-02-19,48.0,True,2025-02-19,0,64.59,64.59,,,,,,,,,none,M0_balanced; proxy recurrence: identifiable reappearance of a similar procurement need; not a legally verified renewal chain,1
BOAMP:21-25043,BOAMP_CURRENT,SIREN:214400269,SIREN_ENRICHED,Ville de Carquefou,214400269,,Data & AI,False,,2021-02-23,2021-02-23,6.0,False,2021-08-23,0,64.45,64.45,,,,,,,,,none,M0_balanced; proxy recurrence: identifiable reappearance of a similar procurement need; not a legally verified renewal chain,1
BOAMP:21-25169,BOAMP_CURRENT,NAME:orchestre national pays loir,NAME,Orchestre National des Pays de la Loir,,,Software & Applications,False,48.0,2021-02-23,2021-02-23,48.0,True,2025-02-23,0,64.45,64.45,,,,,,,,,none,M0_balanced; proxy recurrence: identifiable reappearance of a similar procurement need; not a legally verified renewal chain,1
BOAMP:21-25103,BOAMP_CURRENT,SIREN:200082139,SIREN_ENRICHED,COMMUNE LES SABLES D OLONNE,200082139,,Cybersecurity,False,22.0,2021-06-22,2021-06-22,12.0,False,2022-06-22,0,60.55,60.55,,,,,,,,,none,M0_balanced; proxy recurrence: identifiable reappearance of a similar procurement need; not a legally verified renewal chain,1
BOAMP:21-26465,BOAMP_CURRENT,SIREN:264400136,SIREN_ENRICHED,CHU de Nantes,264400136,,IT Maintenance & Support,False,72.0,2021-06-29,2021-06-29,48.0,True,2025-06-29,0,60.32,60.32,,,,,,,,,none,M0_balanced; proxy recurrence: identifiable reappearance of a similar procurement need; not a legally verified renewal chain,1
BOAMP:21-26779,BOAMP_CURRENT,SIREN:234400034,SIREN_ENRICHED,Conseil régional des Pays de la Loire,234400034,,Cybersecurity,False,72.0,2021-06-14,2021-06-14,24.0,False,2023-06-14,0,60.81,60.81,,,,,,,,,none,M0_balanced; proxy recurrence: identifiable reappearance of a similar procurement need; not a legally verified renewal chain,1
BOAMP:21-27874,BOAMP_CURRENT,SIREN:247200132,SIREN_ENRICHED,Le Mans Métropole - Communauté Urbaine,247200132,,Cybersecurity,False,72.0,2021-05-19,2021-05-19,48.0,False,2025-05-19,0,61.66,61.66,,,,,,,,,none,M0_balanced; proxy recurrence: identifiable reappearance of a similar procurement need; not a legally verified renewal chain,1
BOAMP:21-29818,BOAMP_CURRENT,NAME:soc publique reg abe fontevraud,NAME,SOC PUBLIQUE REG ABE DE FONTEVRAUD,,,Telecom & Networks,False,32.0,2021-05-10,2021-05-10,5.0,False,2021-10-10,1,11.4,,11.4,BOAMP:22-28887,1.0,1.0,0.46671,0.85134,0.23134,1.0,M0_balanced,M0_balanced; proxy recurrence: identifiable reappearance of a similar procurement need; not a legally verified renewal chain,0
BOAMP:21-30450,BOAMP_CURRENT,NAME:crdc lieu unique,NAME,CRDC LE LIEU UNIQUE,,,Telecom & Networks,False,32.0,2021-03-11,2021-03-11,5.0,False,2021-08-11,0,63.93,63.93,,,,,,,,,none,M0_balanced; proxy recurrence: identifiable reappearance of a similar procurement need; not a legally verified renewal chain,1
BOAMP:21-31568,BOAMP_CURRENT,SIREN:391722881,SIREN_ENRICHED,GIE SESAM Vitale,391722881,,IT Services & Consulting,False,72.0,2021-03-11,2021-03-11,48.0,False,2025-03-11,0,63.93,63.93,,,,,,,,,none,M0_balanced; proxy recurrence: identifiable reappearance of a similar procurement need; not a legally verified renewal chain,1
BOAMP:21-32692,BOAMP_CURRENT,NAME:ircec,NAME,IRCEC,,,IT Maintenance & Support,False,72.0,2021-03-13,2021-03-13,12.0,False,2022-03-13,0,63.86,63.86,,,,,,,,,none,M0_balanced; proxy recurrence: identifiable reappearance of a similar procurement need; not a legally verified renewal chain,1
BOAMP:21-35196,BOAMP_CURRENT,NAME:communaute agglomeration niortais,NAME,Communauté d'agglomération du Niortais,,,IT Services & Consulting,False,72.0,2021-03-16,2021-03-16,48.0,False,2025-03-16,0,63.76,63.76,,,,,,,,,none,M0_balanced; proxy recurrence: identifiable reappearance of a similar procurement need; not a legally verified renewal chain,1
BOAMP:21-35440,BOAMP_CURRENT,SIREN:194909701,SIREN_ENRICHED,Université d'Angers,194909701,,Telecom & Networks,False,32.0,2021-04-27,2021-04-27,48.0,True,2025-04-27,0,62.39,62.39,,,,,,,,,none,M0_balanced; proxy recurrence: identifiable reappearance of a similar procurement need; not a legally verified renewal chain,1
BOAMP:21-36555,BOAMP_CURRENT,SIREN:284400017,SIREN_ENRICHED,SDIS 44,284400017,,Software & Applications,False,48.0,2021-03-18,2021-03-18,48.0,True,2025-03-18,0,63.7,63.7,,,,,,,,,none,M0_balanced; proxy recurrence: identifiable reappearance of a similar procurement need; not a legally verified renewal chain,1
BOAMP:21-36213,BOAMP_CURRENT,SIREN:200041333,SIREN_ENRICHED,Communauté Communes Parthenay-Gâtine,200041333,,Cloud & Infrastructure,False,48.0,2021-03-18,2021-03-18,48.0,True,2025-03-18,0,63.7,63.7,,,,,,,,,none,M0_balanced; proxy recurrence: identifiable reappearance of a similar procurement need; not a legally verified renewal chain,1
BOAMP:21-37472,BOAMP_CURRENT,SIREN:927831396,SIREN_ENRICHED,Podeliha,927831396,,Software & Applications,True,48.0,2021-03-19,2021-03-19,48.0,False,2025-03-19,0,63.67,63.67,,,,,,,,,none,M0_balanced; proxy recurrence: identifiable reappearance of a similar procurement need; not a legally verified renewal chain,1
BOAMP:21-35651,BOAMP_CURRENT,SIREN:234400034,SIREN_ENRICHED,Conseil régional des Pays de la Loire,234400034,,IT Services & Consulting,False,72.0,2021-03-19,2021-03-19,48.0,False,2025-03-19,0,63.67,63.67,,,,,,,,,none,M0_balanced; proxy recurrence: identifiable reappearance of a similar procurement need; not a legally verified renewal chain,1
BOAMP:21-35939,BOAMP_CURRENT,SIREN:935367433,SIREN_ENRICHED,Conseil départemental Loire-Atlantique,935367433,,IT Services & Consulting,False,72.0,2021-03-19,2021-03-19,12.0,False,2022-03-19,1,2.76,,2.76,BOAMP:21-78393,0.66895,1.0,0.22996,0.70695,0.1845,1.0,M0_balanced,M0_balanced; proxy recurrence: identifiable reappearance of a similar procurement need; not a legally verified renewal chain,0
BOAMP:21-36205,BOAMP_CURRENT,SIREN:935367433,SIREN_ENRICHED,Conseil départemental Loire-Atlantique,935367433,,IT Services & Consulting,True,72.0,2021-03-20,2021-03-20,12.0,False,2022-03-20,0,63.63,63.63,,,,,,,,,none,M0_balanced; proxy recurrence: identifiable reappearance of a similar procurement need; not a legally verified renewal chain,1
BOAMP:21-37354,BOAMP_CURRENT,NAME:ch mans,NAME,CH LE MANS,,,Software & Applications,False,48.0,2021-08-31,2021-08-31,12.0,False,2022-08-31,0,58.25,58.25,,,,,,,,,none,M0_balanced; proxy recurrence: identifiable reappearance of a similar procurement need; not a legally verified renewal chain,1
BOAMP:21-38984,BOAMP_CURRENT,SIREN:284400017,SIREN_ENRICHED,SDIS 44,284400017,,Cybersecurity,False,35.0,2021-03-23,2021-03-23,48.0,True,2025-03-23,0,63.53,63.53,,,,,,,,,none,M0_balanced; proxy recurrence: identifiable reappearance of a similar procurement need; not a legally verified renewal chain,1
BOAMP:21-39936,BOAMP_CURRENT,SIREN:214401580,SIREN_ENRICHED,Mairie de Saint Etienne de Montluc,214401580,,Telecom & Networks,False,32.0,2021-06-24,2021-06-24,4.0,False,2021-10-24,0,60.48,60.48,,,,,,,,,none,M0_balanced; proxy recurrence: identifiable reappearance of a similar procurement need; not a legally verified renewal chain,1
BOAMP:21-44149,BOAMP_CURRENT,SIREN:288500010,SIREN_ENRICHED,SDIS 85,288500010,,IT Services & Consulting,True,72.0,2021-04-01,2021-04-01,48.0,False,2025-04-01,0,63.24,63.24,,,,,,,,,none,M0_balanced; proxy recurrence: identifiable reappearance of a similar procurement need; not a legally verified renewal chain,1
BOAMP:21-42297,BOAMP_CURRENT,SIREN:214401622,SIREN_ENRICHED,Commune de Saint-Herblain,214401622,,Telecom & Networks,False,32.0,2021-07-28,2021-07-28,48.0,False,2025-07-28,0,59.36,59.36,,,,,,,,,none,M0_balanced; proxy recurrence: identifiable reappearance of a similar procurement need; not a legally verified renewal chain,1
BOAMP:21-44088,BOAMP_CURRENT,SIREN:247200090,SIREN_ENRICHED,Communauté de communes de sablé,247200090,,Cybersecurity,False,35.0,2021-06-21,2021-06-21,48.0,False,2025-06-21,0,60.58,60.58,,,,,,,,,none,M0_balanced; proxy recurrence: identifiable reappearance of a similar procurement need; not a legally verified renewal chain,1
BOAMP:21-45622,BOAMP_CURRENT,SIREN:264400136,SIREN_ENRICHED,CHU de Nantes,264400136,,Software & Applications,True,48.0,2021-07-07,2021-07-07,48.0,False,2025-07-07,0,60.05,60.05,,,,,,,,,none,M0_balanced; proxy recurrence: identifiable reappearance of a similar procurement need; not a legally verified renewal chain,1
BOAMP:21-46043,BOAMP_CURRENT,SIREN:234400034,SIREN_ENRICHED,Conseil régional des Pays de la Loire,234400034,,IT Services & Consulting,False,72.0,2021-06-30,2021-06-30,12.0,False,2022-06-30,1,12.35,,12.35,BOAMP:22-29878,0.781,0.0,0.97065,0.67215,0.07672,1.0,M0_balanced,M0_balanced; proxy recurrence: identifiable reappearance of a similar procurement need; not a legally verified renewal chain,0
BOAMP:21-47236,BOAMP_CURRENT,NAME:cnam,NAME,CNAM,,,Telecom & Networks,False,32.0,2021-04-10,2021-04-10,48.0,False,2025-04-10,0,62.94,62.94,,,,,,,,,none,M0_balanced; proxy recurrence: identifiable reappearance of a similar procurement need; not a legally verified renewal chain,1
BOAMP:21-49520,BOAMP_CURRENT,SIREN:200041333,SIREN_ENRICHED,Communauté Communes Parthenay-Gâtine,200041333,,Telecom & Networks,False,32.0,2021-04-13,2021-04-13,36.0,False,2024-04-13,0,62.84,62.84,,,,,,,,,none,M0_balanced; proxy recurrence: identifiable reappearance of a similar procurement need; not a legally verified renewal chain,1
BOAMP:21-48340,BOAMP_CURRENT,SIREN:794304097,SIREN_ENRICHED,Nantes Métropole,794304097,,Telecom & Networks,False,32.0,2021-04-15,2021-04-15,48.0,False,2025-04-15,0,62.78,62.78,,,,,,,,,none,M0_balanced; proxy recurrence: identifiable reappearance of a similar procurement need; not a legally verified renewal chain,1
BOAMP:21-50713,BOAMP_CURRENT,NAME:ch mans,NAME,CH LE MANS,,,Software & Applications,False,,2021-04-15,2021-04-15,12.0,False,2022-04-15,0,62.78,62.78,,,,,,,,,none,M0_balanced; proxy recurrence: identifiable reappearance of a similar procurement need; not a legally verified renewal chain,1
BOAMP:21-50004,BOAMP_CURRENT,NAME:comcom estuaire sillon,NAME,Comcom Estuaire et Sillon,,,IT Services & Consulting,False,72.0,2021-07-27,2021-07-27,36.0,False,2024-07-27,0,59.4,59.4,,,,,,,,,none,M0_balanced; proxy recurrence: identifiable reappearance of a similar procurement need; not a legally verified renewal chain,1
BOAMP:21-50635,BOAMP_CURRENT,SIREN:391722881,SIREN_ENRICHED,GIE SESAM Vitale,391722881,,IT Services & Consulting,False,72.0,2022-02-21,2022-02-21,36.0,False,2025-02-21,0,52.53,52.53,,,,,,,,,none,M0_balanced; proxy recurrence: identifiable reappearance of a similar procurement need; not a legally verified renewal chain,1
BOAMP:21-51104,BOAMP_CURRENT,SIREN:391722881,SIREN_ENRICHED,GIE SESAM Vitale,391722881,,IT Services & Consulting,False,72.0,2022-02-21,2022-02-21,12.0,False,2023-02-21,1,9.4,,9.4,BOAMP:22-159813,0.87804,0.2,0.78296,0.72137,0.1669699999999999,1.0,M0_balanced,M0_balanced; proxy recurrence: identifiable reappearance of a similar procurement need; not a legally verified renewal chain,0
BOAMP:21-51441,BOAMP_CURRENT,SIREN:379774177,SIREN_ENRICHED,CIF GIE GEIPCI,379774177,,IT Services & Consulting,True,72.0,2021-04-18,2021-04-18,48.0,True,2025-04-18,0,62.68,62.68,,,,,,,,,none,M0_balanced; proxy recurrence: identifiable reappearance of a similar procurement need; not a legally verified renewal chain,1
BOAMP:21-51620,BOAMP_CURRENT,SIREN:935367433,SIREN_ENRICHED,Conseil départemental Loire-Atlantique,935367433,,IT Services & Consulting,False,72.0,2021-04-18,2021-04-18,12.0,False,2022-04-18,0,62.68,62.68,,,,,,,,,none,M0_balanced; proxy recurrence: identifiable reappearance of a similar procurement need; not a legally verified renewal chain,1
BOAMP:21-51989,BOAMP_CURRENT,SIREN:225300011,SIREN_ENRICHED,DEPARTEMENT DE LA MAYENNE,225300011,,IT Services & Consulting,False,72.0,2021-04-19,2021-04-19,48.0,False,2025-04-19,1,45.63,,45.63,BOAMP:25-13579,0.61872,1.0,0.80256,0.80037,0.1673,1.0,M0_balanced,M0_balanced; proxy recurrence: identifiable reappearance of a similar procurement need; not a legally verified renewal chain,0
BOAMP:21-53976,BOAMP_CURRENT,SIREN:225300011,SIREN_ENRICHED,DEPARTEMENT DE LA MAYENNE,225300011,,IT Services & Consulting,False,72.0,2021-04-22,2021-04-22,12.0,False,2022-04-22,0,62.55,62.55,,,,,,,,,none,M0_balanced; proxy recurrence: identifiable reappearance of a similar procurement need; not a legally verified renewal chain,1
BOAMP:21-53955,BOAMP_CURRENT,SIREN:130001704,SIREN_ENRICHED,DIR INTERDEPARTEMENTALE DES RTE OUEST,130001704,,IT Services & Consulting,False,72.0,2021-08-18,2021-08-18,12.0,False,2022-08-18,0,58.67,58.67,,,,,,,,,none,M0_balanced; proxy recurrence: identifiable reappearance of a similar procurement need; not a legally verified renewal chain,1
BOAMP:21-53968,BOAMP_CURRENT,SIREN:935367433,SIREN_ENRICHED,Conseil départemental Loire-Atlantique,935367433,,IT Services & Consulting,True,72.0,2021-04-24,2021-04-24,12.0,False,2022-04-24,0,62.48,62.48,,,,,,,,,none,M0_balanced; proxy recurrence: identifiable reappearance of a similar procurement need; not a legally verified renewal chain,1
BOAMP:21-54966,BOAMP_CURRENT,NAME:syndicat mixte gigalis,NAME,SYNDICAT MIXTE GIGALIS,,,IT Services & Consulting,False,72.0,2021-04-25,2021-04-25,36.0,False,2024-04-25,0,62.45,62.45,,,,,,,,,none,M0_balanced; proxy recurrence: identifiable reappearance of a similar procurement need; not a legally verified renewal chain,1
BOAMP:21-57080,BOAMP_CURRENT,NAME:ec sup beaux arts tours angers mans,NAME,EC SUP BEAUX ARTS TOURS ANGERS MANS,,,Cybersecurity,False,,2021-04-29,2021-04-29,48.0,True,2025-04-29,0,62.32,62.32,,,,,,,,,none,M0_balanced; proxy recurrence: identifiable reappearance of a similar procurement need; not a legally verified renewal chain,1
BOAMP:21-57207,BOAMP_CURRENT,SIREN:234400034,SIREN_ENRICHED,Conseil régional des Pays de la Loire,234400034,,Cybersecurity,False,35.0,2021-04-30,2021-04-30,7.0,False,2021-11-30,0,62.29,62.29,,,,,,,,,none,M0_balanced; proxy recurrence: identifiable reappearance of a similar procurement need; not a legally verified renewal chain,1
BOAMP:21-60810,BOAMP_CURRENT,SIREN:214400475,SIREN_ENRICHED,Mairie de Coueron,214400475,,Telecom & Networks,False,32.0,2021-05-05,2021-05-05,36.0,False,2024-05-05,0,62.12,62.12,,,,,,,,,none,M0_balanced; proxy recurrence: identifiable reappearance of a similar procurement need; not a legally verified renewal chain,1
BOAMP:21-57288,BOAMP_CURRENT,SIREN:532458809,SIREN_ENRICHED,Ville d'Angers,532458809,,Data & AI,False,45.0,2021-08-31,2021-08-31,30.0,False,2024-02-29,0,58.25,58.25,,,,,,,,,none,M0_balanced; proxy recurrence: identifiable reappearance of a similar procurement need; not a legally verified renewal chain,1
BOAMP:21-61224,BOAMP_CURRENT,SIREN:130029747,SIREN_ENRICHED,Université de Nantes,130029747,,Software & Applications,True,48.0,2021-05-06,2021-05-06,48.0,True,2025-05-06,0,62.09,62.09,,,,,,,,,none,M0_balanced; proxy recurrence: identifiable reappearance of a similar procurement need; not a legally verified renewal chain,1
BOAMP:21-62138,BOAMP_CURRENT,SIREN:234400034,SIREN_ENRICHED,Conseil régional des Pays de la Loire,234400034,,Cybersecurity,False,35.0,2021-05-07,2021-05-07,4.0,False,2021-09-07,0,62.06,62.06,,,,,,,,,none,M0_balanced; proxy recurrence: identifiable reappearance of a similar procurement need; not a legally verified renewal chain,1
BOAMP:21-62119,BOAMP_CURRENT,SIREN:214400152,SIREN_ENRICHED,Mairie de Blain,214400152,,Software & Applications,True,48.0,2021-09-20,2021-09-20,48.0,True,2025-09-20,0,57.59,57.59,,,,,,,,,none,M0_balanced; proxy recurrence: identifiable reappearance of a similar procurement need; not a legally verified renewal chain,1
BOAMP:21-50135,BOAMP_CURRENT,NAME:cte communes pays herbiers,NAME,Cté de Communes du Pays des Herbiers,,,Unknown,False,18.0,2021-08-09,2021-08-09,12.0,False,2022-08-09,0,58.97,58.97,,,,,,,,,none,M0_balanced; proxy recurrence: identifiable reappearance of a similar procurement need; not a legally verified renewal chain,1
BOAMP:21-63730,BOAMP_CURRENT,SIREN:248500589,SIREN_ENRICHED,LA ROCHE-SUR-YON AGGLOMERATION,248500589,,Unknown,False,37.0,2021-10-07,2021-10-07,36.0,False,2024-10-07,0,57.03,57.03,,,,,,,,,none,M0_balanced; proxy recurrence: identifiable reappearance of a similar procurement need; not a legally verified renewal chain,1
BOAMP:21-64504,BOAMP_CURRENT,NAME:centre hospitalier laval 53,NAME,Centre Hospitalier de Laval (53),,,Software & Applications,True,48.0,2021-05-14,2021-05-14,48.0,True,2025-05-14,0,61.83,61.83,,,,,,,,,none,M0_balanced; proxy recurrence: identifiable reappearance of a similar procurement need; not a legally verified renewal chain,1
BOAMP:21-66086,BOAMP_CURRENT,NAME:regie dept passages eau vendee,NAME,Régie Dépt Passages d'Eau de Vendée,,,IT Services & Consulting,False,72.0,2021-05-17,2021-05-17,36.0,False,2024-05-17,0,61.73,61.73,,,,,,,,,none,M0_balanced; proxy recurrence: identifiable reappearance of a similar procurement need; not a legally verified renewal chain,1
BOAMP:21-68348,BOAMP_CURRENT,NAME:inra angers nantes,NAME,INRA ANGERS NANTES,,,Telecom & Networks,False,32.0,2021-12-14,2021-12-14,12.0,False,2022-12-14,0,54.8,54.8,,,,,,,,,none,M0_balanced; proxy recurrence: identifiable reappearance of a similar procurement need; not a legally verified renewal chain,1
BOAMP:21-67958,BOAMP_CURRENT,NAME:com agglo reg nazairienne estuaire,NAME,COM D AGGLO REG NAZAIRIENNE ESTUAIRE,,,IT Services & Consulting,False,72.0,2021-10-01,2021-10-01,48.0,False,2025-10-01,0,57.23,57.23,,,,,,,,,none,M0_balanced; proxy recurrence: identifiable reappearance of a similar procurement need; not a legally verified renewal chain,1
BOAMP:21-67771,BOAMP_CURRENT,SIREN:234400034,SIREN_ENRICHED,Conseil régional des Pays de la Loire,234400034,,Cloud & Infrastructure,False,48.0,2021-10-08,2021-10-08,12.0,False,2022-10-08,0,57.0,57.0,,,,,,,,,none,M0_balanced; proxy recurrence: identifiable reappearance of a similar procurement need; not a legally verified renewal chain,1
BOAMP:21-69124,BOAMP_CURRENT,SIREN:935367433,SIREN_ENRICHED,Conseil départemental Loire-Atlantique,935367433,,Cybersecurity,False,35.0,2021-05-23,2021-05-23,12.0,False,2022-05-23,0,61.53,61.53,,,,,,,,,none,M0_balanced; proxy recurrence: identifiable reappearance of a similar procurement need; not a legally verified renewal chain,1
BOAMP:21-67894,BOAMP_CURRENT,SIREN:200071678,SIREN_ENRICHED,CA Agglomération du Choletais,200071678,,Data & AI,False,43.0,2021-12-09,2021-12-09,12.0,False,2022-12-09,0,54.96,54.96,,,,,,,,,none,M0_balanced; proxy recurrence: identifiable reappearance of a similar procurement need; not a legally verified renewal chain,1
BOAMP:21-75719,BOAMP_CURRENT,SIREN:532458809,SIREN_ENRICHED,Ville d'Angers,532458809,,Software & Applications,False,48.0,2021-06-04,2021-06-04,48.0,True,2025-06-04,0,61.14,61.14,,,,,,,,,none,M0_balanced; proxy recurrence: identifiable reappearance of a similar procurement need; not a legally verified renewal chain,1
BOAMP:21-76081,BOAMP_CURRENT,SIREN:794304097,SIREN_ENRICHED,Nantes Métropole,794304097,,IT Services & Consulting,True,72.0,2021-06-04,2021-06-04,48.0,False,2025-06-04,0,61.14,61.14,,,,,,,,,none,M0_balanced; proxy recurrence: identifiable reappearance of a similar procurement need; not a legally verified renewal chain,1
BOAMP:21-77056,BOAMP_CURRENT,NAME:destination rennes tourisme congres,NAME,DESTINATION RENNES Tourisme Congrès,,,IT Services & Consulting,False,72.0,2021-06-07,2021-06-07,48.0,False,2025-06-07,0,61.04,61.04,,,,,,,,,none,M0_balanced; proxy recurrence: identifiable reappearance of a similar procurement need; not a legally verified renewal chain,1
BOAMP:21-76634,BOAMP_CURRENT,SIREN:794304097,SIREN_ENRICHED,Nantes Métropole,794304097,,Telecom & Networks,False,32.0,2021-06-07,2021-06-07,48.0,False,2025-06-07,0,61.04,61.04,,,,,,,,,none,M0_balanced; proxy recurrence: identifiable reappearance of a similar procurement need; not a legally verified renewal chain,1
BOAMP:21-76512,BOAMP_CURRENT,SIREN:214401622,SIREN_ENRICHED,Commune de Saint-Herblain,214401622,,Cybersecurity,False,72.0,2021-10-25,2021-10-25,48.0,False,2025-10-25,0,56.44,56.44,,,,,,,,,none,M0_balanced; proxy recurrence: identifiable reappearance of a similar procurement need; not a legally verified renewal chain,1
BOAMP:21-76925,BOAMP_CURRENT,SIREN:264400136,SIREN_ENRICHED,CHU de Nantes,264400136,,IT Services & Consulting,False,72.0,2021-10-14,2021-10-14,12.0,False,2022-10-14,0,56.8,56.8,,,,,,,,,none,M0_balanced; proxy recurrence: identifiable reappearance of a similar procurement need; not a legally verified renewal chain,1
BOAMP:21-78352,BOAMP_CURRENT,SIREN:794304097,SIREN_ENRICHED,Nantes Métropole,794304097,,Software & Applications,True,48.0,2021-06-09,2021-06-09,48.0,True,2025-06-09,0,60.97,60.97,,,,,,,,,none,M0_balanced; proxy recurrence: identifiable reappearance of a similar procurement need; not a legally verified renewal chain,1
BOAMP:21-78563,BOAMP_CURRENT,SIREN:264400136,SIREN_ENRICHED,CHU de Nantes,264400136,,IT Services & Consulting,False,72.0,2021-06-09,2021-06-09,48.0,True,2025-06-09,0,60.97,60.97,,,,,,,,,none,M0_balanced; proxy recurrence: identifiable reappearance of a similar procurement need; not a legally verified renewal chain,1
BOAMP:21-77546,BOAMP_CURRENT,SIREN:935367433,SIREN_ENRICHED,Conseil départemental Loire-Atlantique,935367433,,IT Maintenance & Support,False,72.0,2021-06-10,2021-06-10,12.0,False,2022-06-10,0,60.94,60.94,,,,,,,,,none,M0_balanced; proxy recurrence: identifiable reappearance of a similar procurement need; not a legally verified renewal chain,1
BOAMP:21-77933,BOAMP_CURRENT,SIREN:830955068,SIREN_ENRICHED,ANGERS LOIRE TOURISME EXPO CONGRES,830955068,,Digital Workplace & Collaboration,False,72.0,2021-07-27,2021-07-27,12.0,False,2022-07-27,0,59.4,59.4,,,,,,,,,none,M0_balanced; proxy recurrence: identifiable reappearance of a similar procurement need; not a legally verified renewal chain,1
BOAMP:21-78101,BOAMP_CURRENT,SIREN:247200132,SIREN_ENRICHED,Le Mans Métropole - Communauté Urbaine,247200132,,Unknown,False,39.0,2021-11-16,2021-11-16,4.0,False,2022-03-16,1,2.96,,2.96,BOAMP:21-148611,1.0,1.0,0.91305,0.98261,0.1997499999999999,1.0,M0_balanced,M0_balanced; proxy recurrence: identifiable reappearance of a similar procurement need; not a legally verified renewal chain,0
BOAMP:21-74412,BOAMP_CURRENT,SIREN:244900015,SIREN_ENRICHED,Angers Loire Métropole,244900015,,IT Services & Consulting,False,72.0,2021-06-11,2021-06-11,48.0,True,2025-06-11,0,60.91,60.91,,,,,,,,,none,M0_balanced; proxy recurrence: identifiable reappearance of a similar procurement need; not a legally verified renewal chain,1
BOAMP:21-78393,BOAMP_CURRENT,SIREN:935367433,SIREN_ENRICHED,Conseil départemental Loire-Atlantique,935367433,,IT Services & Consulting,False,72.0,2021-06-11,2021-06-11,12.0,False,2022-06-11,0,60.91,60.91,,,,,,,,,none,M0_balanced; proxy recurrence: identifiable reappearance of a similar procurement need; not a legally verified renewal chain,1
BOAMP:21-79179,BOAMP_CURRENT,SIREN:244400586,SIREN_ENRICHED,COMMUNAUTE DE COMMUNES DU SUD ESTUAIRE,244400586,,Telecom & Networks,False,64.0,2021-09-27,2021-09-27,48.0,True,2025-09-27,0,57.36,57.36,,,,,,,,,none,M0_balanced; proxy recurrence: identifiable reappearance of a similar procurement need; not a legally verified renewal chain,1
BOAMP:21-79975,BOAMP_CURRENT,NAME:epsilon centrale achat informatique,NAME,EPSILON CENTRALE D'ACHAT INFORMATIQUE,,,IT Services & Consulting,False,72.0,2021-06-13,2021-06-13,24.0,False,2023-06-13,0,60.84,60.84,,,,,,,,,none,M0_balanced; proxy recurrence: identifiable reappearance of a similar procurement need; not a legally verified renewal chain,1
BOAMP:21-81812,BOAMP_CURRENT,SIREN:200071553,SIREN_ENRICHED,CC Loire Layon Aubance,200071553,,Cloud & Infrastructure,False,48.0,2021-10-27,2021-10-27,12.0,False,2022-10-27,0,56.37,56.37,,,,,,,,,none,M0_balanced; proxy recurrence: identifiable reappearance of a similar procurement need; not a legally verified renewal chain,1
BOAMP:21-83822,BOAMP_CURRENT,NAME:cte cnes pays ancenis,NAME,Cté de Cnes du Pays d'Ancenis,,,Unknown,False,45.0,2021-06-18,2021-06-18,48.0,True,2025-06-18,0,60.68,60.68,,,,,,,,,none,M0_balanced; proxy recurrence: identifiable reappearance of a similar procurement need; not a legally verified renewal chain,1
BOAMP:21-82605,BOAMP_CURRENT,SIREN:110043015,SIREN_ENRICHED,Ministère de l'éducation nationale,110043015,,IT Services & Consulting,False,72.0,2021-06-18,2021-06-18,36.0,False,2024-06-18,0,60.68,60.68,,,,,,,,,none,M0_balanced; proxy recurrence: identifiable reappearance of a similar procurement need; not a legally verified renewal chain,1
BOAMP:21-82013,BOAMP_CURRENT,SIREN:130025919,SIREN_ENRICHED,OFFICE FRANCAIS DE LA BIODIVERSITE,130025919,,Cybersecurity,False,72.0,2021-10-04,2021-10-04,18.0,False,2023-04-04,0,57.13,57.13,,,,,,,,,none,M0_balanced; proxy recurrence: identifiable reappearance of a similar procurement need; not a legally verified renewal chain,1
BOAMP:21-85552,BOAMP_CURRENT,SIREN:794304097,SIREN_ENRICHED,Nantes Métropole,794304097,,Digital Workplace & Collaboration,False,72.0,2021-06-22,2021-06-22,48.0,True,2025-06-22,0,60.55,60.55,,,,,,,,,none,M0_balanced; proxy recurrence: identifiable reappearance of a similar procurement need; not a legally verified renewal chain,1
BOAMP:21-86124,BOAMP_CURRENT,NAME:sydela,NAME,SYDELA,,,Telecom & Networks,False,32.0,2021-06-23,2021-06-23,24.0,False,2023-06-23,0,60.51,60.51,,,,,,,,,none,M0_balanced; proxy recurrence: identifiable reappearance of a similar procurement need; not a legally verified renewal chain,1
BOAMP:21-85842,BOAMP_CURRENT,SIREN:794304097,SIREN_ENRICHED,Nantes Métropole,794304097,,IT Services & Consulting,False,72.0,2021-06-25,2021-06-25,48.0,False,2025-06-25,0,60.45,60.45,,,,,,,,,none,M0_balanced; proxy recurrence: identifiable reappearance of a similar procurement need; not a legally verified renewal chain,1
BOAMP:21-83160,BOAMP_CURRENT,SIREN:244900015,SIREN_ENRICHED,Angers Loire Métropole,244900015,,IT Services & Consulting,False,72.0,2021-06-25,2021-06-25,48.0,True,2025-06-25,0,60.45,60.45,,,,,,,,,none,M0_balanced; proxy recurrence: identifiable reappearance of a similar procurement need; not a legally verified renewal chain,1
BOAMP:21-87993,BOAMP_CURRENT,SIREN:172800013,SIREN_ENRICHED,PREFECTURE D'EURE-ET-LOIR,172800013,,Unknown,False,45.0,2021-06-25,2021-06-25,8.0,False,2022-02-25,0,60.45,60.45,,,,,,,,,none,M0_balanced; proxy recurrence: identifiable reappearance of a similar procurement need; not a legally verified renewal chain,1
BOAMP:21-86348,BOAMP_CURRENT,NAME:semitan,NAME,SEMITAN,,,IT Services & Consulting,True,72.0,2021-11-29,2021-11-29,24.0,False,2023-11-29,0,55.29,55.29,,,,,,,,,none,M0_balanced; proxy recurrence: identifiable reappearance of a similar procurement need; not a legally verified renewal chain,1
BOAMP:21-86773,BOAMP_CURRENT,SIREN:234400034,SIREN_ENRICHED,Conseil régional des Pays de la Loire,234400034,,Unknown,False,79.0,2021-11-25,2021-11-25,24.0,False,2023-11-25,0,55.42,55.42,,,,,,,,,none,M0_balanced; proxy recurrence: identifiable reappearance of a similar procurement need; not a legally verified renewal chain,1
BOAMP:21-87351,BOAMP_CURRENT,SIREN:214400186,SIREN_ENRICHED,COMMUNE DE BOUAYE,214400186,,Unknown,False,45.0,2021-06-27,2021-06-27,48.0,True,2025-06-27,0,60.38,60.38,,,,,,,,,none,M0_balanced; proxy recurrence: identifiable reappearance of a similar procurement need; not a legally verified renewal chain,1
BOAMP:21-88219,BOAMP_CURRENT,SIREN:227200029,SIREN_ENRICHED,DEPARTEMENT DE LA SARTHE,227200029,,Cybersecurity,False,72.0,2021-11-05,2021-11-05,48.0,False,2025-11-05,0,56.08,56.08,,,,,,,,,none,M0_balanced; proxy recurrence: identifiable reappearance of a similar procurement need; not a legally verified renewal chain,1
BOAMP:21-88699,BOAMP_CURRENT,NAME:semitan,NAME,SEMITAN,,,IT Services & Consulting,True,72.0,2022-02-16,2022-02-16,36.0,False,2025-02-16,0,52.69,52.69,,,,,,,,,none,M0_balanced; proxy recurrence: identifiable reappearance of a similar procurement need; not a legally verified renewal chain,1
BOAMP:21-88585,BOAMP_CURRENT,SIREN:922749635,SIREN_ENRICHED,ENSA Nantes,922749635,,Telecom & Networks,False,32.0,2021-10-27,2021-10-27,12.0,False,2022-10-27,0,56.37,56.37,,,,,,,,,none,M0_balanced; proxy recurrence: identifiable reappearance of a similar procurement need; not a legally verified renewal chain,1
BOAMP:21-88617,BOAMP_CURRENT,SIREN:200071876,SIREN_ENRICHED,CA SAUMUR VAL DE LOIRE,200071876,,Software & Applications,True,48.0,2021-06-30,2021-06-30,12.0,False,2022-06-30,0,60.28,60.28,,,,,,,,,none,M0_balanced; proxy recurrence: identifiable reappearance of a similar procurement need; not a legally verified renewal chain,1
BOAMP:21-89893,BOAMP_CURRENT,NAME:communaute agglomeration niortais,NAME,Communauté d'agglomération du Niortais,,,IT Services & Consulting,False,72.0,2021-07-02,2021-07-02,24.0,False,2023-07-02,0,60.22,60.22,,,,,,,,,none,M0_balanced; proxy recurrence: identifiable reappearance of a similar procurement need; not a legally verified renewal chain,1
BOAMP:21-91773,BOAMP_CURRENT,SIREN:391722881,SIREN_ENRICHED,GIE SESAM Vitale,391722881,,Digital Workplace & Collaboration,False,72.0,2021-07-04,2021-07-04,24.0,False,2023-07-04,0,60.15,60.15,,,,,,,,,none,M0_balanced; proxy recurrence: identifiable reappearance of a similar procurement need; not a legally verified renewal chain,1
BOAMP:21-92363,BOAMP_CURRENT,NAME:soc publique reg abe fontevraud,NAME,SOC PUBLIQUE REG ABE DE FONTEVRAUD,,,Telecom & Networks,False,32.0,2021-07-05,2021-07-05,48.0,True,2025-07-05,0,60.12,60.12,,,,,,,,,none,M0_balanced; proxy recurrence: identifiable reappearance of a similar procurement need; not a legally verified renewal chain,1
BOAMP:21-93968,BOAMP_CURRENT,SIREN:217902022,SIREN_ENRICHED,Ville de Parthenay,217902022,,Cybersecurity,False,35.0,2021-07-07,2021-07-07,48.0,False,2025-07-07,0,60.05,60.05,,,,,,,,,none,M0_balanced; proxy recurrence: identifiable reappearance of a similar procurement need; not a legally verified renewal chain,1
BOAMP:21-93999,BOAMP_CURRENT,SIREN:200069474,SIREN_ENRICHED,COMMUNE DE OMBREE D ANJOU,200069474,,Cybersecurity,False,35.0,2021-07-09,2021-07-09,12.0,False,2022-07-09,0,59.99,59.99,,,,,,,,,none,M0_balanced; proxy recurrence: identifiable reappearance of a similar procurement need; not a legally verified renewal chain,1
BOAMP:21-96695,BOAMP_CURRENT,SIREN:130029747,SIREN_ENRICHED,Université de Nantes,130029747,,Software & Applications,True,48.0,2021-09-09,2021-09-09,48.0,True,2025-09-09,0,57.95,57.95,,,,,,,,,none,M0_balanced; proxy recurrence: identifiable reappearance of a similar procurement need; not a legally verified renewal chain,1
BOAMP:21-97121,BOAMP_CURRENT,SIREN:244400438,SIREN_ENRICHED,Grand Lieu Communauté,244400438,,Cybersecurity,False,72.0,2021-10-11,2021-10-11,24.0,False,2023-10-11,0,56.9,56.9,,,,,,,,,none,M0_balanced; proxy recurrence: identifiable reappearance of a similar procurement need; not a legally verified renewal chain,1
BOAMP:21-96114,BOAMP_CURRENT,SIREN:794304097,SIREN_ENRICHED,Nantes Métropole,794304097,,Software & Applications,False,48.0,2021-07-15,2021-07-15,48.0,False,2025-07-15,0,59.79,59.79,,,,,,,,,none,M0_balanced; proxy recurrence: identifiable reappearance of a similar procurement need; not a legally verified renewal chain,1
BOAMP:21-97876,BOAMP_CURRENT,SIREN:794304097,SIREN_ENRICHED,Nantes Métropole,794304097,,Software & Applications,True,48.0,2021-07-15,2021-07-15,48.0,False,2025-07-15,0,59.79,59.79,,,,,,,,,none,M0_balanced; proxy recurrence: identifiable reappearance of a similar procurement need; not a legally verified renewal chain,1
BOAMP:21-99793,BOAMP_CURRENT,NAME:sgami ouest,NAME,SGAMI OUEST,,,Telecom & Networks,False,32.0,2021-07-16,2021-07-16,5.0,False,2021-12-16,0,59.76,59.76,,,,,,,,,none,M0_balanced; proxy recurrence: identifiable reappearance of a similar procurement need; not a legally verified renewal chain,1
BOAMP:21-99965,BOAMP_CURRENT,NAME:cc ocean marais monts,NAME,CC Océan Marais de Monts,,,Telecom & Networks,False,32.0,2021-07-19,2021-07-19,48.0,True,2025-07-19,0,59.66,59.66,,,,,,,,,none,M0_balanced; proxy recurrence: identifiable reappearance of a similar procurement need; not a legally verified renewal chain,1
BOAMP:21-101248,BOAMP_CURRENT,SIREN:214401846,SIREN_ENRICHED,COMMUNE DE SAINT NAZAIRE,214401846,,Software & Applications,False,48.0,2021-11-03,2021-11-03,12.0,False,2022-11-03,0,56.14,56.14,,,,,,,,,none,M0_balanced; proxy recurrence: identifiable reappearance of a similar procurement need; not a legally verified renewal chain,1
BOAMP:21-102565,BOAMP_CURRENT,SIREN:214400202,SIREN_ENRICHED,Ville de Bouguenais,214400202,,Cybersecurity,False,35.0,2021-11-22,2021-11-22,7.0,False,2022-06-22,0,55.52,55.52,,,,,,,,,none,M0_balanced; proxy recurrence: identifiable reappearance of a similar procurement need; not a legally verified renewal chain,1
BOAMP:21-103746,BOAMP_CURRENT,SIREN:217500016,SIREN_ENRICHED,Ville du Mans,217500016,,Data & AI,False,,2021-07-26,2021-07-26,24.0,False,2023-07-26,0,59.43,59.43,,,,,,,,,none,M0_balanced; proxy recurrence: identifiable reappearance of a similar procurement need; not a legally verified renewal chain,1
BOAMP:21-104861,BOAMP_CURRENT,NAME:destination rennes tourisme congres,NAME,DESTINATION RENNES Tourisme Congrès,,,Data & AI,False,,2021-07-27,2021-07-27,48.0,True,2025-07-27,0,59.4,59.4,,,,,,,,,none,M0_balanced; proxy recurrence: identifiable reappearance of a similar procurement need; not a legally verified renewal chain,1
BOAMP:21-104870,BOAMP_CURRENT,SIREN:225300011,SIREN_ENRICHED,DEPARTEMENT DE LA MAYENNE,225300011,,IT Services & Consulting,False,72.0,2021-11-03,2021-11-03,48.0,False,2025-11-03,1,42.41,,42.41,BOAMP:25-54937,0.78159,1.0,0.53428,0.81512,0.1156399999999999,1.0,M0_balanced,M0_balanced; proxy recurrence: identifiable reappearance of a similar procurement need; not a legally verified renewal chain,0
BOAMP:21-104443,BOAMP_CURRENT,NAME:dir reg envir amenagement logt bretagn,NAME,DIR REG ENVIR AMENAGEMENT LOGT BRETAGN,,,Cybersecurity,False,35.0,2021-07-29,2021-07-29,48.0,False,2025-07-29,0,59.33,59.33,,,,,,,,,none,M0_balanced; proxy recurrence: identifiable reappearance of a similar procurement need; not a legally verified renewal chain,1
BOAMP:21-113571,BOAMP_CURRENT,NAME:sdis49,NAME,SDIS49,,,IT Services & Consulting,False,72.0,2021-12-02,2021-12-02,48.0,True,2025-12-02,0,55.19,55.19,,,,,,,,,none,M0_balanced; proxy recurrence: identifiable reappearance of a similar procurement need; not a legally verified renewal chain,1
BOAMP:21-113953,BOAMP_CURRENT,SIREN:264400136,SIREN_ENRICHED,CHU de Nantes,264400136,,IT Services & Consulting,False,72.0,2021-08-20,2021-08-20,48.0,True,2025-08-20,0,58.61,58.61,,,,,,,,,none,M0_balanced; proxy recurrence: identifiable reappearance of a similar procurement need; not a legally verified renewal chain,1
BOAMP:21-114338,BOAMP_CURRENT,NAME:cc pays st fulgent essarts,NAME,CC DU PAYS DE ST FULGENT LES ESSARTS,,,IT Services & Consulting,False,72.0,2021-08-24,2021-08-24,18.0,False,2023-02-24,0,58.48,58.48,,,,,,,,,none,M0_balanced; proxy recurrence: identifiable reappearance of a similar procurement need; not a legally verified renewal chain,1
BOAMP:21-117181,BOAMP_CURRENT,SIREN:753000611,SIREN_ENRICHED,SATT OUEST VALORISATION,753000611,,IT Services & Consulting,False,72.0,2021-08-31,2021-08-31,48.0,True,2025-08-31,0,58.25,58.25,,,,,,,,,none,M0_balanced; proxy recurrence: identifiable reappearance of a similar procurement need; not a legally verified renewal chain,1
BOAMP:21-117615,BOAMP_CURRENT,SIREN:264400136,SIREN_ENRICHED,CHU de Nantes,264400136,,IT Services & Consulting,False,72.0,2021-09-01,2021-09-01,48.0,True,2025-09-01,0,58.21,58.21,,,,,,,,,none,M0_balanced; proxy recurrence: identifiable reappearance of a similar procurement need; not a legally verified renewal chain,1
BOAMP:21-118586,BOAMP_CURRENT,NAME:ch mans,NAME,CH LE MANS,,,Cybersecurity,False,35.0,2022-01-14,2022-01-14,12.0,False,2023-01-14,0,53.78,53.78,,,,,,,,,none,M0_balanced; proxy recurrence: identifiable reappearance of a similar procurement need; not a legally verified renewal chain,1
BOAMP:21-120100,BOAMP_CURRENT,SIREN:215601071,SIREN_ENRICHED,Ville de Larmor-plage,215601071,,Cybersecurity,False,35.0,2021-09-10,2021-09-10,6.0,False,2022-03-10,0,57.92,57.92,,,,,,,,,none,M0_balanced; proxy recurrence: identifiable reappearance of a similar procurement need; not a legally verified renewal chain,1
BOAMP:21-122032,BOAMP_CURRENT,SIREN:794304097,SIREN_ENRICHED,Nantes Métropole,794304097,,IT Services & Consulting,True,72.0,2022-01-06,2022-01-06,48.0,True,2026-01-06,0,54.04,54.04,,,,,,,,,none,M0_balanced; proxy recurrence: identifiable reappearance of a similar procurement need; not a legally verified renewal chain,1
BOAMP:21-123669,BOAMP_CURRENT,SIREN:200069474,SIREN_ENRICHED,COMMUNE DE OMBREE D ANJOU,200069474,,Unknown,False,,2021-09-15,2021-09-15,48.0,False,2025-09-15,0,57.75,57.75,,,,,,,,,none,M0_balanced; proxy recurrence: identifiable reappearance of a similar procurement need; not a legally verified renewal chain,1
BOAMP:21-122276,BOAMP_CURRENT,SIREN:194909701,SIREN_ENRICHED,Université d'Angers,194909701,,Software & Applications,False,48.0,2021-11-29,2021-11-29,48.0,False,2025-11-29,0,55.29,55.29,,,,,,,,,none,M0_balanced; proxy recurrence: identifiable reappearance of a similar procurement need; not a legally verified renewal chain,1
BOAMP:21-124527,BOAMP_CURRENT,NAME:gpm nantes st nazaire,NAME,GPM de Nantes - St Nazaire,,,Software & Applications,False,48.0,2021-09-16,2021-09-16,48.0,False,2025-09-16,0,57.72,57.72,,,,,,,,,none,M0_balanced; proxy recurrence: identifiable reappearance of a similar procurement need; not a legally verified renewal chain,1
BOAMP:21-124087,BOAMP_CURRENT,NAME:ville orvault,NAME,Ville d'Orvault,,,Cybersecurity,False,35.0,2021-09-16,2021-09-16,48.0,True,2025-09-16,0,57.72,57.72,,,,,,,,,none,M0_balanced; proxy recurrence: identifiable reappearance of a similar procurement need; not a legally verified renewal chain,1
BOAMP:21-126270,BOAMP_CURRENT,NAME:cc ocean marais monts,NAME,CC Océan Marais de Monts,,,Telecom & Networks,False,32.0,2021-09-21,2021-09-21,36.0,False,2024-09-21,0,57.56,57.56,,,,,,,,,none,M0_balanced; proxy recurrence: identifiable reappearance of a similar procurement need; not a legally verified renewal chain,1
BOAMP:21-125862,BOAMP_CURRENT,NAME:groupement achats herm,NAME,Groupement d'achats de l'Herm,,,Unknown,False,15.0,2021-09-22,2021-09-22,12.0,False,2022-09-22,0,57.52,57.52,,,,,,,,,none,M0_balanced; proxy recurrence: identifiable reappearance of a similar procurement need; not a legally verified renewal chain,1
BOAMP:21-125536,BOAMP_CURRENT,NAME:crous nantes,NAME,CROUS de Nantes,,,IT Services & Consulting,False,72.0,2021-09-22,2021-09-22,12.0,False,2022-09-22,0,57.52,57.52,,,,,,,,,none,M0_balanced; proxy recurrence: identifiable reappearance of a similar procurement need; not a legally verified renewal chain,1
BOAMP:21-125688,BOAMP_CURRENT,SIREN:546650169,SIREN_ENRICHED,Vendée Expansion,546650169,,IT Services & Consulting,True,72.0,2021-12-08,2021-12-08,12.0,False,2022-12-08,0,54.99,54.99,,,,,,,,,none,M0_balanced; proxy recurrence: identifiable reappearance of a similar procurement need; not a legally verified renewal chain,1
BOAMP:21-126360,BOAMP_CURRENT,SIREN:983291931,SIREN_ENRICHED,MASH,983291931,,IT Services & Consulting,False,72.0,2021-10-28,2021-10-28,6.0,False,2022-04-28,0,56.34,56.34,,,,,,,,,none,M0_balanced; proxy recurrence: identifiable reappearance of a similar procurement need; not a legally verified renewal chain,1
BOAMP:21-126684,BOAMP_CURRENT,SIREN:234400034,SIREN_ENRICHED,Conseil régional des Pays de la Loire,234400034,,Cybersecurity,False,72.0,2022-01-10,2022-01-10,24.0,False,2024-01-10,0,53.91,53.91,,,,,,,,,none,M0_balanced; proxy recurrence: identifiable reappearance of a similar procurement need; not a legally verified renewal chain,1
BOAMP:21-128976,BOAMP_CURRENT,SIREN:327822177,SIREN_ENRICHED,CREHA Ouest,327822177,,IT Services & Consulting,False,72.0,2022-02-21,2022-02-21,12.0,False,2023-02-21,0,52.53,52.53,,,,,,,,,none,M0_balanced; proxy recurrence: identifiable reappearance of a similar procurement need; not a legally verified renewal chain,1
BOAMP:21-130046,BOAMP_CURRENT,NAME:gpm nantes st nazaire,NAME,GPM de Nantes - St Nazaire,,,Software & Applications,False,48.0,2021-09-29,2021-09-29,48.0,True,2025-09-29,0,57.29,57.29,,,,,,,,,none,M0_balanced; proxy recurrence: identifiable reappearance of a similar procurement need; not a legally verified renewal chain,1
BOAMP:21-121431,BOAMP_CURRENT,SIREN:532458809,SIREN_ENRICHED,Ville d'Angers,532458809,,Telecom & Networks,False,32.0,2021-09-30,2021-09-30,12.0,False,2022-09-30,0,57.26,57.26,,,,,,,,,none,M0_balanced; proxy recurrence: identifiable reappearance of a similar procurement need; not a legally verified renewal chain,1
BOAMP:21-130332,BOAMP_CURRENT,NAME:centre gestion 87,NAME,CENTRE DE GESTION 87,,,Cybersecurity,False,72.0,2021-10-01,2021-10-01,48.0,False,2025-10-01,0,57.23,57.23,,,,,,,,,none,M0_balanced; proxy recurrence: identifiable reappearance of a similar procurement need; not a legally verified renewal chain,1
BOAMP:21-130369,BOAMP_CURRENT,SIREN:214401622,SIREN_ENRICHED,Commune de Saint-Herblain,214401622,,IT Services & Consulting,False,72.0,2021-10-01,2021-10-01,48.0,False,2025-10-01,0,57.23,57.23,,,,,,,,,none,M0_balanced; proxy recurrence: identifiable reappearance of a similar procurement need; not a legally verified renewal chain,1
BOAMP:21-129937,BOAMP_CURRENT,SIREN:214401093,SIREN_ENRICHED,Ville de Nantes,214401093,,IT Services & Consulting,True,72.0,2021-10-01,2021-10-01,24.0,False,2023-10-01,0,57.23,57.23,,,,,,,,,none,M0_balanced; proxy recurrence: identifiable reappearance of a similar procurement need; not a legally verified renewal chain,1
BOAMP:21-132073,BOAMP_CURRENT,NAME:sde35,NAME,SDE35,,,Software & Applications,True,48.0,2021-10-01,2021-10-01,48.0,True,2025-10-01,0,57.23,57.23,,,,,,,,,none,M0_balanced; proxy recurrence: identifiable reappearance of a similar procurement need; not a legally verified renewal chain,1
BOAMP:21-130956,BOAMP_CURRENT,SIREN:234400034,SIREN_ENRICHED,Conseil régional des Pays de la Loire,234400034,,Software & Applications,False,79.0,2021-12-22,2021-12-22,24.0,False,2023-12-22,0,54.53,54.53,,,,,,,,,none,M0_balanced; proxy recurrence: identifiable reappearance of a similar procurement need; not a legally verified renewal chain,1
BOAMP:21-133433,BOAMP_CURRENT,NAME:syndicat mixte dvlpt numerique,NAME,SYNDICAT MIXTE POUR LE DVLPT NUMERIQUE,,,IT Services & Consulting,False,72.0,2021-10-05,2021-10-05,48.0,True,2025-10-05,0,57.1,57.1,,,,,,,,,none,M0_balanced; proxy recurrence: identifiable reappearance of a similar procurement need; not a legally verified renewal chain,1
BOAMP:21-135182,BOAMP_CURRENT,NAME:regie dept passages eau vendee,NAME,Régie Dépt Passages d'Eau de Vendée,,,IT Services & Consulting,False,72.0,2021-10-08,2021-10-08,48.0,True,2025-10-08,0,57.0,57.0,,,,,,,,,none,M0_balanced; proxy recurrence: identifiable reappearance of a similar procurement need; not a legally verified renewal chain,1
BOAMP:21-137487,BOAMP_CURRENT,SIREN:546650169,SIREN_ENRICHED,Vendée Expansion,546650169,,IT Services & Consulting,False,72.0,2021-12-08,2021-12-08,12.0,False,2022-12-08,1,9.59,,9.59,BOAMP:22-93332,0.72915,1.0,0.79939,0.84612,0.2216,1.0,M0_balanced,M0_balanced; proxy recurrence: identifiable reappearance of a similar procurement need; not a legally verified renewal chain,0
BOAMP:21-137461,BOAMP_CURRENT,NAME:communaute cnes terres montaigu,NAME,Communauté de Cnes Terres de Montaigu,,,Unknown,False,45.0,2021-10-15,2021-10-15,12.0,False,2022-10-15,0,56.77,56.77,,,,,,,,,none,M0_balanced; proxy recurrence: identifiable reappearance of a similar procurement need; not a legally verified renewal chain,1
BOAMP:21-141754,BOAMP_CURRENT,SIREN:200071900,SIREN_ENRICHED,Vendée Grand Littoral,200071900,,Software & Applications,False,45.0,2021-10-21,2021-10-21,5.0,False,2022-03-21,0,56.57,56.57,,,,,,,,,none,M0_balanced; proxy recurrence: identifiable reappearance of a similar procurement need; not a legally verified renewal chain,1
BOAMP:21-141238,BOAMP_CURRENT,NAME:cte communes region blain,NAME,Cté de Communes de la Région de Blain,,,IT Services & Consulting,False,,2021-10-21,2021-10-21,48.0,False,2025-10-21,0,56.57,56.57,,,,,,,,,none,M0_balanced; proxy recurrence: identifiable reappearance of a similar procurement need; not a legally verified renewal chain,1
BOAMP:21-142218,BOAMP_CURRENT,SIREN:234400034,SIREN_ENRICHED,préfet de la région Pays de la Loire,234400034,,Unknown,False,79.0,2022-03-10,2022-03-10,12.0,False,2023-03-10,0,51.97,51.97,,,,,,,,,none,M0_balanced; proxy recurrence: identifiable reappearance of a similar procurement need; not a legally verified renewal chain,1
BOAMP:21-143183,BOAMP_CURRENT,SIREN:794304097,SIREN_ENRICHED,Nantes Métropole,794304097,,Software & Applications,True,48.0,2021-10-25,2021-10-25,48.0,False,2025-10-25,0,56.44,56.44,,,,,,,,,none,M0_balanced; proxy recurrence: identifiable reappearance of a similar procurement need; not a legally verified renewal chain,1
BOAMP:21-143481,BOAMP_CURRENT,NAME:sca pfaf so,NAME,SCA/PFAF SO,,,Telecom & Networks,False,32.0,2021-10-26,2021-10-26,48.0,True,2025-10-26,0,56.41,56.41,,,,,,,,,none,M0_balanced; proxy recurrence: identifiable reappearance of a similar procurement need; not a legally verified renewal chain,1
BOAMP:21-142703,BOAMP_CURRENT,NAME:chambre reg agri pays loire,NAME,CHAMBRE REG AGRI PAYS DE LA LOIRE,,,Digital Workplace & Collaboration,False,72.0,2021-10-27,2021-10-27,18.0,False,2023-04-27,0,56.37,56.37,,,,,,,,,none,M0_balanced; proxy recurrence: identifiable reappearance of a similar procurement need; not a legally verified renewal chain,1
BOAMP:21-144079,BOAMP_CURRENT,NAME:ecole national sup arts metiers,NAME,Ecole National Sup. d'Arts et Métiers,,,Telecom & Networks,False,32.0,2021-10-28,2021-10-28,24.0,False,2023-10-28,0,56.34,56.34,,,,,,,,,none,M0_balanced; proxy recurrence: identifiable reappearance of a similar procurement need; not a legally verified renewal chain,1
BOAMP:21-139944,BOAMP_CURRENT,SIREN:200067346,SIREN_ENRICHED,CA PORNIC AGGLO PAYS DE RETZ,200067346,,IT Hardware & Equipment,False,30.0,2022-01-24,2022-01-24,24.0,False,2024-01-24,0,53.45,53.45,,,,,,,,,none,M0_balanced; proxy recurrence: identifiable reappearance of a similar procurement need; not a legally verified renewal chain,1
BOAMP:21-146075,BOAMP_CURRENT,SIREN:214402042,SIREN_ENRICHED,Ville de Thouaré-sur-Loire,214402042,,IT Services & Consulting,False,72.0,2021-10-31,2021-10-31,24.0,False,2023-10-31,0,56.24,56.24,,,,,,,,,none,M0_balanced; proxy recurrence: identifiable reappearance of a similar procurement need; not a legally verified renewal chain,1
BOAMP:21-148591,BOAMP_CURRENT,SIREN:200083392,SIREN_ENRICHED,Laval Agglomération,200083392,,Telecom & Networks,False,32.0,2021-11-10,2021-11-10,6.0,False,2022-05-10,0,55.91,55.91,,,,,,,,,none,M0_balanced; proxy recurrence: identifiable reappearance of a similar procurement need; not a legally verified renewal chain,1
BOAMP:21-148611,BOAMP_CURRENT,SIREN:247200132,SIREN_ENRICHED,Le Mans Métropole - Communauté Urbaine,247200132,,Unknown,False,39.0,2022-02-14,2022-02-14,4.0,False,2022-06-14,1,11.63,,11.63,BOAMP:22-105384,0.90307,1.0,0.36421,0.83213,0.58301,1.0,M0_balanced,M0_balanced; proxy recurrence: identifiable reappearance of a similar procurement need; not a legally verified renewal chain,0
BOAMP:21-150615,BOAMP_CURRENT,SIREN:832970024,SIREN_ENRICHED,Institut Régional Administration Lyon,832970024,,IT Services & Consulting,False,72.0,2021-11-14,2021-11-14,12.0,False,2022-11-14,0,55.78,55.78,,,,,,,,,none,M0_balanced; proxy recurrence: identifiable reappearance of a similar procurement need; not a legally verified renewal chain,1
BOAMP:21-150402,BOAMP_CURRENT,SIREN:794304097,SIREN_ENRICHED,Nantes Métropole,794304097,,Software & Applications,False,48.0,2021-11-14,2021-11-14,48.0,False,2025-11-14,0,55.78,55.78,,,,,,,,,none,M0_balanced; proxy recurrence: identifiable reappearance of a similar procurement need; not a legally verified renewal chain,1
BOAMP:21-152470,BOAMP_CURRENT,SIREN:214401093,SIREN_ENRICHED,Ville de Nantes,214401093,,Telecom & Networks,False,32.0,2021-11-17,2021-11-17,24.0,False,2023-11-17,0,55.68,55.68,,,,,,,,,none,M0_balanced; proxy recurrence: identifiable reappearance of a similar procurement need; not a legally verified renewal chain,1
BOAMP:21-151331,BOAMP_CURRENT,SIREN:831928452,SIREN_ENRICHED,FONDATION PARTENARIALE POLYTECH,831928452,,Digital Workplace & Collaboration,False,72.0,2021-11-17,2021-11-17,12.0,False,2022-11-17,0,55.68,55.68,,,,,,,,,none,M0_balanced; proxy recurrence: identifiable reappearance of a similar procurement need; not a legally verified renewal chain,1
BOAMP:21-153244,BOAMP_CURRENT,SIREN:180043010,SIREN_ENRICHED,Réseau Canopé,180043010,,IT Hardware & Equipment,False,30.0,2021-11-20,2021-11-20,24.0,False,2023-11-20,0,55.58,55.58,,,,,,,,,none,M0_balanced; proxy recurrence: identifiable reappearance of a similar procurement need; not a legally verified renewal chain,1
BOAMP:21-155528,BOAMP_CURRENT,NAME:regie dept passages eau vendee,NAME,Régie Dépt Passages d'Eau de Vendée,,,Software & Applications,False,48.0,2022-06-01,2022-06-01,36.0,False,2025-06-01,0,49.24,49.24,,,,,,,,,none,M0_balanced; proxy recurrence: identifiable reappearance of a similar procurement need; not a legally verified renewal chain,1
BOAMP:21-156574,BOAMP_CURRENT,SIREN:227200029,SIREN_ENRICHED,DEPARTEMENT DE LA SARTHE,227200029,,IT Services & Consulting,False,72.0,2021-11-26,2021-11-26,48.0,True,2025-11-26,0,55.39,55.39,,,,,,,,,none,M0_balanced; proxy recurrence: identifiable reappearance of a similar procurement need; not a legally verified renewal chain,1
BOAMP:21-155430,BOAMP_CURRENT,NAME:gpm nantes st nazaire,NAME,GPM de Nantes - St Nazaire,,,Software & Applications,False,48.0,2021-11-26,2021-11-26,8.0,False,2022-07-26,0,55.39,55.39,,,,,,,,,none,M0_balanced; proxy recurrence: identifiable reappearance of a similar procurement need; not a legally verified renewal chain,1
BOAMP:21-156783,BOAMP_CURRENT,NAME:ctre hosp universitaire angers,NAME,CTRE HOSP UNIVERSITAIRE ANGERS,,,IT Services & Consulting,True,72.0,2021-11-26,2021-11-26,48.0,True,2025-11-26,0,55.39,55.39,,,,,,,,,none,M0_balanced; proxy recurrence: identifiable reappearance of a similar procurement need; not a legally verified renewal chain,1
BOAMP:21-155709,BOAMP_CURRENT,NAME:dirisi,NAME,DIRISI,,,IT Services & Consulting,False,72.0,2021-11-26,2021-11-26,48.0,False,2025-11-26,0,55.39,55.39,,,,,,,,,none,M0_balanced; proxy recurrence: identifiable reappearance of a similar procurement need; not a legally verified renewal chain,1
BOAMP:21-156687,BOAMP_CURRENT,NAME:communaute cnes terres montaigu,NAME,Communauté de Cnes Terres de Montaigu,,,Digital Workplace & Collaboration,False,72.0,2021-11-28,2021-11-28,48.0,True,2025-11-28,0,55.32,55.32,,,,,,,,,none,M0_balanced; proxy recurrence: identifiable reappearance of a similar procurement need; not a legally verified renewal chain,1
BOAMP:21-156075,BOAMP_CURRENT,SIREN:224900019,SIREN_ENRICHED,Département de Maine-et-Loire,224900019,,Cybersecurity,True,35.0,2021-11-30,2021-11-30,48.0,True,2025-11-30,0,55.26,55.26,,,,,,,,,none,M0_balanced; proxy recurrence: identifiable reappearance of a similar procurement need; not a legally verified renewal chain,1
BOAMP:21-159098,BOAMP_CURRENT,NAME:communaute communes huisne sarthoise,NAME,COMMUNAUTE COMMUNES HUISNE SARTHOISE,,,Unknown,False,45.0,2021-12-02,2021-12-02,48.0,True,2025-12-02,0,55.19,55.19,,,,,,,,,none,M0_balanced; proxy recurrence: identifiable reappearance of a similar procurement need; not a legally verified renewal chain,1
BOAMP:21-160384,BOAMP_CURRENT,SIREN:546650169,SIREN_ENRICHED,Vendée Expansion,546650169,,IT Services & Consulting,False,72.0,2021-12-06,2021-12-06,48.0,True,2025-12-06,0,55.06,55.06,,,,,,,,,none,M0_balanced; proxy recurrence: identifiable reappearance of a similar procurement need; not a legally verified renewal chain,1
BOAMP:21-161507,BOAMP_CURRENT,NAME:sydela,NAME,SYDELA,,,Telecom & Networks,False,32.0,2022-01-27,2022-01-27,24.0,False,2024-01-27,0,53.35,53.35,,,,,,,,,none,M0_balanced; proxy recurrence: identifiable reappearance of a similar procurement need; not a legally verified renewal chain,1
BOAMP:21-159075,BOAMP_CURRENT,SIREN:535164412,SIREN_ENRICHED,Loire Océan Métropole Aménagement,535164412,,Unknown,False,45.0,2022-06-07,2022-06-07,24.0,False,2024-06-07,0,49.05,49.05,,,,,,,,,none,M0_balanced; proxy recurrence: identifiable reappearance of a similar procurement need; not a legally verified renewal chain,1
BOAMP:21-160020,BOAMP_CURRENT,SIREN:532458809,SIREN_ENRICHED,Ville d'Angers,532458809,,Unknown,False,,2021-12-10,2021-12-10,48.0,True,2025-12-10,0,54.93,54.93,,,,,,,,,none,M0_balanced; proxy recurrence: identifiable reappearance of a similar procurement need; not a legally verified renewal chain,1
BOAMP:21-161904,BOAMP_CURRENT,NAME:cd 44,NAME,CD 44,,,IT Maintenance & Support,False,72.0,2022-03-09,2022-03-09,12.0,False,2023-03-09,1,11.5,,11.5,BOAMP:22-90329,0.80231,1.0,0.95817,0.8666,0.47387,1.0,M0_balanced,M0_balanced; proxy recurrence: identifiable reappearance of a similar procurement need; not a legally verified renewal chain,0
BOAMP:21-167647,BOAMP_CURRENT,NAME:geves,NAME,GEVES,,,Software & Applications,False,48.0,2021-12-23,2021-12-23,36.0,False,2024-12-23,0,54.5,54.5,,,,,,,,,none,M0_balanced; proxy recurrence: identifiable reappearance of a similar procurement need; not a legally verified renewal chain,1
BOAMP:21-170353,BOAMP_CURRENT,NAME:ch mans,NAME,CH LE MANS,,,Software & Applications,False,48.0,2022-06-02,2022-06-02,12.0,False,2023-06-02,0,49.21,49.21,,,,,,,,,none,M0_balanced; proxy recurrence: identifiable reappearance of a similar procurement need; not a legally verified renewal chain,1
BOAMP:22-1668,BOAMP_CURRENT,SIREN:198513905,SIREN_ENRICHED,LYCEE POLYVALENT LEONARD DE VINCI,198513905,,Telecom & Networks,False,32.0,2022-01-05,2022-01-05,48.0,True,2026-01-05,0,54.07,54.07,,,,,,,,,none,M0_balanced; proxy recurrence: identifiable reappearance of a similar procurement need; not a legally verified renewal chain,1
BOAMP:22-2168,BOAMP_CURRENT,NAME:ville orvault,NAME,Ville d'Orvault,,,Cybersecurity,False,35.0,2022-01-06,2022-01-06,48.0,True,2026-01-06,0,54.04,54.04,,,,,,,,,none,M0_balanced; proxy recurrence: identifiable reappearance of a similar procurement need; not a legally verified renewal chain,1
BOAMP:22-7823,BOAMP_CURRENT,SIREN:381053768,SIREN_ENRICHED,La Cité des Congrès de Nantes,381053768,,Telecom & Networks,False,32.0,2022-05-03,2022-05-03,24.0,False,2024-05-03,0,50.2,50.2,,,,,,,,,none,M0_balanced; proxy recurrence: identifiable reappearance of a similar procurement need; not a legally verified renewal chain,1
BOAMP:22-11807,BOAMP_CURRENT,NAME:syndicat mixte gigalis,NAME,SYNDICAT MIXTE GIGALIS,,,Software & Applications,False,75.0,2022-01-26,2022-01-26,36.0,False,2025-01-26,0,53.38,53.38,,,,,,,,,none,M0_balanced; proxy recurrence: identifiable reappearance of a similar procurement need; not a legally verified renewal chain,1
BOAMP:22-13142,BOAMP_CURRENT,SIREN:234400034,SIREN_ENRICHED,Conseil régional des Pays de la Loire,234400034,,IT Services & Consulting,False,72.0,2022-07-11,2022-07-11,12.0,False,2023-07-11,0,47.93,47.93,,,,,,,,,none,M0_balanced; proxy recurrence: identifiable reappearance of a similar procurement need; not a legally verified renewal chain,1
BOAMP:22-15926,BOAMP_CURRENT,NAME:garnache,NAME,LA GARNACHE,,,Telecom & Networks,False,32.0,2022-01-31,2022-01-31,3.0,False,2022-04-30,0,53.22,53.22,,,,,,,,,none,M0_balanced; proxy recurrence: identifiable reappearance of a similar procurement need; not a legally verified renewal chain,1
BOAMP:22-12758,BOAMP_CURRENT,SIREN:532458809,SIREN_ENRICHED,Ville d'Angers,532458809,,Cybersecurity,False,35.0,2022-06-17,2022-06-17,12.0,False,2023-06-17,1,1.58,,1.58,BOAMP:22-72719,0.85416,1.0,0.13141,0.76503,0.0567499999999999,1.0,M0_balanced,M0_balanced; proxy recurrence: identifiable reappearance of a similar procurement need; not a legally verified renewal chain,0
BOAMP:22-15069,BOAMP_CURRENT,SIREN:244900015,SIREN_ENRICHED,Angers Loire Métropole,244900015,,Telecom & Networks,False,32.0,2022-05-13,2022-05-13,12.0,False,2023-05-13,0,49.87,49.87,,,,,,,,,none,M0_balanced; proxy recurrence: identifiable reappearance of a similar procurement need; not a legally verified renewal chain,1
BOAMP:22-19299,BOAMP_CURRENT,SIREN:214400202,SIREN_ENRICHED,Ville de Bouguenais,214400202,,Cloud & Infrastructure,False,48.0,2022-07-08,2022-07-08,24.0,False,2024-07-08,0,48.03,48.03,,,,,,,,,none,M0_balanced; proxy recurrence: identifiable reappearance of a similar procurement need; not a legally verified renewal chain,1
BOAMP:22-21573,BOAMP_CURRENT,SIREN:794304097,SIREN_ENRICHED,Nantes Métropole,794304097,,GIS & Mapping,False,72.0,2022-02-10,2022-02-10,8.0,False,2022-10-10,0,52.89,52.89,,,,,,,,,none,M0_balanced; proxy recurrence: identifiable reappearance of a similar procurement need; not a legally verified renewal chain,1
BOAMP:22-24571,BOAMP_CURRENT,SIREN:233500016,SIREN_ENRICHED,Région Bretagne,233500016,,IT Services & Consulting,False,72.0,2022-02-16,2022-02-16,24.0,False,2024-02-16,0,52.69,52.69,,,,,,,,,none,M0_balanced; proxy recurrence: identifiable reappearance of a similar procurement need; not a legally verified renewal chain,1
BOAMP:22-24441,BOAMP_CURRENT,NAME:semitan mandataire nantes metropole,NAME,SEMITAN mandataire de Nantes Métropole,,,Digital Workplace & Collaboration,False,72.0,2022-08-01,2022-08-01,33.0,False,2025-05-01,0,47.24,47.24,,,,,,,,,none,M0_balanced; proxy recurrence: identifiable reappearance of a similar procurement need; not a legally verified renewal chain,1
BOAMP:22-25102,BOAMP_CURRENT,SIREN:234400034,SIREN_ENRICHED,Conseil régional des Pays de la Loire,234400034,,Software & Applications,False,48.0,2022-07-04,2022-07-04,12.0,False,2023-07-04,0,48.16,48.16,,,,,,,,,none,M0_balanced; proxy recurrence: identifiable reappearance of a similar procurement need; not a legally verified renewal chain,1
BOAMP:22-24902,BOAMP_CURRENT,SIREN:244900015,SIREN_ENRICHED,Angers Loire Métropole,244900015,,Cloud & Infrastructure,False,48.0,2022-02-21,2022-02-21,7.0,False,2022-09-21,0,52.53,52.53,,,,,,,,,none,M0_balanced; proxy recurrence: identifiable reappearance of a similar procurement need; not a legally verified renewal chain,1
BOAMP:22-28144,BOAMP_CURRENT,SIREN:546650169,SIREN_ENRICHED,Vendée Expansion,546650169,,IT Services & Consulting,False,72.0,2022-02-23,2022-02-23,12.0,False,2023-02-23,1,7.06,,7.06,BOAMP:22-93332,0.55497,1.0,0.58859,0.73081,,1.0,M0_balanced,M0_balanced; proxy recurrence: identifiable reappearance of a similar procurement need; not a legally verified renewal chain,0
BOAMP:22-29187,BOAMP_CURRENT,NAME:gpm nantes st nazaire,NAME,GPM de Nantes - St Nazaire,,,Software & Applications,False,48.0,2022-02-25,2022-02-25,36.0,False,2025-02-25,0,52.4,52.4,,,,,,,,,none,M0_balanced; proxy recurrence: identifiable reappearance of a similar procurement need; not a legally verified renewal chain,1
BOAMP:22-28887,BOAMP_CURRENT,NAME:soc publique reg abe fontevraud,NAME,SOC PUBLIQUE REG ABE DE FONTEVRAUD,,,Telecom & Networks,False,32.0,2022-04-22,2022-04-22,4.0,False,2022-08-22,1,12.61,,12.61,BOAMP:23-31948,1.0,0.4,0.28208,0.67642,,1.0,M0_balanced,M0_balanced; proxy recurrence: identifiable reappearance of a similar procurement need; not a legally verified renewal chain,0
BOAMP:22-30678,BOAMP_CURRENT,SIREN:225300011,SIREN_ENRICHED,DEPARTEMENT DE LA MAYENNE,225300011,,Data & AI,False,72.0,2022-03-01,2022-03-01,12.0,False,2023-03-01,0,52.27,52.27,,,,,,,,,none,M0_balanced; proxy recurrence: identifiable reappearance of a similar procurement need; not a legally verified renewal chain,1
BOAMP:22-29878,BOAMP_CURRENT,SIREN:234400034,SIREN_ENRICHED,Conseil régional des Pays de la Loire,234400034,,Software & Applications,True,48.0,2022-07-11,2022-07-11,12.0,False,2023-07-11,0,47.93,47.93,,,,,,,,,none,M0_balanced; proxy recurrence: identifiable reappearance of a similar procurement need; not a legally verified renewal chain,1
BOAMP:22-32770,BOAMP_CURRENT,SIREN:234400034,SIREN_ENRICHED,Conseil régional des Pays de la Loire,234400034,,Software & Applications,False,48.0,2022-03-05,2022-03-05,12.0,False,2023-03-05,0,52.14,52.14,,,,,,,,,none,M0_balanced; proxy recurrence: identifiable reappearance of a similar procurement need; not a legally verified renewal chain,1
BOAMP:22-35887,BOAMP_CURRENT,SIREN:200067635,SIREN_ENRICHED,Clisson Sèvre et Maine Agglo,200067635,,Telecom & Networks,False,45.0,2022-06-21,2022-06-21,12.0,False,2023-06-21,0,48.59,48.59,,,,,,,,,none,M0_balanced; proxy recurrence: identifiable reappearance of a similar procurement need; not a legally verified renewal chain,1
BOAMP:22-37294,BOAMP_CURRENT,SIREN:100492784,SIREN_ENRICHED,CORLAB,100492784,,Telecom & Networks,False,32.0,2022-03-16,2022-03-16,24.0,False,2024-03-16,0,51.77,51.77,,,,,,,,,none,M0_balanced; proxy recurrence: identifiable reappearance of a similar procurement need; not a legally verified renewal chain,1
BOAMP:22-39342,BOAMP_CURRENT,SIREN:100492784,SIREN_ENRICHED,CORLAB,100492784,,IT Services & Consulting,True,72.0,2022-03-16,2022-03-16,24.0,False,2024-03-16,0,51.77,51.77,,,,,,,,,none,M0_balanced; proxy recurrence: identifiable reappearance of a similar procurement need; not a legally verified renewal chain,1
BOAMP:22-38732,BOAMP_CURRENT,NAME:crous nantes,NAME,CROUS de Nantes,,,IT Services & Consulting,False,72.0,2022-05-20,2022-05-20,12.0,False,2023-05-20,0,49.64,49.64,,,,,,,,,none,M0_balanced; proxy recurrence: identifiable reappearance of a similar procurement need; not a legally verified renewal chain,1
BOAMP:22-39639,BOAMP_CURRENT,SIREN:225300011,SIREN_ENRICHED,DEPARTEMENT DE LA MAYENNE,225300011,,Digital Workplace & Collaboration,False,72.0,2022-03-17,2022-03-17,12.0,False,2023-03-17,1,11.27,,11.27,BOAMP:22-162095,0.5181,0.4,0.93901,0.6474,0.14425,1.0,M0_balanced,M0_balanced; proxy recurrence: identifiable reappearance of a similar procurement need; not a legally verified renewal chain,0
BOAMP:22-38397,BOAMP_CURRENT,SIREN:130023435,SIREN_ENRICHED,GROUPEMENT D INTERET PUBLIC PIX,130023435,,IT Services & Consulting,True,72.0,2022-03-17,2022-03-17,12.0,False,2023-03-17,0,51.74,51.74,,,,,,,,,none,M0_balanced; proxy recurrence: identifiable reappearance of a similar procurement need; not a legally verified renewal chain,1
BOAMP:22-39212,BOAMP_CURRENT,SIREN:794304097,SIREN_ENRICHED,Nantes Métropole,794304097,,IT Services & Consulting,False,72.0,2022-03-18,2022-03-18,24.0,False,2024-03-18,0,51.71,51.71,,,,,,,,,none,M0_balanced; proxy recurrence: identifiable reappearance of a similar procurement need; not a legally verified renewal chain,1
BOAMP:22-41063,BOAMP_CURRENT,SIREN:213500515,SIREN_ENRICHED,COMMUNE DE CESSON SEVIGNE,213500515,,Unknown,False,18.0,2022-06-17,2022-06-17,12.0,False,2023-06-17,0,48.72,48.72,,,,,,,,,none,M0_balanced; proxy recurrence: identifiable reappearance of a similar procurement need; not a legally verified renewal chain,1
BOAMP:22-41300,BOAMP_CURRENT,SIREN:535104756,SIREN_ENRICHED,URSSAF des Pays de la Loire,535104756,,IT Services & Consulting,False,72.0,2022-06-06,2022-06-06,24.0,False,2024-06-06,0,49.08,49.08,,,,,,,,,none,M0_balanced; proxy recurrence: identifiable reappearance of a similar procurement need; not a legally verified renewal chain,1
BOAMP:22-51860,BOAMP_CURRENT,SIREN:228500013,SIREN_ENRICHED,Département de la Vendée,228500013,,IT Services & Consulting,False,72.0,2022-08-12,2022-08-12,12.0,False,2023-08-12,0,46.88,46.88,,,,,,,,,none,M0_balanced; proxy recurrence: identifiable reappearance of a similar procurement need; not a legally verified renewal chain,1
BOAMP:22-52158,BOAMP_CURRENT,NAME:cd 44,NAME,CD 44,,,IT Services & Consulting,False,72.0,2022-04-11,2022-04-11,19.0,False,2023-11-11,0,50.92,50.92,,,,,,,,,none,M0_balanced; proxy recurrence: identifiable reappearance of a similar procurement need; not a legally verified renewal chain,1
BOAMP:22-55032,BOAMP_CURRENT,NAME:cd 44,NAME,CD 44,,,IT Services & Consulting,False,72.0,2022-04-17,2022-04-17,12.0,False,2023-04-17,0,50.72,50.72,,,,,,,,,none,M0_balanced; proxy recurrence: identifiable reappearance of a similar procurement need; not a legally verified renewal chain,1
BOAMP:22-55482,BOAMP_CURRENT,NAME:spic arena loire trelaze,NAME,SPIC - ARENA LOIRE TRELAZE,,,Unknown,False,92.0,2022-06-02,2022-06-02,36.0,False,2025-06-02,0,49.21,49.21,,,,,,,,,none,M0_balanced; proxy recurrence: identifiable reappearance of a similar procurement need; not a legally verified renewal chain,1
BOAMP:22-55871,BOAMP_CURRENT,SIREN:200055812,SIREN_ENRICHED,Commune Bagnoles de l'Orne Normandie,200055812,,Unknown,False,45.0,2022-10-26,2022-10-26,30.0,False,2025-04-26,0,44.42,44.42,,,,,,,,,none,M0_balanced; proxy recurrence: identifiable reappearance of a similar procurement need; not a legally verified renewal chain,1
BOAMP:22-58162,BOAMP_CURRENT,SIREN:200071165,SIREN_ENRICHED,CA LES SABLES D OLONNE AGGLOMERATION,200071165,,Unknown,False,45.0,2023-01-25,2023-01-25,28.0,False,2025-05-25,0,41.43,41.43,,,,,,,,,none,M0_balanced; proxy recurrence: identifiable reappearance of a similar procurement need; not a legally verified renewal chain,1
BOAMP:22-58525,BOAMP_CURRENT,NAME:communaute communes nozay,NAME,Communauté de Communes de Nozay,,,IT Services & Consulting,False,72.0,2022-09-09,2022-09-09,18.0,False,2024-03-09,0,45.96,45.96,,,,,,,,,none,M0_balanced; proxy recurrence: identifiable reappearance of a similar procurement need; not a legally verified renewal chain,1
BOAMP:22-61807,BOAMP_CURRENT,NAME:cd 44,NAME,CD 44,,,IT Services & Consulting,False,72.0,2022-04-29,2022-04-29,12.0,False,2023-04-29,0,50.33,50.33,,,,,,,,,none,M0_balanced; proxy recurrence: identifiable reappearance of a similar procurement need; not a legally verified renewal chain,1
BOAMP:22-64560,BOAMP_CURRENT,NAME:insee,NAME,INSEE,,,Cybersecurity,False,72.0,2022-08-16,2022-08-16,12.0,False,2023-08-16,0,46.75,46.75,,,,,,,,,none,M0_balanced; proxy recurrence: identifiable reappearance of a similar procurement need; not a legally verified renewal chain,1
BOAMP:22-66076,BOAMP_CURRENT,NAME:ch mans,NAME,CH LE MANS,,,Telecom & Networks,False,32.0,2022-05-11,2022-05-11,12.0,False,2023-05-11,1,5.29,,5.29,BOAMP:22-69458,0.97928,1.0,0.44076,0.83745,0.36289,1.0,M0_balanced,M0_balanced; proxy recurrence: identifiable reappearance of a similar procurement need; not a legally verified renewal chain,0
BOAMP:22-69952,BOAMP_CURRENT,SIREN:234400034,SIREN_ENRICHED,Conseil régional des Pays de la Loire,234400034,,IT Services & Consulting,True,72.0,2022-05-16,2022-05-16,24.0,False,2024-05-16,0,49.77,49.77,,,,,,,,,none,M0_balanced; proxy recurrence: identifiable reappearance of a similar procurement need; not a legally verified renewal chain,1
BOAMP:22-69458,BOAMP_CURRENT,NAME:ch mans,NAME,CH LE MANS,,,Telecom & Networks,False,32.0,2022-10-19,2022-10-19,12.0,False,2023-10-19,0,44.65,44.65,,,,,,,,,none,M0_balanced; proxy recurrence: identifiable reappearance of a similar procurement need; not a legally verified renewal chain,1
BOAMP:22-72719,BOAMP_CURRENT,SIREN:532458809,SIREN_ENRICHED,Ville d'Angers,532458809,,Cybersecurity,False,35.0,2022-08-04,2022-08-04,12.0,False,2023-08-04,1,11.47,,11.47,BOAMP:23-47137,0.90523,0.2,0.95543,0.76728,,1.0,M0_balanced,M0_balanced; proxy recurrence: identifiable reappearance of a similar procurement need; not a legally verified renewal chain,0
BOAMP:22-73400,BOAMP_CURRENT,SIREN:200083228,SIREN_ENRICHED,Commune d'Ancenis-Saint-Géréon,200083228,,IT Services & Consulting,False,72.0,2022-05-23,2022-05-23,36.0,False,2025-05-23,0,49.54,49.54,,,,,,,,,none,M0_balanced; proxy recurrence: identifiable reappearance of a similar procurement need; not a legally verified renewal chain,1
BOAMP:22-74630,BOAMP_CURRENT,NAME:semitan,NAME,SEMITAN,,,Telecom & Networks,False,32.0,2022-05-25,2022-05-25,36.0,False,2025-05-25,0,49.47,49.47,,,,,,,,,none,M0_balanced; proxy recurrence: identifiable reappearance of a similar procurement need; not a legally verified renewal chain,1
BOAMP:22-73696,BOAMP_CURRENT,SIREN:217500016,SIREN_ENRICHED,Ville du Mans,217500016,,Telecom & Networks,False,18.0,2022-08-16,2022-08-16,12.0,False,2023-08-16,0,46.75,46.75,,,,,,,,,none,M0_balanced; proxy recurrence: identifiable reappearance of a similar procurement need; not a legally verified renewal chain,1
BOAMP:22-74356,BOAMP_CURRENT,NAME:semitan,NAME,SEMITAN,,,IT Services & Consulting,False,72.0,2022-10-05,2022-10-05,36.0,False,2025-10-05,0,45.11,45.11,,,,,,,,,none,M0_balanced; proxy recurrence: identifiable reappearance of a similar procurement need; not a legally verified renewal chain,1
BOAMP:22-78731,BOAMP_CURRENT,SIREN:214400558,SIREN_ENRICHED,Mairie de La Baule-Escoublac,214400558,,Unknown,False,18.0,2022-10-25,2022-10-25,12.0,False,2023-10-25,0,44.45,44.45,,,,,,,,,none,M0_balanced; proxy recurrence: identifiable reappearance of a similar procurement need; not a legally verified renewal chain,1
BOAMP:22-82985,BOAMP_CURRENT,SIREN:840423198,SIREN_ENRICHED,ANGERS LOIRE ECO,840423198,,Digital Workplace & Collaboration,False,72.0,2022-06-14,2022-06-14,36.0,False,2025-06-14,0,48.82,48.82,,,,,,,,,none,M0_balanced; proxy recurrence: identifiable reappearance of a similar procurement need; not a legally verified renewal chain,1
BOAMP:22-83444,BOAMP_CURRENT,SIREN:381053768,SIREN_ENRICHED,La Cité des Congrès de Nantes,381053768,,Software & Applications,False,48.0,2022-10-21,2022-10-21,24.0,False,2024-10-21,0,44.58,44.58,,,,,,,,,none,M0_balanced; proxy recurrence: identifiable reappearance of a similar procurement need; not a legally verified renewal chain,1
BOAMP:22-87982,BOAMP_CURRENT,SIREN:264400136,SIREN_ENRICHED,CHU de Nantes,264400136,,IT Services & Consulting,False,72.0,2022-06-23,2022-06-23,12.0,False,2023-06-23,0,48.52,48.52,,,,,,,,,none,M0_balanced; proxy recurrence: identifiable reappearance of a similar procurement need; not a legally verified renewal chain,1
BOAMP:22-90330,BOAMP_CURRENT,SIREN:860800077,SIREN_ENRICHED,Loire Atlantique développement,860800077,,IT Maintenance & Support,False,72.0,2022-09-20,2022-09-20,12.0,False,2023-09-20,0,45.6,45.6,,,,,,,,,none,M0_balanced; proxy recurrence: identifiable reappearance of a similar procurement need; not a legally verified renewal chain,1
BOAMP:22-90329,BOAMP_CURRENT,NAME:cd 44,NAME,CD 44,,,IT Maintenance & Support,False,72.0,2023-02-22,2023-02-22,12.0,False,2024-02-22,0,40.51,40.51,,,,,,,,,none,M0_balanced; proxy recurrence: identifiable reappearance of a similar procurement need; not a legally verified renewal chain,1
BOAMP:22-92345,BOAMP_CURRENT,NAME:gpm nantes st nazaire,NAME,GPM de Nantes - St Nazaire,,,Software & Applications,False,48.0,2022-09-22,2022-09-22,36.0,False,2025-09-22,0,45.53,45.53,,,,,,,,,none,M0_balanced; proxy recurrence: identifiable reappearance of a similar procurement need; not a legally verified renewal chain,1
BOAMP:22-92599,BOAMP_CURRENT,SIREN:214400475,SIREN_ENRICHED,Mairie de Coueron,214400475,,Unknown,False,31.0,2022-07-03,2022-07-03,36.0,False,2025-07-03,0,48.19,48.19,,,,,,,,,none,M0_balanced; proxy recurrence: identifiable reappearance of a similar procurement need; not a legally verified renewal chain,1
BOAMP:22-93332,BOAMP_CURRENT,SIREN:546650169,SIREN_ENRICHED,Vendée Expansion,546650169,,IT Services & Consulting,False,72.0,2022-09-26,2022-09-26,12.0,False,2023-09-26,0,45.4,45.4,,,,,,,,,none,M0_balanced; proxy recurrence: identifiable reappearance of a similar procurement need; not a legally verified renewal chain,1
BOAMP:22-94809,BOAMP_CURRENT,NAME:com agglo reg nazairienne estuaire,NAME,COM D AGGLO REG NAZAIRIENNE ESTUAIRE,,,Software & Applications,False,48.0,2022-12-06,2022-12-06,6.0,False,2023-06-06,0,43.07,43.07,,,,,,,,,none,M0_balanced; proxy recurrence: identifiable reappearance of a similar procurement need; not a legally verified renewal chain,1
BOAMP:22-95663,BOAMP_CURRENT,NAME:cd 44,NAME,CD 44,,,Cybersecurity,False,35.0,2022-07-09,2022-07-09,24.0,False,2024-07-09,0,48.0,48.0,,,,,,,,,none,M0_balanced; proxy recurrence: identifiable reappearance of a similar procurement need; not a legally verified renewal chain,1
BOAMP:22-95015,BOAMP_CURRENT,SIREN:234400034,SIREN_ENRICHED,Conseil régional des Pays de la Loire,234400034,,Telecom & Networks,False,32.0,2022-07-09,2022-07-09,12.0,False,2023-07-09,0,48.0,48.0,,,,,,,,,none,M0_balanced; proxy recurrence: identifiable reappearance of a similar procurement need; not a legally verified renewal chain,1
BOAMP:22-95969,BOAMP_CURRENT,SIREN:194909701,SIREN_ENRICHED,Université d'Angers,194909701,,Telecom & Networks,False,32.0,2023-02-28,2023-02-28,6.0,False,2023-08-28,0,40.31,40.31,,,,,,,,,none,M0_balanced; proxy recurrence: identifiable reappearance of a similar procurement need; not a legally verified renewal chain,1
BOAMP:22-98192,BOAMP_CURRENT,SIREN:228500013,SIREN_ENRICHED,Département de la Vendée,228500013,,IT Services & Consulting,False,72.0,2022-07-12,2022-07-12,24.0,False,2024-07-12,0,47.9,47.9,,,,,,,,,none,M0_balanced; proxy recurrence: identifiable reappearance of a similar procurement need; not a legally verified renewal chain,1
BOAMP:22-99915,BOAMP_CURRENT,NAME:ctre hosp universitaire angers,NAME,CTRE HOSP UNIVERSITAIRE ANGERS,,,Cloud & Infrastructure,False,45.0,2023-01-01,2023-01-01,12.0,False,2024-01-01,0,42.21,42.21,,,,,,,,,none,M0_balanced; proxy recurrence: identifiable reappearance of a similar procurement need; not a legally verified renewal chain,1
BOAMP:22-101575,BOAMP_CURRENT,SIREN:184503019,SIREN_ENRICHED,Agence de l'eau Loire-Bretagne,184503019,,Data & AI,False,72.0,2022-07-20,2022-07-20,18.0,False,2024-01-20,0,47.63,47.63,,,,,,,,,none,M0_balanced; proxy recurrence: identifiable reappearance of a similar procurement need; not a legally verified renewal chain,1
BOAMP:22-102191,BOAMP_CURRENT,NAME:rectorat division scus,NAME,Rectorat Division Scus,,,Telecom & Networks,False,32.0,2022-07-24,2022-07-24,1.0,False,2022-08-24,0,47.5,47.5,,,,,,,,,none,M0_balanced; proxy recurrence: identifiable reappearance of a similar procurement need; not a legally verified renewal chain,1
BOAMP:22-102718,BOAMP_CURRENT,SIREN:200078079,SIREN_ENRICHED,Commune de VALLONS-DE-L'ERDRE,200078079,,IT Services & Consulting,False,72.0,2022-11-28,2022-11-28,12.0,False,2023-11-28,0,43.33,43.33,,,,,,,,,none,M0_balanced; proxy recurrence: identifiable reappearance of a similar procurement need; not a legally verified renewal chain,1
BOAMP:22-105832,BOAMP_CURRENT,SIREN:228500013,SIREN_ENRICHED,Département de la Vendée,228500013,,Digital Workplace & Collaboration,False,72.0,2022-07-28,2022-07-28,36.0,False,2025-07-28,0,47.37,47.37,,,,,,,,,none,M0_balanced; proxy recurrence: identifiable reappearance of a similar procurement need; not a legally verified renewal chain,1
BOAMP:22-104764,BOAMP_CURRENT,NAME:semitan,NAME,SEMITAN,,,Digital Workplace & Collaboration,False,72.0,2022-12-05,2022-12-05,24.0,False,2024-12-05,0,43.1,43.1,,,,,,,,,none,M0_balanced; proxy recurrence: identifiable reappearance of a similar procurement need; not a legally verified renewal chain,1
BOAMP:22-105384,BOAMP_CURRENT,SIREN:247200132,SIREN_ENRICHED,Le Mans Métropole - Communauté Urbaine,247200132,,Unknown,False,39.0,2023-02-03,2023-02-03,20.0,False,2024-10-03,0,41.13,41.13,,,,,,,,,none,M0_balanced; proxy recurrence: identifiable reappearance of a similar procurement need; not a legally verified renewal chain,1
BOAMP:22-112462,BOAMP_CURRENT,NAME:semitan,NAME,SEMITAN,,,IT Services & Consulting,False,72.0,2022-08-17,2022-08-17,3.0,False,2022-11-17,0,46.71,46.71,,,,,,,,,none,M0_balanced; proxy recurrence: identifiable reappearance of a similar procurement need; not a legally verified renewal chain,1
BOAMP:22-113812,BOAMP_CURRENT,NAME:semitan mandataire nantes metropole,NAME,SEMITAN mandataire de Nantes Métropole,,,IT Services & Consulting,False,72.0,2023-02-15,2023-02-15,24.0,False,2025-02-15,0,40.74,40.74,,,,,,,,,none,M0_balanced; proxy recurrence: identifiable reappearance of a similar procurement need; not a legally verified renewal chain,1
BOAMP:22-115191,BOAMP_CURRENT,SIREN:381053768,SIREN_ENRICHED,La Cité des Congrès de Nantes,381053768,,Telecom & Networks,False,32.0,2023-01-10,2023-01-10,24.0,False,2025-01-10,0,41.92,41.92,,,,,,,,,none,M0_balanced; proxy recurrence: identifiable reappearance of a similar procurement need; not a legally verified renewal chain,1
BOAMP:22-118541,BOAMP_CURRENT,NAME:dgac dsna,NAME,DGAC DSNA,,,IT Services & Consulting,False,72.0,2022-09-02,2022-09-02,12.0,False,2023-09-02,0,46.19,46.19,,,,,,,,,none,M0_balanced; proxy recurrence: identifiable reappearance of a similar procurement need; not a legally verified renewal chain,1
BOAMP:22-120001,BOAMP_CURRENT,NAME:conseil departemental loire atlanti,NAME,CONSEIL DEPARTEMENTAL DE LOIRE-ATLANTI,,,Telecom & Networks,False,32.0,2022-09-06,2022-09-06,36.0,False,2025-09-06,0,46.06,46.06,,,,,,,,,none,M0_balanced; proxy recurrence: identifiable reappearance of a similar procurement need; not a legally verified renewal chain,1
BOAMP:22-121360,BOAMP_CURRENT,SIREN:225300011,SIREN_ENRICHED,DEPARTEMENT DE LA MAYENNE,225300011,,IT Services & Consulting,False,72.0,2022-09-09,2022-09-09,24.0,False,2024-09-09,0,45.96,45.96,,,,,,,,,none,M0_balanced; proxy recurrence: identifiable reappearance of a similar procurement need; not a legally verified renewal chain,1
BOAMP:22-120791,BOAMP_CURRENT,SIREN:244900015,SIREN_ENRICHED,Angers Loire Métropole,244900015,,Telecom & Networks,False,32.0,2023-01-30,2023-01-30,12.0,False,2024-01-30,0,41.26,41.26,,,,,,,,,none,M0_balanced; proxy recurrence: identifiable reappearance of a similar procurement need; not a legally verified renewal chain,1
BOAMP:22-123056,BOAMP_CURRENT,NAME:conseil departemental loire atlanti,NAME,CONSEIL DEPARTEMENTAL DE LOIRE-ATLANTI,,,IT Services & Consulting,False,72.0,2023-02-09,2023-02-09,12.0,False,2024-02-09,0,40.93,40.93,,,,,,,,,none,M0_balanced; proxy recurrence: identifiable reappearance of a similar procurement need; not a legally verified renewal chain,1
BOAMP:22-124106,BOAMP_CURRENT,SIREN:194909701,SIREN_ENRICHED,Université d'Angers,194909701,,Telecom & Networks,False,32.0,2022-09-17,2022-09-17,36.0,False,2025-09-17,0,45.7,45.7,,,,,,,,,none,M0_balanced; proxy recurrence: identifiable reappearance of a similar procurement need; not a legally verified renewal chain,1
BOAMP:22-126881,BOAMP_CURRENT,NAME:conseil departemental loire atlanti,NAME,CONSEIL DEPARTEMENTAL DE LOIRE-ATLANTI,,,Telecom & Networks,False,32.0,2022-09-21,2022-09-21,12.0,False,2023-09-21,0,45.57,45.57,,,,,,,,,none,M0_balanced; proxy recurrence: identifiable reappearance of a similar procurement need; not a legally verified renewal chain,1
BOAMP:22-127675,BOAMP_CURRENT,SIREN:234400034,SIREN_ENRICHED,Conseil régional des Pays de la Loire,234400034,,Telecom & Networks,False,32.0,2023-01-05,2023-01-05,24.0,False,2025-01-05,0,42.08,42.08,,,,,,,,,none,M0_balanced; proxy recurrence: identifiable reappearance of a similar procurement need; not a legally verified renewal chain,1
BOAMP:22-128177,BOAMP_CURRENT,SIREN:451518641,SIREN_ENRICHED,VENDEE,451518641,,IT Services & Consulting,False,72.0,2022-12-13,2022-12-13,12.0,False,2023-12-13,0,42.84,42.84,,,,,,,,,none,M0_balanced; proxy recurrence: identifiable reappearance of a similar procurement need; not a legally verified renewal chain,1
BOAMP:22-130653,BOAMP_CURRENT,SIREN:264901893,SIREN_ENRICHED,CENTRE COMMUNAL D ACTION SOCIALE,264901893,,Software & Applications,False,48.0,2022-09-29,2022-09-29,24.0,False,2024-09-29,0,45.3,45.3,,,,,,,,,none,M0_balanced; proxy recurrence: identifiable reappearance of a similar procurement need; not a legally verified renewal chain,1
BOAMP:22-134715,BOAMP_CURRENT,NAME:conseil departemental loire atlanti,NAME,CONSEIL DEPARTEMENTAL DE LOIRE-ATLANTI,,,Software & Applications,False,48.0,2022-10-07,2022-10-07,12.0,False,2023-10-07,0,45.04,45.04,,,,,,,,,none,M0_balanced; proxy recurrence: identifiable reappearance of a similar procurement need; not a legally verified renewal chain,1
BOAMP:22-133794,BOAMP_CURRENT,SIREN:794304097,SIREN_ENRICHED,Nantes Métropole,794304097,,IT Services & Consulting,False,72.0,2022-10-08,2022-10-08,36.0,False,2025-10-08,0,45.01,45.01,,,,,,,,,none,M0_balanced; proxy recurrence: identifiable reappearance of a similar procurement need; not a legally verified renewal chain,1
BOAMP:22-141252,BOAMP_CURRENT,SIREN:180043010,SIREN_ENRICHED,Réseau Canopé,180043010,,Digital Workplace & Collaboration,False,72.0,2022-10-20,2022-10-20,12.0,False,2023-10-20,0,44.61,44.61,,,,,,,,,none,M0_balanced; proxy recurrence: identifiable reappearance of a similar procurement need; not a legally verified renewal chain,1
BOAMP:22-140992,BOAMP_CURRENT,SIREN:214401432,SIREN_ENRICHED,COMMUNE DE REZE,214401432,,IT Services & Consulting,False,72.0,2022-10-20,2022-10-20,36.0,False,2025-10-20,0,44.61,44.61,,,,,,,,,none,M0_balanced; proxy recurrence: identifiable reappearance of a similar procurement need; not a legally verified renewal chain,1
BOAMP:22-141594,BOAMP_CURRENT,SIREN:244900015,SIREN_ENRICHED,Angers Loire Métropole,244900015,,IT Services & Consulting,False,72.0,2022-10-21,2022-10-21,12.0,False,2023-10-21,0,44.58,44.58,,,,,,,,,none,M0_balanced; proxy recurrence: identifiable reappearance of a similar procurement need; not a legally verified renewal chain,1
BOAMP:22-142509,BOAMP_CURRENT,SIREN:794304097,SIREN_ENRICHED,Nantes Métropole,794304097,,Software & Applications,True,48.0,2022-10-24,2022-10-24,36.0,False,2025-10-24,0,44.48,44.48,,,,,,,,,none,M0_balanced; proxy recurrence: identifiable reappearance of a similar procurement need; not a legally verified renewal chain,1
BOAMP:22-144511,BOAMP_CURRENT,NAME:ubs,NAME,UBS,,,Unknown,False,38.0,2022-10-28,2022-10-28,6.0,False,2023-04-28,1,3.02,,3.02,BOAMP:23-12742,0.93687,0.0,0.75186,0.65186,0.25558,1.0,M0_balanced,M0_balanced; proxy recurrence: identifiable reappearance of a similar procurement need; not a legally verified renewal chain,0
BOAMP:22-148365,BOAMP_CURRENT,NAME:ch mans,NAME,CH LE MANS,,,Unknown,False,50.0,2023-06-02,2023-06-02,12.0,False,2024-06-02,0,37.22,37.22,,,,,,,,,none,M0_balanced; proxy recurrence: identifiable reappearance of a similar procurement need; not a legally verified renewal chain,1
BOAMP:22-150567,BOAMP_CURRENT,NAME:geves,NAME,GEVES,,,Cybersecurity,False,35.0,2023-07-11,2023-07-11,12.0,False,2024-07-11,0,35.94,35.94,,,,,,,,,none,M0_balanced; proxy recurrence: identifiable reappearance of a similar procurement need; not a legally verified renewal chain,1
BOAMP:22-153148,BOAMP_CURRENT,SIREN:234400034,SIREN_ENRICHED,Conseil régional des Pays de la Loire,234400034,,IT Services & Consulting,False,72.0,2022-11-19,2022-11-19,5.0,False,2023-04-19,0,43.63,43.63,,,,,,,,,none,M0_balanced; proxy recurrence: identifiable reappearance of a similar procurement need; not a legally verified renewal chain,1
BOAMP:22-159813,BOAMP_CURRENT,SIREN:391722881,SIREN_ENRICHED,GIE SESAM Vitale,391722881,,IT Services & Consulting,False,72.0,2022-12-04,2022-12-04,24.0,False,2024-12-04,1,12.48,,12.48,BOAMP:23-115723,0.80454,1.0,0.0403,0.72597,,1.0,M0_balanced,M0_balanced; proxy recurrence: identifiable reappearance of a similar procurement need; not a legally verified renewal chain,0
BOAMP:22-162609,BOAMP_CURRENT,SIREN:244900015,SIREN_ENRICHED,Angers Loire Métropole,244900015,,Software & Applications,False,48.0,2022-12-09,2022-12-09,12.0,False,2023-12-09,0,42.97,42.97,,,,,,,,,none,M0_balanced; proxy recurrence: identifiable reappearance of a similar procurement need; not a legally verified renewal chain,1
BOAMP:22-162095,BOAMP_CURRENT,SIREN:225300011,SIREN_ENRICHED,DEPARTEMENT DE LA MAYENNE,225300011,,IT Services & Consulting,False,72.0,2023-02-23,2023-02-23,12.0,False,2024-02-23,0,40.47,40.47,,,,,,,,,none,M0_balanced; proxy recurrence: identifiable reappearance of a similar procurement need; not a legally verified renewal chain,1
BOAMP:22-165707,BOAMP_CURRENT,NAME:ch mans,NAME,CH LE MANS,,,Cybersecurity,False,72.0,2022-12-15,2022-12-15,12.0,False,2023-12-15,0,42.77,42.77,,,,,,,,,none,M0_balanced; proxy recurrence: identifiable reappearance of a similar procurement need; not a legally verified renewal chain,1
BOAMP:22-166698,BOAMP_CURRENT,SIREN:228500013,SIREN_ENRICHED,Département de la Vendée,228500013,,IT Services & Consulting,False,72.0,2023-04-28,2023-04-28,24.0,False,2025-04-28,0,38.37,38.37,,,,,,,,,none,M0_balanced; proxy recurrence: identifiable reappearance of a similar procurement need; not a legally verified renewal chain,1
BOAMP:22-166133,BOAMP_CURRENT,NAME:gie epl vendee,NAME,GIE des EPL de Vendée,,,Software & Applications,True,48.0,2022-12-18,2022-12-18,12.0,False,2023-12-18,0,42.67,42.67,,,,,,,,,none,M0_balanced; proxy recurrence: identifiable reappearance of a similar procurement need; not a legally verified renewal chain,1
BOAMP:22-166149,BOAMP_CURRENT,NAME:gie epl vendee,NAME,GIE des EPL de Vendée,,,Software & Applications,False,48.0,2023-02-20,2023-02-20,2.0,False,2023-04-20,0,40.57,40.57,,,,,,,,,none,M0_balanced; proxy recurrence: identifiable reappearance of a similar procurement need; not a legally verified renewal chain,1
BOAMP:22-169110,BOAMP_CURRENT,NAME:shema,NAME,SHEMA,,,Data & AI,True,45.0,2023-03-20,2023-03-20,16.0,False,2024-07-20,0,39.65,39.65,,,,,,,,,none,M0_balanced; proxy recurrence: identifiable reappearance of a similar procurement need; not a legally verified renewal chain,1
BOAMP:23-2072,BOAMP_CURRENT,SIREN:214400202,SIREN_ENRICHED,Ville de Bouguenais,214400202,,Digital Workplace & Collaboration,False,72.0,2023-04-19,2023-04-19,12.0,False,2024-04-19,0,38.67,38.67,,,,,,,,,none,M0_balanced; proxy recurrence: identifiable reappearance of a similar procurement need; not a legally verified renewal chain,1
BOAMP:23-12742,BOAMP_CURRENT,NAME:ubs,NAME,UBS,,,Unknown,False,43.0,2023-01-28,2023-01-28,4.0,False,2023-05-28,0,41.33,41.33,,,,,,,,,none,M0_balanced; proxy recurrence: identifiable reappearance of a similar procurement need; not a legally verified renewal chain,1
BOAMP:23-12419,BOAMP_CURRENT,SIREN:234400034,SIREN_ENRICHED,Conseil régional des Pays de la Loire,234400034,,Digital Workplace & Collaboration,False,72.0,2023-05-31,2023-05-31,12.0,False,2024-05-31,0,37.29,37.29,,,,,,,,,none,M0_balanced; proxy recurrence: identifiable reappearance of a similar procurement need; not a legally verified renewal chain,1
BOAMP:23-16483,BOAMP_CURRENT,SIREN:798203576,SIREN_ENRICHED,SPL EAU DU BASSIN RENNAIS,798203576,,IT Services & Consulting,False,72.0,2023-02-03,2023-02-03,30.0,False,2025-08-03,0,41.13,41.13,,,,,,,,,none,M0_balanced; proxy recurrence: identifiable reappearance of a similar procurement need; not a legally verified renewal chain,1
BOAMP:23-20260,BOAMP_CURRENT,SIREN:234400034,SIREN_ENRICHED,Conseil régional des Pays de la Loire,234400034,,IT Services & Consulting,True,72.0,2023-02-12,2023-02-12,12.0,False,2024-02-12,0,40.83,40.83,,,,,,,,,none,M0_balanced; proxy recurrence: identifiable reappearance of a similar procurement need; not a legally verified renewal chain,1
BOAMP:23-20884,BOAMP_CURRENT,NAME:cnieg,NAME,CNIEG,,,IT Services & Consulting,False,72.0,2023-10-06,2023-10-06,24.0,False,2025-10-06,0,33.08,33.08,,,,,,,,,none,M0_balanced; proxy recurrence: identifiable reappearance of a similar procurement need; not a legally verified renewal chain,1
BOAMP:23-22379,BOAMP_CURRENT,NAME:ctre hosp universitaire angers,NAME,CTRE HOSP UNIVERSITAIRE ANGERS,,,Telecom & Networks,False,32.0,2023-04-21,2023-04-21,12.0,False,2024-04-21,0,38.6,38.6,,,,,,,,,none,M0_balanced; proxy recurrence: identifiable reappearance of a similar procurement need; not a legally verified renewal chain,1
BOAMP:23-24020,BOAMP_CURRENT,SIREN:214900995,SIREN_ENRICHED,Ville de Cholet,214900995,,Cybersecurity,False,35.0,2023-05-11,2023-05-11,12.0,False,2024-05-11,0,37.94,37.94,,,,,,,,,none,M0_balanced; proxy recurrence: identifiable reappearance of a similar procurement need; not a legally verified renewal chain,1
BOAMP:23-30054,BOAMP_CURRENT,SIREN:224900019,SIREN_ENRICHED,Département de Maine-et-Loire,224900019,,Cybersecurity,True,35.0,2023-03-07,2023-03-07,3.0,False,2023-06-07,0,40.08,40.08,,,,,,,,,none,M0_balanced; proxy recurrence: identifiable reappearance of a similar procurement need; not a legally verified renewal chain,1
BOAMP:23-32316,BOAMP_CURRENT,NAME:communaute agglomeration niortais,NAME,Communauté d'agglomération du Niortais,,,Telecom & Networks,True,32.0,2023-03-09,2023-03-09,24.0,False,2025-03-09,0,40.01,40.01,,,,,,,,,none,M0_balanced; proxy recurrence: identifiable reappearance of a similar procurement need; not a legally verified renewal chain,1
BOAMP:23-31948,BOAMP_CURRENT,NAME:soc publique reg abe fontevraud,NAME,SOC PUBLIQUE REG ABE DE FONTEVRAUD,,,Telecom & Networks,False,32.0,2023-05-11,2023-05-11,4.0,False,2023-09-11,0,37.94,37.94,,,,,,,,,none,M0_balanced; proxy recurrence: identifiable reappearance of a similar procurement need; not a legally verified renewal chain,1
BOAMP:23-38767,BOAMP_CURRENT,SIREN:391722881,SIREN_ENRICHED,GIE SESAM Vitale,391722881,,IT Services & Consulting,False,72.0,2023-03-24,2023-03-24,24.0,False,2025-03-24,0,39.52,39.52,,,,,,,,,none,M0_balanced; proxy recurrence: identifiable reappearance of a similar procurement need; not a legally verified renewal chain,1
BOAMP:23-41648,BOAMP_CURRENT,SIREN:228500013,SIREN_ENRICHED,Département de la Vendée,228500013,,IT Services & Consulting,False,72.0,2023-03-28,2023-03-28,24.0,False,2025-03-28,0,39.39,39.39,,,,,,,,,none,M0_balanced; proxy recurrence: identifiable reappearance of a similar procurement need; not a legally verified renewal chain,1
BOAMP:23-41937,BOAMP_CURRENT,SIREN:451518641,SIREN_ENRICHED,VENDEE,451518641,,IT Services & Consulting,True,72.0,2023-06-27,2023-06-27,12.0,False,2024-06-27,0,36.4,36.4,,,,,,,,,none,M0_balanced; proxy recurrence: identifiable reappearance of a similar procurement need; not a legally verified renewal chain,1
BOAMP:23-42778,BOAMP_CURRENT,SIREN:264400136,SIREN_ENRICHED,CHU de Nantes,264400136,,Digital Workplace & Collaboration,False,72.0,2023-04-01,2023-04-01,12.0,False,2024-04-01,0,39.26,39.26,,,,,,,,,none,M0_balanced; proxy recurrence: identifiable reappearance of a similar procurement need; not a legally verified renewal chain,1
BOAMP:23-43763,BOAMP_CURRENT,NAME:cnieg,NAME,CNIEG,,,IT Services & Consulting,False,72.0,2023-06-29,2023-06-29,24.0,False,2025-06-29,0,36.33,36.33,,,,,,,,,none,M0_balanced; proxy recurrence: identifiable reappearance of a similar procurement need; not a legally verified renewal chain,1
BOAMP:23-43939,BOAMP_CURRENT,SIREN:244900015,SIREN_ENRICHED,Angers Loire Métropole,244900015,,IT Services & Consulting,False,72.0,2023-11-20,2023-11-20,24.0,False,2025-11-20,0,31.6,31.6,,,,,,,,,none,M0_balanced; proxy recurrence: identifiable reappearance of a similar procurement need; not a legally verified renewal chain,1
BOAMP:23-43054,BOAMP_CURRENT,SIREN:224900019,SIREN_ENRICHED,Département de Maine-et-Loire,224900019,,IT Services & Consulting,False,72.0,2023-06-02,2023-06-02,24.0,False,2025-06-02,0,37.22,37.22,,,,,,,,,none,M0_balanced; proxy recurrence: identifiable reappearance of a similar procurement need; not a legally verified renewal chain,1
BOAMP:23-47137,BOAMP_CURRENT,SIREN:532458809,SIREN_ENRICHED,Ville d'Angers,532458809,,Cybersecurity,False,35.0,2023-07-19,2023-07-19,12.0,False,2024-07-19,0,35.68,35.68,,,,,,,,,none,M0_balanced; proxy recurrence: identifiable reappearance of a similar procurement need; not a legally verified renewal chain,1
BOAMP:23-48831,BOAMP_CURRENT,SIREN:214401093,SIREN_ENRICHED,COMMUNE DE NANTES,214401093,,Telecom & Networks,False,32.0,2023-04-12,2023-04-12,6.0,False,2023-10-12,0,38.9,38.9,,,,,,,,,none,M0_balanced; proxy recurrence: identifiable reappearance of a similar procurement need; not a legally verified renewal chain,1
BOAMP:23-49047,BOAMP_CURRENT,SIREN:200054336,SIREN_ENRICHED,COMMUNE DE MAUGES SUR LOIRE,200054336,,Telecom & Networks,False,32.0,2023-04-14,2023-04-14,16.0,False,2024-08-14,0,38.83,38.83,,,,,,,,,none,M0_balanced; proxy recurrence: identifiable reappearance of a similar procurement need; not a legally verified renewal chain,1
BOAMP:23-51088,BOAMP_CURRENT,NAME:conseil departemental loire atlanti,NAME,CONSEIL DEPARTEMENTAL DE LOIRE-ATLANTI,,,Cybersecurity,False,35.0,2023-10-20,2023-10-20,24.0,False,2025-10-20,0,32.62,32.62,,,,,,,,,none,M0_balanced; proxy recurrence: identifiable reappearance of a similar procurement need; not a legally verified renewal chain,1
BOAMP:23-52464,BOAMP_CURRENT,NAME:ctre hosp universitaire angers,NAME,CTRE HOSP UNIVERSITAIRE ANGERS,,,Data & AI,False,50.0,2023-08-04,2023-08-04,24.0,False,2025-08-04,0,35.15,35.15,,,,,,,,,none,M0_balanced; proxy recurrence: identifiable reappearance of a similar procurement need; not a legally verified renewal chain,1
BOAMP:23-53540,BOAMP_CURRENT,SIREN:218502888,SIREN_ENRICHED,Ville de Talmont - Saint Hilaire,218502888,,IT Hardware & Equipment,False,30.0,2023-04-21,2023-04-21,12.0,False,2024-04-21,0,38.6,38.6,,,,,,,,,none,M0_balanced; proxy recurrence: identifiable reappearance of a similar procurement need; not a legally verified renewal chain,1
BOAMP:23-56091,BOAMP_CURRENT,NAME:ubs,NAME,UBS,,,Telecom & Networks,False,32.0,2023-04-26,2023-04-26,4.0,False,2023-08-26,0,38.44,38.44,,,,,,,,,none,M0_balanced; proxy recurrence: identifiable reappearance of a similar procurement need; not a legally verified renewal chain,1
BOAMP:23-61473,BOAMP_CURRENT,SIREN:110006012,SIREN_ENRICHED,Ministère des Affaires étrangères,110006012,,IT Services & Consulting,False,72.0,2023-10-31,2023-10-31,24.0,False,2025-10-31,0,32.26,32.26,,,,,,,,,none,M0_balanced; proxy recurrence: identifiable reappearance of a similar procurement need; not a legally verified renewal chain,1
BOAMP:23-61217,BOAMP_CURRENT,NAME:ctre hosp universitaire angers,NAME,CTRE HOSP UNIVERSITAIRE ANGERS,,,IT Services & Consulting,False,72.0,2023-05-06,2023-05-06,24.0,False,2025-05-06,0,38.11,38.11,,,,,,,,,none,M0_balanced; proxy recurrence: identifiable reappearance of a similar procurement need; not a legally verified renewal chain,1
BOAMP:23-61350,BOAMP_CURRENT,SIREN:834692402,SIREN_ENRICHED,CENOVIA CITES,834692402,,Unknown,False,45.0,2023-12-19,2023-12-19,13.0,False,2025-01-19,0,30.65,30.65,,,,,,,,,none,M0_balanced; proxy recurrence: identifiable reappearance of a similar procurement need; not a legally verified renewal chain,1
BOAMP:23-68037,BOAMP_CURRENT,NAME:cap atlantique,NAME,Cap Atlantique,,,IT Hardware & Equipment,False,30.0,2023-07-21,2023-07-21,12.0,False,2024-07-21,0,35.61,35.61,,,,,,,,,none,M0_balanced; proxy recurrence: identifiable reappearance of a similar procurement need; not a legally verified renewal chain,1
BOAMP:23-73693,BOAMP_CURRENT,SIREN:234400034,SIREN_ENRICHED,Conseil régional des Pays de la Loire,234400034,,IT Services & Consulting,False,72.0,2023-10-03,2023-10-03,24.0,False,2025-10-03,0,33.18,33.18,,,,,,,,,none,M0_balanced; proxy recurrence: identifiable reappearance of a similar procurement need; not a legally verified renewal chain,1
BOAMP:23-86585,BOAMP_CURRENT,SIREN:200071900,SIREN_ENRICHED,Vendée Grand Littoral,200071900,,Telecom & Networks,True,32.0,2023-06-22,2023-06-22,12.0,False,2024-06-22,0,36.56,36.56,,,,,,,,,none,M0_balanced; proxy recurrence: identifiable reappearance of a similar procurement need; not a legally verified renewal chain,1
BOAMP:23-85344,BOAMP_CURRENT,SIREN:130026123,SIREN_ENRICHED,UNIVERSITE GUSTAVE EIFFEL,130026123,,Telecom & Networks,False,32.0,2023-06-23,2023-06-23,12.0,False,2024-06-23,0,36.53,36.53,,,,,,,,,none,M0_balanced; proxy recurrence: identifiable reappearance of a similar procurement need; not a legally verified renewal chain,1
BOAMP:23-85790,BOAMP_CURRENT,SIREN:130026123,SIREN_ENRICHED,UNIVERSITE GUSTAVE EIFFEL,130026123,,Telecom & Networks,False,32.0,2023-06-23,2023-06-23,12.0,False,2024-06-23,0,36.53,36.53,,,,,,,,,none,M0_balanced; proxy recurrence: identifiable reappearance of a similar procurement need; not a legally verified renewal chain,1
BOAMP:23-86121,BOAMP_CURRENT,SIREN:228500013,SIREN_ENRICHED,Département de la Vendée,228500013,,Cybersecurity,False,39.0,2023-11-28,2023-11-28,12.0,False,2024-11-28,1,1.87,,1.87,BOAMP:24-7288,0.9084,1.0,0.15604,0.79274,0.27613,1.0,M0_balanced,M0_balanced; proxy recurrence: identifiable reappearance of a similar procurement need; not a legally verified renewal chain,0
BOAMP:23-87983,BOAMP_CURRENT,NAME:conseil general vendee,NAME,Conseil général de la Vendée,,,IT Hardware & Equipment,False,32.0,2023-06-25,2023-06-25,24.0,False,2025-06-25,0,36.47,36.47,,,,,,,,,none,M0_balanced; proxy recurrence: identifiable reappearance of a similar procurement need; not a legally verified renewal chain,1
BOAMP:23-89292,BOAMP_CURRENT,SIREN:180043010,SIREN_ENRICHED,Réseau Canopé,180043010,,Digital Workplace & Collaboration,False,72.0,2023-06-29,2023-06-29,24.0,False,2025-06-29,0,36.33,36.33,,,,,,,,,none,M0_balanced; proxy recurrence: identifiable reappearance of a similar procurement need; not a legally verified renewal chain,1
BOAMP:23-89659,BOAMP_CURRENT,SIREN:130026123,SIREN_ENRICHED,UNIVERSITE GUSTAVE EIFFEL,130026123,,Software & Applications,False,48.0,2023-06-30,2023-06-30,24.0,False,2025-06-30,0,36.3,36.3,,,,,,,,,none,M0_balanced; proxy recurrence: identifiable reappearance of a similar procurement need; not a legally verified renewal chain,1
BOAMP:23-92003,BOAMP_CURRENT,SIREN:830955068,SIREN_ENRICHED,ANGERS LOIRE TOURISME EXPO CONGRES,830955068,,IT Services & Consulting,False,72.0,2023-10-05,2023-10-05,12.0,False,2024-10-05,0,33.11,33.11,,,,,,,,,none,M0_balanced; proxy recurrence: identifiable reappearance of a similar procurement need; not a legally verified renewal chain,1
BOAMP:23-93496,BOAMP_CURRENT,SIREN:247200132,SIREN_ENRICHED,Le Mans Métropole - Communauté Urbaine,247200132,,IT Services & Consulting,False,72.0,2023-12-26,2023-12-26,24.0,False,2025-12-26,0,30.42,30.42,,,,,,,,,none,M0_balanced; proxy recurrence: identifiable reappearance of a similar procurement need; not a legally verified renewal chain,1
BOAMP:23-94478,BOAMP_CURRENT,SIREN:234400034,SIREN_ENRICHED,Conseil régional des Pays de la Loire,234400034,,Cybersecurity,False,35.0,2023-12-21,2023-12-21,12.0,False,2024-12-21,0,30.58,30.58,,,,,,,,,none,M0_balanced; proxy recurrence: identifiable reappearance of a similar procurement need; not a legally verified renewal chain,1
BOAMP:23-96123,BOAMP_CURRENT,NAME:ctre hosp universitaire angers,NAME,CTRE HOSP UNIVERSITAIRE ANGERS,,,Cybersecurity,False,35.0,2023-07-09,2023-07-09,24.0,False,2025-07-09,0,36.01,36.01,,,,,,,,,none,M0_balanced; proxy recurrence: identifiable reappearance of a similar procurement need; not a legally verified renewal chain,1
BOAMP:23-98097,BOAMP_CURRENT,SIREN:200071900,SIREN_ENRICHED,Vendée Grand Littoral,200071900,,Software & Applications,False,48.0,2023-07-11,2023-07-11,3.0,False,2023-10-11,0,35.94,35.94,,,,,,,,,none,M0_balanced; proxy recurrence: identifiable reappearance of a similar procurement need; not a legally verified renewal chain,1
BOAMP:23-97071,BOAMP_CURRENT,SIREN:200052702,SIREN_ENRICHED,MAIRIE DE BAUGE EN ANJOU,200052702,,Unknown,False,45.0,2023-07-12,2023-07-12,16.0,False,2024-11-12,0,35.91,35.91,,,,,,,,,none,M0_balanced; proxy recurrence: identifiable reappearance of a similar procurement need; not a legally verified renewal chain,1
BOAMP:23-95188,BOAMP_CURRENT,NAME:cte cnes portes briardes,NAME,Cté Cnes LES PORTES BRIARDES,,,Unknown,False,45.0,2023-07-14,2023-07-14,20.0,False,2025-03-14,0,35.84,35.84,,,,,,,,,none,M0_balanced; proxy recurrence: identifiable reappearance of a similar procurement need; not a legally verified renewal chain,1
BOAMP:23-101593,BOAMP_CURRENT,NAME:semitan,NAME,SEMITAN,,,Software & Applications,True,48.0,2023-07-20,2023-07-20,25.0,False,2025-08-20,0,35.64,35.64,,,,,,,,,none,M0_balanced; proxy recurrence: identifiable reappearance of a similar procurement need; not a legally verified renewal chain,1
BOAMP:23-107376,BOAMP_CURRENT,SIREN:214401903,SIREN_ENRICHED,Ville de Saint Sébastien sur Loire,214401903,,Cybersecurity,False,35.0,2023-07-27,2023-07-27,12.0,False,2024-07-27,0,35.41,35.41,,,,,,,,,none,M0_balanced; proxy recurrence: identifiable reappearance of a similar procurement need; not a legally verified renewal chain,1
BOAMP:23-106736,BOAMP_CURRENT,SIREN:538208455,SIREN_ENRICHED,Gcs E-Sante Pays de la Loire,538208455,,Digital Workplace & Collaboration,False,72.0,2023-07-28,2023-07-28,24.0,False,2025-07-28,0,35.38,35.38,,,,,,,,,none,M0_balanced; proxy recurrence: identifiable reappearance of a similar procurement need; not a legally verified renewal chain,1
BOAMP:23-109005,BOAMP_CURRENT,SIREN:555650308,SIREN_ENRICHED,SPL Laval Mayenne Aménagements,555650308,,Software & Applications,True,48.0,2023-08-01,2023-08-01,15.0,False,2024-11-01,0,35.25,35.25,,,,,,,,,none,M0_balanced; proxy recurrence: identifiable reappearance of a similar procurement need; not a legally verified renewal chain,1
BOAMP:23-109930,BOAMP_CURRENT,SIREN:555650308,SIREN_ENRICHED,SPL Laval Mayenne Aménagements,555650308,,Telecom & Networks,False,32.0,2023-08-01,2023-08-01,15.0,False,2024-11-01,1,3.88,,3.88,BOAMP:23-108932,1.0,0.2,0.07304,0.63061,,1.0,M0_balanced,M0_balanced; proxy recurrence: identifiable reappearance of a similar procurement need; not a legally verified renewal chain,0
BOAMP:23-115723,BOAMP_CURRENT,SIREN:391722881,SIREN_ENRICHED,GIE SESAM Vitale,391722881,,IT Services & Consulting,False,72.0,2023-12-19,2023-12-19,24.0,False,2025-12-19,0,30.65,30.65,,,,,,,,,none,M0_balanced; proxy recurrence: identifiable reappearance of a similar procurement need; not a legally verified renewal chain,1
BOAMP:23-117688,BOAMP_CURRENT,SIREN:284400017,SIREN_ENRICHED,SDIS 44,284400017,,Cybersecurity,False,35.0,2023-12-12,2023-12-12,12.0,False,2024-12-12,0,30.88,30.88,,,,,,,,,none,M0_balanced; proxy recurrence: identifiable reappearance of a similar procurement need; not a legally verified renewal chain,1
BOAMP:23-122162,BOAMP_CURRENT,NAME:plongeoir cite cirque,NAME,LE PLONGEOIR - CITE DU CIRQUE,,,Telecom & Networks,False,32.0,2023-09-03,2023-09-03,18.0,False,2025-03-03,0,34.17,34.17,,,,,,,,,none,M0_balanced; proxy recurrence: identifiable reappearance of a similar procurement need; not a legally verified renewal chain,1
BOAMP:23-127328,BOAMP_CURRENT,SIREN:200014926,SIREN_ENRICHED,TERRITOIRE ENERGIE LOIRE ATLANTIQUE,200014926,,IT Services & Consulting,False,72.0,2023-12-06,2023-12-06,24.0,False,2025-12-06,0,31.08,31.08,,,,,,,,,none,M0_balanced; proxy recurrence: identifiable reappearance of a similar procurement need; not a legally verified renewal chain,1
BOAMP:23-131022,BOAMP_CURRENT,SIREN:174404301,SIREN_ENRICHED,Rectorat de l'Académie de Nantes,174404301,,Software & Applications,False,48.0,2023-09-20,2023-09-20,7.0,False,2024-04-20,0,33.61,33.61,,,,,,,,,none,M0_balanced; proxy recurrence: identifiable reappearance of a similar procurement need; not a legally verified renewal chain,1
BOAMP:23-130718,BOAMP_CURRENT,SIREN:214401846,SIREN_ENRICHED,COMMUNE DE SAINT NAZAIRE,214401846,,Software & Applications,False,48.0,2023-09-22,2023-09-22,12.0,False,2024-09-22,0,33.54,33.54,,,,,,,,,none,M0_balanced; proxy recurrence: identifiable reappearance of a similar procurement need; not a legally verified renewal chain,1
BOAMP:23-134735,BOAMP_CURRENT,SIREN:234400034,SIREN_ENRICHED,Conseil régional des Pays de la Loire,234400034,,IT Services & Consulting,True,72.0,2023-09-29,2023-09-29,12.0,False,2024-09-29,0,33.31,33.31,,,,,,,,,none,M0_balanced; proxy recurrence: identifiable reappearance of a similar procurement need; not a legally verified renewal chain,1
BOAMP:23-135048,BOAMP_CURRENT,SIREN:200081115,SIREN_ENRICHED,Ville de Montaigu-Vendée,200081115,,Unknown,False,45.0,2023-09-30,2023-09-30,18.0,False,2025-03-30,0,33.28,33.28,,,,,,,,,none,M0_balanced; proxy recurrence: identifiable reappearance of a similar procurement need; not a legally verified renewal chain,1
BOAMP:23-108932,BOAMP_CURRENT,SIREN:555650308,SIREN_ENRICHED,SPL Laval Mayenne Aménagements,555650308,,Telecom & Networks,False,32.0,2023-11-27,2023-11-27,4.0,False,2024-03-27,0,31.37,31.37,,,,,,,,,none,M0_balanced; proxy recurrence: identifiable reappearance of a similar procurement need; not a legally verified renewal chain,1
BOAMP:23-137061,BOAMP_CURRENT,SIREN:214400434,SIREN_ENRICHED,Mairie de Clisson,214400434,,Telecom & Networks,False,32.0,2023-10-03,2023-10-03,2.0,False,2023-12-03,0,33.18,33.18,,,,,,,,,none,M0_balanced; proxy recurrence: identifiable reappearance of a similar procurement need; not a legally verified renewal chain,1
BOAMP:23-139799,BOAMP_CURRENT,NAME:syndicat mixte gigalis,NAME,SYNDICAT MIXTE GIGALIS,,,Telecom & Networks,False,32.0,2023-10-06,2023-10-06,12.0,False,2024-10-06,0,33.08,33.08,,,,,,,,,none,M0_balanced; proxy recurrence: identifiable reappearance of a similar procurement need; not a legally verified renewal chain,1
BOAMP:23-138104,BOAMP_CURRENT,NAME:communaute agglomeration niortais,NAME,Communauté d'agglomération du Niortais,,,Software & Applications,False,48.0,2023-12-20,2023-12-20,24.0,False,2025-12-20,0,30.62,30.62,,,,,,,,,none,M0_balanced; proxy recurrence: identifiable reappearance of a similar procurement need; not a legally verified renewal chain,1
BOAMP:23-145035,BOAMP_CURRENT,NAME:ville alencon,NAME,Ville d'Alençon,,,Software & Applications,False,71.0,2023-10-19,2023-10-19,24.0,False,2025-10-19,0,32.65,32.65,,,,,,,,,none,M0_balanced; proxy recurrence: identifiable reappearance of a similar procurement need; not a legally verified renewal chain,1
BOAMP:23-148858,BOAMP_CURRENT,SIREN:538208455,SIREN_ENRICHED,Gcs E-Sante Pays de la Loire,538208455,,Digital Workplace & Collaboration,False,72.0,2023-10-25,2023-10-25,24.0,False,2025-10-25,0,32.46,32.46,,,,,,,,,none,M0_balanced; proxy recurrence: identifiable reappearance of a similar procurement need; not a legally verified renewal chain,1
BOAMP:23-152074,BOAMP_CURRENT,NAME:garnache,NAME,LA GARNACHE,,,Unknown,False,45.0,2023-10-29,2023-10-29,16.0,False,2025-02-28,0,32.33,32.33,,,,,,,,,none,M0_balanced; proxy recurrence: identifiable reappearance of a similar procurement need; not a legally verified renewal chain,1
BOAMP:23-160919,BOAMP_CURRENT,NAME:ch mans,NAME,CH LE MANS,,,IT Services & Consulting,True,72.0,2023-11-16,2023-11-16,12.0,False,2024-11-16,0,31.73,31.73,,,,,,,,,none,M0_balanced; proxy recurrence: identifiable reappearance of a similar procurement need; not a legally verified renewal chain,1
BOAMP:23-161829,BOAMP_CURRENT,NAME:e collectivites vendee,NAME,e-Collectivités Vendée,,,IT Services & Consulting,False,72.0,2023-11-19,2023-11-19,24.0,False,2025-11-19,0,31.64,31.64,,,,,,,,,none,M0_balanced; proxy recurrence: identifiable reappearance of a similar procurement need; not a legally verified renewal chain,1
BOAMP:23-165206,BOAMP_CURRENT,SIREN:214400558,SIREN_ENRICHED,Mairie de La Baule-Escoublac,214400558,,Cloud & Infrastructure,False,90.0,2023-11-26,2023-11-26,12.0,False,2024-11-26,0,31.41,31.41,,,,,,,,,none,M0_balanced; proxy recurrence: identifiable reappearance of a similar procurement need; not a legally verified renewal chain,1
BOAMP:23-165727,BOAMP_CURRENT,SIREN:194909701,SIREN_ENRICHED,Université d'Angers,194909701,,Data & AI,False,38.0,2023-11-29,2023-11-29,24.0,False,2025-11-29,0,31.31,31.31,,,,,,,,,none,M0_balanced; proxy recurrence: identifiable reappearance of a similar procurement need; not a legally verified renewal chain,1
BOAMP:23-166646,BOAMP_CURRENT,NAME:conseil departemental loire atlanti,NAME,CONSEIL DEPARTEMENTAL DE LOIRE-ATLANTI,,,IT Services & Consulting,False,72.0,2023-11-29,2023-11-29,12.0,False,2024-11-29,0,31.31,31.31,,,,,,,,,none,M0_balanced; proxy recurrence: identifiable reappearance of a similar procurement need; not a legally verified renewal chain,1
BOAMP:23-159290,BOAMP_CURRENT,SIREN:244900015,SIREN_ENRICHED,Angers Loire Métropole,244900015,,Cybersecurity,False,35.0,2023-12-02,2023-12-02,12.0,False,2024-12-02,0,31.21,31.21,,,,,,,,,none,M0_balanced; proxy recurrence: identifiable reappearance of a similar procurement need; not a legally verified renewal chain,1
BOAMP:23-168941,BOAMP_CURRENT,NAME:ch mans,NAME,CH LE MANS,,,IT Services & Consulting,True,72.0,2023-12-06,2023-12-06,12.0,False,2024-12-06,0,31.08,31.08,,,,,,,,,none,M0_balanced; proxy recurrence: identifiable reappearance of a similar procurement need; not a legally verified renewal chain,1
BOAMP:23-169318,BOAMP_CURRENT,NAME:conseil departemental loire atlanti,NAME,CONSEIL DEPARTEMENTAL DE LOIRE-ATLANTI,,,Unknown,False,18.0,2023-12-07,2023-12-07,12.0,False,2024-12-07,0,31.04,31.04,,,,,,,,,none,M0_balanced; proxy recurrence: identifiable reappearance of a similar procurement need; not a legally verified renewal chain,1
BOAMP:23-174764,BOAMP_CURRENT,NAME:conseil departemental loire atlanti,NAME,CONSEIL DEPARTEMENTAL DE LOIRE-ATLANTI,,,IT Services & Consulting,False,72.0,2023-12-15,2023-12-15,12.0,False,2024-12-15,0,30.78,30.78,,,,,,,,,none,M0_balanced; proxy recurrence: identifiable reappearance of a similar procurement need; not a legally verified renewal chain,1
BOAMP:23-180715,BOAMP_CURRENT,SIREN:245300355,SIREN_ENRICHED,COMMUNAUTE DE COMMUNES DE L ERNEE,245300355,,Cloud & Infrastructure,False,48.0,2023-12-30,2023-12-30,4.0,False,2024-04-30,0,30.29,30.29,,,,,,,,,none,M0_balanced; proxy recurrence: identifiable reappearance of a similar procurement need; not a legally verified renewal chain,1
BOAMP:24-1266,BOAMP_CURRENT,SIREN:200083228,SIREN_ENRICHED,Commune d'Ancenis-Saint-Géréon,200083228,,IT Services & Consulting,False,72.0,2024-01-04,2024-01-04,12.0,False,2025-01-04,0,30.12,30.12,,,,,,,,,none,M0_balanced; proxy recurrence: identifiable reappearance of a similar procurement need; not a legally verified renewal chain,1
BOAMP:24-5880,BOAMP_CURRENT,SIREN:834692402,SIREN_ENRICHED,CENOVIA CITES,834692402,,Unknown,False,34.0,2024-01-19,2024-01-19,6.0,False,2024-07-19,0,29.63,29.63,,,,,,,,,none,M0_balanced; proxy recurrence: identifiable reappearance of a similar procurement need; not a legally verified renewal chain,1
BOAMP:24-7288,BOAMP_CURRENT,SIREN:228500013,SIREN_ENRICHED,Département de la Vendée,228500013,,Cybersecurity,False,39.0,2024-01-24,2024-01-24,4.0,False,2024-05-24,0,29.47,29.47,,,,,,,,,none,M0_balanced; proxy recurrence: identifiable reappearance of a similar procurement need; not a legally verified renewal chain,1
BOAMP:24-10272,BOAMP_CURRENT,SIRET:83095506800044,SIRET,Destination Angers,,83095506800044,Unknown,False,71.0,2024-01-31,2024-01-31,3.942181340341656,False,2024-05-31,0,29.24,29.24,,,,,,,,,none,M0_balanced; proxy recurrence: identifiable reappearance of a similar procurement need; not a legally verified renewal chain,1
BOAMP:24-11668,BOAMP_CURRENT,SIRET:21850047800209,SIRET,Commune de Challans,218500478,21850047800209,Telecom & Networks,False,32.0,2024-02-01,2024-02-01,3.942181340341656,False,2024-06-01,0,29.2,29.2,,,,,,,,,none,M0_balanced; proxy recurrence: identifiable reappearance of a similar procurement need; not a legally verified renewal chain,1
BOAMP:24-12133,BOAMP_CURRENT,SIRET:17440005100010,SIRET,Tribunal administratif de Nantes,174400051,17440005100010,IT Services & Consulting,False,72.0,2024-02-02,2024-02-02,2.9566360052562417,False,2024-05-02,0,29.17,29.17,,,,,,,,,none,M0_balanced; proxy recurrence: identifiable reappearance of a similar procurement need; not a legally verified renewal chain,1
BOAMP:24-11800,BOAMP_CURRENT,SIREN:217500016,SIREN_ENRICHED,Ville du Mans,217500016,,GIS & Mapping,False,75.0,2024-02-02,2024-02-02,4.0,False,2024-06-02,0,29.17,29.17,,,,,,,,,none,M0_balanced; proxy recurrence: identifiable reappearance of a similar procurement need; not a legally verified renewal chain,1
BOAMP:24-13163,BOAMP_CURRENT,SIREN:935367433,SIREN_ENRICHED,Conseil départemental Loire Atlantique,935367433,,IT Maintenance & Support,False,72.0,2024-02-04,2024-02-04,6.0,False,2024-08-04,0,29.11,29.11,,,,,,,,,none,M0_balanced; proxy recurrence: identifiable reappearance of a similar procurement need; not a legally verified renewal chain,1
BOAMP:24-14769,BOAMP_CURRENT,SIREN:935367433,SIREN_ENRICHED,Conseil départemental Loire Atlantique,935367433,,IT Maintenance & Support,False,72.0,2024-02-07,2024-02-07,6.0,False,2024-08-07,0,29.01,29.01,,,,,,,,,none,M0_balanced; proxy recurrence: identifiable reappearance of a similar procurement need; not a legally verified renewal chain,1
BOAMP:24-15971,BOAMP_CURRENT,SIREN:214401846,SIREN_ENRICHED,VILLE DE SAINT NAZAIRE,214401846,,Telecom & Networks,False,32.0,2024-02-09,2024-02-09,4.0,False,2024-06-09,0,28.94,28.94,,,,,,,,,none,M0_balanced; proxy recurrence: identifiable reappearance of a similar procurement need; not a legally verified renewal chain,1
BOAMP:24-16750,BOAMP_CURRENT,SIRET:28850001000013,SIRET,SDIS 85,288500010,28850001000013,Software & Applications,True,48.0,2024-02-11,2024-02-11,5.913272010512483,False,2024-08-11,0,28.88,28.88,,,,,,,,,none,M0_balanced; proxy recurrence: identifiable reappearance of a similar procurement need; not a legally verified renewal chain,1
BOAMP:24-16801,BOAMP_CURRENT,SIRET:17350111500013,SIRET,Société d'aménagement de la Métropole Ouest Atlantique,,17350111500013,Telecom & Networks,True,32.0,2024-02-11,2024-02-11,5.913272010512483,False,2024-08-11,0,28.88,28.88,,,,,,,,,none,M0_balanced; proxy recurrence: identifiable reappearance of a similar procurement need; not a legally verified renewal chain,1
BOAMP:24-18790,BOAMP_CURRENT,SIREN:227200029,SIREN_ENRICHED,Département de la Sarthe,227200029,,Unknown,False,50.0,2024-02-16,2024-02-16,4.0,False,2024-06-16,0,28.71,28.71,,,,,,,,,none,M0_balanced; proxy recurrence: identifiable reappearance of a similar procurement need; not a legally verified renewal chain,1
BOAMP:24-19872,BOAMP_CURRENT,SIRET:17440005100010,SIRET,Tribunal Administratif de Nantes,174400051,17440005100010,Telecom & Networks,False,32.0,2024-02-18,2024-02-18,6.0,False,2024-08-18,0,28.65,28.65,,,,,,,,,none,M0_balanced; proxy recurrence: identifiable reappearance of a similar procurement need; not a legally verified renewal chain,1
BOAMP:24-20340,BOAMP_CURRENT,SIREN:214401846,SIREN_ENRICHED,VILLE DE SAINT NAZAIRE,214401846,,Unknown,False,44.0,2024-02-20,2024-02-20,5.0,False,2024-07-20,0,28.58,28.58,,,,,,,,,none,M0_balanced; proxy recurrence: identifiable reappearance of a similar procurement need; not a legally verified renewal chain,1
BOAMP:24-20387,BOAMP_CURRENT,SIREN:935367433,SIREN_ENRICHED,Conseil départemental Loire Atlantique,935367433,,Software & Applications,False,71.0,2024-02-20,2024-02-20,4.0,False,2024-06-20,1,1.05,,1.05,BOAMP:24-34134,1.0,1.0,0.75427,0.95085,0.24619,1.0,M0_balanced,M0_balanced; proxy recurrence: identifiable reappearance of a similar procurement need; not a legally verified renewal chain,0
BOAMP:24-21999,BOAMP_CURRENT,SIRET:20004248900019,SIRET,Syndicat Départemental d'Energie et d'Equipement de la Vendée (85),,20004248900019,IT Services & Consulting,True,72.0,2024-02-23,2024-02-23,3.942181340341656,False,2024-06-23,0,28.48,28.48,,,,,,,,,none,M0_balanced; proxy recurrence: identifiable reappearance of a similar procurement need; not a legally verified renewal chain,1
BOAMP:24-22970,BOAMP_CURRENT,SIREN:217500016,SIREN_ENRICHED,Ville du Mans,217500016,,GIS & Mapping,False,75.0,2024-02-25,2024-02-25,4.0,False,2024-06-25,0,28.42,28.42,,,,,,,,,none,M0_balanced; proxy recurrence: identifiable reappearance of a similar procurement need; not a legally verified renewal chain,1
BOAMP:24-24049,BOAMP_CURRENT,SIRET:17440005100010,SIRET,CHU NANTES,264400136,17440005100010,Telecom & Networks,False,32.0,2024-02-28,2024-02-28,6.0,False,2024-08-28,0,28.32,28.32,,,,,,,,,none,M0_balanced; proxy recurrence: identifiable reappearance of a similar procurement need; not a legally verified renewal chain,1
BOAMP:24-24883,BOAMP_CURRENT,NAME:lpo touchard washington,NAME,LPO Touchard Washington,,,Unknown,False,50.0,2024-03-01,2024-03-01,4.0,False,2024-07-01,0,28.25,28.25,,,,,,,,,none,M0_balanced; proxy recurrence: identifiable reappearance of a similar procurement need; not a legally verified renewal chain,1
BOAMP:24-25465,BOAMP_CURRENT,SIRET:17440005100010,SIRET,CA SAUMUR VAL DE LOIRE,200071876,17440005100010,IT Hardware & Equipment,False,30.0,2024-03-01,2024-03-01,3.942181340341656,False,2024-07-01,0,28.25,28.25,,,,,,,,,none,M0_balanced; proxy recurrence: identifiable reappearance of a similar procurement need; not a legally verified renewal chain,1
BOAMP:24-26079,BOAMP_CURRENT,SIREN:247200090,SIREN_ENRICHED,Communauté de communes du Pays Sabolien,247200090,,Cybersecurity,False,35.0,2024-03-03,2024-03-03,4.0,False,2024-07-03,0,28.19,28.19,,,,,,,,,none,M0_balanced; proxy recurrence: identifiable reappearance of a similar procurement need; not a legally verified renewal chain,1
BOAMP:24-27405,BOAMP_CURRENT,SIREN:214401846,SIREN_ENRICHED,VILLE DE SAINT NAZAIRE,214401846,,Telecom & Networks,False,32.0,2024-03-07,2024-03-07,4.0,False,2024-07-07,0,28.06,28.06,,,,,,,,,none,M0_balanced; proxy recurrence: identifiable reappearance of a similar procurement need; not a legally verified renewal chain,1
BOAMP:24-27619,BOAMP_CURRENT,SIRET:17440005100010,SIRET,GIE SESAM VITALE,391722881,17440005100010,IT Hardware & Equipment,False,30.0,2024-03-07,2024-03-07,6.0,False,2024-09-07,0,28.06,28.06,,,,,,,,,none,M0_balanced; proxy recurrence: identifiable reappearance of a similar procurement need; not a legally verified renewal chain,1
BOAMP:24-27595,BOAMP_CURRENT,SIRET:17440005100010,SIRET,GIE SESAM-Vitale,391722881,17440005100010,IT Maintenance & Support,False,72.0,2024-03-07,2024-03-07,6.0,False,2024-09-07,0,28.06,28.06,,,,,,,,,none,M0_balanced; proxy recurrence: identifiable reappearance of a similar procurement need; not a legally verified renewal chain,1
BOAMP:24-27614,BOAMP_CURRENT,SIRET:17440005100010,SIRET,GIE SESAM VITALE,391722881,17440005100010,IT Services & Consulting,False,72.0,2024-03-07,2024-03-07,6.0,False,2024-09-07,0,28.06,28.06,,,,,,,,,none,M0_balanced; proxy recurrence: identifiable reappearance of a similar procurement need; not a legally verified renewal chain,1
BOAMP:24-29281,BOAMP_CURRENT,SIRET:17350111500864,SIRET,SDIS44,,17350111500864,Software & Applications,False,48.0,2024-03-12,2024-03-12,3.942181340341656,False,2024-07-12,0,27.89,27.89,,,,,,,,,none,M0_balanced; proxy recurrence: identifiable reappearance of a similar procurement need; not a legally verified renewal chain,1
BOAMP:24-29089,BOAMP_CURRENT,SIRET:17440005100010,SIRET,Nantes Université,130029747,17440005100010,Software & Applications,True,48.0,2024-03-12,2024-03-12,4.0,False,2024-07-12,0,27.89,27.89,,,,,,,,,none,M0_balanced; proxy recurrence: identifiable reappearance of a similar procurement need; not a legally verified renewal chain,1
BOAMP:24-30905,BOAMP_CURRENT,SIREN:227200029,SIREN_ENRICHED,Département de la Sarthe,227200029,,Unknown,False,50.0,2024-03-15,2024-03-15,4.0,False,2024-07-15,0,27.79,27.79,,,,,,,,,none,M0_balanced; proxy recurrence: identifiable reappearance of a similar procurement need; not a legally verified renewal chain,1
BOAMP:24-34106,BOAMP_CURRENT,SIRET:47865038500014,SIRET,CNIEG,,47865038500014,IT Services & Consulting,False,72.0,2024-03-22,2024-03-22,3.0,False,2024-06-22,0,27.56,27.56,,,,,,,,,none,M0_balanced; proxy recurrence: identifiable reappearance of a similar procurement need; not a legally verified renewal chain,1
BOAMP:24-34134,BOAMP_CURRENT,SIREN:935367433,SIREN_ENRICHED,Conseil départemental Loire Atlantique,935367433,,Software & Applications,False,71.0,2024-03-23,2024-03-23,4.0,False,2024-07-23,1,10.84,,10.84,BOAMP:25-18162,0.61,1.0,0.42992,0.72218,0.27948,1.0,M0_balanced,M0_balanced; proxy recurrence: identifiable reappearance of a similar procurement need; not a legally verified renewal chain,0
BOAMP:24-35922,BOAMP_CURRENT,SIRET:17440005100010,SIRET,CA SAUMUR VAL DE LOIRE,200071876,17440005100010,IT Hardware & Equipment,False,30.0,2024-03-27,2024-03-27,3.942181340341656,False,2024-07-27,0,27.4,27.4,,,,,,,,,none,M0_balanced; proxy recurrence: identifiable reappearance of a similar procurement need; not a legally verified renewal chain,1
BOAMP:24-38022,BOAMP_CURRENT,NAME:semitan,NAME,SEMITAN,,,Unknown,False,50.0,2024-03-31,2024-03-31,4.0,False,2024-07-31,0,27.27,27.27,,,,,,,,,none,M0_balanced; proxy recurrence: identifiable reappearance of a similar procurement need; not a legally verified renewal chain,1
BOAMP:24-39278,BOAMP_CURRENT,SIRET:20002377800018,SIRET,Pays de Saint Gilles Croix de Vie Agglomération (85),,20002377800018,Telecom & Networks,False,32.0,2024-04-05,2024-04-05,12.0,False,2025-04-05,0,27.1,27.1,,,,,,,,,none,M0_balanced; proxy recurrence: identifiable reappearance of a similar procurement need; not a legally verified renewal chain,1
BOAMP:24-40517,BOAMP_CURRENT,SIREN:214401432,SIREN_ENRICHED,MAIRIE DE REZE,214401432,,Cybersecurity,False,35.0,2024-04-07,2024-04-07,4.0,False,2024-08-07,0,27.04,27.04,,,,,,,,,none,M0_balanced; proxy recurrence: identifiable reappearance of a similar procurement need; not a legally verified renewal chain,1
BOAMP:24-41674,BOAMP_CURRENT,SIRET:77811608700157,SIRET,BATIMENT CFA NORMANDIE,778116087,77811608700157,Unknown,False,18.0,2024-04-10,2024-04-10,3.0,False,2024-07-10,0,26.94,26.94,,,,,,,,,none,M0_balanced; proxy recurrence: identifiable reappearance of a similar procurement need; not a legally verified renewal chain,1
BOAMP:24-41081,BOAMP_CURRENT,SIRET:20007023300016,SIRET,"Terres de Montaigu, Communauté d'Agglomération (85)",,20007023300016,IT Hardware & Equipment,False,30.0,2024-04-10,2024-04-10,4.92772667542707,False,2024-09-10,0,26.94,26.94,,,,,,,,,none,M0_balanced; proxy recurrence: identifiable reappearance of a similar procurement need; not a legally verified renewal chain,1
BOAMP:24-42752,BOAMP_CURRENT,SIRET:13003051300019,SIRET,Université de Rennes,,13003051300019,Software & Applications,False,48.0,2024-04-12,2024-04-12,4.0,False,2024-08-12,0,26.87,26.87,,,,,,,,,none,M0_balanced; proxy recurrence: identifiable reappearance of a similar procurement need; not a legally verified renewal chain,1
BOAMP:24-44676,BOAMP_CURRENT,SIRET:83095506800044,SIRET,Destination Angers,,83095506800044,Telecom & Networks,False,32.0,2024-04-17,2024-04-17,3.942181340341656,False,2024-08-17,0,26.71,26.71,,,,,,,,,none,M0_balanced; proxy recurrence: identifiable reappearance of a similar procurement need; not a legally verified renewal chain,1
BOAMP:24-45124,BOAMP_CURRENT,SIRET:13000686900015,SIRET,ACOSS,,13000686900015,Software & Applications,True,48.0,2024-04-18,2024-04-18,6.0,False,2024-10-18,0,26.68,26.68,,,,,,,,,none,M0_balanced; proxy recurrence: identifiable reappearance of a similar procurement need; not a legally verified renewal chain,1
BOAMP:24-46266,BOAMP_CURRENT,SIRET:26720016000013,SIRET,CH DU MANS,,26720016000013,IT Services & Consulting,False,72.0,2024-04-19,2024-04-19,6.0,False,2024-10-19,0,26.64,26.64,,,,,,,,,none,M0_balanced; proxy recurrence: identifiable reappearance of a similar procurement need; not a legally verified renewal chain,1
BOAMP:24-47720,BOAMP_CURRENT,SIREN:488538877,SIREN_ENRICHED,Le Mans Métropole,488538877,,Cybersecurity,False,35.0,2024-04-24,2024-04-24,4.0,False,2024-08-24,0,26.48,26.48,,,,,,,,,none,M0_balanced; proxy recurrence: identifiable reappearance of a similar procurement need; not a legally verified renewal chain,1
BOAMP:24-50048,BOAMP_CURRENT,SIRET:20008213900011,SIRET,Ville des Sables d’Olonne,,20008213900011,Cybersecurity,False,22.0,2024-04-28,2024-04-28,3.0,False,2024-07-28,0,26.35,26.35,,,,,,,,,none,M0_balanced; proxy recurrence: identifiable reappearance of a similar procurement need; not a legally verified renewal chain,1
BOAMP:24-50203,BOAMP_CURRENT,SIREN:228500013,SIREN_ENRICHED,Département de la Vendée,228500013,,Digital Workplace & Collaboration,False,72.0,2024-04-28,2024-04-28,4.0,False,2024-08-28,0,26.35,26.35,,,,,,,,,none,M0_balanced; proxy recurrence: identifiable reappearance of a similar procurement need; not a legally verified renewal chain,1
BOAMP:24-50959,BOAMP_CURRENT,SIRET:38105376800028,SIRET,La Cité des Congrès de Nantes,381053768,38105376800028,Telecom & Networks,False,32.0,2024-05-01,2024-05-01,4.92772667542707,False,2024-10-01,1,1.02,,1.02,BOAMP:24-62964,1.0,1.0,0.67422,0.93484,,1.0,M0_balanced,M0_balanced; proxy recurrence: identifiable reappearance of a similar procurement need; not a legally verified renewal chain,0
BOAMP:24-51401,BOAMP_CURRENT,SIRET:77811608700157,SIRET,BATIMENT CFA NORMANDIE,778116087,77811608700157,Unknown,False,18.0,2024-05-02,2024-05-02,3.0,False,2024-08-02,0,26.22,26.22,,,,,,,,,none,M0_balanced; proxy recurrence: identifiable reappearance of a similar procurement need; not a legally verified renewal chain,1
BOAMP:24-52925,BOAMP_CURRENT,NAME:semitan,NAME,SEMITAN,,,Unknown,False,71.0,2024-05-05,2024-05-05,4.0,False,2024-09-05,1,1.05,,1.05,BOAMP:24-65120,1.0,1.0,0.75427,0.90885,0.3432700000000001,1.0,M0_balanced,M0_balanced; proxy recurrence: identifiable reappearance of a similar procurement need; not a legally verified renewal chain,0
BOAMP:24-53601,BOAMP_CURRENT,SIREN:488538877,SIREN_ENRICHED,Le Mans Métropole,488538877,,Unknown,False,45.0,2024-05-07,2024-05-07,4.0,False,2024-09-07,0,26.05,26.05,,,,,,,,,none,M0_balanced; proxy recurrence: identifiable reappearance of a similar procurement need; not a legally verified renewal chain,1
BOAMP:24-54167,BOAMP_CURRENT,SIRET:26720016000013,SIRET,CH DU MANS,,26720016000013,IT Services & Consulting,False,72.0,2024-05-08,2024-05-08,6.0,False,2024-11-08,0,26.02,26.02,,,,,,,,,none,M0_balanced; proxy recurrence: identifiable reappearance of a similar procurement need; not a legally verified renewal chain,1
BOAMP:24-55863,BOAMP_CURRENT,SIREN:488538877,SIREN_ENRICHED,Le Mans Métropole,488538877,,Cybersecurity,False,35.0,2024-05-15,2024-05-15,4.0,False,2024-09-15,0,25.79,25.79,,,,,,,,,none,M0_balanced; proxy recurrence: identifiable reappearance of a similar procurement need; not a legally verified renewal chain,1
BOAMP:24-55356,BOAMP_CURRENT,SIRET:83095506800044,SIRET,Destination Angers,,83095506800044,Telecom & Networks,False,32.0,2024-05-15,2024-05-15,3.942181340341656,False,2024-09-15,0,25.79,25.79,,,,,,,,,none,M0_balanced; proxy recurrence: identifiable reappearance of a similar procurement need; not a legally verified renewal chain,1
BOAMP:24-59660,BOAMP_CURRENT,SIREN:287200265,SIREN_ENRICHED,SDIS de la Sarthe,287200265,,Cybersecurity,False,35.0,2024-05-24,2024-05-24,6.0,False,2024-11-24,0,25.49,25.49,,,,,,,,,none,M0_balanced; proxy recurrence: identifiable reappearance of a similar procurement need; not a legally verified renewal chain,1
BOAMP:24-61655,BOAMP_CURRENT,SIRET:20007116500167,SIRET,Les Sables d'Olonne Agglomération,200071165,20007116500167,Telecom & Networks,False,32.0,2024-05-29,2024-05-29,6.0,False,2024-11-29,0,25.33,25.33,,,,,,,,,none,M0_balanced; proxy recurrence: identifiable reappearance of a similar procurement need; not a legally verified renewal chain,1
BOAMP:24-61330,BOAMP_CURRENT,SIRET:20007023300016,SIRET,"Terres de Montaigu, Communauté d'Agglomération (85)",,20007023300016,Unknown,False,79.0,2024-05-29,2024-05-29,5.0,False,2024-10-29,0,25.33,25.33,,,,,,,,,none,M0_balanced; proxy recurrence: identifiable reappearance of a similar procurement need; not a legally verified renewal chain,1
BOAMP:24-61757,BOAMP_CURRENT,SIRET:17440005100010,SIRET,NANTES UNIVERSITE,130029747,17440005100010,Telecom & Networks,False,32.0,2024-05-30,2024-05-30,3.942181340341656,False,2024-09-30,0,25.3,25.3,,,,,,,,,none,M0_balanced; proxy recurrence: identifiable reappearance of a similar procurement need; not a legally verified renewal chain,1
BOAMP:24-62548,BOAMP_CURRENT,SIRET:17350005900014,SIRET,Direction interdépartementale des routes ouest DIR Ouest,130001704,17350005900014,Software & Applications,False,48.0,2024-05-31,2024-05-31,5.913272010512483,False,2024-11-30,0,25.26,25.26,,,,,,,,,none,M0_balanced; proxy recurrence: identifiable reappearance of a similar procurement need; not a legally verified renewal chain,1
BOAMP:24-62964,BOAMP_CURRENT,SIRET:38105376800028,SIRET,La Cité des Congrès de Nantes,381053768,38105376800028,Telecom & Networks,False,32.0,2024-06-01,2024-06-01,4.92772667542707,False,2024-11-01,0,25.23,25.23,,,,,,,,,none,M0_balanced; proxy recurrence: identifiable reappearance of a similar procurement need; not a legally verified renewal chain,1
BOAMP:24-63865,BOAMP_CURRENT,SIRET:13000170400589,SIRET,DIR Ouest,,13000170400589,IT Services & Consulting,False,72.0,2024-06-04,2024-06-04,7.884362680683312,False,2025-02-04,0,25.13,25.13,,,,,,,,,none,M0_balanced; proxy recurrence: identifiable reappearance of a similar procurement need; not a legally verified renewal chain,1
BOAMP:24-64515,BOAMP_CURRENT,NAME:groupement transamo cenovia,NAME,GROUPEMENT TRANSAMO - CENOVIA,,,Data & AI,False,71.0,2024-06-05,2024-06-05,6.0,False,2024-12-05,0,25.1,25.1,,,,,,,,,none,M0_balanced; proxy recurrence: identifiable reappearance of a similar procurement need; not a legally verified renewal chain,1
BOAMP:24-65111,BOAMP_CURRENT,SIREN:935367433,SIREN_ENRICHED,Conseil départemental Loire Atlantique,935367433,,IT Maintenance & Support,False,72.0,2024-06-06,2024-06-06,4.0,False,2024-10-06,0,25.07,25.07,,,,,,,,,none,M0_balanced; proxy recurrence: identifiable reappearance of a similar procurement need; not a legally verified renewal chain,1
BOAMP:24-65191,BOAMP_CURRENT,SIREN:194909701,SIREN_ENRICHED,Université d'Angers,194909701,,Unknown,False,79.0,2024-06-06,2024-06-06,6.0,False,2024-12-06,0,25.07,25.07,,,,,,,,,none,M0_balanced; proxy recurrence: identifiable reappearance of a similar procurement need; not a legally verified renewal chain,1
BOAMP:24-65120,BOAMP_CURRENT,NAME:semitan,NAME,SEMITAN,,,Unknown,False,71.0,2024-06-06,2024-06-06,4.0,False,2024-10-06,0,25.07,25.07,,,,,,,,,none,M0_balanced; proxy recurrence: identifiable reappearance of a similar procurement need; not a legally verified renewal chain,1
BOAMP:24-66059,BOAMP_CURRENT,SIRET:83095506800044,SIRET,Destination Angers,,83095506800044,Digital Workplace & Collaboration,False,72.0,2024-06-08,2024-06-08,3.942181340341656,False,2024-10-08,0,25.0,25.0,,,,,,,,,none,M0_balanced; proxy recurrence: identifiable reappearance of a similar procurement need; not a legally verified renewal chain,1
BOAMP:24-66226,BOAMP_CURRENT,SIRET:26490003600015,SIRET,CHU ANGERS Etablissement support du Groupement Hospitalier de Territoire de Maine et Loire,,26490003600015,Software & Applications,True,48.0,2024-06-09,2024-06-09,5.913272010512483,False,2024-12-09,0,24.97,24.97,,,,,,,,,none,M0_balanced; proxy recurrence: identifiable reappearance of a similar procurement need; not a legally verified renewal chain,1
BOAMP:24-66818,BOAMP_CURRENT,SIRET:17440005100010,SIRET,CHU NANTES,264400136,17440005100010,Telecom & Networks,False,32.0,2024-06-09,2024-06-09,6.0,False,2024-12-09,0,24.97,24.97,,,,,,,,,none,M0_balanced; proxy recurrence: identifiable reappearance of a similar procurement need; not a legally verified renewal chain,1
BOAMP:24-67001,BOAMP_CURRENT,SIREN:217500016,SIREN_ENRICHED,Ville du Mans,217500016,,Data & AI,False,50.0,2024-06-11,2024-06-11,4.0,False,2024-10-11,0,24.9,24.9,,,,,,,,,none,M0_balanced; proxy recurrence: identifiable reappearance of a similar procurement need; not a legally verified renewal chain,1
BOAMP:24-68165,BOAMP_CURRENT,SIREN:214401432,SIREN_ENRICHED,MAIRIE DE REZE,214401432,,Telecom & Networks,False,32.0,2024-06-13,2024-06-13,6.0,False,2024-12-13,0,24.84,24.84,,,,,,,,,none,M0_balanced; proxy recurrence: identifiable reappearance of a similar procurement need; not a legally verified renewal chain,1
BOAMP:24-70105,BOAMP_CURRENT,SIREN:228500013,SIREN_ENRICHED,Département de la Vendée,228500013,,Unknown,False,79.0,2024-06-18,2024-06-18,4.0,False,2024-10-18,0,24.67,24.67,,,,,,,,,none,M0_balanced; proxy recurrence: identifiable reappearance of a similar procurement need; not a legally verified renewal chain,1
BOAMP:24-71687,BOAMP_CURRENT,SIRET:13002953100055,SIRET,"Rectorat de la région académique Grand Est, rectorat de l'académie de Nancy-Metz",,13002953100055,Software & Applications,False,48.0,2024-06-21,2024-06-21,3.0,False,2024-09-21,0,24.57,24.57,,,,,,,,,none,M0_balanced; proxy recurrence: identifiable reappearance of a similar procurement need; not a legally verified renewal chain,1
BOAMP:24-74022,BOAMP_CURRENT,SIREN:488538877,SIREN_ENRICHED,Le Mans Métropole,488538877,,IT Hardware & Equipment,False,30.0,2024-06-26,2024-06-26,4.0,False,2024-10-26,0,24.41,24.41,,,,,,,,,none,M0_balanced; proxy recurrence: identifiable reappearance of a similar procurement need; not a legally verified renewal chain,1
BOAMP:24-73665,BOAMP_CURRENT,SIRET:24440040400129,SIRET,Nantes metropole,,24440040400129,Cybersecurity,False,72.0,2024-06-26,2024-06-26,5.0,False,2024-11-26,0,24.41,24.41,,,,,,,,,none,M0_balanced; proxy recurrence: identifiable reappearance of a similar procurement need; not a legally verified renewal chain,1
BOAMP:24-73596,BOAMP_CURRENT,SIREN:214401358,SIREN_ENRICHED,Ville de LE POULIGUEN,214401358,,Unknown,False,18.0,2024-06-26,2024-06-26,4.0,False,2024-10-26,1,6.44,,6.44,BOAMP:25-1036,0.93074,1.0,0.79676,0.93026,,1.0,M0_balanced,M0_balanced; proxy recurrence: identifiable reappearance of a similar procurement need; not a legally verified renewal chain,0
BOAMP:24-74484,BOAMP_CURRENT,SIREN:353686934,SIREN_ENRICHED,CAP ATLANTIQUE,353686934,,Cybersecurity,False,35.0,2024-06-27,2024-06-27,5.0,False,2024-11-27,0,24.38,24.38,,,,,,,,,none,M0_balanced; proxy recurrence: identifiable reappearance of a similar procurement need; not a legally verified renewal chain,1
BOAMP:24-74174,BOAMP_CURRENT,SIRET:17350005900014,SIRET,Direction interdépartementale des routes ouest DIR Ouest,130001704,17350005900014,Software & Applications,False,48.0,2024-06-27,2024-06-27,5.913272010512483,False,2024-12-27,0,24.38,24.38,,,,,,,,,none,M0_balanced; proxy recurrence: identifiable reappearance of a similar procurement need; not a legally verified renewal chain,1
BOAMP:24-74996,BOAMP_CURRENT,SIRET:39172288100052,SIRET,GIE SESAM VITALE,391722881,39172288100052,IT Services & Consulting,False,72.0,2024-06-28,2024-06-28,6.0,False,2024-12-28,0,24.34,24.34,,,,,,,,,none,M0_balanced; proxy recurrence: identifiable reappearance of a similar procurement need; not a legally verified renewal chain,1
BOAMP:24-74644,BOAMP_CURRENT,SIRET:28850001000013,SIRET,SDIS 85,288500010,28850001000013,Telecom & Networks,False,32.0,2024-06-28,2024-06-28,5.913272010512483,False,2024-12-28,0,24.34,24.34,,,,,,,,,none,M0_balanced; proxy recurrence: identifiable reappearance of a similar procurement need; not a legally verified renewal chain,1
BOAMP:24-76881,BOAMP_CURRENT,SIRET:21440162200011,SIRET,Mairie de Saint-Herblain,214401622,21440162200011,Cybersecurity,False,72.0,2024-07-03,2024-07-03,6.0,False,2025-01-03,0,24.18,24.18,,,,,,,,,none,M0_balanced; proxy recurrence: identifiable reappearance of a similar procurement need; not a legally verified renewal chain,1
BOAMP:24-80068,BOAMP_CURRENT,SIREN:225300011,SIREN_ENRICHED,Conseil Départemental de la Mayenne,225300011,,IT Services & Consulting,False,72.0,2024-07-10,2024-07-10,4.0,False,2024-11-10,0,23.95,23.95,,,,,,,,,none,M0_balanced; proxy recurrence: identifiable reappearance of a similar procurement need; not a legally verified renewal chain,1
BOAMP:24-80509,BOAMP_CURRENT,SIRET:11001001400014,SIRET,Ministère de la justice - SG/2S2M/SDIT,,11001001400014,IT Services & Consulting,True,72.0,2024-07-10,2024-07-10,6.0,False,2025-01-10,0,23.95,23.95,,,,,,,,,none,M0_balanced; proxy recurrence: identifiable reappearance of a similar procurement need; not a legally verified renewal chain,1
BOAMP:24-80391,BOAMP_CURRENT,SIREN:200014926,SIREN_ENRICHED,Territoire d'énergie Loire-Atlantique,200014926,,Telecom & Networks,False,45.0,2024-07-10,2024-07-10,4.0,False,2024-11-10,0,23.95,23.95,,,,,,,,,none,M0_balanced; proxy recurrence: identifiable reappearance of a similar procurement need; not a legally verified renewal chain,1
BOAMP:24-80969,BOAMP_CURRENT,SIRET:13002622200013,SIRET,INESAAE - L'Institut Agro,,13002622200013,Telecom & Networks,False,32.0,2024-07-11,2024-07-11,3.942181340341656,False,2024-11-11,1,1.81,,1.81,BOAMP:24-99892,1.0,1.0,0.82205,0.96441,,1.0,M0_balanced,M0_balanced; proxy recurrence: identifiable reappearance of a similar procurement need; not a legally verified renewal chain,0
BOAMP:24-81519,BOAMP_CURRENT,SIRET:24440040400129,SIRET,Nantes metropole,,24440040400129,Cybersecurity,False,72.0,2024-07-12,2024-07-12,5.0,False,2024-12-12,0,23.88,23.88,,,,,,,,,none,M0_balanced; proxy recurrence: identifiable reappearance of a similar procurement need; not a legally verified renewal chain,1
BOAMP:24-81192,BOAMP_CURRENT,SIRET:45151864100035,SIRET,SAEM VENDEE - Vendée Globe,,45151864100035,Cybersecurity,False,35.0,2024-07-12,2024-07-12,3.942181340341656,False,2024-11-12,0,23.88,23.88,,,,,,,,,none,M0_balanced; proxy recurrence: identifiable reappearance of a similar procurement need; not a legally verified renewal chain,1
BOAMP:24-82336,BOAMP_CURRENT,SIRET:45151864100035,SIRET,SAEM VENDEE - Vendée Globe,,45151864100035,IT Services & Consulting,False,72.0,2024-07-14,2024-07-14,2.9566360052562417,False,2024-10-14,0,23.82,23.82,,,,,,,,,none,M0_balanced; proxy recurrence: identifiable reappearance of a similar procurement need; not a legally verified renewal chain,1
BOAMP:24-83533,BOAMP_CURRENT,SIRET:21850128600015,SIRET,Ville de Luçon (85),,21850128600015,IT Services & Consulting,False,72.0,2024-07-17,2024-07-17,3.942181340341656,False,2024-11-17,0,23.72,23.72,,,,,,,,,none,M0_balanced; proxy recurrence: identifiable reappearance of a similar procurement need; not a legally verified renewal chain,1
BOAMP:24-83640,BOAMP_CURRENT,SIRET:80355563000018,SIRET,Association E-TOILE,445400104,80355563000018,IT Services & Consulting,True,72.0,2024-07-17,2024-07-17,3.942181340341656,False,2024-11-17,0,23.72,23.72,,,,,,,,,none,M0_balanced; proxy recurrence: identifiable reappearance of a similar procurement need; not a legally verified renewal chain,1
BOAMP:24-83726,BOAMP_CURRENT,SIREN:200061778,SIREN_ENRICHED,Mayenne Très Haut Débit,200061778,,Telecom & Networks,False,45.0,2024-07-17,2024-07-17,9.0,False,2025-04-17,0,23.72,23.72,,,,,,,,,none,M0_balanced; proxy recurrence: identifiable reappearance of a similar procurement need; not a legally verified renewal chain,1
BOAMP:24-83734,BOAMP_CURRENT,SIREN:194909701,SIREN_ENRICHED,Université d'Angers,194909701,,Software & Applications,False,48.0,2024-07-17,2024-07-17,6.0,False,2025-01-17,0,23.72,23.72,,,,,,,,,none,M0_balanced; proxy recurrence: identifiable reappearance of a similar procurement need; not a legally verified renewal chain,1
BOAMP:24-86406,BOAMP_CURRENT,SIRET:39172288100052,SIRET,GIE SESAM VITALE,391722881,39172288100052,Software & Applications,True,48.0,2024-07-23,2024-07-23,6.0,False,2025-01-23,0,23.52,23.52,,,,,,,,,none,M0_balanced; proxy recurrence: identifiable reappearance of a similar procurement need; not a legally verified renewal chain,1
BOAMP:24-88815,BOAMP_CURRENT,SIREN:488538877,SIREN_ENRICHED,Le Mans Métropole,488538877,,IT Services & Consulting,False,72.0,2024-07-28,2024-07-28,4.0,False,2024-11-28,0,23.36,23.36,,,,,,,,,none,M0_balanced; proxy recurrence: identifiable reappearance of a similar procurement need; not a legally verified renewal chain,1
BOAMP:24-97007,BOAMP_CURRENT,SIREN:488538877,SIREN_ENRICHED,Le Mans Métropole,488538877,,Telecom & Networks,False,45.0,2024-08-25,2024-08-25,4.0,False,2024-12-25,0,22.44,22.44,,,,,,,,,none,M0_balanced; proxy recurrence: identifiable reappearance of a similar procurement need; not a legally verified renewal chain,1
BOAMP:24-98721,BOAMP_CURRENT,SIREN:194909701,SIREN_ENRICHED,Université d'Angers,194909701,,Software & Applications,False,48.0,2024-08-30,2024-08-30,6.0,False,2025-02-28,0,22.27,22.27,,,,,,,,,none,M0_balanced; proxy recurrence: identifiable reappearance of a similar procurement need; not a legally verified renewal chain,1
BOAMP:24-99892,BOAMP_CURRENT,SIRET:13002622200013,SIRET,INESAAE - L'Institut Agro,,13002622200013,Telecom & Networks,False,32.0,2024-09-04,2024-09-04,3.942181340341656,False,2025-01-04,0,22.11,22.11,,,,,,,,,none,M0_balanced; proxy recurrence: identifiable reappearance of a similar procurement need; not a legally verified renewal chain,1
BOAMP:24-102022,BOAMP_CURRENT,NAME:semitan,NAME,SEMITAN,,,IT Services & Consulting,False,72.0,2024-09-08,2024-09-08,4.0,False,2025-01-08,0,21.98,21.98,,,,,,,,,none,M0_balanced; proxy recurrence: identifiable reappearance of a similar procurement need; not a legally verified renewal chain,1
BOAMP:24-102167,BOAMP_CURRENT,SIRET:24440040400129,SIRET,Nantes Métropole,794304097,24440040400129,Cybersecurity,False,72.0,2024-09-10,2024-09-10,5.0,False,2025-02-10,1,3.12,,3.12,BOAMP:24-139939,0.63549,1.0,0.84341,0.81559,0.0595499999999999,1.0,M0_balanced,M0_balanced; proxy recurrence: identifiable reappearance of a similar procurement need; not a legally verified renewal chain,0
BOAMP:24-102689,BOAMP_CURRENT,SIRET:24440040400129,SIRET,Nantes métropole,,24440040400129,Software & Applications,True,48.0,2024-09-11,2024-09-11,5.0,False,2025-02-11,0,21.88,21.88,,,,,,,,,none,M0_balanced; proxy recurrence: identifiable reappearance of a similar procurement need; not a legally verified renewal chain,1
BOAMP:24-104541,BOAMP_CURRENT,SIREN:935367433,SIREN_ENRICHED,Conseil départemental Loire Atlantique,935367433,,Software & Applications,False,48.0,2024-09-15,2024-09-15,6.0,False,2025-03-15,1,1.02,,1.02,BOAMP:24-117088,1.0,1.0,0.58487,0.91697,0.2795999999999999,1.0,M0_balanced,M0_balanced; proxy recurrence: identifiable reappearance of a similar procurement need; not a legally verified renewal chain,0
BOAMP:24-106137,BOAMP_CURRENT,SIRET:17440005100010,SIRET,CHU NANTES,264400136,17440005100010,IT Maintenance & Support,False,72.0,2024-09-20,2024-09-20,6.0,False,2025-03-20,1,6.14,,6.14,BOAMP:25-33463,0.66938,0.4,0.98806,0.72075,0.15791,1.0,M0_balanced,M0_balanced; proxy recurrence: identifiable reappearance of a similar procurement need; not a legally verified renewal chain,0
BOAMP:24-106530,BOAMP_CURRENT,SIRET:12001002000028,SIRET,Casier judiciaire national,130025158,12001002000028,Cybersecurity,False,35.0,2024-09-20,2024-09-20,2.9566360052562417,False,2024-12-20,1,8.02,,8.02,BOAMP:25-56786,0.96904,1.0,0.57841,0.90268,,1.0,M0_balanced,M0_balanced; proxy recurrence: identifiable reappearance of a similar procurement need; not a legally verified renewal chain,0
BOAMP:24-106616,BOAMP_CURRENT,NAME:saint nazaire agglomeration carene,NAME,Saint-Nazaire Agglomération -  la CARENE,,,Cybersecurity,False,39.0,2024-09-20,2024-09-20,5.0,False,2025-02-20,0,21.58,21.58,,,,,,,,,none,M0_balanced; proxy recurrence: identifiable reappearance of a similar procurement need; not a legally verified renewal chain,1
BOAMP:24-107102,BOAMP_CURRENT,NAME:saint nazaire agglomeration carene,NAME,Saint-Nazaire Agglomération -  la CARENE,,,Cybersecurity,False,39.0,2024-09-22,2024-09-22,5.0,False,2025-02-22,0,21.52,21.52,,,,,,,,,none,M0_balanced; proxy recurrence: identifiable reappearance of a similar procurement need; not a legally verified renewal chain,1
BOAMP:24-107602,BOAMP_CURRENT,SIREN:935367433,SIREN_ENRICHED,Conseil départemental Loire Atlantique,935367433,,Software & Applications,False,48.0,2024-09-24,2024-09-24,6.0,False,2025-03-24,1,7.29,,7.29,BOAMP:25-50085,0.74725,0.0,0.89225,0.6423,0.0449999999999999,1.0,M0_balanced,M0_balanced; proxy recurrence: identifiable reappearance of a similar procurement need; not a legally verified renewal chain,0
BOAMP:24-107476,BOAMP_CURRENT,SIRET:17440005100010,SIRET,VILLE DE LAVAL,215301300,17440005100010,Cybersecurity,False,34.0,2024-09-24,2024-09-24,4.0,False,2025-01-24,0,21.45,21.45,,,,,,,,,none,M0_balanced; proxy recurrence: identifiable reappearance of a similar procurement need; not a legally verified renewal chain,1
BOAMP:24-111199,BOAMP_CURRENT,SIRET:21370261600011,SIRET,Mairie Tours,,21370261600011,Cybersecurity,False,35.0,2024-10-03,2024-10-03,5.913272010512483,False,2025-04-03,1,3.19,,3.19,BOAMP:25-1120,1.0,1.0,0.77278,0.95456,,1.0,M0_balanced,M0_balanced; proxy recurrence: identifiable reappearance of a similar procurement need; not a legally verified renewal chain,0
BOAMP:24-111919,BOAMP_CURRENT,SIRET:24850058900085,SIRET,La Roche sur Yon Agglomération (85),521017848,24850058900085,IT Services & Consulting,False,72.0,2024-10-04,2024-10-04,3.942181340341656,False,2025-02-04,1,1.08,,1.08,BOAMP:24-125547,1.0,1.0,0.76183,0.95237,,1.0,M0_balanced,M0_balanced; proxy recurrence: identifiable reappearance of a similar procurement need; not a legally verified renewal chain,0
BOAMP:24-112213,BOAMP_CURRENT,SIREN:228500013,SIREN_ENRICHED,Département de la Vendée,228500013,,Cybersecurity,False,35.0,2024-10-04,2024-10-04,4.0,False,2025-02-04,1,4.99,,4.99,BOAMP:25-24140,0.62043,1.0,0.91721,0.82402,0.3191499999999999,1.0,M0_balanced,M0_balanced; proxy recurrence: identifiable reappearance of a similar procurement need; not a legally verified renewal chain,0
BOAMP:24-114124,BOAMP_CURRENT,NAME:saint nazaire agglomeration carene,NAME,Saint-Nazaire Agglomération -  la CARENE,,,Cybersecurity,False,39.0,2024-10-09,2024-10-09,5.0,False,2025-03-09,0,20.96,20.96,,,,,,,,,none,M0_balanced; proxy recurrence: identifiable reappearance of a similar procurement need; not a legally verified renewal chain,1
BOAMP:24-114946,BOAMP_CURRENT,SIRET:13003051300019,SIRET,Université de Rennes,,13003051300019,Telecom & Networks,False,32.0,2024-10-11,2024-10-11,3.942181340341656,False,2025-02-11,0,20.89,20.89,,,,,,,,,none,M0_balanced; proxy recurrence: identifiable reappearance of a similar procurement need; not a legally verified renewal chain,1
BOAMP:24-115331,BOAMP_CURRENT,SIREN:488538877,SIREN_ENRICHED,Le Mans Métropole,488538877,,Telecom & Networks,False,44.0,2024-10-11,2024-10-11,4.0,False,2025-02-11,1,1.12,,1.12,BOAMP:24-128497,1.0,1.0,0.75975,0.95195,0.21055,1.0,M0_balanced,M0_balanced; proxy recurrence: identifiable reappearance of a similar procurement need; not a legally verified renewal chain,0
BOAMP:24-116007,BOAMP_CURRENT,SIRET:11000201100044,SIRET,Rectorat de NANTES,449078492,11000201100044,Software & Applications,True,48.0,2024-10-13,2024-10-13,2.9566360052562417,False,2025-01-13,0,20.83,20.83,,,,,,,,,none,M0_balanced; proxy recurrence: identifiable reappearance of a similar procurement need; not a legally verified renewal chain,1
BOAMP:24-116379,BOAMP_CURRENT,NAME:audencia eesc,NAME,AUDENCIA EESC,,,IT Services & Consulting,False,72.0,2024-10-15,2024-10-15,4.0,False,2025-02-15,0,20.76,20.76,,,,,,,,,none,M0_balanced; proxy recurrence: identifiable reappearance of a similar procurement need; not a legally verified renewal chain,1
BOAMP:24-117088,BOAMP_CURRENT,SIREN:935367433,SIREN_ENRICHED,Conseil départemental Loire Atlantique,935367433,,Software & Applications,False,48.0,2024-10-16,2024-10-16,6.0,False,2025-04-16,1,6.57,,6.57,BOAMP:25-50085,0.74725,0.0,0.95247,0.65434,0.05307,1.0,M0_balanced,M0_balanced; proxy recurrence: identifiable reappearance of a similar procurement need; not a legally verified renewal chain,0
BOAMP:24-117855,BOAMP_CURRENT,SIRET:24440040400129,SIRET,Nantes Métropole,794304097,24440040400129,Cybersecurity,False,72.0,2024-10-17,2024-10-17,5.0,False,2025-03-17,1,1.91,,1.91,BOAMP:24-139939,0.53685,1.0,0.74212,0.7539,0.03591,1.0,M0_balanced,M0_balanced; proxy recurrence: identifiable reappearance of a similar procurement need; not a legally verified renewal chain,0
BOAMP:24-117582,BOAMP_CURRENT,SIRET:20004131700013,SIRET,Communauté d'Agglomération du Niortais,,20004131700013,IT Services & Consulting,False,72.0,2024-10-17,2024-10-17,6.0,False,2025-04-17,0,20.7,20.7,,,,,,,,,none,M0_balanced; proxy recurrence: identifiable reappearance of a similar procurement need; not a legally verified renewal chain,1
BOAMP:24-118232,BOAMP_CURRENT,SIRET:18009202500121,SIRET,IMT ATLANTIQUE BRETAGNE - PAYS DE LA LOIRE,,18009202500121,Cybersecurity,False,35.0,2024-10-18,2024-10-18,3.942181340341656,False,2025-02-18,0,20.66,20.66,,,,,,,,,none,M0_balanced; proxy recurrence: identifiable reappearance of a similar procurement need; not a legally verified renewal chain,1
BOAMP:24-121511,BOAMP_CURRENT,SIREN:488538877,SIREN_ENRICHED,Le Mans Métropole,488538877,,Cybersecurity,False,72.0,2024-10-25,2024-10-25,4.0,False,2025-02-25,1,5.26,,5.26,BOAMP:25-36966,0.70173,0.0,0.89531,0.62379,0.1269299999999999,1.0,M0_balanced,M0_balanced; proxy recurrence: identifiable reappearance of a similar procurement need; not a legally verified renewal chain,0
BOAMP:24-121412,BOAMP_CURRENT,SIRET:18009202500121,SIRET,IMT Atlantique Bretagne - Pays de la Loire,,18009202500121,Cybersecurity,False,35.0,2024-10-25,2024-10-25,2.9566360052562417,False,2025-01-25,0,20.43,20.43,,,,,,,,,none,M0_balanced; proxy recurrence: identifiable reappearance of a similar procurement need; not a legally verified renewal chain,1
BOAMP:24-122891,BOAMP_CURRENT,SIREN:488538877,SIREN_ENRICHED,Le Mans Métropole,488538877,,Cybersecurity,False,72.0,2024-10-29,2024-10-29,4.0,False,2025-02-28,1,5.12,,5.12,BOAMP:25-36966,0.70173,0.0,0.90626,0.62598,0.1313099999999999,1.0,M0_balanced,M0_balanced; proxy recurrence: identifiable reappearance of a similar procurement need; not a legally verified renewal chain,0
BOAMP:24-123500,BOAMP_CURRENT,NAME:semitan mandataire nantes metropole,NAME,"SEMITAN, mandataire de Nantes Métropole",,,IT Services & Consulting,False,45.0,2024-10-30,2024-10-30,4.0,False,2025-02-28,0,20.27,20.27,,,,,,,,,none,M0_balanced; proxy recurrence: identifiable reappearance of a similar procurement need; not a legally verified renewal chain,1
BOAMP:24-123750,BOAMP_CURRENT,SIRET:77811608700157,SIRET,BATIMENT CFA NORMANDIE,778116087,77811608700157,IT Services & Consulting,False,72.0,2024-10-31,2024-10-31,3.0,False,2025-01-31,0,20.24,20.24,,,,,,,,,none,M0_balanced; proxy recurrence: identifiable reappearance of a similar procurement need; not a legally verified renewal chain,1
BOAMP:24-124838,BOAMP_CURRENT,SIRET:17440005100010,SIRET,REGION PAYS DE LA LOIRE,234400034,17440005100010,Unknown,True,45.0,2024-11-02,2024-11-02,4.0,False,2025-03-02,0,20.17,20.17,,,,,,,,,none,M0_balanced; proxy recurrence: identifiable reappearance of a similar procurement need; not a legally verified renewal chain,1
BOAMP:24-125547,BOAMP_CURRENT,SIRET:24850058900085,SIRET,La Roche sur Yon Agglomération (85),521017848,24850058900085,IT Services & Consulting,False,72.0,2024-11-06,2024-11-06,3.942181340341656,False,2025-03-06,0,20.04,20.04,,,,,,,,,none,M0_balanced; proxy recurrence: identifiable reappearance of a similar procurement need; not a legally verified renewal chain,1
BOAMP:24-127590,BOAMP_CURRENT,SIREN:488538877,SIREN_ENRICHED,Le Mans Métropole,488538877,,Telecom & Networks,False,44.0,2024-11-10,2024-11-10,4.0,False,2025-03-10,1,4.73,,4.73,BOAMP:25-36966,1.0,0.0,0.93912,0.75782,0.36102,1.0,M0_balanced,M0_balanced; proxy recurrence: identifiable reappearance of a similar procurement need; not a legally verified renewal chain,0
BOAMP:24-127394,BOAMP_CURRENT,SIRET:51532951400035,SIRET,France Velo Tourisme,515329514,51532951400035,IT Services & Consulting,True,72.0,2024-11-10,2024-11-10,3.942181340341656,False,2025-03-10,0,19.91,19.91,,,,,,,,,none,M0_balanced; proxy recurrence: identifiable reappearance of a similar procurement need; not a legally verified renewal chain,1
BOAMP:24-127981,BOAMP_CURRENT,SIREN:225300011,SIREN_ENRICHED,Conseil Départemental de la Mayenne,225300011,,IT Services & Consulting,False,72.0,2024-11-13,2024-11-13,4.0,False,2025-03-13,0,19.81,19.81,,,,,,,,,none,M0_balanced; proxy recurrence: identifiable reappearance of a similar procurement need; not a legally verified renewal chain,1
BOAMP:24-128497,BOAMP_CURRENT,SIREN:488538877,SIREN_ENRICHED,Le Mans Métropole,488538877,,Telecom & Networks,False,44.0,2024-11-14,2024-11-14,4.0,False,2025-03-14,1,4.6,,4.6,BOAMP:25-36966,1.0,0.0,0.95007,0.76001,0.3653999999999999,1.0,M0_balanced,M0_balanced; proxy recurrence: identifiable reappearance of a similar procurement need; not a legally verified renewal chain,0
BOAMP:24-129367,BOAMP_CURRENT,SIREN:257202176,SIREN_ENRICHED,Syndicat Mixte pour le Développement Numérique,257202176,,IT Services & Consulting,False,72.0,2024-11-16,2024-11-16,4.0,False,2025-03-16,0,19.71,19.71,,,,,,,,,none,M0_balanced; proxy recurrence: identifiable reappearance of a similar procurement need; not a legally verified renewal chain,1
BOAMP:24-131741,BOAMP_CURRENT,SIREN:214401846,SIREN_ENRICHED,VILLE DE SAINT NAZAIRE,214401846,,Unknown,False,39.0,2024-11-22,2024-11-22,4.0,False,2025-03-22,0,19.51,19.51,,,,,,,,,none,M0_balanced; proxy recurrence: identifiable reappearance of a similar procurement need; not a legally verified renewal chain,1
BOAMP:24-131395,BOAMP_CURRENT,SIRET:21490353600016,SIRET,Ville de Trélazé (49),,21490353600016,Telecom & Networks,False,79.0,2024-11-22,2024-11-22,2.9566360052562417,False,2025-02-22,0,19.51,19.51,,,,,,,,,none,M0_balanced; proxy recurrence: identifiable reappearance of a similar procurement need; not a legally verified renewal chain,1
BOAMP:24-132338,BOAMP_CURRENT,SIREN:225300011,SIREN_ENRICHED,Conseil Départemental de la Mayenne,225300011,,IT Services & Consulting,False,72.0,2024-11-24,2024-11-24,4.0,False,2025-03-24,1,2.43,,2.43,BOAMP:25-13579,0.75761,0.6,0.86925,0.78005,0.07076,1.0,M0_balanced,M0_balanced; proxy recurrence: identifiable reappearance of a similar procurement need; not a legally verified renewal chain,0
BOAMP:24-132180,BOAMP_CURRENT,SIREN:225300011,SIREN_ENRICHED,Conseil Départemental de la Mayenne,225300011,,IT Services & Consulting,False,72.0,2024-11-24,2024-11-24,4.0,False,2025-03-24,0,19.45,19.45,,,,,,,,,none,M0_balanced; proxy recurrence: identifiable reappearance of a similar procurement need; not a legally verified renewal chain,1
BOAMP:24-133497,BOAMP_CURRENT,SIREN:214400558,SIREN_ENRICHED,Ville de La Baule Escoublac,214400558,,Cybersecurity,False,35.0,2024-11-28,2024-11-28,4.0,False,2025-03-28,0,19.32,19.32,,,,,,,,,none,M0_balanced; proxy recurrence: identifiable reappearance of a similar procurement need; not a legally verified renewal chain,1
BOAMP:24-136086,BOAMP_CURRENT,SIREN:225300011,SIREN_ENRICHED,Conseil Départemental de la Mayenne,225300011,,IT Services & Consulting,False,72.0,2024-12-05,2024-12-05,4.0,False,2025-04-05,0,19.09,19.09,,,,,,,,,none,M0_balanced; proxy recurrence: identifiable reappearance of a similar procurement need; not a legally verified renewal chain,1
BOAMP:24-136871,BOAMP_CURRENT,SIREN:488538877,SIREN_ENRICHED,Le Mans Métropole,488538877,,Unknown,False,45.0,2024-12-06,2024-12-06,4.0,False,2025-04-06,0,19.05,19.05,,,,,,,,,none,M0_balanced; proxy recurrence: identifiable reappearance of a similar procurement need; not a legally verified renewal chain,1
BOAMP:24-138588,BOAMP_CURRENT,SIRET:19350937900015,SIRET,Université Rennes 2,,19350937900015,Telecom & Networks,False,32.0,2024-12-11,2024-12-11,3.942181340341656,False,2025-04-11,0,18.89,18.89,,,,,,,,,none,M0_balanced; proxy recurrence: identifiable reappearance of a similar procurement need; not a legally verified renewal chain,1
BOAMP:24-138492,BOAMP_CURRENT,SIRET:20005361900017,SIRET,Commune de Beaupréau en Mauges,200053619,20005361900017,IT Hardware & Equipment,False,30.0,2024-12-11,2024-12-11,3.942181340341656,False,2025-04-11,0,18.89,18.89,,,,,,,,,none,M0_balanced; proxy recurrence: identifiable reappearance of a similar procurement need; not a legally verified renewal chain,1
BOAMP:24-138709,BOAMP_CURRENT,SIRET:19753472000010,SIRET,ECOLE NATIONALE SUPERIEURE D'ARTS ET METIERS,197534720,19753472000010,IT Hardware & Equipment,False,30.0,2024-12-12,2024-12-12,3.942181340341656,False,2025-04-12,0,18.86,18.86,,,,,,,,,none,M0_balanced; proxy recurrence: identifiable reappearance of a similar procurement need; not a legally verified renewal chain,1
BOAMP:24-139412,BOAMP_CURRENT,SIRET:18440128900022,SIRET,CCI Région Pays de la Loire,234400034,18440128900022,IT Hardware & Equipment,False,32.0,2024-12-13,2024-12-13,3.942181340341656,False,2025-04-13,0,18.82,18.82,,,,,,,,,none,M0_balanced; proxy recurrence: identifiable reappearance of a similar procurement need; not a legally verified renewal chain,1
BOAMP:24-139939,BOAMP_CURRENT,SIRET:24440040400129,SIRET,Nantes Métropole,794304097,24440040400129,Cybersecurity,False,72.0,2024-12-14,2024-12-14,5.0,False,2025-05-14,0,18.79,18.79,,,,,,,,,none,M0_balanced; proxy recurrence: identifiable reappearance of a similar procurement need; not a legally verified renewal chain,1
BOAMP:24-140072,BOAMP_CURRENT,SIRET:24440040400129,SIRET,Nantes metropole,,24440040400129,IT Services & Consulting,False,72.0,2024-12-15,2024-12-15,5.0,False,2025-05-15,1,4.73,,4.73,BOAMP:25-51463,0.63361,0.2,0.97755,0.65763,0.0478,1.0,M0_balanced,M0_balanced; proxy recurrence: identifiable reappearance of a similar procurement need; not a legally verified renewal chain,0
BOAMP:24-140261,BOAMP_CURRENT,SIREN:228500013,SIREN_ENRICHED,Département de la Vendée,228500013,,IT Services & Consulting,False,72.0,2024-12-15,2024-12-15,4.0,False,2025-04-15,0,18.76,18.76,,,,,,,,,none,M0_balanced; proxy recurrence: identifiable reappearance of a similar procurement need; not a legally verified renewal chain,1
BOAMP:24-140255,BOAMP_CURRENT,SIRET:24440040400129,SIRET,Nantes Métropole,794304097,24440040400129,Software & Applications,False,48.0,2024-12-15,2024-12-15,5.0,False,2025-05-15,0,18.76,18.76,,,,,,,,,none,M0_balanced; proxy recurrence: identifiable reappearance of a similar procurement need; not a legally verified renewal chain,1
BOAMP:24-140762,BOAMP_CURRENT,SIRET:13002974700016,SIRET,Nantes Université,130029747,13002974700016,Cybersecurity,False,35.0,2024-12-17,2024-12-17,5.913272010512483,False,2025-06-17,0,18.69,18.69,,,,,,,,,none,M0_balanced; proxy recurrence: identifiable reappearance of a similar procurement need; not a legally verified renewal chain,1
BOAMP:24-140663,BOAMP_CURRENT,SIRET:20005889900010,SIRET,COMMUNE DE BEAUFORT-EN-ANJOU,200058899,20005889900010,IT Services & Consulting,False,72.0,2024-12-17,2024-12-17,3.942181340341656,False,2025-04-17,0,18.69,18.69,,,,,,,,,none,M0_balanced; proxy recurrence: identifiable reappearance of a similar procurement need; not a legally verified renewal chain,1
BOAMP:24-141319,BOAMP_CURRENT,SIRET:47865038500014,SIRET,CNIEG (Caisse Nationale des Industries Electriques et Gazières),,47865038500014,IT Services & Consulting,False,72.0,2024-12-18,2024-12-18,5.913272010512483,False,2025-06-18,0,18.66,18.66,,,,,,,,,none,M0_balanced; proxy recurrence: identifiable reappearance of a similar procurement need; not a legally verified renewal chain,1
BOAMP:24-142054,BOAMP_CURRENT,SIREN:200076396,SIREN_ENRICHED,PETR Pays Vallée du Loir,200076396,,Unknown,False,90.0,2024-12-19,2024-12-19,4.0,False,2025-04-19,0,18.63,18.63,,,,,,,,,none,M0_balanced; proxy recurrence: identifiable reappearance of a similar procurement need; not a legally verified renewal chain,1
BOAMP:24-142269,BOAMP_CURRENT,SIRET:12001201800111,SIRET,Direction de l'administration pénitentiaire,120012018,12001201800111,Cybersecurity,False,35.0,2024-12-20,2024-12-20,8.869908015768726,False,2025-09-20,0,18.59,18.59,,,,,,,,,none,M0_balanced; proxy recurrence: identifiable reappearance of a similar procurement need; not a legally verified renewal chain,1
BOAMP:24-142222,BOAMP_CURRENT,SIREN:412238065,SIREN_ENRICHED,SPL LE MANS EVENEMENTS,412238065,,IT Services & Consulting,False,72.0,2024-12-20,2024-12-20,4.0,False,2025-04-20,0,18.59,18.59,,,,,,,,,none,M0_balanced; proxy recurrence: identifiable reappearance of a similar procurement need; not a legally verified renewal chain,1
BOAMP:24-143106,BOAMP_CURRENT,SIRET:54665016900057,SIRET,Vendée Expansion - SEM,546650169,54665016900057,IT Services & Consulting,False,72.0,2024-12-21,2024-12-21,2.9566360052562417,False,2025-03-21,0,18.56,18.56,,,,,,,,,none,M0_balanced; proxy recurrence: identifiable reappearance of a similar procurement need; not a legally verified renewal chain,1
BOAMP:24-143443,BOAMP_CURRENT,SIRET:23440003400026,SIRET,Région des Pays de la Loire,234400034,23440003400026,IT Services & Consulting,False,92.0,2024-12-22,2024-12-22,5.0,False,2025-05-22,0,18.53,18.53,,,,,,,,,none,M0_balanced; proxy recurrence: identifiable reappearance of a similar procurement need; not a legally verified renewal chain,1
BOAMP:24-145315,BOAMP_CURRENT,SIREN:935367433,SIREN_ENRICHED,Conseil départemental Loire Atlantique,935367433,,Unknown,False,50.0,2024-12-28,2024-12-28,8.0,False,2025-08-28,0,18.33,18.33,,,,,,,,,none,M0_balanced; proxy recurrence: identifiable reappearance of a similar procurement need; not a legally verified renewal chain,1
BOAMP:25-1036,BOAMP_CURRENT,SIREN:214401358,SIREN_ENRICHED,Ville du POULIGUEN,214401358,,Telecom & Networks,False,18.0,2025-01-08,2025-01-08,4.0,False,2025-05-08,0,17.97,17.97,,,,,,,,,none,M0_balanced; proxy recurrence: identifiable reappearance of a similar procurement need; not a legally verified renewal chain,1
BOAMP:25-1120,BOAMP_CURRENT,SIRET:21370261600011,SIRET,Mairie Tours,,21370261600011,Cybersecurity,False,35.0,2025-01-08,2025-01-08,5.913272010512483,False,2025-07-08,0,17.97,17.97,,,,,,,,,none,M0_balanced; proxy recurrence: identifiable reappearance of a similar procurement need; not a legally verified renewal chain,1
BOAMP:25-1181,BOAMP_CURRENT,SIRET:12002701600563,SIRET,INSEE,,12002701600563,IT Services & Consulting,True,72.0,2025-01-08,2025-01-08,5.913272010512483,False,2025-07-08,0,17.97,17.97,,,,,,,,,none,M0_balanced; proxy recurrence: identifiable reappearance of a similar procurement need; not a legally verified renewal chain,1
BOAMP:25-2044,BOAMP_CURRENT,SIRET:12002701600563,SIRET,INSEE,,12002701600563,IT Services & Consulting,True,72.0,2025-01-09,2025-01-09,5.913272010512483,False,2025-07-09,0,17.94,17.94,,,,,,,,,none,M0_balanced; proxy recurrence: identifiable reappearance of a similar procurement need; not a legally verified renewal chain,1
BOAMP:25-2262,BOAMP_CURRENT,SIREN:214401846,SIREN_ENRICHED,VILLE DE SAINT NAZAIRE,214401846,,IT Services & Consulting,False,72.0,2025-01-10,2025-01-10,4.0,False,2025-05-10,1,3.06,,3.06,BOAMP:25-41441,0.57886,1.0,0.92127,0.80738,,1.0,M0_balanced,M0_balanced; proxy recurrence: identifiable reappearance of a similar procurement need; not a legally verified renewal chain,0
BOAMP:25-3181,BOAMP_CURRENT,SIREN:228500013,SIREN_ENRICHED,Département de la Vendée,228500013,,IT Services & Consulting,False,72.0,2025-01-12,2025-01-12,4.0,False,2025-05-12,0,17.84,17.84,,,,,,,,,none,M0_balanced; proxy recurrence: identifiable reappearance of a similar procurement need; not a legally verified renewal chain,1
BOAMP:25-3474,BOAMP_CURRENT,SIREN:214401846,SIREN_ENRICHED,VILLE DE SAINT NAZAIRE,214401846,,Software & Applications,False,48.0,2025-01-12,2025-01-12,4.0,False,2025-05-12,0,17.84,17.84,,,,,,,,,none,M0_balanced; proxy recurrence: identifiable reappearance of a similar procurement need; not a legally verified renewal chain,1
BOAMP:25-5729,BOAMP_CURRENT,SIRET:23440003400026,SIRET,Région des Pays de la Loire,234400034,23440003400026,Software & Applications,False,48.0,2025-01-18,2025-01-18,4.0,False,2025-05-18,0,17.64,17.64,,,,,,,,,none,M0_balanced; proxy recurrence: identifiable reappearance of a similar procurement need; not a legally verified renewal chain,1
BOAMP:25-6327,BOAMP_CURRENT,SIRET:24440055200026,SIRET,Cté de Cnes du Pays d'Ancenis,,24440055200026,IT Services & Consulting,True,72.0,2025-01-19,2025-01-19,4.92772667542707,False,2025-06-19,1,5.39,,5.39,BOAMP:25-73652,0.86543,0.2,0.96167,0.75181,,1.0,M0_balanced,M0_balanced; proxy recurrence: identifiable reappearance of a similar procurement need; not a legally verified renewal chain,0
BOAMP:25-6053,BOAMP_CURRENT,SIREN:200014926,SIREN_ENRICHED,Territoire d'énergie Loire-Atlantique,200014926,,IT Services & Consulting,False,72.0,2025-01-19,2025-01-19,6.0,False,2025-07-19,0,17.61,17.61,,,,,,,,,none,M0_balanced; proxy recurrence: identifiable reappearance of a similar procurement need; not a legally verified renewal chain,1
BOAMP:25-9558,BOAMP_CURRENT,SIRET:23350001600040,SIRET,Région Bretagne,233500016,23350001600040,Telecom & Networks,False,32.0,2025-01-28,2025-01-28,4.0,False,2025-05-28,0,17.31,17.31,,,,,,,,,none,M0_balanced; proxy recurrence: identifiable reappearance of a similar procurement need; not a legally verified renewal chain,1
BOAMP:25-10966,BOAMP_CURRENT,SIRET:21440162200011,SIRET,Mairie de Saint-Herblain,214401622,21440162200011,Cybersecurity,False,50.0,2025-01-31,2025-01-31,6.0,False,2025-07-31,0,17.21,17.21,,,,,,,,,none,M0_balanced; proxy recurrence: identifiable reappearance of a similar procurement need; not a legally verified renewal chain,1
BOAMP:25-10927,BOAMP_CURRENT,SIRET:13003051300019,SIRET,Université de Rennes,,13003051300019,Unknown,True,31.0,2025-01-31,2025-01-31,3.942181340341656,False,2025-05-31,0,17.21,17.21,,,,,,,,,none,M0_balanced; proxy recurrence: identifiable reappearance of a similar procurement need; not a legally verified renewal chain,1
BOAMP:25-13579,BOAMP_CURRENT,SIREN:225300011,SIREN_ENRICHED,Conseil Départemental de la Mayenne,225300011,,IT Services & Consulting,False,72.0,2025-02-06,2025-02-06,4.0,False,2025-06-06,1,3.29,,3.29,BOAMP:25-54937,0.64557,0.6,0.94043,0.74723,,1.0,M0_balanced,M0_balanced; proxy recurrence: identifiable reappearance of a similar procurement need; not a legally verified renewal chain,0
BOAMP:25-14799,BOAMP_CURRENT,SIREN:529260903,SIREN_ENRICHED,SOCIETE PUBLIQUE REGIONALE ABBAYE DE FONTEVRAUD,529260903,,Telecom & Networks,False,32.0,2025-02-09,2025-02-09,2.0,False,2025-04-09,1,1.05,,1.05,BOAMP:25-27783,1.0,1.0,0.92094,0.98419,0.54654,1.0,M0_balanced,M0_balanced; proxy recurrence: identifiable reappearance of a similar procurement need; not a legally verified renewal chain,0
BOAMP:25-15121,BOAMP_CURRENT,SIRET:21850191400566,SIRET,Ville de La Roche sur Yon (85),,21850191400566,Data & AI,False,44.0,2025-02-09,2025-02-09,3.942181340341656,False,2025-06-09,0,16.92,16.92,,,,,,,,,none,M0_balanced; proxy recurrence: identifiable reappearance of a similar procurement need; not a legally verified renewal chain,1
BOAMP:25-15261,BOAMP_CURRENT,SIREN:194909701,SIREN_ENRICHED,Université d'Angers,194909701,,Telecom & Networks,False,32.0,2025-02-11,2025-02-11,6.0,False,2025-08-11,0,16.85,16.85,,,,,,,,,none,M0_balanced; proxy recurrence: identifiable reappearance of a similar procurement need; not a legally verified renewal chain,1
BOAMP:25-15725,BOAMP_CURRENT,NAME:semitan mandataire nantes metropole,NAME,"SEMITAN, mandataire de Nantes Métropole",,,Data & AI,False,45.0,2025-02-12,2025-02-12,4.0,False,2025-06-12,0,16.82,16.82,,,,,,,,,none,M0_balanced; proxy recurrence: identifiable reappearance of a similar procurement need; not a legally verified renewal chain,1
BOAMP:25-15910,BOAMP_CURRENT,SIREN:488538877,SIREN_ENRICHED,Le Mans Métropole,488538877,,Cybersecurity,False,72.0,2025-02-12,2025-02-12,4.0,False,2025-06-12,0,16.82,16.82,,,,,,,,,none,M0_balanced; proxy recurrence: identifiable reappearance of a similar procurement need; not a legally verified renewal chain,1
BOAMP:25-17738,BOAMP_CURRENT,SIRET:24440040400129,SIRET,Nantes metropole,,24440040400129,Telecom & Networks,False,32.0,2025-02-16,2025-02-16,5.0,False,2025-07-16,0,16.69,16.69,,,,,,,,,none,M0_balanced; proxy recurrence: identifiable reappearance of a similar procurement need; not a legally verified renewal chain,1
BOAMP:25-18162,BOAMP_CURRENT,SIREN:935367433,SIREN_ENRICHED,Conseil départemental Loire Atlantique,935367433,,GIS & Mapping,False,71.0,2025-02-16,2025-02-16,4.0,False,2025-06-16,0,16.69,16.69,,,,,,,,,none,M0_balanced; proxy recurrence: identifiable reappearance of a similar procurement need; not a legally verified renewal chain,1
BOAMP:25-23877,BOAMP_CURRENT,SIRET:20007187600011,SIRET,Communauté d'agglomération Saumur Val de Loire (49),,20007187600011,IT Services & Consulting,False,72.0,2025-03-04,2025-03-04,3.942181340341656,False,2025-07-04,0,16.16,16.16,,,,,,,,,none,M0_balanced; proxy recurrence: identifiable reappearance of a similar procurement need; not a legally verified renewal chain,1
BOAMP:25-24140,BOAMP_CURRENT,SIREN:228500013,SIREN_ENRICHED,Département de la Vendée,228500013,,Cybersecurity,False,35.0,2025-03-05,2025-03-05,4.0,False,2025-07-05,0,16.13,16.13,,,,,,,,,none,M0_balanced; proxy recurrence: identifiable reappearance of a similar procurement need; not a legally verified renewal chain,1
BOAMP:25-24896,BOAMP_CURRENT,NAME:semitan,NAME,SEMITAN,,,Software & Applications,False,79.0,2025-03-06,2025-03-06,4.0,False,2025-07-06,0,16.1,16.1,,,,,,,,,none,M0_balanced; proxy recurrence: identifiable reappearance of a similar procurement need; not a legally verified renewal chain,1
BOAMP:25-26250,BOAMP_CURRENT,SIRET:21440114300018,SIRET,Ville d'Orvault,,21440114300018,IT Services & Consulting,False,72.0,2025-03-09,2025-03-09,5.913272010512483,False,2025-09-09,0,16.0,16.0,,,,,,,,,none,M0_balanced; proxy recurrence: identifiable reappearance of a similar procurement need; not a legally verified renewal chain,1
BOAMP:25-27146,BOAMP_CURRENT,SIRET:28530001800030,SIRET,SDIS 53,285300018,28530001800030,Cybersecurity,False,35.0,2025-03-12,2025-03-12,3.942181340341656,False,2025-07-12,0,15.9,15.9,,,,,,,,,none,M0_balanced; proxy recurrence: identifiable reappearance of a similar procurement need; not a legally verified renewal chain,1
BOAMP:25-27774,BOAMP_CURRENT,SIRET:19561718800600,SIRET,"UNIVERSITÉ  BRETAGNE SUD
Direction des affaires financières",,19561718800600,IT Services & Consulting,False,38.0,2025-03-13,2025-03-13,3.942181340341656,False,2025-07-13,0,15.87,15.87,,,,,,,,,none,M0_balanced; proxy recurrence: identifiable reappearance of a similar procurement need; not a legally verified renewal chain,1
BOAMP:25-27783,BOAMP_CURRENT,SIREN:529260903,SIREN_ENRICHED,SOCIETE PUBLIQUE REGIONALE ABBAYE DE FONTEVRAUD,529260903,,Telecom & Networks,False,32.0,2025-03-13,2025-03-13,2.0,False,2025-05-13,0,15.87,15.87,,,,,,,,,none,M0_balanced; proxy recurrence: identifiable reappearance of a similar procurement need; not a legally verified renewal chain,1
BOAMP:25-28394,BOAMP_CURRENT,SIREN:935367433,SIREN_ENRICHED,Conseil départemental Loire Atlantique,935367433,,IT Services & Consulting,False,72.0,2025-03-14,2025-03-14,4.0,False,2025-07-14,1,1.68,,1.68,BOAMP:25-50085,0.68086,0.2,0.80629,0.64322,0.09289,1.0,M0_balanced,M0_balanced; proxy recurrence: identifiable reappearance of a similar procurement need; not a legally verified renewal chain,0
BOAMP:25-28306,BOAMP_CURRENT,SIREN:227200029,SIREN_ENRICHED,Département de la Sarthe,227200029,,Digital Workplace & Collaboration,False,64.0,2025-03-14,2025-03-14,4.0,False,2025-07-14,0,15.83,15.83,,,,,,,,,none,M0_balanced; proxy recurrence: identifiable reappearance of a similar procurement need; not a legally verified renewal chain,1
BOAMP:25-29276,BOAMP_CURRENT,SIRET:21490328800014,SIRET,Ville de Saumur (49),,21490328800014,Unknown,False,50.0,2025-03-16,2025-03-16,3.942181340341656,False,2025-07-16,1,1.02,,1.02,BOAMP:25-42941,1.0,1.0,0.75635,0.95127,0.4671799999999999,1.0,M0_balanced,M0_balanced; proxy recurrence: identifiable reappearance of a similar procurement need; not a legally verified renewal chain,0
BOAMP:25-30074,BOAMP_CURRENT,SIRET:47865038500014,SIRET,CNIEG (Caisse Nationale des Industries Electriques et Gazières),,47865038500014,IT Services & Consulting,False,72.0,2025-03-19,2025-03-19,5.913272010512483,False,2025-09-19,0,15.67,15.67,,,,,,,,,none,M0_balanced; proxy recurrence: identifiable reappearance of a similar procurement need; not a legally verified renewal chain,1
BOAMP:25-31696,BOAMP_CURRENT,SIRET:13002591900015,SIRET,Office Français de la Biodiversité,130025919,13002591900015,Telecom & Networks,False,60.0,2025-03-21,2025-03-21,3.942181340341656,False,2025-07-21,0,15.6,15.6,,,,,,,,,none,M0_balanced; proxy recurrence: identifiable reappearance of a similar procurement need; not a legally verified renewal chain,1
BOAMP:25-32499,BOAMP_CURRENT,NAME:audencia eesc,NAME,AUDENCIA EESC,,,Data & AI,False,79.0,2025-03-23,2025-03-23,4.0,False,2025-07-23,0,15.54,15.54,,,,,,,,,none,M0_balanced; proxy recurrence: identifiable reappearance of a similar procurement need; not a legally verified renewal chain,1
BOAMP:25-32795,BOAMP_CURRENT,SIRET:28440002500011,SIRET,Centre de Gestion de la fonction publique territoriale de Loire-Atlantique,,28440002500011,Software & Applications,False,79.0,2025-03-25,2025-03-25,5.913272010512483,False,2025-09-25,0,15.47,15.47,,,,,,,,,none,M0_balanced; proxy recurrence: identifiable reappearance of a similar procurement need; not a legally verified renewal chain,1
BOAMP:25-32752,BOAMP_CURRENT,SIRET:24850058900317,SIRET,La Roche sur Yon Agglomération (85),521017848,24850058900317,IT Hardware & Equipment,False,30.0,2025-03-25,2025-03-25,3.942181340341656,False,2025-07-25,0,15.47,15.47,,,,,,,,,none,M0_balanced; proxy recurrence: identifiable reappearance of a similar procurement need; not a legally verified renewal chain,1
BOAMP:25-33463,BOAMP_CURRENT,SIRET:17440005100010,SIRET,CHU NANTES,264400136,17440005100010,IT Services & Consulting,False,72.0,2025-03-26,2025-03-26,6.0,False,2025-09-26,0,15.44,15.44,,,,,,,,,none,M0_balanced; proxy recurrence: identifiable reappearance of a similar procurement need; not a legally verified renewal chain,1
BOAMP:25-33262,BOAMP_CURRENT,SIRET:18450021300014,SIRET,CROUS d'Orléans Tours,,18450021300014,Cybersecurity,False,35.0,2025-03-26,2025-03-26,3.942181340341656,False,2025-07-26,0,15.44,15.44,,,,,,,,,none,M0_balanced; proxy recurrence: identifiable reappearance of a similar procurement need; not a legally verified renewal chain,1
BOAMP:25-37134,BOAMP_CURRENT,NAME:mte dgpr srn service central vigicrues,NAME,MTE/DGPR/SRN/service central Vigicrues,,,Telecom & Networks,False,32.0,2025-04-03,2025-04-03,6.0,False,2025-10-03,0,15.18,15.18,,,,,,,,,none,M0_balanced; proxy recurrence: identifiable reappearance of a similar procurement need; not a legally verified renewal chain,1
BOAMP:25-36966,BOAMP_CURRENT,SIREN:488538877,SIREN_ENRICHED,Le Mans Métropole,488538877,,Telecom & Networks,False,42.0,2025-04-03,2025-04-03,4.0,False,2025-08-03,0,15.18,15.18,,,,,,,,,none,M0_balanced; proxy recurrence: identifiable reappearance of a similar procurement need; not a legally verified renewal chain,1
BOAMP:25-36671,BOAMP_CURRENT,SIRET:25440253000011,SIRET,"Direction Cybersécurité, Cloud et IA",,25440253000011,IT Services & Consulting,False,72.0,2025-04-03,2025-04-03,1.0,False,2025-05-03,0,15.18,15.18,,,,,,,,,none,M0_balanced; proxy recurrence: identifiable reappearance of a similar procurement need; not a legally verified renewal chain,1
BOAMP:25-37259,BOAMP_CURRENT,SIREN:227200029,SIREN_ENRICHED,Département de la Sarthe,227200029,,Digital Workplace & Collaboration,False,64.0,2025-04-04,2025-04-04,4.0,False,2025-08-04,0,15.14,15.14,,,,,,,,,none,M0_balanced; proxy recurrence: identifiable reappearance of a similar procurement need; not a legally verified renewal chain,1
BOAMP:25-37275,BOAMP_CURRENT,SIRET:13001044000019,SIRET,I.F.C.E.,,13001044000019,Software & Applications,False,48.0,2025-04-04,2025-04-04,6.0,False,2025-10-04,0,15.14,15.14,,,,,,,,,none,M0_balanced; proxy recurrence: identifiable reappearance of a similar procurement need; not a legally verified renewal chain,1
BOAMP:25-37800,BOAMP_CURRENT,SIRET:24850058900317,SIRET,La Roche sur Yon Agglomération (85),521017848,24850058900317,Unknown,False,18.0,2025-04-04,2025-04-04,4.92772667542707,False,2025-09-04,0,15.14,15.14,,,,,,,,,none,M0_balanced; proxy recurrence: identifiable reappearance of a similar procurement need; not a legally verified renewal chain,1
BOAMP:25-38470,BOAMP_CURRENT,SIRET:17440005100010,SIRET,Département de Maine-et-Loire,224900019,17440005100010,IT Services & Consulting,False,72.0,2025-04-06,2025-04-06,4.0,False,2025-08-06,0,15.08,15.08,,,,,,,,,none,M0_balanced; proxy recurrence: identifiable reappearance of a similar procurement need; not a legally verified renewal chain,1
BOAMP:25-39434,BOAMP_CURRENT,SIRET:18440132100015,SIRET,CROUS de Nantes Pays de la Loire,,18440132100015,Unknown,False,50.0,2025-04-09,2025-04-09,3.942181340341656,False,2025-08-09,0,14.98,14.98,,,,,,,,,none,M0_balanced; proxy recurrence: identifiable reappearance of a similar procurement need; not a legally verified renewal chain,1
BOAMP:25-39459,BOAMP_CURRENT,SIRET:19440100600011,SIRET,Ecole Centrale de Nantes,194401006,19440100600011,Telecom & Networks,False,32.0,2025-04-09,2025-04-09,3.942181340341656,False,2025-08-09,0,14.98,14.98,,,,,,,,,none,M0_balanced; proxy recurrence: identifiable reappearance of a similar procurement need; not a legally verified renewal chain,1
BOAMP:25-41441,BOAMP_CURRENT,SIREN:214401846,SIREN_ENRICHED,VILLE DE SAINT NAZAIRE,214401846,,IT Services & Consulting,False,72.0,2025-04-13,2025-04-13,4.0,False,2025-08-13,0,14.85,14.85,,,,,,,,,none,M0_balanced; proxy recurrence: identifiable reappearance of a similar procurement need; not a legally verified renewal chain,1
BOAMP:25-42839,BOAMP_CURRENT,SIRET:19561718800600,SIRET,UNIVERSITE  BRETAGNE SUD,195617188,19561718800600,Unknown,False,38.0,2025-04-16,2025-04-16,3.942181340341656,False,2025-08-16,0,14.75,14.75,,,,,,,,,none,M0_balanced; proxy recurrence: identifiable reappearance of a similar procurement need; not a legally verified renewal chain,1
BOAMP:25-42941,BOAMP_CURRENT,SIRET:21490328800014,SIRET,Ville de Saumur (49),,21490328800014,Unknown,False,50.0,2025-04-16,2025-04-16,3.942181340341656,False,2025-08-16,0,14.75,14.75,,,,,,,,,none,M0_balanced; proxy recurrence: identifiable reappearance of a similar procurement need; not a legally verified renewal chain,1
BOAMP:25-43137,BOAMP_CURRENT,SIRET:19561718800600,SIRET,UNIVERSITE BRETAGNE SUD,,19561718800600,Unknown,False,37.0,2025-04-17,2025-04-17,3.942181340341656,False,2025-08-17,1,1.54,,1.54,BOAMP:25-61424,0.79061,1.0,0.80015,0.87209,,1.0,M0_balanced,M0_balanced; proxy recurrence: identifiable reappearance of a similar procurement need; not a legally verified renewal chain,0
BOAMP:25-45972,BOAMP_CURRENT,SIRET:23440003400026,SIRET,Région des Pays de la Loire,234400034,23440003400026,IT Services & Consulting,False,72.0,2025-04-24,2025-04-24,4.0,False,2025-08-24,0,14.49,14.49,,,,,,,,,none,M0_balanced; proxy recurrence: identifiable reappearance of a similar procurement need; not a legally verified renewal chain,1
BOAMP:25-48468,BOAMP_CURRENT,SIRET:24440043800127,SIRET,Grand Lieu Communauté,244400438,24440043800127,Cybersecurity,False,72.0,2025-04-30,2025-04-30,5.913272010512483,False,2025-10-30,0,14.29,14.29,,,,,,,,,none,M0_balanced; proxy recurrence: identifiable reappearance of a similar procurement need; not a legally verified renewal chain,1
BOAMP:25-48827,BOAMP_CURRENT,SIRET:24440040400129,SIRET,Nantes metropole,,24440040400129,IT Services & Consulting,False,72.0,2025-05-01,2025-05-01,5.0,False,2025-10-01,1,2.92,,2.92,BOAMP:25-86184,0.59771,0.4,0.82698,0.65843,0.1174799999999999,1.0,M0_balanced,M0_balanced; proxy recurrence: identifiable reappearance of a similar procurement need; not a legally verified renewal chain,0
BOAMP:25-49867,BOAMP_CURRENT,SIRET:24440040400129,SIRET,Nantes metropole,,24440040400129,IT Services & Consulting,False,72.0,2025-05-02,2025-05-02,5.0,False,2025-10-02,1,2.89,,2.89,BOAMP:25-86184,0.59771,0.4,0.82424,0.65789,0.1174899999999999,1.0,M0_balanced,M0_balanced; proxy recurrence: identifiable reappearance of a similar procurement need; not a legally verified renewal chain,0
BOAMP:25-49952,BOAMP_CURRENT,SIRET:24440043800127,SIRET,Grand Lieu Communauté,244400438,24440043800127,Cybersecurity,False,72.0,2025-05-04,2025-05-04,5.913272010512483,False,2025-11-04,0,14.16,14.16,,,,,,,,,none,M0_balanced; proxy recurrence: identifiable reappearance of a similar procurement need; not a legally verified renewal chain,1
BOAMP:25-50085,BOAMP_CURRENT,SIREN:935367433,SIREN_ENRICHED,Conseil départemental Loire Atlantique,935367433,,IT Services & Consulting,False,72.0,2025-05-04,2025-05-04,4.0,False,2025-09-04,0,14.16,14.16,,,,,,,,,none,M0_balanced; proxy recurrence: identifiable reappearance of a similar procurement need; not a legally verified renewal chain,1
BOAMP:25-51236,BOAMP_CURRENT,SIRET:24440040400129,SIRET,Nantes metropole,,24440040400129,IT Services & Consulting,False,72.0,2025-05-07,2025-05-07,5.0,False,2025-10-07,1,2.73,,2.73,BOAMP:25-86184,0.59771,0.4,0.81056,0.65515,0.1174899999999999,1.0,M0_balanced,M0_balanced; proxy recurrence: identifiable reappearance of a similar procurement need; not a legally verified renewal chain,0
BOAMP:25-51773,BOAMP_CURRENT,SIRET:24440040400129,SIRET,Nantes métropole,,24440040400129,Telecom & Networks,False,44.0,2025-05-08,2025-05-08,5.0,False,2025-10-08,0,14.03,14.03,,,,,,,,,none,M0_balanced; proxy recurrence: identifiable reappearance of a similar procurement need; not a legally verified renewal chain,1
BOAMP:25-51463,BOAMP_CURRENT,SIRET:24440040400129,SIRET,Nantes Métropole,794304097,24440040400129,IT Services & Consulting,False,72.0,2025-05-08,2025-05-08,5.0,False,2025-10-08,0,14.03,14.03,,,,,,,,,none,M0_balanced; proxy recurrence: identifiable reappearance of a similar procurement need; not a legally verified renewal chain,1
BOAMP:25-51370,BOAMP_CURRENT,SIRET:24440040400129,SIRET,Nantes Métropole,794304097,24440040400129,IT Services & Consulting,False,72.0,2025-05-08,2025-05-08,5.0,False,2025-10-08,0,14.03,14.03,,,,,,,,,none,M0_balanced; proxy recurrence: identifiable reappearance of a similar procurement need; not a legally verified renewal chain,1
BOAMP:25-52714,BOAMP_CURRENT,SIRET:17440005100010,SIRET,REGION DES PAYS DE LA LOIRE,234400034,17440005100010,Digital Workplace & Collaboration,False,72.0,2025-05-11,2025-05-11,4.0,False,2025-09-11,0,13.93,13.93,,,,,,,,,none,M0_balanced; proxy recurrence: identifiable reappearance of a similar procurement need; not a legally verified renewal chain,1
BOAMP:25-53516,BOAMP_CURRENT,SIRET:80355563000018,SIRET,E-TOILE Coordonnateur groupement comm,,80355563000018,IT Services & Consulting,True,72.0,2025-05-14,2025-05-14,3.942181340341656,False,2025-09-14,0,13.83,13.83,,,,,,,,,none,M0_balanced; proxy recurrence: identifiable reappearance of a similar procurement need; not a legally verified renewal chain,1
BOAMP:25-53540,BOAMP_CURRENT,SIRET:25440253000011,SIRET,Groupement d'intérêt public GIGALIS,254402530,25440253000011,Digital Workplace & Collaboration,False,72.0,2025-05-14,2025-05-14,6.0,False,2025-11-14,0,13.83,13.83,,,,,,,,,none,M0_balanced; proxy recurrence: identifiable reappearance of a similar procurement need; not a legally verified renewal chain,1
BOAMP:25-54937,BOAMP_CURRENT,SIREN:225300011,SIREN_ENRICHED,Conseil Départemental de la Mayenne,225300011,,IT Services & Consulting,False,72.0,2025-05-17,2025-05-17,4.0,False,2025-09-17,0,13.73,13.73,,,,,,,,,none,M0_balanced; proxy recurrence: identifiable reappearance of a similar procurement need; not a legally verified renewal chain,1
BOAMP:25-55152,BOAMP_CURRENT,SIREN:935367433,SIREN_ENRICHED,Conseil départemental Loire Atlantique,935367433,,IT Hardware & Equipment,False,30.0,2025-05-18,2025-05-18,5.0,False,2025-10-18,0,13.7,13.7,,,,,,,,,none,M0_balanced; proxy recurrence: identifiable reappearance of a similar procurement need; not a legally verified renewal chain,1
BOAMP:25-56786,BOAMP_CURRENT,SIRET:12001002000028,SIRET,Casier judiciaire national,130025158,12001002000028,Cybersecurity,False,35.0,2025-05-22,2025-05-22,2.9566360052562417,False,2025-08-22,0,13.57,13.57,,,,,,,,,none,M0_balanced; proxy recurrence: identifiable reappearance of a similar procurement need; not a legally verified renewal chain,1
BOAMP:25-57091,BOAMP_CURRENT,SIRET:23440003400026,SIRET,Région des Pays de la Loire,234400034,23440003400026,IT Services & Consulting,False,72.0,2025-05-22,2025-05-22,4.0,False,2025-09-22,0,13.57,13.57,,,,,,,,,none,M0_balanced; proxy recurrence: identifiable reappearance of a similar procurement need; not a legally verified renewal chain,1
BOAMP:25-58198,BOAMP_CURRENT,SIRET:24440040400129,SIRET,Nantes métropole,,24440040400129,Telecom & Networks,False,44.0,2025-05-25,2025-05-25,5.0,False,2025-10-25,0,13.47,13.47,,,,,,,,,none,M0_balanced; proxy recurrence: identifiable reappearance of a similar procurement need; not a legally verified renewal chain,1
BOAMP:25-58107,BOAMP_CURRENT,SIRET:83095506800044,SIRET,ANGERS LOIRE TOURISME EXPO CONGRES,830955068,83095506800044,Data & AI,False,72.0,2025-05-25,2025-05-25,3.942181340341656,False,2025-09-25,0,13.47,13.47,,,,,,,,,none,M0_balanced; proxy recurrence: identifiable reappearance of a similar procurement need; not a legally verified renewal chain,1
BOAMP:25-58342,BOAMP_CURRENT,SIREN:214401036,SIREN_ENRICHED,Mairie de Montoir de Bretagne,214401036,,Telecom & Networks,False,32.0,2025-05-25,2025-05-25,4.0,False,2025-09-25,0,13.47,13.47,,,,,,,,,none,M0_balanced; proxy recurrence: identifiable reappearance of a similar procurement need; not a legally verified renewal chain,1
BOAMP:25-60552,BOAMP_CURRENT,SIRET:20008213900011,SIRET,Ville des Sables d'Olonne,414106039,20008213900011,Unknown,False,18.0,2025-05-30,2025-05-30,3.0,False,2025-08-30,0,13.3,13.3,,,,,,,,,none,M0_balanced; proxy recurrence: identifiable reappearance of a similar procurement need; not a legally verified renewal chain,1
BOAMP:25-61424,BOAMP_CURRENT,SIRET:19561718800600,SIRET,Universite bretagne Sud,,19561718800600,Unknown,False,37.0,2025-06-03,2025-06-03,3.942181340341656,False,2025-10-03,0,13.17,13.17,,,,,,,,,none,M0_balanced; proxy recurrence: identifiable reappearance of a similar procurement need; not a legally verified renewal chain,1
BOAMP:25-61834,BOAMP_CURRENT,SIREN:217500016,SIREN_ENRICHED,Ville du Mans,217500016,,Cybersecurity,False,35.0,2025-06-04,2025-06-04,4.0,False,2025-10-04,0,13.14,13.14,,,,,,,,,none,M0_balanced; proxy recurrence: identifiable reappearance of a similar procurement need; not a legally verified renewal chain,1
BOAMP:25-61977,BOAMP_CURRENT,SIRET:23440003400026,SIRET,Région des Pays de la Loire,234400034,23440003400026,Telecom & Networks,False,32.0,2025-06-04,2025-06-04,5.0,False,2025-11-04,0,13.14,13.14,,,,,,,,,none,M0_balanced; proxy recurrence: identifiable reappearance of a similar procurement need; not a legally verified renewal chain,1
BOAMP:25-63325,BOAMP_CURRENT,SIRET:05720113900045,SIRET,PODELIHA,927831396,05720113900045,IT Services & Consulting,False,72.0,2025-06-06,2025-06-06,3.942181340341656,False,2025-10-06,0,13.07,13.07,,,,,,,,,none,M0_balanced; proxy recurrence: identifiable reappearance of a similar procurement need; not a legally verified renewal chain,1
BOAMP:25-63820,BOAMP_CURRENT,SIRET:26720016000013,SIRET,CH LE MANS,,26720016000013,Unknown,False,50.0,2025-06-08,2025-06-08,6.0,False,2025-12-08,0,13.01,13.01,,,,,,,,,none,M0_balanced; proxy recurrence: identifiable reappearance of a similar procurement need; not a legally verified renewal chain,1
BOAMP:25-66488,BOAMP_CURRENT,SIRET:21440162200011,SIRET,Mairie de Saint-Herblain,214401622,21440162200011,Telecom & Networks,False,32.0,2025-06-15,2025-06-15,6.0,False,2025-12-15,0,12.78,12.78,,,,,,,,,none,M0_balanced; proxy recurrence: identifiable reappearance of a similar procurement need; not a legally verified renewal chain,1
BOAMP:25-70695,BOAMP_CURRENT,SIRET:24490001500011,SIRET,Angers Loire Metropole (49),,24490001500011,IT Services & Consulting,False,72.0,2025-06-25,2025-06-25,5.0,False,2025-11-25,0,12.45,12.45,,,,,,,,,none,M0_balanced; proxy recurrence: identifiable reappearance of a similar procurement need; not a legally verified renewal chain,1
BOAMP:25-71451,BOAMP_CURRENT,SIRET:13000190200068,SIRET,SID Nord-Ouest,,13000190200068,Telecom & Networks,False,32.0,2025-06-26,2025-06-26,5.913272010512483,False,2025-12-26,0,12.42,12.42,,,,,,,,,none,M0_balanced; proxy recurrence: identifiable reappearance of a similar procurement need; not a legally verified renewal chain,1
BOAMP:25-73236,BOAMP_CURRENT,SIRET:13002974700016,SIRET,Nantes Université,130029747,13002974700016,IT Services & Consulting,False,72.0,2025-07-01,2025-07-01,6.0,False,2026-01-01,0,12.25,12.25,,,,,,,,,none,M0_balanced; proxy recurrence: identifiable reappearance of a similar procurement need; not a legally verified renewal chain,1
BOAMP:25-73811,BOAMP_CURRENT,SIREN:227200029,SIREN_ENRICHED,Département de la Sarthe,227200029,,Digital Workplace & Collaboration,False,72.0,2025-07-02,2025-07-02,4.0,False,2025-11-02,1,1.38,,1.38,BOAMP:25-91547,1.0,1.0,0.78165,0.95633,,1.0,M0_balanced,M0_balanced; proxy recurrence: identifiable reappearance of a similar procurement need; not a legally verified renewal chain,0
BOAMP:25-73652,BOAMP_CURRENT,SIRET:24440055200026,SIRET,Cté de Cnes du Pays d'Ancenis,,24440055200026,IT Services & Consulting,True,72.0,2025-07-02,2025-07-02,4.92772667542707,False,2025-12-02,0,12.22,12.22,,,,,,,,,none,M0_balanced; proxy recurrence: identifiable reappearance of a similar procurement need; not a legally verified renewal chain,1
BOAMP:25-74485,BOAMP_CURRENT,SIRET:21490328800014,SIRET,Ville de Saumur (49),,21490328800014,Telecom & Networks,False,32.0,2025-07-03,2025-07-03,3.942181340341656,False,2025-11-03,0,12.19,12.19,,,,,,,,,none,M0_balanced; proxy recurrence: identifiable reappearance of a similar procurement need; not a legally verified renewal chain,1
BOAMP:25-74706,BOAMP_CURRENT,SIRET:24440040400129,SIRET,Nantes Métropole,794304097,24440040400129,IT Services & Consulting,False,72.0,2025-07-03,2025-07-03,5.0,False,2025-12-03,0,12.19,12.19,,,,,,,,,none,M0_balanced; proxy recurrence: identifiable reappearance of a similar procurement need; not a legally verified renewal chain,1
BOAMP:25-75427,BOAMP_CURRENT,SIREN:488538877,SIREN_ENRICHED,Le Mans Métropole,488538877,,Telecom & Networks,False,32.0,2025-07-04,2025-07-04,4.0,False,2025-11-04,0,12.16,12.16,,,,,,,,,none,M0_balanced; proxy recurrence: identifiable reappearance of a similar procurement need; not a legally verified renewal chain,1
BOAMP:25-76566,BOAMP_CURRENT,SIRET:19753472000010,SIRET,Ecole Nationale Supérieure d'Arts et Métiers,197534720,19753472000010,Software & Applications,False,48.0,2025-07-08,2025-07-08,3.942181340341656,False,2025-11-08,0,12.02,12.02,,,,,,,,,none,M0_balanced; proxy recurrence: identifiable reappearance of a similar procurement need; not a legally verified renewal chain,1
BOAMP:25-77329,BOAMP_CURRENT,SIRET:21850128600015,SIRET,Ville de Luçon (85),,21850128600015,Unknown,False,18.0,2025-07-09,2025-07-09,3.942181340341656,False,2025-11-09,0,11.99,11.99,,,,,,,,,none,M0_balanced; proxy recurrence: identifiable reappearance of a similar procurement need; not a legally verified renewal chain,1
BOAMP:25-78625,BOAMP_CURRENT,SIREN:228500013,SIREN_ENRICHED,Département de la Vendée,228500013,,Telecom & Networks,False,32.0,2025-07-11,2025-07-11,4.0,False,2025-11-11,0,11.93,11.93,,,,,,,,,none,M0_balanced; proxy recurrence: identifiable reappearance of a similar procurement need; not a legally verified renewal chain,1
BOAMP:25-78511,BOAMP_CURRENT,SIRET:21490328800014,SIRET,Ville de Saumur (49),,21490328800014,Telecom & Networks,False,32.0,2025-07-11,2025-07-11,3.942181340341656,False,2025-11-11,0,11.93,11.93,,,,,,,,,none,M0_balanced; proxy recurrence: identifiable reappearance of a similar procurement need; not a legally verified renewal chain,1
BOAMP:25-79177,BOAMP_CURRENT,SIRET:20007191800011,SIRET,Communauté de Communes du Pays de Saint-Fulgent - Les Essarts (85),,20007191800011,IT Hardware & Equipment,False,30.0,2025-07-12,2025-07-12,3.942181340341656,False,2025-11-12,0,11.89,11.89,,,,,,,,,none,M0_balanced; proxy recurrence: identifiable reappearance of a similar procurement need; not a legally verified renewal chain,1
BOAMP:25-86319,BOAMP_CURRENT,SIRET:83095506800044,SIRET,ANGERS LOIRE TOURISME EXPO CONGRES,830955068,83095506800044,Unknown,False,79.0,2025-07-29,2025-07-29,3.942181340341656,False,2025-11-29,0,11.33,11.33,,,,,,,,,none,M0_balanced; proxy recurrence: identifiable reappearance of a similar procurement need; not a legally verified renewal chain,1
BOAMP:25-86184,BOAMP_CURRENT,SIRET:24440040400129,SIRET,Nantes Métropole,794304097,24440040400129,Cybersecurity,False,72.0,2025-07-29,2025-07-29,5.0,False,2025-12-29,0,11.33,11.33,,,,,,,,,none,M0_balanced; proxy recurrence: identifiable reappearance of a similar procurement need; not a legally verified renewal chain,1
BOAMP:25-88046,BOAMP_CURRENT,NAME:audencia eesc,NAME,AUDENCIA EESC,,,Telecom & Networks,False,32.0,2025-08-02,2025-08-02,4.0,False,2025-12-02,0,11.2,11.2,,,,,,,,,none,M0_balanced; proxy recurrence: identifiable reappearance of a similar procurement need; not a legally verified renewal chain,1
BOAMP:25-88003,BOAMP_CURRENT,SIRET:20006001000051,SIRET,Mauges Communauté,200060010,20006001000051,Unknown,False,60.0,2025-08-02,2025-08-02,3.942181340341656,False,2025-12-02,0,11.2,11.2,,,,,,,,,none,M0_balanced; proxy recurrence: identifiable reappearance of a similar procurement need; not a legally verified renewal chain,1
BOAMP:25-91547,BOAMP_CURRENT,SIREN:227200029,SIREN_ENRICHED,Département de la Sarthe,227200029,,Digital Workplace & Collaboration,False,72.0,2025-08-13,2025-08-13,4.0,False,2025-12-13,0,10.84,10.84,,,,,,,,,none,M0_balanced; proxy recurrence: identifiable reappearance of a similar procurement need; not a legally verified renewal chain,1
BOAMP:25-96474,BOAMP_CURRENT,SIREN:529260903,SIREN_ENRICHED,SOCIETE PUBLIQUE REGIONALE ABBAYE DE FONTEVRAUD,529260903,,Unknown,False,92.0,2025-08-31,2025-08-31,4.0,False,2025-12-31,0,10.25,10.25,,,,,,,,,none,M0_balanced; proxy recurrence: identifiable reappearance of a similar procurement need; not a legally verified renewal chain,1
BOAMP:25-98483,BOAMP_CURRENT,SIRET:20009665900012,SIRET,CIAS de La Roche-sur-Yon (85),,20009665900012,Data & AI,False,50.0,2025-09-05,2025-09-05,4.0,False,2026-01-05,0,10.09,10.09,,,,,,,,,none,M0_balanced; proxy recurrence: identifiable reappearance of a similar procurement need; not a legally verified renewal chain,1
