buyer_name_raw,buyer_name_clean,buyer_key,buyer_key_enriched,enriched_siren,enriched_siret,enriched_name,enrichment_score,enrichment_confidence,enrichment_source,enrichment_status,diagnostic,n_candidates,margin
SMICTOM de la Vallée de l'Authion,smictom de la vallee de l authion,NAME:smictom de la vallee de l authion,NAME:smictom de la vallee de l authion,,,,,NO_MATCH,api_recherche_entreprises,no_match,no API candidates returned,0,
Sdis de la Mayenne,de la mayenne,NAME:de la mayenne,SIREN:285300018,285300018,28530001800030,SCE DEPARTEMENTAL INCENDIE ET SECOURS (SDIS),100.0,HIGH,api_recherche_entreprises,matched,"score=100.0, n_cands=2, margin=29.2",2,29.2
Ville de Rezé,reze,NAME:reze,SIREN:214401432,214401432,21440143200015,COMMUNE DE REZE,100.0,HIGH,api_recherche_entreprises,matched,"score=100.0, n_cands=1, margin=N/A",1,
Ville de Nantes,nantes,NAME:nantes,SIREN:214401093,214401093,21440109300015,COMMUNE DE NANTES,100.0,HIGH,api_recherche_entreprises,matched,"score=100.0, n_cands=8, margin=27.0",8,27.0
SDIS de la Sarthe,de la sarthe,NAME:de la sarthe,SIREN:287200265,287200265,28720026500018,SCE DEPARTEMENTAL INCENDIE ET SECOURS (SDIS),100.0,HIGH,api_recherche_entreprises,matched,"score=100.0, n_cands=9, margin=26.6",9,26.6
Conseil régional des Pays de la Loire,des pays de la loire,NAME:des pays de la loire,SIREN:234400034,234400034,23440003400026,REGION DES PAYS DE LA LOIRE,81.3,HIGH,api_recherche_entreprises,matched,"score=81.3, n_cands=1, margin=N/A",1,
IRCANTEC,ircantec,NAME:ircantec,SIREN:784301525,784301525,78430152500050,IRCANTEC,100.0,HIGH,api_recherche_entreprises,matched,"score=100.0, n_cands=1, margin=N/A",1,
ACOSS,acoss,NAME:acoss,NAME:acoss,,,,26.5,NO_MATCH,api_recherche_entreprises,no_match,score=26.5 (below LOW threshold),3,-48.2
CHU de Nantes,de nantes,NAME:de nantes,SIREN:264400136,264400136,26440013600471,CHU NANTES (CHU),91.3,HIGH,api_recherche_entreprises,matched,"score=91.3, n_cands=1, margin=N/A",1,
Ville de Bouguenais,bouguenais,NAME:bouguenais,SIREN:214400202,214400202,21440020200013,COMMUNE DE BOUGUENAIS,100.0,HIGH,api_recherche_entreprises,matched,"score=100.0, n_cands=1, margin=N/A",1,
CHU d'Angers,d angers,NAME:d angers,NAME:d angers,,,,44.8,NO_MATCH,api_recherche_entreprises,no_match,score=44.8 (below LOW threshold),1,
MINDEF/DGA/DT/SCAT,mindef dga dt scat,NAME:mindef dga dt scat,NAME:mindef dga dt scat,,,,,NO_MATCH,api_recherche_entreprises,no_match,no API candidates returned,0,
CNIEG,cnieg,NAME:cnieg,NAME:cnieg,,,,29.3,NO_MATCH,api_recherche_entreprises,no_match,score=29.3 (below LOW threshold),1,
Le Mans Métropole - Communauté Urbaine,le mans metropole communaute urbaine,NAME:le mans metropole communaute urbaine,SIREN:247200132,247200132,24720013200014,LE MANS METROPOLE COMMUNAUTE URBAINE,100.0,HIGH,api_recherche_entreprises,matched,"score=100.0, n_cands=4, margin=60.5",4,60.5
Cté de Cnes de l'Ile de Noirmoutier,cte de cnes de l ile de noirmoutier,NAME:cte de cnes de l ile de noirmoutier,NAME:cte de cnes de l ile de noirmoutier,,,,,NO_MATCH,api_recherche_entreprises,no_match,no API candidates returned,0,
Conseil général de la Vendée,conseil general de la vendee,NAME:conseil general de la vendee,NAME:conseil general de la vendee,,,,52.7,NO_MATCH,api_recherche_entreprises,no_match,score=52.7 (below LOW threshold),1,
Ville du Mans,ville du mans,NAME:ville du mans,NAME:ville du mans,,,,63.6,LOW,api_recherche_entreprises,matched,score=63.6 (below MEDIUM threshold),10,4.3
Ville d'Angers,ville d angers,NAME:ville d angers,SIREN:532458809,532458809,53245880900029,VIGNE EN VILLE ANGERS,88.0,HIGH,api_recherche_entreprises,matched,"score=88.0, n_cands=10, margin=24.2",10,24.2
Ministère des Affaires étrangères,ministere des affaires etrangeres,NAME:ministere des affaires etrangeres,SIREN:110006012,110006012,11000601200014,MINISTERE DE L'EUROPE ET DES AFFAIRES ETRANGERES,97.2,HIGH,api_recherche_entreprises,matched,"score=97.2, n_cands=10, margin=20.2",10,20.2
SDIS du Maine et Loire,du maine et loire,NAME:du maine et loire,SIREN:284900016,284900016,28490001600023,SCE DEPARTEMENTAL INCENDIE ET SECOURS (SDIS),100.0,HIGH,api_recherche_entreprises,matched,"score=100.0, n_cands=3, margin=38.0",3,38.0
Ville de La Roche-sur-Yon,la roche sur yon,NAME:la roche sur yon,SIREN:218501914,218501914,21850191400566,COMMUNE DE LA ROCHE-SUR-YON,100.0,HIGH,api_recherche_entreprises,matched,"score=100.0, n_cands=1, margin=N/A",1,
RESIDENCES SAINT ALEXANDRE,residences saint alexandre,NAME:residences saint alexandre,NAME:residences saint alexandre,,,,59.8,LOW,api_recherche_entreprises,matched,score=59.8 (below MEDIUM threshold),1,
Commune de Saint-Herblain,saint herblain,NAME:saint herblain,SIREN:214401622,214401622,21440162200011,COMMUNE DE SAINT-HERBLAIN,100.0,HIGH,api_recherche_entreprises,matched,"score=100.0, n_cands=2, margin=40.2",2,40.2
SDIS 85,85,NAME:85,SIREN:288500010,288500010,28850001000013,SCE DEPARTEMENTAL INCENDIE ET SECOURS (SDIS),100.0,HIGH,api_recherche_entreprises,matched,"score=100.0, n_cands=3, margin=52.5",3,52.5
Centre Hospitalier de Cholet,de cholet,NAME:de cholet,SIREN:264900390,264900390,26490039000016,CENTRE HOSPITALIER DE CHOLET,100.0,HIGH,api_recherche_entreprises,matched,"score=100.0, n_cands=10, margin=7.3",10,7.3
Conseil Général de la Sarthe,conseil general de la sarthe,NAME:conseil general de la sarthe,NAME:conseil general de la sarthe,,,,52.7,NO_MATCH,api_recherche_entreprises,no_match,score=52.7 (below LOW threshold),1,
Ville du Croisic,ville du croisic,NAME:ville du croisic,SIREN:451324974,451324974,45132497400018,VILLE DU CROISIC V,100.0,HIGH,api_recherche_entreprises,matched,"score=100.0, n_cands=10, margin=43.1",10,43.1
Nantes Métropole,nantes metropole,NAME:nantes metropole,NAME:nantes metropole,,,,84.2,MEDIUM,api_recherche_entreprises,matched,score=84.2 (below HIGH threshold or margin too small),10,-1.8
CDC du Pays de Saint Gilles Cx de Vie,cdc du pays de saint gilles cx de vie,NAME:cdc du pays de saint gilles cx de vie,NAME:cdc du pays de saint gilles cx de vie,,,,,NO_MATCH,api_recherche_entreprises,no_match,no API candidates returned,0,
VALLET,vallet,NAME:vallet,NAME:vallet,,,,68.0,LOW,api_recherche_entreprises,matched,score=68.0 (below MEDIUM threshold),10,12.0
CCIR Pays de la Loire,ccir pays de la loire,NAME:ccir pays de la loire,NAME:ccir pays de la loire,,,,54.9,NO_MATCH,api_recherche_entreprises,no_match,score=54.9 (below LOW threshold),1,
Conseil général de Loire-Atlantique,conseil general de loire atlantique,NAME:conseil general de loire atlantique,NAME:conseil general de loire atlantique,,,,70.7,MEDIUM,api_recherche_entreprises,matched,score=70.7 (below HIGH threshold or margin too small),1,
Vendée Eau,vendee eau,NAME:vendee eau,SIREN:258500222,258500222,25850022200033,VENDEE EAU,100.0,HIGH,api_recherche_entreprises,matched,"score=100.0, n_cands=10, margin=50.3",10,50.3
Pole Santé Sarthe et Loire,pole sante sarthe et loire,NAME:pole sante sarthe et loire,NAME:pole sante sarthe et loire,,,,35.3,NO_MATCH,api_recherche_entreprises,no_match,score=35.3 (below LOW threshold),1,
DIR Ouest,dir ouest,NAME:dir ouest,NAME:dir ouest,,,,40.7,NO_MATCH,api_recherche_entreprises,no_match,score=40.7 (below LOW threshold),2,15.7
Ville de Saint Sébastien sur Loire,saint sebastien sur loire,NAME:saint sebastien sur loire,SIREN:214401903,214401903,21440190300155,COMMUNE DE SAINT-SEBASTIEN-SUR-LOIRE,100.0,HIGH,api_recherche_entreprises,matched,"score=100.0, n_cands=1, margin=N/A",1,
Syndicat Départemental d'Energie,syndicat departemental d energie,NAME:syndicat departemental d energie,NAME:syndicat departemental d energie,,,,71.6,MEDIUM,api_recherche_entreprises,matched,score=71.6 (below HIGH threshold or margin too small),4,35.7
Université d'Angers,universite d angers,NAME:universite d angers,SIREN:194909701,194909701,19490970100303,UNIVERSITE D'ANGERS,100.0,HIGH,api_recherche_entreprises,matched,"score=100.0, n_cands=1, margin=N/A",1,
O.P.H LE MANS HABITAT,o p h le mans habitat,NAME:o p h le mans habitat,NAME:o p h le mans habitat,,,,,NO_MATCH,api_recherche_entreprises,no_match,no API candidates returned,0,
e-Collectivités Vendée,e collectivites vendee,NAME:e collectivites vendee,NAME:e collectivites vendee,,,,,NO_MATCH,api_recherche_entreprises,no_match,no API candidates returned,0,
GPM de Nantes - St Nazaire,gpm de nantes st nazaire,NAME:gpm de nantes st nazaire,NAME:gpm de nantes st nazaire,,,,,NO_MATCH,api_recherche_entreprises,no_match,no API candidates returned,0,
SAEM Vendée,saem vendee,NAME:saem vendee,NAME:saem vendee,,,,,NO_MATCH,api_recherche_entreprises,no_match,no API candidates returned,0,
CG49,cg49,NAME:cg49,NAME:cg49,,,,,NO_MATCH,api_recherche_entreprises,no_match,no API candidates returned,0,
GIE SESAM Vitale,gie sesam vitale,NAME:gie sesam vitale,SIREN:391722881,391722881,39172288100052,GIE SESAM VITALE,100.0,HIGH,api_recherche_entreprises,matched,"score=100.0, n_cands=1, margin=N/A",1,
Centre Hospitalier du Haut Anjou,du haut anjou,NAME:du haut anjou,SIREN:265300087,265300087,26530008700011,CENTRE HOSPITALIER DU HAUT ANJOU,100.0,HIGH,api_recherche_entreprises,matched,"score=100.0, n_cands=10, margin=26.8",10,26.8
ADEME,ademe,NAME:ademe,NAME:ademe,,,,28.8,NO_MATCH,api_recherche_entreprises,no_match,score=28.8 (below LOW threshold),10,-50.6
CH LE MANS,le mans,NAME:le mans,NAME:le mans,,,,37.3,NO_MATCH,api_recherche_entreprises,no_match,score=37.3 (below LOW threshold),10,-4.2
Centre hospitalier de Saumur,de saumur,NAME:de saumur,SIREN:264900523,264900523,26490052300012,CENTRE HOSPITALIER DE SAUMUR,100.0,HIGH,api_recherche_entreprises,matched,"score=100.0, n_cands=9, margin=45.9",9,45.9
Concarneau Cornouaille Agglomération,concarneau cornouaille agglomeration,NAME:concarneau cornouaille agglomeration,SIREN:242900769,242900769,24290076900124,CONCARNEAU CORNOUAILLE AGGLOMERATION,100.0,HIGH,api_recherche_entreprises,matched,"score=100.0, n_cands=2, margin=28.0",2,28.0
Ville d'Allonnes,ville d allonnes,NAME:ville d allonnes,SIREN:791052491,791052491,79105249100010,VILLE D ALLONNES RUNNING,85.8,HIGH,api_recherche_entreprises,matched,"score=85.8, n_cands=8, margin=34.7",8,34.7
Cté d'Agglomération du Choletais,cte d agglomeration du choletais,NAME:cte d agglomeration du choletais,NAME:cte d agglomeration du choletais,,,,41.0,NO_MATCH,api_recherche_entreprises,no_match,score=41.0 (below LOW threshold),1,
Angers Loire Métropole,angers loire metropole,NAME:angers loire metropole,SIREN:244900015,244900015,24490001500011,COMMUNAUTE URBAINE ANGERS LOIRE METROPOLE,77.8,HIGH,api_recherche_entreprises,matched,"score=77.8, n_cands=10, margin=18.0",10,18.0
GCS eSanté Pays de la Loire,gcs esante pays de la loire,NAME:gcs esante pays de la loire,NAME:gcs esante pays de la loire,,,,,NO_MATCH,api_recherche_entreprises,no_match,no API candidates returned,0,
Syndicat Trivalis,syndicat trivalis,NAME:syndicat trivalis,NAME:syndicat trivalis,,,,25.4,NO_MATCH,api_recherche_entreprises,no_match,score=25.4 (below LOW threshold),1,
Ville de Talmont Saint Hilaire,talmont saint hilaire,NAME:talmont saint hilaire,SIREN:218502888,218502888,21850288800017,COMMUNE DE TALMONT-SAINT-HILAIRE,100.0,HIGH,api_recherche_entreprises,matched,"score=100.0, n_cands=1, margin=N/A",1,
INRA - Formation permanente nationale,inra formation permanente nationale,NAME:inra formation permanente nationale,NAME:inra formation permanente nationale,,,,,NO_MATCH,api_recherche_entreprises,no_match,no API candidates returned,0,
Commune de Saint-Nazaire,saint nazaire,NAME:saint nazaire,SIREN:214401846,214401846,21440184600016,COMMUNE DE SAINT-NAZAIRE,100.0,HIGH,api_recherche_entreprises,matched,"score=100.0, n_cands=1, margin=N/A",1,
commune de Le Pellerin,le pellerin,NAME:le pellerin,SIREN:214401200,214401200,21440120000016,COMMUNE DU PELLERIN,100.0,HIGH,api_recherche_entreprises,matched,"score=100.0, n_cands=2, margin=33.1",2,33.1
Ville de Vertou,vertou,NAME:vertou,SIREN:214402158,214402158,21440215800015,COMMUNE DE VERTOU,100.0,HIGH,api_recherche_entreprises,matched,"score=100.0, n_cands=1, margin=N/A",1,
Ecole Centrale de Nantes,ecole centrale de nantes,NAME:ecole centrale de nantes,SIREN:194401006,194401006,19440100600011,ECOLE CENTRALE DE NANTES,100.0,HIGH,api_recherche_entreprises,matched,"score=100.0, n_cands=10, margin=18.3",10,18.3
Ville de Carquefou,carquefou,NAME:carquefou,SIREN:214400269,214400269,21440026900012,COMMUNE DE CARQUEFOU,100.0,HIGH,api_recherche_entreprises,matched,"score=100.0, n_cands=1, margin=N/A",1,
Commune de Pornic,pornic,NAME:pornic,SIREN:214401317,214401317,21440131700018,COMMUNE DE PORNIC,100.0,HIGH,api_recherche_entreprises,matched,"score=100.0, n_cands=6, margin=43.1",6,43.1
Département de la Sarthe,la sarthe,NAME:la sarthe,SIREN:227200029,227200029,22720002900014,DEPARTEMENT DE LA SARTHE,100.0,HIGH,api_recherche_entreprises,matched,"score=100.0, n_cands=1, margin=N/A",1,
Sarthe Habitat,sarthe habitat,NAME:sarthe habitat,SIREN:403040850,403040850,40304085000022,SARTHE HABITAT,100.0,HIGH,api_recherche_entreprises,matched,"score=100.0, n_cands=10, margin=0.0",10,0.0
SAELSI,saelsi,NAME:saelsi,NAME:saelsi,,,,16.0,NO_MATCH,api_recherche_entreprises,no_match,score=16.0 (below LOW threshold),2,0.4
CNDP,cndp,NAME:cndp,SIREN:940022890,940022890,94002289000013,CNDP,100.0,HIGH,api_recherche_entreprises,matched,"score=100.0, n_cands=10, margin=0.0",10,0.0
Régie Dépt Passages d'Eau de Vendée,regie dept passages d eau de vendee,NAME:regie dept passages d eau de vendee,NAME:regie dept passages d eau de vendee,,,,,NO_MATCH,api_recherche_entreprises,no_match,no API candidates returned,0,
Saumur Agglopropreté,saumur aggloproprete,NAME:saumur aggloproprete,SIREN:794885913,794885913,79488591300010,SAUMUR AGGLOPROPRETE,100.0,HIGH,api_recherche_entreprises,matched,"score=100.0, n_cands=2, margin=34.9",2,34.9
SICTOM Loir et Sarthe,sictom loir et sarthe,NAME:sictom loir et sarthe,NAME:sictom loir et sarthe,,,,39.0,NO_MATCH,api_recherche_entreprises,no_match,score=39.0 (below LOW threshold),1,
Chambre Agriculture Pays de la Loire,chambre agriculture pays de la loire,NAME:chambre agriculture pays de la loire,SIREN:130031487,130031487,13003148700015,CHAMBRE D'AGRICULTURE DE REGION PAYS DE LA LOIRE,97.6,HIGH,api_recherche_entreprises,matched,"score=97.6, n_cands=10, margin=65.0",10,65.0
C.H.S. de la Sarthe,c h s de la sarthe,NAME:c h s de la sarthe,NAME:c h s de la sarthe,,,,44.1,NO_MATCH,api_recherche_entreprises,no_match,score=44.1 (below LOW threshold),5,6.8
E.C.A.S. gendarmerie nationale,e c a s gendarmerie nationale,NAME:e c a s gendarmerie nationale,NAME:e c a s gendarmerie nationale,,,,66.6,LOW,api_recherche_entreprises,matched,score=66.6 (below MEDIUM threshold),1,
S.I. d' énergies de Maine et Loire,s i d energies de maine et loire,NAME:s i d energies de maine et loire,NAME:s i d energies de maine et loire,,,,,NO_MATCH,api_recherche_entreprises,no_match,no API candidates returned,0,
Commune des Herbiers,commune des herbiers,NAME:commune des herbiers,SIREN:218501096,218501096,21850109600018,COMMUNE DES HERBIERS,100.0,HIGH,api_recherche_entreprises,matched,"score=100.0, n_cands=6, margin=30.7",6,30.7
Centre Hospitalier Loire Vendée Océan,loire vendee ocean,NAME:loire vendee ocean,SIREN:268504453,268504453,26850445300013,CENTRE HOSPITALIER LOIRE VENDEE OCEAN (CHLVO),100.0,HIGH,api_recherche_entreprises,matched,"score=100.0, n_cands=7, margin=68.0",7,68.0
Cté de Communes du Pays des Herbiers,cte de communes du pays des herbiers,NAME:cte de communes du pays des herbiers,NAME:cte de communes du pays des herbiers,,,,,NO_MATCH,api_recherche_entreprises,no_match,no API candidates returned,0,
Ecole des Mines de Nantes,ecole des mines de nantes,NAME:ecole des mines de nantes,SIREN:523699148,523699148,52369914800012,FONDS DE DOTATION DE L'ECOLE DES MINES DE NANTES,78.6,HIGH,api_recherche_entreprises,matched,"score=78.6, n_cands=8, margin=16.7",8,16.7
SDIS 44,44,NAME:44,SIREN:284400017,284400017,28440001700018,SCE DEPARTEMENTAL INCENDIE ET SECOURS (SDIS),100.0,HIGH,api_recherche_entreprises,matched,"score=100.0, n_cands=10, margin=42.3",10,42.3
INRA Angers Nantes,inra angers nantes,NAME:inra angers nantes,NAME:inra angers nantes,,,,,NO_MATCH,api_recherche_entreprises,no_match,no API candidates returned,0,
MONTREVAULT-SUR-ÈVRE,montrevault sur evre,NAME:montrevault sur evre,SIREN:200054302,200054302,20005430200019,COMMUNE DE MONTREVAULT-SUR-EVRE,88.0,HIGH,api_recherche_entreprises,matched,"score=88.0, n_cands=10, margin=-6.5",10,-6.5
Conseil départemental de la Mayenne,de la mayenne,NAME:de la mayenne,SIREN:225300011,225300011,22530001100015,DEPARTEMENT DE LA MAYENNE,81.8,HIGH,api_recherche_entreprises,matched,"score=81.8, n_cands=1, margin=N/A",1,
Cté Cnes Coeur d'Estuaire,cte cnes coeur d estuaire,NAME:cte cnes coeur d estuaire,NAME:cte cnes coeur d estuaire,,,,,NO_MATCH,api_recherche_entreprises,no_match,no API candidates returned,0,
DREAL Pays de la Loire,dreal pays de la loire,NAME:dreal pays de la loire,NAME:dreal pays de la loire,,,,44.8,NO_MATCH,api_recherche_entreprises,no_match,score=44.8 (below LOW threshold),2,9.0
Département de la Vendée,la vendee,NAME:la vendee,SIREN:228500013,228500013,22850001300658,DEPARTEMENT DE VENDEE,100.0,HIGH,api_recherche_entreprises,matched,"score=100.0, n_cands=1, margin=N/A",1,
MINDEF/DGA/DO/S2A,mindef dga do s2a,NAME:mindef dga do s2a,NAME:mindef dga do s2a,,,,,NO_MATCH,api_recherche_entreprises,no_match,no API candidates returned,0,
Laval Agglomération,laval agglomeration,NAME:laval agglomeration,SIREN:200083392,200083392,20008339200015,LAVAL AGGLOMERATION,100.0,HIGH,api_recherche_entreprises,matched,"score=100.0, n_cands=10, margin=9.4",10,9.4
Hopital Intercommunal Sèvre et Loire,hopital intercommunal sevre et loire,NAME:hopital intercommunal sevre et loire,NAME:hopital intercommunal sevre et loire,,,,25.6,NO_MATCH,api_recherche_entreprises,no_match,score=25.6 (below LOW threshold),1,
Centre Hospitalier de Saint-Nazaire,de saint nazaire,NAME:de saint nazaire,SIREN:264400268,264400268,26440026800456,CENTRE HOSPITALIER SAINT NAZAIRE,100.0,HIGH,api_recherche_entreprises,matched,"score=100.0, n_cands=10, margin=20.9",10,20.9
CCI de Maine et Loire,cci de maine et loire,NAME:cci de maine et loire,NAME:cci de maine et loire,,,,60.6,LOW,api_recherche_entreprises,matched,score=60.6 (below MEDIUM threshold),7,15.3
COMSOPGN,comsopgn,NAME:comsopgn,NAME:comsopgn,,,,,NO_MATCH,api_recherche_entreprises,no_match,no API candidates returned,0,
Cour d'Appel de Rennes,cour d appel de rennes,NAME:cour d appel de rennes,SIREN:173501115,173501115,17350111500013,COUR D APPEL DE RENNES,100.0,HIGH,api_recherche_entreprises,matched,"score=100.0, n_cands=3, margin=44.1",3,44.1
CCAS d'Angers,ccas d angers,NAME:ccas d angers,NAME:ccas d angers,,,,38.8,NO_MATCH,api_recherche_entreprises,no_match,score=38.8 (below LOW threshold),4,-0.2
CAF de la Somme,caf de la somme,NAME:caf de la somme,NAME:caf de la somme,,,,43.3,NO_MATCH,api_recherche_entreprises,no_match,score=43.3 (below LOW threshold),1,
Université de Nantes,nantes,NAME:nantes,SIREN:130029747,130029747,13002974700016,NANTES UNIVERSITE,100.0,HIGH,api_recherche_entreprises,matched,"score=100.0, n_cands=2, margin=34.1",2,34.1
Centre hospitalier de Laval,de laval,NAME:de laval,SIREN:265300236,265300236,26530023600014,CENTRE HOSPITALIER DE LAVAL,100.0,HIGH,api_recherche_entreprises,matched,"score=100.0, n_cands=10, margin=80.0",10,80.0
Office Public de l'Habitat,office public de l habitat,NAME:office public de l habitat,NAME:office public de l habitat,,,,63.3,LOW,api_recherche_entreprises,matched,score=63.3 (below MEDIUM threshold),1,
VILLE DE LA BAULE-ESCOUBLAC,la baule escoublac,NAME:la baule escoublac,SIREN:214400558,214400558,21440055800018,COMMUNE DE LA BAULE-ESCOUBLAC,100.0,HIGH,api_recherche_entreprises,matched,"score=100.0, n_cands=1, margin=N/A",1,
ASSOCIATION E-TOILE,association e toile,NAME:association e toile,SIREN:445400104,445400104,44540010400011,E-TOILE,100.0,HIGH,api_recherche_entreprises,matched,"score=100.0, n_cands=10, margin=18.3",10,18.3
EHPAD RESIDENCES LES LIGERIENNES,ehpad residences les ligeriennes,NAME:ehpad residences les ligeriennes,SIREN:264900259,264900259,26490025900062,EHPAD RESIDENCES LES LIGERIENNES (EHPAD),98.3,HIGH,api_recherche_entreprises,matched,"score=98.3, n_cands=1, margin=N/A",1,
Centre Hospitalier Spécialisé de Blain,specialise de blain,NAME:specialise de blain,NAME:specialise de blain,,,,,NO_MATCH,api_recherche_entreprises,no_match,no API candidates returned,0,
Loire Océan Métropole Aménagement,loire ocean metropole amenagement,NAME:loire ocean metropole amenagement,SIREN:535164412,535164412,53516441200020,LOIRE OCEAN METROPOLE AMENAGEMENT,100.0,HIGH,api_recherche_entreprises,matched,"score=100.0, n_cands=2, margin=46.0",2,46.0
Loire Ocean developpement,loire ocean developpement,NAME:loire ocean developpement,SIREN:865800767,865800767,86580076700069,LOIRE OCEAN DEVELOPPEMENT,100.0,HIGH,api_recherche_entreprises,matched,"score=100.0, n_cands=4, margin=5.8",4,5.8
Département de Maine-et-Loire,maine et loire,NAME:maine et loire,SIREN:224900019,224900019,22490001900015,DEPARTEMENT DE MAINE ET LOIRE,100.0,HIGH,api_recherche_entreprises,matched,"score=100.0, n_cands=1, margin=N/A",1,
Nantes Métropole Habitat,nantes metropole habitat,NAME:nantes metropole habitat,NAME:nantes metropole habitat,,,,59.6,LOW,api_recherche_entreprises,matched,score=59.6 (below MEDIUM threshold),5,45.8
Syndicat Vendée des Iles,syndicat vendee des iles,NAME:syndicat vendee des iles,SIREN:449073014,449073014,44907301400028,VENDEE-ILES,100.0,HIGH,api_recherche_entreprises,matched,"score=100.0, n_cands=1, margin=N/A",1,
LYCEE POLYVALENT LEONARD DE VINCI,lycee polyvalent leonard de vinci,NAME:lycee polyvalent leonard de vinci,SIREN:198513905,198513905,19851390500028,LYCEE POLYVALENT LEONARD DE VINCI,100.0,HIGH,api_recherche_entreprises,matched,"score=100.0, n_cands=1, margin=N/A",1,
ARAFER,arafer,NAME:arafer,NAME:arafer,,,,23.8,NO_MATCH,api_recherche_entreprises,no_match,score=23.8 (below LOW threshold),1,
CROUS de Nantes,crous de nantes,NAME:crous de nantes,NAME:crous de nantes,,,,50.5,NO_MATCH,api_recherche_entreprises,no_match,score=50.5 (below LOW threshold),2,10.8
Com Communes du Pays d'Ancenis,com communes du pays d ancenis,NAME:com communes du pays d ancenis,NAME:com communes du pays d ancenis,,,,,NO_MATCH,api_recherche_entreprises,no_match,no API candidates returned,0,
SMIRGEOM Est Sarthe,smirgeom est sarthe,NAME:smirgeom est sarthe,NAME:smirgeom est sarthe,,,,,NO_MATCH,api_recherche_entreprises,no_match,no API candidates returned,0,
CAP ATLANTIQUE,cap atlantique,NAME:cap atlantique,NAME:cap atlantique,,,,41.3,NO_MATCH,api_recherche_entreprises,no_match,score=41.3 (below LOW threshold),10,-49.1
SDIS 49,49,NAME:49,SIREN:284900016,284900016,28490001600023,SCE DEPARTEMENTAL INCENDIE ET SECOURS (SDIS),100.0,HIGH,api_recherche_entreprises,matched,"score=100.0, n_cands=3, margin=38.0",3,38.0
Cté de Cnes de la Vallée de Clisson,cte de cnes de la vallee de clisson,NAME:cte de cnes de la vallee de clisson,NAME:cte de cnes de la vallee de clisson,,,,,NO_MATCH,api_recherche_entreprises,no_match,no API candidates returned,0,
C.S.T.B.,c s t b,NAME:c s t b,NAME:c s t b,,,,43.7,NO_MATCH,api_recherche_entreprises,no_match,score=43.7 (below LOW threshold),10,27.9
Ville de Noyal-Châtillon sur Seiche,noyal chatillon sur seiche,NAME:noyal chatillon sur seiche,SIREN:213503642,213503642,21350364200018,COMMUNE DE NOYAL CHATILLON SUR SEICHE,100.0,HIGH,api_recherche_entreprises,matched,"score=100.0, n_cands=1, margin=N/A",1,
CPAM de la Sarthe,cpam de la sarthe,NAME:cpam de la sarthe,NAME:cpam de la sarthe,,,,47.3,NO_MATCH,api_recherche_entreprises,no_match,score=47.3 (below LOW threshold),1,
SYND MIXTE DU PAYS DE COUTANCES,synd mixte du pays de coutances,NAME:synd mixte du pays de coutances,NAME:synd mixte du pays de coutances,,,,,NO_MATCH,api_recherche_entreprises,no_match,no API candidates returned,0,
Rectorat de l'Académie de Dijon,rectorat de l academie de dijon,NAME:rectorat de l academie de dijon,SIREN:172104309,172104309,17210430900155,RECTORAT DE L'ACADEMIE DE DIJON,100.0,HIGH,api_recherche_entreprises,matched,"score=100.0, n_cands=2, margin=22.3",2,22.3
C.H.D La Roche Sur Yon-Luçon-Montaigu,c h d la roche sur yon lucon montaigu,NAME:c h d la roche sur yon lucon montaigu,SIREN:268502424,268502424,26850242400016,CHD LA ROCHE SUR YON LUCON MONTAIGU,100.0,HIGH,api_recherche_entreprises,matched,"score=100.0, n_cands=1, margin=N/A",1,
Centre des monuments nationaux,centre des monuments nationaux,NAME:centre des monuments nationaux,SIREN:180046013,180046013,18004601300017,CENTRE DES MONUMENTS NATIONAUX (CMN),100.0,HIGH,api_recherche_entreprises,matched,"score=100.0, n_cands=2, margin=14.4",2,14.4
Université Européenne de Bretagne,universite europeenne de bretagne,NAME:universite europeenne de bretagne,NAME:universite europeenne de bretagne,,,,,NO_MATCH,api_recherche_entreprises,no_match,no API candidates returned,0,
CPAM de Loire-Atlantique,cpam de loire atlantique,NAME:cpam de loire atlantique,SIREN:515163749,515163749,51516374900010,CPAM DE LOIRE ATLANTIQUE (CPAM),97.4,HIGH,api_recherche_entreprises,matched,"score=97.4, n_cands=2, margin=27.6",2,27.6
COMMUNAUTE de COMMUNES des COEVRONS,communes des coevrons,NAME:communes des coevrons,SIREN:200033298,200033298,20003329800015,COMMUNAUTE DE COMMUNES DES COEVRONS,100.0,HIGH,api_recherche_entreprises,matched,"score=100.0, n_cands=2, margin=61.3",2,61.3
INSEE,insee,NAME:insee,NAME:insee,,,,24.9,NO_MATCH,api_recherche_entreprises,no_match,score=24.9 (below LOW threshold),3,-6.4
Ville d'Avrillé,ville d avrille,NAME:ville d avrille,NAME:ville d avrille,,,,56.1,LOW,api_recherche_entreprises,matched,score=56.1 (below MEDIUM threshold),10,-5.0
Ville de Thouaré-sur-Loire,thouare sur loire,NAME:thouare sur loire,SIREN:214402042,214402042,21440204200110,COMMUNE DE THOUARE-SUR-LOIRE,100.0,HIGH,api_recherche_entreprises,matched,"score=100.0, n_cands=1, margin=N/A",1,
Ville d'Orvault,ville d orvault,NAME:ville d orvault,NAME:ville d orvault,,,,24.4,NO_MATCH,api_recherche_entreprises,no_match,score=24.4 (below LOW threshold),10,-46.3
Commune de la Chevrolière,la chevroliere,NAME:la chevroliere,SIREN:214400418,214400418,21440041800098,COMMUNE DE LA CHEVROLIERE,100.0,HIGH,api_recherche_entreprises,matched,"score=100.0, n_cands=1, margin=N/A",1,
Vendée Expansion,vendee expansion,NAME:vendee expansion,SIREN:546650169,546650169,54665016900057,VENDEE EXPANSION - SEM,100.0,HIGH,api_recherche_entreprises,matched,"score=100.0, n_cands=10, margin=0.0",10,0.0
Ville de Saint-Hilaire-de-Riez,saint hilaire de riez,NAME:saint hilaire de riez,SIREN:218502268,218502268,21850226800012,COMMUNE DE SAINT-HILAIRE-DE-RIEZ,100.0,HIGH,api_recherche_entreprises,matched,"score=100.0, n_cands=4, margin=42.2",4,42.2
INSTITUT 4.10,institut 4 10,NAME:institut 4 10,NAME:institut 4 10,,,,,NO_MATCH,api_recherche_entreprises,no_match,no API candidates returned,0,
DIRISI,dirisi,NAME:dirisi,NAME:dirisi,,,,14.6,NO_MATCH,api_recherche_entreprises,no_match,score=14.6 (below LOW threshold),3,-1.2
CARENE,carene,NAME:carene,NAME:carene,,,,29.1,NO_MATCH,api_recherche_entreprises,no_match,score=29.1 (below LOW threshold),10,-61.8
FONDAT REGION OUEST LIGUE CANCER,fondat region ouest ligue cancer,NAME:fondat region ouest ligue cancer,SIREN:777739160,777739160,77773916000011,FONDAT REGION OUEST LIGUE CANCER,100.0,HIGH,api_recherche_entreprises,matched,"score=100.0, n_cands=1, margin=N/A",1,
CENTRE COMMUNAL D ACTION SOCIALE,centre communal d action sociale,NAME:centre communal d action sociale,SIREN:264901893,264901893,26490189300042,CENTRE COMMUNAL ACTION SOCIALE (CCAS),100.0,HIGH,api_recherche_entreprises,matched,"score=100.0, n_cands=10, margin=0.0",10,0.0
SDEGM,sdegm,NAME:sdegm,NAME:sdegm,,,,,NO_MATCH,api_recherche_entreprises,no_match,no API candidates returned,0,
MAINE LOIRE HABITAT OFFICE PUB HABITAT,maine loire habitat office pub habitat,NAME:maine loire habitat office pub habitat,NAME:maine loire habitat office pub habitat,,,,,NO_MATCH,api_recherche_entreprises,no_match,no API candidates returned,0,
SICTIAM,sictiam,NAME:sictiam,NAME:sictiam,,,,24.9,NO_MATCH,api_recherche_entreprises,no_match,score=24.9 (below LOW threshold),3,24.9
IPHV LES HAUTS THEBAUDIERES,iphv les hauts thebaudieres,NAME:iphv les hauts thebaudieres,NAME:iphv les hauts thebaudieres,,,,,NO_MATCH,api_recherche_entreprises,no_match,no API candidates returned,0,
Communauté de Communes de Grand Lieu,communes de grand lieu,NAME:communes de grand lieu,NAME:communes de grand lieu,,,,32.7,NO_MATCH,api_recherche_entreprises,no_match,score=32.7 (below LOW threshold),1,
MAIRIE DE SAINT SATURNIN,saint saturnin,NAME:saint saturnin,SIREN:217203207,217203207,21720320700071,COMMUNE DE SAINT SATURNIN,100.0,HIGH,api_recherche_entreprises,matched,"score=100.0, n_cands=1, margin=N/A",1,
Agence Régionale Pays de la Loire TI,agence regionale pays de la loire ti,NAME:agence regionale pays de la loire ti,NAME:agence regionale pays de la loire ti,,,,,NO_MATCH,api_recherche_entreprises,no_match,no API candidates returned,0,
Inst. Interdpt bassin Sèvre Niortaise,inst interdpt bassin sevre niortaise,NAME:inst interdpt bassin sevre niortaise,NAME:inst interdpt bassin sevre niortaise,,,,,NO_MATCH,api_recherche_entreprises,no_match,no API candidates returned,0,
Mairie du croisic,mairie du croisic,NAME:mairie du croisic,NAME:mairie du croisic,,,,52.3,NO_MATCH,api_recherche_entreprises,no_match,score=52.3 (below LOW threshold),10,-6.2
CHD VENDEE,chd vendee,NAME:chd vendee,NAME:chd vendee,,,,25.0,NO_MATCH,api_recherche_entreprises,no_match,score=25.0 (below LOW threshold),10,-29.0
Le Grand T - Théâtre Loire-Atlantique,le grand t theatre loire atlantique,NAME:le grand t theatre loire atlantique,NAME:le grand t theatre loire atlantique,,,,34.5,NO_MATCH,api_recherche_entreprises,no_match,score=34.5 (below LOW threshold),1,
Conseil départemental Loire-Atlantique,loire atlantique,NAME:loire atlantique,SIREN:935367433,935367433,93536743300015,CONSEIL DEPARTEMENTAL DES MOSQUEES DE LOIRE-ATLANTIQUE (CDM),93.4,HIGH,api_recherche_entreprises,matched,"score=93.4, n_cands=10, margin=5.4",10,5.4
SYNDICAT MIXTE OUVERT ANJOU NUMERIQUE,syndicat mixte ouvert anjou numerique,NAME:syndicat mixte ouvert anjou numerique,SIREN:200052587,200052587,20005258700017,SYNDICAT MIXTE OUVERT ANJOU NUMERIQUE,100.0,HIGH,api_recherche_entreprises,matched,"score=100.0, n_cands=1, margin=N/A",1,
Communauté de communes de l'Ernée,communes de l ernee,NAME:communes de l ernee,SIREN:245300355,245300355,24530035500030,COMMUNAUTE DE COMMUNES DE L'ERNEE,100.0,HIGH,api_recherche_entreprises,matched,"score=100.0, n_cands=1, margin=N/A",1,
DIR INTERDEPARTEMENTALE ROUTES OUEST,dir interdepartementale routes ouest,NAME:dir interdepartementale routes ouest,SIREN:130001704,130001704,13000170400589,DIRECTION INTERDEPARTEMENTALE DES ROUTES OUEST (DIR),95.8,HIGH,api_recherche_entreprises,matched,"score=95.8, n_cands=1, margin=N/A",1,
Centre de Gestion FPT Loire-Atlantique,centre de gestion fpt loire atlantique,NAME:centre de gestion fpt loire atlantique,NAME:centre de gestion fpt loire atlantique,,,,,NO_MATCH,api_recherche_entreprises,no_match,no API candidates returned,0,
SEMITAN,semitan,NAME:semitan,NAME:semitan,,,,25.1,NO_MATCH,api_recherche_entreprises,no_match,score=25.1 (below LOW threshold),3,-26.7
Ville de La Rochelle,la rochelle,NAME:la rochelle,SIREN:211703004,211703004,21170300400013,COMMUNE DE LA ROCHELLE,100.0,HIGH,api_recherche_entreprises,matched,"score=100.0, n_cands=3, margin=31.1",3,31.1
Société Loire Atlantique Développement,societe loire atlantique developpement,NAME:societe loire atlantique developpement,SIREN:860800077,860800077,86080007700098,LOIRE ATLANTIQUE DEVELOPPEMENT SELA (SELA),100.0,HIGH,api_recherche_entreprises,matched,"score=100.0, n_cands=10, margin=0.0",10,0.0
ANGERS NANTES OPERA syndicat mixte,angers nantes opera syndicat mixte,NAME:angers nantes opera syndicat mixte,SIREN:254902505,254902505,25490250500018,SYNDICAT MIXTE DE L'OPERA ANGERS NANTES (SMANO),97.3,HIGH,api_recherche_entreprises,matched,"score=97.3, n_cands=1, margin=N/A",1,
Groupe d'étude et de contrôle des vari,groupe d etude et de controle des vari,NAME:groupe d etude et de controle des vari,NAME:groupe d etude et de controle des vari,,,,,NO_MATCH,api_recherche_entreprises,no_match,no API candidates returned,0,
COMMUNE DE CHEMILLE EN ANJOU,chemille en anjou,NAME:chemille en anjou,SIREN:200053593,200053593,20005359300014,COMMUNE DE CHEMILLE-EN-ANJOU,100.0,HIGH,api_recherche_entreprises,matched,"score=100.0, n_cands=1, margin=N/A",1,
DIR INTERREGIONALE SCES PENITENTIAIRES,dir interregionale sces penitentiaires,NAME:dir interregionale sces penitentiaires,NAME:dir interregionale sces penitentiaires,,,,,NO_MATCH,api_recherche_entreprises,no_match,no API candidates returned,0,
Les Quinconces l'Espal,les quinconces l espal,NAME:les quinconces l espal,NAME:les quinconces l espal,,,,73.3,MEDIUM,api_recherche_entreprises,matched,score=73.3 (below HIGH threshold or margin too small),2,13.7
CESAME - CH de Sainte Gemmes sur Loire,cesame de sainte gemmes sur loire,NAME:cesame de sainte gemmes sur loire,NAME:cesame de sainte gemmes sur loire,,,,44.8,NO_MATCH,api_recherche_entreprises,no_match,score=44.8 (below LOW threshold),1,
CROUS de Rennes,crous de rennes,NAME:crous de rennes,NAME:crous de rennes,,,,43.3,NO_MATCH,api_recherche_entreprises,no_match,score=43.3 (below LOW threshold),4,22.8
Mairie de Saint Etienne de Montluc,saint etienne de montluc,NAME:saint etienne de montluc,SIREN:214401580,214401580,21440158000011,COMMUNE DE SAINT-ETIENNE-DE-MONTLUC,100.0,HIGH,api_recherche_entreprises,matched,"score=100.0, n_cands=1, margin=N/A",1,
Ville de Beaucouzé,beaucouze,NAME:beaucouze,SIREN:214900201,214900201,21490020100069,COMMUNE DE BEAUCOUZE,100.0,HIGH,api_recherche_entreprises,matched,"score=100.0, n_cands=1, margin=N/A",1,
COMMUNAUTE D AGGLOMERATION LA ROCHELLE,communaute d agglomeration la rochelle,NAME:communaute d agglomeration la rochelle,SIREN:241700434,241700434,24170043400020,COMMUNAUTE D'AGGLOMERATION LA ROCHELLE,100.0,HIGH,api_recherche_entreprises,matched,"score=100.0, n_cands=10, margin=27.9",10,27.9
SDIS 17,17,NAME:17,SIREN:281700252,281700252,28170025200097,SCE DEPARTEMENTAL INCENDIE ET SECOURS (SDIS),100.0,HIGH,api_recherche_entreprises,matched,"score=100.0, n_cands=5, margin=40.3",5,40.3
HOP INTERCOMMUNAL DU BAUGEOIS ET VAL,hop intercommunal du baugeois et val,NAME:hop intercommunal du baugeois et val,NAME:hop intercommunal du baugeois et val,,,,,NO_MATCH,api_recherche_entreprises,no_match,no API candidates returned,0,
DRAC Pays de la Loire,drac pays de la loire,NAME:drac pays de la loire,NAME:drac pays de la loire,,,,50.3,NO_MATCH,api_recherche_entreprises,no_match,score=50.3 (below LOW threshold),1,
SYNDICAT MIXTE POUR LE DVLPT NUMERIQUE,syndicat mixte pour le dvlpt numerique,NAME:syndicat mixte pour le dvlpt numerique,NAME:syndicat mixte pour le dvlpt numerique,,,,,NO_MATCH,api_recherche_entreprises,no_match,no API candidates returned,0,
Commune de La Flèche,la fleche,NAME:la fleche,SIREN:217201540,217201540,21720154000010,COMMUNE DE LA FLECHE,100.0,HIGH,api_recherche_entreprises,matched,"score=100.0, n_cands=1, margin=N/A",1,
Préfecture,prefecture,NAME:prefecture,NAME:prefecture,,,,48.8,NO_MATCH,api_recherche_entreprises,no_match,score=48.8 (below LOW threshold),8,-25.9
Communauté de Communes du Perche,communes du perche,NAME:communes du perche,SIREN:200006971,200006971,20000697100069,COMMUNAUTE DE COMMUNES DU PERCHE,100.0,HIGH,api_recherche_entreprises,matched,"score=100.0, n_cands=6, margin=44.2",6,44.2
METROPOLE NANTES METROPOLE,metropole nantes metropole,NAME:metropole nantes metropole,SIREN:244400404,244400404,24440040400129,METROPOLE NANTES METROPOLE,100.0,HIGH,api_recherche_entreprises,matched,"score=100.0, n_cands=10, margin=13.6",10,13.6
INSERM,inserm,NAME:inserm,NAME:inserm,,,,29.8,NO_MATCH,api_recherche_entreprises,no_match,score=29.8 (below LOW threshold),10,-32.7
CMAR Pays de La Loire,cmar pays de la loire,NAME:cmar pays de la loire,NAME:cmar pays de la loire,,,,55.6,LOW,api_recherche_entreprises,matched,score=55.6 (below MEDIUM threshold),2,21.5
DSNA,dsna,NAME:dsna,NAME:dsna,,,,25.0,NO_MATCH,api_recherche_entreprises,no_match,score=25.0 (below LOW threshold),2,18.2
Ville de Pornichet,pornichet,NAME:pornichet,SIREN:214401325,214401325,21440132500011,COMMUNE DE PORNICHET,100.0,HIGH,api_recherche_entreprises,matched,"score=100.0, n_cands=2, margin=41.0",2,41.0
Chambre de Commerce et d'Industrie,chambre de commerce et d industrie,NAME:chambre de commerce et d industrie,SIREN:188500490,188500490,18850049000019,CHAMBRE DE COMMERCE ET DE L'INDUSTRIE (CCI),100.0,HIGH,api_recherche_entreprises,matched,"score=100.0, n_cands=8, margin=22.7",8,22.7
Commune de La Baule,la baule,NAME:la baule,SIREN:214400558,214400558,21440055800018,COMMUNE DE LA BAULE-ESCOUBLAC,80.2,HIGH,api_recherche_entreprises,matched,"score=80.2, n_cands=1, margin=N/A",1,
Plate Forme Achats Finances Nord Est,plate forme achats finances nord est,NAME:plate forme achats finances nord est,NAME:plate forme achats finances nord est,,,,,NO_MATCH,api_recherche_entreprises,no_match,no API candidates returned,0,
CC DU PAYS DE CHANTONNAY,cc du pays de chantonnay,NAME:cc du pays de chantonnay,NAME:cc du pays de chantonnay,,,,46.3,NO_MATCH,api_recherche_entreprises,no_match,score=46.3 (below LOW threshold),1,
CTRE HOSP UNIVERSITAIRE ANGERS,ctre hosp universitaire angers,NAME:ctre hosp universitaire angers,NAME:ctre hosp universitaire angers,,,,,NO_MATCH,api_recherche_entreprises,no_match,no API candidates returned,0,
Institut Mines-Télécom Atlantique,institut mines telecom atlantique,NAME:institut mines telecom atlantique,SIREN:180092025,180092025,18009202500154,INSTITUT MINES-TELECOM (IMT),87.4,HIGH,api_recherche_entreprises,matched,"score=87.4, n_cands=1, margin=N/A",1,
MAYENNE TRES HAUT DEBIT,mayenne tres haut debit,NAME:mayenne tres haut debit,SIREN:200061778,200061778,20006177800011,MAYENNE TRES HAUT DEBIT,100.0,HIGH,api_recherche_entreprises,matched,"score=100.0, n_cands=1, margin=N/A",1,
ONIRIS,oniris,NAME:oniris,NAME:oniris,,,,21.8,NO_MATCH,api_recherche_entreprises,no_match,score=21.8 (below LOW threshold),10,-9.7
DREAL BRETAGNE,dreal bretagne,NAME:dreal bretagne,NAME:dreal bretagne,,,,41.7,NO_MATCH,api_recherche_entreprises,no_match,score=41.7 (below LOW threshold),1,
Casier judiciaire national,casier judiciaire national,NAME:casier judiciaire national,SIREN:130025158,130025158,13002515800010,SERVICE DU CASIER JUDICIAIRE NATIONAL,94.7,HIGH,api_recherche_entreprises,matched,"score=94.7, n_cands=3, margin=45.5",3,45.5
ALTER Public,alter public,NAME:alter public,SIREN:528848153,528848153,52884815300029,ALTER PUBLIC,100.0,HIGH,api_recherche_entreprises,matched,"score=100.0, n_cands=4, margin=37.2",4,37.2
CA PORNIC AGGLO PAYS DE RETZ,ca pornic agglo pays de retz,NAME:ca pornic agglo pays de retz,SIREN:200067346,200067346,20006734600011,CA PORNIC AGGLO PAYS DE RETZ,100.0,HIGH,api_recherche_entreprises,matched,"score=100.0, n_cands=1, margin=N/A",1,
VILLE DE LA ROCHE SUR YON,la roche sur yon,NAME:la roche sur yon,SIREN:218501914,218501914,21850191400566,COMMUNE DE LA ROCHE-SUR-YON,100.0,HIGH,api_recherche_entreprises,matched,"score=100.0, n_cands=1, margin=N/A",1,
AUTORITE REGULATION ACTIVITES FERROVIA,autorite regulation activites ferrovia,NAME:autorite regulation activites ferrovia,NAME:autorite regulation activites ferrovia,,,,,NO_MATCH,api_recherche_entreprises,no_match,no API candidates returned,0,
LA ROCHE-SUR-YON AGGLOMERATION,la roche sur yon agglomeration,NAME:la roche sur yon agglomeration,SIREN:248500589,248500589,24850058900317,LA ROCHE-SUR-YON AGGLOMERATION,100.0,HIGH,api_recherche_entreprises,matched,"score=100.0, n_cands=9, margin=39.1",9,39.1
Communauté Communes La Chataigneraie,communaute communes la chataigneraie,NAME:communaute communes la chataigneraie,SIREN:248500415,248500415,24850041500067,COMMUNAUTE COMMUNES PAYS CHATAIGNERAIE,100.0,HIGH,api_recherche_entreprises,matched,"score=100.0, n_cands=5, margin=67.3",5,67.3
La Cité des Congrès de Nantes,la cite des congres de nantes,NAME:la cite des congres de nantes,SIREN:381053768,381053768,38105376800028,LA CITE LE CENTRE DES CONGRES DE NANTES,92.4,HIGH,api_recherche_entreprises,matched,"score=92.4, n_cands=10, margin=16.5",10,16.5
Cté de Communes d'Erdre et Gesvres,cte de communes d erdre et gesvres,NAME:cte de communes d erdre et gesvres,NAME:cte de communes d erdre et gesvres,,,,,NO_MATCH,api_recherche_entreprises,no_match,no API candidates returned,0,
Ville d'Evron,ville d evron,NAME:ville d evron,NAME:ville d evron,,,,64.4,LOW,api_recherche_entreprises,matched,score=64.4 (below MEDIUM threshold),7,5.6
UniHA GCS,uniha gcs,NAME:uniha gcs,NAME:uniha gcs,,,,25.9,NO_MATCH,api_recherche_entreprises,no_match,score=25.9 (below LOW threshold),1,
GIP Vendée Numérique,gip vendee numerique,NAME:gip vendee numerique,NAME:gip vendee numerique,,,,68.6,LOW,api_recherche_entreprises,matched,score=68.6 (below MEDIUM threshold),1,
LAVAL SPLA,laval spla,NAME:laval spla,NAME:laval spla,,,,,NO_MATCH,api_recherche_entreprises,no_match,no API candidates returned,0,
SPIC - ARENA LOIRE TRELAZE,spic arena loire trelaze,NAME:spic arena loire trelaze,NAME:spic arena loire trelaze,,,,,NO_MATCH,api_recherche_entreprises,no_match,no API candidates returned,0,
Réseau Canopé,reseau canope,NAME:reseau canope,SIREN:180043010,180043010,18004301001485,RESEAU CANOPE,100.0,HIGH,api_recherche_entreprises,matched,"score=100.0, n_cands=1, margin=N/A",1,
SYND DEP D ENERGIE ET D EQPT DE VENDEE,synd dep d energie et d eqpt de vendee,NAME:synd dep d energie et d eqpt de vendee,NAME:synd dep d energie et d eqpt de vendee,,,,,NO_MATCH,api_recherche_entreprises,no_match,no API candidates returned,0,
SDIS49,sdis49,NAME:sdis49,NAME:sdis49,,,,,NO_MATCH,api_recherche_entreprises,no_match,no API candidates returned,0,
DEPARTEMENT DE LA SARTHE,la sarthe,NAME:la sarthe,SIREN:227200029,227200029,22720002900014,DEPARTEMENT DE LA SARTHE,100.0,HIGH,api_recherche_entreprises,matched,"score=100.0, n_cands=1, margin=N/A",1,
AGCE POUR L ENST FR A L ETRANGER,agce pour l enst fr a l etranger,NAME:agce pour l enst fr a l etranger,NAME:agce pour l enst fr a l etranger,,,,,NO_MATCH,api_recherche_entreprises,no_match,no API candidates returned,0,
ECOLE CENTRALE DE NANTES,ecole centrale de nantes,NAME:ecole centrale de nantes,SIREN:194401006,194401006,19440100600011,ECOLE CENTRALE DE NANTES,100.0,HIGH,api_recherche_entreprises,matched,"score=100.0, n_cands=10, margin=18.3",10,18.3
Le Voyage à Nantes,le voyage a nantes,NAME:le voyage a nantes,SIREN:482414216,482414216,48241421600044,LE VOYAGE A NANTES,100.0,HIGH,api_recherche_entreprises,matched,"score=100.0, n_cands=10, margin=67.4",10,67.4
ESAT Foyers,esat foyers,NAME:esat foyers,NAME:esat foyers,,,,55.4,LOW,api_recherche_entreprises,matched,score=55.4 (below MEDIUM threshold),7,-9.5
Ville d'Arnage,ville d arnage,NAME:ville d arnage,NAME:ville d arnage,,,,73.6,MEDIUM,api_recherche_entreprises,matched,score=73.6 (below HIGH threshold or margin too small),10,35.1
SNA/ouest,sna ouest,NAME:sna ouest,NAME:sna ouest,,,,23.1,NO_MATCH,api_recherche_entreprises,no_match,score=23.1 (below LOW threshold),2,-21.9
CEREMA - DTerMed,cerema dtermed,NAME:cerema dtermed,NAME:cerema dtermed,,,,,NO_MATCH,api_recherche_entreprises,no_match,no API candidates returned,0,
Ville de Cholet,cholet,NAME:cholet,SIREN:214900995,214900995,21490099500017,COMMUNE DE CHOLET,100.0,HIGH,api_recherche_entreprises,matched,"score=100.0, n_cands=4, margin=29.8",4,29.8
SPR Pays de la Loire,spr pays de la loire,NAME:spr pays de la loire,NAME:spr pays de la loire,,,,,NO_MATCH,api_recherche_entreprises,no_match,no API candidates returned,0,
ville de Sainte-Luce-sur-Loire,sainte luce sur loire,NAME:sainte luce sur loire,SIREN:214401721,214401721,21440172100011,COMMUNE DE SAINTE-LUCE-SUR-LOIRE,100.0,HIGH,api_recherche_entreprises,matched,"score=100.0, n_cands=1, margin=N/A",1,
ville des Sables d'Olonne,ville des sables d olonne,NAME:ville des sables d olonne,NAME:ville des sables d olonne,,,,64.7,LOW,api_recherche_entreprises,matched,score=64.7 (below MEDIUM threshold),10,-2.5
COMMUNE DE NANTES,nantes,NAME:nantes,SIREN:214401093,214401093,21440109300015,COMMUNE DE NANTES,100.0,HIGH,api_recherche_entreprises,matched,"score=100.0, n_cands=8, margin=27.0",8,27.0
Université de La Rochelle,la rochelle,NAME:la rochelle,SIREN:191700327,191700327,19170032700015,LA ROCHELLE UNIVERSITE,100.0,HIGH,api_recherche_entreprises,matched,"score=100.0, n_cands=2, margin=27.6",2,27.6
Loire Atlantique Développement - GIE,loire atlantique developpement gie,NAME:loire atlantique developpement gie,SIREN:860800077,860800077,86080007700098,LOIRE ATLANTIQUE DEVELOPPEMENT SELA (SELA),100.0,HIGH,api_recherche_entreprises,matched,"score=100.0, n_cands=10, margin=0.0",10,0.0
préfet de la région Pays de la Loire,prefet de la region pays de la loire,NAME:prefet de la region pays de la loire,SIREN:234400034,234400034,23440003400026,REGION DES PAYS DE LA LOIRE,88.9,HIGH,api_recherche_entreprises,matched,"score=88.9, n_cands=1, margin=N/A",1,
Commune de Challans,challans,NAME:challans,SIREN:218500478,218500478,21850047800209,COMMUNE DE CHALLANS,100.0,HIGH,api_recherche_entreprises,matched,"score=100.0, n_cands=1, margin=N/A",1,
CTE REG PECHES MARITIMES ELEVAGES MARI,cte reg peches maritimes elevages mari,NAME:cte reg peches maritimes elevages mari,NAME:cte reg peches maritimes elevages mari,,,,,NO_MATCH,api_recherche_entreprises,no_match,no API candidates returned,0,
COMMUNE DE SAINT NAZAIRE,saint nazaire,NAME:saint nazaire,SIREN:214401846,214401846,21440184600016,COMMUNE DE SAINT-NAZAIRE,100.0,HIGH,api_recherche_entreprises,matched,"score=100.0, n_cands=1, margin=N/A",1,
Ville de Le Pouliguen,le pouliguen,NAME:le pouliguen,SIREN:214401358,214401358,21440135800095,COMMUNE DU POULIGUEN,100.0,HIGH,api_recherche_entreprises,matched,"score=100.0, n_cands=1, margin=N/A",1,
association songo,association songo,NAME:association songo,SIREN:409104007,409104007,40910400700029,SONGO,100.0,HIGH,api_recherche_entreprises,matched,"score=100.0, n_cands=2, margin=60.0",2,60.0
DEPARTEMENT DE LA MAYENNE,la mayenne,NAME:la mayenne,SIREN:225300011,225300011,22530001100015,DEPARTEMENT DE LA MAYENNE,100.0,HIGH,api_recherche_entreprises,matched,"score=100.0, n_cands=10, margin=14.4",10,14.4
Bretagne Développement Innovation,bretagne developpement innovation,NAME:bretagne developpement innovation,NAME:bretagne developpement innovation,,,,30.4,NO_MATCH,api_recherche_entreprises,no_match,score=30.4 (below LOW threshold),1,
SEC GAL POUR L ADM MIN INTERIEUR OUEST,sec gal pour l adm min interieur ouest,NAME:sec gal pour l adm min interieur ouest,NAME:sec gal pour l adm min interieur ouest,,,,,NO_MATCH,api_recherche_entreprises,no_match,no API candidates returned,0,
Mancelle d'habitation,mancelle d habitation,NAME:mancelle d habitation,SIREN:575850490,575850490,57585049000021,MANCELLE D HABITATION,100.0,HIGH,api_recherche_entreprises,matched,"score=100.0, n_cands=3, margin=84.6",3,84.6
Ville d'Ecouflant,ville d ecouflant,NAME:ville d ecouflant,NAME:ville d ecouflant,,,,,NO_MATCH,api_recherche_entreprises,no_match,no API candidates returned,0,
"SEMITAN, mandataire de la CUN",semitan mandataire de la cun,NAME:semitan mandataire de la cun,NAME:semitan mandataire de la cun,,,,,NO_MATCH,api_recherche_entreprises,no_match,no API candidates returned,0,
Institut Régional Administration Lyon,institut regional administration lyon,NAME:institut regional administration lyon,SIREN:832970024,832970024,83297002400010,LES AMIS DE L'INSTITUT REGIONAL D'ADMINISTRATION DE LYON (AMIRAL),94.0,HIGH,api_recherche_entreprises,matched,"score=94.0, n_cands=2, margin=9.7",2,9.7
VILLE DE PORNICHET,pornichet,NAME:pornichet,SIREN:214401325,214401325,21440132500011,COMMUNE DE PORNICHET,100.0,HIGH,api_recherche_entreprises,matched,"score=100.0, n_cands=2, margin=41.0",2,41.0
COMMUNE DE VERTOU,vertou,NAME:vertou,SIREN:214402158,214402158,21440215800015,COMMUNE DE VERTOU,100.0,HIGH,api_recherche_entreprises,matched,"score=100.0, n_cands=1, margin=N/A",1,
Communauté de communes Pays Fléchois,communes pays flechois,NAME:communes pays flechois,SIREN:247200348,247200348,24720034800115,COMMUNAUTE DE COMMUNES DU PAYS FLECHOIS,100.0,HIGH,api_recherche_entreprises,matched,"score=100.0, n_cands=1, margin=N/A",1,
COMMUNAUTE COMMUNES PAYS DE REDON,communaute communes pays de redon,NAME:communaute communes pays de redon,NAME:communaute communes pays de redon,,,,30.4,NO_MATCH,api_recherche_entreprises,no_match,score=30.4 (below LOW threshold),1,
MINDEF/SGA/DCSID/ESID Bordeaux,mindef sga dcsid esid bordeaux,NAME:mindef sga dcsid esid bordeaux,NAME:mindef sga dcsid esid bordeaux,,,,,NO_MATCH,api_recherche_entreprises,no_match,no API candidates returned,0,
SM Mégalis,sm megalis,NAME:sm megalis,NAME:sm megalis,,,,,NO_MATCH,api_recherche_entreprises,no_match,no API candidates returned,0,
SISTO,sisto,NAME:sisto,NAME:sisto,,,,6.9,NO_MATCH,api_recherche_entreprises,no_match,score=6.9 (below LOW threshold),1,
SI ENERGIES DE MAINE ET LOIRE,si energies de maine et loire,NAME:si energies de maine et loire,SIREN:254901309,254901309,25490130900032,SI ENERGIES DE MAINE ET LOIRE (SIEML),96.5,HIGH,api_recherche_entreprises,matched,"score=96.5, n_cands=1, margin=N/A",1,
GIE des EPL de Vendée,gie des epl de vendee,NAME:gie des epl de vendee,NAME:gie des epl de vendee,,,,,NO_MATCH,api_recherche_entreprises,no_match,no API candidates returned,0,
CTRE NATIONAL D ENST A DISTANCE,ctre national d enst a distance,NAME:ctre national d enst a distance,NAME:ctre national d enst a distance,,,,,NO_MATCH,api_recherche_entreprises,no_match,no API candidates returned,0,
COM D AGGLO REG NAZAIRIENNE ESTUAIRE,com d agglo reg nazairienne estuaire,NAME:com d agglo reg nazairienne estuaire,NAME:com d agglo reg nazairienne estuaire,,,,,NO_MATCH,api_recherche_entreprises,no_match,no API candidates returned,0,
Communauté d'agglomération du Niortais,communaute d agglomeration du niortais,NAME:communaute d agglomeration du niortais,NAME:communaute d agglomeration du niortais,,,,36.9,NO_MATCH,api_recherche_entreprises,no_match,score=36.9 (below LOW threshold),4,-13.8
Ville de Villemomble,villemomble,NAME:villemomble,SIREN:219300779,219300779,21930077900200,COMMUNE DE VILLEMOMBLE,100.0,HIGH,api_recherche_entreprises,matched,"score=100.0, n_cands=2, margin=52.2",2,52.2
Agrocampus Ouest,agrocampus ouest,NAME:agrocampus ouest,NAME:agrocampus ouest,,,,61.3,LOW,api_recherche_entreprises,matched,score=61.3 (below MEDIUM threshold),10,3.3
Comm Comm de Doué la Fontaine,comm comm de doue la fontaine,NAME:comm comm de doue la fontaine,NAME:comm comm de doue la fontaine,,,,,NO_MATCH,api_recherche_entreprises,no_match,no API candidates returned,0,
CHBR REG METIERS ARTISANAT NOUV AQUIT,chbr reg metiers artisanat nouv aquit,NAME:chbr reg metiers artisanat nouv aquit,NAME:chbr reg metiers artisanat nouv aquit,,,,,NO_MATCH,api_recherche_entreprises,no_match,no API candidates returned,0,
Université du Maine,universite du maine,NAME:universite du maine,NAME:universite du maine,,,,74.7,MEDIUM,api_recherche_entreprises,matched,score=74.7 (below HIGH threshold or margin too small),10,30.7
SGAMI OUEST BZAMP,sgami ouest bzamp,NAME:sgami ouest bzamp,NAME:sgami ouest bzamp,,,,,NO_MATCH,api_recherche_entreprises,no_match,no API candidates returned,0,
université de Rennes 1,rennes 1,NAME:rennes 1,NAME:rennes 1,,,,72.0,MEDIUM,api_recherche_entreprises,matched,score=72.0 (below HIGH threshold or margin too small),1,
Ville d'Ancenis-Saint-Géréon,ville d ancenis saint gereon,NAME:ville d ancenis saint gereon,NAME:ville d ancenis saint gereon,,,,57.3,LOW,api_recherche_entreprises,matched,score=57.3 (below MEDIUM threshold),2,15.2
ARS Pays de La Loire,ars pays de la loire,NAME:ars pays de la loire,NAME:ars pays de la loire,,,,62.9,LOW,api_recherche_entreprises,matched,score=62.9 (below MEDIUM threshold),2,32.9
GCS E SANTE PAYS DE LA LOIRE,gcs e sante pays de la loire,NAME:gcs e sante pays de la loire,SIREN:538208455,538208455,53820845500021,GCS E-SANTE PAYS DE LA LOIRE,100.0,HIGH,api_recherche_entreprises,matched,"score=100.0, n_cands=1, margin=N/A",1,
Ville de Talmont - Saint Hilaire,talmont saint hilaire,NAME:talmont saint hilaire,SIREN:218502888,218502888,21850288800017,COMMUNE DE TALMONT-SAINT-HILAIRE,100.0,HIGH,api_recherche_entreprises,matched,"score=100.0, n_cands=1, margin=N/A",1,
VENDEE EAU,vendee eau,NAME:vendee eau,SIREN:258500222,258500222,25850022200033,VENDEE EAU,100.0,HIGH,api_recherche_entreprises,matched,"score=100.0, n_cands=10, margin=50.3",10,50.3
Vendée Habitat - OPH de Vendée,vendee habitat oph de vendee,NAME:vendee habitat oph de vendee,NAME:vendee habitat oph de vendee,,,,74.7,MEDIUM,api_recherche_entreprises,matched,score=74.7 (below HIGH threshold or margin too small),2,0.0
COMMUNE DE REZE,reze,NAME:reze,SIREN:214401432,214401432,21440143200015,COMMUNE DE REZE,100.0,HIGH,api_recherche_entreprises,matched,"score=100.0, n_cands=1, margin=N/A",1,
COMMUNE DE VERRIERES EN ANJOU,verrieres en anjou,NAME:verrieres en anjou,SIREN:200056679,200056679,20005667900018,COMMUNE DE VERRIERES-EN-ANJOU,100.0,HIGH,api_recherche_entreprises,matched,"score=100.0, n_cands=1, margin=N/A",1,
ville de Coulaines,coulaines,NAME:coulaines,SIREN:217200955,217200955,21720095500011,COMMUNE DE COULAINES,100.0,HIGH,api_recherche_entreprises,matched,"score=100.0, n_cands=1, margin=N/A",1,
MAIRIE DE BAUGE EN ANJOU,bauge en anjou,NAME:bauge en anjou,SIREN:200052702,200052702,20005270200012,COMMUNE DE BAUGE-EN-ANJOU,100.0,HIGH,api_recherche_entreprises,matched,"score=100.0, n_cands=1, margin=N/A",1,
Mairie de Coueron,coueron,NAME:coueron,SIREN:214400475,214400475,21440047500015,COMMUNE DE COUERON,100.0,HIGH,api_recherche_entreprises,matched,"score=100.0, n_cands=1, margin=N/A",1,
Ville de Château-Gontier,chateau gontier,NAME:chateau gontier,SIREN:200084655,200084655,20008465500014,COMMUNE DE CHATEAU-GONTIER-SUR-MAYENNE,93.2,HIGH,api_recherche_entreprises,matched,"score=93.2, n_cands=2, margin=35.0",2,35.0
GIE Loire Océan,gie loire ocean,NAME:gie loire ocean,NAME:gie loire ocean,,,,63.0,LOW,api_recherche_entreprises,matched,score=63.0 (below MEDIUM threshold),10,-18.3
VENDEE,vendee,NAME:vendee,SIREN:451518641,451518641,45151864100043,VENDEE,100.0,HIGH,api_recherche_entreprises,matched,"score=100.0, n_cands=10, margin=32.0",10,32.0
EPF de la Vendée,epf de la vendee,NAME:epf de la vendee,NAME:epf de la vendee,,,,55.6,LOW,api_recherche_entreprises,matched,score=55.6 (below MEDIUM threshold),1,
SEMITAN mandataire de Nantes Métropole,semitan mandataire de nantes metropole,NAME:semitan mandataire de nantes metropole,NAME:semitan mandataire de nantes metropole,,,,,NO_MATCH,api_recherche_entreprises,no_match,no API candidates returned,0,
Baie de Somme Habitat,baie de somme habitat,NAME:baie de somme habitat,SIREN:278000013,278000013,27800001300013,BAIE DE SOMME HABITAT - OPH DE LA BAIE DE SOMME,78.6,HIGH,api_recherche_entreprises,matched,"score=78.6, n_cands=3, margin=43.6",3,43.6
FONDATION PARTENARIALE POLYTECH,fondation partenariale polytech,NAME:fondation partenariale polytech,SIREN:831928452,831928452,83192845200075,FONDATION PARTENARIALE POLYTECH,100.0,HIGH,api_recherche_entreprises,matched,"score=100.0, n_cands=1, margin=N/A",1,
Comcom Estuaire et Sillon,comcom estuaire et sillon,NAME:comcom estuaire et sillon,NAME:comcom estuaire et sillon,,,,,NO_MATCH,api_recherche_entreprises,no_match,no API candidates returned,0,
MINDEF/EMA/DC SCA/PFAF CO Rennes,mindef ema dc sca pfaf co rennes,NAME:mindef ema dc sca pfaf co rennes,NAME:mindef ema dc sca pfaf co rennes,,,,,NO_MATCH,api_recherche_entreprises,no_match,no API candidates returned,0,
CHU NANTES,nantes,SIRET:17440005100010,SIREN:264400136,264400136,26440013600471,CHU NANTES (CHU),91.3,HIGH,api_recherche_entreprises,skipped_already_siret,"score=91.3, n_cands=1, margin=N/A",1,
MAIRIE DE CORDEMAIS,cordemais,NAME:cordemais,SIREN:214400459,214400459,21440045900019,COMMUNE DE CORDEMAIS,100.0,HIGH,api_recherche_entreprises,matched,"score=100.0, n_cands=1, margin=N/A",1,
COMMUNE DE MAUGES SUR LOIRE,mauges sur loire,NAME:mauges sur loire,SIREN:200054336,200054336,20005433600017,COMMUNE DE MAUGES-SUR-LOIRE,100.0,HIGH,api_recherche_entreprises,matched,"score=100.0, n_cands=1, margin=N/A",1,
ETABLISSEMENT PUBLIC DU MARAIS POITEVI,du marais poitevi,NAME:du marais poitevi,NAME:du marais poitevi,,,,,NO_MATCH,api_recherche_entreprises,no_match,no API candidates returned,0,
Ville d'Alençon,ville d alencon,NAME:ville d alencon,NAME:ville d alencon,,,,68.5,LOW,api_recherche_entreprises,matched,score=68.5 (below MEDIUM threshold),10,6.2
ECOLE NATIONALE SUPERIEURE MARITIME,ecole nationale superieure maritime,NAME:ecole nationale superieure maritime,SIREN:130013097,130013097,13001309700071,ECOLE NATIONALE SUPERIEURE MARITIME (ENSM),100.0,HIGH,api_recherche_entreprises,matched,"score=100.0, n_cands=1, margin=N/A",1,
CCI METROPOLITAINE BRETAGNE OUEST,cci metropolitaine bretagne ouest,NAME:cci metropolitaine bretagne ouest,NAME:cci metropolitaine bretagne ouest,,,,46.9,NO_MATCH,api_recherche_entreprises,no_match,score=46.9 (below LOW threshold),1,
Conservatoire du littoral,conservatoire du littoral,NAME:conservatoire du littoral,NAME:conservatoire du littoral,,,,71.8,MEDIUM,api_recherche_entreprises,matched,score=71.8 (below HIGH threshold or margin too small),2,5.1
Sembreizh société,sembreizh societe,NAME:sembreizh societe,SIREN:599200136,599200136,59920013600241,SEMBREIZH (SEMAEB),80.0,HIGH,api_recherche_entreprises,matched,"score=80.0, n_cands=10, margin=27.8",10,27.8
Commune de Champagné,champagne,NAME:champagne,SIREN:217200542,217200542,21720054200017,COMMUNE DE CHAMPAGNE,100.0,HIGH,api_recherche_entreprises,matched,"score=100.0, n_cands=9, margin=9.1",9,9.1
SHEMA,shema,NAME:shema,NAME:shema,,,,27.6,NO_MATCH,api_recherche_entreprises,no_match,score=27.6 (below LOW threshold),10,3.5
S. M. Sarthois d'Aménagement Numérique,s m sarthois d amenagement numerique,NAME:s m sarthois d amenagement numerique,NAME:s m sarthois d amenagement numerique,,,,,NO_MATCH,api_recherche_entreprises,no_match,no API candidates returned,0,
CCI de région Bretagne,cci de region bretagne,NAME:cci de region bretagne,SIREN:233500016,233500016,23350001600040,REGION BRETAGNE,93.6,HIGH,api_recherche_entreprises,matched,"score=93.6, n_cands=1, margin=N/A",1,
COMMUNE DE BEAUFORT EN ANJOU,beaufort en anjou,NAME:beaufort en anjou,SIREN:200058899,200058899,20005889900010,COMMUNE DE BEAUFORT-EN-ANJOU,100.0,HIGH,api_recherche_entreprises,matched,"score=100.0, n_cands=1, margin=N/A",1,
Communauté de Cnes Terres de Montaigu,cnes terres de montaigu,NAME:cnes terres de montaigu,NAME:cnes terres de montaigu,,,,,NO_MATCH,api_recherche_entreprises,no_match,no API candidates returned,0,
SYDELA,sydela,NAME:sydela,NAME:sydela,,,,46.7,NO_MATCH,api_recherche_entreprises,no_match,score=46.7 (below LOW threshold),4,30.5
Cté de Communes de la Région de Blain,cte de communes de la blain,NAME:cte de communes de la blain,NAME:cte de communes de la blain,,,,71.9,MEDIUM,api_recherche_entreprises,matched,score=71.9 (below HIGH threshold or margin too small),6,3.6
INRA ANGERS NANTES,inra angers nantes,NAME:inra angers nantes,NAME:inra angers nantes,,,,,NO_MATCH,api_recherche_entreprises,no_match,no API candidates returned,0,
CCI Nantes Saint-Nazaire,cci nantes saint nazaire,NAME:cci nantes saint nazaire,NAME:cci nantes saint nazaire,,,,33.3,NO_MATCH,api_recherche_entreprises,no_match,score=33.3 (below LOW threshold),10,-38.7
CC PAYS DE CRAON,cc pays de craon,NAME:cc pays de craon,SIREN:200048551,200048551,20004855100010,CC DU PAYS DE CRAON,100.0,HIGH,api_recherche_entreprises,matched,"score=100.0, n_cands=1, margin=N/A",1,
SGAMI OUEST,sgami ouest,NAME:sgami ouest,NAME:sgami ouest,,,,36.6,NO_MATCH,api_recherche_entreprises,no_match,score=36.6 (below LOW threshold),1,
COMMUNE DU CROISIC,commune du croisic,NAME:commune du croisic,SIREN:214400491,214400491,21440049100129,COMMUNE DU CROISIC,100.0,HIGH,api_recherche_entreprises,matched,"score=100.0, n_cands=2, margin=73.1",2,73.1
CCI DE REG CTRE VAL DE LOIRE,cci de reg ctre val de loire,NAME:cci de reg ctre val de loire,NAME:cci de reg ctre val de loire,,,,,NO_MATCH,api_recherche_entreprises,no_match,no API candidates returned,0,
SRD,srd,NAME:srd,SIREN:502035785,502035785,50203578500018,SRD,100.0,HIGH,api_recherche_entreprises,matched,"score=100.0, n_cands=4, margin=49.1",4,49.1
Adoma,adoma,NAME:adoma,SIREN:788058030,788058030,78805803009579,ADOMA,100.0,HIGH,api_recherche_entreprises,matched,"score=100.0, n_cands=10, margin=15.1",10,15.1
COMMUNE DE OMBREE D ANJOU,ombree d anjou,NAME:ombree d anjou,SIREN:200069474,200069474,20006947400019,COMMUNE DE OMBREE D'ANJOU,100.0,HIGH,api_recherche_entreprises,matched,"score=100.0, n_cands=1, margin=N/A",1,
Rectorat de l'Académie de Nantes,rectorat de l academie de nantes,NAME:rectorat de l academie de nantes,SIREN:174404301,174404301,17440430100015,RECTORAT DE L'ACADEMIE DE NANTES,100.0,HIGH,api_recherche_entreprises,matched,"score=100.0, n_cands=1, margin=N/A",1,
SAINT NAZAIRE AGGLOMERATION TOURISME,saint nazaire agglomeration tourisme,NAME:saint nazaire agglomeration tourisme,SIREN:828620831,828620831,82862083100010,SAINT-NAZAIRE AGGLOMERATION TOURISME,100.0,HIGH,api_recherche_entreprises,matched,"score=100.0, n_cands=2, margin=58.9",2,58.9
MASH,mash,NAME:mash,SIREN:983291931,983291931,98329193100019,MASH,100.0,HIGH,api_recherche_entreprises,matched,"score=100.0, n_cands=4, margin=47.6",4,47.6
Commune de Notre Dame des Landes,notre dame des landes,NAME:notre dame des landes,SIREN:214401119,214401119,21440111900018,COMMUNE DE NOTRE-DAME-DES-LANDES,100.0,HIGH,api_recherche_entreprises,matched,"score=100.0, n_cands=1, margin=N/A",1,
Ville de Saint-Malo,saint malo,NAME:saint malo,SIREN:213502883,213502883,21350288300019,COMMUNE DE SAINT MALO,100.0,HIGH,api_recherche_entreprises,matched,"score=100.0, n_cands=2, margin=6.3",2,6.3
MAUGES COMMUNAUTE,mauges communaute,NAME:mauges communaute,SIREN:200060010,200060010,20006001000010,MAUGES COMMUNAUTE,100.0,HIGH,api_recherche_entreprises,matched,"score=100.0, n_cands=10, margin=42.7",10,42.7
Communauté urbaine d'Alençon,communaute urbaine d alencon,NAME:communaute urbaine d alencon,SIREN:246100663,246100663,24610066300011,COMMUNAUTE URBAINE D'ALENCON,100.0,HIGH,api_recherche_entreprises,matched,"score=100.0, n_cands=8, margin=12.0",8,12.0
Communauté de Communes Vie et Boulogne,communes vie et boulogne,NAME:communes vie et boulogne,NAME:communes vie et boulogne,,,,,NO_MATCH,api_recherche_entreprises,no_match,no API candidates returned,0,
DRAGAGES PORTS,dragages ports,NAME:dragages ports,SIREN:317665420,317665420,31766542000046,DRAGAGES PORTS,100.0,HIGH,api_recherche_entreprises,matched,"score=100.0, n_cands=1, margin=N/A",1,
Espacil Habitat,espacil habitat,NAME:espacil habitat,NAME:espacil habitat,,,,62.5,LOW,api_recherche_entreprises,matched,score=62.5 (below MEDIUM threshold),3,9.7
Cap Atlantique,cap atlantique,NAME:cap atlantique,NAME:cap atlantique,,,,41.3,NO_MATCH,api_recherche_entreprises,no_match,score=41.3 (below LOW threshold),10,-49.1
ComCom des Vallées du Haut-Anjou,comcom des vallees du haut anjou,NAME:comcom des vallees du haut anjou,NAME:comcom des vallees du haut anjou,,,,,NO_MATCH,api_recherche_entreprises,no_match,no API candidates returned,0,
MINDEF/SGA/SPAC/S-Direction des achats,mindef sga spac s direction des achats,NAME:mindef sga spac s direction des achats,NAME:mindef sga spac s direction des achats,,,,,NO_MATCH,api_recherche_entreprises,no_match,no API candidates returned,0,
Loire Atlantique développement,loire atlantique developpement,NAME:loire atlantique developpement,SIREN:860800077,860800077,86080007700098,LOIRE ATLANTIQUE DEVELOPPEMENT SELA (SELA),100.0,HIGH,api_recherche_entreprises,matched,"score=100.0, n_cands=10, margin=0.0",10,0.0
Cté de Cnes du Pays d'Ancenis,cte de cnes du pays d ancenis,NAME:cte de cnes du pays d ancenis,NAME:cte de cnes du pays d ancenis,,,,,NO_MATCH,api_recherche_entreprises,no_match,no API candidates returned,0,
CA SAUMUR VAL DE LOIRE,ca saumur val de loire,NAME:ca saumur val de loire,SIREN:200071876,200071876,20007187600011,CA SAUMUR VAL DE LOIRE,100.0,HIGH,api_recherche_entreprises,matched,"score=100.0, n_cands=1, margin=N/A",1,
Commune de Saintes,saintes,NAME:saintes,SIREN:211704150,211704150,21170415000351,COMMUNE DE SAINTES,100.0,HIGH,api_recherche_entreprises,matched,"score=100.0, n_cands=10, margin=21.7",10,21.7
DIR INTERDEPARTEMENTALE DES RTE OUEST,dir interdepartementale des rte ouest,NAME:dir interdepartementale des rte ouest,SIREN:130001704,130001704,13000170400589,DIRECTION INTERDEPARTEMENTALE DES ROUTES OUEST (DIR),89.5,HIGH,api_recherche_entreprises,matched,"score=89.5, n_cands=5, margin=4.9",5,4.9
CHAMBRE REG AGRI PAYS DE LA LOIRE,chambre reg agri pays de la loire,NAME:chambre reg agri pays de la loire,NAME:chambre reg agri pays de la loire,,,,,NO_MATCH,api_recherche_entreprises,no_match,no API candidates returned,0,
CIF GIE GEIPCI,cif gie geipci,NAME:cif gie geipci,SIREN:379774177,379774177,37977417700016,CIF GIE GEIPCI,100.0,HIGH,api_recherche_entreprises,matched,"score=100.0, n_cands=1, margin=N/A",1,
COMMUNE LES SABLES D OLONNE,commune les sables d olonne,NAME:commune les sables d olonne,SIREN:200082139,200082139,20008213900011,COMMUNE LES SABLES-D'OLONNE,100.0,HIGH,api_recherche_entreprises,matched,"score=100.0, n_cands=9, margin=41.5",9,41.5
Cté cnes du Pays de Château de Gontier,cte cnes du pays de chateau de gontier,NAME:cte cnes du pays de chateau de gontier,NAME:cte cnes du pays de chateau de gontier,,,,,NO_MATCH,api_recherche_entreprises,no_match,no API candidates returned,0,
SEM CENOVIA,sem cenovia,NAME:sem cenovia,SIREN:576150270,576150270,57615027000063,CENOVIA (SEM),100.0,HIGH,api_recherche_entreprises,matched,"score=100.0, n_cands=6, margin=22.0",6,22.0
CENTRE DE GESTION DE LA FONCTION PUBLI,centre de gestion de la fonction publi,NAME:centre de gestion de la fonction publi,NAME:centre de gestion de la fonction publi,,,,,NO_MATCH,api_recherche_entreprises,no_match,no API candidates returned,0,
Orchestre National des Pays de la Loir,orchestre national des pays de la loir,NAME:orchestre national des pays de la loir,NAME:orchestre national des pays de la loir,,,,,NO_MATCH,api_recherche_entreprises,no_match,no API candidates returned,0,
SOC PUBLIQUE REG ABE DE FONTEVRAUD,soc publique reg abe de fontevraud,NAME:soc publique reg abe de fontevraud,NAME:soc publique reg abe de fontevraud,,,,,NO_MATCH,api_recherche_entreprises,no_match,no API candidates returned,0,
CRDC LE LIEU UNIQUE,crdc le lieu unique,NAME:crdc le lieu unique,NAME:crdc le lieu unique,,,,61.3,LOW,api_recherche_entreprises,matched,score=61.3 (below MEDIUM threshold),1,
IRCEC,ircec,NAME:ircec,NAME:ircec,,,,,NO_MATCH,api_recherche_entreprises,no_match,no API candidates returned,0,
Communauté Communes Parthenay-Gâtine,communaute communes parthenay gatine,NAME:communaute communes parthenay gatine,SIREN:200041333,200041333,20004133300267,COMMUNAUTE DE COMMUNES DE PARTHENAY-GATINE,100.0,HIGH,api_recherche_entreprises,matched,"score=100.0, n_cands=1, margin=N/A",1,
Podeliha,podeliha,NAME:podeliha,SIREN:927831396,927831396,92783139600019,CSE PODELIHA,88.0,HIGH,api_recherche_entreprises,matched,"score=88.0, n_cands=10, margin=58.9",10,58.9
Communauté de communes de sablé,communes de sable,NAME:communes de sable,SIREN:247200090,247200090,24720009000014,COMMUNAUTE DE COMMUNES DU PAYS SABOLIEN,91.5,HIGH,api_recherche_entreprises,matched,"score=91.5, n_cands=1, margin=N/A",1,
SIRI 49,siri 49,NAME:siri 49,NAME:siri 49,,,,41.0,NO_MATCH,api_recherche_entreprises,no_match,score=41.0 (below LOW threshold),1,
CNAM,cnam,NAME:cnam,NAME:cnam,,,,26.2,NO_MATCH,api_recherche_entreprises,no_match,score=26.2 (below LOW threshold),10,-0.4
SYNDICAT MIXTE GIGALIS,syndicat mixte gigalis,NAME:syndicat mixte gigalis,NAME:syndicat mixte gigalis,,,,,NO_MATCH,api_recherche_entreprises,no_match,no API candidates returned,0,
EC SUP BEAUX ARTS TOURS ANGERS MANS,ec sup beaux arts tours angers mans,NAME:ec sup beaux arts tours angers mans,NAME:ec sup beaux arts tours angers mans,,,,,NO_MATCH,api_recherche_entreprises,no_match,no API candidates returned,0,
Mairie de Blain,blain,NAME:blain,SIREN:214400152,214400152,21440015200051,COMMUNE DE BLAIN,100.0,HIGH,api_recherche_entreprises,matched,"score=100.0, n_cands=1, margin=N/A",1,
Centre Hospitalier de Laval (53),de laval 53,NAME:de laval 53,NAME:de laval 53,,,,32.3,NO_MATCH,api_recherche_entreprises,no_match,score=32.3 (below LOW threshold),1,
CA Agglomération du Choletais,ca agglomeration du choletais,NAME:ca agglomeration du choletais,SIREN:200071678,200071678,20007167800011,CA CHOLET AGGLOMERATION,99.2,HIGH,api_recherche_entreprises,matched,"score=99.2, n_cands=1, margin=N/A",1,
DESTINATION RENNES Tourisme Congrès,destination rennes tourisme congres,NAME:destination rennes tourisme congres,NAME:destination rennes tourisme congres,,,,70.7,MEDIUM,api_recherche_entreprises,matched,score=70.7 (below HIGH threshold or margin too small),1,
ANGERS LOIRE TOURISME EXPO CONGRES,angers loire tourisme expo congres,NAME:angers loire tourisme expo congres,SIREN:830955068,830955068,83095506800044,ANGERS LOIRE TOURISME EXPO CONGRES,100.0,HIGH,api_recherche_entreprises,matched,"score=100.0, n_cands=1, margin=N/A",1,
COMMUNAUTE DE COMMUNES DU SUD ESTUAIRE,communes du sud estuaire,NAME:communes du sud estuaire,SIREN:244400586,244400586,24440058600065,COMMUNAUTE DE COMMUNES DU SUD ESTUAIRE (CCSE),100.0,HIGH,api_recherche_entreprises,matched,"score=100.0, n_cands=3, margin=64.4",3,64.4
EPSILON CENTRALE D'ACHAT INFORMATIQUE,epsilon centrale d achat informatique,NAME:epsilon centrale d achat informatique,NAME:epsilon centrale d achat informatique,,,,,NO_MATCH,api_recherche_entreprises,no_match,no API candidates returned,0,
CC Loire Layon Aubance,cc loire layon aubance,NAME:cc loire layon aubance,SIREN:200071553,200071553,20007155300016,CC LOIRE LAYON AUBANCE,100.0,HIGH,api_recherche_entreprises,matched,"score=100.0, n_cands=1, margin=N/A",1,
Ministère de l'éducation nationale,ministere de l education nationale,NAME:ministere de l education nationale,SIREN:110043015,110043015,11004301500012,MINISTERE DE L’EDUCATION NATIONALE,100.0,HIGH,api_recherche_entreprises,matched,"score=100.0, n_cands=5, margin=44.2",5,44.2
OFFICE FRANCAIS DE LA BIODIVERSITE,office francais de la biodiversite,NAME:office francais de la biodiversite,SIREN:130025919,130025919,13002591900015,OFFICE FRANCAIS DE LA BIODIVERSITE (OFB),100.0,HIGH,api_recherche_entreprises,matched,"score=100.0, n_cands=2, margin=8.4",2,8.4
PREFECTURE D'EURE-ET-LOIR,prefecture d eure et loir,NAME:prefecture d eure et loir,SIREN:172800013,172800013,17280001300010,PREFECTURE DE DEPARTEMENT EURE-ET-LOIR,84.9,HIGH,api_recherche_entreprises,matched,"score=84.9, n_cands=2, margin=54.7",2,54.7
COMMUNE DE BOUAYE,bouaye,NAME:bouaye,SIREN:214400186,214400186,21440018600018,COMMUNE DE BOUAYE,100.0,HIGH,api_recherche_entreprises,matched,"score=100.0, n_cands=1, margin=N/A",1,
ENSA Nantes,ensa nantes,NAME:ensa nantes,SIREN:922749635,922749635,92274963500012,ASSOCIATION SPORTIVE DE L'ENSA NANTES,79.0,HIGH,api_recherche_entreprises,matched,"score=79.0, n_cands=7, margin=35.5",7,35.5
MAIRIE DE LA CHAPELLE SUR ERDRE,la chapelle sur erdre,NAME:la chapelle sur erdre,SIREN:214400350,214400350,21440035000010,COMMUNE DE LA CHAPELLE-SUR-ERDRE,100.0,HIGH,api_recherche_entreprises,matched,"score=100.0, n_cands=2, margin=47.3",2,47.3
Ville de Parthenay,parthenay,NAME:parthenay,SIREN:217902022,217902022,21790202200011,COMMUNE PARTHENAY,100.0,HIGH,api_recherche_entreprises,matched,"score=100.0, n_cands=4, margin=12.9",4,12.9
Grand Lieu Communauté,grand lieu communaute,NAME:grand lieu communaute,SIREN:244400438,244400438,24440043800127,GRAND LIEU COMMUNAUTE,100.0,HIGH,api_recherche_entreprises,matched,"score=100.0, n_cands=4, margin=37.5",4,37.5
CC Océan Marais de Monts,cc ocean marais de monts,NAME:cc ocean marais de monts,NAME:cc ocean marais de monts,,,,,NO_MATCH,api_recherche_entreprises,no_match,no API candidates returned,0,
DIR REG ENVIR AMENAGEMENT LOGT BRETAGN,dir reg envir amenagement logt bretagn,NAME:dir reg envir amenagement logt bretagn,NAME:dir reg envir amenagement logt bretagn,,,,,NO_MATCH,api_recherche_entreprises,no_match,no API candidates returned,0,
CC DU PAYS DE ST FULGENT LES ESSARTS,cc du pays de st fulgent les essarts,NAME:cc du pays de st fulgent les essarts,NAME:cc du pays de st fulgent les essarts,,,,60.7,LOW,api_recherche_entreprises,matched,score=60.7 (below MEDIUM threshold),1,
SATT OUEST VALORISATION,satt ouest valorisation,NAME:satt ouest valorisation,SIREN:753000611,753000611,75300061100032,SATT OUEST VALORISATION,100.0,HIGH,api_recherche_entreprises,matched,"score=100.0, n_cands=1, margin=N/A",1,
Ville de Larmor-plage,larmor plage,NAME:larmor plage,SIREN:215601071,215601071,21560107100016,COMMUNE DE LARMOR PLAGE,100.0,HIGH,api_recherche_entreprises,matched,"score=100.0, n_cands=1, margin=N/A",1,
CD 44,cd 44,NAME:cd 44,NAME:cd 44,,,,53.5,NO_MATCH,api_recherche_entreprises,no_match,score=53.5 (below LOW threshold),8,28.0
MEDDE / DGAC / SCN / SSIM,medde dgac scn ssim,NAME:medde dgac scn ssim,NAME:medde dgac scn ssim,,,,,NO_MATCH,api_recherche_entreprises,no_match,no API candidates returned,0,
Groupement d'achats de l'Herm,groupement d achats de l herm,NAME:groupement d achats de l herm,NAME:groupement d achats de l herm,,,,,NO_MATCH,api_recherche_entreprises,no_match,no API candidates returned,0,
CA LES SABLES D OLONNE AGGLOMERATION,ca les sables d olonne agglomeration,NAME:ca les sables d olonne agglomeration,SIREN:200071165,200071165,20007116500167,CA LES SABLES D'OLONNE AGGLOMERATION,100.0,HIGH,api_recherche_entreprises,matched,"score=100.0, n_cands=1, margin=N/A",1,
CREHA Ouest,creha ouest,NAME:creha ouest,SIREN:327822177,327822177,32782217700025,CREHA OUEST,100.0,HIGH,api_recherche_entreprises,matched,"score=100.0, n_cands=1, margin=N/A",1,
CENTRE DE GESTION 87,centre de gestion 87,NAME:centre de gestion 87,NAME:centre de gestion 87,,,,,NO_MATCH,api_recherche_entreprises,no_match,no API candidates returned,0,
SDE35,sde35,NAME:sde35,NAME:sde35,,,,,NO_MATCH,api_recherche_entreprises,no_match,no API candidates returned,0,
Gcs E-Sante Pays de la Loire,gcs e sante pays de la loire,NAME:gcs e sante pays de la loire,SIREN:538208455,538208455,53820845500021,GCS E-SANTE PAYS DE LA LOIRE,100.0,HIGH,api_recherche_entreprises,matched,"score=100.0, n_cands=1, margin=N/A",1,
TERRITOIRE D'ENERGIE MAYENNE,territoire d energie mayenne,NAME:territoire d energie mayenne,SIREN:200082477,200082477,20008247700015,TERRITOIRE D'ENERGIE MAYENNE (TE53),99.2,HIGH,api_recherche_entreprises,matched,"score=99.2, n_cands=2, margin=33.9",2,33.9
Vendée Grand Littoral,vendee grand littoral,NAME:vendee grand littoral,SIREN:200071900,200071900,20007190000308,CC VENDEE GRAND LITTORAL,100.0,HIGH,api_recherche_entreprises,matched,"score=100.0, n_cands=4, margin=8.0",4,8.0
SCA/PFAF SO,sca pfaf so,NAME:sca pfaf so,NAME:sca pfaf so,,,,,NO_MATCH,api_recherche_entreprises,no_match,no API candidates returned,0,
Ecole National Sup. d'Arts et Métiers,ecole national sup d arts et metiers,NAME:ecole national sup d arts et metiers,NAME:ecole national sup d arts et metiers,,,,29.2,NO_MATCH,api_recherche_entreprises,no_match,score=29.2 (below LOW threshold),1,
COMMUNAUTE COMMUNES HUISNE SARTHOISE,communaute communes huisne sarthoise,NAME:communaute communes huisne sarthoise,NAME:communaute communes huisne sarthoise,,,,,NO_MATCH,api_recherche_entreprises,no_match,no API candidates returned,0,
GEVES,geves,NAME:geves,NAME:geves,,,,28.8,NO_MATCH,api_recherche_entreprises,no_match,score=28.8 (below LOW threshold),2,15.8
LA GARNACHE,la garnache,NAME:la garnache,NAME:la garnache,,,,74.7,MEDIUM,api_recherche_entreprises,matched,score=74.7 (below HIGH threshold or margin too small),10,5.2
Région Bretagne,region bretagne,NAME:region bretagne,SIREN:233500016,233500016,23350001600040,REGION BRETAGNE,100.0,HIGH,api_recherche_entreprises,matched,"score=100.0, n_cands=1, margin=N/A",1,
"Syndicat Mixte "" Sarthe Numérique """,syndicat mixte sarthe numerique,NAME:syndicat mixte sarthe numerique,SIREN:257202432,257202432,25720243200015,SYNDICAT MIXTE SARTHE NUMERIQUE,100.0,HIGH,api_recherche_entreprises,matched,"score=100.0, n_cands=1, margin=N/A",1,
COMMUNE DE LA FERTE-BERNARD,la ferte bernard,NAME:la ferte bernard,SIREN:217201326,217201326,21720132600014,COMMUNE DE LA FERTE BERNARD,100.0,HIGH,api_recherche_entreprises,matched,"score=100.0, n_cands=1, margin=N/A",1,
Clisson Sèvre et Maine Agglo,clisson sevre et maine agglo,NAME:clisson sevre et maine agglo,SIREN:200067635,200067635,20006763500132,CA CLISSON SEVRE ET MAINE AGGLO,100.0,HIGH,api_recherche_entreprises,matched,"score=100.0, n_cands=4, margin=35.6",4,35.6
CORLAB,corlab,NAME:corlab,SIREN:100492784,100492784,10049278400010,CORLAB,100.0,HIGH,api_recherche_entreprises,matched,"score=100.0, n_cands=3, margin=72.6",3,72.6
GROUPEMENT D INTERET PUBLIC PIX,groupement d interet public pix,NAME:groupement d interet public pix,SIREN:130023435,130023435,13002343500022,GROUPEMENT D INTERET PUBLIC PIX (GIP),100.0,HIGH,api_recherche_entreprises,matched,"score=100.0, n_cands=1, margin=N/A",1,
COMMUNE DE CESSON SEVIGNE,cesson sevigne,NAME:cesson sevigne,SIREN:213500515,213500515,21350051500019,COMMUNE DE CESSON SEVIGNE,100.0,HIGH,api_recherche_entreprises,matched,"score=100.0, n_cands=1, margin=N/A",1,
URSSAF des Pays de la Loire,urssaf des pays de la loire,NAME:urssaf des pays de la loire,SIREN:535104756,535104756,53510475600015,URSSAF DES PAYS DE LA LOIRE,100.0,HIGH,api_recherche_entreprises,matched,"score=100.0, n_cands=2, margin=34.4",2,34.4
Territoire d'Énergie de Mayenne,territoire d energie de mayenne,NAME:territoire d energie de mayenne,SIREN:200082477,200082477,20008247700015,TERRITOIRE D'ENERGIE MAYENNE (TE53),99.2,HIGH,api_recherche_entreprises,matched,"score=99.2, n_cands=2, margin=33.9",2,33.9
CCAS coulaines,ccas coulaines,NAME:ccas coulaines,NAME:ccas coulaines,,,,55.1,LOW,api_recherche_entreprises,matched,score=55.1 (below MEDIUM threshold),1,
CCI Pays de la Loire,cci pays de la loire,NAME:cci pays de la loire,SIREN:924715238,924715238,92471523800011,CSE CCI PAYS DE LA LOIRE,95.5,HIGH,api_recherche_entreprises,matched,"score=95.5, n_cands=6, margin=61.0",6,61.0
Commune de Saint Mars du Désert,saint mars du desert,NAME:saint mars du desert,SIREN:214401796,214401796,21440179600088,COMMUNE DE SAINT-MARS-DU-DESERT,100.0,HIGH,api_recherche_entreprises,matched,"score=100.0, n_cands=1, margin=N/A",1,
ADAR44,adar44,NAME:adar44,SIREN:841871932,841871932,84187193200015,ADAR44,100.0,HIGH,api_recherche_entreprises,matched,"score=100.0, n_cands=1, margin=N/A",1,
Commune Bagnoles de l'Orne Normandie,commune bagnoles de l orne normandie,NAME:commune bagnoles de l orne normandie,SIREN:200055812,200055812,20005581200016,COMMUNE DE BAGNOLES DE L'ORNE NORMANDIE,100.0,HIGH,api_recherche_entreprises,matched,"score=100.0, n_cands=3, margin=45.2",3,45.2
Mairie de Saint-Gilles-Croix-de-Vie,saint gilles croix de vie,NAME:saint gilles croix de vie,SIREN:218502227,218502227,21850222700018,COMMUNE DE SAINT-GILLES-CROIX-DE-VIE,100.0,HIGH,api_recherche_entreprises,matched,"score=100.0, n_cands=2, margin=66.6",2,66.6
Communauté de Communes de Nozay,communes de nozay,NAME:communes de nozay,NAME:communes de nozay,,,,,NO_MATCH,api_recherche_entreprises,no_match,no API candidates returned,0,
Université de Rennes 1,rennes 1,NAME:rennes 1,NAME:rennes 1,,,,72.0,MEDIUM,api_recherche_entreprises,matched,score=72.0 (below HIGH threshold or margin too small),1,
Commune d'Ancenis-Saint-Géréon,commune d ancenis saint gereon,NAME:commune d ancenis saint gereon,SIREN:200083228,200083228,20008322800011,COMMUNE DE ANCENIS-SAINT-GEREON,100.0,HIGH,api_recherche_entreprises,matched,"score=100.0, n_cands=4, margin=37.4",4,37.4
Mairie de Sucé sur Erdre,suce sur erdre,NAME:suce sur erdre,SIREN:214402018,214402018,21440201800011,COMMUNE DE SUCE-SUR-ERDRE,100.0,HIGH,api_recherche_entreprises,matched,"score=100.0, n_cands=1, margin=N/A",1,
Mairie de La Baule-Escoublac,la baule escoublac,NAME:la baule escoublac,SIREN:214400558,214400558,21440055800018,COMMUNE DE LA BAULE-ESCOUBLAC,100.0,HIGH,api_recherche_entreprises,matched,"score=100.0, n_cands=1, margin=N/A",1,
ANGERS LOIRE ECO,angers loire eco,NAME:angers loire eco,SIREN:840423198,840423198,84042319800026,ANGERS LOIRE ECO,100.0,HIGH,api_recherche_entreprises,matched,"score=100.0, n_cands=4, margin=31.5",4,31.5
EPCC Les Quinconces & L'Espal,epcc les quinconces l espal,NAME:epcc les quinconces l espal,NAME:epcc les quinconces l espal,,,,,NO_MATCH,api_recherche_entreprises,no_match,no API candidates returned,0,
Agence de l'eau Loire-Bretagne,agence de l eau loire bretagne,NAME:agence de l eau loire bretagne,SIREN:184503019,184503019,18450301900012,AGENCE DE L'EAU LOIRE-BRETAGNE,100.0,HIGH,api_recherche_entreprises,matched,"score=100.0, n_cands=2, margin=47.6",2,47.6
GIP RESAH,gip resah,NAME:gip resah,NAME:gip resah,,,,,NO_MATCH,api_recherche_entreprises,no_match,no API candidates returned,0,
Rectorat Division Scus,rectorat division scus,NAME:rectorat division scus,NAME:rectorat division scus,,,,,NO_MATCH,api_recherche_entreprises,no_match,no API candidates returned,0,
Commune de VALLONS-DE-L'ERDRE,vallons de l erdre,NAME:vallons de l erdre,SIREN:200078079,200078079,20007807900015,COMMUNE DE VALLONS-DE-L'ERDRE,100.0,HIGH,api_recherche_entreprises,matched,"score=100.0, n_cands=1, margin=N/A",1,
CONSEIL DEPARTEMENTAL DE LOIRE-ATLANTI,de loire atlanti,NAME:de loire atlanti,NAME:de loire atlanti,,,,63.8,LOW,api_recherche_entreprises,matched,score=63.8 (below MEDIUM threshold),1,
St Gilles Croix de Vie Agglomération,st gilles croix de vie agglomeration,NAME:st gilles croix de vie agglomeration,NAME:st gilles croix de vie agglomeration,,,,,NO_MATCH,api_recherche_entreprises,no_match,no API candidates returned,0,
Rectorat de Rennes,rectorat de rennes,NAME:rectorat de rennes,SIREN:173504309,173504309,17350430900019,RECTORAT DE L'ACADEMIE DE RENNES,84.9,HIGH,api_recherche_entreprises,matched,"score=84.9, n_cands=4, margin=27.6",4,27.6
DGAC DSNA,dgac dsna,NAME:dgac dsna,NAME:dgac dsna,,,,30.9,NO_MATCH,api_recherche_entreprises,no_match,score=30.9 (below LOW threshold),1,
Agence Régionale de Santé (ARS),agence regionale de sante ars,NAME:agence regionale de sante ars,SIREN:130008071,130008071,13000807100123,AGENCE REGIONALE DE SANTE AUVERGNE-RHONE-ALPES (ARS),79.2,HIGH,api_recherche_entreprises,matched,"score=79.2, n_cands=1, margin=N/A",1,
Théatre Le Quai,theatre le quai,NAME:theatre le quai,SIREN:903807220,903807220,90380722000012,THEATRE LE QUAI,100.0,HIGH,api_recherche_entreprises,matched,"score=100.0, n_cands=10, margin=21.0",10,21.0
GCSMS PART'AGE 72,gcsms part age 72,NAME:gcsms part age 72,NAME:gcsms part age 72,,,,,NO_MATCH,api_recherche_entreprises,no_match,no API candidates returned,0,
COMMUNE DE MURS ERIGNE,murs erigne,NAME:murs erigne,SIREN:214902231,214902231,21490223100148,COMMUNE DE MURS-ERIGNE,100.0,HIGH,api_recherche_entreprises,matched,"score=100.0, n_cands=1, margin=N/A",1,
DEPARTEMENT DE VENDEE,vendee,NAME:vendee,SIREN:228500013,228500013,22850001300658,DEPARTEMENT DE VENDEE,100.0,HIGH,api_recherche_entreprises,matched,"score=100.0, n_cands=10, margin=15.4",10,15.4
Ville de Chemillé en Anjou,chemille en anjou,NAME:chemille en anjou,SIREN:200053593,200053593,20005359300014,COMMUNE DE CHEMILLE-EN-ANJOU,100.0,HIGH,api_recherche_entreprises,matched,"score=100.0, n_cands=1, margin=N/A",1,
UBS,ubs,NAME:ubs,NAME:ubs,,,,28.0,NO_MATCH,api_recherche_entreprises,no_match,score=28.0 (below LOW threshold),3,-11.6
CC Sud Vendée Littoral,cc sud vendee littoral,NAME:cc sud vendee littoral,SIREN:200073260,200073260,20007326000016,CC SUD VENDEE LITTORAL,100.0,HIGH,api_recherche_entreprises,matched,"score=100.0, n_cands=1, margin=N/A",1,
SPM - DSAF - BCP,spm dsaf bcp,NAME:spm dsaf bcp,NAME:spm dsaf bcp,,,,,NO_MATCH,api_recherche_entreprises,no_match,no API candidates returned,0,
SPL EAU DU BASSIN RENNAIS,spl eau du bassin rennais,NAME:spl eau du bassin rennais,SIREN:798203576,798203576,79820357600029,SPL EAU DU BASSIN RENNAIS,100.0,HIGH,api_recherche_entreprises,matched,"score=100.0, n_cands=4, margin=25.3",4,25.3
Communauté de communes BAUGEOIS VALLEE,communes baugeois vallee,NAME:communes baugeois vallee,NAME:communes baugeois vallee,,,,,NO_MATCH,api_recherche_entreprises,no_match,no API candidates returned,0,
COM DE COMMUNES DE BELLE ILE EN MER,com de communes de belle ile en mer,NAME:com de communes de belle ile en mer,NAME:com de communes de belle ile en mer,,,,,NO_MATCH,api_recherche_entreprises,no_match,no API candidates returned,0,
DEPAFI,depafi,NAME:depafi,NAME:depafi,,,,,NO_MATCH,api_recherche_entreprises,no_match,no API candidates returned,0,
ville de Bouchemaine,bouchemaine,NAME:bouchemaine,SIREN:214900359,214900359,21490035900016,COMMUNE DE BOUCHEMAINE,100.0,HIGH,api_recherche_entreprises,matched,"score=100.0, n_cands=1, margin=N/A",1,
Commune d'Indre,commune d indre,NAME:commune d indre,SIREN:214400749,214400749,21440074900013,COMMUNE D'INDRE,100.0,HIGH,api_recherche_entreprises,matched,"score=100.0, n_cands=2, margin=48.7",2,48.7
Ville de Lagord,lagord,NAME:lagord,SIREN:211702006,211702006,21170200600019,COMMUNE DE LAGORD,100.0,HIGH,api_recherche_entreprises,matched,"score=100.0, n_cands=1, margin=N/A",1,
Afac-Agroforesteries,afac agroforesteries,NAME:afac agroforesteries,NAME:afac agroforesteries,,,,55.6,LOW,api_recherche_entreprises,matched,score=55.6 (below MEDIUM threshold),2,-20.2
CENOVIA CITES,cenovia cites,NAME:cenovia cites,SIREN:834692402,834692402,83469240200011,CENOVIA CITES,100.0,HIGH,api_recherche_entreprises,matched,"score=100.0, n_cands=1, margin=N/A",1,
SPL GOLFE DU MORBIHAN VANNES TOURISME,spl golfe du morbihan vannes tourisme,NAME:spl golfe du morbihan vannes tourisme,SIREN:789660784,789660784,78966078400024,GOLFE DU MORBIHAN VANNES TOURISME,100.0,HIGH,api_recherche_entreprises,matched,"score=100.0, n_cands=2, margin=0.0",2,0.0
UNICANCER ACHATS,unicancer achats,NAME:unicancer achats,NAME:unicancer achats,,,,,NO_MATCH,api_recherche_entreprises,no_match,no API candidates returned,0,
TERRITOIRE ENERGIE LOIRE ATLANTIQUE,territoire energie loire atlantique,NAME:territoire energie loire atlantique,SIREN:200014926,200014926,20001492600030,TERRITOIRE D ENERGIE LOIRE ATLANTIQUE (TE44) (TE44),95.5,HIGH,api_recherche_entreprises,matched,"score=95.5, n_cands=1, margin=N/A",1,
UNIVERSITE GUSTAVE EIFFEL,universite gustave eiffel,NAME:universite gustave eiffel,SIREN:130026123,130026123,13002612300013,UNIVERSITE GUSTAVE EIFFEL,100.0,HIGH,api_recherche_entreprises,matched,"score=100.0, n_cands=10, margin=12.6",10,12.6
GRETA-CFA LOIRE-ATLANTIQUE,greta cfa loire atlantique,NAME:greta cfa loire atlantique,NAME:greta cfa loire atlantique,,,,,NO_MATCH,api_recherche_entreprises,no_match,no API candidates returned,0,
Cté Cnes LES PORTES BRIARDES,cte cnes les portes briardes,NAME:cte cnes les portes briardes,NAME:cte cnes les portes briardes,,,,,NO_MATCH,api_recherche_entreprises,no_match,no API candidates returned,0,
Mairie de Guérande,guerande,NAME:guerande,SIREN:214400699,214400699,21440069900143,COMMUNE DE GUERANDE,100.0,HIGH,api_recherche_entreprises,matched,"score=100.0, n_cands=1, margin=N/A",1,
DSI de Pôle emploi,dsi de pole emploi,NAME:dsi de pole emploi,NAME:dsi de pole emploi,,,,20.7,NO_MATCH,api_recherche_entreprises,no_match,score=20.7 (below LOW threshold),1,
SPL Laval Mayenne Aménagements,spl laval mayenne amenagements,NAME:spl laval mayenne amenagements,SIREN:555650308,555650308,55565030800011,LAVAL MAYENNE AMENAGEMENTS (SEM L.M.A.),100.0,HIGH,api_recherche_entreprises,matched,"score=100.0, n_cands=7, margin=0.0",7,0.0
Pays de Blain Communauté,pays de blain communaute,NAME:pays de blain communaute,SIREN:244400453,244400453,24440045300035,CC PAYS DE BLAIN COMMUNAUTE (CCRB),92.0,HIGH,api_recherche_entreprises,matched,"score=92.0, n_cands=1, margin=N/A",1,
LE PLONGEOIR - CITE DU CIRQUE,le plongeoir cite du cirque,NAME:le plongeoir cite du cirque,NAME:le plongeoir cite du cirque,,,,73.6,MEDIUM,api_recherche_entreprises,matched,score=73.6 (below HIGH threshold or margin too small),2,58.2
Préfecture 85,prefecture 85,NAME:prefecture 85,NAME:prefecture 85,,,,52.1,NO_MATCH,api_recherche_entreprises,no_match,score=52.1 (below LOW threshold),2,17.3
SONADEV,sonadev,NAME:sonadev,SIREN:804579571,804579571,80457957100022,SONADEV,100.0,HIGH,api_recherche_entreprises,matched,"score=100.0, n_cands=10, margin=57.0",10,57.0
Ville de Montaigu-Vendée,montaigu vendee,NAME:montaigu vendee,SIREN:200081115,200081115,20008111500012,COMMUNE DE MONTAIGU-VENDEE,100.0,HIGH,api_recherche_entreprises,matched,"score=100.0, n_cands=1, margin=N/A",1,
Mairie de Clisson,clisson,NAME:clisson,SIREN:214400434,214400434,21440043400012,COMMUNE DE CLISSON,100.0,HIGH,api_recherche_entreprises,matched,"score=100.0, n_cands=4, margin=23.8",4,23.8
EPMP,epmp,NAME:epmp,SIREN:521005819,521005819,52100581900011,EPMP,100.0,HIGH,api_recherche_entreprises,matched,"score=100.0, n_cands=7, margin=30.5",7,30.5
CARIFOREF,cariforef,NAME:cariforef,NAME:cariforef,,,,,NO_MATCH,api_recherche_entreprises,no_match,no API candidates returned,0,
IRA DE LYON,ira de lyon,NAME:ira de lyon,NAME:ira de lyon,,,,44.0,NO_MATCH,api_recherche_entreprises,no_match,score=44.0 (below LOW threshold),5,-14.5
COMMUNAUTE DE COMMUNES DE L ERNEE,communes de l ernee,NAME:communes de l ernee,SIREN:245300355,245300355,24530035500030,COMMUNAUTE DE COMMUNES DE L'ERNEE,100.0,HIGH,api_recherche_entreprises,matched,"score=100.0, n_cands=1, margin=N/A",1,
Conseil Départemental de la Mayenne,de la mayenne,NAME:de la mayenne,SIREN:225300011,225300011,22530001100015,DEPARTEMENT DE LA MAYENNE,81.8,HIGH,api_recherche_entreprises,matched,"score=81.8, n_cands=1, margin=N/A",1,
SOCIETE PUBLIQUE REGIONALE ABBAYE DE FONTEVRAUD,societe publique regionale abbaye de fontevraud,NAME:societe publique regionale abbaye de fontevraud,SIREN:529260903,529260903,52926090300016,SOCIETE PUBLIQUE REGIONALE ABBAYE DE FONTEVRAUD,100.0,HIGH,api_recherche_entreprises,matched,"score=100.0, n_cands=2, margin=54.5",2,54.5
VILLE DE SAINT NAZAIRE,saint nazaire,NAME:saint nazaire,SIREN:214401846,214401846,21440184600016,COMMUNE DE SAINT-NAZAIRE,100.0,HIGH,api_recherche_entreprises,matched,"score=100.0, n_cands=1, margin=N/A",1,
Destination Angers,destination angers,SIRET:83095506800044,SIRET:83095506800044,,,,48.9,NO_MATCH,api_recherche_entreprises,skipped_already_siret,score=48.9 (below LOW threshold),3,-1.9
Tribunal administratif de Nantes,tribunal administratif de nantes,SIRET:17440005100010,SIREN:174400051,174400051,17440005100010,TRIBUNAL ADMINISTRATIF DE NANTES (TA),100.0,HIGH,api_recherche_entreprises,skipped_already_siret,"score=100.0, n_cands=2, margin=18.6",2,18.6
Conseil départemental Loire Atlantique,loire atlantique,NAME:loire atlantique,SIREN:935367433,935367433,93536743300015,CONSEIL DEPARTEMENTAL DES MOSQUEES DE LOIRE-ATLANTIQUE (CDM),93.4,HIGH,api_recherche_entreprises,matched,"score=93.4, n_cands=10, margin=5.4",10,5.4
GIE des EPL des Pays de la Loire,gie des epl des pays de la loire,SIRET:52921080900016,SIREN:529210809,529210809,52921080900016,GIE DES EPL DES PAYS DE LA LOIRE (SOLUTIONS&CO),76.3,HIGH,api_recherche_entreprises,skipped_already_siret,"score=76.3, n_cands=1, margin=N/A",1,
BACKNET SOLUTIONS,backnet solutions,SIRET:48756658000014,SIREN:487566580,487566580,48756658000014,BACKNET SOLUTIONS,100.0,HIGH,api_recherche_entreprises,skipped_already_siret,"score=100.0, n_cands=1, margin=N/A",1,
Société d'aménagement de la Métropole Ouest Atlantique,societe d amenagement de la metropole ouest atlantique,SIRET:17350111500013,SIRET:17350111500013,,,,,NO_MATCH,api_recherche_entreprises,skipped_already_siret,no API candidates returned,0,
Nantes Université,nantes universite,SIRET:17440005100010,SIREN:130029747,130029747,13002974700016,NANTES UNIVERSITE,100.0,HIGH,api_recherche_entreprises,skipped_already_siret,"score=100.0, n_cands=2, margin=34.1",2,34.1
Tribunal Administratif de Nantes,tribunal administratif de nantes,SIRET:17440005100010,SIREN:174400051,174400051,17440005100010,TRIBUNAL ADMINISTRATIF DE NANTES (TA),100.0,HIGH,api_recherche_entreprises,skipped_already_siret,"score=100.0, n_cands=2, margin=18.6",2,18.6
Le Mans Métropole,le mans metropole,NAME:le mans metropole,NAME:le mans metropole,,,,67.6,LOW,api_recherche_entreprises,matched,score=67.6 (below MEDIUM threshold),10,-16.1
Syndicat Départemental d'Energie et d'Equipement de la Vendée (85),syndicat departemental d energie et d equipement de la vendee 85,SIRET:20004248900019,SIRET:20004248900019,,,,,NO_MATCH,api_recherche_entreprises,skipped_already_siret,no API candidates returned,0,
Vendée Eau (85),vendee eau 85,SIRET:25850022200033,SIREN:258500222,258500222,25850022200033,VENDEE EAU,92.3,HIGH,api_recherche_entreprises,skipped_already_siret,"score=92.3, n_cands=1, margin=N/A",1,
LPO Touchard Washington,lpo touchard washington,NAME:lpo touchard washington,NAME:lpo touchard washington,,,,52.7,NO_MATCH,api_recherche_entreprises,no_match,score=52.7 (below LOW threshold),1,
Syndicat Mixte e-Collectivités Vendée,syndicat mixte e collectivites vendee,SIRET:20004311500019,SIRET:20004311500019,,,,,NO_MATCH,api_recherche_entreprises,skipped_already_siret,no API candidates returned,0,
Communauté de communes du Pays Sabolien,communes du pays sabolien,NAME:communes du pays sabolien,SIREN:247200090,247200090,24720009000014,COMMUNAUTE DE COMMUNES DU PAYS SABOLIEN,100.0,HIGH,api_recherche_entreprises,matched,"score=100.0, n_cands=1, margin=N/A",1,
GIE SESAM VITALE,gie sesam vitale,SIRET:39172288100052,SIREN:391722881,391722881,39172288100052,GIE SESAM VITALE,100.0,HIGH,api_recherche_entreprises,skipped_already_siret,"score=100.0, n_cands=1, margin=N/A",1,
GIE SESAM-Vitale,gie sesam vitale,SIRET:17440005100010,SIREN:391722881,391722881,39172288100052,GIE SESAM VITALE,100.0,HIGH,api_recherche_entreprises,skipped_already_siret,"score=100.0, n_cands=1, margin=N/A",1,
SDIS44,sdis44,SIRET:17350111500864,SIRET:17350111500864,,,,,NO_MATCH,api_recherche_entreprises,skipped_already_siret,no API candidates returned,0,
Commune Mauges sur Loire,commune mauges sur loire,SIRET:20005433600017,SIREN:200054336,200054336,20005433600017,COMMUNE DE MAUGES-SUR-LOIRE,100.0,HIGH,api_recherche_entreprises,skipped_already_siret,"score=100.0, n_cands=10, margin=64.7",10,64.7
Ville de La Baule Escoublac,la baule escoublac,NAME:la baule escoublac,SIREN:214400558,214400558,21440055800018,COMMUNE DE LA BAULE-ESCOUBLAC,100.0,HIGH,api_recherche_entreprises,matched,"score=100.0, n_cands=1, margin=N/A",1,
Pays de Saint Gilles Croix de Vie Agglomération (85),pays de saint gilles croix de vie agglomeration 85,SIRET:20002377800018,SIRET:20002377800018,,,,,NO_MATCH,api_recherche_entreprises,skipped_already_siret,no API candidates returned,0,
MAIRIE DE REZE,reze,NAME:reze,SIREN:214401432,214401432,21440143200015,COMMUNE DE REZE,100.0,HIGH,api_recherche_entreprises,matched,"score=100.0, n_cands=1, margin=N/A",1,
BATIMENT CFA NORMANDIE,batiment cfa normandie,SIRET:77811608700157,SIREN:778116087,778116087,77811608700157,BATIMENT CFA NORMANDIE,100.0,HIGH,api_recherche_entreprises,skipped_already_siret,"score=100.0, n_cands=1, margin=N/A",1,
"Terres de Montaigu, Communauté d'Agglomération (85)",terres de montaigu communaute d agglomeration 85,SIRET:20007023300016,SIRET:20007023300016,,,,,NO_MATCH,api_recherche_entreprises,skipped_already_siret,no API candidates returned,0,
Université de Rennes,rennes,SIRET:13003051300019,SIRET:13003051300019,,,,73.4,MEDIUM,api_recherche_entreprises,skipped_already_siret,score=73.4 (below HIGH threshold or margin too small),3,-26.6
Ville d'Angers Loire Metropole (49),ville d angers loire metropole 49,SIRET:24490001500011,SIRET:24490001500011,,,,,NO_MATCH,api_recherche_entreprises,skipped_already_siret,no API candidates returned,0,
ARS Pays de la Loire,ars pays de la loire,SIRET:47806779600084,SIRET:47806779600084,,,,62.9,LOW,api_recherche_entreprises,skipped_already_siret,score=62.9 (below MEDIUM threshold),2,32.9
SERVICE DEPARTEMENTAL D'INCENDIE ET DE SECOURS DE MAINE ET LOIRE,service departemental d incendie et de secours de maine et loire,SIRET:17440051000010,SIREN:104225453,104225453,10422545300018,AMICALE  DU PERSONNEL DE LA DIRECTION DEPARTEMENTALE DES SERVICES D'INCENDIE ET DE SECOURS DE MAINE-ET-LOIRE,82.3,HIGH,api_recherche_entreprises,skipped_already_siret,"score=82.3, n_cands=1, margin=N/A",1,
CH DU MANS,du mans,SIRET:26720016000013,SIRET:26720016000013,,,,37.3,NO_MATCH,api_recherche_entreprises,skipped_already_siret,score=37.3 (below LOW threshold),10,-4.2
Le Plongeoir - Cité du Cirque,le plongeoir cite du cirque,NAME:le plongeoir cite du cirque,NAME:le plongeoir cite du cirque,,,,73.6,MEDIUM,api_recherche_entreprises,matched,score=73.6 (below HIGH threshold or margin too small),2,58.2
Ville des Sables d’Olonne,ville des sables d olonne,SIRET:20008213900011,SIRET:20008213900011,,,,64.7,LOW,api_recherche_entreprises,skipped_already_siret,score=64.7 (below MEDIUM threshold),10,-2.5
Chambre de Commerce et d'Industrie Région Pays de la Loire,chambre de commerce et d industrie region pays de la loire,SIRET:18440128900022,SIRET:18440128900022,,,,59.7,LOW,api_recherche_entreprises,skipped_already_siret,score=59.7 (below MEDIUM threshold),1,
CHAMBRE DE COMMERCE D INDUSTRIE DE MAINE LOIRE,chambre de commerce d industrie de maine loire,SIRET:13000460900017,SIREN:130004609,130004609,13000460900017,CHAMBRE DE COMMERCE D INDUSTRIE DE MAINE LOIRE (CCI),100.0,HIGH,api_recherche_entreprises,skipped_already_siret,"score=100.0, n_cands=7, margin=65.4",7,65.4
Plateforme régionale des achats (PFRA) des Pays de la Loire,plateforme regionale des achats pfra des pays de la loire,SIRET:11000201100044,SIRET:11000201100044,,,,,NO_MATCH,api_recherche_entreprises,skipped_already_siret,no API candidates returned,0,
Les Sables d'Olonne Agglomération,les sables d olonne agglomeration,SIRET:20007116500167,SIREN:200071165,200071165,20007116500167,CA LES SABLES D'OLONNE AGGLOMERATION,100.0,HIGH,api_recherche_entreprises,skipped_already_siret,"score=100.0, n_cands=7, margin=34.6",7,34.6
NANTES UNIVERSITE,nantes universite,SIRET:13002974700016,SIREN:130029747,130029747,13002974700016,NANTES UNIVERSITE,100.0,HIGH,api_recherche_entreprises,skipped_already_siret,"score=100.0, n_cands=2, margin=34.1",2,34.1
Direction interdépartementale des routes ouest DIR Ouest,direction interdepartementale des routes ouest dir ouest,SIRET:17350005900014,SIREN:130001704,130001704,13000170400589,DIRECTION INTERDEPARTEMENTALE DES ROUTES OUEST (DIR),100.0,HIGH,api_recherche_entreprises,skipped_already_siret,"score=100.0, n_cands=1, margin=N/A",1,
GROUPEMENT TRANSAMO - CENOVIA,groupement transamo cenovia,NAME:groupement transamo cenovia,NAME:groupement transamo cenovia,,,,,NO_MATCH,api_recherche_entreprises,no_match,no API candidates returned,0,
CHU ANGERS Etablissement support du Groupement Hospitalier de Territoire de Maine et Loire,angers etablissement support du groupement hospitalier de territoire de maine et loire,NAME:angers etablissement support du groupement hospitalier de territoire de maine et loire,NAME:angers etablissement support du groupement hospitalier de territoire de maine et loire,,,,,NO_MATCH,api_recherche_entreprises,no_match,no API candidates returned,0,
Département des Côtes d'Armor,departement des cotes d armor,SIRET:22220001600327,SIREN:222200016,222200016,22220001600327,DEPARTEMENT DES COTES D'ARMOR,100.0,HIGH,api_recherche_entreprises,skipped_already_siret,"score=100.0, n_cands=1, margin=N/A",1,
Tribunal administratif de Paris,tribunal administratif de paris,SIRET:17750005500013,SIREN:177500055,177500055,17750005500013,TRIBUNAL ADMINISTRATIF DE PARIS (TA),100.0,HIGH,api_recherche_entreprises,skipped_already_siret,"score=100.0, n_cands=3, margin=50.0",3,50.0
Cholet Agglomération,cholet agglomeration,SIRET:20007167800011,SIREN:200071678,200071678,20007167800011,CA CHOLET AGGLOMERATION,100.0,HIGH,api_recherche_entreprises,skipped_already_siret,"score=100.0, n_cands=3, margin=54.8",3,54.8
Grand Port Maritime de Nantes Saint-Nazaire,grand port maritime de nantes saint nazaire,SIRET:77560485300041,SIREN:775604853,775604853,77560485300041,GRAND PORT MARITIME DE NANTES SAINT-NAZAIRE,100.0,HIGH,api_recherche_entreprises,skipped_already_siret,"score=100.0, n_cands=2, margin=59.3",2,59.3
SMIDAP,smidap,SIRET:25440139100027,SIRET:25440139100027,,,,27.7,NO_MATCH,api_recherche_entreprises,skipped_already_siret,score=27.7 (below LOW threshold),1,
"Rectorat de la région académique Grand Est, rectorat de l'académie de Nancy-Metz",rectorat de la region academique grand est rectorat de l academie de nancy metz,SIRET:13002953100055,SIRET:13002953100055,,,,,NO_MATCH,api_recherche_entreprises,skipped_already_siret,no API candidates returned,0,
Nantes metropole,nantes metropole,SIRET:24440040400129,SIRET:24440040400129,,,,84.2,MEDIUM,api_recherche_entreprises,skipped_already_siret,score=84.2 (below HIGH threshold or margin too small),10,-1.8
Ville de LE POULIGUEN,le pouliguen,NAME:le pouliguen,SIREN:214401358,214401358,21440135800095,COMMUNE DU POULIGUEN,100.0,HIGH,api_recherche_entreprises,matched,"score=100.0, n_cands=1, margin=N/A",1,
GCS BIOLOGIE 85,gcs biologie 85,SIRET:13002103300019,SIRET:13002103300019,,,,55.6,LOW,api_recherche_entreprises,skipped_already_siret,score=55.6 (below MEDIUM threshold),1,
Mairie de Saint-Herblain,saint herblain,SIRET:21440162200011,SIREN:214401622,214401622,21440162200011,COMMUNE DE SAINT-HERBLAIN,100.0,HIGH,api_recherche_entreprises,skipped_already_siret,"score=100.0, n_cands=2, margin=40.2",2,40.2
Ville de NANTES,nantes,SIRET:21440109300015,SIREN:214401093,214401093,21440109300015,COMMUNE DE NANTES,100.0,HIGH,api_recherche_entreprises,skipped_already_siret,"score=100.0, n_cands=8, margin=27.0",8,27.0
Centre de Gestion de la fonction publique territoriale de Loire-Atlantique,centre de gestion de la fonction publique territoriale de loire atlantique,SIRET:28440002500011,SIRET:28440002500011,,,,,NO_MATCH,api_recherche_entreprises,skipped_already_siret,no API candidates returned,0,
Ministère de la justice - SG/2S2M/SDIT,ministere de la justice sg 2s2m sdit,NAME:ministere de la justice sg 2s2m sdit,NAME:ministere de la justice sg 2s2m sdit,,,,,NO_MATCH,api_recherche_entreprises,no_match,no API candidates returned,0,
Territoire d'énergie Loire-Atlantique,territoire d energie loire atlantique,NAME:territoire d energie loire atlantique,SIREN:200014926,200014926,20001492600030,TERRITOIRE D ENERGIE LOIRE ATLANTIQUE (TE44) (TE44),95.5,HIGH,api_recherche_entreprises,matched,"score=95.5, n_cands=1, margin=N/A",1,
GIE LOIRE OCEAN,gie loire ocean,SIRET:53961650800021,SIRET:53961650800021,,,,63.0,LOW,api_recherche_entreprises,skipped_already_siret,score=63.0 (below MEDIUM threshold),10,-18.3
INESAAE - L'Institut Agro,inesaae l institut agro,SIRET:13002622200013,SIRET:13002622200013,,,,,NO_MATCH,api_recherche_entreprises,skipped_already_siret,no API candidates returned,0,
SAEM VENDEE - Vendée Globe,saem vendee vendee globe,SIRET:45151864100035,SIRET:45151864100035,,,,,NO_MATCH,api_recherche_entreprises,skipped_already_siret,no API candidates returned,0,
Angers Loire Metropole (49),angers loire metropole 49,SIRET:24490001500011,SIRET:24490001500011,,,,,NO_MATCH,api_recherche_entreprises,skipped_already_siret,no API candidates returned,0,
Ville de Luçon (85),lucon 85,SIRET:21850128600015,SIRET:21850128600015,,,,,NO_MATCH,api_recherche_entreprises,skipped_already_siret,no API candidates returned,0,
Association E-TOILE,association e toile,SIRET:80355563000018,SIREN:445400104,445400104,44540010400011,E-TOILE,100.0,HIGH,api_recherche_entreprises,skipped_already_siret,"score=100.0, n_cands=10, margin=18.3",10,18.3
Mayenne Très Haut Débit,mayenne tres haut debit,NAME:mayenne tres haut debit,SIREN:200061778,200061778,20006177800011,MAYENNE TRES HAUT DEBIT,100.0,HIGH,api_recherche_entreprises,matched,"score=100.0, n_cands=1, margin=N/A",1,
Nantes métropole,nantes metropole,SIRET:24440040400129,SIRET:24440040400129,,,,84.2,MEDIUM,api_recherche_entreprises,skipped_already_siret,score=84.2 (below HIGH threshold or margin too small),10,-1.8
Direction de l'administration pénitentiaire,direction de l administration penitentiaire,SIRET:12001201800111,SIREN:120012018,120012018,12001201800111,DIRECTION GENERALE DE L'ADMINISTRATION PENITENTIAIRE,97.4,HIGH,api_recherche_entreprises,skipped_already_siret,"score=97.4, n_cands=1, margin=N/A",1,
REGION DES PAYS DE LA LOIRE,region des pays de la loire,SIRET:23440003400026,SIREN:234400034,234400034,23440003400026,REGION DES PAYS DE LA LOIRE,100.0,HIGH,api_recherche_entreprises,skipped_already_siret,"score=100.0, n_cands=10, margin=40.5",10,40.5
Saint-Nazaire Agglomération -  la CARENE,saint nazaire agglomeration la carene,NAME:saint nazaire agglomeration la carene,NAME:saint nazaire agglomeration la carene,,,,70.4,MEDIUM,api_recherche_entreprises,matched,score=70.4 (below HIGH threshold or margin too small),5,34.3
VILLE DE LAVAL,laval,SIRET:17440005100010,SIREN:215301300,215301300,21530130000012,COMMUNE DE LAVAL,100.0,HIGH,api_recherche_entreprises,skipped_already_siret,"score=100.0, n_cands=3, margin=17.7",3,17.7
SPL ANGERS LOIRE TOURISME EXPO CONGRES (ALTEC) - DESTINATION ANGERS,spl angers loire tourisme expo congres altec destination angers,SIRET:83095506800044,SIRET:83095506800044,,,,,NO_MATCH,api_recherche_entreprises,skipped_already_siret,no API candidates returned,0,
Mairie Tours,mairie tours,SIRET:21370261600011,SIRET:21370261600011,,,,64.9,LOW,api_recherche_entreprises,skipped_already_siret,score=64.9 (below MEDIUM threshold),10,3.8
La Roche sur Yon Agglomération (85),la roche sur yon agglomeration 85,SIRET:24850058900085,SIREN:521017848,521017848,52101784800016,NAT'YON LA ROCHE AGGLOMERATION 85(N Y R A 85),88.0,HIGH,api_recherche_entreprises,skipped_already_siret,"score=88.0, n_cands=1, margin=N/A",1,
Rectorat de NANTES,rectorat de nantes,SIRET:11000201100044,SIRET:11000201100044,,,,84.9,MEDIUM,api_recherche_entreprises,skipped_already_siret,score=84.9 (below HIGH threshold or margin too small),5,-2.0
AUDENCIA EESC,audencia eesc,NAME:audencia eesc,NAME:audencia eesc,,,,,NO_MATCH,api_recherche_entreprises,no_match,no API candidates returned,0,
Groupement d'intérêt public Vendée Numérique,groupement d interet public vendee numerique,NAME:groupement d interet public vendee numerique,SIREN:130018559,130018559,13001855900018,GROUPEMENT D'INTERET PUBLIC VENDEE NUMERIQUE (GIP),100.0,HIGH,api_recherche_entreprises,matched,"score=100.0, n_cands=1, margin=N/A",1,
Communauté d'Agglomération du Niortais,communaute d agglomeration du niortais,SIRET:20004131700013,SIRET:20004131700013,,,,36.9,NO_MATCH,api_recherche_entreprises,skipped_already_siret,score=36.9 (below LOW threshold),4,-13.8
IMT ATLANTIQUE BRETAGNE - PAYS DE LA LOIRE,imt atlantique bretagne pays de la loire,SIRET:18009202500121,SIRET:18009202500121,,,,41.6,NO_MATCH,api_recherche_entreprises,skipped_already_siret,score=41.6 (below LOW threshold),1,
IMT Atlantique Bretagne - Pays de la Loire,imt atlantique bretagne pays de la loire,SIRET:18009202500121,SIRET:18009202500121,,,,41.6,NO_MATCH,api_recherche_entreprises,skipped_already_siret,score=41.6 (below LOW threshold),1,
"SEMITAN, mandataire de Nantes Métropole",semitan mandataire de nantes metropole,NAME:semitan mandataire de nantes metropole,NAME:semitan mandataire de nantes metropole,,,,,NO_MATCH,api_recherche_entreprises,no_match,no API candidates returned,0,
REGION PAYS DE LA LOIRE,region pays de la loire,SIRET:17440005100010,SIREN:234400034,234400034,23440003400026,REGION DES PAYS DE LA LOIRE,100.0,HIGH,api_recherche_entreprises,skipped_already_siret,"score=100.0, n_cands=10, margin=40.5",10,40.5
France Velo Tourisme,france velo tourisme,SIRET:51532951400035,SIREN:515329514,515329514,51532951400035,FRANCE VELO TOURISME,100.0,HIGH,api_recherche_entreprises,skipped_already_siret,"score=100.0, n_cands=1, margin=N/A",1,
Syndicat Mixte pour le Développement Numérique,syndicat mixte pour le developpement numerique,NAME:syndicat mixte pour le developpement numerique,SIREN:257202176,257202176,25720217600018,SYNDICAT MIXTE POUR LE DEVELOPPEMENT NUMERIQUE (SMIDEN),97.2,HIGH,api_recherche_entreprises,matched,"score=97.2, n_cands=1, margin=N/A",1,
La Cité des Congrès de Nantes agissant au nom et pour le compte de Nantes Métropole,la cite des congres de nantes agissant au nom et pour le compte de nantes metropole,NAME:la cite des congres de nantes agissant au nom et pour le compte de nantes metropole,NAME:la cite des congres de nantes agissant au nom et pour le compte de nantes metropole,,,,,NO_MATCH,api_recherche_entreprises,no_match,no API candidates returned,0,
Ville de Trélazé (49),trelaze 49,SIRET:21490353600016,SIRET:21490353600016,,,,,NO_MATCH,api_recherche_entreprises,skipped_already_siret,no API candidates returned,0,
Université Rennes 2,universite rennes 2,SIRET:19350937900015,SIRET:19350937900015,,,,72.0,MEDIUM,api_recherche_entreprises,skipped_already_siret,score=72.0 (below HIGH threshold or margin too small),1,
Commune de Beaupréau en Mauges,beaupreau en mauges,SIRET:20005361900017,SIREN:200053619,200053619,20005361900017,COMMUNE DE BEAUPREAU-EN-MAUGES,100.0,HIGH,api_recherche_entreprises,skipped_already_siret,"score=100.0, n_cands=2, margin=31.0",2,31.0
ECOLE NATIONALE SUPERIEURE D'ARTS ET METIERS,ecole nationale superieure d arts et metiers,SIRET:19753472000010,SIREN:197534720,197534720,19753472000010,ECOLE NATIONALE SUPERIEURE D'ARTS ET METIERS (ENSAM) (ENSAM),94.7,HIGH,api_recherche_entreprises,skipped_already_siret,"score=94.7, n_cands=5, margin=12.4",5,12.4
CCI Région Pays de la Loire,cci region pays de la loire,SIRET:18440128900022,SIREN:234400034,234400034,23440003400026,REGION DES PAYS DE LA LOIRE,95.5,HIGH,api_recherche_entreprises,skipped_already_siret,"score=95.5, n_cands=1, margin=N/A",1,
COMMUNE DE BEAUFORT-EN-ANJOU,beaufort en anjou,SIRET:20005889900010,SIREN:200058899,200058899,20005889900010,COMMUNE DE BEAUFORT-EN-ANJOU,100.0,HIGH,api_recherche_entreprises,skipped_already_siret,"score=100.0, n_cands=1, margin=N/A",1,
CNIEG (Caisse Nationale des Industries Electriques et Gazières),cnieg caisse nationale des industries electriques et gazieres,NAME:cnieg caisse nationale des industries electriques et gazieres,NAME:cnieg caisse nationale des industries electriques et gazieres,,,,,NO_MATCH,api_recherche_entreprises,no_match,no API candidates returned,0,
PETR Pays Vallée du Loir,petr pays vallee du loir,NAME:petr pays vallee du loir,SIREN:200076396,200076396,20007639600015,PETR PAYS VALLEE DU LOIR,100.0,HIGH,api_recherche_entreprises,matched,"score=100.0, n_cands=1, margin=N/A",1,
SPL LE MANS EVENEMENTS,spl le mans evenements,NAME:spl le mans evenements,SIREN:412238065,412238065,41223806500012,LE MANS EVENEMENTS,100.0,HIGH,api_recherche_entreprises,matched,"score=100.0, n_cands=10, margin=21.4",10,21.4
Vendée Expansion - SEM,vendee expansion sem,SIRET:54665016900057,SIREN:546650169,546650169,54665016900057,VENDEE EXPANSION - SEM,100.0,HIGH,api_recherche_entreprises,skipped_already_siret,"score=100.0, n_cands=7, margin=0.0",7,0.0
Région des Pays de la Loire,region des pays de la loire,SIRET:23440003400026,SIREN:234400034,234400034,23440003400026,REGION DES PAYS DE LA LOIRE,100.0,HIGH,api_recherche_entreprises,skipped_already_siret,"score=100.0, n_cands=10, margin=40.5",10,40.5
