contract_id,buyer_key,cpv_div2,category_label,contract_start,declared_duration_months,dur_was_imputed,estimated_end_date,event,renewal_contract_id,observed_duration_months,composite_score,text_similarity,cpv_match_score,cpv_used_in_score,temporal_score,start_date_source,link_method,type_procedure,type_marche,flag_amount_zero,flag_amount_tiny,flag_amount_ceiling,amount_clean,best_composite_score,second_best_composite_score,score_margin,n_candidates_for_source,single_candidate_match,high_confidence_strict
BOAMP:15-30947,NAME:smictom de la vallee de l authion,48.0,Software & Applications,2015-03-02,12.0,False,2016-03-01,0,,118.0,,,,,,publication_date,none,OUVERT,SERVICES,0,0,0,150000.0,,,,0,False,False
BOAMP:15-31464,SIREN:285300018,,Unknown,2015-03-02,36.0,False,2018-03-01,1,BOAMP:17-176560,33.54,0.7812,0.6922,,False,0.7951,publication_date,sentence_transformers,OUVERT,FOURNITURES,0,0,0,,0.7812,,,1,True,False
BOAMP:15-31513,SIREN:214401432,38.0,Unknown,2015-03-02,48.0,False,2019-03-02,1,BOAMP:19-87143,51.12,0.5101,0.2113,,False,0.7403,publication_date,sentence_transformers,OUVERT,FOURNITURES,0,0,0,,0.5101,,,1,True,False
BOAMP:15-20937,SIREN:214401093,44.0,Unknown,2015-03-03,48.0,False,2019-03-03,1,BOAMP:19-17307,47.17,0.8606,0.686,1.0,True,0.9312,publication_date,sentence_transformers,OUVERT,FOURNITURES,0,0,0,,0.8606,0.4367,0.42390000000000005,4,False,True
BOAMP:15-32168,SIREN:234400034,72.0,IT Services & Consulting,2015-07-21,24.0,False,2017-07-20,1,BOAMP:17-48788,24.11,0.5985,0.5009,0.2,True,0.9906,attribution_award_date,sentence_transformers,OUVERT,SERVICES,0,0,0,,0.5985,0.5695,0.029000000000000026,35,False,False
BOAMP:15-31641,SIREN:784301525,,Data & AI,2015-03-04,12.0,False,2016-03-03,0,,117.94,,,,,,publication_date,none,OUVERT,FOURNITURES,0,0,0,800000.0,,,,0,False,False
BOAMP:15-31797,NAME:acoss,72.0,IT Services & Consulting,2015-03-04,12.0,False,2016-03-03,0,,117.94,,,,,,publication_date,none,OUVERT,SERVICES,0,0,0,,,,,0,False,False
BOAMP:15-33241,SIREN:264400136,32.0,Telecom & Networks,2015-09-11,48.0,True,2019-09-11,1,BOAMP:20-19986,52.96,0.7516,0.5856,1.0,True,0.5869,attribution_award_date,sentence_transformers,OUVERT,FOURNITURES,0,0,0,,0.7516,0.5274,0.22420000000000007,6,False,True
BOAMP:15-33752,SIREN:234400034,72.0,Cybersecurity,2015-06-29,48.0,True,2019-06-29,1,BOAMP:19-174098,52.76,0.5346,0.5347,0.2,True,0.6034,attribution_award_date,sentence_transformers,OUVERT,SERVICES,0,0,0,,0.5346,0.5311,0.0034999999999999476,19,False,False
BOAMP:15-34520,NAME:d angers,32.0,Telecom & Networks,2015-03-06,48.0,True,2019-03-06,0,,117.87,,,,,,publication_date,none,PROCEDURE_ADAPTE,FOURNITURES,0,0,0,,,,,0,False,False
BOAMP:15-37182,NAME:mindef dga dt scat,35.0,Cybersecurity,2015-03-11,48.0,False,2019-03-11,0,,117.71,,,,,,publication_date,none,NEGOCIE,,0,0,0,,,,,0,False,False
BOAMP:15-42843,NAME:cte de cnes de l ile de noirmoutier,72.0,IT Services & Consulting,2015-03-24,48.0,False,2019-03-24,0,,117.28,,,,,,publication_date,none,OUVERT,SERVICES,0,0,0,,,,,0,False,False
BOAMP:15-44999,NAME:conseil general de la vendee,39.0,Cybersecurity,2015-03-24,48.0,True,2019-03-24,1,BOAMP:19-126819,52.86,0.5379,0.336,,False,0.5952,publication_date,sentence_transformers,OUVERT,,0,0,0,,0.5379,,,1,True,False
BOAMP:15-47591,SIREN:532458809,32.0,Telecom & Networks,2015-03-27,36.0,False,2018-03-26,1,BOAMP:17-55172,24.84,0.3211,0.3929,0.0,True,0.0696,publication_date,sentence_transformers,PROCEDURE_ADAPTE,,0,0,0,,0.3211,0.3099,0.011199999999999988,2,False,False
BOAMP:15-47696,SIREN:110006012,72.0,IT Services & Consulting,2015-03-30,48.0,False,2019-03-30,1,BOAMP:19-34512,47.21,0.539,0.5056,0.0,True,0.934,publication_date,sentence_transformers,OUVERT,SERVICES,0,0,0,,0.539,0.496,0.04300000000000004,2,False,False
BOAMP:15-31076,SIREN:218501914,35.0,Cybersecurity,2015-04-01,48.0,False,2019-04-01,1,BOAMP:19-154710,54.34,0.4741,0.5742,0.0,True,0.472,publication_date,sentence_transformers,PROCEDURE_ADAPTE,,0,0,0,,0.4741,0.328,0.1461,2,False,False
BOAMP:15-50314,SIREN:110006012,72.0,IT Services & Consulting,2015-04-02,48.0,True,2019-04-02,1,BOAMP:19-34512,47.11,0.49,0.3871,0.0,True,0.9258,publication_date,sentence_transformers,OUVERT,,0,0,0,,0.49,0.4412,0.04880000000000001,2,False,False
BOAMP:15-51571,NAME:residences saint alexandre,48.0,Software & Applications,2015-04-07,48.0,True,2019-04-07,0,,116.82,,,,,,publication_date,none,OUVERT,,0,0,0,,,,,0,False,False
BOAMP:15-52664,SIREN:110006012,72.0,IT Services & Consulting,2015-04-08,48.0,False,2019-04-08,1,BOAMP:19-34512,46.91,0.5154,0.4589,0.0,True,0.9093,publication_date,sentence_transformers,OUVERT,SERVICES,0,0,0,,0.5154,0.4439,0.07149999999999995,2,False,False
BOAMP:15-53947,SIREN:214401622,48.0,Software & Applications,2015-04-10,48.0,True,2019-04-10,1,BOAMP:19-104228,50.82,0.4468,0.3594,0.0,True,0.7649,publication_date,sentence_transformers,PROCEDURE_ADAPTE,SERVICES,0,0,0,,0.4468,,,1,True,False
BOAMP:15-54892,SIREN:288500010,32.0,Telecom & Networks,2015-04-10,48.0,True,2019-04-10,0,,116.72,,,,,,publication_date,none,OUVERT,,0,0,0,,,,,0,False,False
BOAMP:15-54272,SIREN:264900390,,Unknown,2015-04-10,44.0,False,2018-12-09,0,,116.72,,,,,,publication_date,none,OUVERT,,0,0,0,,,,,0,False,False
BOAMP:15-54977,NAME:conseil general de la sarthe,64.0,Digital Workplace & Collaboration,2015-04-13,48.0,True,2019-04-13,0,,116.62,,,,,,publication_date,none,OUVERT,SERVICES,0,0,0,,,,,0,False,False
BOAMP:15-55213,SIREN:451324974,32.0,Telecom & Networks,2015-04-13,12.0,False,2016-04-12,0,,116.62,,,,,,publication_date,none,OUVERT,,0,0,0,,,,,0,False,False
BOAMP:15-56123,SIREN:247200132,45.0,Unknown,2015-04-14,48.0,True,2019-04-14,1,BOAMP:18-146639,47.37,0.5164,0.4421,0.0,True,0.9477,publication_date,sentence_transformers,PROCEDURE_ADAPTE,,0,0,0,,0.5164,0.3858,0.1306,3,False,False
BOAMP:15-56649,SIREN:234400034,72.0,IT Services & Consulting,2015-04-14,12.0,False,2016-04-13,1,BOAMP:15-141361,7.79,0.6309,0.2529,1.0,True,0.6488,publication_date,sentence_transformers,OUVERT,SERVICES,0,0,0,,0.6309,0.4737,0.1572,9,False,False
BOAMP:15-55527,NAME:cdc du pays de saint gilles cx de vie,48.0,Software & Applications,2015-04-14,48.0,True,2019-04-14,1,BOAMP:18-52482,42.18,0.6851,0.4552,1.0,True,0.5151,publication_date,sentence_transformers,OUVERT,SERVICES,0,0,0,,0.6851,0.4443,0.24080000000000007,3,False,False
BOAMP:15-56918,NAME:vallet,32.0,Telecom & Networks,2015-04-15,12.0,False,2016-04-14,0,,116.56,,,,,,publication_date,none,PROCEDURE_ADAPTE,,0,0,0,,,,,0,False,False
BOAMP:15-56776,SIREN:532458809,32.0,Telecom & Networks,2015-04-15,48.0,True,2019-04-15,1,BOAMP:19-10579,45.24,0.4669,0.4074,0.0,True,0.7697,publication_date,sentence_transformers,PROCEDURE_ADAPTE,,0,0,0,,0.4669,0.4214,0.045499999999999985,2,False,False
BOAMP:15-58339,NAME:cnieg,72.0,IT Services & Consulting,2015-07-22,48.0,False,2019-07-22,1,BOAMP:19-103125,47.4,0.5271,0.3426,0.2,True,0.9504,attribution_award_date,sentence_transformers,OUVERT,SERVICES,0,0,0,,0.5271,0.4215,0.10560000000000003,4,False,False
BOAMP:15-58989,NAME:ccir pays de la loire,48.0,Software & Applications,2015-04-17,48.0,True,2019-04-17,1,BOAMP:18-148384,44.32,0.5413,0.6317,0.0,True,0.6931,publication_date,sentence_transformers,OUVERT,,0,0,0,,0.5413,0.5011,0.040200000000000014,4,False,False
BOAMP:15-59370,SIREN:264400136,72.0,IT Services & Consulting,2015-04-20,48.0,False,2019-04-20,1,BOAMP:18-76556,37.55,0.5839,0.3953,1.0,True,0.1291,publication_date,sentence_transformers,PROCEDURE_ADAPTE,SERVICES,0,0,0,,0.5839,0.5825,0.0013999999999999568,10,False,False
BOAMP:15-59556,NAME:conseil general de loire atlantique,35.0,Cybersecurity,2015-08-24,48.0,False,2019-08-24,0,,112.25,,,,,,attribution_award_date,none,OUVERT,,0,0,0,200000.0,,,,0,False,False
BOAMP:15-64142,SIREN:264400136,48.0,Software & Applications,2015-04-24,48.0,True,2019-04-24,1,BOAMP:19-59985,47.77,0.5772,0.4528,0.2,True,0.9805,publication_date,sentence_transformers,PROCEDURE_ADAPTE,,0,0,0,,0.5772,0.4733,0.10390000000000005,9,False,False
BOAMP:15-50024,SIREN:258500222,35.0,Cybersecurity,2015-06-25,6.0,False,2015-12-24,0,,114.22,,,,,,attribution_award_date,none,PROCEDURE_ADAPTE,,0,0,0,,,,,0,False,False
BOAMP:15-63153,SIREN:258500222,45.0,Unknown,2015-04-27,48.0,True,2019-04-27,1,BOAMP:19-75795,48.59,0.5256,0.4633,0.0,True,0.9511,publication_date,sentence_transformers,PROCEDURE_ADAPTE,,0,0,0,,0.5256,,,1,True,False
BOAMP:15-64904,SIREN:288500010,48.0,Software & Applications,2015-04-28,68.0,False,2020-12-26,1,BOAMP:20-137315,71.48,0.4645,0.4315,0.0,True,0.7096,publication_date,sentence_transformers,PROCEDURE_ADAPTE,,0,0,0,,0.4645,0.4543,0.010200000000000042,3,False,False
BOAMP:15-65940,NAME:pole sante sarthe et loire,72.0,IT Maintenance & Support,2015-04-29,48.0,True,2019-04-29,0,,116.1,,,,,,publication_date,none,PROCEDURE_ADAPTE,SERVICES,0,0,0,,,,,0,False,False
BOAMP:15-65742,NAME:ville du mans,32.0,Telecom & Networks,2015-07-10,48.0,True,2019-07-10,1,BOAMP:19-80774,46.42,0.5812,0.2806,,False,0.8683,attribution_award_date,sentence_transformers,PROCEDURE_ADAPTE,,0,0,0,,0.5812,0.5456,0.035600000000000076,6,False,False
BOAMP:15-68078,NAME:dir ouest,32.0,Telecom & Networks,2015-05-04,48.0,False,2019-05-04,1,BOAMP:19-71182,52.99,0.8463,0.8236,1.0,True,0.5842,publication_date,sentence_transformers,OUVERT,SERVICES,0,0,0,240000.0,0.8463,,,1,True,False
BOAMP:15-67480,NAME:syndicat departemental d energie,48.0,Software & Applications,2015-05-04,48.0,True,2019-05-04,0,,115.93,,,,,,publication_date,none,PROCEDURE_ADAPTE,SERVICES,0,0,0,,,,,0,False,False
BOAMP:15-70236,SIREN:288500010,72.0,IT Services & Consulting,2015-05-06,42.0,False,2018-11-04,0,,115.87,,,,,,publication_date,none,PROCEDURE_ADAPTE,SERVICES,0,0,0,,,,,0,False,False
BOAMP:15-71156,SIREN:194909701,48.0,Software & Applications,2015-10-06,48.0,False,2019-10-06,1,BOAMP:20-47300,58.94,0.675,0.6432,1.0,True,0.0887,attribution_award_date,sentence_transformers,OUVERT,,0,0,0,,0.675,0.3542,0.32080000000000003,2,False,False
BOAMP:15-72457,SIREN:234400034,72.0,IT Services & Consulting,2015-05-12,12.0,False,2016-05-11,1,BOAMP:15-141361,6.87,0.6352,0.302,1.0,True,0.5722,publication_date,sentence_transformers,OUVERT,SERVICES,0,0,0,,0.6352,0.4918,0.14339999999999997,7,False,False
BOAMP:15-78724,NAME:e collectivites vendee,72.0,IT Services & Consulting,2015-05-22,48.0,True,2019-05-22,1,BOAMP:19-180395,58.64,0.3829,0.5256,0.0,True,0.1133,publication_date,sentence_transformers,PROCEDURE_ADAPTE,SERVICES,0,0,0,,0.3829,,,1,True,False
BOAMP:15-78916,SIREN:264400136,72.0,IT Services & Consulting,2015-05-22,48.0,True,2019-05-22,1,BOAMP:18-121819,39.29,0.5893,0.3363,1.0,True,0.2742,publication_date,sentence_transformers,PROCEDURE_ADAPTE,SERVICES,0,0,0,,0.5893,0.5882,0.001100000000000101,6,False,False
BOAMP:15-78924,SIREN:234400034,,Telecom & Networks,2015-05-26,12.0,False,2016-05-25,1,BOAMP:16-96174,16.79,0.6599,0.5617,,False,0.6011,publication_date,sentence_transformers,OUVERT,SERVICES,0,0,0,,0.6599,0.6532,0.006700000000000039,8,False,False
BOAMP:15-81386,NAME:gpm de nantes st nazaire,48.0,Software & Applications,2015-05-28,48.0,True,2019-05-28,1,BOAMP:19-87510,48.29,0.5808,0.4641,0.2,True,0.9757,publication_date,sentence_transformers,DIALOGUE_COMPETITIF,SERVICES,0,0,0,600000.0,0.5808,0.4043,0.1765,3,False,False
BOAMP:15-81231,NAME:saem vendee,72.0,IT Services & Consulting,2015-09-28,48.0,True,2019-09-28,0,,111.1,,,,,,attribution_award_date,none,OUVERT,SERVICES,0,0,0,,,,,0,False,False
BOAMP:15-82510,NAME:cg49,,Data & AI,2015-06-01,48.0,True,2019-06-01,0,,115.01,,,,,,publication_date,none,OUVERT,,0,0,0,,,,,0,False,False
BOAMP:15-82236,SIREN:214401432,38.0,Unknown,2015-06-01,48.0,False,2019-06-01,0,,115.01,,,,,,publication_date,none,OUVERT,,0,0,0,1090000.0,,,,0,False,False
BOAMP:15-83632,SIREN:264400136,72.0,IT Services & Consulting,2015-06-03,48.0,True,2019-06-03,1,BOAMP:18-76556,36.1,0.7421,0.851,1.0,True,0.0087,publication_date,sentence_transformers,PROCEDURE_ADAPTE,SERVICES,0,0,0,,0.7421,0.5482,0.19389999999999996,11,False,True
BOAMP:15-85320,SIREN:110006012,48.0,Software & Applications,2015-06-04,48.0,True,2019-06-04,1,BOAMP:19-34512,45.04,0.4439,0.3581,0.0,True,0.7533,publication_date,sentence_transformers,PROCEDURE_ADAPTE,,0,0,0,,0.4439,0.4364,0.007500000000000007,2,False,False
BOAMP:15-84881,NAME:nantes metropole,48.0,Software & Applications,2015-10-14,48.0,False,2019-10-14,1,BOAMP:19-151382,47.83,0.6627,0.6637,0.2,True,0.986,attribution_award_date,sentence_transformers,OUVERT,SERVICES,0,0,0,,0.6627,0.5581,0.10459999999999992,24,False,False
BOAMP:15-86218,SIREN:264400136,35.0,Cybersecurity,2015-06-05,48.0,False,2019-06-05,1,BOAMP:19-103545,49.01,0.4766,0.3587,0.0,True,0.9155,publication_date,sentence_transformers,PROCEDURE_ADAPTE,,0,0,0,,0.4766,0.4105,0.06610000000000005,10,False,False
BOAMP:15-87511,SIREN:265300087,,Telecom & Networks,2015-06-09,48.0,True,2019-06-09,0,,114.75,,,,,,publication_date,none,OUVERT,SERVICES,0,0,0,,,,,0,False,False
BOAMP:15-69493,NAME:ademe,72.0,Data & AI,2015-06-10,11.0,False,2016-05-09,1,BOAMP:16-1046,7.29,0.508,0.4245,0.2,True,0.6911,publication_date,sentence_transformers,OUVERT,SERVICES,0,0,0,,0.508,0.3474,0.16060000000000002,2,False,False
BOAMP:15-89415,NAME:le mans,,Software & Applications,2015-06-11,48.0,True,2019-06-11,1,BOAMP:19-3707,42.97,0.5885,0.438,,False,0.5808,publication_date,sentence_transformers,PROCEDURE_ADAPTE,SERVICES,0,0,0,,0.5885,0.5786,0.00990000000000002,5,False,False
BOAMP:15-89263,SIREN:258500222,72.0,Data & AI,2015-07-22,48.0,True,2019-07-22,1,BOAMP:19-75795,45.76,0.6617,0.6224,0.4,True,0.8135,attribution_award_date,sentence_transformers,PROCEDURE_ADAPTE,SERVICES,0,0,0,,0.6617,,,1,True,False
BOAMP:15-90549,SIREN:242900769,72.0,IT Services & Consulting,2015-06-15,48.0,True,2019-06-15,0,,114.55,,,,,,publication_date,none,PROCEDURE_ADAPTE,SERVICES,0,0,0,,,,,0,False,False
BOAMP:15-90148,SIREN:242900769,30.0,IT Hardware & Equipment,2015-06-15,48.0,True,2019-06-15,0,,114.55,,,,,,publication_date,none,OUVERT,,0,0,0,,,,,0,False,False
BOAMP:15-92216,SIREN:264400136,72.0,IT Services & Consulting,2015-06-16,48.0,True,2019-06-16,1,BOAMP:19-103545,48.65,0.551,0.5297,0.0,True,0.9456,publication_date,sentence_transformers,PROCEDURE_ADAPTE,,0,0,0,,0.551,0.5151,0.03590000000000004,10,False,False
BOAMP:15-92588,SIREN:234400034,72.0,IT Services & Consulting,2015-10-08,12.0,False,2016-10-07,1,BOAMP:16-96174,12.35,0.5798,0.5891,0.0,True,0.9707,attribution_award_date,sentence_transformers,OUVERT,SERVICES,0,0,0,,0.5798,0.5703,0.009499999999999953,16,False,False
BOAMP:15-94958,SIREN:791052491,,Telecom & Networks,2015-06-22,48.0,True,2019-06-22,0,,114.32,,,,,,publication_date,none,OUVERT,SERVICES,0,0,0,,,,,0,False,False
BOAMP:15-93928,NAME:cte d agglomeration du choletais,39.0,Cloud & Infrastructure,2015-06-22,48.0,True,2019-06-22,0,,114.32,,,,,,publication_date,none,OUVERT,,0,0,0,,,,,0,False,False
BOAMP:15-95100,SIREN:247200132,31.0,Telecom & Networks,2015-06-22,48.0,True,2019-06-22,1,BOAMP:19-105444,48.59,0.6884,0.8704,0.0,True,0.9511,publication_date,sentence_transformers,OUVERT,,0,0,0,,0.6884,0.5775,0.1109,7,False,False
BOAMP:15-95253,SIREN:264400136,35.0,Cybersecurity,2015-06-22,48.0,True,2019-06-22,1,BOAMP:19-103545,48.46,0.4892,0.3671,0.0,True,0.962,publication_date,sentence_transformers,PROCEDURE_ADAPTE,,0,0,0,,0.4892,0.4222,0.067,9,False,False
BOAMP:15-95813,SIREN:214401622,48.0,Software & Applications,2015-10-14,48.0,True,2019-10-14,1,BOAMP:19-104228,44.68,0.3872,0.2313,0.0,True,0.7232,attribution_award_date,sentence_transformers,OUVERT,,0,0,0,,0.3872,,,1,True,False
BOAMP:15-96106,NAME:cnieg,72.0,IT Services & Consulting,2015-06-24,48.0,True,2019-06-24,1,BOAMP:19-103125,48.32,0.6234,0.572,0.2,True,0.973,publication_date,sentence_transformers,PROCEDURE_ADAPTE,SERVICES,0,0,0,,0.6234,0.5808,0.04259999999999997,6,False,False
BOAMP:15-96786,NAME:conseil general de la sarthe,72.0,IT Services & Consulting,2015-06-24,48.0,True,2019-06-24,0,,114.26,,,,,,publication_date,none,PROCEDURE_ADAPTE,SERVICES,0,0,0,,,,,0,False,False
BOAMP:15-96870,SIREN:244900015,72.0,IT Services & Consulting,2015-06-25,48.0,True,2019-06-25,1,BOAMP:19-136955,50.53,0.6588,0.2522,1.0,True,0.7895,publication_date,sentence_transformers,PROCEDURE_ADAPTE,SERVICES,0,0,0,,0.6588,0.498,0.16080000000000005,8,False,False
BOAMP:15-98976,SIREN:110006012,48.0,Software & Applications,2015-06-29,24.0,False,2017-06-28,1,BOAMP:17-44758,25.82,0.4452,0.3139,0.0,True,0.8482,publication_date,sentence_transformers,PROCEDURE_ADAPTE,SERVICES,0,0,0,,0.4452,0.357,0.0882,2,False,False
BOAMP:15-100830,SIREN:247200132,45.0,Unknown,2015-07-01,48.0,True,2019-07-01,1,BOAMP:18-146639,44.81,0.4515,0.3868,0.0,True,0.7341,publication_date,sentence_transformers,PROCEDURE_ADAPTE,,0,0,0,,0.4515,0.4135,0.038000000000000034,4,False,False
BOAMP:15-100455,NAME:nantes metropole,35.0,Cybersecurity,2015-11-20,48.0,False,2019-11-20,1,BOAMP:19-156899,50.07,0.7262,0.4014,1.0,True,0.8279,attribution_award_date,sentence_transformers,OUVERT,SERVICES,0,0,0,,0.7262,0.5792,0.1469999999999999,30,False,True
BOAMP:15-102510,NAME:conseil general de la sarthe,72.0,Digital Workplace & Collaboration,2016-01-26,48.0,True,2020-01-26,0,,107.16,,,,,,attribution_award_date,none,OUVERT,SERVICES,0,0,0,,,,,0,False,False
BOAMP:15-105085,NAME:ccir pays de la loire,48.0,Software & Applications,2015-07-07,48.0,True,2019-07-07,1,BOAMP:19-106429,51.48,0.4788,0.342,0.2,True,0.7101,publication_date,sentence_transformers,DIALOGUE_COMPETITIF,SERVICES,0,0,0,,0.4788,0.4585,0.020299999999999985,4,False,False
BOAMP:15-104125,SIREN:214401093,48.0,Software & Applications,2015-07-08,48.0,False,2019-07-08,1,BOAMP:19-110370,48.36,0.4825,0.2212,0.2,True,0.9702,publication_date,sentence_transformers,PROCEDURE_ADAPTE,SERVICES,0,0,0,,0.4825,0.4512,0.031299999999999994,8,False,False
BOAMP:15-107245,SIREN:247200132,48.0,Software & Applications,2016-02-02,48.0,True,2020-02-02,1,BOAMP:19-177021,52.04,0.5481,0.5384,0.2,True,0.6636,attribution_award_date,sentence_transformers,PROCEDURE_ADAPTE,,0,0,0,,0.5481,0.4283,0.11980000000000002,3,False,False
BOAMP:15-108955,SIREN:247200132,,Telecom & Networks,2015-07-13,48.0,True,2019-07-13,1,BOAMP:19-105444,47.9,0.8038,0.6364,,False,0.9915,publication_date,sentence_transformers,OUVERT,,0,0,0,,0.8038,0.6576,0.1462,7,False,True
BOAMP:15-108645,SIREN:218502888,32.0,Telecom & Networks,2015-07-13,48.0,True,2019-07-13,1,BOAMP:19-73211,45.86,0.4271,0.282,0.0,True,0.8217,publication_date,sentence_transformers,PROCEDURE_ADAPTE,,0,0,0,,0.4271,,,1,True,False
BOAMP:15-111481,SIREN:264400136,48.0,Software & Applications,2015-07-20,48.0,True,2019-07-20,1,BOAMP:19-59985,44.91,0.7506,0.5054,1.0,True,0.7423,publication_date,sentence_transformers,OUVERT,,0,0,0,,0.7506,0.509,0.24160000000000004,7,False,True
BOAMP:15-111661,NAME:inra formation permanente nationale,48.0,Software & Applications,2015-07-21,36.0,False,2018-07-20,0,,113.37,,,,,,publication_date,none,OUVERT,SERVICES,0,0,0,129000.0,,,,0,False,False
BOAMP:15-114783,NAME:cnieg,72.0,IT Services & Consulting,2015-07-23,48.0,True,2019-07-23,1,BOAMP:19-103125,47.37,0.5817,0.4805,0.2,True,0.9477,publication_date,sentence_transformers,PROCEDURE_ADAPTE,SERVICES,0,0,0,,0.5817,0.4767,0.10499999999999998,6,False,False
BOAMP:15-115709,SIREN:214401846,72.0,IT Services & Consulting,2015-11-26,48.0,False,2019-11-26,1,BOAMP:19-187147,51.97,0.4584,0.4364,0.0,True,0.6691,attribution_award_date,sentence_transformers,PROCEDURE_ADAPTE,SERVICES,0,0,0,,0.4584,0.4398,0.01859999999999995,7,False,False
BOAMP:15-115988,SIREN:244900015,32.0,Telecom & Networks,2015-07-27,48.0,False,2019-07-27,1,BOAMP:19-176963,53.35,0.422,0.403,0.0,True,0.5541,publication_date,sentence_transformers,PROCEDURE_ADAPTE,,0,0,0,,0.422,0.4214,0.0005999999999999894,7,False,False
BOAMP:15-115336,NAME:d angers,72.0,IT Services & Consulting,2016-07-19,60.0,False,2021-07-19,0,,101.41,,,,,,attribution_award_date,none,DIALOGUE_COMPETITIF,SERVICES,0,0,0,,,,,0,False,False
BOAMP:15-119589,SIREN:214402158,32.0,Telecom & Networks,2015-08-03,48.0,True,2019-08-03,1,BOAMP:18-153394,38.93,0.5314,0.5814,0.4,True,0.2441,publication_date,sentence_transformers,PROCEDURE_ADAPTE,,0,0,0,,0.5314,,,1,True,False
BOAMP:15-119639,SIREN:194401006,32.0,Telecom & Networks,2015-11-03,48.0,True,2019-11-03,0,,109.92,,,,,,attribution_award_date,none,OUVERT,,0,0,0,,,,,0,False,False
BOAMP:15-122609,SIREN:214400269,32.0,Telecom & Networks,2015-12-18,60.0,False,2020-12-17,1,BOAMP:21-25043,62.22,0.5895,0.3229,,False,0.8149,attribution_award_date,sentence_transformers,PROCEDURE_ADAPTE,,0,0,0,,0.5895,,,1,True,False
BOAMP:15-90876,SIREN:214401317,32.0,Telecom & Networks,2015-08-10,48.0,True,2019-08-10,1,BOAMP:18-177300,40.41,0.4892,0.6643,0.0,True,0.3673,publication_date,sentence_transformers,OUVERT,SERVICES,0,0,0,,0.4892,,,1,True,False
BOAMP:15-124226,SIREN:227200029,64.0,Digital Workplace & Collaboration,2015-08-10,48.0,True,2019-08-10,1,BOAMP:19-71679,47.73,0.9894,0.9847,1.0,True,0.9778,publication_date,sentence_transformers,OUVERT,SERVICES,0,0,0,,0.9894,0.5878,0.40159999999999996,12,False,True
BOAMP:15-133200,NAME:saelsi,32.0,Telecom & Networks,2015-08-31,6.0,False,2016-02-29,0,,112.02,,,,,,publication_date,none,PROCEDURE_ADAPTE,,0,0,0,,,,,0,False,False
BOAMP:15-134263,SIREN:940022890,32.0,Telecom & Networks,2015-09-02,48.0,False,2019-09-02,0,,111.96,,,,,,publication_date,none,OUVERT,,0,0,0,,,,,0,False,False
BOAMP:15-136371,SIREN:285300018,,Data & AI,2015-09-07,48.0,False,2019-09-07,0,,111.79,,,,,,publication_date,none,OUVERT,,0,0,0,,,,,0,False,False
BOAMP:15-139094,SIREN:288500010,35.0,Cybersecurity,2015-12-03,38.0,False,2019-02-01,0,,108.94,,,,,,attribution_award_date,none,PROCEDURE_ADAPTE,,0,0,0,,,,,0,False,False
BOAMP:15-141361,SIREN:234400034,72.0,IT Services & Consulting,2015-12-07,48.0,False,2019-12-07,1,BOAMP:19-174098,47.47,0.5677,0.4414,0.2,True,0.9559,attribution_award_date,sentence_transformers,OUVERT,SERVICES,0,0,0,,0.5677,0.4916,0.0761,14,False,False
BOAMP:15-142353,NAME:ville du mans,32.0,Telecom & Networks,2016-01-21,48.0,True,2020-01-21,1,BOAMP:20-2441,53.25,0.8232,0.777,1.0,True,0.5623,attribution_award_date,sentence_transformers,OUVERT,,0,0,0,,0.8232,0.5186,0.3046000000000001,3,False,True
BOAMP:15-143083,SIREN:264900390,35.0,Cybersecurity,2015-09-18,48.0,False,2019-09-18,0,,111.43,,,,,,publication_date,none,PROCEDURE_ADAPTE,,0,0,0,,,,,0,False,False
BOAMP:15-144405,NAME:regie dept passages d eau de vendee,72.0,IT Services & Consulting,2015-09-22,48.0,True,2019-09-22,0,,111.3,,,,,,publication_date,none,PROCEDURE_ADAPTE,SERVICES,0,0,0,,,,,0,False,False
BOAMP:15-146024,SIREN:214401093,32.0,Telecom & Networks,2015-12-17,48.0,True,2019-12-17,1,BOAMP:20-28749,50.79,0.5475,0.36,0.4,True,0.7676,attribution_award_date,sentence_transformers,OUVERT,,0,0,0,,0.5475,0.4323,0.11519999999999997,7,False,False
BOAMP:15-150393,SIREN:794885913,48.0,Software & Applications,2015-10-05,12.0,False,2016-10-04,0,,110.87,,,,,,publication_date,none,PROCEDURE_ADAPTE,SERVICES,0,0,0,,,,,0,False,False
BOAMP:15-153008,NAME:ville du mans,37.0,Data & AI,2016-04-12,48.0,True,2020-04-12,1,BOAMP:19-172734,46.91,0.9076,0.8144,1.0,True,0.9093,attribution_award_date,sentence_transformers,OUVERT,,0,0,0,,0.9076,0.4456,0.46199999999999997,4,False,True
BOAMP:15-154566,NAME:cnieg,72.0,IT Services & Consulting,2016-01-28,48.0,True,2020-01-28,1,BOAMP:20-64610,55.78,0.5644,0.7352,0.2,True,0.3515,attribution_award_date,sentence_transformers,OUVERT,SERVICES,0,0,0,,0.5644,0.5589,0.00550000000000006,6,False,False
BOAMP:15-160688,SIREN:532458809,72.0,IT Services & Consulting,2015-10-20,48.0,True,2019-10-20,1,BOAMP:20-8882,51.02,0.5638,0.3078,,False,0.7485,publication_date,sentence_transformers,PROCEDURE_ADAPTE,SERVICES,0,0,0,,0.5638,0.3785,0.18529999999999996,2,False,False
BOAMP:15-159244,NAME:nantes metropole,48.0,Software & Applications,2015-10-23,12.0,False,2016-10-22,1,BOAMP:16-63342,11.7,0.5391,0.4854,0.0,True,0.9746,publication_date,sentence_transformers,OUVERT,,0,0,0,,0.5391,0.5045,0.034600000000000075,12,False,False
BOAMP:15-164088,SIREN:214401622,48.0,Cloud & Infrastructure,2015-10-28,48.0,True,2019-10-28,1,BOAMP:19-104228,44.22,0.4667,0.4494,0.0,True,0.6848,publication_date,sentence_transformers,PROCEDURE_ADAPTE,,0,0,0,,0.4667,,,1,True,False
BOAMP:15-164187,SIREN:391722881,72.0,IT Services & Consulting,2015-10-28,48.0,True,2019-10-28,1,BOAMP:19-169855,48.49,0.5288,0.3423,0.2,True,0.9593,publication_date,sentence_transformers,OUVERT,SERVICES,0,0,0,,0.5288,0.4641,0.06470000000000004,7,False,False
BOAMP:15-165050,SIREN:244900015,72.0,IT Services & Consulting,2015-10-29,12.0,False,2016-10-28,1,BOAMP:16-81907,13.01,0.5179,0.3368,0.2,True,0.9159,publication_date,sentence_transformers,PROCEDURE_ADAPTE,SERVICES,0,0,0,,0.5179,0.5085,0.009400000000000075,3,False,False
BOAMP:15-165845,SIREN:214401200,35.0,Cybersecurity,2016-02-16,3.0,False,2016-05-17,0,,106.47,,,,,,attribution_award_date,none,PROCEDURE_ADAPTE,SERVICES,0,0,0,,,,,0,False,False
BOAMP:15-168917,NAME:sictom loir et sarthe,48.0,Software & Applications,2015-11-09,48.0,True,2019-11-09,0,,109.72,,,,,,publication_date,none,PROCEDURE_ADAPTE,,0,0,0,,,,,0,False,False
BOAMP:15-169809,SIREN:264400136,48.0,Software & Applications,2015-11-09,48.0,True,2019-11-09,1,BOAMP:19-165120,47.67,0.5244,0.4499,0.0,True,0.9723,publication_date,sentence_transformers,PROCEDURE_ADAPTE,,0,0,0,,0.5244,0.4839,0.04049999999999998,10,False,False
BOAMP:15-171325,SIREN:130031487,32.0,Telecom & Networks,2015-11-10,24.0,False,2017-11-09,0,,109.69,,,,,,publication_date,none,OUVERT,SERVICES,0,0,0,,,,,0,False,False
BOAMP:15-173700,SIREN:214401432,48.0,Software & Applications,2015-11-17,36.0,False,2018-11-16,1,BOAMP:19-87143,42.58,0.5192,0.3725,,False,0.452,publication_date,sentence_transformers,PROCEDURE_ADAPTE,,0,0,0,,0.5192,0.3492,0.16999999999999998,2,False,False
BOAMP:15-174987,SIREN:244900015,72.0,IT Services & Consulting,2015-11-18,48.0,True,2019-11-18,1,BOAMP:19-136955,45.73,0.9206,0.8962,1.0,True,0.8108,publication_date,sentence_transformers,PROCEDURE_ADAPTE,,0,0,0,,0.9206,0.5712,0.34939999999999993,7,False,True
BOAMP:15-175210,NAME:nantes metropole,72.0,Cybersecurity,2016-02-25,48.0,True,2020-02-25,1,BOAMP:20-86796,52.37,0.6201,0.4821,0.6,True,0.6362,attribution_award_date,sentence_transformers,OUVERT,SERVICES,0,0,0,,0.6201,0.6044,0.015699999999999936,28,False,False
BOAMP:15-175690,NAME:cnieg,72.0,IT Services & Consulting,2016-02-23,24.0,False,2018-02-22,0,,106.24,,,,,,attribution_award_date,none,OUVERT,SERVICES,0,0,0,,,,,0,False,False
BOAMP:15-177015,NAME:conseil general de loire atlantique,18.0,Telecom & Networks,2016-04-28,48.0,False,2020-04-28,0,,104.11,,,,,,attribution_award_date,none,OUVERT,,0,0,0,548000.0,,,,0,False,False
BOAMP:15-178728,SIREN:247200132,48.0,Software & Applications,2016-03-14,48.0,True,2020-03-14,1,BOAMP:19-177021,50.69,0.6029,0.6193,0.2,True,0.7758,attribution_award_date,sentence_transformers,PROCEDURE_ADAPTE,,0,0,0,,0.6029,0.5046,0.09829999999999994,5,False,False
BOAMP:15-179034,NAME:c h s de la sarthe,,Data & AI,2015-11-27,48.0,False,2019-11-27,0,,109.13,,,,,,publication_date,none,PROCEDURE_ADAPTE,SERVICES,0,0,0,,,,,0,False,False
BOAMP:15-179747,SIREN:264400136,48.0,Software & Applications,2015-11-27,48.0,True,2019-11-27,1,BOAMP:19-165120,47.08,0.5168,0.4554,0.0,True,0.923,publication_date,sentence_transformers,PROCEDURE_ADAPTE,,0,0,0,,0.5168,0.496,0.02080000000000004,9,False,False
BOAMP:15-178791,NAME:nantes metropole,72.0,Cybersecurity,2015-11-30,48.0,False,2019-11-30,1,BOAMP:20-12070,49.87,0.8541,0.7132,1.0,True,0.8443,publication_date,sentence_transformers,OUVERT,SERVICES,0,0,0,,0.8541,0.7964,0.057699999999999974,29,False,True
BOAMP:15-182957,SIREN:264400136,48.0,Software & Applications,2015-12-04,48.0,True,2019-12-04,1,BOAMP:19-165120,46.85,0.507,0.4405,0.0,True,0.9039,publication_date,sentence_transformers,PROCEDURE_ADAPTE,,0,0,0,,0.507,0.4994,0.007599999999999996,9,False,False
BOAMP:15-184251,SIREN:194909701,48.0,Software & Applications,2016-05-02,36.0,False,2019-05-02,1,BOAMP:18-146489,29.6,0.4986,0.6382,0.0,True,0.4666,attribution_award_date,sentence_transformers,OUVERT,,0,0,0,,0.4986,,,1,True,False
BOAMP:15-185112,NAME:conseil general de la vendee,72.0,IT Services & Consulting,2015-12-10,48.0,True,2019-12-10,1,BOAMP:19-126819,44.28,0.6968,0.5864,,False,0.6903,publication_date,sentence_transformers,PROCEDURE_ADAPTE,SERVICES,0,0,0,,0.6968,0.5258,0.17099999999999993,7,False,False
BOAMP:15-186668,NAME:e c a s gendarmerie nationale,32.0,Telecom & Networks,2016-04-04,48.0,False,2020-04-04,0,,104.89,,,,,,attribution_award_date,none,OUVERT,,0,0,0,140000.0,,,,0,False,False
BOAMP:15-187883,SIREN:227200029,,Telecom & Networks,2015-12-16,48.0,True,2019-12-16,1,BOAMP:19-18263,43.43,0.7612,0.7427,,False,0.6191,publication_date,sentence_transformers,OUVERT,,0,0,0,,0.7612,0.748,0.01319999999999999,8,False,False
BOAMP:15-189271,SIREN:227200029,72.0,IT Services & Consulting,2015-12-18,48.0,True,2019-12-18,1,BOAMP:19-174809,47.08,0.6454,0.652,0.2,True,0.923,publication_date,sentence_transformers,PROCEDURE_ADAPTE,SERVICES,0,0,0,200000.0,0.6454,0.6138,0.03159999999999996,8,False,False
BOAMP:15-191209,SIREN:218501096,32.0,IT Hardware & Equipment,2015-12-24,48.0,True,2019-12-24,1,BOAMP:20-892,48.46,0.6975,0.4518,,False,0.962,publication_date,sentence_transformers,OUVERT,SERVICES,0,0,0,,0.6975,,,1,True,False
BOAMP:15-192356,NAME:nantes metropole,72.0,IT Services & Consulting,2015-12-24,12.0,False,2016-12-23,1,BOAMP:16-128161,8.54,0.681,0.3467,1.0,True,0.7118,publication_date,sentence_transformers,PROCEDURE_ADAPTE,SERVICES,0,0,0,,0.681,0.5835,0.09750000000000003,14,False,False
BOAMP:16-2771,NAME:conseil general de la vendee,72.0,IT Services & Consulting,2016-01-08,48.0,True,2020-01-08,1,BOAMP:19-126819,43.33,0.6694,0.5747,,False,0.6109,publication_date,sentence_transformers,PROCEDURE_ADAPTE,,0,0,0,,0.6694,0.5354,0.134,7,False,False
BOAMP:16-3447,SIREN:268504453,48.0,Cloud & Infrastructure,2016-01-11,48.0,True,2020-01-11,0,,107.65,,,,,,publication_date,none,PROCEDURE_ADAPTE,,0,0,0,,,,,0,False,False
BOAMP:16-4040,NAME:cte de communes du pays des herbiers,72.0,IT Services & Consulting,2016-01-12,48.0,True,2020-01-12,0,,107.62,,,,,,publication_date,none,OUVERT,SERVICES,0,0,0,,,,,0,False,False
BOAMP:16-6135,SIREN:287200265,48.0,Digital Workplace & Collaboration,2016-04-12,48.0,True,2020-04-12,1,BOAMP:20-23861,49.24,0.5132,0.4599,0.0,True,0.8963,attribution_award_date,sentence_transformers,PROCEDURE_ADAPTE,,0,0,0,,0.5132,,,1,True,False
BOAMP:16-5206,SIREN:214401846,,Unknown,2016-01-14,28.0,False,2018-05-15,1,BOAMP:18-36652,26.15,0.7065,0.5269,,False,0.8458,publication_date,sentence_transformers,PROCEDURE_ADAPTE,,0,0,0,,0.7065,0.6951,0.011399999999999966,14,False,False
BOAMP:16-7712,NAME:cnieg,72.0,IT Services & Consulting,2016-05-24,24.0,False,2018-05-24,1,BOAMP:18-29896,21.25,0.5776,0.5584,0.2,True,0.7712,attribution_award_date,sentence_transformers,OUVERT,SERVICES,0,0,0,,0.5776,0.4588,0.11880000000000002,4,False,False
BOAMP:16-1046,NAME:ademe,72.0,Digital Workplace & Collaboration,2016-01-18,55.0,False,2020-08-18,0,,107.42,,,,,,publication_date,none,OUVERT,SERVICES,0,0,0,,,,,0,False,False
BOAMP:16-7640,SIREN:264400136,48.0,Software & Applications,2016-01-18,48.0,True,2020-01-18,1,BOAMP:19-59985,38.93,0.6173,0.4213,1.0,True,0.2441,publication_date,sentence_transformers,OUVERT,,0,0,0,,0.6173,0.5276,0.0897,9,False,False
BOAMP:16-7903,SIREN:523699148,32.0,IT Hardware & Equipment,2016-04-05,48.0,True,2020-04-05,0,,104.86,,,,,,attribution_award_date,none,OUVERT,,0,0,0,,,,,0,False,False
BOAMP:16-10778,SIREN:391722881,72.0,IT Maintenance & Support,2016-10-20,24.0,False,2018-10-20,1,BOAMP:18-8879,26.71,0.6621,0.6431,0.4,True,0.7743,attribution_award_date,sentence_transformers,RESTREINT,SERVICES,0,0,0,,0.6621,0.5986,0.0635,6,False,False
BOAMP:16-10414,NAME:conseil general de loire atlantique,72.0,IT Services & Consulting,2016-01-22,24.0,False,2018-01-21,0,,107.29,,,,,,publication_date,none,PROCEDURE_ADAPTE,SERVICES,0,0,0,,,,,0,False,False
BOAMP:16-10649,SIREN:284400017,,Cybersecurity,2016-01-25,48.0,True,2020-01-25,1,BOAMP:20-50911,53.94,0.605,0.5069,,False,0.5048,publication_date,sentence_transformers,OUVERT,,0,0,0,,0.605,0.59,0.015000000000000013,6,False,False
BOAMP:16-12477,NAME:gpm de nantes st nazaire,32.0,Telecom & Networks,2016-05-17,48.0,True,2020-05-17,1,BOAMP:20-59734,47.63,0.4527,0.2721,0.0,True,0.9696,attribution_award_date,sentence_transformers,OUVERT,,0,0,0,,0.4527,0.4292,0.023499999999999965,3,False,False
BOAMP:16-14558,NAME:inra angers nantes,72.0,IT Services & Consulting,2016-07-05,36.0,False,2019-07-05,0,,101.87,,,,,,attribution_award_date,none,OUVERT,SERVICES,0,0,0,129000.0,,,,0,False,False
BOAMP:16-15282,SIREN:200054302,48.0,Software & Applications,2016-02-02,48.0,True,2020-02-02,1,BOAMP:19-190109,46.55,0.4843,0.3961,0.0,True,0.8792,publication_date,sentence_transformers,PROCEDURE_ADAPTE,,0,0,0,,0.4843,,,1,True,False
BOAMP:16-16627,SIREN:247200132,72.0,Digital Workplace & Collaboration,2016-02-04,48.0,True,2020-02-04,1,BOAMP:19-160471,49.34,0.5921,0.5361,0.2,True,0.8881,publication_date,sentence_transformers,PROCEDURE_ADAPTE,SERVICES,0,0,0,,0.5921,0.4853,0.10679999999999995,7,False,False
BOAMP:16-17002,SIREN:214401432,48.0,Software & Applications,2016-02-04,36.0,False,2019-02-03,1,BOAMP:19-87143,39.98,0.5792,0.3769,,False,0.6683,publication_date,sentence_transformers,PROCEDURE_ADAPTE,,0,0,0,,0.5792,0.3835,0.19570000000000004,2,False,False
BOAMP:16-19705,SIREN:242900769,,Software & Applications,2016-06-21,48.0,False,2020-06-21,0,,102.33,,,,,,attribution_award_date,none,OUVERT,SERVICES,0,0,0,,,,,0,False,False
BOAMP:16-21939,SIREN:214401432,39.0,Software & Applications,2016-02-12,48.0,True,2020-02-12,1,BOAMP:19-87143,39.72,0.4358,0.2872,,False,0.3098,publication_date,sentence_transformers,PROCEDURE_ADAPTE,,0,0,0,,0.4358,0.4009,0.03490000000000004,4,False,False
BOAMP:16-23686,NAME:cte cnes coeur d estuaire,72.0,IT Services & Consulting,2016-06-17,48.0,True,2020-06-17,0,,102.46,,,,,,attribution_award_date,none,OUVERT,SERVICES,0,0,0,,,,,0,False,False
BOAMP:16-26260,SIREN:214400269,48.0,Software & Applications,2016-06-09,12.0,False,2017-06-09,1,BOAMP:16-151887,7.79,0.4122,0.3311,0.0,True,0.6488,attribution_award_date,sentence_transformers,PROCEDURE_ADAPTE,,0,0,0,,0.4122,,,1,True,False
BOAMP:16-20531,NAME:dreal pays de la loire,72.0,IT Services & Consulting,2016-02-23,48.0,True,2020-02-23,0,,106.24,,,,,,publication_date,none,PROCEDURE_ADAPTE,SERVICES,0,0,0,,,,,0,False,False
BOAMP:16-25827,NAME:cg49,72.0,IT Services & Consulting,2016-02-23,48.0,True,2020-02-23,0,,106.24,,,,,,publication_date,none,OUVERT,SERVICES,0,0,0,,,,,0,False,False
BOAMP:16-27767,SIREN:264900390,48.0,Software & Applications,2016-02-25,48.0,False,2020-02-25,0,,106.18,,,,,,publication_date,none,PROCEDURE_ADAPTE,,0,0,0,,,,,0,False,False
BOAMP:16-28465,NAME:syndicat departemental d energie,72.0,IT Services & Consulting,2016-03-01,48.0,True,2020-03-01,0,,106.01,,,,,,publication_date,none,PROCEDURE_ADAPTE,SERVICES,0,0,0,,,,,0,False,False
BOAMP:16-30120,SIREN:391722881,72.0,IT Services & Consulting,2016-03-02,48.0,False,2020-03-02,1,BOAMP:20-27358,47.73,0.9509,0.8882,1.0,True,0.9778,publication_date,sentence_transformers,RESTREINT,SERVICES,0,0,0,,0.9509,0.6533,0.2976,6,False,True
BOAMP:16-30715,NAME:cg49,72.0,IT Services & Consulting,2016-03-02,48.0,True,2020-03-02,0,,105.98,,,,,,publication_date,none,OUVERT,,0,0,0,,,,,0,False,False
BOAMP:16-30963,SIREN:228500013,35.0,Cybersecurity,2016-06-09,48.0,True,2020-06-09,1,BOAMP:20-70265,51.35,0.8599,0.7892,1.0,True,0.7211,attribution_award_date,sentence_transformers,OUVERT,,0,0,0,,0.8599,0.5029,0.357,6,False,True
BOAMP:16-32105,SIREN:214400269,32.0,Telecom & Networks,2016-06-02,12.0,False,2017-06-02,0,,102.96,,,,,,attribution_award_date,none,PROCEDURE_ADAPTE,,0,0,0,,,,,0,False,False
BOAMP:16-33283,NAME:nantes metropole,72.0,IT Services & Consulting,2016-03-10,12.0,False,2017-03-10,1,BOAMP:16-135042,13.11,0.6084,0.5672,0.2,True,0.9077,publication_date,sentence_transformers,PROCEDURE_ADAPTE,SERVICES,0,0,0,,0.6084,0.5568,0.05160000000000009,19,False,False
BOAMP:16-33632,NAME:nantes metropole,72.0,Digital Workplace & Collaboration,2016-03-11,48.0,False,2020-03-11,1,BOAMP:20-26585,47.44,0.688,0.6183,0.4,True,0.9531,publication_date,sentence_transformers,OUVERT,SERVICES,0,0,0,,0.688,0.6344,0.05359999999999998,28,False,False
BOAMP:16-27384,NAME:mindef dga do s2a,35.0,Cybersecurity,2016-03-15,48.0,False,2020-03-15,0,,105.55,,,,,,publication_date,none,RESTREINT,,0,0,0,,,,,0,False,False
BOAMP:16-38113,SIREN:247200132,72.0,Digital Workplace & Collaboration,2016-03-16,48.0,True,2020-03-16,1,BOAMP:19-160471,48.0,0.6251,0.5628,0.2,True,0.9997,publication_date,sentence_transformers,PROCEDURE_ADAPTE,,0,0,0,,0.6251,0.4739,0.1512,7,False,False
BOAMP:16-40838,SIREN:200083392,,Telecom & Networks,2016-03-22,48.0,True,2020-03-22,1,BOAMP:20-76288,50.85,0.6273,0.4201,,False,0.7622,publication_date,sentence_transformers,OUVERT,,0,0,0,,0.6273,,,1,True,False
BOAMP:16-42023,NAME:gpm de nantes st nazaire,32.0,Telecom & Networks,2016-03-24,48.0,True,2020-03-24,0,,105.26,,,,,,publication_date,none,PROCEDURE_ADAPTE,,0,0,0,,,,,0,False,False
BOAMP:16-42170,NAME:gpm de nantes st nazaire,48.0,Software & Applications,2016-07-29,48.0,True,2020-07-29,1,BOAMP:19-39750,39.22,0.3129,0.2729,0.0,True,0.2687,attribution_award_date,sentence_transformers,OUVERT,SERVICES,0,0,0,,0.3129,,,1,True,False
BOAMP:16-42996,SIREN:288500010,,Unknown,2016-07-29,19.0,False,2018-02-27,1,BOAMP:17-20659,9.1,0.4667,0.4125,,False,0.175,attribution_award_date,sentence_transformers,OUVERT,,0,0,0,,0.4667,,,1,True,False
BOAMP:16-43654,NAME:mindef dga do s2a,35.0,Cybersecurity,2016-03-29,48.0,True,2020-03-29,0,,105.09,,,,,,publication_date,none,NEGOCIE,,0,0,0,,,,,0,False,False
BOAMP:16-45436,NAME:hopital intercommunal sevre et loire,45.0,Unknown,2016-09-05,48.0,True,2020-09-05,0,,99.84,,,,,,attribution_award_date,none,OUVERT,,0,0,0,,,,,0,False,False
BOAMP:16-45870,SIREN:244900015,72.0,IT Services & Consulting,2016-03-30,36.0,False,2019-03-30,1,BOAMP:19-35566,35.22,0.7265,0.474,0.8,True,0.9347,publication_date,sentence_transformers,PROCEDURE_ADAPTE,SERVICES,0,0,0,,0.7265,0.5355,0.19100000000000006,9,False,True
BOAMP:16-44890,SIREN:264400268,,Unknown,2016-03-30,12.0,False,2017-03-30,1,BOAMP:17-56105,13.24,0.5762,0.257,,False,0.8967,publication_date,sentence_transformers,OUVERT,,0,0,0,,0.5762,,,1,True,False
BOAMP:16-48130,SIREN:228500013,,Data & AI,2017-01-09,48.0,True,2021-01-09,1,BOAMP:20-70265,44.32,0.6956,0.5827,,False,0.6931,attribution_award_date,sentence_transformers,OUVERT,SERVICES,0,0,0,,0.6956,0.6728,0.022800000000000042,6,False,False
BOAMP:16-48232,SIREN:391722881,72.0,IT Services & Consulting,2016-03-31,48.0,True,2020-03-31,1,BOAMP:20-27358,46.78,0.9344,0.8869,1.0,True,0.8984,publication_date,sentence_transformers,RESTREINT,,0,0,0,,0.9344,0.634,0.3004,7,False,True
BOAMP:16-46830,SIREN:194909701,32.0,Telecom & Networks,2016-06-16,36.0,False,2019-06-16,1,BOAMP:19-82021,35.22,0.5354,0.4963,0.0,True,0.9347,attribution_award_date,sentence_transformers,OUVERT,,0,0,0,,0.5354,0.4885,0.0469,4,False,False
BOAMP:16-54252,SIREN:200054302,48.0,Software & Applications,2016-04-15,12.0,False,2017-04-15,0,,104.53,,,,,,publication_date,none,PROCEDURE_ADAPTE,,0,0,0,,,,,0,False,False
BOAMP:16-53642,NAME:cci de maine et loire,79.0,Unknown,2016-07-18,48.0,True,2020-07-18,0,,101.45,,,,,,attribution_award_date,none,OUVERT,SERVICES,0,0,0,32500.0,,,,0,False,False
BOAMP:16-54197,NAME:nantes metropole,48.0,Software & Applications,2016-04-17,48.0,False,2020-04-17,1,BOAMP:20-66643,49.15,0.5672,0.5908,0.0,True,0.9045,publication_date,sentence_transformers,OUVERT,SERVICES,0,0,0,250000.0,0.5672,0.5265,0.04070000000000007,29,False,False
BOAMP:16-54370,NAME:nantes metropole,48.0,Software & Applications,2016-04-17,48.0,False,2020-04-17,1,BOAMP:20-66643,49.15,0.5561,0.5629,0.0,True,0.9045,publication_date,sentence_transformers,OUVERT,SERVICES,0,0,0,250000.0,0.5561,0.5176,0.03850000000000009,28,False,False
BOAMP:16-55219,SIREN:225300011,32.0,Telecom & Networks,2016-04-18,48.0,False,2020-04-18,1,BOAMP:20-88363,50.69,0.4427,0.344,0.0,True,0.7758,publication_date,sentence_transformers,OUVERT,SERVICES,0,0,0,750000.0,0.4427,0.3816,0.06109999999999999,3,False,False
BOAMP:16-34964,SIREN:173501115,35.0,Cybersecurity,2016-04-19,48.0,True,2020-04-19,0,,104.4,,,,,,publication_date,none,OUVERT,SERVICES,0,0,0,,,,,0,False,False
BOAMP:16-55493,NAME:ccas d angers,48.0,Software & Applications,2016-04-19,14.0,False,2017-06-19,0,,104.4,,,,,,publication_date,none,PROCEDURE_ADAPTE,SERVICES,0,0,0,,,,,0,False,False
BOAMP:16-56502,NAME:caf de la somme,72.0,Digital Workplace & Collaboration,2016-04-22,60.0,False,2021-04-22,0,,104.3,,,,,,publication_date,none,OUVERT,FOURNITURES,0,0,0,875000.0,,,,0,False,False
BOAMP:16-57562,SIREN:244900015,72.0,IT Services & Consulting,2016-04-25,48.0,True,2020-04-25,1,BOAMP:19-85688,43.46,0.6324,0.3951,0.8,True,0.6219,publication_date,sentence_transformers,PROCEDURE_ADAPTE,SERVICES,0,0,0,,0.6324,0.5451,0.08729999999999993,4,False,False
BOAMP:16-61061,SIREN:227200029,72.0,IT Services & Consulting,2016-04-29,48.0,True,2020-04-29,1,BOAMP:19-174809,42.71,0.5255,0.4093,0.4,True,0.5589,publication_date,sentence_transformers,PROCEDURE_ADAPTE,SERVICES,0,0,0,,0.5255,0.5002,0.02529999999999999,7,False,False
BOAMP:16-61484,SIREN:234400034,72.0,IT Services & Consulting,2016-07-28,48.0,False,2020-07-28,1,BOAMP:20-12202,46.45,0.6287,0.6362,0.2,True,0.871,attribution_award_date,sentence_transformers,OUVERT,SERVICES,0,0,0,600000.0,0.6287,0.5746,0.05410000000000004,22,False,False
BOAMP:16-62960,SIREN:130029747,48.0,Software & Applications,2016-07-07,48.0,False,2020-07-07,1,BOAMP:21-14714,54.86,0.6665,0.4522,1.0,True,0.4282,attribution_award_date,sentence_transformers,OUVERT,SERVICES,0,0,0,130000.0,0.6665,0.6151,0.0514,4,False,False
BOAMP:16-63210,SIREN:265300236,32.0,Telecom & Networks,2016-05-03,48.0,True,2020-05-03,0,,103.94,,,,,,publication_date,none,PROCEDURE_ADAPTE,,0,0,0,,,,,0,False,False
BOAMP:16-63741,NAME:conseil general de loire atlantique,64.0,Telecom & Networks,2016-08-03,12.0,False,2017-08-03,0,,100.92,,,,,,attribution_award_date,none,OUVERT,SERVICES,0,0,0,1000000.0,,,,0,False,False
BOAMP:16-65569,SIREN:214400558,45.0,Unknown,2016-05-06,48.0,True,2020-05-06,0,,103.84,,,,,,publication_date,none,PROCEDURE_ADAPTE,,0,0,0,,,,,0,False,False
BOAMP:16-64280,SIREN:445400104,72.0,IT Services & Consulting,2016-09-12,60.0,False,2021-09-12,0,,99.61,,,,,,attribution_award_date,none,OUVERT,SERVICES,0,0,0,250000.0,,,,0,False,False
BOAMP:16-63342,NAME:nantes metropole,45.0,Unknown,2016-10-13,48.0,False,2020-10-13,1,BOAMP:20-132336,48.85,0.5325,0.4916,0.0,True,0.9292,attribution_award_date,sentence_transformers,OUVERT,FOURNITURES,0,0,0,700000.0,0.5325,0.5302,0.0022999999999999687,27,False,False
BOAMP:16-66951,SIREN:264900259,39.0,Data & AI,2016-05-12,3.0,False,2016-08-11,0,,103.65,,,,,,publication_date,none,OUVERT,FOURNITURES,0,0,0,,,,,0,False,False
BOAMP:16-67267,NAME:ademe,48.0,Software & Applications,2016-11-24,39.0,False,2020-02-24,0,,97.21,,,,,,attribution_award_date,none,PROCEDURE_ADAPTE,SERVICES,0,0,0,,,,,0,False,False
BOAMP:16-68875,SIREN:264900390,48.0,Software & Applications,2016-05-12,48.0,False,2020-05-12,0,,103.65,,,,,,publication_date,none,PROCEDURE_ADAPTE,,0,0,0,,,,,0,False,False
BOAMP:16-69641,NAME:specialise de blain,48.0,Software & Applications,2016-05-13,48.0,True,2020-05-13,0,,103.61,,,,,,publication_date,none,PROCEDURE_ADAPTE,SERVICES,0,0,0,100000.0,,,,0,False,False
BOAMP:16-63298,SIREN:535164412,45.0,Telecom & Networks,2016-05-17,5.0,False,2016-10-16,0,,103.48,,,,,,publication_date,none,PROCEDURE_ADAPTE,,0,0,0,,,,,0,False,False
BOAMP:16-70203,SIREN:130029747,72.0,IT Services & Consulting,2016-07-07,37.0,False,2019-08-07,1,BOAMP:18-54467,25.46,0.6095,0.5046,1.0,True,0.0383,attribution_award_date,sentence_transformers,OUVERT,SERVICES,0,0,0,,0.6095,0.475,0.13450000000000006,4,False,False
BOAMP:16-72442,SIREN:264400136,72.0,IT Services & Consulting,2016-11-16,48.0,True,2020-11-16,1,BOAMP:20-50446,47.6,0.7405,0.8678,0.2,True,0.9668,attribution_award_date,sentence_transformers,NEGOCIE,SERVICES,0,0,0,,0.7405,0.6484,0.09210000000000007,14,False,True
BOAMP:16-73215,NAME:nantes metropole,72.0,IT Services & Consulting,2016-05-23,36.0,False,2019-05-23,1,BOAMP:20-26328,44.97,0.6539,0.5088,1.0,True,0.2522,publication_date,sentence_transformers,OUVERT,SERVICES,0,0,0,75000.0,0.6539,0.5995,0.054400000000000004,27,False,False
BOAMP:16-73358,NAME:ville du mans,32.0,Telecom & Networks,2016-07-05,48.0,True,2020-07-05,1,BOAMP:20-2441,47.8,0.7229,0.6907,0.4,True,0.9832,attribution_award_date,sentence_transformers,PROCEDURE_ADAPTE,,0,0,0,,0.7229,0.5598,0.16310000000000002,3,False,True
BOAMP:16-73319,SIREN:214401846,72.0,IT Services & Consulting,2016-09-09,48.0,True,2020-09-09,1,BOAMP:20-70268,48.62,0.8885,0.7471,1.0,True,0.9483,attribution_award_date,sentence_transformers,PROCEDURE_ADAPTE,SERVICES,0,0,0,,0.8885,0.428,0.46049999999999996,4,False,True
BOAMP:16-74130,SIREN:449073014,72.0,IT Services & Consulting,2016-07-26,48.0,False,2020-07-26,0,,101.18,,,,,,attribution_award_date,none,OUVERT,SERVICES,0,0,0,210000.0,,,,0,False,False
BOAMP:16-74267,SIREN:214401093,72.0,IT Services & Consulting,2016-05-28,48.0,True,2020-05-28,1,BOAMP:20-115620,51.84,0.5065,0.4262,0.2,True,0.68,publication_date,sentence_transformers,NEGOCIE,SERVICES,0,0,0,300000.0,0.5065,0.4504,0.05609999999999993,8,False,False
BOAMP:16-77563,SIREN:198513905,32.0,Telecom & Networks,2016-05-30,48.0,True,2020-05-30,1,BOAMP:20-140005,53.58,0.8909,0.9597,1.0,True,0.5349,publication_date,sentence_transformers,PROCEDURE_ADAPTE,,0,0,0,,0.8909,0.8623,0.02860000000000007,2,False,False
BOAMP:16-78018,NAME:o p h le mans habitat,72.0,IT Services & Consulting,2016-05-30,72.0,False,2022-05-30,0,,103.06,,,,,,publication_date,none,DIALOGUE_COMPETITIF,SERVICES,0,0,0,700000.0,,,,0,False,False
BOAMP:16-81005,NAME:arafer,48.0,Software & Applications,2016-06-04,12.0,False,2017-06-04,1,BOAMP:17-68883,11.47,0.6139,0.682,0.0,True,0.9554,publication_date,sentence_transformers,OUVERT,SERVICES,0,0,0,,0.6139,0.6024,0.011499999999999955,3,False,False
BOAMP:16-81774,SIREN:391722881,72.0,Digital Workplace & Collaboration,2016-06-05,48.0,False,2020-06-05,1,BOAMP:19-163024,49.93,0.5498,0.3302,0.4,True,0.8388,publication_date,sentence_transformers,OUVERT,SERVICES,0,0,0,,0.5498,0.4819,0.06789999999999996,6,False,False
BOAMP:16-79797,SIREN:214401846,50.0,Telecom & Networks,2016-06-06,12.0,False,2017-06-06,1,BOAMP:17-39998,12.94,0.4604,0.3153,0.0,True,0.9214,publication_date,sentence_transformers,OUVERT,SERVICES,0,0,0,,0.4604,0.4443,0.016100000000000003,11,False,False
BOAMP:16-83187,SIREN:532458809,32.0,Telecom & Networks,2016-06-07,48.0,True,2020-06-07,1,BOAMP:20-8882,43.43,0.5267,0.303,,False,0.6191,publication_date,sentence_transformers,PROCEDURE_ADAPTE,SERVICES|FOURNITURES,0,0,0,,0.5267,0.3554,0.17129999999999995,3,False,False
BOAMP:16-84309,SIREN:234400034,32.0,Telecom & Networks,2016-08-17,12.0,False,2017-08-17,1,BOAMP:17-77862,13.57,0.4526,0.3219,0.0,True,0.8694,attribution_award_date,sentence_transformers,PROCEDURE_ADAPTE,SERVICES,0,0,0,,0.4526,0.4489,0.003699999999999981,8,False,False
BOAMP:16-81907,SIREN:244900015,72.0,Cybersecurity,2016-11-28,48.0,True,2020-11-28,1,BOAMP:19-127477,41.1,0.5142,0.4482,0.4,True,0.4248,attribution_award_date,sentence_transformers,OUVERT,SERVICES,0,0,0,646000.0,0.5142,0.4658,0.0484,5,False,False
BOAMP:16-81846,NAME:nantes metropole habitat,48.0,Software & Applications,2016-09-27,48.0,False,2020-09-27,0,,99.11,,,,,,attribution_award_date,none,OUVERT,SERVICES,0,0,0,300000.0,,,,0,False,False
BOAMP:16-83013,NAME:dir ouest,72.0,IT Services & Consulting,2017-01-26,48.0,False,2021-01-26,1,BOAMP:20-72064,40.31,0.3211,0.2483,0.0,True,0.3591,attribution_award_date,sentence_transformers,OUVERT,SERVICES,0,0,0,,0.3211,,,1,True,False
BOAMP:16-79523,SIREN:214401846,30.0,IT Hardware & Equipment,2016-10-03,12.0,False,2017-10-03,1,BOAMP:17-100105,9.53,0.5207,0.5297,0.0,True,0.7939,attribution_award_date,sentence_transformers,OUVERT,FOURNITURES,0,0,0,,0.5207,0.4798,0.04090000000000005,12,False,False
BOAMP:16-84729,SIREN:228500013,72.0,Digital Workplace & Collaboration,2016-09-13,48.0,True,2020-09-13,1,BOAMP:20-70265,48.19,0.6238,0.6924,0.0,True,0.9839,attribution_award_date,sentence_transformers,PROCEDURE_ADAPTE,SERVICES,0,0,0,,0.6238,0.5224,0.10140000000000005,6,False,False
BOAMP:16-85552,SIREN:234400034,35.0,Cybersecurity,2016-10-14,12.0,False,2017-10-14,1,BOAMP:17-77862,11.66,0.5061,0.4044,0.0,True,0.9719,attribution_award_date,sentence_transformers,PROCEDURE_ADAPTE,,0,0,0,,0.5061,0.4722,0.033899999999999986,11,False,False
BOAMP:16-85545,NAME:crous de nantes,32.0,IT Hardware & Equipment,2016-06-11,48.0,False,2020-06-11,1,BOAMP:20-75569,52.53,0.3741,0.2489,0.0,True,0.6225,publication_date,sentence_transformers,OUVERT,FOURNITURES,0,0,0,,0.3741,,,1,True,False
BOAMP:16-85662,SIREN:234400034,72.0,GIS & Mapping,2016-10-14,6.0,False,2017-04-14,1,BOAMP:17-68186,9.82,0.5744,0.5952,0.2,True,0.6814,attribution_award_date,sentence_transformers,OUVERT,SERVICES,0,0,0,41700.0,0.5744,0.5685,0.005900000000000016,14,False,False
BOAMP:16-85619,SIREN:234400034,32.0,Telecom & Networks,2016-10-12,48.0,False,2020-10-12,1,BOAMP:20-138135,51.97,0.6843,0.7513,0.4,True,0.6691,attribution_award_date,sentence_transformers,OUVERT,FOURNITURES,0,0,0,300000.0,0.6843,0.582,0.10230000000000006,20,False,False
BOAMP:16-80474,NAME:com communes du pays d ancenis,48.0,Software & Applications,2016-12-30,48.0,False,2020-12-30,0,,96.02,,,,,,attribution_award_date,none,OUVERT,SERVICES,0,0,0,,,,,0,False,False
BOAMP:16-92101,SIREN:194401006,72.0,IT Services & Consulting,2016-10-12,41.0,False,2020-03-13,1,BOAMP:21-4564,51.02,0.3601,0.4427,0.0,True,0.1651,attribution_award_date,sentence_transformers,NEGOCIE,SERVICES,0,0,0,,0.3601,,,1,True,False
BOAMP:16-94328,NAME:smirgeom est sarthe,48.0,Software & Applications,2016-06-27,60.0,False,2021-06-27,0,,102.14,,,,,,publication_date,none,PROCEDURE_ADAPTE,SERVICES,0,0,0,,,,,0,False,False
BOAMP:16-96174,SIREN:234400034,48.0,Software & Applications,2016-10-18,12.0,False,2017-10-18,1,BOAMP:17-140948,14.39,0.6531,0.7322,0.2,True,0.8009,attribution_award_date,sentence_transformers,OUVERT,SERVICES,0,0,0,,0.6531,0.6446,0.008500000000000063,32,False,False
BOAMP:16-95884,NAME:cap atlantique,64.0,Telecom & Networks,2016-06-30,24.0,False,2018-06-30,1,BOAMP:18-144441,27.56,0.5173,0.5666,0.0,True,0.7031,publication_date,sentence_transformers,OUVERT,FOURNITURES,0,0,0,300000.0,0.5173,,,1,True,False
BOAMP:16-98551,NAME:cnieg,72.0,IT Services & Consulting,2016-07-01,48.0,True,2020-07-01,1,BOAMP:19-103125,36.07,0.6415,0.6007,1.0,True,0.0059,publication_date,sentence_transformers,PROCEDURE_ADAPTE,,0,0,0,,0.6415,0.5863,0.055199999999999916,4,False,False
BOAMP:16-98698,SIREN:194909701,48.0,Software & Applications,2016-10-31,24.0,False,2018-10-31,1,BOAMP:18-74252,23.78,0.8964,1.0,0.6,True,0.982,attribution_award_date,sentence_transformers,OUVERT,FOURNITURES,0,0,0,,0.8964,0.4571,0.43929999999999997,7,False,True
BOAMP:16-97484,SIREN:284900016,32.0,Telecom & Networks,2016-12-22,48.0,False,2020-12-22,0,,96.29,,,,,,attribution_award_date,none,OUVERT,FOURNITURES,0,0,0,465000.0,,,,0,False,False
BOAMP:16-92162,SIREN:218501914,35.0,Cybersecurity,2016-12-19,48.0,True,2020-12-19,0,,96.39,,,,,,attribution_award_date,none,OUVERT,SERVICES,0,0,0,430000.0,,,,0,False,False
BOAMP:16-98038,NAME:cte de cnes de la vallee de clisson,72.0,IT Services & Consulting,2016-07-04,36.0,False,2019-07-04,0,,101.91,,,,,,publication_date,none,PROCEDURE_ADAPTE,SERVICES,0,0,0,,,,,0,False,False
BOAMP:16-100426,SIREN:244900015,72.0,IT Services & Consulting,2016-11-30,48.0,False,2020-11-30,1,BOAMP:21-74412,54.34,0.5552,0.527,0.4,True,0.472,attribution_award_date,sentence_transformers,OUVERT,SERVICES,0,0,0,2000000.0,0.5552,0.5509,0.0043000000000000815,7,False,False
BOAMP:16-98835,SIREN:445400104,72.0,IT Services & Consulting,2016-07-09,60.0,False,2021-07-09,0,,101.74,,,,,,publication_date,none,OUVERT,SERVICES,0,0,0,350000.0,,,,0,False,False
BOAMP:16-102238,NAME:c s t b,72.0,IT Services & Consulting,2016-07-09,24.0,False,2018-07-09,0,,101.74,,,,,,publication_date,none,OUVERT,SERVICES,0,0,0,1600000.0,,,,0,False,False
BOAMP:16-102715,NAME:nantes metropole,32.0,Telecom & Networks,2016-07-11,12.0,False,2017-07-11,1,BOAMP:17-91935,11.66,0.5123,0.2949,0.2,True,0.9719,publication_date,sentence_transformers,OUVERT,SERVICES,0,0,0,,0.5123,0.51,0.0022999999999999687,23,False,False
BOAMP:16-103088,SIREN:247200132,30.0,IT Hardware & Equipment,2016-11-17,6.0,False,2017-05-18,1,BOAMP:17-105683,13.07,0.6321,1.0,0.0,True,0.4104,attribution_award_date,sentence_transformers,OUVERT,FOURNITURES,0,0,0,,0.6321,0.4988,0.13329999999999997,4,False,False
BOAMP:16-104455,SIREN:213503642,,Data & AI,2016-07-13,48.0,True,2020-07-13,0,,101.61,,,,,,publication_date,none,PROCEDURE_ADAPTE,,0,0,0,,,,,0,False,False
BOAMP:16-103802,NAME:arafer,72.0,Data & AI,2016-07-13,24.0,False,2018-07-13,0,,101.61,,,,,,publication_date,none,PROCEDURE_ADAPTE,,0,0,0,,,,,0,False,False
BOAMP:16-103833,NAME:nantes metropole,48.0,Cloud & Infrastructure,2016-07-13,48.0,False,2020-07-13,1,BOAMP:20-49949,50.85,0.7388,0.841,0.4,True,0.7622,publication_date,sentence_transformers,OUVERT,SERVICES,0,0,0,,0.7388,0.6185,0.12029999999999996,22,False,True
BOAMP:16-106250,NAME:cpam de la sarthe,44.0,Unknown,2016-07-15,48.0,True,2020-07-15,0,,101.54,,,,,,publication_date,none,OUVERT,FOURNITURES,0,0,0,,,,,0,False,False
BOAMP:16-105530,SIREN:225300011,32.0,Telecom & Networks,2016-07-15,48.0,False,2020-07-15,1,BOAMP:20-88363,47.8,0.4842,0.344,0.0,True,0.9832,publication_date,sentence_transformers,OUVERT,SERVICES,0,0,0,,0.4842,0.3785,0.10570000000000002,5,False,False
BOAMP:16-106204,SIREN:130029747,32.0,Telecom & Networks,2016-11-17,48.0,True,2020-11-17,1,BOAMP:21-14714,50.49,0.4947,0.4657,0.0,True,0.7923,attribution_award_date,sentence_transformers,OUVERT,SERVICES,0,0,0,,0.4947,0.4433,0.051399999999999946,3,False,False
BOAMP:16-106449,NAME:synd mixte du pays de coutances,,Data & AI,2016-07-15,48.0,True,2020-07-15,0,,101.54,,,,,,publication_date,none,PROCEDURE_ADAPTE,SERVICES|FOURNITURES,0,0,0,,,,,0,False,False
BOAMP:16-108815,SIREN:214400558,45.0,Unknown,2016-07-21,8.0,False,2017-03-21,1,BOAMP:17-138140,14.45,0.4047,0.4058,0.0,True,0.4621,publication_date,sentence_transformers,PROCEDURE_ADAPTE,,0,0,0,,0.4047,0.2894,0.11530000000000001,2,False,False
BOAMP:16-109013,SIREN:172104309,72.0,IT Services & Consulting,2016-07-22,12.0,False,2017-07-22,0,,101.31,,,,,,publication_date,none,OUVERT,SERVICES,0,0,0,626664.0,,,,0,False,False
BOAMP:16-109017,SIREN:391722881,48.0,Software & Applications,2016-07-22,12.0,False,2017-07-22,1,BOAMP:17-85294,10.97,0.5865,0.5091,0.2,True,0.9144,publication_date,sentence_transformers,OUVERT,FOURNITURES,0,0,0,,0.5865,0.5479,0.03859999999999997,5,False,False
BOAMP:16-107267,SIREN:214401846,72.0,IT Services & Consulting,2016-11-09,48.0,False,2020-11-09,1,BOAMP:20-70268,46.62,0.4927,0.2893,0.2,True,0.8847,attribution_award_date,sentence_transformers,OUVERT,SERVICES,0,0,0,,0.4927,0.4881,0.0046000000000000485,7,False,False
BOAMP:16-109854,SIREN:180046013,,Unknown,2016-07-25,48.0,True,2020-07-25,0,,101.22,,,,,,publication_date,none,PROCEDURE_ADAPTE,SERVICES,0,0,0,,,,,0,False,False
BOAMP:16-99329,NAME:nantes metropole habitat,48.0,Software & Applications,2016-11-07,48.0,False,2020-11-07,0,,97.77,,,,,,attribution_award_date,none,OUVERT,SERVICES,0,0,0,230000.0,,,,0,False,False
BOAMP:16-110437,NAME:universite europeenne de bretagne,48.0,Software & Applications,2016-07-26,36.0,False,2019-07-26,0,,101.18,,,,,,publication_date,none,PROCEDURE_ADAPTE,SERVICES,0,0,0,,,,,0,False,False
BOAMP:16-111867,SIREN:224900019,72.0,IT Services & Consulting,2016-12-26,72.0,False,2022-12-26,1,BOAMP:22-127882,69.12,0.3874,0.2134,0.0,True,0.76,attribution_award_date,sentence_transformers,OUVERT,SERVICES,0,0,0,450000.0,0.3874,0.2765,0.1109,2,False,False
BOAMP:16-114007,NAME:c s t b,72.0,IT Services & Consulting,2016-07-30,12.0,False,2017-07-30,0,,101.05,,,,,,publication_date,none,OUVERT,SERVICES,0,0,0,400000.0,,,,0,False,False
BOAMP:16-114945,SIREN:264400136,72.0,IT Services & Consulting,2016-08-01,24.0,False,2018-08-01,1,BOAMP:18-76556,22.14,0.6133,0.4855,0.4,True,0.8452,publication_date,sentence_transformers,PROCEDURE_ADAPTE,SERVICES,0,0,0,,0.6133,0.5976,0.015699999999999936,11,False,False
BOAMP:16-118533,SIREN:287200265,35.0,Cybersecurity,2016-10-31,12.0,False,2017-10-31,1,BOAMP:17-124242,11.86,0.654,0.2657,0.8,True,0.9883,attribution_award_date,sentence_transformers,OUVERT,FOURNITURES,0,0,0,,0.654,,,1,True,False
BOAMP:16-123498,SIREN:264400136,48.0,Software & Applications,2016-08-22,48.0,True,2020-08-22,1,BOAMP:20-62727,47.44,0.49,0.3734,0.0,True,0.9531,publication_date,sentence_transformers,PROCEDURE_ADAPTE,,0,0,0,,0.49,0.482,0.008000000000000007,12,False,False
BOAMP:16-124376,SIREN:234400034,72.0,Digital Workplace & Collaboration,2016-10-31,24.0,False,2018-10-31,1,BOAMP:18-150422,23.85,0.7255,0.445,0.8,True,0.9875,attribution_award_date,sentence_transformers,PROCEDURE_ADAPTE,SERVICES,0,0,0,,0.7255,0.6641,0.06140000000000001,25,False,True
BOAMP:16-125901,SIREN:515163749,,Telecom & Networks,2016-08-26,48.0,True,2020-08-26,0,,100.16,,,,,,publication_date,none,PROCEDURE_ADAPTE,,0,0,0,,,,,0,False,False
BOAMP:16-127032,SIREN:227200029,72.0,IT Services & Consulting,2016-12-07,48.0,True,2020-12-07,1,BOAMP:20-150503,51.22,0.4525,0.3903,0.0,True,0.732,attribution_award_date,sentence_transformers,PROCEDURE_ADAPTE,,0,0,0,80000.0,0.4525,0.396,0.056499999999999995,5,False,False
BOAMP:16-128900,SIREN:200033298,72.0,IT Services & Consulting,2016-09-02,48.0,True,2020-09-02,0,,99.93,,,,,,publication_date,none,PROCEDURE_ADAPTE,SERVICES,0,0,0,,,,,0,False,False
BOAMP:16-128870,SIREN:264400136,72.0,IT Maintenance & Support,2016-12-22,48.0,False,2020-12-22,1,BOAMP:20-118996,49.21,0.8218,0.605,1.0,True,0.899,attribution_award_date,sentence_transformers,OUVERT,SERVICES,0,0,0,,0.8218,0.6996,0.12219999999999998,15,False,True
BOAMP:16-130215,SIREN:228500013,72.0,IT Services & Consulting,2017-02-08,12.0,False,2018-02-08,1,BOAMP:18-133090,23.0,0.7336,0.9172,0.8,True,0.0837,attribution_award_date,sentence_transformers,OUVERT,SERVICES,0,0,0,50000.0,0.7336,0.6489,0.0847,4,False,True
BOAMP:16-128161,NAME:nantes metropole,72.0,IT Services & Consulting,2016-09-09,48.0,False,2020-09-09,1,BOAMP:21-7561,52.3,0.8315,0.7579,1.0,True,0.6417,publication_date,sentence_transformers,PROCEDURE_ADAPTE,SERVICES,0,0,0,,0.8315,0.6329,0.1986,27,False,True
BOAMP:16-131471,NAME:insee,72.0,IT Services & Consulting,2016-12-05,48.0,True,2020-12-05,0,,96.85,,,,,,attribution_award_date,none,OUVERT,SERVICES,0,0,0,,,,,0,False,False
BOAMP:16-132878,NAME:ville d avrille,48.0,Software & Applications,2016-09-12,48.0,True,2020-09-12,0,,99.61,,,,,,publication_date,none,PROCEDURE_ADAPTE,,0,0,0,,,,,0,False,False
BOAMP:16-134501,SIREN:391722881,72.0,IT Services & Consulting,2016-09-15,12.0,False,2017-09-15,1,BOAMP:17-90049,9.4,0.5303,0.5592,0.0,True,0.783,publication_date,sentence_transformers,PROCEDURE_ADAPTE,SERVICES,0,0,0,,0.5303,0.5085,0.02180000000000004,8,False,False
BOAMP:16-135042,NAME:nantes metropole,72.0,IT Services & Consulting,2017-04-13,60.0,False,2022-04-13,1,BOAMP:22-111359,64.22,0.7399,0.5257,1.0,True,0.6479,attribution_award_date,sentence_transformers,NEGOCIE,SERVICES,0,0,0,,0.7399,0.7093,0.03059999999999996,37,False,False
BOAMP:16-136139,SIREN:234400034,72.0,IT Services & Consulting,2016-12-27,12.0,False,2017-12-27,1,BOAMP:17-68186,7.39,0.7232,1.0,0.2,True,0.616,attribution_award_date,sentence_transformers,PROCEDURE_ADAPTE,SERVICES,0,0,0,,0.7232,0.6418,0.08139999999999992,27,False,True
BOAMP:16-136057,NAME:ville du mans,32.0,Telecom & Networks,2016-11-15,2.0,False,2017-01-14,1,BOAMP:17-69161,6.01,0.5299,0.617,0.0,True,0.6657,attribution_award_date,sentence_transformers,PROCEDURE_ADAPTE,,0,0,0,,0.5299,0.4399,0.09000000000000002,3,False,False
BOAMP:16-139456,SIREN:284400017,48.0,Software & Applications,2016-09-23,48.0,True,2020-09-23,1,BOAMP:20-50911,45.99,0.5589,0.481,0.2,True,0.8327,publication_date,sentence_transformers,PROCEDURE_ADAPTE,SERVICES,0,0,0,,0.5589,0.5148,0.04409999999999992,3,False,False
BOAMP:16-139147,SIREN:391722881,72.0,Digital Workplace & Collaboration,2017-06-21,12.0,False,2018-06-21,1,BOAMP:17-93952,10.74,0.8337,0.6366,1.0,True,0.8952,attribution_award_date,sentence_transformers,RESTREINT,SERVICES,0,0,0,,0.8337,0.6387,0.19499999999999995,5,False,True
BOAMP:16-139674,SIREN:227200029,48.0,Cloud & Infrastructure,2017-01-06,48.0,False,2021-01-06,1,BOAMP:20-150503,50.23,0.5895,0.6917,0.0,True,0.8142,attribution_award_date,sentence_transformers,OUVERT,FOURNITURES,0,0,0,,0.5895,0.3065,0.28300000000000003,3,False,False
BOAMP:16-139386,SIREN:225300011,48.0,Software & Applications,2016-11-07,48.0,False,2020-11-07,1,BOAMP:20-152653,51.77,0.5083,0.553,0.0,True,0.6855,attribution_award_date,sentence_transformers,OUVERT,SERVICES,0,0,0,5000000.0,0.5083,0.456,0.05229999999999996,5,False,False
BOAMP:16-137248,SIREN:403040850,45.0,Unknown,2016-12-30,48.0,True,2020-12-30,0,,96.02,,,,,,attribution_award_date,none,OUVERT,TRAVAUX,0,0,0,632000.0,,,,0,False,False
BOAMP:16-140691,SIREN:214402042,35.0,Cybersecurity,2016-09-29,24.0,False,2018-09-29,0,,99.05,,,,,,publication_date,none,OUVERT,FOURNITURES,0,0,0,250000.0,,,,0,False,False
BOAMP:16-142611,NAME:ville d orvault,48.0,Software & Applications,2016-09-30,48.0,False,2020-09-30,1,BOAMP:21-124087,59.53,0.2514,0.2337,0.0,True,0.0394,publication_date,sentence_transformers,PROCEDURE_ADAPTE,SERVICES,0,0,0,,0.2514,,,1,True,False
BOAMP:16-146809,SIREN:268502424,48.0,Software & Applications,2017-04-18,12.0,False,2018-04-18,0,,92.44,,,,,,attribution_award_date,none,OUVERT,FOURNITURES,0,0,0,,,,,0,False,False
BOAMP:16-149380,SIREN:214400418,32.0,Telecom & Networks,2016-10-13,3.0,False,2017-01-12,0,,98.59,,,,,,publication_date,none,PROCEDURE_ADAPTE,,0,0,0,,,,,0,False,False
BOAMP:16-151887,SIREN:214400269,32.0,Telecom & Networks,2017-02-01,12.0,False,2018-02-01,0,,94.94,,,,,,attribution_award_date,none,PROCEDURE_ADAPTE,,0,0,0,,,,,0,False,False
BOAMP:16-151274,SIREN:194401006,32.0,Telecom & Networks,2017-01-25,36.0,False,2020-01-25,1,BOAMP:21-4564,47.57,0.3013,0.3602,0.0,True,0.0359,attribution_award_date,sentence_transformers,OUVERT,FOURNITURES,0,0,0,,0.3013,,,1,True,False
BOAMP:16-153677,SIREN:214401432,72.0,Cybersecurity,2016-10-20,36.0,False,2019-10-20,1,BOAMP:19-87143,31.47,0.5113,0.2723,,False,0.6226,publication_date,sentence_transformers,PROCEDURE_ADAPTE,SERVICES,0,0,0,200000.0,0.5113,0.4957,0.015600000000000003,3,False,False
BOAMP:16-153566,NAME:ville d orvault,35.0,Cybersecurity,2016-10-20,36.0,False,2019-10-20,0,,98.36,,,,,,publication_date,none,PROCEDURE_ADAPTE,SERVICES,0,0,0,,,,,0,False,False
BOAMP:16-153330,NAME:nantes metropole,48.0,Software & Applications,2018-01-16,60.0,False,2023-01-16,1,BOAMP:22-165917,59.03,0.6474,0.7836,0.0,True,0.9195,attribution_award_date,sentence_transformers,NEGOCIE,SERVICES,0,0,0,,0.6474,0.5018,0.14559999999999995,30,False,False
BOAMP:16-153188,SIREN:214401846,45.0,Telecom & Networks,2016-10-26,28.0,False,2019-02-25,1,BOAMP:18-122920,25.1,0.5388,0.593,0.0,True,0.7582,publication_date,sentence_transformers,OUVERT,TRAVAUX,0,0,0,,0.5388,0.4172,0.12159999999999993,6,False,False
BOAMP:16-153795,SIREN:214401846,32.0,Telecom & Networks,2016-10-26,24.0,False,2018-10-26,1,BOAMP:17-177418,13.8,0.5965,0.5413,0.8,True,0.1498,publication_date,sentence_transformers,OUVERT,SERVICES,0,0,0,400000.0,0.5965,0.5171,0.07940000000000003,13,False,False
BOAMP:16-155186,SIREN:546650169,72.0,IT Services & Consulting,2016-10-26,12.0,False,2017-10-26,1,BOAMP:17-61199,6.24,0.6898,0.4644,1.0,True,0.5201,publication_date,sentence_transformers,OUVERT,SERVICES,0,0,0,,0.6898,,,1,True,False
BOAMP:16-158195,SIREN:218502268,72.0,Digital Workplace & Collaboration,2016-10-28,36.0,False,2019-10-28,0,,98.09,,,,,,publication_date,none,PROCEDURE_ADAPTE,SERVICES,0,0,0,,,,,0,False,False
BOAMP:16-158411,NAME:institut 4 10,48.0,Software & Applications,2016-10-28,12.0,False,2017-10-28,0,,98.09,,,,,,publication_date,none,PROCEDURE_ADAPTE,,0,0,0,,,,,0,False,False
BOAMP:16-161115,SIREN:288500010,35.0,Cybersecurity,2017-01-25,48.0,True,2021-01-25,1,BOAMP:19-141668,36.63,0.5406,0.3252,1.0,True,0.0525,attribution_award_date,sentence_transformers,PROCEDURE_ADAPTE,SERVICES,0,0,0,,0.5406,,,1,True,False
BOAMP:16-166758,NAME:ville du mans,,Unknown,2016-11-17,48.0,True,2020-11-17,1,BOAMP:20-2441,43.36,0.6945,0.6203,,False,0.6137,publication_date,sentence_transformers,PROCEDURE_ADAPTE,,0,0,0,,0.6945,0.6923,0.0021999999999999797,4,False,False
BOAMP:16-167180,SIREN:546650169,72.0,IT Services & Consulting,2016-12-20,12.0,False,2017-12-20,0,,96.35,,,,,,attribution_award_date,none,OUVERT,SERVICES,0,0,0,,,,,0,False,False
BOAMP:16-170680,SIREN:264400136,72.0,IT Services & Consulting,2016-11-25,48.0,False,2020-11-25,1,BOAMP:20-50446,47.31,0.5248,0.341,0.2,True,0.9422,publication_date,sentence_transformers,PROCEDURE_ADAPTE,SERVICES,0,0,0,,0.5248,0.4447,0.08010000000000006,8,False,False
BOAMP:16-172610,NAME:conseil general de la vendee,72.0,Digital Workplace & Collaboration,2017-04-13,48.0,True,2021-04-13,1,BOAMP:20-61728,42.51,0.6465,0.47,0.8,True,0.5425,attribution_award_date,sentence_transformers,PROCEDURE_ADAPTE,SERVICES,0,0,0,,0.6465,0.5828,0.06369999999999998,6,False,False
BOAMP:16-171762,NAME:carene,45.0,Cloud & Infrastructure,2017-03-22,18.0,False,2018-09-20,1,BOAMP:17-127198,8.94,0.3836,0.4618,0.0,True,0.2446,attribution_award_date,sentence_transformers,OUVERT,TRAVAUX,0,0,0,,0.3836,,,1,True,False
BOAMP:16-172095,NAME:carene,72.0,Cybersecurity,2016-12-02,24.0,False,2018-12-02,1,BOAMP:17-127198,12.55,0.3878,0.5716,0.0,True,0.0458,publication_date,sentence_transformers,PROCEDURE_ADAPTE,SERVICES,0,0,0,,0.3878,0.3385,0.049299999999999955,2,False,False
BOAMP:16-173647,NAME:caf de la somme,72.0,Digital Workplace & Collaboration,2016-12-04,48.0,False,2020-12-04,0,,96.88,,,,,,publication_date,none,OUVERT,FOURNITURES,0,0,0,875000.0,,,,0,False,False
BOAMP:16-176618,NAME:ville d orvault,48.0,Software & Applications,2016-12-09,48.0,False,2020-12-09,1,BOAMP:20-48669,39.78,0.3843,0.428,0.0,True,0.3153,publication_date,sentence_transformers,PROCEDURE_ADAPTE,SERVICES|FOURNITURES,0,0,0,,0.3843,0.3025,0.08179999999999998,2,False,False
BOAMP:16-176813,NAME:cte cnes coeur d estuaire,45.0,Unknown,2017-05-04,48.0,True,2021-05-04,0,,91.92,,,,,,attribution_award_date,none,OUVERT,TRAVAUX,0,0,0,,,,,0,False,False
BOAMP:16-179721,NAME:gpm de nantes st nazaire,32.0,Telecom & Networks,2016-12-15,48.0,True,2020-12-15,1,BOAMP:21-124527,57.03,0.3563,0.392,0.0,True,0.2475,publication_date,sentence_transformers,PROCEDURE_ADAPTE,,0,0,0,,0.3563,0.3492,0.007099999999999995,4,False,False
BOAMP:16-180684,SIREN:777739160,32.0,Telecom & Networks,2016-12-16,1.0,False,2017-01-15,0,,96.48,,,,,,publication_date,none,PROCEDURE_ADAPTE,SERVICES|FOURNITURES|TRAVAUX,0,0,0,,,,,0,False,False
BOAMP:16-182034,SIREN:284400017,35.0,Cybersecurity,2016-12-22,7.0,False,2017-07-23,1,BOAMP:17-174760,13.27,0.7498,0.6358,1.0,True,0.4773,publication_date,sentence_transformers,OUVERT,SERVICES,0,0,0,,0.7498,0.4225,0.32730000000000004,2,False,True
BOAMP:16-184522,NAME:sdegm,32.0,Telecom & Networks,2016-12-23,48.0,False,2020-12-23,0,,96.25,,,,,,publication_date,none,PROCEDURE_ADAPTE,,0,0,0,,,,,0,False,False
BOAMP:16-183156,SIREN:227200029,72.0,Digital Workplace & Collaboration,2017-04-26,48.0,False,2021-04-26,1,BOAMP:20-150503,46.62,0.5006,0.4341,0.0,True,0.8847,attribution_award_date,sentence_transformers,OUVERT,SERVICES,0,0,0,155000.0,0.5006,0.4456,0.05500000000000005,6,False,False
BOAMP:16-183705,SIREN:285300018,35.0,Cybersecurity,2016-12-24,12.0,False,2017-12-24,1,BOAMP:17-176560,11.76,0.8868,0.7269,1.0,True,0.9801,publication_date,sentence_transformers,OUVERT,FOURNITURES,0,0,0,,0.8868,,,1,True,False
BOAMP:16-184210,SIREN:391722881,72.0,IT Services & Consulting,2017-10-12,48.0,False,2021-10-12,1,BOAMP:20-70832,45.5,0.5806,0.6808,0.0,True,0.7916,attribution_award_date,sentence_transformers,NEGOCIE,SERVICES,0,0,0,,0.5806,0.5087,0.07189999999999996,6,False,False
BOAMP:16-184750,NAME:arafer,72.0,IT Maintenance & Support,2016-12-28,24.0,False,2018-12-28,1,BOAMP:19-177026,34.95,0.2862,0.297,0.0,True,0.0872,publication_date,sentence_transformers,OUVERT,SERVICES,0,0,0,,0.2862,,,1,True,False
BOAMP:17-1971,NAME:maine loire habitat office pub habitat,48.0,Software & Applications,2017-01-06,48.0,False,2021-01-06,0,,95.8,,,,,,publication_date,none,PROCEDURE_ADAPTE,,0,0,0,,,,,0,False,False
BOAMP:17-2924,NAME:sictiam,72.0,IT Services & Consulting,2017-01-08,12.0,False,2018-01-08,0,,95.73,,,,,,publication_date,none,OUVERT,SERVICES,0,0,0,,,,,0,False,False
BOAMP:17-4904,NAME:iphv les hauts thebaudieres,48.0,Software & Applications,2017-01-11,48.0,True,2021-01-11,0,,95.63,,,,,,publication_date,none,PROCEDURE_ADAPTE,,0,0,0,,,,,0,False,False
BOAMP:17-8592,NAME:communes de grand lieu,35.0,Cybersecurity,2017-01-18,12.0,False,2018-01-18,1,BOAMP:18-91798,17.41,0.5325,0.3489,,False,0.5491,publication_date,sentence_transformers,PROCEDURE_ADAPTE,,0,0,0,,0.5325,,,1,True,False
BOAMP:17-6714,SIREN:194909701,72.0,IT Services & Consulting,2017-01-18,36.0,False,2020-01-18,1,BOAMP:20-114106,44.02,0.8663,1.0,1.0,True,0.3316,publication_date,sentence_transformers,OUVERT,SERVICES,0,0,0,,0.8663,0.5243,0.34199999999999997,3,False,True
BOAMP:17-8714,SIREN:227200029,72.0,IT Services & Consulting,2017-01-19,48.0,True,2021-01-19,1,BOAMP:20-150503,49.8,0.5126,0.4817,0.0,True,0.8498,publication_date,sentence_transformers,PROCEDURE_ADAPTE,SERVICES,0,0,0,,0.5126,0.4371,0.07549999999999996,5,False,False
BOAMP:17-9361,SIREN:264400136,48.0,Software & Applications,2017-01-19,48.0,True,2021-01-19,1,BOAMP:21-15299,48.52,0.494,0.3817,0.0,True,0.9565,publication_date,sentence_transformers,PROCEDURE_ADAPTE,,0,0,0,,0.494,0.4797,0.01429999999999998,14,False,False
BOAMP:17-10167,SIREN:217203207,44.0,Unknown,2017-01-20,48.0,True,2021-01-20,0,,95.34,,,,,,publication_date,none,PROCEDURE_ADAPTE,,0,0,0,,,,,0,False,False
BOAMP:17-8483,SIREN:227200029,45.0,Telecom & Networks,2017-04-07,4.0,False,2017-08-06,1,BOAMP:18-58630,14.82,0.2636,0.2347,0.0,True,0.0987,attribution_award_date,sentence_transformers,OUVERT,FOURNITURES,0,0,0,,0.2636,,,1,True,False
BOAMP:17-12394,NAME:sdegm,32.0,Telecom & Networks,2017-01-26,48.0,True,2021-01-26,0,,95.14,,,,,,publication_date,none,PROCEDURE_ADAPTE,,0,0,0,,,,,0,False,False
BOAMP:17-13461,NAME:nantes metropole,72.0,IT Services & Consulting,2017-01-29,36.0,False,2020-01-29,1,BOAMP:20-26328,36.73,0.5648,0.4423,0.2,True,0.9393,publication_date,sentence_transformers,OUVERT,SERVICES,0,0,0,,0.5648,0.5642,0.0005999999999999339,27,False,False
BOAMP:17-14320,NAME:agence regionale pays de la loire ti,72.0,IT Services & Consulting,2017-02-01,48.0,False,2021-02-01,0,,94.94,,,,,,publication_date,none,OUVERT,SERVICES,0,0,0,260000.0,,,,0,False,False
BOAMP:17-14986,SIREN:264400136,72.0,IT Services & Consulting,2017-06-02,12.0,False,2018-06-02,1,BOAMP:17-159373,10.02,0.5865,0.5488,0.2,True,0.835,attribution_award_date,sentence_transformers,OUVERT,SERVICES,0,0,0,600000.0,0.5865,0.575,0.011500000000000066,10,False,False
BOAMP:17-16256,NAME:inst interdpt bassin sevre niortaise,45.0,Unknown,2017-02-02,48.0,True,2021-02-02,0,,94.91,,,,,,publication_date,none,PROCEDURE_ADAPTE,,0,0,0,,,,,0,False,False
BOAMP:17-15684,SIREN:214401846,72.0,IT Services & Consulting,2017-02-03,48.0,True,2021-02-03,1,BOAMP:20-98331,41.95,0.4068,0.3941,0.0,True,0.4959,publication_date,sentence_transformers,PROCEDURE_ADAPTE,SERVICES,0,0,0,,0.4068,0.3385,0.06829999999999997,4,False,False
BOAMP:17-20659,SIREN:288500010,72.0,IT Services & Consulting,2017-05-02,48.0,True,2021-05-02,1,BOAMP:21-44149,46.98,0.9027,0.7994,1.0,True,0.9148,attribution_award_date,sentence_transformers,PROCEDURE_ADAPTE,SERVICES,0,0,0,200000.0,0.9027,0.5245,0.3782,2,False,True
BOAMP:17-19962,SIREN:194401006,32.0,Telecom & Networks,2017-04-06,12.0,False,2018-04-06,1,BOAMP:18-61507,12.88,0.5141,0.4468,0.0,True,0.9269,attribution_award_date,sentence_transformers,OUVERT,FOURNITURES,0,0,0,,0.5141,0.4538,0.06030000000000002,2,False,False
BOAMP:17-19635,NAME:mairie du croisic,32.0,Telecom & Networks,2017-02-11,1.0,False,2017-03-13,0,,94.61,,,,,,publication_date,none,OUVERT,TRAVAUX,0,0,0,,,,,0,False,False
BOAMP:17-20825,NAME:le mans,32.0,Telecom & Networks,2017-04-11,48.0,False,2021-04-11,1,BOAMP:21-28963,46.78,0.5265,0.242,0.4,True,0.8984,attribution_award_date,sentence_transformers,OUVERT,SERVICES,0,0,0,,0.5265,0.4301,0.09639999999999999,5,False,False
BOAMP:17-23389,SIREN:865800767,45.0,Unknown,2017-02-16,9.0,False,2017-11-16,1,BOAMP:17-147216,8.18,0.7546,0.6707,0.6,True,0.9317,publication_date,sentence_transformers,PROCEDURE_ADAPTE,,0,0,0,,0.7546,0.6887,0.06590000000000007,2,False,True
BOAMP:17-22230,SIREN:214401622,35.0,Cybersecurity,2017-05-18,12.0,False,2018-05-18,0,,91.46,,,,,,attribution_award_date,none,OUVERT,SERVICES,0,0,0,,,,,0,False,False
BOAMP:17-23490,NAME:chd vendee,48.0,Software & Applications,2017-02-18,12.0,False,2018-02-18,0,,94.38,,,,,,publication_date,none,OUVERT,FOURNITURES,0,0,0,,,,,0,False,False
BOAMP:17-25253,NAME:le grand t theatre loire atlantique,48.0,Software & Applications,2017-02-21,48.0,True,2021-02-21,0,,94.28,,,,,,publication_date,none,PROCEDURE_ADAPTE,,0,0,0,,,,,0,False,False
BOAMP:17-25915,SIREN:264400136,48.0,Software & Applications,2017-02-22,48.0,True,2021-02-22,1,BOAMP:20-118996,47.17,0.5109,0.4368,0.0,True,0.9312,publication_date,sentence_transformers,PROCEDURE_ADAPTE,,0,0,0,,0.5109,0.4823,0.028600000000000014,15,False,False
BOAMP:17-26666,SIREN:546650169,72.0,IT Services & Consulting,2017-03-30,12.0,False,2018-03-30,0,,93.07,,,,,,attribution_award_date,none,OUVERT,SERVICES,0,0,0,,,,,0,False,False
BOAMP:17-27341,SIREN:935367433,50.0,Unknown,2017-02-26,44.0,False,2020-10-27,1,BOAMP:20-35774,43.96,0.4584,0.2729,0.0,True,0.9963,publication_date,sentence_transformers,OUVERT,SERVICES,0,0,0,450000.0,0.4584,0.4189,0.03949999999999998,11,False,False
BOAMP:17-29415,SIREN:935367433,72.0,IT Maintenance & Support,2017-03-03,48.0,False,2021-03-03,1,BOAMP:21-77546,51.25,0.8515,0.7641,1.0,True,0.7293,publication_date,sentence_transformers,OUVERT,SERVICES,0,0,0,2000000.0,0.8515,0.7656,0.08590000000000009,12,False,True
BOAMP:17-32686,SIREN:865800767,45.0,Unknown,2017-03-08,10.0,False,2018-01-06,1,BOAMP:17-147216,7.52,0.7126,0.6346,0.6,True,0.7936,publication_date,sentence_transformers,PROCEDURE_ADAPTE,,0,0,0,,0.7126,0.6927,0.01990000000000003,2,False,False
BOAMP:17-31647,SIREN:200052587,32.0,Telecom & Networks,2018-01-22,48.0,True,2022-01-22,0,,83.28,,,,,,attribution_award_date,none,,SERVICES,0,0,1,,,,,0,False,False
BOAMP:17-35511,SIREN:245300355,48.0,Software & Applications,2017-03-14,48.0,True,2021-03-14,0,,93.59,,,,,,publication_date,none,PROCEDURE_ADAPTE,,0,0,0,,,,,0,False,False
BOAMP:17-35759,SIREN:234400034,72.0,IT Services & Consulting,2017-06-02,24.0,False,2019-06-02,1,BOAMP:19-41115,24.28,0.4932,0.3695,0.0,True,0.9769,attribution_award_date,sentence_transformers,OUVERT,SERVICES,0,0,0,,0.4932,0.4419,0.05130000000000001,17,False,False
BOAMP:17-35545,SIREN:264400136,48.0,Software & Applications,2017-07-28,14.0,False,2018-09-27,1,BOAMP:18-159101,15.57,0.7242,0.876,0.2,True,0.869,attribution_award_date,sentence_transformers,NEGOCIE,FOURNITURES,0,0,0,,0.7242,0.5737,0.15049999999999997,9,False,True
BOAMP:17-38797,SIREN:244900015,39.0,Telecom & Networks,2017-08-28,12.0,False,2018-08-28,1,BOAMP:18-101099,10.78,0.4847,0.3879,0.0,True,0.8979,attribution_award_date,sentence_transformers,NEGOCIE,FOURNITURES,0,0,0,210000.0,0.4847,,,1,True,False
BOAMP:17-39457,SIREN:130001704,72.0,IT Services & Consulting,2017-03-23,12.0,False,2018-03-23,1,BOAMP:18-87219,15.05,0.8787,0.8236,1.0,True,0.7462,publication_date,sentence_transformers,OUVERT,SERVICES,0,0,0,,0.8787,0.8561,0.022600000000000064,2,False,False
BOAMP:17-40324,SIREN:247200132,72.0,IT Services & Consulting,2017-07-10,48.0,True,2021-07-10,1,BOAMP:20-91088,45.76,0.4867,0.435,0.0,True,0.8135,attribution_award_date,sentence_transformers,PROCEDURE_ADAPTE,SERVICES,0,0,0,,0.4867,0.4791,0.007599999999999996,2,False,False
BOAMP:17-39093,SIREN:258500222,48.0,Software & Applications,2017-06-29,48.0,True,2021-06-29,1,BOAMP:20-91479,42.31,0.4136,0.3959,0.0,True,0.5261,attribution_award_date,sentence_transformers,PROCEDURE_ADAPTE,SERVICES,0,0,0,,0.4136,,,1,True,False
BOAMP:17-39998,SIREN:214401846,48.0,Software & Applications,2017-07-05,48.0,True,2021-07-05,1,BOAMP:21-101248,51.97,0.5024,0.4215,0.2,True,0.6691,attribution_award_date,sentence_transformers,PROCEDURE_ADAPTE,SERVICES,0,0,0,,0.5024,0.412,0.09039999999999998,6,False,False
BOAMP:17-44758,SIREN:110006012,72.0,IT Services & Consulting,2017-08-23,48.0,False,2021-08-23,1,BOAMP:21-22700,42.61,0.4405,0.3259,0.2,True,0.5507,attribution_award_date,sentence_transformers,OUVERT,SERVICES,0,0,0,,0.4405,0.3361,0.10439999999999999,2,False,False
BOAMP:17-44607,SIREN:234400034,48.0,Cloud & Infrastructure,2017-07-21,48.0,False,2021-07-21,1,BOAMP:21-67771,50.59,0.6808,0.3098,1.0,True,0.7841,attribution_award_date,sentence_transformers,OUVERT,SERVICES,0,0,0,,0.6808,0.6721,0.00869999999999993,27,False,False
BOAMP:17-45104,SIREN:214401622,32.0,Telecom & Networks,2017-08-09,12.0,False,2018-08-09,1,BOAMP:19-104228,22.83,0.363,0.484,0.0,True,0.0973,attribution_award_date,sentence_transformers,OUVERT,FOURNITURES,0,0,0,,0.363,,,1,True,False
BOAMP:17-47832,NAME:centre de gestion fpt loire atlantique,32.0,Telecom & Networks,2017-04-05,48.0,True,2021-04-05,0,,92.87,,,,,,publication_date,none,PROCEDURE_ADAPTE,,0,0,0,,,,,0,False,False
BOAMP:17-48788,SIREN:234400034,72.0,IT Services & Consulting,2017-07-24,24.0,False,2019-07-24,1,BOAMP:19-17058,21.98,0.5578,0.3538,0.4,True,0.8315,attribution_award_date,sentence_transformers,PROCEDURE_ADAPTE,SERVICES,0,0,0,,0.5578,0.5133,0.044499999999999984,16,False,False
BOAMP:17-47703,NAME:semitan,72.0,IT Services & Consulting,2017-04-07,24.0,False,2019-04-07,1,BOAMP:18-153265,25.3,0.4567,0.3208,0.0,True,0.892,publication_date,sentence_transformers,NEGOCIE,SERVICES,0,0,0,,0.4567,0.3105,0.1462,2,False,False
BOAMP:17-47930,SIREN:211703004,48.0,Software & Applications,2017-04-07,24.0,False,2019-04-07,0,,92.81,,,,,,publication_date,none,DIALOGUE_COMPETITIF,FOURNITURES,0,0,0,100000.0,,,,0,False,False
BOAMP:17-48519,NAME:carene,48.0,Software & Applications,2017-04-09,48.0,False,2021-04-09,0,,92.74,,,,,,publication_date,none,NEGOCIE,FOURNITURES,0,0,0,,,,,0,False,False
BOAMP:17-42319,NAME:cte de cnes de l ile de noirmoutier,92.0,Unknown,2017-10-25,12.0,False,2018-10-25,0,,86.2,,,,,,attribution_award_date,none,RESTREINT,SERVICES,0,0,0,,,,,0,False,False
BOAMP:17-47467,SIREN:860800077,32.0,Telecom & Networks,2017-06-29,48.0,True,2021-06-29,1,BOAMP:20-108291,40.28,0.3493,0.32,0.0,True,0.3563,attribution_award_date,sentence_transformers,OUVERT,FOURNITURES,0,0,0,,0.3493,,,1,True,False
BOAMP:17-53475,SIREN:391722881,72.0,IT Services & Consulting,2018-01-02,12.0,False,2019-01-02,1,BOAMP:18-8879,12.29,0.7127,0.7936,0.2,True,0.9761,attribution_award_date,sentence_transformers,RESTREINT,SERVICES,0,0,0,,0.7127,0.6808,0.03190000000000004,3,False,False
BOAMP:17-55172,SIREN:532458809,50.0,Unknown,2017-04-21,16.0,False,2018-08-21,1,BOAMP:19-10579,21.02,0.5002,0.5848,0.0,True,0.5813,publication_date,sentence_transformers,OUVERT,TRAVAUX,0,0,0,,0.5002,,,1,True,False
BOAMP:17-54861,NAME:ville d orvault,48.0,Software & Applications,2017-06-20,36.0,False,2020-06-19,0,,90.37,,,,,,attribution_award_date,none,OUVERT,FOURNITURES,0,0,0,,,,,0,False,False
BOAMP:17-57345,SIREN:254902505,,Cybersecurity,2017-04-25,48.0,True,2021-04-25,1,BOAMP:20-122198,41.39,0.5265,0.3875,,False,0.4494,publication_date,sentence_transformers,PROCEDURE_ADAPTE,SERVICES,0,0,0,,0.5265,0.3828,0.1437,2,False,False
BOAMP:17-56720,NAME:gcs esante pays de la loire,72.0,IT Services & Consulting,2017-08-29,12.0,False,2018-08-29,0,,88.07,,,,,,attribution_award_date,none,OUVERT,SERVICES,0,0,0,,,,,0,False,False
BOAMP:17-58486,SIREN:264400136,72.0,Digital Workplace & Collaboration,2017-04-28,12.0,False,2018-04-28,1,BOAMP:17-159373,11.17,0.6832,0.6177,0.4,True,0.9308,publication_date,sentence_transformers,NEGOCIE,SERVICES,0,0,0,,0.6832,0.6631,0.020100000000000007,10,False,False
BOAMP:17-58113,NAME:arafer,72.0,IT Maintenance & Support,2017-04-28,24.0,False,2019-04-28,1,BOAMP:19-177026,30.98,0.3781,0.361,0.0,True,0.4184,publication_date,sentence_transformers,NEGOCIE,SERVICES,0,0,0,,0.3781,,,1,True,False
BOAMP:17-58214,NAME:nantes metropole,72.0,Cybersecurity,2017-04-30,48.0,False,2021-04-30,1,BOAMP:21-85842,49.84,0.6514,0.455,0.6,True,0.847,publication_date,sentence_transformers,OUVERT,SERVICES,0,0,0,,0.6514,0.6253,0.026100000000000012,24,False,False
BOAMP:17-56890,NAME:nantes metropole,90.0,Unknown,2017-08-21,12.0,False,2018-08-21,1,BOAMP:18-103911,11.14,0.445,0.2733,0.0,True,0.9281,attribution_award_date,sentence_transformers,OUVERT,TRAVAUX,0,0,0,,0.445,0.4447,0.00030000000000002247,12,False,False
BOAMP:17-62129,SIREN:234400034,72.0,IT Services & Consulting,2017-05-04,18.0,False,2018-11-02,1,BOAMP:18-150422,17.77,0.5973,0.3776,0.4,True,0.9811,publication_date,sentence_transformers,PROCEDURE_ADAPTE,SERVICES,0,0,0,,0.5973,0.5709,0.02640000000000009,24,False,False
BOAMP:17-61199,SIREN:546650169,72.0,IT Services & Consulting,2017-05-04,12.0,False,2018-05-04,0,,91.92,,,,,,publication_date,none,OUVERT,SERVICES,0,0,0,,,,,0,False,False
BOAMP:17-61541,SIREN:264400136,72.0,IT Services & Consulting,2017-07-21,48.0,False,2021-07-21,1,BOAMP:21-76925,50.79,0.8958,0.8556,1.0,True,0.7676,attribution_award_date,sentence_transformers,OUVERT,SERVICES,0,0,0,,0.8958,0.6913,0.20450000000000002,12,False,True
BOAMP:17-62974,NAME:cap atlantique,48.0,Software & Applications,2017-05-05,48.0,False,2021-05-05,1,BOAMP:20-98937,43.86,0.3893,0.2709,0.0,True,0.6547,publication_date,sentence_transformers,PROCEDURE_ADAPTE,,0,0,0,208000.0,0.3893,,,1,True,False
BOAMP:17-62873,SIREN:194909701,72.0,IT Services & Consulting,2017-05-07,36.0,False,2020-05-06,1,BOAMP:20-114106,40.44,0.926,1.0,1.0,True,0.63,publication_date,sentence_transformers,OUVERT,SERVICES,0,0,0,,0.926,0.4647,0.46130000000000004,5,False,True
BOAMP:17-56105,SIREN:264400268,48.0,Software & Applications,2017-05-07,60.0,False,2022-05-07,0,,91.82,,,,,,publication_date,none,OUVERT,FOURNITURES,0,0,0,466000.0,,,,0,False,False
BOAMP:17-66007,NAME:le mans,72.0,IT Services & Consulting,2017-05-12,48.0,True,2021-05-12,1,BOAMP:21-37354,46.29,0.5874,0.6649,0.0,True,0.8573,publication_date,sentence_transformers,PROCEDURE_ADAPTE,SERVICES,0,0,0,,0.5874,0.5865,0.0009000000000000119,11,False,False
BOAMP:17-67752,NAME:gpm de nantes st nazaire,32.0,Telecom & Networks,2017-05-16,48.0,True,2021-05-16,1,BOAMP:21-124527,52.04,0.4642,0.4538,0.0,True,0.6636,publication_date,sentence_transformers,PROCEDURE_ADAPTE,,0,0,0,,0.4642,0.4571,0.007099999999999995,4,False,False
BOAMP:17-69161,NAME:ville du mans,37.0,Data & AI,2017-05-17,48.0,True,2021-05-17,1,BOAMP:21-103746,50.3,0.9029,0.9135,,False,0.8087,publication_date,sentence_transformers,PROCEDURE_ADAPTE,,0,0,0,2000.0,0.9029,0.4207,0.4822,3,False,True
BOAMP:17-69162,SIREN:247200132,72.0,IT Services & Consulting,2017-10-30,30.0,False,2020-04-30,1,BOAMP:19-160471,28.52,0.4894,0.2853,0.2,True,0.8763,attribution_award_date,sentence_transformers,PROCEDURE_ADAPTE,SERVICES,0,0,0,,0.4894,0.4577,0.031700000000000006,4,False,False
BOAMP:17-68186,SIREN:234400034,72.0,IT Services & Consulting,2017-08-09,12.0,False,2018-08-09,1,BOAMP:18-103319,11.33,0.8809,0.73,1.0,True,0.9445,attribution_award_date,sentence_transformers,OUVERT,SERVICES,0,0,0,500000.0,0.8809,0.5924,0.2885,17,False,True
BOAMP:17-59442,NAME:ademe,72.0,IT Services & Consulting,2017-05-19,48.0,False,2021-05-19,0,,91.43,,,,,,publication_date,none,RESTREINT,SERVICES,0,0,0,,,,,0,False,False
BOAMP:17-68883,NAME:arafer,72.0,IT Maintenance & Support,2017-05-19,24.0,False,2019-05-19,1,BOAMP:19-177026,30.29,0.3896,0.361,0.0,True,0.4759,publication_date,sentence_transformers,OUVERT,SERVICES,0,0,0,,0.3896,,,1,True,False
BOAMP:17-71849,SIREN:234400034,72.0,Digital Workplace & Collaboration,2017-08-09,12.0,False,2018-08-09,1,BOAMP:18-30222,11.07,0.7104,0.3148,1.0,True,0.9226,attribution_award_date,sentence_transformers,OUVERT,SERVICES,0,0,0,,0.7104,0.6778,0.03260000000000007,16,False,False
BOAMP:17-71852,SIREN:284900016,35.0,Cybersecurity,2017-05-24,48.0,True,2021-05-24,0,,91.26,,,,,,publication_date,none,PROCEDURE_ADAPTE,SERVICES,0,0,0,,,,,0,False,False
BOAMP:17-73536,NAME:nantes metropole,48.0,Software & Applications,2017-10-26,60.0,False,2022-10-26,1,BOAMP:22-153504,60.81,0.8061,0.5489,1.0,True,0.9327,attribution_award_date,sentence_transformers,NEGOCIE,SERVICES,0,0,0,,0.8061,0.7968,0.009300000000000086,38,False,False
BOAMP:17-73142,SIREN:247200132,48.0,Software & Applications,2017-08-22,36.0,False,2020-08-21,1,BOAMP:19-177021,33.41,0.6093,0.5061,0.4,True,0.7842,attribution_award_date,sentence_transformers,OUVERT,FOURNITURES,0,0,0,,0.6093,0.4678,0.14149999999999996,6,False,False
BOAMP:17-73357,NAME:syndicat departemental d energie,32.0,Telecom & Networks,2017-10-26,12.0,False,2018-10-26,0,,86.17,,,,,,attribution_award_date,none,OUVERT,SERVICES,0,0,0,,,,,0,False,False
BOAMP:17-72992,NAME:groupe d etude et de controle des vari,72.0,IT Services & Consulting,2017-07-17,24.0,False,2019-07-17,0,,89.49,,,,,,attribution_award_date,none,OUVERT,SERVICES,0,0,0,,,,,0,False,False
BOAMP:17-74632,SIREN:130029747,48.0,Software & Applications,2017-05-31,48.0,True,2021-05-31,1,BOAMP:21-61224,47.17,0.7839,0.4942,1.0,True,0.9312,publication_date,sentence_transformers,OUVERT,SERVICES,0,0,0,240000.0,0.7839,0.7325,0.0514,4,False,True
BOAMP:17-75817,SIREN:200053593,48.0,Software & Applications,2017-05-31,48.0,True,2021-05-31,0,,91.03,,,,,,publication_date,none,PROCEDURE_ADAPTE,,0,0,0,,,,,0,False,False
BOAMP:17-76729,NAME:dir interregionale sces penitentiaires,32.0,Telecom & Networks,2017-06-01,48.0,True,2021-06-01,0,,91.0,,,,,,publication_date,none,PROCEDURE_ADAPTE,,0,0,0,,,,,0,False,False
BOAMP:17-76616,NAME:nantes metropole,72.0,Cybersecurity,2017-06-03,48.0,False,2021-06-03,1,BOAMP:21-85842,48.72,0.6196,0.329,0.6,True,0.9401,publication_date,sentence_transformers,OUVERT,SERVICES,0,0,0,,0.6196,0.6071,0.012500000000000067,26,False,False
BOAMP:17-77862,SIREN:234400034,34.0,Unknown,2017-10-04,12.0,False,2018-10-04,1,BOAMP:18-87166,11.89,0.5314,0.4579,0.0,True,0.991,attribution_award_date,sentence_transformers,OUVERT,SERVICES,0,0,0,,0.5314,0.5085,0.02290000000000003,19,False,False
BOAMP:17-78402,SIREN:288500010,,Telecom & Networks,2017-06-06,48.0,False,2021-06-06,1,BOAMP:20-137315,46.19,0.6532,0.4253,,False,0.8491,publication_date,sentence_transformers,PROCEDURE_ADAPTE,,0,0,0,,0.6532,0.5609,0.09230000000000005,2,False,False
BOAMP:17-78663,NAME:les quinconces l espal,32.0,Telecom & Networks,2017-06-06,48.0,True,2021-06-06,0,,90.83,,,,,,publication_date,none,PROCEDURE_ADAPTE,,0,0,0,,,,,0,False,False
BOAMP:17-79002,SIREN:198513905,32.0,Telecom & Networks,2017-06-07,48.0,True,2021-06-07,1,BOAMP:20-140005,41.33,0.8873,0.9964,1.0,True,0.4439,publication_date,sentence_transformers,PROCEDURE_ADAPTE,,0,0,0,,0.8873,0.8826,0.0046999999999999265,2,False,False
BOAMP:17-68985,NAME:nantes metropole,48.0,Software & Applications,2017-10-16,48.0,False,2021-10-16,1,BOAMP:21-150402,48.95,0.57,0.4645,0.2,True,0.9209,attribution_award_date,sentence_transformers,OUVERT,SERVICES,0,0,0,,0.57,0.5558,0.01419999999999999,28,False,False
BOAMP:17-80207,SIREN:214402042,,Unknown,2017-06-08,48.0,True,2021-06-08,1,BOAMP:21-146075,52.76,0.6479,0.5381,,False,0.6034,publication_date,sentence_transformers,PROCEDURE_ADAPTE,,0,0,0,,0.6479,,,1,True,False
BOAMP:17-80194,SIREN:935367433,72.0,IT Services & Consulting,2017-06-08,48.0,False,2021-06-08,1,BOAMP:21-77546,48.06,0.6087,0.2743,0.6,True,0.9949,publication_date,sentence_transformers,PROCEDURE_ADAPTE,SERVICES,0,0,0,160000.0,0.6087,0.5664,0.042300000000000004,8,False,False
BOAMP:17-80573,SIREN:284400017,32.0,Telecom & Networks,2017-10-17,48.0,False,2021-10-17,1,BOAMP:22-17364,51.61,0.471,0.4529,0.0,True,0.6992,attribution_award_date,sentence_transformers,OUVERT,SERVICES,0,0,0,,0.471,0.448,0.022999999999999965,4,False,False
BOAMP:17-80380,NAME:maine loire habitat office pub habitat,32.0,Telecom & Networks,2017-10-03,48.0,False,2021-10-03,0,,86.93,,,,,,attribution_award_date,none,OUVERT,SERVICES,0,0,0,300000.0,,,,0,False,False
BOAMP:17-82963,NAME:ville du mans,32.0,Telecom & Networks,2017-10-09,48.0,True,2021-10-09,1,BOAMP:21-103746,45.53,0.6097,0.3711,,False,0.7943,attribution_award_date,sentence_transformers,PROCEDURE_ADAPTE,,0,0,0,,0.6097,0.3618,0.2479,2,False,False
BOAMP:17-85841,SIREN:234400034,48.0,Software & Applications,2017-10-23,12.0,False,2018-10-23,1,BOAMP:18-87166,11.27,0.5657,0.4447,0.2,True,0.939,attribution_award_date,sentence_transformers,PROCEDURE_ADAPTE,SERVICES,0,0,0,,0.5657,0.4828,0.08289999999999997,16,False,False
BOAMP:17-85294,SIREN:391722881,48.0,Software & Applications,2017-06-21,12.0,False,2018-06-21,1,BOAMP:18-40176,9.07,0.5158,0.4116,0.2,True,0.7556,publication_date,sentence_transformers,OUVERT,SERVICES,0,0,0,,0.5158,0.4195,0.09630000000000005,4,False,False
BOAMP:17-88463,NAME:cesame de sainte gemmes sur loire,32.0,Telecom & Networks,2017-06-25,39.0,False,2020-09-24,0,,90.21,,,,,,publication_date,none,OUVERT,FOURNITURES,0,0,0,220000.0,,,,0,False,False
BOAMP:17-90424,NAME:regie dept passages d eau de vendee,72.0,IT Services & Consulting,2017-06-27,48.0,True,2021-06-27,1,BOAMP:21-135182,51.38,0.7853,0.6039,1.0,True,0.7184,publication_date,sentence_transformers,PROCEDURE_ADAPTE,SERVICES,0,0,0,,0.7853,0.484,0.3013,2,False,True
BOAMP:17-90049,SIREN:391722881,35.0,Cybersecurity,2017-06-28,12.0,False,2018-06-28,1,BOAMP:18-40176,8.84,0.458,0.4018,0.0,True,0.7364,publication_date,sentence_transformers,OUVERT,SERVICES,0,0,0,,0.458,0.456,0.0020000000000000018,5,False,False
BOAMP:17-91935,NAME:nantes metropole,32.0,Telecom & Networks,2017-07-01,48.0,False,2021-07-01,1,BOAMP:21-163822,53.52,0.8311,0.8075,1.0,True,0.5404,publication_date,sentence_transformers,OUVERT,FOURNITURES,0,0,0,,0.8311,0.6728,0.1583,29,False,True
BOAMP:17-91530,SIREN:225300011,45.0,Unknown,2018-05-29,24.0,False,2020-05-28,1,BOAMP:20-88363,25.36,0.456,0.3218,0.0,True,0.8866,attribution_award_date,sentence_transformers,OUVERT,TRAVAUX,0,0,0,,0.456,0.2572,0.19880000000000003,2,False,False
BOAMP:17-93042,SIREN:391722881,72.0,IT Services & Consulting,2017-07-02,24.0,False,2019-07-02,1,BOAMP:20-27358,31.73,0.4294,0.3957,0.2,True,0.3555,publication_date,sentence_transformers,OUVERT,SERVICES,0,0,0,,0.4294,,,1,True,False
BOAMP:17-93666,SIREN:264400136,72.0,IT Services & Consulting,2017-07-03,48.0,True,2021-07-03,1,BOAMP:21-113953,49.57,0.7983,0.5613,1.0,True,0.8689,publication_date,sentence_transformers,PROCEDURE_ADAPTE,SERVICES,0,0,0,,0.7983,0.7917,0.00660000000000005,11,False,False
BOAMP:17-93952,SIREN:391722881,72.0,Digital Workplace & Collaboration,2018-05-14,24.0,False,2020-05-13,1,BOAMP:19-169855,17.97,0.5061,0.5166,0.2,True,0.4975,attribution_award_date,sentence_transformers,NEGOCIE,SERVICES,0,0,0,,0.5061,0.4916,0.014500000000000013,6,False,False
BOAMP:17-97519,SIREN:214402042,72.0,Digital Workplace & Collaboration,2017-07-07,48.0,True,2021-07-07,1,BOAMP:21-146075,51.81,0.6409,0.6359,0.4,True,0.6828,publication_date,sentence_transformers,PROCEDURE_ADAPTE,SERVICES,0,0,0,,0.6409,,,1,True,False
BOAMP:17-97609,SIREN:284400017,35.0,Cybersecurity,2017-07-07,48.0,True,2021-07-07,1,BOAMP:21-38984,44.51,0.6657,0.6846,0.4,True,0.7095,publication_date,sentence_transformers,PROCEDURE_ADAPTE,,0,0,0,,0.6657,0.3921,0.27359999999999995,5,False,False
BOAMP:17-94724,SIREN:214401846,32.0,Telecom & Networks,2017-10-03,36.0,False,2020-10-02,1,BOAMP:20-98331,34.0,0.5466,0.5749,0.0,True,0.8334,attribution_award_date,sentence_transformers,OUVERT,FOURNITURES,0,0,0,,0.5466,0.4413,0.10529999999999995,5,False,False
BOAMP:17-98996,SIREN:214401622,72.0,IT Services & Consulting,2017-07-11,36.0,False,2020-07-10,1,BOAMP:20-118247,41.2,0.5696,0.6406,0.2,True,0.567,publication_date,sentence_transformers,PROCEDURE_ADAPTE,SERVICES,0,0,0,,0.5696,,,1,True,False
BOAMP:17-96902,SIREN:214401846,48.0,Software & Applications,2017-07-13,48.0,False,2021-07-13,1,BOAMP:21-101248,51.71,0.476,0.3445,0.2,True,0.691,publication_date,sentence_transformers,PROCEDURE_ADAPTE,,0,0,0,,0.476,0.3989,0.0771,6,False,False
BOAMP:17-82154,NAME:nantes metropole,79.0,Unknown,2017-07-13,36.0,False,2020-07-12,1,BOAMP:20-98214,36.76,0.5793,0.605,0.0,True,0.9366,publication_date,sentence_transformers,NEGOCIE,SERVICES,0,0,0,,0.5793,0.5793,0.0,22,False,False
BOAMP:17-100085,SIREN:244900015,42.0,Unknown,2017-11-10,24.0,False,2019-11-10,1,BOAMP:19-85688,24.93,0.4409,0.2662,0.0,True,0.9221,attribution_award_date,sentence_transformers,OUVERT,FOURNITURES,0,0,0,300000.0,0.4409,0.413,0.027900000000000036,7,False,False
BOAMP:17-101340,NAME:crous de rennes,32.0,Telecom & Networks,2017-07-15,48.0,True,2021-07-15,0,,89.55,,,,,,publication_date,none,OUVERT,SERVICES,0,0,0,,,,,0,False,False
BOAMP:17-102708,SIREN:234400034,48.0,Software & Applications,2017-07-18,36.0,False,2020-07-17,1,BOAMP:20-65753,36.14,0.6002,0.5063,0.2,True,0.9886,publication_date,sentence_transformers,PROCEDURE_ADAPTE,SERVICES,0,0,0,,0.6002,0.5495,0.05069999999999997,20,False,False
BOAMP:17-102482,SIREN:264400136,72.0,IT Services & Consulting,2017-07-18,48.0,True,2021-07-18,1,BOAMP:21-113953,49.08,0.8065,0.5613,1.0,True,0.91,publication_date,sentence_transformers,PROCEDURE_ADAPTE,,0,0,0,,0.8065,0.7999,0.006599999999999939,11,False,False
BOAMP:17-102187,SIREN:194909701,32.0,Telecom & Networks,2017-07-19,36.0,False,2020-07-18,1,BOAMP:19-190328,29.11,0.5563,0.5531,0.4,True,0.4255,publication_date,sentence_transformers,OUVERT,FOURNITURES,0,0,0,,0.5563,0.553,0.0032999999999999696,5,False,False
BOAMP:17-100105,SIREN:214401846,48.0,Software & Applications,2017-07-20,12.0,False,2018-07-20,1,BOAMP:18-36652,7.98,0.7058,0.4319,1.0,True,0.6652,publication_date,sentence_transformers,OUVERT,FOURNITURES,0,0,0,400000.0,0.7058,0.7008,0.0050000000000000044,9,False,False
BOAMP:17-103193,SIREN:234400034,48.0,Software & Applications,2018-03-19,48.0,True,2022-03-19,1,BOAMP:22-72517,50.1,0.9358,0.927,1.0,True,0.8251,attribution_award_date,sentence_transformers,NEGOCIE,SERVICES,0,0,0,,0.9358,0.7875,0.1483,25,False,True
BOAMP:17-102923,SIREN:234400034,48.0,Software & Applications,2017-07-20,48.0,False,2021-07-20,1,BOAMP:21-86773,47.21,0.5539,0.5428,0.0,True,0.934,publication_date,sentence_transformers,OUVERT,SERVICES,0,0,0,,0.5539,0.5411,0.012799999999999923,21,False,False
BOAMP:17-103816,NAME:dirisi,32.0,Telecom & Networks,2017-12-20,66.0,False,2023-06-21,0,,84.36,,,,,,attribution_award_date,none,OUVERT,FOURNITURES,0,0,0,360000.0,,,,0,False,False
BOAMP:17-102568,NAME:carene,48.0,Software & Applications,2017-07-21,48.0,False,2021-07-21,0,,89.36,,,,,,publication_date,none,PROCEDURE_ADAPTE,SERVICES,0,0,0,,,,,0,False,False
BOAMP:17-104235,SIREN:391722881,48.0,Software & Applications,2017-07-22,36.0,False,2020-07-21,1,BOAMP:19-51224,31.37,0.536,0.5328,0.2,True,0.6144,publication_date,sentence_transformers,OUVERT,FOURNITURES,0,0,0,,0.536,0.4655,0.07050000000000001,9,False,False
BOAMP:17-104895,SIREN:264900390,35.0,Cybersecurity,2017-10-09,48.0,True,2021-10-09,0,,86.73,,,,,,attribution_award_date,none,OUVERT,SERVICES,0,0,0,560000.0,,,,0,False,False
BOAMP:17-104307,SIREN:214401846,39.0,Unknown,2017-11-09,48.0,False,2021-11-09,1,BOAMP:21-169350,52.79,0.6472,0.6927,0.4,True,0.6006,attribution_award_date,sentence_transformers,OUVERT,FOURNITURES,0,0,0,100000.0,0.6472,0.3459,0.3013,3,False,False
BOAMP:17-105683,SIREN:247200132,39.0,Software & Applications,2017-12-20,2.0,False,2018-02-18,0,,84.36,,,,,,attribution_award_date,none,OUVERT,FOURNITURES,0,0,0,,,,,0,False,False
BOAMP:17-106453,SIREN:214401580,,Telecom & Networks,2017-07-24,48.0,True,2021-07-24,1,BOAMP:21-39936,47.01,0.5823,0.258,,False,0.9175,publication_date,sentence_transformers,PROCEDURE_ADAPTE,,0,0,0,,0.5823,,,1,True,False
BOAMP:17-106009,NAME:nantes metropole,72.0,Cybersecurity,2017-11-26,48.0,False,2021-11-26,1,BOAMP:22-26998,50.95,0.7035,0.3817,1.0,True,0.7539,attribution_award_date,sentence_transformers,OUVERT,SERVICES,0,0,0,,0.7035,0.6994,0.0040999999999999925,31,False,False
BOAMP:17-106845,SIREN:214900201,45.0,Unknown,2017-07-28,14.0,False,2018-09-27,1,BOAMP:19-21081,19.94,0.3539,0.2572,0.0,True,0.5049,publication_date,sentence_transformers,OUVERT,TRAVAUX,0,0,0,820000.0,0.3539,,,1,True,False
BOAMP:17-109941,SIREN:214401846,48.0,Software & Applications,2017-11-13,12.0,False,2018-11-13,1,BOAMP:18-122920,12.52,0.5155,0.4352,0.0,True,0.957,attribution_award_date,sentence_transformers,PROCEDURE_ADAPTE,SERVICES,0,0,0,,0.5155,0.5094,0.006099999999999994,4,False,False
BOAMP:17-110921,SIREN:194401006,48.0,Software & Applications,2017-12-18,48.0,False,2021-12-18,1,BOAMP:21-4564,36.83,0.3362,0.3061,0.2,True,0.0689,attribution_award_date,sentence_transformers,OUVERT,FOURNITURES,0,0,0,,0.3362,,,1,True,False
BOAMP:17-103068,SIREN:241700434,32.0,Telecom & Networks,2017-08-10,48.0,True,2021-08-10,0,,88.7,,,,,,publication_date,none,,SERVICES,0,0,0,7300000.0,,,,0,False,False
BOAMP:17-115008,SIREN:281700252,,Data & AI,2017-08-10,12.0,False,2018-08-10,0,,88.7,,,,,,publication_date,none,PROCEDURE_ADAPTE,,0,0,0,34000.0,,,,0,False,False
BOAMP:17-114118,SIREN:234400034,48.0,Software & Applications,2017-12-28,48.0,True,2021-12-28,1,BOAMP:22-72517,52.76,0.8704,0.8742,1.0,True,0.6034,attribution_award_date,sentence_transformers,OUVERT,SERVICES,0,0,0,,0.8704,0.7492,0.12119999999999997,24,False,True
BOAMP:17-114694,NAME:hop intercommunal du baugeois et val,32.0,Telecom & Networks,2017-12-12,12.0,False,2018-12-12,0,,84.63,,,,,,attribution_award_date,none,OUVERT,FOURNITURES,0,0,0,,,,,0,False,False
BOAMP:17-111330,NAME:nantes metropole,72.0,Cybersecurity,2018-01-16,12.0,False,2019-01-16,1,BOAMP:19-36958,16.36,0.7464,0.5476,1.0,True,0.6367,attribution_award_date,sentence_transformers,OUVERT,SERVICES,0,0,0,,0.7464,0.738,0.008399999999999963,17,False,False
BOAMP:17-115598,NAME:drac pays de la loire,92.0,Data & AI,2017-08-12,5.0,False,2018-01-11,0,,88.63,,,,,,publication_date,none,OUVERT,SERVICES,0,0,0,,,,,0,False,False
BOAMP:17-117075,NAME:syndicat mixte pour le dvlpt numerique,72.0,IT Services & Consulting,2017-08-17,48.0,True,2021-08-17,1,BOAMP:21-133433,49.61,0.9649,0.9791,1.0,True,0.8662,publication_date,sentence_transformers,PROCEDURE_ADAPTE,,0,0,0,,0.9649,,,1,True,False
BOAMP:17-117591,SIREN:217201540,45.0,Unknown,2017-08-18,48.0,True,2021-08-18,0,,88.44,,,,,,publication_date,none,PROCEDURE_ADAPTE,,0,0,0,,,,,0,False,False
BOAMP:17-118765,SIREN:234400034,48.0,Software & Applications,2017-12-14,12.0,False,2018-12-14,1,BOAMP:18-87166,9.56,0.5314,0.4303,0.2,True,0.7966,attribution_award_date,sentence_transformers,PROCEDURE_ADAPTE,SERVICES,0,0,0,,0.5314,0.5295,0.0019000000000000128,14,False,False
BOAMP:17-119142,NAME:prefecture,72.0,IT Services & Consulting,2017-08-23,48.0,True,2021-08-23,0,,88.27,,,,,,publication_date,none,PROCEDURE_ADAPTE,SERVICES,0,0,0,,,,,0,False,False
BOAMP:17-120212,SIREN:234400034,72.0,IT Services & Consulting,2017-12-15,12.0,False,2018-12-15,1,BOAMP:18-103319,7.13,0.67,0.378,1.0,True,0.5941,attribution_award_date,sentence_transformers,PROCEDURE_ADAPTE,SERVICES,0,0,0,,0.67,0.5444,0.12560000000000004,20,False,False
BOAMP:17-115928,NAME:ademe,72.0,IT Services & Consulting,2018-04-24,48.0,False,2022-04-24,0,,80.26,,,,,,attribution_award_date,none,RESTREINT,SERVICES,0,0,0,,,,,0,False,False
BOAMP:17-120545,NAME:e collectivites vendee,72.0,IT Services & Consulting,2017-11-06,12.0,False,2018-11-06,0,,85.81,,,,,,attribution_award_date,none,OUVERT,SERVICES,0,0,0,,,,,0,False,False
BOAMP:17-123450,SIREN:935367433,48.0,Software & Applications,2017-09-03,48.0,False,2021-09-03,1,BOAMP:21-77546,45.2,0.5409,0.5937,0.0,True,0.767,publication_date,sentence_transformers,OUVERT,SERVICES,0,0,0,2500000.0,0.5409,0.5312,0.009700000000000042,10,False,False
BOAMP:17-123584,SIREN:200006971,45.0,Data & AI,2017-12-04,7.0,False,2018-07-05,0,,84.89,,,,,,attribution_award_date,none,OUVERT,TRAVAUX,0,0,0,,,,,0,False,False
BOAMP:17-124242,SIREN:287200265,35.0,Cybersecurity,2017-10-27,48.0,True,2021-10-27,0,,86.14,,,,,,attribution_award_date,none,PROCEDURE_ADAPTE,,0,0,0,,,,,0,False,False
BOAMP:17-123595,SIREN:244400404,44.0,Telecom & Networks,2018-01-18,12.0,False,2019-01-18,1,BOAMP:18-146989,9.1,0.5594,0.6444,0.0,True,0.7583,attribution_award_date,sentence_transformers,OUVERT,FOURNITURES,0,0,0,75000.0,0.5594,0.5535,0.005900000000000016,2,False,False
BOAMP:17-124586,SIREN:194909701,72.0,IT Services & Consulting,2017-12-15,36.0,False,2020-12-14,1,BOAMP:20-114106,33.15,0.9525,1.0,1.0,True,0.7623,attribution_award_date,sentence_transformers,OUVERT,SERVICES,0,0,0,,0.9525,0.4407,0.5118,6,False,True
BOAMP:17-128615,NAME:inserm,72.0,IT Services & Consulting,2017-09-14,24.0,False,2019-09-14,0,,87.55,,,,,,publication_date,none,RESTREINT,SERVICES,0,0,0,4000000.0,,,,0,False,False
BOAMP:17-129931,NAME:cmar pays de la loire,72.0,IT Services & Consulting,2017-09-17,48.0,False,2021-09-17,0,,87.45,,,,,,publication_date,none,OUVERT,FOURNITURES,0,0,0,,,,,0,False,False
BOAMP:17-127198,NAME:carene,44.0,Unknown,2017-12-19,12.0,False,2018-12-19,0,,84.4,,,,,,attribution_award_date,none,OUVERT,FOURNITURES,0,0,0,40000.0,,,,0,False,False
BOAMP:17-130980,NAME:e collectivites vendee,72.0,IT Services & Consulting,2017-09-17,48.0,False,2021-09-17,1,BOAMP:22-103042,58.18,0.413,0.5816,0.0,True,0.1517,publication_date,sentence_transformers,PROCEDURE_ADAPTE,,0,0,0,,0.413,,,1,True,False
BOAMP:17-117419,NAME:dsna,32.0,Telecom & Networks,2017-12-13,48.0,False,2021-12-13,0,,84.59,,,,,,attribution_award_date,none,OUVERT,FOURNITURES,0,0,0,300000.0,,,,0,False,False
BOAMP:17-133782,SIREN:214401325,72.0,IT Services & Consulting,2017-09-22,12.0,False,2018-09-22,1,BOAMP:18-146310,12.84,0.4753,0.3484,0.0,True,0.9296,publication_date,sentence_transformers,PROCEDURE_ADAPTE,SERVICES,0,0,0,,0.4753,,,1,True,False
BOAMP:17-135447,SIREN:130029747,,Data & AI,2017-09-26,48.0,True,2021-09-26,1,BOAMP:21-61224,43.3,0.554,0.3597,,False,0.6082,publication_date,sentence_transformers,PROCEDURE_ADAPTE,,0,0,0,,0.554,0.4854,0.06860000000000005,4,False,False
BOAMP:17-134575,SIREN:110006012,72.0,Cybersecurity,2018-01-16,48.0,False,2022-01-16,1,BOAMP:21-22700,37.81,0.4021,0.4298,0.2,True,0.151,attribution_award_date,sentence_transformers,OUVERT,SERVICES,0,0,0,2000000.0,0.4021,,,1,True,False
BOAMP:17-135932,SIREN:188500490,45.0,Unknown,2017-09-28,48.0,True,2021-09-28,0,,87.09,,,,,,publication_date,none,OUVERT,TRAVAUX,0,0,0,,,,,0,False,False
BOAMP:17-136551,SIREN:130001704,72.0,IT Services & Consulting,2017-09-30,48.0,False,2021-09-30,1,BOAMP:21-53955,42.77,0.4783,0.2885,0.4,True,0.5644,publication_date,sentence_transformers,OUVERT,SERVICES,0,0,0,,0.4783,,,1,True,False
BOAMP:17-130666,NAME:ademe,72.0,IT Maintenance & Support,2017-10-01,48.0,False,2021-10-01,0,,86.99,,,,,,publication_date,none,OUVERT,SERVICES,0,0,0,,,,,0,False,False
BOAMP:17-138140,SIREN:214400558,32.0,Telecom & Networks,2017-10-04,12.0,False,2018-10-04,0,,86.89,,,,,,publication_date,none,OUVERT,SERVICES,0,0,0,,,,,0,False,False
BOAMP:17-140377,SIREN:234400034,72.0,Cybersecurity,2017-12-14,24.0,False,2019-12-14,1,BOAMP:20-5957,25.07,0.5543,0.4301,0.2,True,0.9112,attribution_award_date,sentence_transformers,PROCEDURE_ADAPTE,SERVICES,0,0,0,,0.5543,0.5416,0.012700000000000045,13,False,False
BOAMP:17-141116,NAME:ville du mans,18.0,Telecom & Networks,2017-10-06,48.0,True,2021-10-06,1,BOAMP:22-73696,58.31,0.8138,0.9641,1.0,True,0.1407,publication_date,sentence_transformers,PROCEDURE_ADAPTE,,0,0,0,25000.0,0.8138,0.6052,0.2086,2,False,True
BOAMP:17-140760,NAME:plate forme achats finances nord est,35.0,Cybersecurity,2017-10-08,12.0,False,2018-10-08,0,,86.76,,,,,,publication_date,none,OUVERT,FOURNITURES,0,0,0,49392.0,,,,0,False,False
BOAMP:17-140948,SIREN:234400034,48.0,Software & Applications,2017-12-30,48.0,True,2021-12-30,1,BOAMP:22-72517,52.69,0.848,0.8156,1.0,True,0.6088,attribution_award_date,sentence_transformers,OUVERT,SERVICES,0,0,0,,0.848,0.8087,0.0393,28,False,False
BOAMP:17-142028,SIREN:130029747,72.0,IT Services & Consulting,2017-10-11,47.0,False,2021-09-10,1,BOAMP:20-111877,37.75,0.5172,0.5537,0.4,True,0.2289,publication_date,sentence_transformers,OUVERT,SERVICES,0,0,0,,0.5172,0.4957,0.02150000000000002,4,False,False
BOAMP:17-142035,SIREN:234400034,48.0,Software & Applications,2017-12-26,48.0,False,2021-12-26,1,BOAMP:22-150264,58.48,0.6421,0.5418,1.0,True,0.127,attribution_award_date,sentence_transformers,OUVERT,SERVICES,0,0,0,,0.6421,0.623,0.019100000000000006,23,False,False
BOAMP:17-144102,SIREN:130029747,35.0,Cybersecurity,2018-02-01,48.0,True,2022-02-01,0,,82.95,,,,,,attribution_award_date,none,OUVERT,FOURNITURES,0,0,0,,,,,0,False,False
BOAMP:17-143241,NAME:nantes metropole,48.0,Software & Applications,2018-06-20,60.0,False,2023-06-20,1,BOAMP:23-132830,63.3,0.7366,0.4792,1.0,True,0.7246,attribution_award_date,sentence_transformers,NEGOCIE,SERVICES,0,0,0,,0.7366,0.7277,0.008900000000000019,30,False,False
BOAMP:17-148560,NAME:cc du pays de chantonnay,72.0,IT Services & Consulting,2017-10-22,48.0,False,2021-10-22,0,,86.3,,,,,,publication_date,none,OUVERT,SERVICES,0,0,0,,,,,0,False,False
BOAMP:17-147216,SIREN:865800767,45.0,Unknown,2017-10-23,54.0,False,2022-04-23,0,,86.27,,,,,,publication_date,none,PROCEDURE_ADAPTE,,0,0,0,,,,,0,False,False
BOAMP:17-152746,NAME:ctre hosp universitaire angers,48.0,Software & Applications,2017-12-08,48.0,False,2021-12-08,1,BOAMP:21-156783,47.6,0.4964,0.3826,0.0,True,0.9668,attribution_award_date,sentence_transformers,OUVERT,SERVICES,0,0,0,,0.4964,0.4085,0.08790000000000003,2,False,False
BOAMP:17-155889,SIREN:180092025,32.0,Telecom & Networks,2018-02-09,6.0,False,2018-08-10,0,,82.69,,,,,,attribution_award_date,none,OUVERT,FOURNITURES,0,0,0,,,,,0,False,False
BOAMP:17-158731,SIREN:228500013,72.0,IT Services & Consulting,2018-02-27,48.0,True,2022-02-27,1,BOAMP:22-105832,52.96,0.5303,0.4072,0.4,True,0.5869,attribution_award_date,sentence_transformers,PROCEDURE_ADAPTE,SERVICES,0,0,0,,0.5303,0.5147,0.015599999999999947,8,False,False
BOAMP:17-159373,SIREN:264400136,72.0,IT Services & Consulting,2018-04-03,48.0,False,2022-04-03,1,BOAMP:22-87982,50.66,0.8506,0.7372,1.0,True,0.7786,attribution_award_date,sentence_transformers,OUVERT,SERVICES,0,0,0,,0.8506,0.7214,0.12919999999999998,12,False,True
BOAMP:17-158224,NAME:nantes metropole,48.0,Software & Applications,2018-04-24,48.0,False,2022-04-24,1,BOAMP:22-69242,48.65,0.7224,0.3332,1.0,True,0.9456,attribution_award_date,sentence_transformers,OUVERT,SERVICES,0,0,0,,0.7224,0.679,0.043399999999999994,33,False,False
BOAMP:17-159853,SIREN:244900015,72.0,IT Services & Consulting,2017-11-13,36.0,False,2020-11-12,1,BOAMP:21-83160,43.36,0.7108,0.5839,1.0,True,0.3863,publication_date,sentence_transformers,PROCEDURE_ADAPTE,,0,0,0,,0.7108,0.6893,0.021499999999999964,7,False,False
BOAMP:17-161917,SIREN:935367433,72.0,IT Maintenance & Support,2017-11-18,12.0,False,2018-11-18,1,BOAMP:18-149893,11.24,0.8031,0.5395,1.0,True,0.9363,publication_date,sentence_transformers,OUVERT,SERVICES,0,0,0,3200000.0,0.8031,0.6697,0.13340000000000007,8,False,True
BOAMP:17-161006,SIREN:244900015,48.0,Software & Applications,2018-11-21,48.0,False,2022-11-21,1,BOAMP:22-141594,46.98,0.5596,0.5665,0.0,True,0.9148,attribution_award_date,sentence_transformers,NEGOCIE,SERVICES,0,0,0,210000.0,0.5596,0.5532,0.006399999999999961,9,False,False
BOAMP:17-163707,SIREN:391722881,72.0,IT Services & Consulting,2017-11-22,24.0,False,2019-11-22,1,BOAMP:19-169855,23.65,0.6017,0.5186,0.2,True,0.9711,publication_date,sentence_transformers,OUVERT,SERVICES,0,0,0,,0.6017,0.4143,0.1874,4,False,False
BOAMP:17-161606,NAME:carene,32.0,Telecom & Networks,2017-11-23,48.0,True,2021-11-23,0,,85.25,,,,,,publication_date,none,PROCEDURE_ADAPTE,,0,0,0,84000.0,,,,0,False,False
BOAMP:17-165149,NAME:oniris,72.0,Digital Workplace & Collaboration,2017-11-25,12.0,False,2018-11-25,0,,85.18,,,,,,publication_date,none,NEGOCIE,SERVICES,0,0,0,,,,,0,False,False
BOAMP:17-165815,NAME:dreal bretagne,48.0,Software & Applications,2018-06-05,48.0,False,2022-06-05,1,BOAMP:22-44037,45.63,0.5688,0.6457,0.0,True,0.8026,attribution_award_date,sentence_transformers,OUVERT,SERVICES,0,0,0,,0.5688,,,1,True,False
BOAMP:17-165817,NAME:dreal bretagne,48.0,Software & Applications,2018-05-18,48.0,False,2022-05-18,1,BOAMP:22-44037,46.22,0.7204,1.0,0.0,True,0.8518,attribution_award_date,sentence_transformers,OUVERT,SERVICES,0,0,0,,0.7204,,,1,True,False
BOAMP:17-166932,SIREN:130025158,32.0,Telecom & Networks,2017-11-27,48.0,True,2021-11-27,0,,85.12,,,,,,publication_date,none,PROCEDURE_ADAPTE,,0,0,0,,,,,0,False,False
BOAMP:17-167643,SIREN:935367433,32.0,Telecom & Networks,2017-11-28,12.0,False,2018-11-28,1,BOAMP:19-81470,17.81,0.5233,0.3002,0.6,True,0.5162,publication_date,sentence_transformers,PROCEDURE_ADAPTE,,0,0,0,,0.5233,0.444,0.07929999999999998,7,False,False
BOAMP:17-167707,NAME:nantes metropole,48.0,Software & Applications,2017-11-28,48.0,False,2021-11-28,1,BOAMP:21-143183,46.88,0.8288,0.6187,1.0,True,0.9066,publication_date,sentence_transformers,PROCEDURE_ADAPTE,SERVICES,0,0,0,,0.8288,0.8045,0.02429999999999999,33,False,False
BOAMP:17-168569,NAME:nantes metropole,72.0,GIS & Mapping,2017-11-29,48.0,True,2021-11-29,1,BOAMP:22-21573,50.39,0.8746,0.7862,1.0,True,0.8005,publication_date,sentence_transformers,PROCEDURE_ADAPTE,,0,0,0,,0.8746,0.5822,0.2924,23,False,True
BOAMP:17-171316,SIREN:234400034,72.0,Cybersecurity,2018-03-22,48.0,False,2022-03-22,1,BOAMP:21-126684,45.66,0.6426,0.2038,1.0,True,0.8053,attribution_award_date,sentence_transformers,OUVERT,SERVICES,0,0,0,,0.6426,0.5985,0.04409999999999992,22,False,False
BOAMP:17-172862,SIREN:528848153,72.0,Digital Workplace & Collaboration,2017-12-08,72.0,False,2023-12-08,0,,84.76,,,,,,publication_date,none,PROCEDURE_ADAPTE,SERVICES,0,0,0,,,,,0,False,False
BOAMP:17-173975,SIREN:234400034,48.0,Software & Applications,2017-12-13,24.0,False,2019-12-13,1,BOAMP:19-137030,20.96,0.7614,0.5301,1.0,True,0.7466,publication_date,sentence_transformers,OUVERT,SERVICES,0,0,0,,0.7614,0.6295,0.13190000000000002,16,False,True
BOAMP:17-174760,SIREN:284400017,35.0,Cybersecurity,2018-01-30,48.0,True,2022-01-30,1,BOAMP:21-38984,37.71,0.5396,0.5275,0.6,True,0.1428,attribution_award_date,sentence_transformers,OUVERT,SERVICES,0,0,0,,0.5396,0.4844,0.05519999999999997,3,False,False
BOAMP:17-173663,NAME:nantes metropole,48.0,Software & Applications,2017-12-16,60.0,False,2022-12-16,1,BOAMP:22-154717,59.23,0.8065,0.5483,1.0,True,0.9359,publication_date,sentence_transformers,NEGOCIE,SERVICES,0,0,0,,0.8065,0.7989,0.00759999999999994,35,False,False
BOAMP:17-176560,SIREN:285300018,35.0,Cybersecurity,2017-12-17,24.0,False,2019-12-17,1,BOAMP:20-52846,34.86,0.6407,0.8041,0.6,True,0.0954,publication_date,sentence_transformers,OUVERT,FOURNITURES,0,0,0,976500.0,0.6407,,,1,True,False
BOAMP:17-177418,SIREN:214401846,32.0,Telecom & Networks,2017-12-20,48.0,False,2021-12-20,1,BOAMP:22-5921,52.83,0.4902,0.5516,0.0,True,0.5979,publication_date,sentence_transformers,PROCEDURE_ADAPTE,FOURNITURES,0,0,0,50000.0,0.4902,0.406,0.0842,5,False,False
BOAMP:17-129614,NAME:nantes metropole,72.0,Cybersecurity,2017-12-21,48.0,False,2021-12-21,1,BOAMP:22-26998,50.13,0.844,0.6989,1.0,True,0.8224,publication_date,sentence_transformers,OUVERT,SERVICES,0,0,0,,0.844,0.6863,0.15769999999999995,35,False,True
BOAMP:17-179962,SIREN:234400034,45.0,Telecom & Networks,2017-12-21,6.0,False,2018-06-21,1,BOAMP:18-95630,6.57,0.9905,1.0,1.0,True,0.9525,publication_date,sentence_transformers,PROCEDURE_ADAPTE,TRAVAUX,0,0,0,,0.9905,0.433,0.5575000000000001,8,False,True
BOAMP:17-178496,SIREN:214401846,32.0,Telecom & Networks,2017-12-21,48.0,True,2021-12-21,1,BOAMP:22-5921,52.79,0.4814,0.5281,0.0,True,0.6006,publication_date,sentence_transformers,PROCEDURE_ADAPTE,FOURNITURES,0,0,0,110000.0,0.4814,0.3931,0.08829999999999999,5,False,False
BOAMP:17-179112,NAME:nantes metropole,72.0,IT Services & Consulting,2017-12-22,48.0,False,2021-12-22,1,BOAMP:22-118191,56.37,0.6911,0.5767,1.0,True,0.3022,publication_date,sentence_transformers,OUVERT,SERVICES,0,0,0,,0.6911,0.6878,0.0033000000000000806,28,False,False
BOAMP:18-265,SIREN:234400034,32.0,Telecom & Networks,2018-06-27,12.0,False,2019-06-27,1,BOAMP:19-32405,11.99,0.4322,0.2059,0.0,True,0.9992,attribution_award_date,sentence_transformers,PROCEDURE_ADAPTE,SERVICES,0,0,0,,0.4322,0.4253,0.006899999999999962,8,False,False
BOAMP:18-546,SIREN:244900015,48.0,Software & Applications,2018-04-25,24.0,False,2020-04-24,1,BOAMP:19-176963,20.4,0.489,0.4975,0.0,True,0.7001,attribution_award_date,sentence_transformers,OUVERT,FOURNITURES,0,0,0,500000.0,0.489,0.3591,0.12990000000000002,4,False,False
BOAMP:18-2518,SIREN:264400136,72.0,IT Services & Consulting,2018-01-09,12.0,False,2019-01-09,1,BOAMP:18-121819,7.65,0.4352,0.2692,0.2,True,0.6379,publication_date,sentence_transformers,PROCEDURE_ADAPTE,SERVICES,0,0,0,,0.4352,0.4341,0.0010999999999999899,6,False,False
BOAMP:18-4239,SIREN:200067346,35.0,Cybersecurity,2018-03-19,12.0,False,2019-03-19,0,,81.44,,,,,,attribution_award_date,none,OUVERT,FOURNITURES,0,0,0,,,,,0,False,False
BOAMP:18-6884,SIREN:264400136,72.0,IT Services & Consulting,2018-01-16,12.0,False,2019-01-16,1,BOAMP:18-121819,7.42,0.4956,0.4296,0.2,True,0.6187,publication_date,sentence_transformers,PROCEDURE_ADAPTE,SERVICES,0,0,0,,0.4956,0.4945,0.0010999999999999899,6,False,False
BOAMP:18-6138,SIREN:284400017,48.0,Software & Applications,2018-04-12,48.0,False,2022-04-12,1,BOAMP:22-39410,47.17,0.9862,1.0,1.0,True,0.9312,attribution_award_date,sentence_transformers,OUVERT,FOURNITURES,0,0,0,,0.9862,0.9633,0.02289999999999992,2,False,False
BOAMP:18-3854,SIREN:218501914,44.0,Unknown,2018-04-05,3.0,False,2018-07-05,0,,80.88,,,,,,attribution_award_date,none,OUVERT,FOURNITURES,0,0,0,290000.0,,,,0,False,False
BOAMP:18-8070,SIREN:244900015,72.0,IT Services & Consulting,2018-01-18,36.0,False,2021-01-17,1,BOAMP:20-66280,38.21,0.5097,0.3663,0.2,True,0.8161,publication_date,sentence_transformers,PROCEDURE_ADAPTE,SERVICES,0,0,0,,0.5097,0.4467,0.06300000000000006,5,False,False
BOAMP:18-8615,NAME:gcs esante pays de la loire,72.0,IT Services & Consulting,2018-01-20,48.0,True,2022-01-20,0,,83.34,,,,,,publication_date,none,NEGOCIE,SERVICES,0,0,0,250000.0,,,,0,False,False
BOAMP:18-8280,SIREN:248500589,48.0,Software & Applications,2018-05-02,48.0,False,2022-05-02,0,,79.99,,,,,,attribution_award_date,none,OUVERT,FOURNITURES,0,0,0,300000.0,,,,0,False,False
BOAMP:18-8879,SIREN:391722881,72.0,IT Services & Consulting,2019-01-11,24.0,False,2021-01-10,1,BOAMP:20-16671,24.24,0.6449,0.4975,0.4,True,0.9796,attribution_award_date,sentence_transformers,NEGOCIE,SERVICES,0,0,0,,0.6449,0.5496,0.09530000000000005,6,False,False
BOAMP:18-10415,SIREN:130029747,35.0,Cybersecurity,2018-04-23,30.0,False,2020-10-22,1,BOAMP:20-111877,31.37,0.4907,0.409,0.0,True,0.8856,attribution_award_date,sentence_transformers,PROCEDURE_ADAPTE,FOURNITURES,0,0,0,,0.4907,0.4474,0.043300000000000005,5,False,False
BOAMP:18-9170,SIREN:248500415,48.0,Software & Applications,2018-01-24,48.0,False,2022-01-24,0,,83.21,,,,,,publication_date,none,OUVERT,FOURNITURES,0,0,0,221000.0,,,,0,False,False
BOAMP:18-11225,NAME:nantes metropole,72.0,IT Services & Consulting,2018-01-27,48.0,False,2022-01-27,1,BOAMP:22-94904,53.29,0.8591,0.868,1.0,True,0.5596,publication_date,sentence_transformers,RESTREINT,SERVICES,0,0,0,,0.8591,0.7817,0.07740000000000002,32,False,True
BOAMP:18-12557,SIREN:381053768,32.0,Telecom & Networks,2018-01-28,12.0,False,2019-01-28,0,,83.08,,,,,,publication_date,none,OUVERT,SERVICES,0,0,0,,,,,0,False,False
BOAMP:18-12119,SIREN:234400034,72.0,IT Services & Consulting,2018-04-27,48.0,True,2022-04-27,1,BOAMP:22-72517,48.82,0.6783,0.8547,0.0,True,0.9319,attribution_award_date,sentence_transformers,OUVERT,SERVICES,0,0,0,,0.6783,0.6715,0.006800000000000028,26,False,False
BOAMP:18-13131,NAME:cte de communes d erdre et gesvres,48.0,Software & Applications,2018-01-29,39.0,False,2021-04-30,1,BOAMP:21-23663,36.7,0.3964,0.2119,0.0,True,0.8079,publication_date,sentence_transformers,PROCEDURE_ADAPTE,SERVICES,0,0,0,,0.3964,,,1,True,False
BOAMP:18-13243,SIREN:194909701,72.0,IT Services & Consulting,2018-04-17,48.0,False,2022-04-17,1,BOAMP:22-35499,46.75,0.556,0.5672,0.0,True,0.8956,attribution_award_date,sentence_transformers,PROCEDURE_ADAPTE,SERVICES,0,0,0,,0.556,0.4902,0.06580000000000003,11,False,False
BOAMP:18-14081,NAME:cdc du pays de saint gilles cx de vie,48.0,Software & Applications,2018-02-02,48.0,False,2022-02-02,0,,82.92,,,,,,publication_date,none,OUVERT,SERVICES,0,0,0,160000.0,,,,0,False,False
BOAMP:18-15680,SIREN:214401846,72.0,IT Services & Consulting,2018-02-07,48.0,False,2022-02-07,1,BOAMP:22-94408,52.89,0.4799,0.4036,0.2,True,0.5924,publication_date,sentence_transformers,PROCEDURE_ADAPTE,SERVICES,0,0,0,160000.0,0.4799,0.4412,0.03870000000000001,5,False,False
BOAMP:18-17886,SIREN:228500013,72.0,IT Services & Consulting,2018-05-31,12.0,False,2019-05-31,1,BOAMP:18-133090,7.33,0.5032,0.4528,0.2,True,0.6105,attribution_award_date,sentence_transformers,PROCEDURE_ADAPTE,SERVICES,0,0,0,,0.5032,0.4383,0.06489999999999996,5,False,False
BOAMP:18-18750,NAME:comsopgn,,Telecom & Networks,2018-02-08,12.0,False,2019-02-08,0,,82.72,,,,,,publication_date,none,PROCEDURE_ADAPTE,FOURNITURES,0,0,0,,,,,0,False,False
BOAMP:18-18602,SIREN:130029747,72.0,IT Services & Consulting,2018-02-09,48.0,False,2022-02-09,1,BOAMP:21-96695,42.97,0.386,0.2997,0.0,True,0.5808,publication_date,sentence_transformers,OUVERT,SERVICES,0,0,0,,0.386,0.3762,0.009800000000000031,2,False,False
BOAMP:18-21470,NAME:ville d evron,32.0,Telecom & Networks,2018-06-05,48.0,False,2022-06-05,0,,78.88,,,,,,attribution_award_date,none,OUVERT,FOURNITURES,0,0,0,225000.0,,,,0,False,False
BOAMP:18-22345,NAME:uniha gcs,72.0,IT Services & Consulting,2018-02-17,12.0,False,2019-02-17,0,,82.42,,,,,,publication_date,none,NEGOCIE,SERVICES,0,0,0,,,,,0,False,False
BOAMP:18-22305,NAME:uniha gcs,72.0,IT Services & Consulting,2018-02-17,12.0,False,2019-02-17,0,,82.42,,,,,,publication_date,none,NEGOCIE,SERVICES,0,0,0,,,,,0,False,False
BOAMP:18-25344,NAME:conseil general de la vendee,,GIS & Mapping,2018-02-21,3.0,False,2018-05-23,0,,82.29,,,,,,publication_date,none,PROCEDURE_ADAPTE,SERVICES,0,0,0,,,,,0,False,False
BOAMP:18-25585,SIREN:244900015,32.0,Telecom & Networks,2018-02-22,12.0,False,2019-02-22,1,BOAMP:17-161006,8.94,0.4889,0.4749,0.0,True,0.7446,publication_date,sentence_transformers,PROCEDURE_ADAPTE,TRAVAUX,0,0,0,5500000.0,0.4889,0.4737,0.015199999999999991,4,False,False
BOAMP:18-26430,SIREN:391722881,72.0,IT Services & Consulting,2019-01-11,48.0,False,2023-01-11,1,BOAMP:22-74813,51.15,0.8172,0.6742,1.0,True,0.7375,attribution_award_date,sentence_transformers,NEGOCIE,SERVICES,0,0,0,,0.8172,0.7388,0.07840000000000003,11,False,True
BOAMP:18-26654,NAME:gip vendee numerique,32.0,Telecom & Networks,2019-07-01,48.0,True,2023-07-01,0,,66.03,,,,,,attribution_award_date,none,NEGOCIE,TRAVAUX,0,0,0,,,,,0,False,False
BOAMP:18-26824,SIREN:234400034,72.0,Digital Workplace & Collaboration,2018-06-25,12.0,False,2019-06-25,1,BOAMP:19-1779,10.61,0.7004,0.4338,0.8,True,0.8843,attribution_award_date,sentence_transformers,OUVERT,SERVICES,0,0,0,,0.7004,0.539,0.1614,14,False,True
BOAMP:18-27476,SIREN:194909701,32.0,Telecom & Networks,2018-06-01,12.0,False,2019-06-01,1,BOAMP:19-82021,11.73,0.5261,0.4516,0.0,True,0.9773,attribution_award_date,sentence_transformers,OUVERT,SERVICES,0,0,0,,0.5261,0.4548,0.07130000000000003,3,False,False
BOAMP:18-29896,NAME:cnieg,72.0,IT Services & Consulting,2018-03-02,48.0,True,2022-03-02,0,,82.0,,,,,,publication_date,none,PROCEDURE_ADAPTE,SERVICES,0,0,0,,,,,0,False,False
BOAMP:18-28651,NAME:nantes metropole,72.0,IT Services & Consulting,2018-03-03,60.0,False,2023-03-03,1,BOAMP:23-144303,67.58,0.8509,0.943,1.0,True,0.3687,publication_date,sentence_transformers,NEGOCIE,SERVICES,0,0,0,,0.8509,0.7059,0.14500000000000002,32,False,True
BOAMP:18-28473,NAME:ademe,72.0,IT Services & Consulting,2018-03-03,12.0,False,2019-03-03,0,,81.96,,,,,,publication_date,none,OUVERT,SERVICES,0,0,0,1500000.0,,,,0,False,False
BOAMP:18-30222,SIREN:234400034,72.0,Digital Workplace & Collaboration,2018-07-12,12.0,False,2019-07-12,1,BOAMP:19-17058,10.38,0.5548,0.3295,0.4,True,0.8651,attribution_award_date,sentence_transformers,OUVERT,SERVICES,0,0,0,,0.5548,0.5528,0.0020000000000000018,10,False,False
BOAMP:18-30024,SIREN:244900015,48.0,Software & Applications,2018-03-04,60.0,False,2023-03-04,1,BOAMP:22-162609,57.19,0.5177,0.4111,0.2,True,0.7662,publication_date,sentence_transformers,OUVERT,SERVICES,0,0,0,,0.5177,0.4233,0.09440000000000004,10,False,False
BOAMP:18-32739,SIREN:214400558,32.0,Telecom & Networks,2018-03-08,12.0,False,2019-03-08,0,,81.8,,,,,,publication_date,none,PROCEDURE_ADAPTE,TRAVAUX,0,0,0,4000000.0,,,,0,False,False
BOAMP:18-31687,SIREN:234400034,48.0,Software & Applications,2018-06-28,48.0,False,2022-06-28,1,BOAMP:22-72517,46.78,0.687,0.7682,0.2,True,0.8984,attribution_award_date,sentence_transformers,OUVERT,SERVICES,0,0,0,,0.687,0.6572,0.02980000000000005,29,False,False
BOAMP:18-31507,NAME:laval spla,45.0,Unknown,2018-05-14,11.0,False,2019-04-13,0,,79.6,,,,,,attribution_award_date,none,OUVERT,TRAVAUX,0,0,0,1000000.0,,,,0,False,False
BOAMP:18-34848,NAME:spic arena loire trelaze,79.0,Unknown,2018-03-14,48.0,True,2022-03-14,1,BOAMP:22-55482,50.62,0.4272,0.3024,0.0,True,0.7813,publication_date,sentence_transformers,OUVERT,SERVICES,0,0,0,,0.4272,,,1,True,False
BOAMP:18-35039,SIREN:180043010,79.0,Unknown,2018-09-11,12.0,False,2019-09-11,0,,75.66,,,,,,attribution_award_date,none,OUVERT,SERVICES,0,0,0,,,,,0,False,False
BOAMP:18-35804,NAME:ccir pays de la loire,30.0,IT Hardware & Equipment,2018-03-16,48.0,True,2022-03-16,0,,81.54,,,,,,publication_date,none,OUVERT,FOURNITURES,0,0,0,,,,,0,False,False
BOAMP:18-37425,SIREN:130029747,72.0,IT Services & Consulting,2018-07-03,48.0,False,2022-07-03,1,BOAMP:23-40733,59.1,0.6913,0.6908,1.0,True,0.075,attribution_award_date,sentence_transformers,OUVERT,SERVICES,0,0,0,,0.6913,0.3826,0.30870000000000003,4,False,False
BOAMP:18-36652,SIREN:214401846,48.0,Software & Applications,2018-03-20,48.0,False,2022-03-20,1,BOAMP:21-101248,43.5,0.4853,0.401,0.2,True,0.6246,publication_date,sentence_transformers,PROCEDURE_ADAPTE,SERVICES,0,0,0,,0.4853,0.4598,0.025500000000000023,7,False,False
BOAMP:18-38804,SIREN:214400558,32.0,Telecom & Networks,2018-03-20,48.0,True,2022-03-20,1,BOAMP:22-78731,50.53,0.4486,0.3516,0.0,True,0.7895,publication_date,sentence_transformers,PROCEDURE_ADAPTE,TRAVAUX,0,0,0,,0.4486,,,1,True,False
BOAMP:18-38591,SIREN:214401846,48.0,Software & Applications,2018-03-21,48.0,False,2022-03-21,1,BOAMP:21-101248,43.46,0.4579,0.3339,0.2,True,0.6219,publication_date,sentence_transformers,PROCEDURE_ADAPTE,SERVICES,0,0,0,,0.4579,0.4453,0.0126,7,False,False
BOAMP:18-38747,NAME:ville du mans,75.0,GIS & Mapping,2018-08-30,12.0,False,2019-08-30,1,BOAMP:19-80774,8.74,0.5229,0.2413,,False,0.7282,attribution_award_date,sentence_transformers,OUVERT,SERVICES,0,0,0,25000.0,0.5229,0.403,0.1199,4,False,False
BOAMP:18-40625,SIREN:244900015,32.0,Telecom & Networks,2018-03-23,48.0,False,2022-03-23,1,BOAMP:22-51760,49.38,0.9771,1.0,1.0,True,0.8853,publication_date,sentence_transformers,PROCEDURE_ADAPTE,FOURNITURES,0,0,0,220999.0,0.9771,0.5952,0.3819,8,False,True
BOAMP:18-40176,SIREN:391722881,48.0,Software & Applications,2018-03-24,24.0,False,2020-03-23,1,BOAMP:19-163024,28.35,0.6091,0.8292,0.0,True,0.6374,publication_date,sentence_transformers,OUVERT,SERVICES,0,0,0,,0.6091,0.4975,0.11159999999999998,7,False,False
BOAMP:18-40946,NAME:synd dep d energie et d eqpt de vendee,32.0,Telecom & Networks,2018-07-11,48.0,True,2022-07-11,1,BOAMP:21-67011,43.0,0.4059,0.3479,0.0,True,0.5836,attribution_award_date,sentence_transformers,OUVERT,TRAVAUX,0,0,0,,0.4059,,,1,True,False
BOAMP:18-42613,SIREN:228500013,72.0,IT Services & Consulting,2018-07-19,12.0,False,2019-07-19,1,BOAMP:18-150889,7.26,0.5373,0.6657,0.0,True,0.605,attribution_award_date,sentence_transformers,OUVERT,SERVICES,0,0,0,200000.0,0.5373,0.5197,0.01759999999999995,4,False,False
BOAMP:18-41248,SIREN:214401846,48.0,Software & Applications,2018-03-30,48.0,False,2022-03-30,1,BOAMP:22-5921,49.54,0.4563,0.33,0.0,True,0.8717,publication_date,sentence_transformers,PROCEDURE_ADAPTE,SERVICES,0,0,0,,0.4563,0.4287,0.027599999999999958,5,False,False
BOAMP:18-46804,SIREN:234400034,66.0,Software & Applications,2018-04-05,12.0,False,2019-04-05,1,BOAMP:18-79401,6.14,0.4607,0.5208,0.0,True,0.5119,publication_date,sentence_transformers,PROCEDURE_ADAPTE,SERVICES,0,0,0,,0.4607,0.4513,0.00940000000000002,8,False,False
BOAMP:18-46346,SIREN:194909701,32.0,Telecom & Networks,2018-04-06,36.0,False,2021-04-05,1,BOAMP:21-35440,36.7,0.4918,0.2586,0.2,True,0.9421,publication_date,sentence_transformers,OUVERT,FOURNITURES,0,0,0,,0.4918,0.4607,0.031100000000000017,4,False,False
BOAMP:18-41182,NAME:cdc du pays de saint gilles cx de vie,30.0,IT Hardware & Equipment,2018-04-08,60.0,False,2023-04-08,0,,80.78,,,,,,publication_date,none,OUVERT,FOURNITURES,0,0,0,,,,,0,False,False
BOAMP:18-51459,SIREN:234400034,32.0,Telecom & Networks,2018-04-15,48.0,False,2022-04-15,1,BOAMP:22-72517,49.21,0.5701,0.6006,0.0,True,0.899,publication_date,sentence_transformers,OUVERT,FOURNITURES,0,0,0,,0.5701,0.5409,0.029200000000000004,21,False,False
BOAMP:18-43289,NAME:ademe,72.0,Data & AI,2018-04-18,14.0,False,2019-06-18,0,,80.45,,,,,,publication_date,none,OUVERT,SERVICES,0,0,0,,,,,0,False,False
BOAMP:18-52389,NAME:uniha gcs,72.0,IT Services & Consulting,2018-04-18,12.0,False,2019-04-18,0,,80.45,,,,,,publication_date,none,OUVERT,SERVICES,0,0,0,,,,,0,False,False
BOAMP:18-55455,NAME:sdis49,72.0,IT Services & Consulting,2018-04-20,48.0,False,2022-04-20,1,BOAMP:22-121588,52.66,0.5319,0.3989,0.4,True,0.6116,publication_date,sentence_transformers,PROCEDURE_ADAPTE,SERVICES,0,0,0,150000.0,0.5319,0.5309,0.0010000000000000009,4,False,False
BOAMP:18-53378,NAME:nantes metropole,72.0,IT Services & Consulting,2018-04-20,48.0,False,2022-04-20,1,BOAMP:22-52027,47.77,0.9329,0.842,1.0,True,0.9805,publication_date,sentence_transformers,OUVERT,SERVICES,0,0,0,,0.9329,0.6814,0.25149999999999995,35,False,True
BOAMP:18-52482,NAME:cdc du pays de saint gilles cx de vie,48.0,Software & Applications,2018-10-19,48.0,False,2022-10-19,0,,74.41,,,,,,attribution_award_date,none,NEGOCIE,SERVICES,0,0,0,160000.0,,,,0,False,False
BOAMP:18-54467,SIREN:130029747,72.0,IT Services & Consulting,2018-08-21,48.0,False,2022-08-21,1,BOAMP:23-59845,56.34,0.3573,0.3658,0.0,True,0.305,attribution_award_date,sentence_transformers,OUVERT,SERVICES,0,0,0,,0.3573,0.3368,0.020500000000000018,3,False,False
BOAMP:18-53804,NAME:nantes metropole,48.0,Software & Applications,2018-08-21,48.0,False,2022-08-21,1,BOAMP:22-142509,50.1,0.4992,0.3354,0.2,True,0.8251,attribution_award_date,sentence_transformers,OUVERT,SERVICES,0,0,0,,0.4992,0.4585,0.04069999999999996,9,False,False
BOAMP:18-56546,NAME:nantes metropole,48.0,Software & Applications,2018-04-24,48.0,False,2022-04-24,1,BOAMP:22-69242,48.65,0.7611,0.4299,1.0,True,0.9456,publication_date,sentence_transformers,PROCEDURE_ADAPTE,FOURNITURES,0,0,0,,0.7611,0.7437,0.01739999999999997,36,False,False
BOAMP:18-58630,SIREN:227200029,72.0,IT Services & Consulting,2018-07-02,48.0,True,2022-07-02,1,BOAMP:21-138241,42.67,0.642,0.452,0.8,True,0.5562,attribution_award_date,sentence_transformers,PROCEDURE_ADAPTE,SERVICES,0,0,0,50000.0,0.642,0.5506,0.09140000000000004,8,False,False
BOAMP:18-55179,NAME:carene,32.0,Telecom & Networks,2018-04-27,48.0,True,2022-04-27,0,,80.16,,,,,,publication_date,none,PROCEDURE_ADAPTE,FOURNITURES,0,0,0,,,,,0,False,False
BOAMP:18-57918,NAME:agce pour l enst fr a l etranger,72.0,IT Services & Consulting,2018-04-27,24.0,False,2020-04-26,1,BOAMP:20-79138,25.76,0.5771,0.2802,,False,0.8537,publication_date,sentence_transformers,NEGOCIE,SERVICES,0,0,0,1300000.0,0.5771,,,1,True,False
BOAMP:18-58840,SIREN:381053768,30.0,IT Hardware & Equipment,2018-04-28,12.0,False,2019-04-28,0,,80.12,,,,,,publication_date,none,OUVERT,FOURNITURES,0,0,0,,,,,0,False,False
BOAMP:18-61507,SIREN:194401006,48.0,Software & Applications,2018-05-03,48.0,True,2022-05-03,0,,79.96,,,,,,publication_date,none,PROCEDURE_ADAPTE,,0,0,0,,,,,0,False,False
BOAMP:18-60154,SIREN:244900015,32.0,Telecom & Networks,2018-12-06,12.0,False,2019-12-06,1,BOAMP:19-176963,13.01,0.4354,0.2557,0.0,True,0.9159,attribution_award_date,sentence_transformers,OUVERT,FOURNITURES,0,0,0,240000.0,0.4354,0.3133,0.12209999999999999,2,False,False
BOAMP:18-61256,NAME:nantes metropole,72.0,IT Services & Consulting,2018-07-10,48.0,False,2022-07-10,1,BOAMP:22-94454,54.83,0.848,0.9046,1.0,True,0.4309,attribution_award_date,sentence_transformers,OUVERT,SERVICES,0,0,0,,0.848,0.5621,0.28589999999999993,22,False,True
BOAMP:18-61655,NAME:nantes metropole,72.0,Cybersecurity,2018-07-10,48.0,False,2022-07-10,1,BOAMP:22-108057,48.88,0.7656,0.4508,1.0,True,0.9264,attribution_award_date,sentence_transformers,OUVERT,SERVICES,0,0,0,,0.7656,0.7322,0.033399999999999985,32,False,False
BOAMP:18-62528,SIREN:381053768,32.0,Telecom & Networks,2018-05-06,6.0,False,2018-11-04,0,,79.86,,,,,,publication_date,none,OUVERT,FOURNITURES,0,0,0,130000.0,,,,0,False,False
BOAMP:18-62916,NAME:cdc du pays de saint gilles cx de vie,64.0,Digital Workplace & Collaboration,2019-06-05,48.0,False,2023-06-05,0,,66.89,,,,,,attribution_award_date,none,NEGOCIE,SERVICES,0,0,0,520000.0,,,,0,False,False
BOAMP:18-66502,NAME:agce pour l enst fr a l etranger,72.0,IT Services & Consulting,2018-05-16,48.0,False,2022-05-16,0,,79.53,,,,,,publication_date,none,PROCEDURE_ADAPTE,SERVICES,0,0,0,140000.0,,,,0,False,False
BOAMP:18-62604,SIREN:214401093,72.0,Digital Workplace & Collaboration,2018-07-23,48.0,False,2022-07-23,1,BOAMP:22-54094,48.16,0.6797,0.706,0.2,True,0.9866,attribution_award_date,sentence_transformers,OUVERT,SERVICES,0,0,0,,0.6797,0.4339,0.24579999999999996,4,False,False
BOAMP:18-67939,SIREN:482414216,35.0,Cybersecurity,2018-05-20,48.0,False,2022-05-20,0,,79.4,,,,,,publication_date,none,OUVERT,SERVICES,0,0,0,100000.0,,,,0,False,False
BOAMP:18-66863,NAME:nantes metropole,72.0,IT Services & Consulting,2018-08-10,12.0,False,2019-08-10,1,BOAMP:19-36958,9.59,0.6841,0.6856,0.4,True,0.7994,attribution_award_date,sentence_transformers,OUVERT,SERVICES,0,0,0,,0.6841,0.6558,0.028299999999999992,24,False,False
BOAMP:18-70110,SIREN:214401846,90.0,Unknown,2018-05-25,12.0,False,2019-05-25,1,BOAMP:18-122920,6.18,0.4696,0.5416,0.0,True,0.5147,publication_date,sentence_transformers,PROCEDURE_ADAPTE,TRAVAUX,0,0,0,,0.4696,0.3881,0.08150000000000002,3,False,False
BOAMP:18-71355,NAME:ville du mans,72.0,Digital Workplace & Collaboration,2018-10-17,60.0,False,2023-10-17,1,BOAMP:23-83529,56.01,0.4126,0.3226,0.0,True,0.6677,attribution_award_date,sentence_transformers,OUVERT,SERVICES,0,0,0,,0.4126,0.4023,0.010300000000000031,2,False,False
BOAMP:18-71689,SIREN:234400034,48.0,Software & Applications,2018-10-08,48.0,False,2022-10-08,1,BOAMP:22-29878,45.07,0.6331,0.2047,1.0,True,0.756,attribution_award_date,sentence_transformers,OUVERT,SERVICES,0,0,0,,0.6331,0.4743,0.1588,12,False,False
BOAMP:18-72093,NAME:ccir pays de la loire,30.0,IT Hardware & Equipment,2018-10-23,48.0,True,2022-10-23,0,,74.28,,,,,,attribution_award_date,none,OUVERT,FOURNITURES,0,0,0,,,,,0,False,False
BOAMP:18-73364,NAME:carene,72.0,IT Services & Consulting,2018-06-01,36.0,False,2021-05-31,0,,79.01,,,,,,publication_date,none,PROCEDURE_ADAPTE,SERVICES,0,0,0,40000.0,,,,0,False,False
BOAMP:18-74871,NAME:mairie du croisic,,Unknown,2018-06-01,12.0,False,2019-06-01,0,,79.01,,,,,,publication_date,none,PROCEDURE_ADAPTE,TRAVAUX,0,0,0,1000000.0,,,,0,False,False
BOAMP:18-74252,SIREN:194909701,48.0,Software & Applications,2018-10-25,24.0,False,2020-10-24,1,BOAMP:20-106379,22.14,0.969,1.0,1.0,True,0.8452,attribution_award_date,sentence_transformers,OUVERT,FOURNITURES,0,0,0,,0.969,0.5322,0.43679999999999997,6,False,True
BOAMP:18-76556,SIREN:264400136,72.0,IT Services & Consulting,2018-06-06,48.0,True,2022-06-06,1,BOAMP:21-78563,36.1,0.7219,0.8004,1.0,True,0.0087,publication_date,sentence_transformers,OUVERT,SERVICES,0,0,0,,0.7219,0.6947,0.027200000000000002,13,False,False
BOAMP:18-79401,SIREN:234400034,72.0,Cybersecurity,2018-10-09,6.0,False,2019-04-09,1,BOAMP:19-56150,6.01,0.4885,0.3468,0.0,True,0.999,attribution_award_date,sentence_transformers,OUVERT,SERVICES,0,0,0,,0.4885,0.4667,0.021799999999999986,8,False,False
BOAMP:18-79743,SIREN:198513905,32.0,Telecom & Networks,2018-06-11,48.0,True,2022-06-11,1,BOAMP:22-1668,42.84,0.914,1.0,1.0,True,0.5699,publication_date,sentence_transformers,PROCEDURE_ADAPTE,FOURNITURES,0,0,0,,0.914,,,1,True,False
BOAMP:18-80935,NAME:cmar pays de la loire,45.0,Unknown,2018-06-12,48.0,True,2022-06-12,1,BOAMP:22-143552,57.0,0.333,0.3325,0.0,True,0.2502,publication_date,sentence_transformers,PROCEDURE_ADAPTE,TRAVAUX,0,0,0,,0.333,,,1,True,False
BOAMP:18-80158,SIREN:935367433,72.0,IT Services & Consulting,2018-06-13,12.0,False,2019-06-13,1,BOAMP:19-56876,9.92,0.4936,0.4456,0.0,True,0.8268,publication_date,sentence_transformers,OUVERT,SERVICES,0,0,0,1000000.0,0.4936,0.4866,0.007000000000000006,6,False,False
BOAMP:18-79940,NAME:esat foyers,48.0,Software & Applications,2018-06-13,48.0,False,2022-06-13,0,,78.61,,,,,,publication_date,none,OUVERT,SERVICES,0,0,0,,,,,0,False,False
BOAMP:18-86992,NAME:ville d arnage,72.0,IT Services & Consulting,2018-06-22,48.0,True,2022-06-22,0,,78.32,,,,,,publication_date,none,PROCEDURE_ADAPTE,SERVICES,0,0,0,,,,,0,False,False
BOAMP:18-87166,SIREN:234400034,48.0,Software & Applications,2018-10-01,24.0,False,2020-09-30,1,BOAMP:20-142015,25.69,0.5314,0.5238,0.0,True,0.8592,attribution_award_date,sentence_transformers,OUVERT,SERVICES,0,0,0,,0.5314,0.5153,0.016100000000000003,19,False,False
BOAMP:18-87219,SIREN:130001704,72.0,IT Services & Consulting,2018-06-24,12.0,False,2019-06-24,0,,78.25,,,,,,publication_date,none,OUVERT,SERVICES,0,0,0,,,,,0,False,False
BOAMP:18-87467,NAME:sna ouest,32.0,Telecom & Networks,2018-08-09,4.0,False,2018-12-08,0,,76.74,,,,,,attribution_award_date,none,OUVERT,SERVICES,0,0,0,,,,,0,False,False
BOAMP:18-91062,NAME:ville d arnage,48.0,Software & Applications,2018-06-29,48.0,True,2022-06-29,0,,78.09,,,,,,publication_date,none,PROCEDURE_ADAPTE,FOURNITURES,0,0,0,,,,,0,False,False
BOAMP:18-89409,NAME:crous de nantes,48.0,Software & Applications,2018-06-29,36.0,False,2021-06-28,1,BOAMP:21-125536,38.8,0.4367,0.3332,0.0,True,0.7669,publication_date,sentence_transformers,OUVERT,SERVICES,0,0,0,,0.4367,0.4117,0.024999999999999967,3,False,False
BOAMP:18-91090,SIREN:244900015,48.0,Software & Applications,2018-06-29,48.0,False,2022-06-29,1,BOAMP:22-162609,53.35,0.5383,0.5687,0.2,True,0.5541,publication_date,sentence_transformers,PROCEDURE_ADAPTE,FOURNITURES,0,0,0,220999.0,0.5383,0.5129,0.025399999999999978,9,False,False
BOAMP:18-90097,NAME:nantes metropole,48.0,Software & Applications,2019-04-05,60.0,False,2024-04-04,1,BOAMP:23-132830,53.81,0.7628,0.6648,1.0,True,0.4842,attribution_award_date,sentence_transformers,NEGOCIE,SERVICES,0,0,0,,0.7628,0.7458,0.017000000000000015,19,False,False
BOAMP:18-90616,NAME:cerema dtermed,72.0,Digital Workplace & Collaboration,2018-07-01,48.0,True,2022-07-01,0,,78.02,,,,,,publication_date,none,OUVERT,FOURNITURES,0,0,0,,,,,0,False,False
BOAMP:18-90932,NAME:agence regionale pays de la loire ti,72.0,IT Services & Consulting,2018-07-01,48.0,False,2022-07-01,0,,78.02,,,,,,publication_date,none,OUVERT,SERVICES,0,0,0,,,,,0,False,False
BOAMP:18-88858,SIREN:214401846,48.0,Software & Applications,2018-11-05,24.0,False,2020-11-04,1,BOAMP:20-109382,24.93,0.4969,0.4061,0.0,True,0.9221,attribution_award_date,sentence_transformers,OUVERT,FOURNITURES,0,0,0,,0.4969,0.4559,0.04099999999999998,6,False,False
BOAMP:18-91798,NAME:communes de grand lieu,,Unknown,2018-07-02,7.0,False,2019-01-31,1,BOAMP:19-130305,17.61,0.387,0.2926,,False,0.116,publication_date,sentence_transformers,PROCEDURE_ADAPTE,TRAVAUX,0,0,0,,0.387,,,1,True,False
BOAMP:18-91441,SIREN:214900995,48.0,Software & Applications,2019-01-03,48.0,True,2023-01-03,1,BOAMP:23-24020,52.2,0.5183,0.5957,0.0,True,0.6499,attribution_award_date,sentence_transformers,OUVERT,SERVICES,0,0,0,,0.5183,,,1,True,False
BOAMP:18-94803,SIREN:264400136,32.0,Telecom & Networks,2018-07-06,12.0,False,2019-07-06,1,BOAMP:19-103545,11.99,0.6311,0.5781,0.2,True,0.9992,publication_date,sentence_transformers,PROCEDURE_ADAPTE,FOURNITURES,0,0,0,,0.6311,0.4886,0.14250000000000002,5,False,False
BOAMP:18-93359,NAME:spr pays de la loire,45.0,Unknown,2018-07-06,18.0,False,2020-01-04,1,BOAMP:18-93488,9.99,0.8664,1.0,1.0,True,0.3322,publication_date,sentence_transformers,OUVERT,TRAVAUX,0,0,0,,0.8664,0.5254,0.34099999999999997,2,False,True
BOAMP:18-93488,NAME:spr pays de la loire,45.0,Unknown,2019-05-06,18.0,False,2020-11-03,1,BOAMP:19-172484,9.2,0.3984,0.4878,0.0,True,0.2665,attribution_award_date,sentence_transformers,OUVERT,TRAVAUX,0,0,0,,0.3984,,,1,True,False
BOAMP:18-95630,SIREN:234400034,45.0,Unknown,2018-07-09,48.0,True,2022-07-09,1,BOAMP:22-13142,48.06,0.4362,0.2181,0.0,True,0.9949,publication_date,sentence_transformers,PROCEDURE_ADAPTE,TRAVAUX,0,0,0,,0.4362,0.4242,0.011999999999999955,11,False,False
BOAMP:18-96170,NAME:ctre hosp universitaire angers,45.0,Cloud & Infrastructure,2018-07-12,12.0,False,2019-07-12,1,BOAMP:19-37169,9.63,0.5819,0.6788,0.0,True,0.8021,publication_date,sentence_transformers,OUVERT,TRAVAUX,0,0,0,,0.5819,0.5745,0.007399999999999962,8,False,False
BOAMP:18-96470,SIREN:935367433,48.0,Software & Applications,2018-12-04,12.0,False,2019-12-04,1,BOAMP:20-68352,17.77,0.4428,0.4725,0.0,True,0.5189,attribution_award_date,sentence_transformers,OUVERT,SERVICES,0,0,0,320000.0,0.4428,0.4135,0.029300000000000048,5,False,False
BOAMP:18-98583,NAME:ville des sables d olonne,72.0,IT Services & Consulting,2018-07-13,2.0,False,2018-09-11,0,,77.63,,,,,,publication_date,none,PROCEDURE_ADAPTE,SERVICES,0,0,0,,,,,0,False,False
BOAMP:18-60137,SIREN:214401093,72.0,IT Services & Consulting,2019-04-29,48.0,False,2023-04-29,1,BOAMP:23-48831,47.44,0.4387,0.2451,0.0,True,0.9531,attribution_award_date,sentence_transformers,NEGOCIE,SERVICES,0,0,0,,0.4387,0.4363,0.0023999999999999577,3,False,False
BOAMP:18-97260,SIREN:214401846,30.0,IT Hardware & Equipment,2018-11-29,48.0,False,2022-11-29,1,BOAMP:22-165686,48.52,0.529,0.4691,0.0,True,0.9565,attribution_award_date,sentence_transformers,OUVERT,FOURNITURES,0,0,0,800000.0,0.529,0.4816,0.04740000000000005,11,False,False
BOAMP:18-98603,SIREN:180043010,72.0,Cybersecurity,2018-11-12,24.0,False,2020-11-11,1,BOAMP:21-11209,26.45,0.4635,0.2607,0.2,True,0.7962,attribution_award_date,sentence_transformers,OUVERT,SERVICES,0,0,0,,0.4635,0.4507,0.012800000000000034,3,False,False
BOAMP:18-101437,SIREN:191700327,48.0,Software & Applications,2018-07-18,48.0,True,2022-07-18,0,,77.46,,,,,,publication_date,none,PROCEDURE_ADAPTE,FOURNITURES,0,0,0,,,,,0,False,False
BOAMP:18-100479,SIREN:860800077,72.0,IT Services & Consulting,2018-07-19,24.0,False,2020-07-18,0,,77.43,,,,,,publication_date,none,OUVERT,SERVICES,0,0,0,,,,,0,False,False
BOAMP:18-101350,SIREN:130029747,30.0,IT Hardware & Equipment,2018-12-21,48.0,False,2022-12-21,1,BOAMP:23-59845,52.33,0.4503,0.4311,0.0,True,0.639,attribution_award_date,sentence_transformers,OUVERT,FOURNITURES,0,0,0,,0.4503,0.4349,0.01539999999999997,2,False,False
BOAMP:18-101085,NAME:maine loire habitat office pub habitat,72.0,IT Services & Consulting,2018-12-13,60.0,False,2023-12-13,1,BOAMP:23-72834,56.6,0.7054,0.9052,0.2,True,0.7169,attribution_award_date,sentence_transformers,NEGOCIE,SERVICES,0,0,0,,0.7054,,,1,True,False
BOAMP:18-103319,SIREN:234400034,72.0,IT Services & Consulting,2018-07-20,12.0,False,2019-07-20,1,BOAMP:19-174098,16.06,0.7795,0.618,1.0,True,0.6613,publication_date,sentence_transformers,PROCEDURE_ADAPTE,SERVICES,0,0,0,,0.7795,0.7376,0.04189999999999994,14,False,False
BOAMP:18-103911,NAME:nantes metropole,32.0,Telecom & Networks,2018-07-26,48.0,False,2022-07-26,1,BOAMP:22-102623,47.93,0.9976,0.997,1.0,True,0.9942,publication_date,sentence_transformers,OUVERT,SERVICES,0,0,0,,0.9976,0.7659,0.23170000000000002,33,False,True
BOAMP:18-105237,SIREN:234400034,35.0,Cybersecurity,2018-07-26,12.0,False,2019-07-26,1,BOAMP:19-32405,11.04,0.8699,0.8398,0.8,True,0.9198,publication_date,sentence_transformers,OUVERT,SERVICES,0,0,0,,0.8699,0.413,0.45690000000000003,6,False,True
BOAMP:18-110962,NAME:regie dept passages d eau de vendee,72.0,IT Services & Consulting,2018-08-02,48.0,True,2022-08-02,1,BOAMP:21-135182,38.21,0.8368,1.0,1.0,True,0.1839,publication_date,sentence_transformers,PROCEDURE_ADAPTE,SERVICES,0,0,0,,0.8368,,,1,True,False
BOAMP:18-110102,SIREN:218500478,48.0,Software & Applications,2018-10-23,12.0,False,2019-10-23,0,,74.28,,,,,,attribution_award_date,none,OUVERT,FOURNITURES,0,0,0,,,,,0,False,False
BOAMP:18-117157,NAME:le mans,72.0,IT Services & Consulting,2018-08-20,12.0,False,2019-08-20,1,BOAMP:19-46630,7.13,0.4585,0.4741,0.0,True,0.5941,publication_date,sentence_transformers,PROCEDURE_ADAPTE,SERVICES,0,0,0,,0.4585,0.4094,0.04910000000000003,2,False,False
BOAMP:18-110801,NAME:cte reg peches maritimes elevages mari,48.0,Software & Applications,2018-08-21,48.0,True,2022-08-21,0,,76.35,,,,,,publication_date,none,AUTRE,SERVICES,0,0,0,,,,,0,False,False
BOAMP:18-114671,SIREN:214401721,45.0,Unknown,2018-08-23,16.0,False,2019-12-23,0,,76.28,,,,,,publication_date,none,NEGOCIE,TRAVAUX,0,0,0,,,,,0,False,False
BOAMP:18-120601,SIREN:264400136,72.0,IT Services & Consulting,2018-08-28,12.0,False,2019-08-28,1,BOAMP:19-165120,14.06,0.5,0.4609,0.0,True,0.8283,publication_date,sentence_transformers,PROCEDURE_ADAPTE,SERVICES,0,0,0,,0.5,0.4892,0.010799999999999976,6,False,False
BOAMP:18-121819,SIREN:264400136,72.0,IT Services & Consulting,2018-08-30,48.0,True,2022-08-30,1,BOAMP:22-87982,45.76,0.8307,0.6701,1.0,True,0.8135,publication_date,sentence_transformers,PROCEDURE_ADAPTE,,0,0,0,,0.8307,0.6267,0.20399999999999996,9,False,True
BOAMP:18-122920,SIREN:214401846,72.0,IT Services & Consulting,2018-11-29,48.0,False,2022-11-29,1,BOAMP:23-24849,50.76,0.5483,0.4855,0.2,True,0.7704,attribution_award_date,sentence_transformers,PROCEDURE_ADAPTE,SERVICES,0,0,0,,0.5483,0.5369,0.011399999999999966,7,False,False
BOAMP:18-123694,SIREN:227200029,72.0,IT Services & Consulting,2018-09-04,48.0,True,2022-09-04,1,BOAMP:21-138241,40.57,0.8164,0.8504,1.0,True,0.381,publication_date,sentence_transformers,PROCEDURE_ADAPTE,SERVICES,0,0,0,,0.8164,0.6202,0.19620000000000004,9,False,True
BOAMP:18-124536,SIREN:214401358,35.0,Cybersecurity,2018-09-06,12.0,False,2019-09-06,0,,75.82,,,,,,publication_date,none,PROCEDURE_ADAPTE,SERVICES,0,0,0,,,,,0,False,False
BOAMP:18-125586,NAME:agce pour l enst fr a l etranger,72.0,IT Services & Consulting,2018-09-07,48.0,False,2022-09-07,0,,75.79,,,,,,publication_date,none,PROCEDURE_ADAPTE,FOURNITURES,0,0,0,80000.0,,,,0,False,False
BOAMP:18-125410,SIREN:409104007,32.0,Telecom & Networks,2018-09-07,48.0,True,2022-09-07,0,,75.79,,,,,,publication_date,none,PROCEDURE_ADAPTE,FOURNITURES,0,0,0,,,,,0,False,False
BOAMP:18-126368,SIREN:227200029,72.0,IT Services & Consulting,2018-11-12,48.0,True,2022-11-12,1,BOAMP:22-77622,46.68,0.976,0.9949,1.0,True,0.8902,attribution_award_date,sentence_transformers,PROCEDURE_ADAPTE,SERVICES,0,0,0,,0.976,0.5438,0.43220000000000003,10,False,True
BOAMP:18-126631,SIREN:225300011,42.0,Unknown,2018-09-11,48.0,False,2022-09-11,1,BOAMP:22-114731,47.44,0.4659,0.3131,0.0,True,0.9531,publication_date,sentence_transformers,PROCEDURE_ADAPTE,FOURNITURES,0,0,0,3000.0,0.4659,0.4523,0.013600000000000001,10,False,False
BOAMP:18-127908,SIREN:227200029,72.0,IT Services & Consulting,2018-09-13,48.0,True,2022-09-13,1,BOAMP:22-60784,46.48,0.7967,0.5548,1.0,True,0.8737,publication_date,sentence_transformers,PROCEDURE_ADAPTE,SERVICES,0,0,0,,0.7967,0.7402,0.056499999999999995,9,False,True
BOAMP:18-127661,NAME:ccir pays de la loire,72.0,IT Services & Consulting,2018-09-13,48.0,True,2022-09-13,0,,75.59,,,,,,publication_date,none,PROCEDURE_ADAPTE,SERVICES,0,0,0,,,,,0,False,False
BOAMP:18-126992,NAME:esat foyers,48.0,Software & Applications,2018-09-13,48.0,False,2022-09-13,0,,75.59,,,,,,publication_date,none,OUVERT,SERVICES,0,0,0,,,,,0,False,False
BOAMP:18-127511,NAME:le mans,35.0,Cybersecurity,2019-02-20,48.0,True,2023-02-20,1,BOAMP:22-148365,51.35,0.6593,0.9127,0.0,True,0.7211,attribution_award_date,sentence_transformers,OUVERT,FOURNITURES,0,0,0,,0.6593,0.4192,0.24009999999999998,6,False,False
BOAMP:18-127938,SIREN:935367433,45.0,Unknown,2018-09-15,20.0,False,2020-05-15,1,BOAMP:20-148013,26.68,0.4956,0.392,0.4,True,0.4437,publication_date,sentence_transformers,OUVERT,TRAVAUX,0,0,0,,0.4956,0.465,0.03059999999999996,7,False,False
BOAMP:18-128159,NAME:nantes metropole,72.0,IT Services & Consulting,2018-09-15,48.0,False,2022-09-15,1,BOAMP:22-39891,42.08,0.5407,0.3484,0.6,True,0.5069,publication_date,sentence_transformers,OUVERT,SERVICES,0,0,0,,0.5407,0.483,0.057699999999999974,26,False,False
BOAMP:18-128655,SIREN:234400034,72.0,IT Services & Consulting,2019-01-11,48.0,False,2023-01-11,1,BOAMP:23-63763,51.97,0.6299,0.7401,0.2,True,0.6691,attribution_award_date,sentence_transformers,OUVERT,SERVICES,0,0,0,,0.6299,0.5756,0.054300000000000015,29,False,False
BOAMP:18-128950,SIREN:194909701,32.0,Telecom & Networks,2019-01-17,48.0,False,2023-01-17,1,BOAMP:22-150817,50.36,0.9186,0.8949,1.0,True,0.8032,attribution_award_date,sentence_transformers,OUVERT,FOURNITURES,0,0,0,563800.0,0.9186,0.5013,0.4173,10,False,True
BOAMP:18-129941,NAME:bretagne developpement innovation,72.0,IT Services & Consulting,2018-09-20,24.0,False,2020-09-19,0,,75.36,,,,,,publication_date,none,OUVERT,SERVICES,0,0,0,350000.0,,,,0,False,False
BOAMP:18-129881,SIREN:200083392,48.0,Software & Applications,2018-12-10,48.0,False,2022-12-10,1,BOAMP:22-12003,37.55,0.3107,0.3371,0.0,True,0.1291,attribution_award_date,sentence_transformers,OUVERT,SERVICES,0,0,0,,0.3107,,,1,True,False
BOAMP:18-133090,SIREN:228500013,72.0,IT Services & Consulting,2019-01-09,24.0,False,2021-01-08,1,BOAMP:20-155309,26.02,0.8603,0.8599,0.8,True,0.8318,attribution_award_date,sentence_transformers,OUVERT,SERVICES,0,0,0,,0.8603,0.8052,0.05509999999999993,6,False,True
BOAMP:18-134465,SIREN:284400017,35.0,Cybersecurity,2018-01-03,12.0,False,2019-01-03,1,BOAMP:19-131092,19.84,0.5208,0.3788,0.6,True,0.3465,attribution_award_date,sentence_transformers,OUVERT,FOURNITURES,0,0,0,,0.5208,0.4839,0.036900000000000044,2,False,False
BOAMP:18-135728,NAME:sec gal pour l adm min interieur ouest,45.0,Unknown,2019-12-13,34.0,False,2022-10-12,0,,60.61,,,,,,attribution_award_date,none,OUVERT,TRAVAUX,0,0,0,,,,,0,False,False
BOAMP:18-125716,SIREN:575850490,72.0,IT Services & Consulting,2019-03-29,36.0,False,2022-03-28,0,,69.12,,,,,,attribution_award_date,none,OUVERT,SERVICES,0,0,0,,,,,0,False,False
BOAMP:18-137958,NAME:le grand t theatre loire atlantique,72.0,IT Services & Consulting,2018-10-03,48.0,True,2022-10-03,0,,74.93,,,,,,publication_date,none,PROCEDURE_ADAPTE,SERVICES,0,0,0,,,,,0,False,False
BOAMP:18-137945,NAME:ville d ecouflant,,Cloud & Infrastructure,2018-10-03,3.0,False,2019-01-02,0,,74.93,,,,,,publication_date,none,PROCEDURE_ADAPTE,FOURNITURES,0,0,0,,,,,0,False,False
BOAMP:18-139266,NAME:semitan mandataire de la cun,72.0,IT Services & Consulting,2019-03-01,54.0,False,2023-08-30,0,,70.04,,,,,,attribution_award_date,none,OUVERT,SERVICES,0,0,0,,,,,0,False,False
BOAMP:18-141219,SIREN:832970024,48.0,Software & Applications,2018-10-09,48.0,True,2022-10-09,1,BOAMP:21-150615,37.19,0.3959,0.5653,0.0,True,0.099,publication_date,sentence_transformers,PROCEDURE_ADAPTE,SERVICES,0,0,0,,0.3959,,,1,True,False
BOAMP:18-144441,NAME:cap atlantique,30.0,IT Hardware & Equipment,2018-10-17,12.0,False,2019-10-17,0,,74.47,,,,,,publication_date,none,OUVERT,FOURNITURES,0,0,0,600000.0,,,,0,False,False
BOAMP:18-144285,NAME:agce pour l enst fr a l etranger,72.0,IT Services & Consulting,2019-02-12,48.0,False,2023-02-12,0,,70.6,,,,,,attribution_award_date,none,OUVERT,SERVICES,0,0,0,2500000.0,,,,0,False,False
BOAMP:18-146310,SIREN:214401325,45.0,Unknown,2018-10-18,48.0,True,2022-10-18,0,,74.44,,,,,,publication_date,none,PROCEDURE_ADAPTE,TRAVAUX,0,0,0,,,,,0,False,False
BOAMP:18-146639,SIREN:247200132,39.0,Unknown,2019-03-26,12.0,False,2020-03-25,1,BOAMP:19-119207,8.94,0.8875,0.8465,1.0,True,0.7446,attribution_award_date,sentence_transformers,OUVERT,FOURNITURES,0,0,0,,0.8875,0.4425,0.44499999999999995,4,False,True
BOAMP:18-146489,SIREN:194909701,32.0,Telecom & Networks,2018-10-20,48.0,False,2022-10-20,1,BOAMP:22-131126,47.4,0.7955,0.5136,1.0,True,0.9504,publication_date,sentence_transformers,OUVERT,SERVICES,0,0,0,,0.7955,0.5495,0.246,10,False,True
BOAMP:18-146220,NAME:spr pays de la loire,45.0,Unknown,2018-10-20,3.0,False,2019-01-19,1,BOAMP:18-93488,6.5,0.6367,0.4878,0.6,True,0.708,publication_date,sentence_transformers,OUVERT,TRAVAUX,0,0,0,,0.6367,,,1,True,False
BOAMP:18-146989,SIREN:244400404,48.0,Software & Applications,2018-10-22,48.0,True,2022-10-22,1,BOAMP:22-50379,41.59,0.6301,0.3425,1.0,True,0.4658,publication_date,sentence_transformers,PROCEDURE_ADAPTE,SERVICES,0,0,0,,0.6301,,,1,True,False
BOAMP:18-148384,NAME:ccir pays de la loire,72.0,IT Services & Consulting,2018-12-26,48.0,False,2022-12-26,0,,72.17,,,,,,attribution_award_date,none,OUVERT,SERVICES,0,0,0,,,,,0,False,False
BOAMP:18-149889,SIREN:191700327,48.0,Software & Applications,2018-10-26,48.0,False,2022-10-26,0,,74.18,,,,,,publication_date,none,OUVERT,FOURNITURES,0,0,0,,,,,0,False,False
BOAMP:18-149893,SIREN:935367433,72.0,IT Maintenance & Support,2018-10-26,12.0,False,2019-10-26,1,BOAMP:20-68352,19.05,0.7501,0.6691,1.0,True,0.4122,publication_date,sentence_transformers,NEGOCIE,SERVICES,0,0,0,9600000.0,0.7501,0.5025,0.24760000000000004,6,False,True
BOAMP:18-150422,SIREN:234400034,72.0,Digital Workplace & Collaboration,2018-10-27,24.0,False,2020-10-26,1,BOAMP:21-35651,28.71,0.5884,0.5424,0.4,True,0.6073,publication_date,sentence_transformers,OUVERT,SERVICES,0,0,0,,0.5884,0.553,0.03539999999999999,21,False,False
BOAMP:18-150889,SIREN:228500013,48.0,Software & Applications,2019-02-25,48.0,True,2023-02-25,1,BOAMP:22-166698,45.73,0.5995,0.7183,0.0,True,0.8108,attribution_award_date,sentence_transformers,OUVERT,SERVICES,0,0,0,,0.5995,0.515,0.08450000000000002,9,False,False
BOAMP:18-151695,NAME:agce pour l enst fr a l etranger,72.0,IT Services & Consulting,2018-10-28,24.0,False,2020-10-27,1,BOAMP:20-79138,19.71,0.6248,0.4752,,False,0.6426,publication_date,sentence_transformers,NEGOCIE,SERVICES,0,0,0,700000.0,0.6248,,,1,True,False
BOAMP:18-152399,SIREN:227200029,35.0,Cybersecurity,2019-02-25,48.0,False,2023-02-25,1,BOAMP:23-137663,55.29,0.5683,0.8494,0.0,True,0.3926,attribution_award_date,sentence_transformers,OUVERT,FOURNITURES,0,0,0,400000.0,0.5683,0.5039,0.06440000000000001,8,False,False
BOAMP:18-153394,SIREN:214402158,32.0,Telecom & Networks,2018-10-31,48.0,True,2022-10-31,1,BOAMP:23-48446,53.32,0.3879,0.3163,0.0,True,0.5568,publication_date,sentence_transformers,PROCEDURE_ADAPTE,SERVICES,0,0,0,,0.3879,,,1,True,False
BOAMP:18-153265,NAME:semitan,48.0,Software & Applications,2019-05-17,24.0,False,2021-05-16,1,BOAMP:21-86348,30.45,0.4164,0.4348,0.0,True,0.4622,attribution_award_date,sentence_transformers,NEGOCIE,SERVICES,0,0,0,,0.4164,0.3648,0.05159999999999998,3,False,False
BOAMP:18-154720,SIREN:247200348,45.0,Unknown,2018-11-05,48.0,True,2022-11-05,0,,73.85,,,,,,publication_date,none,PROCEDURE_ADAPTE,TRAVAUX,0,0,0,,,,,0,False,False
BOAMP:18-154770,SIREN:227200029,32.0,Telecom & Networks,2018-11-05,48.0,False,2022-11-05,1,BOAMP:22-77622,46.91,0.5527,0.552,0.0,True,0.9093,publication_date,sentence_transformers,PROCEDURE_ADAPTE,FOURNITURES,0,0,0,,0.5527,0.4476,0.10509999999999997,11,False,False
BOAMP:18-154990,SIREN:225300011,48.0,Software & Applications,2018-11-10,48.0,False,2022-11-10,1,BOAMP:22-162095,48.95,0.4647,0.3263,0.0,True,0.9209,publication_date,sentence_transformers,DIALOGUE_COMPETITIF,SERVICES,0,0,0,600000.0,0.4647,0.4303,0.034399999999999986,12,False,False
BOAMP:18-157794,NAME:communaute communes pays de redon,48.0,Software & Applications,2018-11-12,48.0,True,2022-11-12,0,,73.62,,,,,,publication_date,none,PROCEDURE_ADAPTE,FOURNITURES,0,0,0,,,,,0,False,False
BOAMP:18-158821,NAME:mindef sga dcsid esid bordeaux,45.0,Data & AI,2018-11-13,48.0,True,2022-11-13,0,,73.59,,,,,,publication_date,none,PROCEDURE_ADAPTE,TRAVAUX,0,0,0,,,,,0,False,False
BOAMP:18-159087,SIREN:194909701,,Cloud & Infrastructure,2018-11-14,11.0,False,2019-10-14,1,BOAMP:19-82021,6.27,0.764,0.7545,,False,0.6062,publication_date,sentence_transformers,PROCEDURE_ADAPTE,TRAVAUX,0,0,0,,0.764,0.58,0.18400000000000005,3,False,True
BOAMP:18-159101,SIREN:264400136,48.0,Software & Applications,2018-11-14,48.0,True,2022-11-14,1,BOAMP:22-118151,45.57,0.5317,0.3058,0.4,True,0.7971,publication_date,sentence_transformers,PROCEDURE_ADAPTE,SERVICES,0,0,0,,0.5317,0.5054,0.02629999999999999,7,False,False
BOAMP:18-158087,NAME:sm megalis,32.0,Telecom & Networks,2018-11-15,36.0,False,2021-11-14,0,,73.52,,,,,,publication_date,none,OUVERT,FOURNITURES,0,0,0,,,,,0,False,False
BOAMP:18-160377,SIREN:287200265,48.0,Software & Applications,2019-03-29,48.0,True,2023-03-29,1,BOAMP:23-81527,50.56,0.5023,0.3623,0.2,True,0.7868,attribution_award_date,sentence_transformers,PROCEDURE_ADAPTE,FOURNITURES,0,0,0,,0.5023,0.4258,0.07649999999999996,2,False,False
BOAMP:18-163164,NAME:sisto,44.0,Data & AI,2018-11-22,48.0,True,2022-11-22,0,,73.29,,,,,,publication_date,none,PROCEDURE_ADAPTE,TRAVAUX,0,0,0,,,,,0,False,False
BOAMP:18-165012,NAME:le mans,32.0,Telecom & Networks,2018-11-26,12.0,False,2019-11-26,1,BOAMP:19-118102,12.06,0.5152,0.2904,0.2,True,0.9953,publication_date,sentence_transformers,PROCEDURE_ADAPTE,FOURNITURES,0,0,0,,0.5152,0.2904,0.2248,2,False,False
BOAMP:18-167367,SIREN:254901309,48.0,Software & Applications,2018-11-30,48.0,False,2022-11-30,1,BOAMP:22-165672,48.55,0.5412,0.3762,0.2,True,0.9538,publication_date,sentence_transformers,PROCEDURE_ADAPTE,SERVICES,0,0,0,160000.0,0.5412,0.4476,0.09360000000000002,2,False,False
BOAMP:18-166821,NAME:cnieg,72.0,Digital Workplace & Collaboration,2019-03-08,12.0,False,2020-03-07,1,BOAMP:20-4011,14.72,0.6413,0.5915,0.4,True,0.7735,attribution_award_date,sentence_transformers,OUVERT,SERVICES,0,0,0,3900000.0,0.6413,0.6269,0.014399999999999968,3,False,False
BOAMP:18-167431,NAME:cnieg,72.0,IT Maintenance & Support,2019-03-08,24.0,False,2021-03-07,1,BOAMP:20-64610,18.5,0.5216,0.5333,0.2,True,0.5413,attribution_award_date,sentence_transformers,OUVERT,SERVICES,0,0,0,450000.0,0.5216,0.417,0.10459999999999997,3,False,False
BOAMP:18-168544,NAME:nantes metropole,35.0,Cybersecurity,2019-03-19,12.0,False,2020-03-18,1,BOAMP:19-156899,10.15,0.5838,0.5365,0.2,True,0.8459,attribution_award_date,sentence_transformers,OUVERT,SERVICES,0,0,0,,0.5838,0.5722,0.011599999999999944,13,False,False
BOAMP:18-169881,SIREN:535164412,45.0,Unknown,2018-12-06,35.0,False,2021-11-05,1,BOAMP:21-159075,42.02,0.5771,0.2353,1.0,True,0.4152,publication_date,sentence_transformers,PROCEDURE_ADAPTE,TRAVAUX,0,0,0,,0.5771,,,1,True,False
BOAMP:18-170789,NAME:ctre hosp universitaire angers,32.0,Telecom & Networks,2019-04-19,48.0,False,2023-04-19,1,BOAMP:23-22379,48.06,0.5741,0.3129,0.4,True,0.9949,attribution_award_date,sentence_transformers,OUVERT,SERVICES,0,0,0,,0.5741,0.4369,0.13720000000000004,4,False,False
BOAMP:18-171623,NAME:le mans,32.0,Telecom & Networks,2018-12-10,48.0,True,2022-12-10,1,BOAMP:22-69458,46.29,0.5148,0.3584,0.2,True,0.8573,publication_date,sentence_transformers,PROCEDURE_ADAPTE,,0,0,0,,0.5148,0.4235,0.09130000000000005,8,False,False
BOAMP:18-173792,SIREN:254901309,48.0,Software & Applications,2018-12-13,48.0,True,2022-12-13,1,BOAMP:22-165672,48.13,0.5484,0.3762,0.2,True,0.9894,publication_date,sentence_transformers,PROCEDURE_ADAPTE,,0,0,0,,0.5484,0.4547,0.0937,2,False,False
BOAMP:18-173960,NAME:cnieg,72.0,IT Services & Consulting,2018-12-15,24.0,False,2020-12-14,1,BOAMP:20-64610,21.22,0.554,0.5007,0.2,True,0.7685,publication_date,sentence_transformers,OUVERT,SERVICES,0,0,0,,0.554,0.5103,0.04370000000000007,3,False,False
BOAMP:18-174875,NAME:nantes metropole,72.0,IT Services & Consulting,2018-12-18,48.0,False,2022-12-18,1,BOAMP:23-34854,50.85,0.689,0.8415,0.2,True,0.7622,publication_date,sentence_transformers,PROCEDURE_ADAPTE,SERVICES,0,0,0,,0.689,0.5812,0.1077999999999999,34,False,False
BOAMP:18-177619,NAME:ville du mans,72.0,IT Services & Consulting,2019-02-27,9.0,False,2019-11-27,1,BOAMP:19-172734,12.39,0.4286,0.3376,0.0,True,0.7179,attribution_award_date,sentence_transformers,PROCEDURE_ADAPTE,SERVICES,0,0,0,,0.4286,0.3783,0.050299999999999956,3,False,False
BOAMP:18-175843,NAME:gie des epl de vendee,72.0,IT Services & Consulting,2019-03-20,12.0,False,2020-03-19,0,,69.42,,,,,,attribution_award_date,none,OUVERT,SERVICES,0,0,0,,,,,0,False,False
BOAMP:18-177187,NAME:gie des epl de vendee,72.0,IT Services & Consulting,2019-06-12,12.0,False,2020-06-11,0,,66.66,,,,,,attribution_award_date,none,OUVERT,SERVICES,0,0,0,,,,,0,False,False
BOAMP:18-177300,SIREN:214401317,51.0,Unknown,2018-12-22,24.0,False,2020-12-21,0,,72.31,,,,,,publication_date,none,OUVERT,SERVICES,0,0,0,,,,,0,False,False
BOAMP:18-179065,NAME:agce pour l enst fr a l etranger,72.0,IT Services & Consulting,2019-03-25,48.0,False,2023-03-25,0,,69.25,,,,,,attribution_award_date,none,OUVERT,FOURNITURES,0,0,0,800000.0,,,,0,False,False
BOAMP:18-180161,NAME:ctre hosp universitaire angers,32.0,Telecom & Networks,2019-03-08,12.0,False,2020-03-07,1,BOAMP:20-6008,15.08,0.5283,0.574,0.0,True,0.7434,attribution_award_date,sentence_transformers,OUVERT,FOURNITURES,0,0,0,,0.5283,0.3738,0.15449999999999997,2,False,False
BOAMP:18-173397,NAME:syndicat trivalis,,Data & AI,2018-12-26,48.0,True,2022-12-26,0,,72.17,,,,,,publication_date,none,PROCEDURE_ADAPTE,TRAVAUX,0,0,0,,,,,0,False,False
BOAMP:19-3707,NAME:le mans,48.0,Software & Applications,2019-01-09,36.0,False,2022-01-08,1,BOAMP:21-139293,37.98,0.63,0.6573,0.2,True,0.8353,publication_date,sentence_transformers,PROCEDURE_ADAPTE,FOURNITURES,0,0,0,,0.63,0.5899,0.040100000000000025,12,False,False
BOAMP:19-1779,SIREN:234400034,72.0,Digital Workplace & Collaboration,2019-05-14,12.0,False,2020-05-13,1,BOAMP:20-5957,8.11,0.4373,0.2552,0.2,True,0.6762,attribution_award_date,sentence_transformers,OUVERT,SERVICES,0,0,0,,0.4373,0.4309,0.006400000000000017,5,False,False
BOAMP:19-3078,SIREN:200083392,45.0,Unknown,2019-01-10,22.0,False,2020-11-09,1,BOAMP:20-76288,17.21,0.5388,0.6715,0.0,True,0.6012,publication_date,sentence_transformers,OUVERT,TRAVAUX,0,0,0,,0.5388,,,1,True,False
BOAMP:19-2530,NAME:ctre national d enst a distance,72.0,Cybersecurity,2019-01-10,12.0,False,2020-01-10,0,,71.68,,,,,,publication_date,none,OUVERT,SERVICES,0,0,0,,,,,0,False,False
BOAMP:19-8964,SIREN:227200029,72.0,IT Services & Consulting,2019-01-17,48.0,True,2023-01-17,1,BOAMP:22-77622,44.51,0.6002,0.6458,0.2,True,0.7095,publication_date,sentence_transformers,PROCEDURE_ADAPTE,SERVICES,0,0,0,,0.6002,0.5178,0.08239999999999992,8,False,False
BOAMP:19-8916,SIREN:244900015,48.0,Software & Applications,2019-01-17,12.0,False,2020-01-17,1,BOAMP:19-176963,11.63,0.4592,0.2884,0.0,True,0.9691,publication_date,sentence_transformers,PROCEDURE_ADAPTE,SERVICES,0,0,0,208999.0,0.4592,0.4528,0.006400000000000017,4,False,False
BOAMP:19-9782,NAME:com d agglo reg nazairienne estuaire,72.0,IT Services & Consulting,2019-01-18,12.0,False,2020-01-18,1,BOAMP:19-88976,8.05,0.4664,0.4556,0.0,True,0.6707,publication_date,sentence_transformers,PROCEDURE_ADAPTE,SERVICES,0,0,0,,0.4664,0.3374,0.129,2,False,False
BOAMP:19-7404,SIREN:130001704,72.0,IT Services & Consulting,2020-06-04,12.0,False,2021-06-04,0,,54.89,,,,,,attribution_award_date,none,OUVERT,FOURNITURES,0,0,0,,,,,0,False,False
BOAMP:19-8820,NAME:agce pour l enst fr a l etranger,72.0,IT Services & Consulting,2019-06-25,24.0,False,2021-06-24,0,,66.23,,,,,,attribution_award_date,none,RESTREINT,SERVICES,0,0,0,350000.0,,,,0,False,False
BOAMP:19-10579,SIREN:532458809,35.0,Cybersecurity,2019-01-21,48.0,False,2023-01-21,1,BOAMP:23-47137,53.88,0.4944,0.4809,0.2,True,0.5103,publication_date,sentence_transformers,PROCEDURE_ADAPTE,FOURNITURES,0,0,0,208000.0,0.4944,0.4942,0.00020000000000003348,4,False,False
BOAMP:19-10428,SIREN:228500013,35.0,Cybersecurity,2019-05-16,12.0,False,2020-05-15,1,BOAMP:20-70265,16.16,0.703,0.4311,1.0,True,0.6531,attribution_award_date,sentence_transformers,OUVERT,FOURNITURES,0,0,0,,0.703,0.4519,0.25109999999999993,6,False,True
BOAMP:19-12872,NAME:communaute d agglomeration du niortais,48.0,Software & Applications,2019-01-24,48.0,False,2023-01-24,1,BOAMP:23-32316,49.44,0.421,0.2375,0.0,True,0.8799,publication_date,sentence_transformers,PROCEDURE_ADAPTE,SERVICES,0,0,0,,0.421,0.3408,0.0802,2,False,False
BOAMP:19-13483,NAME:oniris,48.0,Software & Applications,2020-04-02,8.0,False,2020-12-01,0,,56.96,,,,,,attribution_award_date,none,DIALOGUE_COMPETITIF,SERVICES,0,0,0,,,,,0,False,False
BOAMP:19-16528,NAME:cdc du pays de saint gilles cx de vie,71.0,Unknown,2019-01-31,36.0,False,2022-01-30,0,,70.99,,,,,,publication_date,none,PROCEDURE_ADAPTE,,0,0,0,,,,,0,False,False
BOAMP:19-15670,NAME:ctre hosp universitaire angers,72.0,IT Services & Consulting,2019-07-30,48.0,False,2023-07-30,1,BOAMP:23-61217,45.2,0.5212,0.4194,0.2,True,0.767,attribution_award_date,sentence_transformers,OUVERT,SERVICES,0,0,0,,0.5212,0.5146,0.00660000000000005,6,False,False
BOAMP:19-16942,NAME:nantes metropole,72.0,IT Services & Consulting,2019-04-29,48.0,False,2023-04-29,1,BOAMP:23-34705,46.58,0.559,0.4564,0.2,True,0.882,attribution_award_date,sentence_transformers,OUVERT,SERVICES,0,0,0,,0.559,0.5279,0.031100000000000017,22,False,False
BOAMP:19-17531,SIREN:409104007,32.0,Telecom & Networks,2019-05-09,6.0,False,2019-11-07,0,,67.77,,,,,,attribution_award_date,none,OUVERT,FOURNITURES,0,0,0,,,,,0,False,False
BOAMP:19-17058,SIREN:234400034,72.0,IT Services & Consulting,2019-05-24,12.0,False,2020-05-23,1,BOAMP:19-184490,10.22,0.5783,0.2701,0.6,True,0.8514,attribution_award_date,sentence_transformers,OUVERT,SERVICES,0,0,0,,0.5783,0.486,0.09230000000000005,13,False,False
BOAMP:19-15197,NAME:syndicat trivalis,,Unknown,2019-02-04,48.0,True,2023-02-04,0,,70.86,,,,,,publication_date,none,PROCEDURE_ADAPTE,TRAVAUX,0,0,0,,,,,0,False,False
BOAMP:19-18202,SIREN:219300779,35.0,Cybersecurity,2019-02-04,48.0,False,2023-02-04,0,,70.86,,,,,,publication_date,none,PROCEDURE_ADAPTE,SERVICES|FOURNITURES,0,0,0,,,,,0,False,False
BOAMP:19-18263,SIREN:227200029,72.0,IT Services & Consulting,2019-07-30,12.0,False,2020-07-29,1,BOAMP:19-146419,6.41,0.4966,0.5997,0.0,True,0.5338,attribution_award_date,sentence_transformers,NEGOCIE,SERVICES,0,0,0,,0.4966,0.4543,0.042300000000000004,2,False,False
BOAMP:19-17307,SIREN:214401093,44.0,Unknown,2019-02-06,48.0,False,2023-02-06,1,BOAMP:23-48831,50.13,0.415,0.2514,0.0,True,0.8224,publication_date,sentence_transformers,OUVERT,FOURNITURES,0,0,0,,0.415,0.4075,0.007500000000000007,3,False,False
BOAMP:19-21081,SIREN:214900201,32.0,Telecom & Networks,2019-03-27,24.0,False,2021-03-26,0,,69.19,,,,,,attribution_award_date,none,OUVERT,FOURNITURES,0,0,0,465000.0,,,,0,False,False
BOAMP:19-22390,NAME:agrocampus ouest,48.0,Software & Applications,2019-05-21,24.0,False,2021-05-20,0,,67.38,,,,,,attribution_award_date,none,OUVERT,SERVICES,0,0,0,140000.0,,,,0,False,False
BOAMP:19-22007,NAME:smictom de la vallee de l authion,45.0,Unknown,2019-02-13,9.0,False,2019-11-13,0,,70.57,,,,,,publication_date,none,OUVERT,TRAVAUX,0,0,0,,,,,0,False,False
BOAMP:19-21908,SIREN:935367433,35.0,Cybersecurity,2019-02-13,12.0,False,2020-02-13,1,BOAMP:20-9474,11.24,0.4998,0.2814,0.2,True,0.9363,publication_date,sentence_transformers,RESTREINT,FOURNITURES,0,0,0,2400000.0,0.4998,0.4841,0.015700000000000047,8,False,False
BOAMP:19-27651,NAME:comm comm de doue la fontaine,48.0,Software & Applications,2019-02-20,48.0,True,2023-02-20,0,,70.34,,,,,,publication_date,none,PROCEDURE_ADAPTE,FOURNITURES,0,0,0,,,,,0,False,False
BOAMP:19-28845,SIREN:225300011,72.0,Digital Workplace & Collaboration,2019-02-21,48.0,False,2023-02-21,1,BOAMP:22-114731,42.08,0.6278,0.4411,0.8,True,0.5069,publication_date,sentence_transformers,PROCEDURE_ADAPTE,SERVICES,0,0,0,,0.6278,0.5915,0.0363,13,False,False
BOAMP:19-33752,NAME:chbr reg metiers artisanat nouv aquit,72.0,IT Services & Consulting,2019-03-01,48.0,True,2023-03-01,0,,70.04,,,,,,publication_date,none,OUVERT,SERVICES,0,0,0,,,,,0,False,False
BOAMP:19-32405,SIREN:234400034,35.0,Cybersecurity,2019-06-27,12.0,False,2020-06-26,1,BOAMP:20-12202,11.5,0.4964,0.3868,0.0,True,0.9582,attribution_award_date,sentence_transformers,OUVERT,SERVICES,0,0,0,,0.4964,0.4885,0.007900000000000018,13,False,False
BOAMP:19-34598,NAME:gpm de nantes st nazaire,72.0,IT Services & Consulting,2019-03-05,48.0,True,2023-03-05,1,BOAMP:23-91696,51.91,0.5704,0.5886,0.2,True,0.6746,publication_date,sentence_transformers,PROCEDURE_ADAPTE,SERVICES,0,0,0,,0.5704,0.5531,0.017299999999999982,5,False,False
BOAMP:19-34512,SIREN:110006012,32.0,Telecom & Networks,2019-03-06,6.0,False,2019-09-04,0,,69.88,,,,,,publication_date,none,OUVERT,SERVICES,0,0,0,,,,,0,False,False
BOAMP:19-35566,SIREN:244900015,72.0,IT Services & Consulting,2019-03-07,48.0,True,2023-03-07,1,BOAMP:23-37581,48.52,0.5522,0.2772,0.4,True,0.9565,publication_date,sentence_transformers,PROCEDURE_ADAPTE,SERVICES,0,0,0,,0.5522,0.4694,0.08280000000000004,12,False,False
BOAMP:19-35540,SIREN:224900019,72.0,Cybersecurity,2019-07-03,30.0,False,2022-01-01,1,BOAMP:22-16811,31.31,0.4528,0.3116,0.0,True,0.891,attribution_award_date,sentence_transformers,OUVERT,SERVICES,0,0,0,,0.4528,0.325,0.12779999999999997,2,False,False
BOAMP:19-37169,NAME:ctre hosp universitaire angers,32.0,Telecom & Networks,2019-05-01,12.0,False,2020-04-30,1,BOAMP:20-6008,13.3,0.5561,0.5695,0.0,True,0.8913,attribution_award_date,sentence_transformers,OUVERT,FOURNITURES,0,0,0,,0.5561,,,1,True,False
BOAMP:19-36958,NAME:nantes metropole,72.0,Cybersecurity,2019-05-29,48.0,False,2023-05-29,1,BOAMP:22-108057,38.27,0.8287,0.9772,1.0,True,0.1893,attribution_award_date,sentence_transformers,OUVERT,SERVICES,0,0,0,,0.8287,0.6235,0.20519999999999994,27,False,True
BOAMP:19-39464,NAME:universite du maine,64.0,Cybersecurity,2019-06-19,12.0,False,2020-06-18,0,,66.43,,,,,,attribution_award_date,none,OUVERT,SERVICES,0,0,0,,,,,0,False,False
BOAMP:19-39750,NAME:gpm de nantes st nazaire,32.0,Telecom & Networks,2019-11-05,48.0,True,2023-11-05,1,BOAMP:23-6460,38.27,0.4382,0.5008,0.2,True,0.1893,attribution_award_date,sentence_transformers,NEGOCIE,FOURNITURES,0,0,0,,0.4382,0.4187,0.019499999999999962,3,False,False
BOAMP:19-41115,SIREN:234400034,31.0,Unknown,2019-06-11,24.0,False,2021-06-10,1,BOAMP:21-57207,22.63,0.6107,0.7086,0.0,True,0.8862,attribution_award_date,sentence_transformers,OUVERT,SERVICES,0,0,0,100000.0,0.6107,0.5141,0.09660000000000002,26,False,False
BOAMP:19-43213,NAME:ctre hosp universitaire angers,72.0,IT Services & Consulting,2019-03-20,48.0,True,2023-03-20,1,BOAMP:23-22379,49.05,0.5221,0.474,0.0,True,0.9127,publication_date,sentence_transformers,PROCEDURE_ADAPTE,SERVICES,0,0,0,,0.5221,0.4679,0.054200000000000026,4,False,False
BOAMP:19-46630,NAME:le mans,35.0,Cybersecurity,2019-03-25,18.0,False,2020-09-22,1,BOAMP:20-70746,18.73,0.5594,0.5538,0.0,True,0.9396,publication_date,sentence_transformers,PROCEDURE_ADAPTE,TRAVAUX,0,0,0,,0.5594,0.5123,0.04710000000000003,7,False,False
BOAMP:19-47604,NAME:sgami ouest bzamp,45.0,Telecom & Networks,2019-03-26,12.0,False,2020-03-25,0,,69.22,,,,,,publication_date,none,PROCEDURE_ADAPTE,TRAVAUX,0,0,0,,,,,0,False,False
BOAMP:19-48376,NAME:gpm de nantes st nazaire,32.0,Telecom & Networks,2019-08-12,48.0,False,2023-08-12,1,BOAMP:23-6460,41.06,0.4419,0.3939,0.2,True,0.422,attribution_award_date,sentence_transformers,OUVERT,SERVICES,0,0,0,,0.4419,0.4401,0.0018000000000000238,4,False,False
BOAMP:19-51014,SIREN:110006012,32.0,IT Hardware & Equipment,2019-03-29,12.0,False,2020-03-28,1,BOAMP:20-8874,18.56,0.3659,0.3131,0.0,True,0.4532,publication_date,sentence_transformers,PROCEDURE_ADAPTE,FOURNITURES,0,0,0,90000.0,0.3659,0.2562,0.10970000000000002,2,False,False
BOAMP:19-50622,NAME:iphv les hauts thebaudieres,72.0,IT Services & Consulting,2019-03-29,48.0,True,2023-03-29,0,,69.12,,,,,,publication_date,none,PROCEDURE_ADAPTE,SERVICES,0,0,0,,,,,0,False,False
BOAMP:19-49300,SIREN:214900995,32.0,Telecom & Networks,2019-07-08,24.0,False,2021-07-07,1,BOAMP:21-69582,24.93,0.4261,0.2292,0.0,True,0.9221,attribution_award_date,sentence_transformers,OUVERT,FOURNITURES,0,0,0,400000.0,0.4261,,,1,True,False
BOAMP:19-50035,NAME:rennes 1,32.0,IT Hardware & Equipment,2019-03-30,12.0,False,2020-03-29,0,,69.09,,,,,,publication_date,none,OUVERT,FOURNITURES,0,0,0,300000.0,,,,0,False,False
BOAMP:19-51024,NAME:ville d ancenis saint gereon,35.0,Cybersecurity,2019-07-11,48.0,True,2023-07-11,0,,65.7,,,,,,attribution_award_date,none,OUVERT,FOURNITURES,0,0,0,,,,,0,False,False
BOAMP:19-51224,SIREN:391722881,48.0,Software & Applications,2020-03-03,36.0,False,2023-03-03,1,BOAMP:22-40191,35.38,0.5053,0.4142,0.0,True,0.9484,attribution_award_date,sentence_transformers,RESTREINT,FOURNITURES,0,0,0,,0.5053,0.4646,0.04069999999999996,9,False,False
BOAMP:19-51855,SIREN:228500013,39.0,Cybersecurity,2019-04-01,12.0,False,2020-03-31,1,BOAMP:19-181393,11.33,0.4608,0.3046,0.0,True,0.9445,publication_date,sentence_transformers,OUVERT,FOURNITURES,0,0,0,,0.4608,0.443,0.017799999999999983,6,False,False
BOAMP:19-52455,NAME:ars pays de la loire,48.0,Cloud & Infrastructure,2019-05-22,12.0,False,2020-05-21,0,,67.35,,,,,,attribution_award_date,none,OUVERT,SERVICES,0,0,0,,,,,0,False,False
BOAMP:19-48030,SIREN:224900019,72.0,IT Services & Consulting,2019-07-02,48.0,False,2023-07-02,1,BOAMP:23-43054,47.01,0.978,0.9863,1.0,True,0.9175,attribution_award_date,sentence_transformers,OUVERT,FOURNITURES,0,0,0,2000000.0,0.978,0.4917,0.48629999999999995,3,False,True
BOAMP:19-53794,SIREN:224900019,48.0,Software & Applications,2019-04-05,48.0,True,2023-04-05,1,BOAMP:22-127882,41.85,0.6197,0.3054,1.0,True,0.4877,publication_date,sentence_transformers,PROCEDURE_ADAPTE,FOURNITURES,0,0,0,,0.6197,0.5317,0.08800000000000008,3,False,False
BOAMP:19-56150,SIREN:234400034,48.0,Software & Applications,2019-04-10,48.0,False,2023-04-10,1,BOAMP:22-40744,38.37,0.8395,1.0,1.0,True,0.1975,publication_date,sentence_transformers,OUVERT,FOURNITURES,0,0,0,,0.8395,0.6954,0.1441,14,False,True
BOAMP:19-55808,SIREN:538208455,72.0,IT Services & Consulting,2019-06-19,48.0,False,2023-06-19,1,BOAMP:23-106736,49.28,0.6294,0.5017,0.4,True,0.8936,attribution_award_date,sentence_transformers,OUVERT,SERVICES,0,0,0,400000.0,0.6294,0.5402,0.08919999999999995,2,False,False
BOAMP:19-56876,SIREN:935367433,45.0,Unknown,2019-04-11,24.0,False,2021-04-10,1,BOAMP:21-51620,24.24,0.5043,0.396,0.0,True,0.9796,publication_date,sentence_transformers,OUVERT,TRAVAUX,0,0,0,,0.5043,0.4614,0.042899999999999994,6,False,False
BOAMP:19-55110,NAME:nantes metropole,48.0,Software & Applications,2019-04-11,48.0,True,2023-04-11,1,BOAMP:23-132830,53.61,0.7635,0.6428,1.0,True,0.5322,publication_date,sentence_transformers,PROCEDURE_ADAPTE,SERVICES,0,0,0,,0.7635,0.743,0.020499999999999963,32,False,False
BOAMP:19-62635,SIREN:218501914,50.0,Cybersecurity,2019-10-18,48.0,False,2023-10-18,1,BOAMP:23-6087,38.86,0.33,0.3306,0.0,True,0.2386,attribution_award_date,sentence_transformers,NEGOCIE,SERVICES,0,0,0,600000.0,0.33,,,1,True,False
BOAMP:19-64938,SIREN:214900995,32.0,Telecom & Networks,2019-04-24,48.0,False,2023-04-24,1,BOAMP:23-24020,48.55,0.5383,0.4939,0.0,True,0.9538,publication_date,sentence_transformers,PROCEDURE_ADAPTE,FOURNITURES,0,0,0,,0.5383,,,1,True,False
BOAMP:19-54309,SIREN:935367433,32.0,Telecom & Networks,2020-06-22,48.0,True,2024-06-22,1,BOAMP:24-104541,50.79,0.5526,0.6227,0.0,True,0.7676,attribution_award_date,sentence_transformers,,SERVICES,0,0,1,,0.5526,0.5477,0.0049000000000000155,9,False,False
BOAMP:19-66871,NAME:communes de grand lieu,72.0,IT Services & Consulting,2019-04-26,48.0,False,2023-04-26,0,,68.2,,,,,,publication_date,none,PROCEDURE_ADAPTE,SERVICES,0,0,0,,,,,0,False,False
BOAMP:19-66602,NAME:ctre hosp universitaire angers,48.0,Software & Applications,2019-04-26,48.0,True,2023-04-26,1,BOAMP:23-61217,48.32,0.4518,0.2681,0.0,True,0.973,publication_date,sentence_transformers,PROCEDURE_ADAPTE,SERVICES|FOURNITURES,0,0,0,,0.4518,0.3492,0.10259999999999997,2,False,False
BOAMP:19-69736,NAME:nantes metropole,32.0,Telecom & Networks,2019-05-05,48.0,True,2023-05-05,1,BOAMP:23-58292,47.8,0.5557,0.5228,0.0,True,0.9832,publication_date,sentence_transformers,OUVERT,FOURNITURES,0,0,0,,0.5557,0.5245,0.031200000000000006,28,False,False
BOAMP:19-70735,SIREN:227200029,30.0,IT Hardware & Equipment,2019-08-02,48.0,True,2023-08-02,1,BOAMP:23-137663,50.1,0.7993,0.9608,0.4,True,0.8251,attribution_award_date,sentence_transformers,OUVERT,FOURNITURES,0,0,0,,0.7993,0.524,0.2753,6,False,True
BOAMP:19-71182,NAME:dir ouest,32.0,Telecom & Networks,2019-10-03,48.0,False,2023-10-03,1,BOAMP:23-73840,48.46,0.7167,0.9359,0.0,True,0.962,attribution_award_date,sentence_transformers,OUVERT,SERVICES,0,0,0,240000.0,0.7167,,,1,True,False
BOAMP:19-67059,NAME:nantes metropole,48.0,Software & Applications,2019-05-08,48.0,False,2023-05-08,1,BOAMP:22-88894,37.55,0.7096,0.7095,1.0,True,0.1291,publication_date,sentence_transformers,DIALOGUE_COMPETITIF,FOURNITURES,0,0,0,,0.7096,0.6933,0.01629999999999998,31,False,False
BOAMP:19-71679,SIREN:227200029,64.0,Digital Workplace & Collaboration,2019-08-02,48.0,False,2023-08-02,1,BOAMP:23-137663,50.1,0.5383,0.5583,0.0,True,0.8251,attribution_award_date,sentence_transformers,OUVERT,SERVICES,0,0,0,,0.5383,0.5243,0.014000000000000012,6,False,False
BOAMP:19-75615,SIREN:284400017,72.0,IT Maintenance & Support,2019-05-14,48.0,True,2023-05-14,1,BOAMP:23-117688,54.96,0.356,0.3049,0.0,True,0.42,publication_date,sentence_transformers,PROCEDURE_ADAPTE,SERVICES,0,0,0,,0.356,,,1,True,False
BOAMP:19-75795,SIREN:258500222,72.0,Cybersecurity,2019-05-15,48.0,True,2023-05-15,1,BOAMP:23-12403,44.42,0.5723,0.705,0.0,True,0.7013,publication_date,sentence_transformers,PROCEDURE_ADAPTE,SERVICES,0,1,0,,0.5723,0.5697,0.0026000000000000467,4,False,False
BOAMP:19-74485,NAME:nantes metropole,72.0,IT Services & Consulting,2019-08-01,48.0,False,2023-08-01,1,BOAMP:23-37068,49.93,0.8874,0.7992,1.0,True,0.8388,attribution_award_date,sentence_transformers,OUVERT,SERVICES,0,0,0,,0.8874,0.6727,0.2147,26,False,True
BOAMP:19-78493,NAME:ctre hosp universitaire angers,32.0,Telecom & Networks,2019-05-20,48.0,True,2023-05-20,1,BOAMP:23-22379,47.04,0.5794,0.4883,0.2,True,0.9203,publication_date,sentence_transformers,PROCEDURE_ADAPTE,FOURNITURES,0,0,0,,0.5794,0.5143,0.06510000000000005,6,False,False
BOAMP:19-78854,NAME:vendee habitat oph de vendee,64.0,Digital Workplace & Collaboration,2019-08-06,12.0,False,2020-08-05,1,BOAMP:21-23643,18.5,0.3652,0.3086,0.0,True,0.4587,attribution_award_date,sentence_transformers,OUVERT,SERVICES,0,0,0,143000.0,0.3652,,,1,True,False
BOAMP:19-80774,NAME:ville du mans,,Unknown,2019-05-23,24.0,False,2021-05-22,1,BOAMP:21-103746,26.12,0.8976,0.8963,,False,0.8236,publication_date,sentence_transformers,PROCEDURE_ADAPTE,FOURNITURES,0,0,0,7500.0,0.8976,0.4825,0.41509999999999997,3,False,True
BOAMP:19-80016,NAME:universite du maine,32.0,Telecom & Networks,2019-10-10,24.0,False,2021-10-09,0,,62.71,,,,,,attribution_award_date,none,OUVERT,FOURNITURES,0,0,0,850000.0,,,,0,False,False
BOAMP:19-81470,SIREN:935367433,32.0,Telecom & Networks,2019-05-24,12.0,False,2020-05-23,1,BOAMP:20-68352,12.16,0.4801,0.3317,0.0,True,0.9871,publication_date,sentence_transformers,PROCEDURE_ADAPTE,SERVICES,0,0,0,220000.0,0.4801,0.4388,0.0413,7,False,False
BOAMP:19-82021,SIREN:194909701,45.0,Cloud & Infrastructure,2019-05-24,11.0,False,2020-04-22,1,BOAMP:20-47300,15.37,0.4469,0.4245,0.0,True,0.6355,publication_date,sentence_transformers,PROCEDURE_ADAPTE,TRAVAUX,0,0,0,,0.4469,0.3959,0.051000000000000045,4,False,False
BOAMP:19-80203,SIREN:130029747,32.0,Telecom & Networks,2019-05-24,48.0,False,2023-05-24,1,BOAMP:23-59845,47.27,0.536,0.4954,0.0,True,0.9394,publication_date,sentence_transformers,OUVERT,SERVICES,0,0,0,,0.536,0.5264,0.009600000000000053,5,False,False
BOAMP:19-79147,SIREN:248500589,45.0,Unknown,2019-05-26,19.0,False,2020-12-24,1,BOAMP:21-63730,28.42,0.524,0.8273,0.0,True,0.2153,publication_date,sentence_transformers,OUVERT,TRAVAUX,0,0,0,,0.524,,,1,True,False
BOAMP:19-85688,SIREN:244900015,72.0,IT Services & Consulting,2019-12-09,24.0,False,2021-12-08,1,BOAMP:21-74412,18.07,0.6071,0.3899,0.8,True,0.5057,attribution_award_date,sentence_transformers,OUVERT,SERVICES,0,0,0,1200000.0,0.6071,0.606,0.0010999999999999899,8,False,False
BOAMP:19-87143,SIREN:214401432,,Software & Applications,2019-06-05,48.0,False,2023-06-05,1,BOAMP:22-140992,40.51,0.51,0.3934,,False,0.3755,publication_date,sentence_transformers,PROCEDURE_ADAPTE,FOURNITURES,0,0,0,,0.51,0.4365,0.07350000000000001,4,False,False
BOAMP:19-87510,NAME:gpm de nantes st nazaire,48.0,Software & Applications,2019-06-06,48.0,True,2023-06-06,1,BOAMP:22-92345,39.55,0.696,0.592,1.0,True,0.2961,publication_date,sentence_transformers,PROCEDURE_ADAPTE,FOURNITURES,0,0,0,,0.696,0.5688,0.12719999999999998,5,False,False
BOAMP:19-87023,NAME:sec gal pour l adm min interieur ouest,45.0,Unknown,2019-12-16,34.0,False,2022-10-15,0,,60.51,,,,,,attribution_award_date,none,OUVERT,TRAVAUX,0,0,0,,,,,0,False,False
BOAMP:19-88976,NAME:com d agglo reg nazairienne estuaire,35.0,Cybersecurity,2019-09-20,5.0,False,2020-02-19,0,,63.37,,,,,,attribution_award_date,none,OUVERT,FOURNITURES,0,0,0,,,,,0,False,False
BOAMP:19-91357,SIREN:200056679,45.0,Data & AI,2019-06-14,11.0,False,2020-05-13,0,,66.59,,,,,,publication_date,none,PROCEDURE_ADAPTE,TRAVAUX,0,0,0,,,,,0,False,False
BOAMP:19-90615,SIREN:214401846,50.0,Telecom & Networks,2019-06-14,48.0,False,2023-06-14,1,BOAMP:23-110154,49.61,0.4628,0.3489,0.0,True,0.8662,publication_date,sentence_transformers,OUVERT,SERVICES,0,0,0,,0.4628,0.421,0.041800000000000004,10,False,False
BOAMP:19-91082,SIREN:224900019,32.0,Telecom & Networks,2019-06-16,12.0,False,2020-06-15,1,BOAMP:19-185581,6.14,0.8698,1.0,,False,0.5119,publication_date,sentence_transformers,OUVERT,FOURNITURES,0,0,0,60000.0,0.8698,0.4933,0.3765,2,False,True
BOAMP:19-93739,NAME:communaute d agglomeration du niortais,48.0,Software & Applications,2019-06-20,48.0,False,2023-06-20,1,BOAMP:23-32316,44.61,0.3935,0.25,0.0,True,0.7177,publication_date,sentence_transformers,NEGOCIE,FOURNITURES,0,0,0,,0.3935,,,1,True,False
BOAMP:19-95263,SIREN:217200955,72.0,IT Services & Consulting,2019-06-20,48.0,True,2023-06-20,1,BOAMP:22-124634,38.9,0.3367,0.346,0.0,True,0.2413,publication_date,sentence_transformers,PROCEDURE_ADAPTE,SERVICES,0,0,0,,0.3367,,,1,True,False
BOAMP:19-97686,NAME:synd dep d energie et d eqpt de vendee,48.0,Software & Applications,2020-02-10,48.0,False,2024-02-10,0,,58.67,,,,,,attribution_award_date,none,NEGOCIE,SERVICES,0,0,0,230000.0,,,,0,False,False
BOAMP:19-99589,SIREN:200052702,72.0,IT Services & Consulting,2019-09-24,48.0,False,2023-09-24,1,BOAMP:23-97071,45.57,0.4824,0.4325,0.0,True,0.7971,attribution_award_date,sentence_transformers,OUVERT,SERVICES,0,0,0,,0.4824,,,1,True,False
BOAMP:19-100067,NAME:sec gal pour l adm min interieur ouest,,Unknown,2019-06-30,48.0,True,2023-06-30,0,,66.06,,,,,,publication_date,none,OUVERT,FOURNITURES,0,0,0,300000.0,,,,0,False,False
BOAMP:19-99928,NAME:sec gal pour l adm min interieur ouest,,Unknown,2019-06-30,10.0,False,2020-04-29,1,BOAMP:21-12643,18.96,0.5678,0.5627,,False,0.2537,publication_date,sentence_transformers,PROCEDURE_ADAPTE,TRAVAUX,0,0,0,,0.5678,,,1,True,False
BOAMP:19-103125,NAME:cnieg,72.0,IT Services & Consulting,2019-07-04,12.0,False,2020-07-03,1,BOAMP:20-6485,10.71,0.5993,0.552,0.2,True,0.8925,publication_date,sentence_transformers,PROCEDURE_ADAPTE,SERVICES,0,0,0,,0.5993,0.5941,0.0052000000000000934,3,False,False
BOAMP:19-103833,SIREN:244400404,48.0,Software & Applications,2019-07-05,4.0,False,2019-11-03,1,BOAMP:20-71610,11.1,0.3856,0.385,0.0,True,0.408,publication_date,sentence_transformers,PROCEDURE_ADAPTE,SERVICES,0,0,0,,0.3856,,,1,True,False
BOAMP:19-104228,SIREN:214401622,72.0,IT Services & Consulting,2019-07-05,48.0,True,2023-07-05,1,BOAMP:23-171468,53.12,0.8368,0.8054,1.0,True,0.5733,publication_date,sentence_transformers,PROCEDURE_ADAPTE,SERVICES,0,0,0,,0.8368,0.4902,0.34659999999999996,3,False,True
BOAMP:19-102776,SIREN:214401432,48.0,Software & Applications,2019-11-06,48.0,True,2023-11-06,1,BOAMP:24-40517,53.02,0.3966,0.3259,0.0,True,0.5815,attribution_award_date,sentence_transformers,OUVERT,FOURNITURES,0,0,0,,0.3966,0.3744,0.022199999999999998,4,False,False
BOAMP:19-103897,SIREN:225300011,72.0,IT Services & Consulting,2019-10-21,48.0,False,2023-10-21,1,BOAMP:23-90833,46.91,0.6101,0.5707,0.2,True,0.9093,attribution_award_date,sentence_transformers,OUVERT,SERVICES,0,0,0,,0.6101,0.5994,0.010699999999999932,7,False,False
BOAMP:19-105133,SIREN:200084655,35.0,Cybersecurity,2019-07-10,12.0,False,2020-07-09,0,,65.74,,,,,,publication_date,none,OUVERT,FOURNITURES,0,0,0,,,,,0,False,False
BOAMP:19-105083,NAME:nantes metropole,48.0,Software & Applications,2019-07-10,48.0,False,2023-07-10,1,BOAMP:23-132830,50.66,0.7151,0.3984,1.0,True,0.7786,publication_date,sentence_transformers,OUVERT,SERVICES,0,0,0,,0.7151,0.6891,0.025999999999999912,25,False,False
BOAMP:19-106429,NAME:ccir pays de la loire,48.0,Software & Applications,2019-10-21,48.0,False,2023-10-21,0,,62.35,,,,,,attribution_award_date,none,OUVERT,FOURNITURES,0,0,0,,,,,0,False,False
BOAMP:19-106682,NAME:gie loire ocean,72.0,IT Services & Consulting,2019-11-21,12.0,False,2020-11-20,0,,61.33,,,,,,attribution_award_date,none,PROCEDURE_ADAPTE,SERVICES,0,0,0,,,,,0,False,False
BOAMP:19-108442,SIREN:451518641,72.0,IT Services & Consulting,2019-12-17,12.0,False,2020-12-16,1,BOAMP:20-88562,8.51,0.4677,0.4397,0.0,True,0.709,attribution_award_date,sentence_transformers,OUVERT,TRAVAUX,0,0,0,,0.4677,0.391,0.07669999999999999,2,False,False
BOAMP:19-110311,NAME:epf de la vendee,72.0,IT Services & Consulting,2019-07-16,48.0,True,2023-07-16,0,,65.54,,,,,,publication_date,none,PROCEDURE_ADAPTE,SERVICES,0,0,0,,,,,0,False,False
BOAMP:19-109687,NAME:semitan mandataire de nantes metropole,48.0,Software & Applications,2020-10-08,36.0,False,2023-10-08,1,BOAMP:22-135485,30.62,0.4231,0.4069,0.0,True,0.5515,attribution_award_date,sentence_transformers,DIALOGUE_COMPETITIF,FOURNITURES,0,0,0,,0.4231,0.3608,0.062299999999999967,3,False,False
BOAMP:19-111839,SIREN:935367433,64.0,Telecom & Networks,2019-07-20,12.0,False,2020-07-19,1,BOAMP:20-107502,13.53,0.616,0.729,0.0,True,0.8721,publication_date,sentence_transformers,OUVERT,SERVICES,0,0,0,840000.0,0.616,0.5464,0.0696,13,False,False
BOAMP:19-112517,NAME:gip vendee numerique,71.0,Unknown,2019-10-07,24.0,False,2021-10-06,0,,62.81,,,,,,attribution_award_date,none,OUVERT,SERVICES,0,0,0,,,,,0,False,False
BOAMP:19-114079,SIREN:278000013,72.0,Cybersecurity,2019-09-27,48.0,False,2023-09-27,0,,63.14,,,,,,attribution_award_date,none,RESTREINT,SERVICES,0,0,0,,,,,0,False,False
BOAMP:19-115344,SIREN:831928452,32.0,Telecom & Networks,2020-04-16,48.0,True,2024-04-16,0,,56.5,,,,,,attribution_award_date,none,NEGOCIE,FOURNITURES,0,0,0,,,,,0,False,False
BOAMP:19-117328,NAME:ctre hosp universitaire angers,72.0,IT Services & Consulting,2019-07-26,48.0,True,2023-07-26,1,BOAMP:23-96123,47.44,0.5705,0.5747,0.0,True,0.9531,publication_date,sentence_transformers,PROCEDURE_ADAPTE,,0,0,0,,0.5705,0.563,0.007500000000000062,6,False,False
BOAMP:19-118102,NAME:le mans,32.0,Telecom & Networks,2019-11-28,48.0,False,2023-11-28,1,BOAMP:23-168941,48.26,0.4597,0.2852,0.0,True,0.9784,attribution_award_date,sentence_transformers,OUVERT,FOURNITURES,0,0,0,,0.4597,0.437,0.022699999999999998,5,False,False
BOAMP:19-118142,NAME:comcom estuaire et sillon,71.0,Unknown,2019-11-29,48.0,True,2023-11-29,0,,61.07,,,,,,attribution_award_date,none,OUVERT,SERVICES,0,0,0,47628.0,,,,0,False,False
BOAMP:19-109269,SIREN:214401093,35.0,Cybersecurity,2019-08-02,24.0,False,2021-08-01,1,BOAMP:21-152470,27.53,0.3712,0.2,0.0,True,0.7059,publication_date,sentence_transformers,PROCEDURE_ADAPTE,FOURNITURES,0,0,0,,0.3712,,,1,True,False
BOAMP:19-119207,SIREN:247200132,39.0,Unknown,2019-12-23,10.0,False,2020-10-22,1,BOAMP:20-91088,16.33,0.3977,0.3829,0.0,True,0.4727,attribution_award_date,sentence_transformers,OUVERT,FOURNITURES,0,0,0,,0.3977,,,1,True,False
BOAMP:19-119269,NAME:nantes metropole,72.0,Cybersecurity,2019-08-02,48.0,False,2023-08-02,1,BOAMP:23-37068,49.9,0.6717,0.6336,0.4,True,0.8415,publication_date,sentence_transformers,NEGOCIE,SERVICES,0,0,0,,0.6717,0.6355,0.03620000000000001,28,False,False
BOAMP:19-120649,NAME:le mans,33.0,Data & AI,2020-02-04,48.0,True,2024-02-04,0,,58.87,,,,,,attribution_award_date,none,OUVERT,FOURNITURES,0,0,0,,,,,0,False,False
BOAMP:19-123299,NAME:mindef ema dc sca pfaf co rennes,32.0,Telecom & Networks,2019-11-27,12.0,False,2020-11-26,0,,61.14,,,,,,attribution_award_date,none,OUVERT,FOURNITURES,0,0,0,,,,,0,False,False
BOAMP:19-124424,NAME:chd vendee,48.0,Software & Applications,2020-04-21,48.0,False,2024-04-21,0,,56.34,,,,,,attribution_award_date,none,OUVERT,FOURNITURES,0,0,0,,,,,0,False,False
BOAMP:19-125270,NAME:ctre hosp universitaire angers,72.0,IT Services & Consulting,2019-08-14,48.0,False,2023-08-14,1,BOAMP:23-61217,44.71,0.5813,0.5903,0.2,True,0.7259,publication_date,sentence_transformers,OUVERT,SERVICES,0,0,0,,0.5813,0.5262,0.05510000000000004,5,False,False
BOAMP:19-126819,NAME:conseil general de la vendee,,Unknown,2019-08-19,48.0,True,2023-08-19,1,BOAMP:23-87983,46.19,0.5765,0.2814,,False,0.8491,publication_date,sentence_transformers,PROCEDURE_ADAPTE,FOURNITURES,0,0,0,,0.5765,,,1,True,False
BOAMP:19-128681,SIREN:234400034,72.0,IT Services & Consulting,2019-12-11,12.0,False,2020-12-10,1,BOAMP:20-142015,11.37,0.73,0.3515,1.0,True,0.9472,attribution_award_date,sentence_transformers,OUVERT,SERVICES,0,0,0,,0.73,0.5445,0.1855,10,False,True
BOAMP:19-130305,NAME:communes de grand lieu,35.0,Cybersecurity,2019-12-20,48.0,True,2023-12-20,0,,60.38,,,,,,attribution_award_date,none,PROCEDURE_ADAPTE,TRAVAUX,0,0,0,,,,,0,False,False
BOAMP:19-131601,SIREN:284400017,35.0,Cybersecurity,2019-08-29,48.0,True,2023-08-29,1,BOAMP:23-117688,51.45,0.5906,0.3701,0.6,True,0.7129,publication_date,sentence_transformers,PROCEDURE_ADAPTE,,0,0,0,,0.5906,,,1,True,False
BOAMP:19-131225,SIREN:284400017,35.0,Cybersecurity,2019-08-29,48.0,True,2023-08-29,1,BOAMP:23-117688,51.45,0.5576,0.2876,0.6,True,0.7129,publication_date,sentence_transformers,PROCEDURE_ADAPTE,FOURNITURES,0,0,0,,0.5576,,,1,True,False
BOAMP:19-131092,SIREN:284400017,35.0,Cybersecurity,2019-08-30,12.0,False,2020-08-29,1,BOAMP:20-67439,8.84,0.6686,0.5533,0.6,True,0.7364,publication_date,sentence_transformers,OUVERT,FOURNITURES,0,0,0,,0.6686,0.6455,0.02310000000000001,3,False,False
BOAMP:19-136955,SIREN:244900015,72.0,IT Services & Consulting,2019-09-10,12.0,False,2020-09-09,1,BOAMP:19-127477,7.72,0.5396,0.5272,0.2,True,0.6433,publication_date,sentence_transformers,PROCEDURE_ADAPTE,SERVICES,0,0,0,,0.5396,0.4189,0.12069999999999997,6,False,False
BOAMP:19-137030,SIREN:234400034,48.0,Software & Applications,2019-09-12,24.0,False,2021-09-11,1,BOAMP:22-72517,32.29,0.6098,0.3701,1.0,True,0.3089,publication_date,sentence_transformers,OUVERT,SERVICES,0,0,0,,0.6098,0.5494,0.06040000000000001,25,False,False
BOAMP:19-138013,NAME:chbr reg metiers artisanat nouv aquit,48.0,Software & Applications,2019-12-13,36.0,False,2022-12-12,0,,60.61,,,,,,attribution_award_date,none,OUVERT,SERVICES,0,0,0,,,,,0,False,False
BOAMP:19-141668,SIREN:288500010,35.0,Cybersecurity,2020-02-14,6.0,False,2020-08-14,0,,58.54,,,,,,attribution_award_date,none,RESTREINT,FOURNITURES,0,0,0,335000.0,,,,0,False,False
BOAMP:19-142610,SIREN:224900019,32.0,Telecom & Networks,2019-09-20,48.0,True,2023-09-20,1,BOAMP:23-106776,46.19,0.4069,0.2178,0.0,True,0.8491,publication_date,sentence_transformers,PROCEDURE_ADAPTE,FOURNITURES,0,0,0,,0.4069,0.3427,0.06419999999999998,3,False,False
BOAMP:19-145053,SIREN:227200029,72.0,IT Services & Consulting,2019-09-24,48.0,False,2023-09-24,1,BOAMP:23-139972,48.39,0.6323,0.5969,0.2,True,0.9675,publication_date,sentence_transformers,PROCEDURE_ADAPTE,SERVICES,0,0,0,220000.0,0.6323,0.5978,0.034499999999999975,6,False,False
BOAMP:19-145845,NAME:ctre hosp universitaire angers,72.0,IT Services & Consulting,2019-09-26,48.0,True,2023-09-26,1,BOAMP:23-61217,43.3,0.5107,0.4725,0.2,True,0.6082,publication_date,sentence_transformers,PROCEDURE_ADAPTE,SERVICES,0,0,0,,0.5107,0.4102,0.10050000000000003,5,False,False
BOAMP:19-144868,NAME:conseil general de la vendee,48.0,Cloud & Infrastructure,2019-09-26,24.0,False,2021-09-25,1,BOAMP:20-61728,13.07,0.3323,0.411,0.0,True,0.0896,publication_date,sentence_transformers,OUVERT,FOURNITURES,0,0,0,,0.3323,0.3227,0.009599999999999997,3,False,False
BOAMP:19-146419,SIREN:227200029,32.0,Telecom & Networks,2020-02-10,48.0,False,2024-02-10,1,BOAMP:24-18790,48.19,0.5415,0.4868,0.0,True,0.9839,attribution_award_date,sentence_transformers,OUVERT,SERVICES,0,0,0,360000.0,0.5415,0.5392,0.0022999999999999687,5,False,False
BOAMP:19-147943,SIREN:234400034,72.0,IT Services & Consulting,2019-12-27,24.0,False,2021-12-26,1,BOAMP:22-8616,24.77,0.5573,0.4254,0.2,True,0.9358,attribution_award_date,sentence_transformers,OUVERT,SERVICES,0,0,0,,0.5573,0.5195,0.037800000000000056,22,False,False
BOAMP:19-147530,SIREN:191700327,48.0,Software & Applications,2019-10-27,48.0,False,2023-10-27,0,,62.16,,,,,,attribution_award_date,none,OUVERT,FOURNITURES,0,0,0,,,,,0,False,False
BOAMP:19-150722,SIREN:214400475,31.0,Unknown,2019-10-04,48.0,True,2023-10-04,0,,62.91,,,,,,publication_date,none,PROCEDURE_ADAPTE,FOURNITURES,0,0,0,,,,,0,False,False
BOAMP:19-150176,NAME:chd vendee,72.0,IT Services & Consulting,2019-12-27,48.0,False,2023-12-27,1,BOAMP:23-45378,39.22,0.409,0.5131,0.0,True,0.2687,attribution_award_date,sentence_transformers,OUVERT,SERVICES,0,0,0,,0.409,,,1,True,False
BOAMP:19-151799,NAME:dir interregionale sces penitentiaires,45.0,Unknown,2019-10-07,48.0,True,2023-10-07,0,,62.81,,,,,,publication_date,none,PROCEDURE_ADAPTE,TRAVAUX,0,0,0,,,,,0,False,False
BOAMP:19-152227,NAME:ville du mans,72.0,IT Services & Consulting,2020-06-16,48.0,False,2024-06-16,1,BOAMP:24-67001,47.83,0.4469,0.2492,0.0,True,0.986,attribution_award_date,sentence_transformers,NEGOCIE,SERVICES,0,0,0,,0.4469,0.4077,0.03920000000000001,4,False,False
BOAMP:19-153997,SIREN:200054336,48.0,Software & Applications,2019-10-10,48.0,True,2023-10-10,1,BOAMP:24-33909,53.38,0.4723,0.53,0.0,True,0.5514,publication_date,sentence_transformers,PROCEDURE_ADAPTE,SERVICES,0,0,0,,0.4723,0.4133,0.059,3,False,False
BOAMP:19-154710,SIREN:218501914,72.0,IT Services & Consulting,2019-10-11,24.0,False,2021-10-10,0,,62.68,,,,,,publication_date,none,PROCEDURE_ADAPTE,SERVICES,0,0,0,,,,,0,False,False
BOAMP:19-155590,NAME:du marais poitevi,72.0,Digital Workplace & Collaboration,2019-12-20,48.0,False,2023-12-20,0,,60.38,,,,,,attribution_award_date,none,OUVERT,SERVICES,0,0,0,330000.0,,,,0,False,False
BOAMP:19-156899,NAME:nantes metropole,35.0,Cybersecurity,2020-01-22,48.0,False,2024-01-22,1,BOAMP:23-144303,44.91,0.46,0.4038,0.0,True,0.7423,attribution_award_date,sentence_transformers,OUVERT,FOURNITURES,0,0,0,,0.46,0.4533,0.006700000000000039,17,False,False
BOAMP:19-157359,SIREN:214401846,32.0,Telecom & Networks,2019-12-26,12.0,False,2020-12-25,1,BOAMP:20-109382,11.27,0.5286,0.4769,0.0,True,0.939,attribution_award_date,sentence_transformers,OUVERT,FOURNITURES,0,0,0,,0.5286,0.4361,0.09249999999999997,3,False,False
BOAMP:19-156761,NAME:ville d alencon,71.0,Software & Applications,2020-03-27,24.0,False,2022-03-27,1,BOAMP:21-19596,13.73,0.2919,0.2826,0.0,True,0.1443,attribution_award_date,sentence_transformers,OUVERT,SERVICES,0,0,0,900000.0,0.2919,,,1,True,False
BOAMP:19-159241,SIREN:130013097,48.0,Software & Applications,2019-10-20,12.0,False,2020-10-19,0,,62.39,,,,,,publication_date,none,OUVERT,SERVICES,0,0,0,,,,,0,False,False
BOAMP:19-160018,SIREN:198513905,32.0,Telecom & Networks,2019-10-21,1.0,False,2019-11-20,1,BOAMP:20-140005,12.88,0.802,1.0,1.0,True,0.0102,publication_date,sentence_transformers,PROCEDURE_ADAPTE,FOURNITURES,0,0,0,,0.802,,,1,True,False
BOAMP:19-160471,SIREN:247200132,72.0,Data & AI,2020-03-16,48.0,False,2024-03-16,1,BOAMP:23-169082,44.71,0.6146,0.5486,0.4,True,0.7259,attribution_award_date,sentence_transformers,PROCEDURE_ADAPTE,SERVICES,0,0,0,,0.6146,0.5113,0.10330000000000006,7,False,False
BOAMP:19-160506,SIREN:200054336,35.0,Cybersecurity,2020-01-09,36.0,False,2023-01-08,1,BOAMP:22-163765,35.09,0.5116,0.3171,0.2,True,0.9238,attribution_award_date,sentence_transformers,OUVERT,SERVICES,0,0,0,,0.5116,0.4674,0.04420000000000007,2,False,False
BOAMP:19-161349,NAME:cci metropolitaine bretagne ouest,48.0,Software & Applications,2019-10-25,48.0,True,2023-10-25,0,,62.22,,,,,,publication_date,none,NEGOCIE,SERVICES,0,0,0,,,,,0,False,False
BOAMP:19-165120,SIREN:264400136,32.0,Telecom & Networks,2019-10-30,12.0,False,2020-10-29,1,BOAMP:20-136269,12.32,0.5684,0.3094,0.4,True,0.9734,publication_date,sentence_transformers,PROCEDURE_ADAPTE,SERVICES|FOURNITURES,0,0,0,,0.5684,0.5145,0.05390000000000006,13,False,False
BOAMP:19-164716,NAME:conservatoire du littoral,72.0,Cybersecurity,2019-10-31,48.0,False,2023-10-31,1,BOAMP:23-117051,48.49,0.6804,0.7212,0.2,True,0.9593,publication_date,sentence_transformers,OUVERT,SERVICES,0,0,0,,0.6804,,,1,True,False
BOAMP:19-169855,SIREN:391722881,72.0,IT Services & Consulting,2019-11-12,36.0,False,2022-11-11,1,BOAMP:22-159813,36.73,0.5832,0.4882,0.2,True,0.9393,publication_date,sentence_transformers,PROCEDURE_ADAPTE,SERVICES,0,0,0,,0.5832,0.5066,0.0766,10,False,False
BOAMP:19-172484,NAME:spr pays de la loire,72.0,IT Services & Consulting,2020-02-10,18.0,False,2021-08-10,0,,58.67,,,,,,attribution_award_date,none,OUVERT,SERVICES,0,0,0,,,,,0,False,False
BOAMP:19-172734,NAME:ville du mans,37.0,Data & AI,2020-03-10,48.0,False,2024-03-10,1,BOAMP:24-22970,47.54,0.4407,0.246,0.0,True,0.9613,attribution_award_date,sentence_transformers,OUVERT,FOURNITURES,0,0,0,,0.4407,0.4348,0.005899999999999961,4,False,False
BOAMP:19-174809,SIREN:227200029,72.0,IT Services & Consulting,2019-11-20,48.0,True,2023-11-20,1,BOAMP:23-139972,46.52,0.6329,0.6441,0.2,True,0.8765,publication_date,sentence_transformers,PROCEDURE_ADAPTE,SERVICES,0,0,0,220000.0,0.6329,0.5757,0.05720000000000003,5,False,False
BOAMP:19-174098,SIREN:234400034,72.0,IT Services & Consulting,2019-11-21,24.0,False,2021-11-20,1,BOAMP:21-116891,25.72,0.7953,0.5601,1.0,True,0.8564,publication_date,sentence_transformers,OUVERT,SERVICES,0,0,0,,0.7953,0.6621,0.13319999999999999,30,False,True
BOAMP:19-175237,SIREN:217200542,45.0,Unknown,2019-11-21,48.0,True,2023-11-21,0,,61.33,,,,,,publication_date,none,PROCEDURE_ADAPTE,TRAVAUX,0,0,0,,,,,0,False,False
BOAMP:19-174412,NAME:semitan,72.0,IT Services & Consulting,2020-06-22,24.0,False,2022-06-22,1,BOAMP:22-141031,33.41,0.7413,0.7452,1.0,True,0.2158,attribution_award_date,sentence_transformers,NEGOCIE,SERVICES,0,0,0,,0.7413,0.6015,0.13979999999999992,9,False,True
BOAMP:19-177026,NAME:arafer,32.0,Telecom & Networks,2019-11-27,48.0,False,2023-11-27,0,,61.14,,,,,,publication_date,none,OUVERT,SERVICES,0,0,0,120000.0,,,,0,False,False
BOAMP:19-178175,SIREN:214401846,48.0,Software & Applications,2020-03-12,48.0,False,2024-03-12,1,BOAMP:23-50514,37.06,0.5828,0.4129,1.0,True,0.088,attribution_award_date,sentence_transformers,PROCEDURE_ADAPTE,FOURNITURES,0,0,0,,0.5828,0.5491,0.03369999999999995,10,False,False
BOAMP:19-177220,NAME:shema,45.0,Unknown,2019-11-28,18.0,False,2021-05-28,1,BOAMP:20-71239,6.24,0.7802,0.9406,1.0,True,0.0201,publication_date,sentence_transformers,OUVERT,TRAVAUX,0,0,0,,0.7802,,,1,True,False
BOAMP:19-172419,NAME:syndicat trivalis,45.0,Unknown,2019-11-29,48.0,True,2023-11-29,0,,61.07,,,,,,publication_date,none,PROCEDURE_ADAPTE,TRAVAUX,0,0,0,,,,,0,False,False
BOAMP:19-179524,SIREN:200054336,32.0,Telecom & Networks,2020-03-13,48.0,True,2024-03-13,1,BOAMP:24-33909,48.29,0.69,0.6122,0.4,True,0.9757,attribution_award_date,sentence_transformers,OUVERT,FOURNITURES,0,0,0,221000.0,0.69,0.635,0.05499999999999994,2,False,False
BOAMP:19-180395,NAME:e collectivites vendee,48.0,Software & Applications,2020-04-10,24.0,False,2022-04-10,1,BOAMP:22-103042,27.43,0.498,0.3879,0.2,True,0.7141,attribution_award_date,sentence_transformers,OUVERT,SERVICES,0,0,0,,0.498,,,1,True,False
BOAMP:19-181049,SIREN:233500016,72.0,Digital Workplace & Collaboration,2020-10-05,12.0,False,2021-10-05,1,BOAMP:22-24571,16.39,0.504,0.318,0.4,True,0.6339,attribution_award_date,sentence_transformers,NEGOCIE,SERVICES,0,0,0,,0.504,,,1,True,False
BOAMP:19-181393,SIREN:228500013,72.0,IT Services & Consulting,2020-03-11,48.0,True,2024-03-11,1,BOAMP:24-50203,49.57,0.4931,0.2982,0.2,True,0.8689,attribution_award_date,sentence_transformers,OUVERT,SERVICES,0,0,0,,0.4931,0.4478,0.04530000000000001,8,False,False
BOAMP:19-184534,SIREN:214400202,79.0,Telecom & Networks,2019-12-11,12.0,False,2020-12-10,1,BOAMP:20-61130,10.38,0.5622,0.598,0.0,True,0.8651,publication_date,sentence_transformers,PROCEDURE_ADAPTE,SERVICES,0,0,0,,0.5622,0.4607,0.10150000000000003,2,False,False
BOAMP:19-184300,NAME:cdc du pays de saint gilles cx de vie,32.0,Telecom & Networks,2019-12-12,24.0,False,2021-12-11,0,,60.64,,,,,,publication_date,none,OUVERT,FOURNITURES,0,0,0,,,,,0,False,False
BOAMP:19-184490,SIREN:234400034,72.0,IT Services & Consulting,2020-03-30,48.0,False,2024-03-30,1,BOAMP:23-73693,38.07,0.6216,0.7175,0.6,True,0.1729,attribution_award_date,sentence_transformers,OUVERT,SERVICES,0,0,0,,0.6216,0.5076,0.11399999999999999,10,False,False
BOAMP:19-187147,SIREN:214401846,48.0,Software & Applications,2020-03-26,48.0,False,2024-03-26,1,BOAMP:24-20340,46.85,0.5666,0.5895,0.0,True,0.9039,attribution_award_date,sentence_transformers,OUVERT,SERVICES,0,0,0,500000.0,0.5666,0.564,0.0026000000000000467,8,False,False
BOAMP:19-187630,NAME:conseil general de la vendee,32.0,Telecom & Networks,2020-04-15,48.0,True,2024-04-15,1,BOAMP:23-87983,38.3,0.3382,0.2495,0.2,True,0.1921,attribution_award_date,sentence_transformers,OUVERT,FOURNITURES,0,0,0,,0.3382,,,1,True,False
BOAMP:19-185581,SIREN:224900019,,Data & AI,2019-12-20,12.0,False,2020-12-19,1,BOAMP:20-70680,7.23,0.5155,0.2904,,False,0.6023,publication_date,sentence_transformers,PROCEDURE_ADAPTE,FOURNITURES,0,0,0,,0.5155,,,1,True,False
BOAMP:19-190109,SIREN:200054302,35.0,Cybersecurity,2019-12-20,48.0,True,2023-12-20,0,,60.38,,,,,,publication_date,none,PROCEDURE_ADAPTE,SERVICES,0,0,0,,,,,0,False,False
BOAMP:19-189641,NAME:cnes terres de montaigu,72.0,Cybersecurity,2020-08-03,24.0,False,2022-08-03,1,BOAMP:21-156687,15.83,0.4536,0.4743,0.2,True,0.3195,attribution_award_date,sentence_transformers,OUVERT,SERVICES,0,0,0,1220000.0,0.4536,0.3236,0.13,2,False,False
BOAMP:19-190328,SIREN:194909701,32.0,Telecom & Networks,2019-12-22,48.0,False,2023-12-22,1,BOAMP:22-150817,39.22,0.7844,0.8266,1.0,True,0.2687,publication_date,sentence_transformers,OUVERT,FOURNITURES,0,0,0,,0.7844,0.4469,0.33749999999999997,3,False,True
BOAMP:20-4011,NAME:cnieg,72.0,IT Services & Consulting,2020-05-29,24.0,False,2022-05-29,0,,55.09,,,,,,attribution_award_date,none,OUVERT,SERVICES,0,0,0,1200000.0,,,,0,False,False
BOAMP:20-6019,NAME:cte de communes de la blain,48.0,Software & Applications,2020-01-14,24.0,False,2022-01-13,1,BOAMP:21-141238,21.22,0.603,0.3714,,False,0.7685,publication_date,sentence_transformers,PROCEDURE_ADAPTE,FOURNITURES,0,0,0,,0.603,0.519,0.08399999999999996,3,False,False
BOAMP:20-5957,SIREN:234400034,72.0,IT Services & Consulting,2020-01-16,12.0,False,2021-01-15,1,BOAMP:20-142015,10.18,0.742,0.4307,1.0,True,0.8487,publication_date,sentence_transformers,OUVERT,SERVICES,0,0,0,,0.742,0.5882,0.15380000000000005,17,False,True
BOAMP:20-6008,NAME:ctre hosp universitaire angers,50.0,Data & AI,2020-06-09,12.0,False,2021-06-09,0,,54.73,,,,,,attribution_award_date,none,OUVERT,SERVICES,0,0,0,,,,,0,False,False
BOAMP:20-6485,NAME:cnieg,72.0,Cybersecurity,2020-05-25,24.0,False,2022-05-25,0,,55.22,,,,,,attribution_award_date,none,OUVERT,SERVICES,0,0,0,2000000.0,,,,0,False,False
BOAMP:20-8882,SIREN:532458809,,Unknown,2020-01-20,12.0,False,2021-01-19,1,BOAMP:21-3091,11.63,0.6489,0.3571,,False,0.9691,publication_date,sentence_transformers,PROCEDURE_ADAPTE,FOURNITURES,0,0,0,,0.6489,0.5184,0.13050000000000006,4,False,False
BOAMP:20-9474,SIREN:935367433,35.0,Cybersecurity,2020-01-21,36.0,False,2023-01-20,0,,59.33,,,,,,publication_date,none,PROCEDURE_ADAPTE,SERVICES,0,0,0,200000.0,,,,0,False,False
BOAMP:20-8874,SIREN:110006012,72.0,IT Services & Consulting,2020-10-14,12.0,False,2021-10-14,0,,50.56,,,,,,attribution_award_date,none,OUVERT,SERVICES,0,0,0,1000000.0,,,,0,False,False
BOAMP:20-8819,SIREN:214401432,18.0,Unknown,2020-10-15,12.0,False,2021-10-15,0,,50.53,,,,,,attribution_award_date,none,OUVERT,FOURNITURES,0,0,0,160000.0,,,,0,False,False
BOAMP:20-12202,SIREN:234400034,72.0,IT Services & Consulting,2020-06-11,12.0,False,2021-06-11,1,BOAMP:21-116891,19.05,0.7239,0.6036,1.0,True,0.4122,attribution_award_date,sentence_transformers,OUVERT,SERVICES,0,0,0,,0.7239,0.6326,0.09129999999999994,21,False,True
BOAMP:20-11443,SIREN:214401846,79.0,Cybersecurity,2020-05-29,12.0,False,2021-05-29,1,BOAMP:22-5921,23.55,0.5765,0.4226,1.0,True,0.0371,attribution_award_date,sentence_transformers,OUVERT,SERVICES,0,0,0,,0.5765,0.4818,0.0947,4,False,False
BOAMP:20-16671,SIREN:391722881,72.0,IT Maintenance & Support,2021-01-18,24.0,False,2023-01-18,1,BOAMP:22-159813,22.5,0.6598,0.5869,0.4,True,0.8753,attribution_award_date,sentence_transformers,NEGOCIE,SERVICES,0,0,0,,0.6598,0.6061,0.05370000000000008,9,False,False
BOAMP:20-20633,NAME:semitan,35.0,Cybersecurity,2020-02-10,12.0,False,2021-02-09,1,BOAMP:21-86348,21.62,0.3197,0.325,0.0,True,0.1986,publication_date,sentence_transformers,PROCEDURE_ADAPTE,FOURNITURES,0,0,0,,0.3197,,,1,True,False
BOAMP:20-23104,SIREN:180043010,72.0,IT Services & Consulting,2020-02-15,12.0,False,2021-02-14,1,BOAMP:21-11209,11.33,0.545,0.3903,0.2,True,0.9445,publication_date,sentence_transformers,OUVERT,SERVICES,0,0,0,,0.545,0.3831,0.16190000000000004,2,False,False
BOAMP:20-23300,SIREN:200048551,45.0,Unknown,2020-02-16,36.0,False,2023-02-15,0,,58.48,,,,,,publication_date,none,OUVERT,TRAVAUX,0,0,0,3000000.0,,,,0,False,False
BOAMP:20-27109,SIREN:214400202,32.0,Telecom & Networks,2020-02-23,12.0,False,2021-02-22,1,BOAMP:20-61130,7.95,0.9325,1.0,1.0,True,0.6625,publication_date,sentence_transformers,OUVERT,FOURNITURES,0,0,0,,0.9325,0.4621,0.4704,2,False,True
BOAMP:20-32737,SIREN:234400034,72.0,Digital Workplace & Collaboration,2020-03-05,12.0,False,2021-03-05,1,BOAMP:20-110309,10.25,0.5151,0.2357,0.4,True,0.8541,publication_date,sentence_transformers,OUVERT,SERVICES,0,0,0,,0.5151,0.4849,0.030200000000000005,10,False,False
BOAMP:20-34709,SIREN:546650169,79.0,IT Hardware & Equipment,2020-03-08,6.0,False,2020-09-06,0,,57.79,,,,,,publication_date,none,OUVERT,SERVICES,0,0,0,,,,,0,False,False
BOAMP:20-36082,SIREN:214400491,,Unknown,2020-03-10,1.0,False,2020-04-09,0,,57.72,,,,,,publication_date,none,PROCEDURE_ADAPTE,TRAVAUX,0,0,0,,,,,0,False,False
BOAMP:20-35774,SIREN:935367433,72.0,IT Services & Consulting,2020-10-26,12.0,False,2021-10-26,1,BOAMP:21-77546,7.46,0.7108,0.8413,0.4,True,0.6214,attribution_award_date,sentence_transformers,NEGOCIE,SERVICES,0,0,0,,0.7108,0.5538,0.15700000000000003,3,False,True
BOAMP:20-49128,NAME:epf de la vendee,79.0,Unknown,2020-07-07,6.0,False,2021-01-05,0,,53.81,,,,,,attribution_award_date,none,OUVERT,SERVICES,0,0,0,,,,,0,False,False
BOAMP:20-52846,SIREN:285300018,35.0,Cybersecurity,2020-11-12,12.0,False,2021-11-12,0,,49.61,,,,,,attribution_award_date,none,OUVERT,FOURNITURES,0,0,0,40000.0,,,,0,False,False
BOAMP:20-51762,SIREN:502035785,72.0,IT Services & Consulting,2020-07-16,12.0,False,2021-07-16,0,,53.52,,,,,,attribution_award_date,none,OUVERT,SERVICES,0,0,0,,,,,0,False,False
BOAMP:20-54010,SIREN:788058030,32.0,Telecom & Networks,2020-04-19,24.0,False,2022-04-19,0,,56.41,,,,,,publication_date,none,OUVERT,FOURNITURES,0,0,0,,,,,0,False,False
BOAMP:20-54626,SIREN:180043010,48.0,Software & Applications,2020-04-22,12.0,False,2021-04-22,1,BOAMP:21-11209,9.13,0.4546,0.381,0.0,True,0.7611,publication_date,sentence_transformers,NEGOCIE,FOURNITURES,0,0,0,195000.0,0.4546,0.3595,0.09510000000000002,2,False,False
BOAMP:20-56147,SIREN:200069474,32.0,Telecom & Networks,2020-04-23,12.0,False,2021-04-23,1,BOAMP:20-137453,6.57,0.6197,0.5132,,False,0.5475,publication_date,sentence_transformers,PROCEDURE_ADAPTE,TRAVAUX,0,0,0,,0.6197,0.5027,0.11699999999999999,3,False,False
BOAMP:20-56877,NAME:ville d ecouflant,32.0,Telecom & Networks,2020-04-24,4.0,False,2020-08-23,0,,56.24,,,,,,publication_date,none,PROCEDURE_ADAPTE,FOURNITURES,0,0,0,,,,,0,False,False
BOAMP:20-58079,SIREN:228500013,79.0,IT Maintenance & Support,2020-08-20,36.0,False,2023-08-20,1,BOAMP:23-43183,34.72,0.9337,0.8874,1.0,True,0.8937,attribution_award_date,sentence_transformers,OUVERT,SERVICES,0,0,0,,0.9337,0.5347,0.399,8,False,True
BOAMP:20-57925,SIREN:248500589,32.0,Telecom & Networks,2020-09-24,24.0,False,2022-09-24,1,BOAMP:21-63730,12.42,0.2447,0.2193,0.0,True,0.0348,attribution_award_date,sentence_transformers,OUVERT,FOURNITURES,0,0,0,370000.0,0.2447,,,1,True,False
BOAMP:20-61130,SIREN:214400202,32.0,Telecom & Networks,2020-10-22,12.0,False,2021-10-22,1,BOAMP:21-102565,9.03,0.4957,0.4879,0.0,True,0.7528,attribution_award_date,sentence_transformers,OUVERT,FOURNITURES,0,0,0,,0.4957,0.4873,0.008399999999999963,2,False,False
BOAMP:20-62727,SIREN:264400136,72.0,IT Services & Consulting,2020-08-05,12.0,False,2021-08-05,1,BOAMP:21-76925,14.29,0.5315,0.4241,0.2,True,0.8091,attribution_award_date,sentence_transformers,OUVERT,SERVICES,0,0,0,,0.5315,0.5168,0.014699999999999935,9,False,False
BOAMP:20-65753,SIREN:234400034,48.0,Software & Applications,2020-07-22,12.0,False,2021-07-22,1,BOAMP:21-67771,14.55,0.6903,0.7071,0.4,True,0.7872,attribution_award_date,sentence_transformers,OUVERT,FOURNITURES,0,0,0,,0.6903,0.6323,0.05800000000000005,21,False,False
BOAMP:20-68352,SIREN:935367433,72.0,IT Maintenance & Support,2020-05-28,12.0,False,2021-05-28,1,BOAMP:21-77546,12.42,0.8466,0.634,1.0,True,0.9652,publication_date,sentence_transformers,OUVERT,SERVICES,0,0,0,,0.8466,0.7936,0.05300000000000005,9,False,True
BOAMP:20-68923,SIREN:264400136,72.0,IT Services & Consulting,2020-05-29,12.0,False,2021-05-29,1,BOAMP:21-78563,12.35,0.6379,0.6094,0.2,True,0.9707,publication_date,sentence_transformers,OUVERT,SERVICES,0,0,0,,0.6379,0.5159,0.122,5,False,False
BOAMP:20-70268,SIREN:214401846,72.0,IT Services & Consulting,2020-09-28,25.0,False,2022-10-29,1,BOAMP:22-165686,26.54,0.542,0.4194,0.2,True,0.8713,attribution_award_date,sentence_transformers,PROCEDURE_ADAPTE,SERVICES,0,0,0,208000.0,0.542,0.4855,0.05650000000000005,6,False,False
BOAMP:20-70265,SIREN:228500013,35.0,Cybersecurity,2020-09-19,12.0,False,2021-09-19,1,BOAMP:22-51860,22.73,0.4047,0.584,0.0,True,0.1056,attribution_award_date,sentence_transformers,OUVERT,FOURNITURES,0,0,0,,0.4047,0.3582,0.046499999999999986,3,False,False
BOAMP:20-70855,SIREN:234400034,32.0,Telecom & Networks,2020-06-02,12.0,False,2021-06-02,1,BOAMP:21-86773,12.78,0.4656,0.3214,0.0,True,0.9351,publication_date,sentence_transformers,PROCEDURE_ADAPTE,SERVICES,0,0,0,,0.4656,0.4351,0.030500000000000027,15,False,False
BOAMP:20-70746,NAME:le mans,45.0,Unknown,2020-10-15,36.0,False,2023-10-15,1,BOAMP:22-148365,31.54,0.489,0.5334,0.0,True,0.6281,attribution_award_date,sentence_transformers,OUVERT,TRAVAUX,0,0,0,,0.489,0.4289,0.06009999999999999,3,False,False
BOAMP:20-71239,NAME:shema,45.0,Telecom & Networks,2020-06-05,18.0,False,2021-12-04,0,,54.86,,,,,,publication_date,none,OUVERT,TRAVAUX,0,0,0,,,,,0,False,False
BOAMP:20-72064,NAME:dir ouest,32.0,Telecom & Networks,2020-06-06,8.0,False,2021-02-04,0,,54.83,,,,,,publication_date,none,OUVERT,FOURNITURES,0,0,0,,,,,0,False,False
BOAMP:20-72791,SIREN:983291931,72.0,IT Services & Consulting,2020-09-21,16.0,False,2022-01-21,1,BOAMP:21-126360,13.21,0.9534,1.0,1.0,True,0.7672,attribution_award_date,sentence_transformers,OUVERT,SERVICES,0,0,0,1600000.0,0.9534,0.9216,0.03180000000000005,2,False,False
BOAMP:20-75569,NAME:crous de nantes,72.0,IT Services & Consulting,2020-10-27,12.0,False,2021-10-27,1,BOAMP:22-38732,18.73,0.4527,0.412,0.2,True,0.4396,attribution_award_date,sentence_transformers,OUVERT,SERVICES,0,0,0,,0.4527,,,1,True,False
BOAMP:20-77757,SIREN:213502883,50.0,Unknown,2020-06-19,12.0,False,2021-06-19,0,,54.4,,,,,,publication_date,none,OUVERT,SERVICES,0,0,0,,,,,0,False,False
BOAMP:20-78639,SIREN:200052702,39.0,Unknown,2020-09-21,6.0,False,2021-03-22,0,,51.31,,,,,,attribution_award_date,none,OUVERT,FOURNITURES,0,0,0,,,,,0,False,False
BOAMP:20-84141,SIREN:246100663,72.0,IT Services & Consulting,2020-10-30,12.0,False,2021-10-30,0,,50.03,,,,,,attribution_award_date,none,OUVERT,SERVICES,0,0,0,300000.0,,,,0,False,False
BOAMP:20-85580,NAME:communes vie et boulogne,72.0,IT Services & Consulting,2020-07-05,24.0,False,2022-07-05,0,,53.88,,,,,,publication_date,none,OUVERT,SERVICES,0,0,0,,,,,0,False,False
BOAMP:20-91479,SIREN:258500222,72.0,IT Services & Consulting,2021-01-07,24.0,False,2023-01-07,1,BOAMP:22-100677,22.04,0.6857,0.7958,0.2,True,0.8369,attribution_award_date,sentence_transformers,NEGOCIE,SERVICES,0,0,0,,0.6857,0.6661,0.01959999999999995,3,False,False
BOAMP:20-85492,SIREN:244900015,32.0,Telecom & Networks,2020-12-03,24.0,False,2022-12-03,1,BOAMP:22-120791,21.25,0.4638,0.2739,0.2,True,0.7712,attribution_award_date,sentence_transformers,OUVERT,FOURNITURES,0,0,0,1000000.0,0.4638,0.4177,0.046099999999999974,5,False,False
BOAMP:20-94462,NAME:le mans,48.0,Software & Applications,2020-10-06,12.0,False,2021-10-06,1,BOAMP:21-148700,15.51,0.5154,0.5595,0.0,True,0.7078,attribution_award_date,sentence_transformers,OUVERT,FOURNITURES,0,0,0,,0.5154,0.4961,0.019299999999999984,7,False,False
BOAMP:20-96647,SIREN:214401432,48.0,Software & Applications,2020-11-02,12.0,False,2021-11-02,1,BOAMP:22-140992,23.55,0.3474,0.4749,0.0,True,0.0371,attribution_award_date,sentence_transformers,OUVERT,FOURNITURES,0,0,0,,0.3474,,,1,True,False
BOAMP:20-97584,SIREN:391722881,72.0,IT Services & Consulting,2020-07-31,36.0,False,2023-07-31,1,BOAMP:23-38767,31.73,0.6566,0.3193,1.0,True,0.6445,publication_date,sentence_transformers,PROCEDURE_ADAPTE,FOURNITURES,0,0,0,,0.6566,0.5361,0.12049999999999994,10,False,False
BOAMP:20-98331,SIREN:214401846,79.0,Unknown,2020-08-03,36.0,False,2023-08-03,1,BOAMP:23-110154,35.94,0.6562,0.7679,0.0,True,0.995,publication_date,sentence_transformers,PROCEDURE_ADAPTE,SERVICES,0,0,0,210000.0,0.6562,0.5792,0.07699999999999996,9,False,False
BOAMP:20-98264,NAME:nantes metropole,72.0,IT Services & Consulting,2020-08-05,18.0,False,2022-02-03,1,BOAMP:22-133794,26.08,0.6938,0.5713,1.0,True,0.3263,publication_date,sentence_transformers,OUVERT,SERVICES,0,0,0,,0.6938,0.6411,0.05269999999999997,30,False,False
BOAMP:20-98214,NAME:nantes metropole,72.0,IT Services & Consulting,2020-08-05,18.0,False,2022-02-03,1,BOAMP:22-133794,26.08,0.6938,0.5713,1.0,True,0.3263,publication_date,sentence_transformers,OUVERT,SERVICES,0,0,0,,0.6938,0.6411,0.05269999999999997,30,False,False
BOAMP:20-98937,NAME:cap atlantique,35.0,Cybersecurity,2020-12-30,12.0,False,2021-12-30,0,,48.03,,,,,,attribution_award_date,none,OUVERT,FOURNITURES,0,0,0,200000.0,,,,0,False,False
BOAMP:20-100172,SIREN:246100663,72.0,IT Services & Consulting,2020-08-07,1.0,False,2020-09-06,0,,52.79,,,,,,publication_date,none,PROCEDURE_ADAPTE,SERVICES,0,0,0,200000.0,,,,0,False,False
BOAMP:20-106379,SIREN:194909701,48.0,Software & Applications,2020-08-29,36.0,False,2023-08-29,1,BOAMP:22-124106,24.61,0.5601,1.0,0.0,True,0.0505,publication_date,sentence_transformers,OUVERT,FOURNITURES,0,0,0,,0.5601,0.4437,0.11640000000000006,5,False,False
BOAMP:20-107792,NAME:com d agglo reg nazairienne estuaire,72.0,IT Services & Consulting,2021-01-07,12.0,False,2022-01-07,1,BOAMP:21-67958,8.77,0.5432,0.3675,0.4,True,0.7309,attribution_award_date,sentence_transformers,PROCEDURE_ADAPTE,SERVICES,0,0,0,,0.5432,0.5173,0.025900000000000034,4,False,False
BOAMP:20-109382,SIREN:214401846,30.0,IT Hardware & Equipment,2020-12-03,12.0,False,2021-12-03,1,BOAMP:21-101248,11.01,0.5078,0.436,0.0,True,0.9171,attribution_award_date,sentence_transformers,OUVERT,FOURNITURES,0,0,0,,0.5078,0.416,0.09180000000000005,4,False,False
BOAMP:20-110872,NAME:cte de cnes du pays d ancenis,50.0,Telecom & Networks,2020-09-09,36.0,False,2023-09-09,0,,51.71,,,,,,publication_date,none,PROCEDURE_ADAPTE,SERVICES,0,0,0,,,,,0,False,False
BOAMP:20-110309,SIREN:234400034,72.0,IT Services & Consulting,2021-01-11,6.0,False,2021-07-12,1,BOAMP:21-126684,11.96,0.5819,0.5779,0.4,True,0.5035,attribution_award_date,sentence_transformers,OUVERT,SERVICES,0,0,0,,0.5819,0.5425,0.03939999999999999,15,False,False
BOAMP:20-111698,SIREN:234400034,32.0,Telecom & Networks,2020-12-04,12.0,False,2021-12-04,1,BOAMP:21-67771,10.12,0.5932,0.6863,0.0,True,0.8432,attribution_award_date,sentence_transformers,OUVERT,FOURNITURES,0,0,0,,0.5932,0.574,0.019199999999999995,19,False,False
BOAMP:20-114032,SIREN:214400269,35.0,Cybersecurity,2020-09-17,12.0,False,2021-09-17,0,,51.45,,,,,,publication_date,none,PROCEDURE_ADAPTE,FOURNITURES,0,0,0,,,,,0,False,False
BOAMP:20-114106,SIREN:194909701,72.0,IT Services & Consulting,2020-09-19,36.0,False,2023-09-19,1,BOAMP:22-150817,30.29,0.4528,0.4949,0.0,True,0.5241,publication_date,sentence_transformers,OUVERT,SERVICES,0,0,0,,0.4528,0.376,0.07679999999999998,7,False,False
BOAMP:20-114714,SIREN:935367433,72.0,IT Maintenance & Support,2021-02-01,12.0,False,2022-02-01,0,,46.94,,,,,,attribution_award_date,none,OUVERT,SERVICES,0,0,0,,,,,0,False,False
BOAMP:20-115241,NAME:le mans,48.0,Software & Applications,2021-02-08,12.0,False,2022-02-08,1,BOAMP:21-139293,12.98,0.5275,0.3595,0.2,True,0.9186,attribution_award_date,sentence_transformers,OUVERT,FOURNITURES,0,0,0,,0.5275,0.4536,0.07389999999999997,7,False,False
BOAMP:20-117677,SIREN:935367433,30.0,IT Hardware & Equipment,2021-01-19,12.0,False,2022-01-19,0,,47.37,,,,,,attribution_award_date,none,OUVERT,FOURNITURES,0,0,0,,,,,0,False,False
BOAMP:20-118247,SIREN:214401622,72.0,Cybersecurity,2020-12-16,24.0,False,2022-12-16,1,BOAMP:23-118784,32.23,0.6067,0.3595,1.0,True,0.3144,attribution_award_date,sentence_transformers,OUVERT,SERVICES,0,0,0,,0.6067,0.5089,0.0978,4,False,False
BOAMP:20-119807,SIREN:200071876,,IT Maintenance & Support,2020-10-01,36.0,False,2023-10-01,1,BOAMP:24-25465,40.97,0.4959,0.2617,,False,0.5862,publication_date,sentence_transformers,PROCEDURE_ADAPTE,FOURNITURES,0,0,0,,0.4959,0.4769,0.019000000000000017,2,False,False
BOAMP:20-120399,SIREN:194909701,90.0,Unknown,2021-02-02,36.0,False,2024-02-02,1,BOAMP:24-65191,40.08,0.3684,0.2159,0.0,True,0.6601,attribution_award_date,sentence_transformers,OUVERT,SERVICES,0,0,0,,0.3684,0.3225,0.045899999999999996,2,False,False
BOAMP:20-120545,SIREN:130001704,32.0,Telecom & Networks,2020-12-03,12.0,False,2021-12-03,0,,48.92,,,,,,attribution_award_date,none,OUVERT,FOURNITURES,0,0,0,300000.0,,,,0,False,False
BOAMP:20-124045,SIREN:234400034,72.0,Cybersecurity,2021-02-02,24.0,False,2023-02-02,1,BOAMP:23-69310,27.56,0.5136,0.3075,0.4,True,0.7031,attribution_award_date,sentence_transformers,OUVERT,SERVICES,0,0,0,,0.5136,0.4909,0.022699999999999942,21,False,False
BOAMP:20-125567,SIREN:234400034,48.0,Cloud & Infrastructure,2021-02-26,12.0,False,2022-02-26,1,BOAMP:21-67771,7.36,0.7693,0.6166,1.0,True,0.6132,attribution_award_date,sentence_transformers,OUVERT,FOURNITURES,0,0,0,,0.7693,0.6188,0.15049999999999997,21,False,True
BOAMP:20-133527,SIREN:228500013,72.0,IT Services & Consulting,2021-03-01,24.0,False,2023-03-01,1,BOAMP:22-166698,21.58,0.7952,0.7137,0.8,True,0.7986,attribution_award_date,sentence_transformers,OUVERT,SERVICES,0,0,0,,0.7952,0.6122,0.18300000000000005,9,False,True
BOAMP:20-137453,SIREN:200069474,,Data & AI,2020-11-09,4.0,False,2021-03-10,1,BOAMP:21-123669,10.18,0.5834,0.4765,,False,0.4847,publication_date,sentence_transformers,PROCEDURE_ADAPTE,FOURNITURES,0,0,0,,0.5834,,,1,True,False
BOAMP:20-138135,SIREN:234400034,32.0,Telecom & Networks,2021-02-10,12.0,False,2022-02-10,1,BOAMP:21-116891,11.04,0.5669,0.5825,0.0,True,0.9198,attribution_award_date,sentence_transformers,OUVERT,FOURNITURES,0,0,0,,0.5669,0.5584,0.008499999999999952,19,False,False
BOAMP:20-142134,NAME:nantes metropole,32.0,Telecom & Networks,2020-11-20,5.5,False,2021-05-06,1,BOAMP:21-76634,6.54,0.5293,0.2414,0.4,True,0.9135,publication_date,sentence_transformers,PROCEDURE_ADAPTE,TRAVAUX,0,0,0,,0.5293,0.4712,0.058099999999999985,14,False,False
BOAMP:20-142015,SIREN:234400034,72.0,IT Services & Consulting,2020-11-21,36.0,False,2023-11-21,1,BOAMP:23-134735,34.23,0.7448,0.4356,1.0,True,0.8526,publication_date,sentence_transformers,OUVERT,SERVICES,0,0,0,,0.7448,0.6997,0.04510000000000003,16,False,False
BOAMP:20-143091,SIREN:130029747,38.0,Unknown,2021-04-27,12.0,False,2022-04-27,0,,44.15,,,,,,attribution_award_date,none,OUVERT,FOURNITURES,0,0,0,,,,,0,False,False
BOAMP:20-148013,SIREN:935367433,45.0,Data & AI,2020-12-05,22.0,False,2022-10-05,0,,48.85,,,,,,publication_date,none,OUVERT,TRAVAUX,0,0,0,,,,,0,False,False
BOAMP:20-149977,NAME:cte cnes du pays de chateau de gontier,64.0,Digital Workplace & Collaboration,2020-12-11,24.0,False,2022-12-11,0,,48.65,,,,,,publication_date,none,OUVERT,SERVICES,0,0,0,,,,,0,False,False
BOAMP:20-154115,SIREN:576150270,34.0,Cybersecurity,2021-02-11,3.0,False,2021-05-13,0,,46.62,,,,,,attribution_award_date,none,OUVERT,FOURNITURES,0,0,0,,,,,0,False,False
BOAMP:20-155284,SIREN:234400034,79.0,Unknown,2020-12-20,12.0,False,2021-12-20,1,BOAMP:21-130956,12.06,0.5654,0.4158,0.2,True,0.9953,publication_date,sentence_transformers,OUVERT,SERVICES,0,0,0,,0.5654,0.541,0.024399999999999977,17,False,False
BOAMP:20-155309,SIREN:228500013,72.0,IT Services & Consulting,2021-03-11,24.0,False,2023-03-11,1,BOAMP:22-166698,21.25,0.8333,0.8228,0.8,True,0.7712,attribution_award_date,sentence_transformers,OUVERT,SERVICES,0,0,0,,0.8333,0.6195,0.2138,9,False,True
BOAMP:21-11209,SIREN:180043010,72.0,IT Services & Consulting,2021-01-25,5.0,False,2021-06-26,0,,47.17,,,,,,publication_date,none,PROCEDURE_ADAPTE,SERVICES,0,0,0,138500.0,,,,0,False,False
BOAMP:21-12643,NAME:sec gal pour l adm min interieur ouest,45.0,Telecom & Networks,2021-01-27,6.0,False,2021-07-28,0,,47.11,,,,,,publication_date,none,PROCEDURE_ADAPTE,TRAVAUX,0,0,0,,,,,0,False,False
BOAMP:21-16407,NAME:communaute d agglomeration du niortais,72.0,IT Services & Consulting,2021-02-04,12.0,False,2022-02-04,0,,46.85,,,,,,publication_date,none,PROCEDURE_ADAPTE,SERVICES,0,0,0,,,,,0,False,False
BOAMP:21-16505,SIREN:234400034,72.0,Cybersecurity,2021-05-10,12.0,False,2022-05-10,1,BOAMP:22-20320,11.1,0.6293,0.6106,0.2,True,0.9253,attribution_award_date,sentence_transformers,OUVERT,SERVICES,0,0,0,,0.6293,0.5684,0.060899999999999954,19,False,False
BOAMP:21-20759,NAME:arafer,,Cloud & Infrastructure,2021-02-12,24.0,False,2023-02-12,0,,46.58,,,,,,publication_date,none,PROCEDURE_ADAPTE,SERVICES,0,0,0,138000.0,,,,0,False,False
BOAMP:21-19596,NAME:ville d alencon,72.0,IT Services & Consulting,2021-05-19,12.0,False,2022-05-19,0,,43.43,,,,,,attribution_award_date,none,OUVERT,SERVICES,0,0,0,240000.0,,,,0,False,False
BOAMP:21-22700,SIREN:110006012,72.0,IT Services & Consulting,2021-03-12,24.0,False,2023-03-12,1,BOAMP:23-61473,25.79,0.6678,0.744,0.2,True,0.851,attribution_award_date,sentence_transformers,OUVERT,SERVICES,0,0,1,,0.6678,0.5168,0.1509999999999999,2,False,False
BOAMP:21-25043,SIREN:214400269,,Data & AI,2021-02-23,6.0,False,2021-08-24,0,,46.22,,,,,,publication_date,none,PROCEDURE_ADAPTE,FOURNITURES,0,0,0,,,,,0,False,False
BOAMP:21-25103,SIREN:200082139,22.0,Cybersecurity,2021-02-25,12.0,False,2022-02-25,0,,46.16,,,,,,publication_date,none,OUVERT,FOURNITURES,0,0,0,180000.0,,,,0,False,False
BOAMP:21-26779,SIREN:234400034,72.0,Cybersecurity,2021-06-14,24.0,False,2023-06-14,1,BOAMP:23-73693,23.59,0.6032,0.4001,0.4,True,0.9656,attribution_award_date,sentence_transformers,OUVERT,SERVICES,0,0,0,,0.6032,0.5474,0.05579999999999996,18,False,False
BOAMP:21-29818,NAME:soc publique reg abe de fontevraud,32.0,Telecom & Networks,2021-05-10,5.0,False,2021-10-09,1,BOAMP:22-28887,11.4,0.8933,1.0,1.0,True,0.4667,attribution_award_date,sentence_transformers,OUVERT,FOURNITURES,0,0,0,380000.0,0.8933,,,1,True,False
BOAMP:21-30450,NAME:crdc le lieu unique,32.0,Telecom & Networks,2021-03-11,5.0,False,2021-08-10,0,,45.7,,,,,,publication_date,none,OUVERT,FOURNITURES,0,0,0,38000.0,,,,0,False,False
BOAMP:21-32692,NAME:ircec,72.0,IT Maintenance & Support,2021-03-13,12.0,False,2022-03-13,0,,45.63,,,,,,publication_date,none,OUVERT,SERVICES,0,0,0,,,,,0,False,False
BOAMP:21-35939,SIREN:935367433,72.0,IT Services & Consulting,2021-03-19,12.0,False,2022-03-19,0,,45.43,,,,,,publication_date,none,OUVERT,SERVICES,0,0,0,,,,,0,False,False
BOAMP:21-36205,SIREN:935367433,72.0,IT Services & Consulting,2021-03-20,12.0,False,2022-03-20,0,,45.4,,,,,,publication_date,none,OUVERT,SERVICES,0,0,0,,,,,0,False,False
BOAMP:21-37354,NAME:le mans,48.0,Software & Applications,2021-03-21,12.0,False,2022-03-21,1,BOAMP:21-139293,11.63,0.4934,0.249,0.2,True,0.9691,publication_date,sentence_transformers,OUVERT,FOURNITURES,0,0,0,,0.4934,0.4598,0.03360000000000002,5,False,False
BOAMP:21-39936,SIREN:214401580,32.0,Telecom & Networks,2021-06-24,4.0,False,2021-10-23,1,BOAMP:22-122102,14.62,0.3654,0.3561,0.2,True,0.1151,attribution_award_date,sentence_transformers,OUVERT,FOURNITURES,0,0,0,,0.3654,,,1,True,False
BOAMP:21-46043,SIREN:234400034,72.0,IT Services & Consulting,2021-06-30,12.0,False,2022-06-30,1,BOAMP:22-29878,12.35,0.6565,0.781,0.0,True,0.9707,attribution_award_date,sentence_transformers,OUVERT,SERVICES,0,0,0,,0.6565,0.5897,0.06679999999999997,24,False,False
BOAMP:21-50713,NAME:le mans,,Software & Applications,2021-04-15,12.0,False,2022-04-15,1,BOAMP:22-39260,11.01,0.6356,0.3583,,False,0.9171,publication_date,sentence_transformers,PROCEDURE_ADAPTE,FOURNITURES,0,0,0,,0.6356,0.6085,0.027100000000000013,6,False,False
BOAMP:21-51104,SIREN:391722881,72.0,IT Services & Consulting,2022-02-21,12.0,False,2023-02-21,1,BOAMP:22-159813,9.4,0.7078,0.878,0.2,True,0.783,attribution_award_date,sentence_transformers,NEGOCIE,SERVICES,0,0,0,,0.7078,0.6477,0.06009999999999993,8,False,True
BOAMP:21-51620,SIREN:935367433,72.0,IT Services & Consulting,2021-04-18,12.0,False,2022-04-18,0,,44.45,,,,,,publication_date,none,OUVERT,SERVICES,0,0,0,,,,,0,False,False
BOAMP:21-53976,SIREN:225300011,72.0,IT Services & Consulting,2021-04-22,12.0,False,2022-04-22,1,BOAMP:22-94102,14.42,0.6673,0.2691,1.0,True,0.7982,publication_date,sentence_transformers,PROCEDURE_ADAPTE,SERVICES,0,0,0,,0.6673,0.588,0.07930000000000004,12,False,False
BOAMP:21-53955,SIREN:130001704,72.0,IT Services & Consulting,2021-04-24,12.0,False,2022-04-24,0,,44.25,,,,,,publication_date,none,OUVERT,SERVICES,0,0,0,1000000.0,,,,0,False,False
BOAMP:21-53968,SIREN:935367433,72.0,IT Services & Consulting,2021-04-24,12.0,False,2022-04-24,0,,44.25,,,,,,publication_date,none,OUVERT,SERVICES,0,0,0,,,,,0,False,False
BOAMP:21-57207,SIREN:234400034,35.0,Cybersecurity,2021-04-30,7.0,False,2021-11-29,1,BOAMP:22-8616,8.67,0.4762,0.3851,0.0,True,0.8606,publication_date,sentence_transformers,OUVERT,FOURNITURES,0,0,0,,0.4762,0.4041,0.0721,6,False,False
BOAMP:21-57288,SIREN:532458809,45.0,Data & AI,2021-08-31,30.0,False,2024-03-01,1,BOAMP:23-167186,27.07,0.4435,0.3558,0.0,True,0.7558,attribution_award_date,sentence_transformers,OUVERT,TRAVAUX,0,0,0,,0.4435,0.3622,0.08129999999999998,2,False,False
BOAMP:21-62138,SIREN:234400034,35.0,Cybersecurity,2021-05-07,4.0,False,2021-09-05,1,BOAMP:22-8616,8.44,0.3588,0.2072,0.0,True,0.6298,publication_date,sentence_transformers,PROCEDURE_ADAPTE,FOURNITURES,0,0,0,,0.3588,,,1,True,False
BOAMP:21-50135,NAME:cte de communes du pays des herbiers,18.0,Unknown,2021-08-09,12.0,False,2022-08-09,1,BOAMP:23-101767,23.32,0.4096,0.621,0.0,True,0.0563,attribution_award_date,sentence_transformers,OUVERT,FOURNITURES,0,0,0,38000.0,0.4096,,,1,True,False
BOAMP:21-68348,NAME:inra angers nantes,32.0,Telecom & Networks,2021-12-14,12.0,False,2022-12-14,0,,36.56,,,,,,attribution_award_date,none,NEGOCIE,FOURNITURES,0,0,0,,,,,0,False,False
BOAMP:21-67771,SIREN:234400034,48.0,Cloud & Infrastructure,2021-10-08,12.0,False,2022-10-08,1,BOAMP:22-85365,13.01,0.664,0.7021,0.2,True,0.9159,attribution_award_date,sentence_transformers,OUVERT,FOURNITURES,0,0,0,,0.664,0.6536,0.010400000000000076,24,False,False
BOAMP:21-69124,SIREN:935367433,35.0,Cybersecurity,2021-05-23,12.0,False,2022-05-23,0,,43.3,,,,,,publication_date,none,OUVERT,FOURNITURES,0,0,0,,,,,0,False,False
BOAMP:21-67894,SIREN:200071678,43.0,Data & AI,2021-12-09,12.0,False,2022-12-09,0,,36.73,,,,,,attribution_award_date,none,OUVERT,FOURNITURES,0,0,0,4500.0,,,,0,False,False
BOAMP:21-76925,SIREN:264400136,72.0,IT Services & Consulting,2021-10-14,12.0,False,2022-10-14,1,BOAMP:22-87982,8.28,0.7271,0.4729,1.0,True,0.6899,attribution_award_date,sentence_transformers,OUVERT,SERVICES,0,0,0,,0.7271,0.5133,0.2138,6,False,True
BOAMP:21-77546,SIREN:935367433,72.0,IT Maintenance & Support,2021-06-10,12.0,False,2022-06-10,0,,42.71,,,,,,publication_date,none,OUVERT,SERVICES,0,0,0,,,,,0,False,False
BOAMP:21-77933,SIREN:830955068,72.0,Digital Workplace & Collaboration,2021-07-27,12.0,False,2022-07-27,0,,41.16,,,,,,attribution_award_date,none,OUVERT,SERVICES,0,0,0,300000.0,,,,0,False,False
BOAMP:21-78101,SIREN:247200132,39.0,Unknown,2021-11-16,4.0,False,2022-03-17,1,BOAMP:22-105384,14.59,0.7848,0.9031,1.0,True,0.1178,attribution_award_date,sentence_transformers,OUVERT,FOURNITURES,0,0,0,,0.7848,0.3482,0.43660000000000004,4,False,True
BOAMP:21-78393,SIREN:935367433,72.0,IT Services & Consulting,2021-06-11,12.0,False,2022-06-11,0,,42.67,,,,,,publication_date,none,OUVERT,SERVICES,0,0,0,,,,,0,False,False
BOAMP:21-79975,NAME:epsilon centrale d achat informatique,72.0,IT Services & Consulting,2021-06-13,24.0,False,2023-06-13,1,BOAMP:24-3414,30.95,0.4652,0.4524,0.2,True,0.4212,publication_date,sentence_transformers,OUVERT,SERVICES,0,0,0,650000.0,0.4652,,,1,True,False
BOAMP:21-81812,SIREN:200071553,48.0,Cloud & Infrastructure,2021-10-27,12.0,False,2022-10-27,0,,38.14,,,,,,attribution_award_date,none,OUVERT,FOURNITURES,0,0,0,360000.0,,,,0,False,False
BOAMP:21-82013,SIREN:130025919,72.0,Cybersecurity,2021-06-18,18.0,False,2022-12-17,0,,42.44,,,,,,publication_date,none,OUVERT,SERVICES,0,0,0,1750000.0,,,,0,False,False
BOAMP:21-86124,NAME:sydela,32.0,Telecom & Networks,2021-06-23,24.0,False,2023-06-23,0,,42.28,,,,,,publication_date,none,PROCEDURE_ADAPTE,SERVICES,0,0,0,,,,,0,False,False
BOAMP:21-87993,SIREN:172800013,45.0,Unknown,2021-06-25,8.0,False,2022-02-23,0,,42.21,,,,,,publication_date,none,PROCEDURE_ADAPTE,TRAVAUX,0,0,0,,,,,0,False,False
BOAMP:21-86348,NAME:semitan,72.0,IT Services & Consulting,2021-11-29,24.0,False,2023-11-29,1,BOAMP:23-48532,24.41,0.6173,0.5602,0.2,True,0.9659,attribution_award_date,sentence_transformers,NEGOCIE,SERVICES,0,0,0,,0.6173,0.5414,0.07589999999999997,9,False,False
BOAMP:21-86773,SIREN:234400034,79.0,Unknown,2021-06-26,24.0,False,2023-06-26,1,BOAMP:23-87870,23.95,0.5667,0.4189,0.2,True,0.9957,publication_date,sentence_transformers,OUVERT,SERVICES,0,0,0,,0.5667,0.5467,0.020000000000000018,19,False,False
BOAMP:21-88585,SIREN:922749635,32.0,Telecom & Networks,2021-10-27,12.0,False,2022-10-27,0,,38.14,,,,,,attribution_award_date,none,OUVERT,FOURNITURES,0,0,0,50000.0,,,,0,False,False
BOAMP:21-88617,SIREN:200071876,48.0,Software & Applications,2021-06-30,12.0,False,2022-06-30,0,,42.05,,,,,,publication_date,none,OUVERT,FOURNITURES,0,0,0,,,,,0,False,False
BOAMP:21-89893,NAME:communaute d agglomeration du niortais,72.0,IT Services & Consulting,2021-07-02,24.0,False,2023-07-02,1,BOAMP:23-32316,20.2,0.4755,0.4719,0.0,True,0.6836,publication_date,sentence_transformers,OUVERT,SERVICES,0,0,0,250000.0,0.4755,0.3844,0.09109999999999996,2,False,False
BOAMP:21-91773,SIREN:391722881,72.0,Digital Workplace & Collaboration,2021-07-04,24.0,False,2023-07-04,1,BOAMP:22-74813,21.42,0.654,0.7427,0.2,True,0.7849,publication_date,sentence_transformers,NEGOCIE,SERVICES,0,0,1,,0.654,0.6066,0.0474,9,False,False
BOAMP:21-93999,SIREN:200069474,35.0,Cybersecurity,2021-07-09,12.0,False,2022-07-09,0,,41.75,,,,,,publication_date,none,OUVERT,FOURNITURES,0,0,0,83200.0,,,,0,False,False
BOAMP:21-97121,SIREN:244400438,72.0,Cybersecurity,2021-10-11,24.0,False,2023-10-11,0,,38.67,,,,,,attribution_award_date,none,OUVERT,SERVICES,0,0,0,1600000.0,,,,0,False,False
BOAMP:21-99793,NAME:sgami ouest,32.0,Telecom & Networks,2021-07-16,5.0,False,2021-12-15,0,,41.52,,,,,,publication_date,none,PROCEDURE_ADAPTE,TRAVAUX,0,0,0,,,,,0,False,False
BOAMP:21-101248,SIREN:214401846,48.0,Software & Applications,2021-11-03,12.0,False,2022-11-03,1,BOAMP:23-65926,18.33,0.6207,0.3156,1.0,True,0.4724,attribution_award_date,sentence_transformers,OUVERT,FOURNITURES,0,0,0,150000.0,0.6207,0.5202,0.10050000000000003,10,False,False
BOAMP:21-102565,SIREN:214400202,35.0,Cybersecurity,2021-07-24,7.0,False,2022-02-22,1,BOAMP:22-19299,11.47,0.4659,0.4759,0.0,True,0.6279,publication_date,sentence_transformers,OUVERT,FOURNITURES,0,0,0,342282.0,0.4659,,,1,True,False
BOAMP:21-103746,NAME:ville du mans,,Data & AI,2021-07-26,24.0,False,2023-07-26,1,BOAMP:23-83529,22.73,0.7258,0.5387,,False,0.8944,publication_date,sentence_transformers,PROCEDURE_ADAPTE,FOURNITURES,0,0,0,120600.0,0.7258,0.4209,0.3049,3,False,True
BOAMP:21-114338,NAME:cc du pays de st fulgent les essarts,72.0,IT Services & Consulting,2021-08-24,18.0,False,2023-02-22,0,,40.24,,,,,,publication_date,none,PROCEDURE_ADAPTE,,0,0,0,,,,,0,False,False
BOAMP:21-118586,NAME:le mans,35.0,Cybersecurity,2021-09-05,12.0,False,2022-09-05,1,BOAMP:22-69458,13.44,0.6392,0.7828,0.0,True,0.8803,publication_date,sentence_transformers,OUVERT,FOURNITURES,0,0,0,,0.6392,0.6048,0.034399999999999986,8,False,False
BOAMP:21-120100,SIREN:215601071,35.0,Cybersecurity,2021-09-10,6.0,False,2022-03-11,0,,39.68,,,,,,publication_date,none,OUVERT,FOURNITURES,0,0,0,,,,,0,False,False
BOAMP:21-125862,NAME:groupement d achats de l herm,15.0,Unknown,2021-09-22,12.0,False,2022-09-22,0,,39.29,,,,,,publication_date,none,OUVERT,FOURNITURES,0,0,0,,,,,0,False,False
BOAMP:21-125536,NAME:crous de nantes,72.0,IT Services & Consulting,2021-09-22,12.0,False,2022-09-22,1,BOAMP:22-38732,7.88,0.6774,0.3651,1.0,True,0.657,publication_date,sentence_transformers,OUVERT,SERVICES,0,0,0,,0.6774,,,1,True,False
BOAMP:21-125688,SIREN:546650169,72.0,IT Services & Consulting,2021-12-08,12.0,False,2022-12-08,1,BOAMP:22-93332,9.59,0.5803,0.5512,0.2,True,0.7994,attribution_award_date,sentence_transformers,OUVERT,SERVICES,0,0,0,,0.5803,,,1,True,False
BOAMP:21-126360,SIREN:983291931,72.0,IT Services & Consulting,2021-10-28,6.0,False,2022-04-28,0,,38.11,,,,,,attribution_award_date,none,OUVERT,SERVICES,0,0,0,,,,,0,False,False
BOAMP:21-126684,SIREN:234400034,72.0,Cybersecurity,2022-01-10,24.0,False,2024-01-10,1,BOAMP:23-160148,22.21,0.5131,0.2324,0.4,True,0.8506,attribution_award_date,sentence_transformers,OUVERT,SERVICES,0,0,0,,0.5131,0.4754,0.03770000000000001,13,False,False
BOAMP:21-128976,SIREN:327822177,72.0,IT Services & Consulting,2022-02-21,12.0,False,2023-02-21,0,,34.3,,,,,,attribution_award_date,none,NEGOCIE,SERVICES,0,0,0,,,,,0,False,False
BOAMP:21-121431,SIREN:532458809,32.0,Telecom & Networks,2021-09-30,12.0,False,2022-09-30,1,BOAMP:22-72719,10.12,0.4532,0.3364,0.0,True,0.8432,publication_date,sentence_transformers,PROCEDURE_ADAPTE,FOURNITURES,0,0,0,,0.4532,0.4017,0.05149999999999999,3,False,False
BOAMP:21-129937,SIREN:214401093,72.0,IT Services & Consulting,2021-10-01,24.0,False,2023-10-01,1,BOAMP:23-31575,23.32,0.4933,0.2615,0.2,True,0.9437,publication_date,sentence_transformers,OUVERT,SERVICES,0,0,0,214000.0,0.4933,0.4787,0.014600000000000002,6,False,False
BOAMP:21-130956,SIREN:234400034,79.0,Software & Applications,2021-12-22,24.0,False,2023-12-22,1,BOAMP:23-174149,23.78,0.5065,0.4003,0.0,True,0.982,attribution_award_date,sentence_transformers,OUVERT,SERVICES,0,0,0,,0.5065,0.4942,0.012299999999999978,16,False,False
BOAMP:21-137487,SIREN:546650169,72.0,IT Services & Consulting,2021-12-08,12.0,False,2022-12-08,1,BOAMP:22-93332,9.59,0.8515,0.7291,1.0,True,0.7994,attribution_award_date,sentence_transformers,OUVERT,SERVICES,0,0,0,,0.8515,,,1,True,False
BOAMP:21-137461,NAME:cnes terres de montaigu,45.0,Unknown,2021-10-15,12.0,False,2022-10-15,0,,38.53,,,,,,publication_date,none,OUVERT,TRAVAUX,0,0,0,1600000.0,,,,0,False,False
BOAMP:21-141754,SIREN:200071900,45.0,Software & Applications,2021-10-21,5.0,False,2022-03-22,0,,38.34,,,,,,publication_date,none,PROCEDURE_ADAPTE,TRAVAUX,0,0,0,,,,,0,False,False
BOAMP:21-142218,SIREN:234400034,79.0,Unknown,2022-03-10,12.0,False,2023-03-10,1,BOAMP:23-87870,15.51,0.7271,0.4638,1.0,True,0.7078,attribution_award_date,sentence_transformers,OUVERT,SERVICES,0,0,0,139000.0,0.7271,0.5692,0.15789999999999993,19,False,True
BOAMP:21-142703,NAME:chambre reg agri pays de la loire,72.0,Digital Workplace & Collaboration,2021-10-27,18.0,False,2023-04-27,0,,38.14,,,,,,publication_date,none,OUVERT,SERVICES,0,0,0,300000.0,,,,0,False,False
BOAMP:21-144079,NAME:ecole national sup d arts et metiers,32.0,Telecom & Networks,2021-10-28,24.0,False,2023-10-28,0,,38.11,,,,,,publication_date,none,OUVERT,FOURNITURES,0,0,0,,,,,0,False,False
BOAMP:21-139944,SIREN:200067346,30.0,IT Hardware & Equipment,2022-01-24,24.0,False,2024-01-24,0,,35.22,,,,,,attribution_award_date,none,OUVERT,FOURNITURES,0,0,0,,,,,0,False,False
BOAMP:21-146075,SIREN:214402042,72.0,IT Services & Consulting,2021-10-31,24.0,False,2023-10-31,0,,38.01,,,,,,publication_date,none,OUVERT,SERVICES,0,0,0,1200000.0,,,,0,False,False
BOAMP:21-148591,SIREN:200083392,32.0,Telecom & Networks,2021-11-10,6.0,False,2022-05-11,0,,37.68,,,,,,publication_date,none,OUVERT,FOURNITURES,0,0,0,,,,,0,False,False
BOAMP:21-148611,SIREN:247200132,39.0,Unknown,2022-02-14,4.0,False,2022-06-15,1,BOAMP:22-105384,11.63,0.8341,0.9031,1.0,True,0.3642,attribution_award_date,sentence_transformers,OUVERT,FOURNITURES,0,0,0,,0.8341,0.3974,0.4367,4,False,True
BOAMP:21-150615,SIREN:832970024,72.0,IT Services & Consulting,2021-11-14,12.0,False,2022-11-14,0,,37.55,,,,,,publication_date,none,OUVERT,SERVICES,0,0,0,,,,,0,False,False
BOAMP:21-152470,SIREN:214401093,32.0,Telecom & Networks,2021-11-17,24.0,False,2023-11-17,1,BOAMP:23-48831,16.79,0.5518,0.4302,0.6,True,0.3989,publication_date,sentence_transformers,PROCEDURE_ADAPTE,FOURNITURES,0,0,0,,0.5518,0.471,0.08079999999999998,6,False,False
BOAMP:21-151331,SIREN:831928452,72.0,Digital Workplace & Collaboration,2021-11-17,12.0,False,2022-11-17,0,,37.45,,,,,,publication_date,none,OUVERT,SERVICES,0,0,0,180000.0,,,,0,False,False
BOAMP:21-153244,SIREN:180043010,30.0,IT Hardware & Equipment,2021-11-20,24.0,False,2023-11-20,1,BOAMP:23-89292,19.25,0.3923,0.3036,0.0,True,0.6042,publication_date,sentence_transformers,OUVERT,FOURNITURES,0,0,0,,0.3923,0.3457,0.046599999999999975,2,False,False
BOAMP:21-155430,NAME:gpm de nantes st nazaire,48.0,Software & Applications,2021-11-26,8.0,False,2022-07-27,1,BOAMP:23-42045,16.1,0.5146,0.4988,0.4,True,0.3252,publication_date,sentence_transformers,NEGOCIE,FOURNITURES,0,0,0,460000.0,0.5146,0.4617,0.05289999999999995,5,False,False
BOAMP:21-161507,NAME:sydela,32.0,Telecom & Networks,2022-01-27,24.0,False,2024-01-27,0,,35.12,,,,,,attribution_award_date,none,PROCEDURE_ADAPTE,,0,0,0,,,,,0,False,False
BOAMP:21-159075,SIREN:535164412,45.0,Unknown,2022-06-07,24.0,False,2024-06-06,0,,30.81,,,,,,attribution_award_date,none,RESTREINT,TRAVAUX,0,0,0,,,,,0,False,False
BOAMP:21-161904,NAME:cd 44,72.0,IT Maintenance & Support,2022-03-09,12.0,False,2023-03-09,1,BOAMP:22-90329,11.5,0.9126,0.8023,1.0,True,0.9582,attribution_award_date,sentence_transformers,OUVERT,SERVICES,0,0,0,,0.9126,,,1,True,False
BOAMP:21-170353,NAME:le mans,48.0,Software & Applications,2022-06-02,12.0,False,2023-06-02,1,BOAMP:22-148365,11.99,0.499,0.373,0.0,True,0.9992,attribution_award_date,sentence_transformers,OUVERT,FOURNITURES,0,0,0,537500.0,0.499,0.4665,0.03249999999999997,4,False,False
BOAMP:22-13142,SIREN:234400034,72.0,IT Services & Consulting,2022-07-11,12.0,False,2023-07-11,1,BOAMP:23-63763,10.02,0.5682,0.5029,0.2,True,0.835,attribution_award_date,sentence_transformers,OUVERT,SERVICES,0,0,0,,0.5682,0.5588,0.009400000000000075,12,False,False
BOAMP:22-15926,NAME:la garnache,32.0,Telecom & Networks,2022-01-31,3.0,False,2022-05-02,0,,34.99,,,,,,publication_date,none,OUVERT,FOURNITURES,0,0,0,,,,,0,False,False
BOAMP:22-12758,SIREN:532458809,35.0,Cybersecurity,2022-06-17,12.0,False,2023-06-17,1,BOAMP:23-47137,13.04,0.6966,0.7849,0.2,True,0.9132,attribution_award_date,sentence_transformers,OUVERT,FOURNITURES,0,0,0,200000.0,0.6966,0.3974,0.2992,2,False,False
BOAMP:22-15069,SIREN:244900015,32.0,Telecom & Networks,2022-05-13,12.0,False,2023-05-13,1,BOAMP:23-159290,18.66,0.4537,0.5367,0.0,True,0.445,attribution_award_date,sentence_transformers,OUVERT,FOURNITURES,0,0,0,800000.0,0.4537,0.4457,0.008000000000000007,4,False,False
BOAMP:22-21573,NAME:nantes metropole,72.0,GIS & Mapping,2022-02-10,8.0,False,2022-10-11,1,BOAMP:22-111359,6.27,0.6131,0.6048,0.2,True,0.8562,publication_date,sentence_transformers,OUVERT,SERVICES,0,0,0,,0.6131,0.6105,0.0025999999999999357,18,False,False
BOAMP:22-25102,SIREN:234400034,48.0,Software & Applications,2022-02-19,12.0,False,2023-02-19,1,BOAMP:22-150264,8.67,0.5685,0.5598,0.2,True,0.7227,publication_date,sentence_transformers,OUVERT,FOURNITURES,0,0,0,,0.5685,0.5554,0.0131,17,False,False
BOAMP:22-24902,SIREN:244900015,48.0,Cloud & Infrastructure,2022-02-21,7.0,False,2022-09-22,1,BOAMP:22-162609,9.56,0.5496,0.3556,0.4,True,0.7867,publication_date,sentence_transformers,RESTREINT,TRAVAUX,0,0,0,,0.5496,0.4989,0.05069999999999997,6,False,False
BOAMP:22-28144,SIREN:546650169,72.0,IT Services & Consulting,2022-02-23,12.0,False,2023-02-23,1,BOAMP:22-93332,7.06,0.7397,0.555,1.0,True,0.5886,publication_date,sentence_transformers,OUVERT,SERVICES,0,0,0,,0.7397,,,1,True,False
BOAMP:22-28887,NAME:soc publique reg abe de fontevraud,32.0,Telecom & Networks,2022-04-22,4.0,False,2022-08-21,1,BOAMP:23-31948,10.61,0.7398,1.0,0.4,True,0.4491,attribution_award_date,sentence_transformers,OUVERT,FOURNITURES,0,0,0,,0.7398,,,1,True,False
BOAMP:22-30678,SIREN:225300011,72.0,Data & AI,2022-03-01,12.0,False,2023-03-01,1,BOAMP:22-162095,9.3,0.5621,0.5179,0.2,True,0.7747,publication_date,sentence_transformers,OUVERT,SERVICES,0,0,0,,0.5621,0.5316,0.030500000000000083,9,False,False
BOAMP:22-29878,SIREN:234400034,48.0,Software & Applications,2022-07-11,12.0,False,2023-07-11,1,BOAMP:23-104062,12.39,0.4974,0.3845,0.0,True,0.9679,attribution_award_date,sentence_transformers,OUVERT,FOURNITURES,0,0,0,,0.4974,0.4897,0.007699999999999985,12,False,False
BOAMP:22-32770,SIREN:234400034,48.0,Software & Applications,2022-03-05,12.0,False,2023-03-05,1,BOAMP:22-150264,8.21,0.4887,0.3795,0.2,True,0.6844,publication_date,sentence_transformers,OUVERT,FOURNITURES,0,0,0,,0.4887,0.4859,0.0028000000000000247,11,False,False
BOAMP:22-35887,SIREN:200067635,45.0,Telecom & Networks,2022-06-21,12.0,False,2023-06-21,1,BOAMP:23-153863,16.39,0.3899,0.2828,0.0,True,0.6339,attribution_award_date,sentence_transformers,OUVERT,TRAVAUX,0,0,1,,0.3899,,,1,True,False
BOAMP:22-38732,NAME:crous de nantes,72.0,IT Services & Consulting,2022-05-20,12.0,False,2023-05-20,0,,31.41,,,,,,attribution_award_date,none,OUVERT,SERVICES,0,0,0,,,,,0,False,False
BOAMP:22-39639,SIREN:225300011,72.0,Digital Workplace & Collaboration,2022-03-17,12.0,False,2023-03-17,1,BOAMP:22-162095,8.77,0.6034,0.5181,0.4,True,0.7309,publication_date,sentence_transformers,OUVERT,SERVICES,0,0,0,,0.6034,0.5399,0.0635,7,False,False
BOAMP:22-38397,SIREN:130023435,72.0,IT Services & Consulting,2022-03-17,12.0,False,2023-03-17,0,,33.51,,,,,,publication_date,none,OUVERT,SERVICES,0,0,0,,,,,0,False,False
BOAMP:22-41063,SIREN:213500515,18.0,Unknown,2022-06-17,12.0,False,2023-06-17,1,BOAMP:23-165823,17.35,0.4143,0.3836,0.0,True,0.5545,attribution_award_date,sentence_transformers,OUVERT,FOURNITURES,0,0,0,,0.4143,0.35,0.06430000000000002,2,False,False
BOAMP:22-51860,SIREN:228500013,72.0,IT Services & Consulting,2022-08-12,12.0,False,2023-08-12,1,BOAMP:23-41648,7.49,0.5344,0.5238,0.2,True,0.6242,attribution_award_date,sentence_transformers,OUVERT,SERVICES,0,0,0,,0.5344,0.5056,0.028799999999999937,6,False,False
BOAMP:22-52158,NAME:cd 44,72.0,IT Services & Consulting,2022-04-11,19.0,False,2023-11-10,1,BOAMP:22-90329,10.41,0.4538,0.4922,0.2,True,0.2845,publication_date,sentence_transformers,OUVERT,SERVICES,0,0,0,,0.4538,,,1,True,False
BOAMP:22-55032,NAME:cd 44,72.0,IT Services & Consulting,2022-04-17,12.0,False,2023-04-17,1,BOAMP:22-90329,10.22,0.5266,0.3908,0.2,True,0.8514,publication_date,sentence_transformers,OUVERT,SERVICES,0,0,0,,0.5266,,,1,True,False
BOAMP:22-58525,NAME:communes de nozay,72.0,IT Services & Consulting,2022-09-09,18.0,False,2024-03-09,0,,27.73,,,,,,attribution_award_date,none,OUVERT,SERVICES,0,0,0,14650.0,,,,0,False,False
BOAMP:22-61807,NAME:cd 44,72.0,IT Services & Consulting,2022-04-29,12.0,False,2023-04-29,1,BOAMP:22-90329,9.82,0.5406,0.4423,0.2,True,0.8186,publication_date,sentence_transformers,OUVERT,SERVICES,0,0,0,,0.5406,,,1,True,False
BOAMP:22-64560,NAME:insee,72.0,Cybersecurity,2022-08-16,12.0,False,2023-08-16,0,,28.52,,,,,,attribution_award_date,none,OUVERT,SERVICES,0,0,0,300000.0,,,,0,False,False
BOAMP:22-66076,NAME:le mans,32.0,Telecom & Networks,2022-05-11,12.0,False,2023-05-11,1,BOAMP:22-148365,12.71,0.508,0.4249,0.0,True,0.9405,publication_date,sentence_transformers,OUVERT,FOURNITURES,0,0,0,600000.0,0.508,0.4916,0.016400000000000026,6,False,False
BOAMP:22-69458,NAME:le mans,32.0,Telecom & Networks,2022-10-19,12.0,False,2023-10-19,1,BOAMP:23-105797,12.84,0.467,0.3276,0.0,True,0.9296,attribution_award_date,sentence_transformers,OUVERT,FOURNITURES,0,0,0,600000.0,0.467,0.4503,0.016700000000000048,4,False,False
BOAMP:22-72719,SIREN:532458809,35.0,Cybersecurity,2022-08-04,12.0,False,2023-08-04,1,BOAMP:23-47137,11.47,0.7532,0.9052,0.2,True,0.9554,attribution_award_date,sentence_transformers,OUVERT,FOURNITURES,0,0,0,100000.0,0.7532,0.451,0.30219999999999997,2,False,True
BOAMP:22-73696,NAME:ville du mans,18.0,Telecom & Networks,2022-08-16,12.0,False,2023-08-16,1,BOAMP:23-83529,10.05,0.4521,0.3363,0.0,True,0.8377,attribution_award_date,sentence_transformers,OUVERT,FOURNITURES,0,0,0,,0.4521,0.3711,0.08100000000000002,4,False,False
BOAMP:22-78731,SIREN:214400558,18.0,Unknown,2022-06-05,12.0,False,2023-06-05,1,BOAMP:23-165206,17.71,0.4313,0.4411,0.0,True,0.5244,publication_date,sentence_transformers,OUVERT,FOURNITURES,0,0,0,100000.0,0.4313,,,1,True,False
BOAMP:22-87982,SIREN:264400136,72.0,IT Services & Consulting,2022-06-23,12.0,False,2023-06-23,1,BOAMP:23-65504,10.68,0.5336,0.2643,0.4,True,0.8897,publication_date,sentence_transformers,OUVERT,FOURNITURES,0,0,0,,0.5336,0.5146,0.019000000000000017,6,False,False
BOAMP:22-90330,SIREN:860800077,72.0,IT Maintenance & Support,2022-06-30,12.0,False,2023-06-30,0,,30.06,,,,,,publication_date,none,OUVERT,SERVICES,0,0,0,,,,,0,False,False
BOAMP:22-90329,NAME:cd 44,72.0,IT Maintenance & Support,2023-02-22,12.0,False,2024-02-22,0,,22.27,,,,,,attribution_award_date,none,NEGOCIE,SERVICES,0,0,1,,,,,0,False,False
BOAMP:22-93332,SIREN:546650169,72.0,IT Services & Consulting,2022-09-26,12.0,False,2023-09-26,0,,27.17,,,,,,attribution_award_date,none,OUVERT,SERVICES,0,0,0,,,,,0,False,False
BOAMP:22-94809,NAME:com d agglo reg nazairienne estuaire,48.0,Software & Applications,2022-12-06,6.0,False,2023-06-06,1,BOAMP:23-113446,10.41,0.6087,0.4557,0.6,True,0.6322,attribution_award_date,sentence_transformers,OUVERT,FOURNITURES,0,0,0,,0.6087,0.5691,0.03959999999999997,2,False,False
BOAMP:22-95015,SIREN:234400034,32.0,Telecom & Networks,2022-07-09,12.0,False,2023-07-09,1,BOAMP:23-104062,12.45,0.6636,0.4278,0.6,True,0.9624,publication_date,sentence_transformers,OUVERT,FOURNITURES,0,0,0,,0.6636,0.5442,0.11939999999999995,11,False,False
BOAMP:22-95969,SIREN:194909701,32.0,Telecom & Networks,2022-07-10,6.0,False,2023-01-08,1,BOAMP:22-150817,8.64,0.5613,0.2632,0.6,True,0.78,publication_date,sentence_transformers,OUVERT,FOURNITURES,0,0,0,,0.5613,0.2696,0.2917,2,False,False
BOAMP:22-99915,NAME:ctre hosp universitaire angers,45.0,Cloud & Infrastructure,2023-01-01,12.0,False,2024-01-01,1,BOAMP:23-52464,7.06,0.5169,0.623,0.0,True,0.5886,attribution_award_date,sentence_transformers,OUVERT,TRAVAUX,0,0,0,,0.5169,0.4769,0.040000000000000036,2,False,False
BOAMP:22-102191,NAME:rectorat division scus,32.0,Telecom & Networks,2022-07-24,1.0,False,2022-08-23,0,,29.27,,,,,,publication_date,none,OUVERT,FOURNITURES,0,0,0,,,,,0,False,False
BOAMP:22-102718,SIREN:200078079,72.0,IT Services & Consulting,2022-11-28,12.0,False,2023-11-28,0,,25.1,,,,,,attribution_award_date,none,OUVERT,SERVICES,0,0,0,,,,,0,False,False
BOAMP:22-112462,NAME:semitan,72.0,IT Services & Consulting,2022-08-17,3.0,False,2022-11-16,1,BOAMP:22-141031,7.59,0.5254,0.5047,0.2,True,0.6176,publication_date,sentence_transformers,OUVERT,SERVICES,0,0,0,,0.5254,0.5024,0.02300000000000002,4,False,False
BOAMP:22-118541,NAME:dgac dsna,72.0,IT Services & Consulting,2022-09-02,12.0,False,2023-09-02,0,,27.96,,,,,,publication_date,none,OUVERT,SERVICES,0,0,0,,,,,0,False,False
BOAMP:22-120791,SIREN:244900015,32.0,Telecom & Networks,2022-09-11,12.0,False,2023-09-11,1,BOAMP:23-159290,14.68,0.4042,0.2474,0.0,True,0.7763,publication_date,sentence_transformers,OUVERT,FOURNITURES,0,0,0,300000.0,0.4042,0.4014,0.0028000000000000247,2,False,False
BOAMP:22-123056,NAME:de loire atlanti,72.0,IT Services & Consulting,2023-02-09,12.0,False,2024-02-09,1,BOAMP:23-166646,9.63,0.5467,0.4658,0.2,True,0.8021,attribution_award_date,sentence_transformers,OUVERT,SERVICES,0,0,0,1000000.0,0.5467,0.4804,0.06629999999999997,5,False,False
BOAMP:22-126881,NAME:de loire atlanti,32.0,Telecom & Networks,2022-09-21,12.0,False,2023-09-21,1,BOAMP:23-163699,14.03,0.5051,0.4724,0.0,True,0.831,publication_date,sentence_transformers,OUVERT,FOURNITURES,0,0,0,,0.5051,0.4533,0.05180000000000001,2,False,False
BOAMP:22-128177,SIREN:451518641,72.0,IT Services & Consulting,2022-12-13,12.0,False,2023-12-13,1,BOAMP:23-41937,6.44,0.4992,0.4798,0.2,True,0.5366,attribution_award_date,sentence_transformers,OUVERT,SERVICES,0,0,0,,0.4992,,,1,True,False
BOAMP:22-134715,NAME:de loire atlanti,48.0,Software & Applications,2022-10-07,12.0,False,2023-10-07,1,BOAMP:23-163699,13.5,0.4805,0.3889,0.0,True,0.8748,publication_date,sentence_transformers,OUVERT,FOURNITURES,0,0,0,,0.4805,0.4744,0.006099999999999994,2,False,False
BOAMP:22-141252,SIREN:180043010,72.0,Digital Workplace & Collaboration,2022-10-20,12.0,False,2023-10-20,1,BOAMP:23-89292,8.28,0.6789,0.3522,1.0,True,0.6899,publication_date,sentence_transformers,OUVERT,SERVICES,0,0,0,,0.6789,0.3524,0.32649999999999996,2,False,False
BOAMP:22-141594,SIREN:244900015,72.0,IT Services & Consulting,2022-10-21,12.0,False,2023-10-21,1,BOAMP:23-23753,12.75,0.5157,0.3204,0.2,True,0.9378,publication_date,sentence_transformers,OUVERT,SERVICES,0,0,0,,0.5157,0.4736,0.042100000000000026,5,False,False
BOAMP:22-144511,NAME:ubs,38.0,Unknown,2022-10-28,6.0,False,2023-04-28,1,BOAMP:23-98709,8.51,0.4061,0.2449,0.0,True,0.791,publication_date,sentence_transformers,OUVERT,FOURNITURES,0,0,0,,0.4061,,,1,True,False
BOAMP:22-148365,NAME:le mans,50.0,Unknown,2023-06-02,12.0,False,2024-06-01,1,BOAMP:23-168941,6.14,0.3402,0.2195,0.0,True,0.5119,attribution_award_date,sentence_transformers,OUVERT,SERVICES,0,0,0,264000.0,0.3402,,,1,True,False
BOAMP:22-150567,NAME:geves,35.0,Cybersecurity,2022-11-12,12.0,False,2023-11-12,0,,25.62,,,,,,publication_date,none,OUVERT,FOURNITURES,0,0,0,160000.0,,,,0,False,False
BOAMP:22-153148,SIREN:234400034,72.0,IT Services & Consulting,2022-11-19,5.0,False,2023-04-20,1,BOAMP:23-73693,6.41,0.5899,0.5332,0.2,True,0.8828,publication_date,sentence_transformers,OUVERT,SERVICES,0,0,0,,0.5899,0.5313,0.058599999999999985,7,False,False
BOAMP:22-162609,SIREN:244900015,48.0,Software & Applications,2022-12-09,12.0,False,2023-12-09,1,BOAMP:23-23753,11.14,0.5363,0.5017,0.0,True,0.9281,publication_date,sentence_transformers,OUVERT,FOURNITURES,0,0,0,,0.5363,0.5105,0.025800000000000045,6,False,False
BOAMP:22-162095,SIREN:225300011,72.0,IT Services & Consulting,2022-12-09,12.0,False,2023-12-09,1,BOAMP:23-66104,9.13,0.7039,0.6291,0.6,True,0.7611,publication_date,sentence_transformers,OUVERT,SERVICES,0,0,0,,0.7039,0.6444,0.0595,9,False,True
BOAMP:22-165707,NAME:le mans,72.0,Cybersecurity,2022-12-15,12.0,False,2023-12-15,1,BOAMP:23-105797,10.97,0.5487,0.4146,0.2,True,0.9144,publication_date,sentence_transformers,OUVERT,SERVICES,0,0,0,,0.5487,0.5087,0.039999999999999925,3,False,False
BOAMP:22-166133,NAME:gie des epl de vendee,48.0,Software & Applications,2022-12-18,12.0,False,2023-12-18,1,BOAMP:23-135203,9.33,0.4983,0.4821,0.0,True,0.7775,publication_date,sentence_transformers,OUVERT,FOURNITURES,0,0,0,,0.4983,,,1,True,False
BOAMP:22-166149,NAME:gie des epl de vendee,48.0,Software & Applications,2023-02-20,2.0,False,2023-04-21,0,,22.34,,,,,,attribution_award_date,none,OUVERT,FOURNITURES,0,0,0,,,,,0,False,False
BOAMP:23-12742,NAME:ubs,43.0,Unknown,2023-01-28,4.0,False,2023-05-29,0,,23.09,,,,,,publication_date,none,OUVERT,FOURNITURES,0,0,0,15000.0,,,,0,False,False
BOAMP:23-30054,SIREN:224900019,35.0,Cybersecurity,2023-03-07,3.0,False,2023-06-06,0,,21.85,,,,,,publication_date,none,OUVERT,TRAVAUX,0,0,0,,,,,0,False,False
BOAMP:23-31948,NAME:soc publique reg abe de fontevraud,32.0,Telecom & Networks,2023-03-11,4.0,False,2023-07-10,0,,21.71,,,,,,publication_date,none,OUVERT,FOURNITURES,0,0,0,,,,,0,False,False
BOAMP:23-48831,SIREN:214401093,32.0,Telecom & Networks,2023-04-12,6.0,False,2023-10-11,1,BOAMP:24-33685,11.33,0.5343,0.683,0.0,True,0.5555,publication_date,sentence_transformers,OUVERT,SERVICES,0,0,0,,0.5343,0.3584,0.1759,3,False,False
BOAMP:23-56091,NAME:ubs,32.0,Telecom & Networks,2023-04-26,4.0,False,2023-08-25,0,,20.2,,,,,,publication_date,none,OUVERT,FOURNITURES,0,0,0,150000.0,,,,0,False,False
BOAMP:23-98097,SIREN:200071900,48.0,Software & Applications,2023-07-11,3.0,False,2023-10-10,0,,17.71,,,,,,publication_date,none,OUVERT,SERVICES,0,0,0,,,,,0,False,False
BOAMP:23-137061,SIREN:214400434,32.0,Telecom & Networks,2023-10-03,2.0,False,2023-12-02,0,,14.95,,,,,,publication_date,none,OUVERT,FOURNITURES,0,0,0,,,,,0,False,False
